group_id,mouse,line,depth_class,cohort,compartment,unit_id,n_awake_trials,median_pupil_coverage,f0_vs_pupil_rho,f0_vs_speed_rho,f0_vs_respiration_rho
186,m472,DAT,na,DAT,units,r1,108,0.2536231884057971,,-0.14740667903496535,-0.1883116883116883
186,m472,DAT,na,DAT,units,r2,108,0.2536231884057971,,0.19204798687932562,-0.2532467532467532
186,m472,DAT,na,DAT,units,r3,108,0.2536231884057971,,-0.034361902053916385,0.011688311688311687
186,m472,DAT,na,DAT,units,r4,108,0.2536231884057971,,-0.25547431116585056,-0.18961038961038962
186,m472,DAT,na,DAT,units,r5,108,0.2536231884057971,,-0.0969658738772058,0.07922077922077922
186,m472,DAT,na,DAT,units,r6,108,0.2536231884057971,,0.017379367464308623,0.02077922077922078
186,m472,DAT,na,DAT,units,r7,108,0.2536231884057971,,-0.31583115707215925,-0.4922077922077922
186,m472,DAT,na,DAT,units,r8,108,0.2536231884057971,,-0.10237331943487653,0.12207792207792208
186,m472,DAT,na,DAT,units,r9,108,0.2536231884057971,,-0.008261773584133505,0.08571428571428572
186,m472,DAT,na,DAT,units,r10,108,0.2536231884057971,,0.09020537165037434,0.09220779220779221
186,m472,DAT,na,DAT,units,r11,108,0.2536231884057971,,-0.08734148138596695,-0.17792207792207793
186,m472,DAT,na,DAT,units,r12,108,0.2536231884057971,,0.06453076276912612,-0.2753246753246753
186,m472,DAT,na,DAT,units,r13,108,0.2536231884057971,,0.004398629454515524,-0.1961038961038961
186,m472,DAT,na,DAT,units,j2,108,0.2536231884057971,,0.06269003196479082,-0.37532467532467534
186,m472,DAT,na,DAT,units,r15,108,0.2536231884057971,,0.09631564169697308,-0.04935064935064935
186,m472,DAT,na,DAT,units,r16,108,0.2536231884057971,,0.024345457806948963,0.025974025974025972
186,m472,DAT,na,DAT,units,r17,108,0.2536231884057971,,-0.008921568002310835,0.04805194805194805
186,m472,DAT,na,DAT,units,j5,108,0.2536231884057971,,-0.05712002836206192,0.029870129870129873
186,m472,DAT,na,DAT,units,r20,108,0.2536231884057971,,-0.17764725653475957,-0.12337662337662336
186,m472,DAT,na,DAT,units,r21,108,0.2536231884057971,,-0.14004853693659644,-0.20649350649350648
186,m472,DAT,na,DAT,units,r22,108,0.2536231884057971,,0.14289330272511463,-0.01818181818181818
186,m472,DAT,na,DAT,units,r23,108,0.2536231884057971,,0.11344639097472213,0.062337662337662345
186,m472,DAT,na,DAT,units,r24,108,0.2536231884057971,,-0.11040559930833965,0.15844155844155844
186,m472,DAT,na,DAT,units,r25,108,0.2536231884057971,,-0.03939163921277544,-0.5636363636363637
186,m472,DAT,na,DAT,units,r26,108,0.2536231884057971,,-0.15104032945391296,-0.42727272727272725
186,m472,DAT,na,DAT,units,r27,108,0.2536231884057971,,-0.030484414567381497,-0.05844155844155843
186,m472,DAT,na,DAT,units,j1,108,0.2536231884057971,,0.037565251765357036,-0.031168831168831172
186,m472,DAT,na,DAT,units,r29,108,0.2536231884057971,,0.07997855816862574,-0.011688311688311687
186,m472,DAT,na,DAT,units,r30,108,0.2536231884057971,,-0.047964185530108415,-0.36103896103896105
186,m472,DAT,na,DAT,units,r31,108,0.2536231884057971,,0.14910875738910395,-0.03766233766233767
186,m472,DAT,na,DAT,units,r32,108,0.2536231884057971,,0.04099809518746806,-0.5220779220779221
186,m472,DAT,na,DAT,units,r33,108,0.2536231884057971,,-0.09032968074365412,-0.17272727272727273
186,m472,DAT,na,DAT,units,r34,108,0.2536231884057971,,-0.05908028714070471,0.023376623376623374
186,m472,DAT,na,DAT,units,r35,108,0.2536231884057971,,-0.04521982324000851,-0.21038961038961035
186,m472,DAT,na,DAT,units,r37,108,0.2536231884057971,,0.1407704859014137,0.0
186,m472,DAT,na,DAT,units,r38,108,0.2536231884057971,,-0.06153300117349434,0.17792207792207793
186,m472,DAT,na,DAT,units,j3,108,0.2536231884057971,,0.05100975831546318,-0.16103896103896104
186,m472,DAT,na,DAT,units,r41,108,0.2536231884057971,,0.03691501958512431,-0.04935064935064935
186,m472,DAT,na,DAT,units,r42,108,0.2536231884057971,,-0.09274892694363766,-0.022077922077922082
186,m472,DAT,na,DAT,units,r43,108,0.2536231884057971,,-0.02200270951052222,-0.6363636363636362
186,m472,DAT,na,DAT,units,r44,108,0.2536231884057971,,-0.07467629722834562,-0.015584415584415586
186,m472,DAT,na,DAT,units,r45,108,0.2536231884057971,,0.024273741022364473,0.0
186,m472,DAT,na,DAT,units,r46,108,0.2536231884057971,,0.007166897339476925,-0.01818181818181818
186,m472,DAT,na,DAT,units,r47,108,0.2536231884057971,,0.20418724794999402,-0.2584415584415584
186,m472,DAT,na,DAT,units,r48,108,0.2536231884057971,,-0.23711959543119282,-0.2025974025974026
186,m472,DAT,na,DAT,units,r50,108,0.2536231884057971,,0.12625022758254015,-0.032467532467532464
186,m472,DAT,na,DAT,units,r51,108,0.2536231884057971,,0.08204400156465912,0.1077922077922078
186,m472,DAT,na,DAT,units,r52,108,0.2536231884057971,,0.0323203642527445,-0.3766233766233766
186,m472,DAT,na,DAT,units,r53,108,0.2536231884057971,,0.10892823354589912,0.13766233766233765
186,m472,DAT,na,DAT,units,r54,108,0.2536231884057971,,-0.15400940433571092,-0.08441558441558442
186,m472,DAT,na,DAT,units,r55,108,0.2536231884057971,,0.017321994036641024,-0.33246753246753247
186,m472,DAT,na,DAT,units,r56,108,0.2536231884057971,,-0.1949453449765391,-0.4714285714285714
186,m472,DAT,na,DAT,units,r57,108,0.2536231884057971,,-0.23357200515374663,-0.6870129870129871
186,m472,DAT,na,DAT,units,r58,108,0.2536231884057971,,0.03711104546298858,-0.3818181818181818
186,m472,DAT,na,DAT,units,r59,108,0.2536231884057971,,-0.05052208418028864,-0.38571428571428573
186,m472,DAT,na,DAT,units,j4,108,0.2536231884057971,,-0.18637279865920614,-0.17792207792207793
186,m472,DAT,na,DAT,units,j6,108,0.2536231884057971,,-0.04391935887954305,-0.07272727272727272
186,m472,DAT,na,DAT,units,r62,108,0.2536231884057971,,-0.20358004584051198,-0.5220779220779221
186,m472,DAT,na,DAT,units,r63,108,0.2536231884057971,,-0.07376788462360871,0.05584415584415584
186,m472,DAT,na,DAT,units,r64,108,0.2536231884057971,,-0.27106075901554694,-0.34935064935064936
186,m472,DAT,na,DAT,units,r65,108,0.2536231884057971,,0.09567497175468495,-0.1155844155844156
186,m472,DAT,na,DAT,units,r66,108,0.2536231884057971,,0.2828031872115144,-0.20129870129870128
186,m472,DAT,na,DAT,units,r67,108,0.2536231884057971,,0.24702129282282506,-0.22207792207792207
186,m472,DAT,na,DAT,units,r68,108,0.2536231884057971,,-0.18406829931455782,-0.41038961038961036
186,m472,DAT,na,DAT,units,r69,108,0.2536231884057971,,0.07362923217341204,-0.06103896103896104
186,m472,DAT,na,DAT,units,r70,108,0.2536231884057971,,0.005584346959645796,-0.35974025974025975
186,m472,DAT,na,DAT,units,j7,108,0.2536231884057971,,0.019220098268643918,-0.35974025974025975
186,m472,DAT,na,DAT,units,r72,108,0.2536231884057971,,-0.022590787144115054,-0.2701298701298701
186,m472,DAT,na,DAT,units,r73,108,0.2536231884057971,,-0.1286312248307453,-0.016883116883116882
186,m472,DAT,na,DAT,units,r75,108,0.2536231884057971,,0.13976645091723078,0.05844155844155843
186,m472,DAT,na,DAT,units,r76,108,0.2536231884057971,,-0.12146910861024067,-0.3363636363636363
186,m472,DAT,na,DAT,units,r77,108,0.2536231884057971,,-0.02893533202035647,-0.2038961038961039
186,m472,DAT,na,DAT,units,r78,108,0.2536231884057971,,-0.016762603116881984,0.03896103896103896
186,m472,DAT,na,DAT,units,r79,108,0.2536231884057971,,0.1432757922428986,-0.03636363636363636
186,m472,DAT,na,DAT,units,r80,108,0.2536231884057971,,-0.14899879165274107,-0.4688311688311688
186,m472,DAT,na,DAT,units,r81,108,0.2536231884057971,,-0.21961591887360443,-0.7207792207792209
186,m472,DAT,na,DAT,units,r83,108,0.2536231884057971,,-0.004953239255302264,-0.36363636363636365
186,m472,DAT,na,DAT,units,r84,108,0.2536231884057971,,-0.07445158463664756,-0.01818181818181818
186,m472,DAT,na,DAT,units,r86,108,0.2536231884057971,,0.029236542515611336,-0.23896103896103899
186,m472,DAT,na,DAT,units,r87,108,0.2536231884057971,,-0.11214114549528435,-0.22857142857142856
186,m472,DAT,na,DAT,units,r88,108,0.2536231884057971,,0.09600008784480131,-0.5103896103896104
186,m472,DAT,na,DAT,units,r89,108,0.2536231884057971,,0.1164345903324093,-0.01948051948051948
186,m472,DAT,na,DAT,units,r90,108,0.2536231884057971,,0.09005237584326074,-0.02857142857142857
186,m472,DAT,na,DAT,units,r91,108,0.2536231884057971,,0.1793110859371198,-0.015584415584415586
186,m472,DAT,na,DAT,units,r92,108,0.2536231884057971,,-0.15694501138470285,-0.5415584415584416
186,m472,DAT,na,DAT,units,r93,108,0.2536231884057971,,-0.02735756275949764,0.032467532467532464
186,m472,DAT,na,DAT,units,r94,108,0.2536231884057971,,0.06537223970825082,-0.3233766233766234
186,m472,DAT,na,DAT,units,r95,108,0.2536231884057971,,-0.12437602894539874,-0.39350649350649347
186,m472,DAT,na,DAT,units,r96,108,0.2536231884057971,,0.002385778367177442,-0.12337662337662336
186,m472,DAT,na,DAT,units,r97,108,0.2536231884057971,,-0.1332258801631251,-0.07922077922077922
186,m472,DAT,na,DAT,units,r98,108,0.2536231884057971,,-0.22315394691310605,-0.3571428571428571
186,m472,DAT,na,DAT,units,r99,108,0.2536231884057971,,-0.002921263692074984,-0.29740259740259745
186,m472,DAT,na,DAT,units,r100,108,0.2536231884057971,,-0.27218910309300953,-0.4116883116883117
186,m472,DAT,na,DAT,units,r101,108,0.2536231884057971,,-0.07391609931175,-0.24675324675324672
186,m472,DAT,na,DAT,units,r102,108,0.2536231884057971,,-0.0942836661337458,-0.11168831168831168
186,m472,DAT,na,DAT,units,r103,108,0.2536231884057971,,0.17116405920832148,0.015584415584415586
186,m472,DAT,na,DAT,units,r104,108,0.2536231884057971,,0.01061886523747715,0.02727272727272727
186,m472,DAT,na,DAT,units,r105,108,0.2536231884057971,,-0.07621103641845375,-0.033766233766233764
186,m472,DAT,na,DAT,units,r106,108,0.2536231884057971,,-0.044397470776773,-0.48571428571428565
186,m472,DAT,na,DAT,units,r107,108,0.2536231884057971,,0.2671450225772336,0.02077922077922078
186,m472,DAT,na,DAT,units,r108,108,0.2536231884057971,,0.008051404349352328,0.14155844155844155
186,m472,DAT,na,DAT,units,r109,108,0.2536231884057971,,0.050048753402030986,-0.031168831168831172
186,m472,DAT,na,DAT,units,r110,108,0.2536231884057971,,0.0942884472527181,-0.15454545454545454
186,m472,DAT,na,DAT,units,r111,108,0.2536231884057971,,-0.09214650595312793,-0.4168831168831169
186,m472,DAT,na,DAT,units,r112,108,0.2536231884057971,,-0.17595474041856557,-0.49610389610389616
186,m472,DAT,na,DAT,units,r113,108,0.2536231884057971,,-0.05901813259406481,-0.10259740259740259
186,m472,DAT,na,DAT,units,r114,108,0.2536231884057971,,0.05596299757076544,-0.14935064935064934
186,m472,DAT,na,DAT,units,r115,108,0.2536231884057971,,0.16664590177949845,-0.24155844155844156
186,m472,DAT,na,DAT,units,r116,108,0.2536231884057971,,0.1691416458830388,-0.2532467532467532
186,m472,DAT,na,DAT,units,r117,108,0.2536231884057971,,0.17064769835931315,-0.31428571428571433
186,m472,DAT,na,DAT,units,r118,108,0.2536231884057971,,-0.0073963910501473,-0.3701298701298701
186,m472,DAT,na,DAT,units,r119,108,0.2536231884057971,,-0.1191311414327862,-0.6220779220779221
186,m472,DAT,na,DAT,units,r120,108,0.2536231884057971,,0.051573930354194525,0.016883116883116882
186,m472,DAT,na,DAT,units,r121,108,0.2536231884057971,,-0.04325478334239342,-0.36233766233766235
186,m472,DAT,na,DAT,units,r122,108,0.2536231884057971,,-0.11887774212725434,-0.4246753246753247
186,m472,DAT,na,DAT,units,r123,108,0.2536231884057971,,-0.05158349259213912,0.10909090909090909
186,m472,DAT,na,DAT,units,r125,108,0.2536231884057971,,0.1746734005339893,-0.32987012987012987
186,m472,DAT,na,DAT,units,r127,108,0.2536231884057971,,-0.0022805937497868533,-0.2311688311688312
186,m472,DAT,na,DAT,units,r128,108,0.2536231884057971,,-0.08405207153302491,-0.21428571428571425
186,m472,DAT,na,DAT,units,r129,108,0.2536231884057971,,0.04043392314873673,-0.1753246753246753
186,m472,DAT,na,DAT,units,r130,108,0.2536231884057971,,-0.21477264535466506,-0.5844155844155844
186,m472,DAT,na,DAT,units,r131,108,0.2536231884057971,,0.26853632819817275,-0.11038961038961038
186,m472,DAT,na,DAT,units,r132,108,0.2536231884057971,,0.15627565472858088,-0.34935064935064936
186,m472,DAT,na,DAT,units,r133,108,0.2536231884057971,,0.0008510391770693079,0.07792207792207792
206,m462,TH,na,TH,units,r1,112,0.0070921985815602835,,0.09154312004178039,0.16002477231561746
206,m462,TH,na,TH,units,r2,112,0.0070921985815602835,,-0.0007366621431265195,0.024712502538718407
206,m462,TH,na,TH,units,r3,112,0.0070921985815602835,,-0.19460729336850463,-0.10995483327977303
206,m462,TH,na,TH,units,r4,112,0.0070921985815602835,,0.05278269913890248,0.13260013028293327
206,m462,TH,na,TH,units,r5,112,0.0070921985815602835,,0.002916668136448603,0.05657480273554512
206,m462,TH,na,TH,units,r6,112,0.0070921985815602835,,-0.04577584294032698,0.01658889731427278
206,m462,TH,na,TH,units,r7,112,0.0070921985815602835,,-0.03131242400231386,0.0023234706845943337
206,m462,TH,na,TH,units,r8,112,0.0070921985815602835,,0.06015788640904123,0.10819087483724094
206,m462,TH,na,TH,units,r9,112,0.0070921985815602835,,0.02782612758077324,0.0925074477162292
206,m462,TH,na,TH,units,r10,112,0.0070921985815602835,,0.1257593634222325,0.2581017159375654
206,m462,TH,na,TH,units,r11,112,0.0070921985815602835,,0.00522516171287415,0.1033730900353615
206,m462,TH,na,TH,units,r12,112,0.0070921985815602835,,0.08617662198749243,0.1968159055455726
206,m462,TH,na,TH,units,r13,112,0.0070921985815602835,,-0.0065956959326444195,0.05730942949611539
206,m462,TH,na,TH,units,r14,112,0.0070921985815602835,,0.03165505755725643,0.07999316627163104
206,m462,TH,na,TH,units,r15,112,0.0070921985815602835,,0.0616740398896621,0.19450097703261282
206,m462,TH,na,TH,units,r16,112,0.0070921985815602835,,-0.05015298660471827,-0.0254855690716441
206,m462,TH,na,TH,units,r17,112,0.0070921985815602835,,0.055009817246029165,0.12902096036806185
206,m462,TH,na,TH,units,r18,112,0.0070921985815602835,,0.045039180797200457,0.12030367421501581
206,m462,TH,na,TH,units,r19,112,0.0070921985815602835,,-0.039505648884877995,-0.07303129638948257
206,m462,TH,na,TH,units,r20,112,0.0070921985815602835,,0.05971674570705268,0.1856043052752415
206,m462,TH,na,TH,units,r21,112,0.0070921985815602835,,-0.030614308134118383,0.09453621347943196
206,m462,TH,na,TH,units,r22,112,0.0070921985815602835,,-0.06898070044881235,0.0013966450622469619
206,m462,TH,na,TH,units,r23,112,0.0070921985815602835,,0.024421206628531474,0.05920579159898282
206,m462,TH,na,TH,units,r24,112,0.0070921985815602835,,0.049566226641879124,0.1486978527282201
206,m462,TH,na,TH,units,r25,112,0.0070921985815602835,,0.09708093487353964,0.16302734564515758
206,m462,TH,na,TH,units,r26,112,0.0070921985815602835,,0.11376290607980587,0.1926814944744562
206,m462,TH,na,TH,units,r27,112,0.0070921985815602835,,-0.035141353978797044,0.05969696646796876
206,m462,TH,na,TH,units,r28,112,0.0070921985815602835,,0.08260895009665295,0.16784085936121973
206,m462,TH,na,TH,units,r29,112,0.0070921985815602835,,-0.032006256951072565,0.0713570307491131
206,m462,TH,na,TH,units,r30,112,0.0070921985815602835,,0.05371209265668419,0.10363789735603218
206,m462,TH,na,TH,units,r31,112,0.0070921985815602835,,0.06503613164753604,0.1254887723971804
206,m462,TH,na,TH,units,r32,112,0.0070921985815602835,,0.02899536458701475,0.10291181276709646
206,m462,TH,na,TH,units,r33,112,0.0070921985815602835,,-0.008351692901725076,-0.012877323739066023
206,m462,TH,na,TH,units,r34,112,0.0070921985815602835,,-0.028746955259681385,0.052705198985099413
206,m462,TH,na,TH,units,r35,112,0.0070921985815602835,,0.05282981125270708,0.14820667785923416
206,m462,TH,na,TH,units,r36,112,0.0070921985815602835,,-0.00039402858818395227,0.07811815959784994
206,m462,TH,na,TH,units,r37,112,0.0070921985815602835,,-0.027594849931187007,0.1188045230931544
206,m462,TH,na,TH,units,r38,112,0.0070921985815602835,,0.04140298219537246,0.09846134134550215
206,m462,TH,na,TH,units,r39,112,0.0070921985815602835,,-0.07925114125821581,0.053747343924513045
206,m462,TH,na,TH,units,r40,112,0.0070921985815602835,,0.03750552550790076,0.1303620813146843
206,m462,TH,na,TH,units,r41,112,0.0070921985815602835,,0.15674628554735093,0.2770354393655189
206,m462,TH,na,TH,units,r42,112,0.0070921985815602835,,0.1304705748026928,0.15559565632310954
206,m462,TH,na,TH,units,r43,112,0.0070921985815602835,,0.07948241890780203,0.23947978177427262
206,m462,TH,na,TH,units,r44,112,0.0070921985815602835,,0.06854384266626057,0.15555294546493686
206,m462,TH,na,TH,units,r45,112,0.0070921985815602835,,-0.03635770309884316,0.06786328255058707
206,m462,TH,na,TH,units,r46,112,0.0070921985815602835,,0.053639283026258894,0.14061695836194713
206,m462,TH,na,TH,units,r47,112,0.0070921985815602835,,0.06445793752357046,0.1969824778924461
206,m462,TH,na,TH,units,r48,112,0.0070921985815602835,,-0.007940532635793994,0.058330219006442675
206,m462,TH,na,TH,units,r49,112,0.0070921985815602835,,0.03668748789547538,0.12587744120655184
206,m462,TH,na,TH,units,r50,112,0.0070921985815602835,,0.0420882493052576,0.1781640737815589
206,m462,TH,na,TH,units,r51,112,0.0070921985815602835,,-0.13056051611086522,-0.06191793109294863
206,m462,TH,na,TH,units,r52,112,0.0070921985815602835,,0.13280904881517583,0.1762847960219605
206,m462,TH,na,TH,units,r53,112,0.0070921985815602835,,-0.04870964275452271,0.11447791316026089
206,m462,TH,na,TH,units,r54,112,0.0070921985815602835,,-0.0028181609894026155,0.11516128689102394
206,m462,TH,na,TH,units,r55,112,0.0070921985815602835,,0.08955156250367673,0.187184607027631
206,m462,TH,na,TH,units,r56,112,0.0070921985815602835,,0.09306355644183803,0.18524980515240816
206,m462,TH,na,TH,units,r57,112,0.0070921985815602835,,0.09563759102334407,0.18539502207019531
206,m462,TH,na,TH,units,r58,112,0.0070921985815602835,,0.05608911294409825,0.16418908098745474
206,m462,TH,na,TH,units,r59,112,0.0070921985815602835,,0.049810353049775706,0.19087055408793416
206,m462,TH,na,TH,units,r60,112,0.0070921985815602835,,-0.1097626593258514,-0.03430109019848731
206,m462,TH,na,TH,units,r61,112,0.0070921985815602835,,0.06887791038232957,0.16913499836385223
206,m462,TH,na,TH,units,r62,112,0.0070921985815602835,,0.07431293514760604,0.2116109468165924
187,m472,DAT,na,DAT,units,r1,112,0.7626050420168067,-0.07292437863564251,0.1395306968751559,0.12535308883782106
187,m472,DAT,na,DAT,units,r2,112,0.7626050420168067,-0.26721311475409837,0.01543561019943209,-0.13855060309264158
187,m472,DAT,na,DAT,units,r3,112,0.7626050420168067,-0.14029613960867265,0.04003289104062064,-0.01822375203147991
187,m472,DAT,na,DAT,units,r4,112,0.7626050420168067,-0.13500793231094657,0.11712070044140357,-0.039901222488868286
187,m472,DAT,na,DAT,units,r5,112,0.7626050420168067,-0.2220518244315177,0.011735704747953516,-0.06029738088268184
187,m472,DAT,na,DAT,units,r6,112,0.7626050420168067,-0.12342675832892648,0.025817691001722713,-0.13803225412146816
187,m472,DAT,na,DAT,units,r7,112,0.7626050420168067,-0.1277102062400846,0.09954507524216157,-0.035305971497229534
187,m472,DAT,na,DAT,units,r8,112,0.7626050420168067,-0.2431517715494447,-0.15796576584942196,-0.13635490014733384
187,m472,DAT,na,DAT,units,r9,112,0.7626050420168067,-0.25520888418826015,0.05638810607932847,-0.09396094328023821
187,m472,DAT,na,DAT,units,j3,112,0.7626050420168067,-0.324748810153358,-0.06129123281584073,-0.09849795281444174
187,m472,DAT,na,DAT,units,j4,112,0.7626050420168067,-0.2994182971972501,-0.07771090613767535,-0.08724570323795751
187,m472,DAT,na,DAT,units,r13,112,0.7626050420168067,-0.2615018508725542,0.09498142879678383,-0.06405977903299696
187,m472,DAT,na,DAT,units,r14,112,0.7626050420168067,-0.36864093072448434,0.07302264034491912,0.14923791053200422
187,m472,DAT,na,DAT,units,r15,112,0.7626050420168067,-0.2894235854045478,-0.000249238694756977,-0.09167787814877763
187,m472,DAT,na,DAT,units,j2,112,0.7626050420168067,0.09360126916975145,-0.0038030387044814588,-0.10604604569804608
187,m472,DAT,na,DAT,units,r17,112,0.7626050420168067,-0.21686938127974612,0.17548552720328736,0.16219081066559685
187,m472,DAT,na,DAT,units,r18,112,0.7626050420168067,-0.3262823902696985,0.10765822447838869,-0.014088608553579386
187,m472,DAT,na,DAT,units,r19,112,0.7626050420168067,-0.20766790058170279,-0.0596754785187955,0.03436245988677899
187,m472,DAT,na,DAT,units,r20,112,0.7626050420168067,-0.27287149656266524,0.021266936212970326,-0.05838123693306316
187,m472,DAT,na,DAT,units,r21,112,0.7626050420168067,-0.2560021152829191,0.02799208375253358,-0.043826696720002015
187,m472,DAT,na,DAT,units,r22,112,0.7626050420168067,-0.3360655737704918,-0.05349607777637252,-0.020710662263963744
187,m472,DAT,na,DAT,units,r23,112,0.7626050420168067,-0.2828133262823902,-0.10378213305303018,-0.14641902399213963
187,m472,DAT,na,DAT,units,j9,112,0.7626050420168067,-0.08159703860391326,0.11972051786085133,-0.044432407877328293
187,m472,DAT,na,DAT,units,r25,112,0.7626050420168067,-0.1748281332628239,-0.041291976171030885,-0.12177706335129862
187,m472,DAT,na,DAT,units,r26,112,0.7626050420168067,-0.1559492332099418,-0.012487718051099569,-0.10910372221339505
187,m472,DAT,na,DAT,units,r27,112,0.7626050420168067,-0.16906398730830247,0.1435185159912675,-0.029912812538728285
187,m472,DAT,na,DAT,units,j1,112,0.7626050420168067,-0.12940243257535694,0.07186668846751176,-0.09068777337237893
187,m472,DAT,na,DAT,units,r29,112,0.7626050420168067,-0.22760444209413006,0.041545512084662985,0.023145155184755885
187,m472,DAT,na,DAT,units,r30,112,0.7626050420168067,-0.1783183500793231,0.1268281178803003,0.0653760359710329
187,m472,DAT,na,DAT,units,j8,112,0.7626050420168067,-0.22829190904283445,0.14517294525818883,-0.054968287527359334
187,m472,DAT,na,DAT,units,r33,112,0.7626050420168067,-0.14056054997355893,0.05086617982479889,-0.007367544365555156
187,m472,DAT,na,DAT,units,r34,112,0.7626050420168067,-0.234690639873083,0.06230107925149401,-0.05832299547562793
187,m472,DAT,na,DAT,units,r35,112,0.7626050420168067,-0.22400846113167633,-0.16579529863989112,-0.046668879842840676
187,m472,DAT,na,DAT,units,r36,112,0.7626050420168067,-0.39582231623479636,-0.1783474749741175,-0.09009371050653968
187,m472,DAT,na,DAT,units,r37,112,0.7626050420168067,0.007879428873611845,-0.1207475531720051,-0.11122953540978052
187,m472,DAT,na,DAT,units,r38,112,0.7626050420168067,-0.15732416710735062,-0.04457075417274767,-0.07985486228942826
187,m472,DAT,na,DAT,units,r40,112,0.7626050420168067,-0.08725542041248016,-0.09526074802366663,0.2486560783739224
187,m472,DAT,na,DAT,units,r41,112,0.7626050420168067,-0.032734003172924374,0.1922060058463804,0.1352774331847823
187,m472,DAT,na,DAT,units,r43,112,0.7626050420168067,-0.07128503437334742,0.12057136719812517,-0.014583660941778744
187,m472,DAT,na,DAT,units,r45,112,0.7626050420168067,-0.23500793231094655,0.27868323848930115,0.31108509659873324
187,m472,DAT,na,DAT,units,j6,112,0.7626050420168067,-0.18360655737704915,0.07682138183052546,-0.040757371913166
187,m472,DAT,na,DAT,units,r47,112,0.7626050420168067,-0.20565838180856685,0.09656280534282809,-0.07315709468437812
187,m472,DAT,na,DAT,units,r49,112,0.7626050420168067,-0.053093601269169746,0.17638794316706263,0.11443281556871755
187,m472,DAT,na,DAT,units,r50,112,0.7626050420168067,-0.20470650449497618,0.10526467356494668,-0.02804326175505777
187,m472,DAT,na,DAT,units,r51,112,0.7626050420168067,-0.22263352723426758,0.043208535789334535,-0.15332646084395657
187,m472,DAT,na,DAT,units,r52,112,0.7626050420168067,-0.29592808038075086,0.11535024626485399,-0.010803790354233057
187,m472,DAT,na,DAT,units,r53,112,0.7626050420168067,-0.35002644103648856,-0.19365416860729598,-0.16567947396596644
187,m472,DAT,na,DAT,units,r54,112,0.7626050420168067,-0.19846641988365943,0.12154253866390234,-0.01623189418719543
187,m472,DAT,na,DAT,units,r55,112,0.7626050420168067,-0.14415653093601266,0.10769689944826476,-0.021438680481903977
187,m472,DAT,na,DAT,units,r56,112,0.7626050420168067,-0.16668429402432572,0.09457319300364739,0.01497387870659471
187,m472,DAT,na,DAT,units,r57,112,0.7626050420168067,-0.42173453199365407,-0.2362052299087371,-0.14038520900185097
187,m472,DAT,na,DAT,units,r58,112,0.7626050420168067,-0.1661554732945531,0.06447117478342974,-0.07026831839559128
187,m472,DAT,na,DAT,units,r59,112,0.7626050420168067,0.028027498677948175,0.11013342255045798,0.08111287777002898
187,m472,DAT,na,DAT,units,r60,112,0.7626050420168067,-0.25272342675832893,0.07410553950144942,0.10718175411803284
187,m472,DAT,na,DAT,units,r62,112,0.7626050420168067,-0.2437863564251718,0.1064764892877306,-0.03956342203574402
187,m472,DAT,na,DAT,units,r64,112,0.7626050420168067,-0.2152829190904283,0.0660052819218477,-0.05046039872187341
187,m472,DAT,na,DAT,units,r65,112,0.7626050420168067,-0.13580116340560547,0.10750352459888435,0.08363473287697396
187,m472,DAT,na,DAT,units,r67,112,0.7626050420168067,-0.03564251718667371,-0.1943589125028157,-0.029778857186627285
187,m472,DAT,na,DAT,units,r68,112,0.7626050420168067,-0.2656266525647805,0.04853278997560858,-0.04849183746056303
187,m472,DAT,na,DAT,units,r69,112,0.7626050420168067,-0.17287149656266523,-0.18544218333694107,-0.1800010483492867
187,m472,DAT,na,DAT,units,r70,112,0.7626050420168067,-0.18276044420941298,0.02620014348160842,-0.1347707325050959
187,m472,DAT,na,DAT,units,r71,112,0.7626050420168067,-0.2116869381279746,0.034932092235852856,0.024618664057866915
187,m472,DAT,na,DAT,units,r72,112,0.7626050420168067,-0.1566367001586462,0.11032679739983839,-0.03391982481027133
187,m472,DAT,na,DAT,units,r73,112,0.7626050420168067,-0.2097831835007932,0.04944380037713408,-0.19161439496186927
187,m472,DAT,na,DAT,units,r74,112,0.7626050420168067,-0.3069275515600211,-0.0447899123353788,-0.06442670021483884
187,m472,DAT,na,DAT,units,r76,112,0.7626050420168067,-0.052934955050237965,-0.23225608576250154,-0.146378254971935
187,m472,DAT,na,DAT,units,r77,112,0.7626050420168067,-0.2639873083024854,0.05367656096912757,-0.06504405966365216
187,m472,DAT,na,DAT,units,r78,112,0.7626050420168067,-0.23030142781597032,-0.034339076031086255,0.19969830925387763
187,m472,DAT,na,DAT,units,r79,112,0.7626050420168067,-0.16774193548387095,-0.034394939876462825,0.028095679066749465
187,m472,DAT,na,DAT,units,r80,112,0.7626050420168067,-0.27572712850343734,-0.05635802554720263,-0.10366979423468915
187,m472,DAT,na,DAT,units,r81,112,0.7626050420168067,-0.14373347435219458,0.012449043081223486,0.025754372477853674
187,m472,DAT,na,DAT,units,r82,112,0.7626050420168067,-0.21819143310417766,0.06444968868905414,0.0604196879432958
187,m472,DAT,na,DAT,units,r83,112,0.7626050420168067,-0.243416181914331,0.05179437910182488,0.2069144258301012
187,m472,DAT,na,DAT,units,r84,112,0.7626050420168067,-0.19111581173982017,0.08351215161908775,0.002318010005921701
187,m472,DAT,na,DAT,units,r85,112,0.7626050420168067,-0.300423056583818,0.1658597569230179,0.03533509222594714
187,m472,DAT,na,DAT,units,r86,112,0.7626050420168067,-0.1906927551560021,0.0958881419794342,-0.04092044799398461
187,m472,DAT,na,DAT,units,r87,112,0.7626050420168067,-0.15526176626123742,0.03898007241621617,-0.010710604022336706
187,m472,DAT,na,DAT,units,r88,112,0.7626050420168067,-0.26795346377578,0.13875719747763424,0.08182342355073864
187,m472,DAT,na,DAT,units,r89,112,0.7626050420168067,-0.22014806980433627,-0.014670705239660678,0.04020407806753142
187,m472,DAT,na,DAT,units,r90,112,0.7626050420168067,-0.15441565309360122,0.11988381217810591,-0.01666288097221605
187,m472,DAT,na,DAT,units,r91,112,0.7626050420168067,-0.28609201480698043,0.12478264169574302,0.03896935916990478
187,m472,DAT,na,DAT,units,r92,112,0.7626050420168067,-0.20682178741406662,0.1374551401584728,-0.06757756306208416
187,m472,DAT,na,DAT,units,r93,112,0.7626050420168067,-0.20661025912215752,0.14494089543893232,0.011176535681818455
187,m472,DAT,na,DAT,units,r94,112,0.7626050420168067,-0.13305129561078793,-0.22093721124543467,-0.007495675571912637
187,m472,DAT,na,DAT,units,r95,112,0.7626050420168067,-0.19048122686409305,0.021945896795239332,0.0781076185663717
189,m465,TH,na,TH,units,r1,109,0.0945945945945946,0.11758893280632411,0.16651835739302442,0.028579967617436332
189,m465,TH,na,TH,units,r2,109,0.0945945945945946,0.05533596837944664,0.08261260896187456,-0.0019414731568913463
189,m465,TH,na,TH,units,r3,109,0.0945945945945946,0.043478260869565216,0.14278299100535835,0.04227221864038127
189,m465,TH,na,TH,units,r4,109,0.0945945945945946,0.16403162055335968,0.17512538246271703,0.0725805143903247
189,m465,TH,na,TH,units,r5,109,0.0945945945945946,-0.058300395256917006,0.15450003967320053,0.052229798149115166
189,m465,TH,na,TH,units,r6,109,0.0945945945945946,-0.003952569169960474,0.13808319379444384,0.07073171298316563
189,m465,TH,na,TH,units,r7,109,0.0945945945945946,-0.03359683794466403,0.04090306744213101,-0.029738364489089883
189,m465,TH,na,TH,units,r8,109,0.0945945945945946,-0.20256916996047433,0.1386069384540428,0.07407252956101446
189,m465,TH,na,TH,units,r9,109,0.0945945945945946,-0.17094861660079053,0.10407687018844777,-0.011500564141776425
189,m465,TH,na,TH,units,r10,109,0.0945945945945946,0.10770750988142294,0.08811424534190963,0.008474831513017355
189,m465,TH,na,TH,units,r11,109,0.0945945945945946,0.058300395256917006,0.16190198853496635,0.07942432310805385
189,m465,TH,na,TH,units,r12,109,0.0945945945945946,0.2658102766798419,0.28354979681668535,0.1467920515759376
189,m465,TH,na,TH,units,r13,109,0.0945945945945946,0.08596837944664032,0.15172372948647686,0.07213105640412312
189,m465,TH,na,TH,units,r14,109,0.0945945945945946,0.11561264822134389,0.1560202896585851,0.11448204603177684
189,m465,TH,na,TH,units,r15,109,0.0945945945945946,-0.04545454545454545,0.18478916666859158,0.09417766566543344
189,m465,TH,na,TH,units,r16,109,0.0945945945945946,-0.13438735177865613,0.1533088681907498,0.06335967529196244
189,m465,TH,na,TH,units,j1,109,0.0945945945945946,-0.158102766798419,0.04276630065592552,0.0037810073890771805
189,m465,TH,na,TH,units,r18,109,0.0945945945945946,-0.043478260869565216,0.12403015124662047,0.08407644494461451
189,m465,TH,na,TH,units,r19,109,0.0945945945945946,-0.11561264822134389,0.06812851992429275,0.04629417257876239
189,m465,TH,na,TH,units,r20,109,0.0945945945945946,-0.17490118577075098,0.059414891959283546,0.034446089375489895
189,m465,TH,na,TH,units,r21,109,0.0945945945945946,0.18675889328063244,0.14010864880545928,0.050793386028264775
189,m465,TH,na,TH,units,r22,109,0.0945945945945946,0.09486166007905138,0.23651938034809578,0.15320957024489826
189,m465,TH,na,TH,units,r23,109,0.0945945945945946,-0.1383399209486166,0.11094116966513853,0.011194747367659888
189,m465,TH,na,TH,units,r24,109,0.0945945945945946,-0.2658102766798419,0.04150097063760238,0.007835396439864598
189,m465,TH,na,TH,units,r25,109,0.0945945945945946,0.1590909090909091,0.1070200370808844,0.09117510097410744
189,m465,TH,na,TH,units,r26,109,0.0945945945945946,0.1660079051383399,0.16650908757604035,0.033894692464582814
189,m465,TH,na,TH,units,r27,109,0.0945945945945946,-0.22134387351778656,0.046979432475177316,-0.013437403711181156
189,m465,TH,na,TH,units,r28,109,0.0945945945945946,-0.17786561264822134,0.1665508017524686,0.05722017187219865
189,m465,TH,na,TH,units,r29,109,0.0945945945945946,-0.1660079051383399,0.11519601566081858,0.06498606449976405
189,m465,TH,na,TH,units,r30,109,0.0945945945945946,-0.05632411067193676,0.10460524975653876,0.06387400350297663
189,m465,TH,na,TH,units,r31,109,0.0945945945945946,0.07114624505928854,0.13341120603448142,0.03369081461517179
189,m465,TH,na,TH,units,r32,109,0.0945945945945946,0.09189723320158102,0.21312699718883962,0.13156608309492338
189,m465,TH,na,TH,units,r33,109,0.0945945945945946,0.02964426877470356,0.13426866410550628,0.07435981198518454
189,m465,TH,na,TH,units,r34,109,0.0945945945945946,0.158102766798419,0.07012616548435603,0.03720307393002535
189,m465,TH,na,TH,units,r35,109,0.0945945945945946,0.11561264822134389,0.15166811058457252,0.07979037651949637
189,m465,TH,na,TH,units,r36,109,0.0945945945945946,0.2341897233201581,0.13656294380905923,0.021949303924091425
189,m465,TH,na,TH,units,r38,109,0.0945945945945946,-0.10671936758893281,-0.00258164403005858,-0.0497925311311561
189,m465,TH,na,TH,units,r39,109,0.0945945945945946,0.25,0.14872030878364392,-0.0010147556595685079
189,m465,TH,na,TH,units,r40,109,0.0945945945945946,-0.016798418972332016,0.1955560590955684,0.12712247269526034
189,m465,TH,na,TH,units,r41,109,0.0945945945945946,-0.2005928853754941,0.151746904028937,0.06504166754960342
190,m472,DAT,na,DAT,units,r1,112,0.0,,0.08887793246515704,-0.05201737520259159
190,m472,DAT,na,DAT,units,j4,112,0.0,,0.1415407260905377,0.09236262487220435
190,m472,DAT,na,DAT,units,r3,112,0.0,,-0.12039250470041607,0.0643026367233978
190,m472,DAT,na,DAT,units,r4,112,0.0,,0.07713950094448374,0.16873863053237978
190,m472,DAT,na,DAT,units,r5,112,0.0,,-0.1343080863150786,0.06697158161158763
190,m472,DAT,na,DAT,units,r6,112,0.0,,-0.00861337711140852,0.15648492748153528
190,m472,DAT,na,DAT,units,r7,112,0.0,,0.05225593058594727,-0.0576663413257366
190,m472,DAT,na,DAT,units,r8,112,0.0,,0.024840287056469096,0.005265756130752901
190,m472,DAT,na,DAT,units,r10,112,0.0,,0.23130163791786928,0.2318149952801228
190,m472,DAT,na,DAT,units,r11,112,0.0,,0.23177342591040373,0.09041501644028205
190,m472,DAT,na,DAT,units,r12,112,0.0,,0.2276052439213151,0.19740273796331037
190,m472,DAT,na,DAT,units,r13,112,0.0,,0.3342812701965786,0.10315562159910713
190,m472,DAT,na,DAT,units,r14,112,0.0,,0.11581745967189405,-0.031188785027866928
190,m472,DAT,na,DAT,units,r15,112,0.0,,0.2745546416738016,0.22703163290449876
190,m472,DAT,na,DAT,units,r16,112,0.0,,0.16832876174003886,0.10602293401277053
190,m472,DAT,na,DAT,units,r17,112,0.0,,0.38365886119504505,0.025066441855296343
190,m472,DAT,na,DAT,units,r18,112,0.0,,0.08447169231469784,0.13786092185127824
190,m472,DAT,na,DAT,units,r19,112,0.0,,0.3192143527469238,0.12825813027721686
190,m472,DAT,na,DAT,units,r20,112,0.0,,-0.09892398687499585,-0.18965287941128622
190,m472,DAT,na,DAT,units,r21,112,0.0,,-0.06281272796018111,0.005225180955087853
190,m472,DAT,na,DAT,units,j1,112,0.0,,0.13793522702832497,-0.0014742313824967453
190,m472,DAT,na,DAT,units,r23,112,0.0,,0.18596670733249598,0.14513289500102516
190,m472,DAT,na,DAT,units,j6,112,0.0,,0.21013177487671397,0.10886770466217557
190,m472,DAT,na,DAT,units,r25,112,0.0,,0.36386540715963245,0.18001402101441147
190,m472,DAT,na,DAT,units,r26,112,0.0,,-0.022741046906201188,-0.13768058773721134
190,m472,DAT,na,DAT,units,r27,112,0.0,,0.2445246866994537,0.22032320386121088
190,m472,DAT,na,DAT,units,r28,112,0.0,,0.3110814202884632,0.06203042688615511
190,m472,DAT,na,DAT,units,r29,112,0.0,,0.0953271444731966,0.06004675163141943
190,m472,DAT,na,DAT,units,r30,112,0.0,,0.011461418387442092,-0.11563023393968357
190,m472,DAT,na,DAT,units,r31,112,0.0,,0.06784224766041062,0.07395952853167924
190,m472,DAT,na,DAT,units,r32,112,0.0,,0.08687824390964412,0.12477768187572606
190,m472,DAT,na,DAT,units,r33,112,0.0,,0.04527433396247896,0.20064424366366257
190,m472,DAT,na,DAT,units,r34,112,0.0,,-0.13179332646496386,0.033113851695530876
190,m472,DAT,na,DAT,units,r35,112,0.0,,0.40147859665618524,0.17579871109809814
190,m472,DAT,na,DAT,units,r36,112,0.0,,0.2578775853872403,0.07024915413475318
190,m472,DAT,na,DAT,units,r37,112,0.0,,0.34811028520710635,0.22357823462011803
190,m472,DAT,na,DAT,units,r38,112,0.0,,0.28789455537096803,0.19843515076634327
190,m472,DAT,na,DAT,units,r39,112,0.0,,-0.014872142590351594,0.018434654810486825
190,m472,DAT,na,DAT,units,r40,112,0.0,,0.001125365853751867,-0.11366459209635457
190,m472,DAT,na,DAT,units,r41,112,0.0,,0.19461038275535167,0.21987687692889532
190,m472,DAT,na,DAT,units,r42,112,0.0,,0.028415487807234636,0.10008994165997018
190,m472,DAT,na,DAT,units,r43,112,0.0,,0.11845774109800421,0.032040863716832936
190,m472,DAT,na,DAT,units,r44,112,0.0,,0.34702820265542184,0.07226438785945055
190,m472,DAT,na,DAT,units,r45,112,0.0,,0.3608485610055361,0.2342495058200257
190,m472,DAT,na,DAT,units,r47,112,0.0,,0.1383291050771381,-0.0018529330220371939
190,m472,DAT,na,DAT,units,r48,112,0.0,,0.275325084450601,0.14952403067855372
190,m472,DAT,na,DAT,units,r49,112,0.0,,0.2605524934550043,0.09795298240827763
190,m472,DAT,na,DAT,units,r50,112,0.0,,0.04809207692706536,0.07019956225338478
190,m472,DAT,na,DAT,units,r51,112,0.0,,0.23853860602353513,0.27969370256487947
190,m472,DAT,na,DAT,units,r52,112,0.0,,0.22067991559053435,-0.06728716631120467
190,m472,DAT,na,DAT,units,r53,112,0.0,,0.06008155159972947,0.12009350326283887
190,m472,DAT,na,DAT,units,r54,112,0.0,,0.019347636024118632,0.034628658253692664
190,m472,DAT,na,DAT,units,r55,112,0.0,,0.14405548594065243,0.11612164440051581
190,m472,DAT,na,DAT,units,r56,112,0.0,,0.07714815760489721,0.15481232857356497
190,m472,DAT,na,DAT,units,r57,112,0.0,,0.35282383680224394,0.0785039482061646
190,m472,DAT,na,DAT,units,r58,112,0.0,,0.1810713658686754,0.21851986272054205
190,m472,DAT,na,DAT,units,r59,112,0.0,,0.29025349533364014,0.21249670331070825
190,m472,DAT,na,DAT,units,r60,112,0.0,,0.10305321389222384,-0.0027816537094816265
190,m472,DAT,na,DAT,units,r61,112,0.0,,0.10247754597472769,-0.0774444852860217
190,m472,DAT,na,DAT,units,r62,112,0.0,,0.21294951784130037,0.11837582082635181
190,m472,DAT,na,DAT,units,r63,112,0.0,,0.08296110507254628,0.15347334777661836
190,m472,DAT,na,DAT,units,r64,112,0.0,,0.25222045780703384,0.1270634167715238
190,m472,DAT,na,DAT,units,r65,112,0.0,,0.15230961164490173,0.10758282409944905
190,m472,DAT,na,DAT,units,r66,112,0.0,,0.2763465703793911,0.2049722624012677
190,m472,DAT,na,DAT,units,r67,112,0.0,,0.1996052758139273,0.18850324943410987
190,m472,DAT,na,DAT,units,r68,112,0.0,,0.42725380303730975,0.23296462525729916
190,m472,DAT,na,DAT,units,r69,112,0.0,,-0.08274901689241612,0.16694430609741434
190,m472,DAT,na,DAT,units,r70,112,0.0,,0.21857634711005972,0.12966924471979016
190,m472,DAT,na,DAT,units,r71,112,0.0,,0.22646689307694298,0.1757085440410647
190,m472,DAT,na,DAT,units,r72,112,0.0,,0.4003662157930536,0.06652976303212377
190,m472,DAT,na,DAT,units,r73,112,0.0,,0.3038054972109367,0.05397400034021724
190,m472,DAT,na,DAT,units,r74,112,0.0,,0.07535622889930771,0.05793233414398526
190,m472,DAT,na,DAT,units,r75,112,0.0,,0.36970865293872873,0.05641752758582346
190,m472,DAT,na,DAT,units,r76,112,0.0,,0.35868439590216716,0.18052346488665041
190,m472,DAT,na,DAT,units,r77,112,0.0,,0.19490903753961658,0.2538833824890573
190,m472,DAT,na,DAT,units,r78,112,0.0,,0.013733791745979515,-0.17730900930340826
190,m472,DAT,na,DAT,units,r79,112,0.0,,-0.0038349005631698233,0.2847205159944938
190,m472,DAT,na,DAT,units,r80,112,0.0,,0.2069634371653818,0.11713151543929035
190,m472,DAT,na,DAT,units,r81,112,0.0,,0.2977025516194362,0.26524443167527073
190,m472,DAT,na,DAT,units,r82,112,0.0,,-0.10056875235355626,0.12539532621640515
190,m472,DAT,na,DAT,units,r83,112,0.0,,0.2070976154017907,0.07397305359023426
190,m472,DAT,na,DAT,units,r84,112,0.0,,0.3335411257312264,0.2386406414975542
190,m472,DAT,na,DAT,units,r85,112,0.0,,0.29814836963073016,0.08280942517951137
190,m472,DAT,na,DAT,units,j3,112,0.0,,0.011322911820826478,-0.023623768942761306
190,m472,DAT,na,DAT,units,r87,112,0.0,,0.05740664353196542,0.16403191015523422
190,m472,DAT,na,DAT,units,r88,112,0.0,,0.3253735666311119,0.3258006271789291
190,m472,DAT,na,DAT,units,r90,112,0.0,,0.14366593622204604,0.14792807376906178
190,m472,DAT,na,DAT,units,r91,112,0.0,,0.10727333584379334,-0.04543968839200213
190,m472,DAT,na,DAT,units,r92,112,0.0,,0.3130421538721155,0.1201656369084656
190,m472,DAT,na,DAT,units,r93,112,0.0,,0.17123307130876003,0.07202995351116362
190,m472,DAT,na,DAT,units,r94,112,0.0,,-0.010543812383613646,-0.022699556608168543
190,m472,DAT,na,DAT,units,r95,112,0.0,,0.1749943902584153,0.07547433508984103
190,m472,DAT,na,DAT,units,r96,112,0.0,,0.2583493733797747,0.0649157727112252
190,m472,DAT,na,DAT,units,r97,112,0.0,,0.11066674672587588,-0.0027140284167065467
190,m472,DAT,na,DAT,units,r98,112,0.0,,0.07884486304593848,0.23907344337131475
190,m472,DAT,na,DAT,units,r99,112,0.0,,0.0809570881868266,0.11439494525832544
190,m472,DAT,na,DAT,units,r100,112,0.0,,-0.12991483115523958,-0.07835066420920778
190,m472,DAT,na,DAT,units,r101,112,0.0,,0.0857225797444451,0.1734002673810086
190,m472,DAT,na,DAT,units,r102,112,0.0,,0.14316384991806438,0.1467063101462587
190,m472,DAT,na,DAT,units,r103,112,0.0,,-0.12068683115447423,0.09412539083720813
190,m472,DAT,na,DAT,units,r104,112,0.0,,0.11031615197913013,0.2300882961379324
190,m472,DAT,na,DAT,units,r105,112,0.0,,0.3383628855815325,0.18390022117255272
190,m472,DAT,na,DAT,units,r106,112,0.0,,0.10338216698793593,0.08692555133308791
190,m472,DAT,na,DAT,units,r107,112,0.0,,0.3557973996542729,0.12443053870614733
190,m472,DAT,na,DAT,units,r108,112,0.0,,0.16245954597970222,-0.004395644030380204
190,m472,DAT,na,DAT,units,r110,112,0.0,,0.14326340151281938,0.00206933395891745
190,m472,DAT,na,DAT,units,r111,112,0.0,,0.27908640340025626,0.025152100559478113
190,m472,DAT,na,DAT,units,r112,112,0.0,,0.2642878424234192,0.0973623881847086
190,m472,DAT,na,DAT,units,r113,112,0.0,,0.39352312573620085,0.21865962165894387
190,m472,DAT,na,DAT,units,r114,112,0.0,,0.07318340713552525,0.16680003880616082
190,m472,DAT,na,DAT,units,r115,112,0.0,,0.18422239025918064,0.027654236392156077
190,m472,DAT,na,DAT,units,r116,112,0.0,,0.30812084242705434,0.27090692285697077
190,m472,DAT,na,DAT,units,r117,112,0.0,,0.07173341651626805,-0.055204780668723696
190,m472,DAT,na,DAT,units,r118,112,0.0,,0.38532959665484595,0.11281251340738858
190,m472,DAT,na,DAT,units,r119,112,0.0,,0.4106070450621956,0.20072539401499268
190,m472,DAT,na,DAT,units,r120,112,0.0,,0.35181533586407404,0.10269576960823659
190,m472,DAT,na,DAT,units,r121,112,0.0,,0.15999239776186155,0.10328636383180562
190,m472,DAT,na,DAT,units,r122,112,0.0,,0.26549977488130583,0.03126993537919703
190,m472,DAT,na,DAT,units,r123,112,0.0,,-0.23684190058249385,-0.09800257428964604
190,m472,DAT,na,DAT,units,r124,112,0.0,,0.3257414746986846,0.08821494024866611
190,m472,DAT,na,DAT,units,j5,112,0.0,,0.31598109008249053,0.22798740370905324
190,m472,DAT,na,DAT,units,r126,112,0.0,,0.29392391934895395,0.03606231446052436
190,m472,DAT,na,DAT,units,r127,112,0.0,,0.12124951408135018,0.07874289090730323
190,m472,DAT,na,DAT,units,r128,112,0.0,,0.12414083865945112,-0.050299692766104555
190,m472,DAT,na,DAT,units,j2,112,0.0,,-0.2106468461713158,-0.017424783771712297
190,m472,DAT,na,DAT,units,r131,112,0.0,,-0.0749450375296676,0.12278048156243537
190,m472,DAT,na,DAT,units,r132,112,0.0,,0.16345939025745868,-0.019949461368648624
190,m472,DAT,na,DAT,units,r133,112,0.0,,0.2046737504860174,0.1223251379244165
190,m472,DAT,na,DAT,units,r134,112,0.0,,0.4170822270514755,0.20999907583088195
190,m472,DAT,na,DAT,units,r135,112,0.0,,0.32281119514872303,0.1287856075608625
190,m472,DAT,na,DAT,units,r136,112,0.0,,0.3898916566927478,0.16366673357424877
190,m472,DAT,na,DAT,units,r137,112,0.0,,0.3191840544354766,0.14471361818581968
190,m472,DAT,na,DAT,units,r138,112,0.0,,0.3635970506868147,0.1718448856471818
190,m472,DAT,na,DAT,units,r139,112,0.0,,0.2026048086471967,0.016067769563359025
190,m472,DAT,na,DAT,units,r140,112,0.0,,0.08823733959455984,0.16268391265258428
190,m472,DAT,na,DAT,units,r141,112,0.0,,0.3884286810828704,0.18823274826300954
190,m472,DAT,na,DAT,units,r143,112,0.0,,0.0454041838686811,-0.0032279806417971554
190,m472,DAT,na,DAT,units,r144,112,0.0,,-0.07168580488399393,0.0984894763976266
190,m472,DAT,na,DAT,units,r145,112,0.0,,0.336735433423799,0.09970222331472639
190,m472,DAT,na,DAT,units,r146,112,0.0,,0.39684728333497565,0.13474565003077288
190,m472,DAT,na,DAT,units,r147,112,0.0,,-0.18061256286676117,-0.1295520275456467
190,m472,DAT,na,DAT,units,r148,112,0.0,,-0.22650151971859692,-0.24301374376367604
190,m472,DAT,na,DAT,units,r149,112,0.0,,-0.2198705178418744,-0.0064469445778909664
190,m472,DAT,na,DAT,units,r150,112,0.0,,0.18547760601913463,0.07115984141079092
190,m472,DAT,na,DAT,units,r151,112,0.0,,0.2377595065863223,0.08688497615742287
190,m472,DAT,na,DAT,units,r152,112,0.0,,0.32134821953884557,0.24349613751880497
190,m472,DAT,na,DAT,units,r153,112,0.0,,0.19900796624539743,0.04731065482544602
190,m472,DAT,na,DAT,units,r154,112,0.0,,0.26541753660737777,0.018867456684247337
190,m472,DAT,na,DAT,units,r155,112,0.0,,0.3440286698221524,0.10946731559144794
190,m472,DAT,na,DAT,units,r156,112,0.0,,0.27288390621400077,0.04662087683914019
190,m472,DAT,na,DAT,units,r157,112,0.0,,0.28460069608364036,0.039754655446043737
190,m472,DAT,na,DAT,units,r158,112,0.0,,-0.14093475986159437,-0.007975276194607778
190,m472,DAT,na,DAT,units,r160,112,0.0,,0.0731314671730444,0.10439091028046525
190,m472,DAT,na,DAT,units,r161,112,0.0,,-0.14283489682235231,-0.13291976712584572
190,m472,DAT,na,DAT,units,r162,112,0.0,,0.1146141838744209,0.020905232173203087
190,m472,DAT,na,DAT,units,r163,112,0.0,,-0.027575791747127477,0.14218443223603167
190,m472,DAT,na,DAT,units,r164,112,0.0,,0.06549629268835866,0.21348403258522444
190,m472,DAT,na,DAT,units,r165,112,0.0,,-0.1572568930712032,0.12704989171296877
190,m472,DAT,na,DAT,units,r166,112,0.0,,0.09330148593644325,-0.0032865892288688916
190,m472,DAT,na,DAT,units,r167,112,0.0,,-0.030986515950036975,0.051769415795749625
190,m472,DAT,na,DAT,units,r168,112,0.0,,0.028627575987364796,0.21205939308409608
190,m472,DAT,na,DAT,units,r169,112,0.0,,-0.08760973171458283,0.07678175741682591
190,m472,DAT,na,DAT,units,r170,112,0.0,,0.3616449737635759,0.29605902341644885
195,m466,TH,na,TH,units,r1,112,1.0,0.2865079651771846,0.13961923599471948,0.16655488950504904
195,m466,TH,na,TH,units,r2,112,1.0,0.25340461655167434,0.31596103953764926,0.4021947825247461
195,m466,TH,na,TH,units,r3,112,1.0,-0.017722067694975255,-0.08205332188209342,-0.1344484773834133
195,m466,TH,na,TH,units,r4,112,1.0,0.1662464328288119,0.12280016335194333,0.314995266334467
195,m466,TH,na,TH,units,r5,112,1.0,0.05157677997326879,-0.0006878005322547531,0.21091078878265593
195,m466,TH,na,TH,units,r6,112,1.0,0.20829389878264642,0.2246459067615912,0.2985376891195471
195,m466,TH,na,TH,units,r7,112,1.0,0.18620091753061446,-0.014952185483798976,0.01208510863804351
195,m466,TH,na,TH,units,r8,112,1.0,0.24076147816349386,0.15932194440937117,0.2573510076675859
195,m466,TH,na,TH,units,r9,112,1.0,0.22365350576165877,0.1483812166882257,0.30208826510678505
195,m466,TH,na,TH,units,r10,112,1.0,0.10421558357114474,0.1217364221560959,0.2741504921997955
195,m466,TH,na,TH,units,r11,112,1.0,0.11373767294007152,0.0215354191496659,0.16203776783239618
195,m466,TH,na,TH,units,r12,112,1.0,0.23353682765596215,0.29234940263223297,0.30854505329098464
195,m466,TH,na,TH,units,r13,112,1.0,0.14234728894989704,0.1768587219553697,0.22058282077752103
195,m466,TH,na,TH,units,r14,112,1.0,0.2536936025719756,0.306818846127555,0.3466151180430368
195,m466,TH,na,TH,units,r15,112,1.0,0.2078893183542246,0.28357460577974064,0.30845300132094505
195,m466,TH,na,TH,units,r16,112,1.0,0.18170718491492974,0.12193720864687836,0.24165614677585046
195,m466,TH,na,TH,units,r17,112,1.0,0.15146479789040207,0.088598107071002,0.23285860849636064
195,m466,TH,na,TH,units,r18,112,1.0,0.14739009500415415,0.0936604898705168,0.24912550663048452
195,m466,TH,na,TH,units,r19,112,1.0,0.07499909691868656,0.047753008382258565,0.08241281374822489
195,m466,TH,na,TH,units,r20,112,1.0,0.2629556045226312,0.278708737418013,0.26809478759933947
195,m466,TH,na,TH,units,r21,112,1.0,0.09777119531842648,0.047274538446776995,0.08535847678948903
195,m466,TH,na,TH,units,r22,112,1.0,0.19306433551276958,0.1750003789023832,0.35281547573926914
195,m466,TH,na,TH,units,r23,112,1.0,0.3503305277607196,0.3672513078000751,0.32145205451866654
195,m466,TH,na,TH,units,r24,112,1.0,0.3537983600043348,0.3416061736688622,0.3115498925987027
195,m466,TH,na,TH,units,r25,112,1.0,0.023299497886789724,0.07497025801576808,0.2525314295219461
195,m466,TH,na,TH,units,r26,112,1.0,0.09584943828342303,0.04494626956429973,0.19856267451592813
195,m466,TH,na,TH,units,r27,112,1.0,-0.03280713795470144,0.04172941365878526,0.24408894884118018
195,m466,TH,na,TH,units,r28,112,1.0,0.10188924610771954,0.05722842192599175,0.17913970883759273
195,m466,TH,na,TH,units,r29,112,1.0,0.19552071668533033,0.18373672727791723,0.2502827313966954
195,m466,TH,na,TH,units,r30,112,1.0,0.3169670917169382,0.3301997921712213,0.3381792125029879
195,m466,TH,na,TH,units,r31,112,1.0,0.21842285879420584,0.19451938903823396,0.24186655127879786
195,m466,TH,na,TH,units,r32,112,1.0,0.2580139435754795,0.18841889736084397,0.2865314821701089
195,m466,TH,na,TH,units,r33,112,1.0,0.3323989452010259,0.3935116175626215,0.3287110098703531
195,m466,TH,na,TH,units,r34,112,1.0,0.23397030668641403,0.14653996184722073,0.24653490118794413
195,m466,TH,na,TH,units,r35,112,1.0,0.24024130332695154,0.3015044122013133,0.3522434384968808
195,m466,TH,na,TH,units,r36,112,1.0,0.37181663837011886,0.367238491641089,0.36159328859660755
195,m466,TH,na,TH,units,j5,112,1.0,0.266105552143915,0.3048280694317121,0.31659302552872415
195,m466,TH,na,TH,units,j7,112,1.0,0.202051800744139,0.29146081560919584,0.3418218404602655
195,m466,TH,na,TH,units,r39,112,1.0,0.24418596250406382,0.34830475276560413,0.39372600128111174
195,m466,TH,na,TH,units,r40,112,1.0,0.20085250875988872,0.27433415515075293,0.35965362208506085
195,m466,TH,na,TH,units,r41,112,1.0,0.16524943105877254,0.25318322077067046,0.34180211503811414
195,m466,TH,na,TH,units,j4,112,1.0,0.10168695589350865,0.07966097220468558,0.2332005158136502
195,m466,TH,na,TH,units,r43,112,1.0,0.31859986273164037,0.13621013770441331,0.27037636142817584
195,m466,TH,na,TH,units,r45,112,1.0,0.2254596683885417,0.30667786837870775,0.3672413344726029
195,m466,TH,na,TH,units,r46,112,1.0,0.23768377704728533,0.3251075050007389,0.32124822515643625
195,m466,TH,na,TH,units,j6,112,1.0,0.174699273922624,0.1558060447941807,0.28499947438302276
195,m466,TH,na,TH,units,j2,112,1.0,0.20245638117256082,0.15297367365824965,0.29755141801198093
195,m466,TH,na,TH,units,r49,112,1.0,0.19576635480258642,0.26905816970146956,0.3576482041663431
195,m466,TH,na,TH,units,r50,112,1.0,0.15032330311021205,0.21132137346902866,0.22682262931805602
195,m466,TH,na,TH,units,r52,112,1.0,0.30209876097243793,0.3024570800192811,0.3374690973055403
195,m466,TH,na,TH,units,r53,112,1.0,0.29140627822129106,0.1848645492686952,0.3680172010772216
195,m466,TH,na,TH,units,r54,112,1.0,0.34023046635119025,0.33838931776334774,0.29348798104880847
195,m466,TH,na,TH,units,r55,112,1.0,0.2225842574865441,0.12651257740492086,0.26071090457402785
195,m466,TH,na,TH,units,r57,112,1.0,0.21696347939168445,0.18716718583320024,0.3429856403671935
195,m466,TH,na,TH,units,j3,112,1.0,0.1498320268756999,0.2326303738099399,0.35281547573926914
195,m466,TH,na,TH,units,r59,112,1.0,0.24499512336090742,0.26548246134434395,0.2807716589019227
195,m466,TH,na,TH,units,r60,112,1.0,0.23959108478127372,0.14574108793708632,0.28274420111705495
195,m466,TH,na,TH,units,r61,112,1.0,0.3229057544341293,0.35854486379550876,0.2813699967071795
195,m466,TH,na,TH,units,r62,112,1.0,0.31662030849257666,0.3209977900191919,0.2875900798255631
195,m466,TH,na,TH,units,r63,112,1.0,0.33179207455839327,0.37264691073322886,0.3698911161815972
195,m466,TH,na,TH,units,r64,112,1.0,0.14740454430516925,0.10546417229672723,0.26071090457402785
195,m466,TH,na,TH,units,r65,112,1.0,0.23719250081277318,0.2782131792705499,0.3379688080000405
195,m466,TH,na,TH,units,r66,112,1.0,0.4790737998049345,0.3765088466410444,0.30828204766230033
195,m466,TH,na,TH,units,r67,112,1.0,0.44349962070584836,0.37075011920328405,0.32469359889220045
195,m466,TH,na,TH,units,r68,112,1.0,0.07749882599429253,0.0691645379950587,0.14869680731738516
195,m466,TH,na,TH,units,r70,112,1.0,0.1865765993570061,0.16875463742315064,0.31916390554911317
195,m466,TH,na,TH,units,r71,112,1.0,0.35538778311599173,0.3325494213186754,0.26787780795567495
195,m466,TH,na,TH,units,j1,112,1.0,-0.08382761983889031,-0.054682278340750554,0.1875230132519047
195,m466,TH,na,TH,units,r73,112,1.0,0.2723476501824224,0.2807593228557911,0.20084424834476444
195,m466,TH,na,TH,units,r74,112,1.0,0.2221796770581223,0.15540019975962047,0.30657251107585237
195,m466,TH,na,TH,units,r75,112,1.0,0.15296752519596865,0.0018711592119725578,-0.0036623533794288544
195,m466,TH,na,TH,units,r76,112,1.0,0.18371563775602354,0.2350996204412644,0.19910841119544806
195,m466,TH,na,TH,units,j8,112,1.0,0.36071957519055015,0.3078142344754765,0.309242018206998
195,m466,TH,na,TH,units,r78,112,1.0,0.16517718455369723,0.20048744707276744,0.2644324342199107
195,m466,TH,na,TH,units,r79,112,1.0,0.16342881913087454,0.2593264329780141,0.3676029672120438
195,m466,TH,na,TH,units,r80,112,1.0,0.32198099916916517,0.19314806002671986,0.30330466613944995
195,m466,TH,na,TH,units,r81,112,1.0,0.19027562041686233,0.09203710973227576,0.21162090398010353
195,m466,TH,na,TH,units,r82,112,1.0,0.0971643246757938,0.05919356630386247,0.18287438876490975
195,m466,TH,na,TH,units,r83,112,1.0,-0.023010511866488458,0.026401287511393624,0.17283414888988666
195,m466,TH,na,TH,units,r84,112,1.0,0.3972907560596756,0.27814909847561936,0.37726184892547465
195,m466,TH,na,TH,units,r85,112,1.0,0.13377885344796445,0.056109144041204505,0.1556993321811046
195,m466,TH,na,TH,units,r87,112,1.0,0.2906549145685078,0.24154614841127944,0.27135605739502483
195,m466,TH,na,TH,units,r88,112,1.0,0.19026117111584726,0.17427412989317015,0.13836068611009225
195,m466,TH,na,TH,units,r89,112,1.0,0.01425423545136004,0.05956523491445975,0.17011204063300417
195,m466,TH,na,TH,units,r90,112,1.0,0.2773326590326193,0.28622327863687075,0.2768660253159609
195,m466,TH,na,TH,units,r91,112,1.0,0.2090741610374598,0.13276259093714882,0.257541686748382
195,m466,TH,na,TH,units,r92,112,1.0,-0.08991077556623199,-0.09961573174606417,0.08030219357803339
195,m466,TH,na,TH,units,r93,112,1.0,0.16051006032583173,-0.11240625841420535,-0.15412129840899882
195,m466,TH,na,TH,units,r94,112,1.0,-0.16422353068670303,-0.059073948819992075,-0.01019146811151656
195,m466,TH,na,TH,units,r95,112,1.0,0.2734313477585522,0.28192132127053204,0.29621666444640815
195,m466,TH,na,TH,units,r96,112,1.0,0.07244157063902033,-0.038790241197969914,0.06759244657186468
195,m466,TH,na,TH,units,r97,112,1.0,0.34777300148105333,0.2529824342798879,0.20445400059845642
195,m466,TH,na,TH,units,r98,112,1.0,0.47343857240905973,0.39288362577230196,0.34944900369211007
195,m466,TH,na,TH,units,r99,112,1.0,0.17683777047285337,-0.02822118208742173,-0.05155567836283958
195,m466,TH,na,TH,units,r100,112,1.0,0.05799226962395694,0.10917658634970477,0.09236100165320847
195,m466,TH,na,TH,units,r101,112,1.0,0.14088790954737565,-0.030989472428422225,0.1398203673492901
195,m466,TH,na,TH,units,r102,112,1.0,-0.1009933894447856,-0.01784863741466061,0.12381647484385055
195,m466,TH,na,TH,units,r104,112,1.0,-0.18260304157786367,0.009530950232673007,0.18843038267086556
195,m466,TH,na,TH,units,r107,112,1.0,0.1689773507206589,0.2416273174181915,0.3168165803131058
195,m466,TH,na,TH,units,r108,112,1.0,0.123187515803923,0.19131107723871024,0.25791646976925714
195,m466,TH,na,TH,units,r109,112,1.0,0.2224253151753784,0.22222365271321579,0.29844563714950756
195,m466,TH,na,TH,units,r110,112,1.0,0.3073872051439512,0.31498701145470465,0.361922045632463
195,m466,TH,na,TH,units,r111,112,1.0,0.11339088971571,-0.050166718324643256,0.07883593719811843
195,m466,TH,na,TH,units,r112,112,1.0,0.3144818119423473,0.20233724601976316,0.15510099437584787
195,m466,TH,na,TH,units,r113,112,1.0,-0.07670411443846403,-0.12604265157543001,-0.06936773456548369
195,m466,TH,na,TH,units,r114,112,1.0,0.4941588700646606,0.36864399707656614,0.29052259258539304
195,m466,TH,na,TH,units,r115,112,1.0,-0.213452299245024,-0.12004041711693357,-0.010073115578608625
195,m466,TH,na,TH,units,r116,112,1.0,0.45948054762850843,0.3700964950949923,0.3494358534106759
195,m466,TH,na,TH,units,r117,112,1.0,0.06442220857566015,0.04346813922790132,0.1556730316182362
195,m466,TH,na,TH,units,r119,112,1.0,0.24849185420655276,0.29918041537183143,0.3427489353013776
195,m466,TH,na,TH,units,r120,112,1.0,0.2419607701477441,0.28612502141797724,0.24389826976038406
195,m466,TH,na,TH,units,r121,112,1.0,0.24863634721670339,0.3154697534431816,0.3100902113595049
195,m466,TH,na,TH,units,r122,112,1.0,0.3619911136798757,0.3267137969269984,0.3171847881932638
195,m466,TH,na,TH,units,r123,112,1.0,0.2106202362460716,0.02419263611278675,0.15987454653646785
195,m466,TH,na,TH,units,r125,112,1.0,0.18839721128490408,0.144989206609901,0.26744384866834586
195,m466,TH,na,TH,units,r127,112,1.0,0.08463678069573384,0.08320677619084363,0.18573457497685147
195,m466,TH,na,TH,units,r128,112,1.0,0.4778022613156089,0.33856019988316255,0.27408474079262446
195,m466,TH,na,TH,units,r129,112,1.0,0.12441570639020337,0.14156302010761337,0.29306059690219655
215,m496,DAT,na,DAT,units,r1,79,0.36752136752136755,0.047830923248053395,0.15350975338809947,0.21201387660225446
215,m496,DAT,na,DAT,units,r2,79,0.36752136752136755,-0.054505005561735265,0.03684818973214898,0.13461140551982614
215,m496,DAT,na,DAT,units,r3,79,0.36752136752136755,-0.1479421579532814,0.0450488615872205,0.02210455849751372
215,m496,DAT,na,DAT,units,r4,79,0.36752136752136755,-0.3450500556173526,-0.07928940826292771,-0.008471791142218917
215,m496,DAT,na,DAT,units,r5,79,0.36752136752136755,0.05406006674082313,0.12489879125480392,0.15339297697448678
215,m496,DAT,na,DAT,units,r6,79,0.36752136752136755,-0.13770856507230256,0.17424904536036057,0.20023127053089249
215,m496,DAT,na,DAT,units,r7,79,0.36752136752136755,-0.1875417130144605,0.07501238624044614,-0.10091899477031184
215,m496,DAT,na,DAT,units,r8,79,0.36752136752136755,-0.11368186874304784,0.11173872349332213,0.08386586346248323
215,m496,DAT,na,DAT,units,j1,79,0.36752136752136755,-0.03670745272525028,0.09433818945314067,0.11858073176364467
215,m496,DAT,na,DAT,units,r10,79,0.36752136752136755,-0.28898776418242494,-0.05708788653939086,0.07257014193952468
215,m496,DAT,na,DAT,units,r11,79,0.36752136752136755,-0.17775305895439378,-0.10241700882893921,0.017004442852988255
215,m496,DAT,na,DAT,units,r12,79,0.36752136752136755,-0.12614015572858733,0.037920491549751204,-0.06733613304418828
215,m496,DAT,na,DAT,units,r13,79,0.36752136752136755,-0.05939933259176862,0.19077224154977657,0.03763617559158174
215,m496,DAT,na,DAT,units,r14,79,0.36752136752136755,-0.1621802002224694,0.10065014787948101,0.19735865169531253
215,m496,DAT,na,DAT,units,r15,79,0.36752136752136755,0.10656284760845385,0.15879815098854677,0.16557726279828147
215,m496,DAT,na,DAT,units,r16,79,0.36752136752136755,-0.09410456062291435,0.02642980275430924,-0.09462601198219807
215,m496,DAT,na,DAT,units,r17,79,0.36752136752136755,-0.009121245828698554,0.08823338024156441,0.051999269769481625
215,m496,DAT,na,DAT,units,r18,79,0.36752136752136755,-0.1203559510567297,0.04882628844468285,0.04143387506912816
215,m496,DAT,na,DAT,units,r19,79,0.36752136752136755,-0.25294771968854285,0.08797749003509113,0.17376909532516846
215,m496,DAT,na,DAT,units,r20,79,0.36752136752136755,0.05050055617352613,0.15850570503829164,0.177299008301093
215,m496,DAT,na,DAT,units,r21,79,0.36752136752136755,0.029143492769744164,0.04668168480947842,0.07456636858797858
215,m496,DAT,na,DAT,units,r22,79,0.36752136752136755,-0.15283648498331479,0.009528863879146992,0.12325482342831717
215,m496,DAT,na,DAT,units,r23,79,0.36752136752136755,-0.22803114571746386,0.05924467542252259,0.09287322760794589
215,m496,DAT,na,DAT,units,r24,79,0.36752136752136755,0.03982202447163515,0.09840806226085819,0.03947416476180452
215,m496,DAT,na,DAT,units,r25,79,0.36752136752136755,-0.0914349276974416,0.19521985704324032,0.23976629586124742
215,m496,DAT,na,DAT,units,r26,79,0.36752136752136755,0.054505005561735265,0.09923665911991444,0.1414643055386038
215,m496,DAT,na,DAT,units,r27,79,0.36752136752136755,-0.10611790878754171,0.09818872779816683,0.09458949564106782
215,m496,DAT,na,DAT,units,r28,79,0.36752136752136755,0.17419354838709677,0.10783944415658679,0.17886921096969394
215,m496,DAT,na,DAT,units,r29,79,0.36752136752136755,0.0896551724137931,0.09845680325256738,0.252072302822143
215,m496,DAT,na,DAT,units,r30,79,0.36752136752136755,-0.08832035595105672,0.2646270292371294,0.33683890269917255
215,m496,DAT,na,DAT,units,r31,79,0.36752136752136755,0.14438264738598441,0.12392397142062009,0.2248189402252635
215,m496,DAT,na,DAT,units,r32,79,0.36752136752136755,0.15773081201334815,0.06941935744181638,0.14352139275560813
215,m496,DAT,na,DAT,units,r33,79,0.36752136752136755,-0.14126807563959956,-0.0378961210538966,-0.057902744918872685
215,m496,DAT,na,DAT,units,r34,79,0.36752136752136755,0.07853170189098999,0.20896481670523243,0.12010224597740525
215,m496,DAT,na,DAT,units,r35,79,0.36752136752136755,0.2293659621802002,0.09667775705518189,0.22848274645199898
215,m496,DAT,na,DAT,units,r36,79,0.36752136752136755,-0.12747497219132367,0.0734283040098974,0.2161889116048135
215,m496,DAT,na,DAT,units,r37,79,0.36752136752136755,0.0064516129032258064,0.08282313016184412,0.1838232612496984
215,m496,DAT,na,DAT,units,r38,79,0.36752136752136755,-0.14349276974416017,0.04807080307319038,0.17462114328487438
215,m496,DAT,na,DAT,units,r39,79,0.36752136752136755,-0.001557285873192436,0.10386705333228767,0.16496865711277725
215,m496,DAT,na,DAT,units,r40,79,0.36752136752136755,0.07808676307007786,0.1255324241470234,0.20920211833522487
215,m496,DAT,na,DAT,units,r41,79,0.36752136752136755,-0.07007786429365963,0.13107671195394396,0.03740490543109013
215,m496,DAT,na,DAT,units,r42,79,0.36752136752136755,-0.27341490545050057,-0.029805116430170767,0.17627655074944593
215,m496,DAT,na,DAT,units,r43,79,0.36752136752136755,-0.22313681868743046,0.12053647249683126,0.0987280143024966
215,m496,DAT,na,DAT,units,r44,79,0.36752136752136755,0.28453837597330367,0.0858938126395232,0.20701113786740966
215,m496,DAT,na,DAT,units,r45,79,0.36752136752136755,-0.058064516129032254,0.05277430877312738,0.24319883192749128
215,m496,DAT,na,DAT,units,r46,79,0.36752136752136755,0.038042269187986644,0.12716524736928134,0.16236382477881914
215,m496,DAT,na,DAT,units,r47,79,0.36752136752136755,0.04293659621802002,0.1427623647162227,0.1843831784803623
215,m496,DAT,na,DAT,units,r48,79,0.36752136752136755,-0.17508342602892102,0.03246150047832172,0.07149899593303724
215,m496,DAT,na,DAT,units,r49,79,0.36752136752136755,-0.10211345939933258,0.10610913895091048,0.05744020459788947
215,m496,DAT,na,DAT,units,r50,79,0.36752136752136755,-0.13726362625139044,0.1889444543606819,0.3089891065304989
215,m496,DAT,na,DAT,units,r51,79,0.36752136752136755,-0.2387096774193548,0.05971990009168721,0.07386038599279367
215,m496,DAT,na,DAT,units,r52,79,0.36752136752136755,-0.21334816462736375,0.08547951420999507,0.15868784643837358
215,m496,DAT,na,DAT,units,r53,79,0.36752136752136755,0.07541713014460512,0.21545955385048224,0.20995678938525014
215,m496,DAT,na,DAT,units,r54,79,0.36752136752136755,0.02246941045606229,0.12787199174906463,0.0830259876164874
215,m496,DAT,na,DAT,units,r55,79,0.36752136752136755,-0.1332591768631813,0.133696540258313,0.1772259756188325
215,m496,DAT,na,DAT,units,r56,79,0.36752136752136755,0.010011123470522802,-0.048814103196755554,-0.12856186500591407
215,m496,DAT,na,DAT,units,r57,79,0.36752136752136755,-0.11902113459399331,0.11321313849252519,0.29861846564950667
215,m496,DAT,na,DAT,units,r58,79,0.36752136752136755,-0.23781979977753054,0.05904971145568583,-0.000559917230663894
215,m496,DAT,na,DAT,units,r59,79,0.36752136752136755,-0.04338153503893215,0.153899681321773,0.13783701565299858
215,m496,DAT,na,DAT,units,r60,79,0.36752136752136755,-0.17997775305895441,0.12932203625241306,0.21295112935793095
215,m496,DAT,na,DAT,units,r62,79,0.36752136752136755,0.10700778642936595,0.16613367024078016,0.1236321589533298
215,m496,DAT,na,DAT,units,r63,79,0.36752136752136755,0.021579532814238044,0.18101185796001096,0.23011380968915032
215,m496,DAT,na,DAT,units,r64,79,0.36752136752136755,-0.041156840934371525,0.11184839072466783,0.10478972693011876
215,m496,DAT,na,DAT,units,r65,79,0.36752136752136755,-0.2507230255839822,0.016986235610653332,-0.02329742564110202
215,m496,DAT,na,DAT,units,r66,79,0.36752136752136755,-0.01846496106785317,0.08926912631538474,0.07990992650670573
215,m496,DAT,na,DAT,units,r67,79,0.36752136752136755,-0.034037819799777526,0.15863974276549192,0.024770251400022262
215,m496,DAT,na,DAT,units,r68,79,0.36752136752136755,-0.05183537263626252,0.0385419391940434,0.16330107753449566
215,m496,DAT,na,DAT,units,r69,79,0.36752136752136755,-0.09410456062291435,0.06371666141184094,0.17446290580664328
215,m496,DAT,na,DAT,units,r70,79,0.36752136752136755,0.09810901001112346,0.09695801775750973,0.12570141828404416
215,m496,DAT,na,DAT,units,r71,79,0.36752136752136755,-0.11234705228031144,0.12417986162709334,0.16451828890550413
215,m496,DAT,na,DAT,units,r72,79,0.36752136752136755,-0.16840934371523916,0.13582895864559016,0.15684985726815082
215,m496,DAT,na,DAT,units,r73,79,0.36752136752136755,-0.3290322580645161,0.12000032158803013,0.14930314676789833
215,m496,DAT,na,DAT,units,r74,79,0.36752136752136755,-0.21201334816462733,0.013391587472100439,0.03696670933752709
215,m496,DAT,na,DAT,units,r75,79,0.36752136752136755,-0.022914349276974413,0.16665763590165394,0.24612013921791162
215,m496,DAT,na,DAT,units,r76,79,0.36752136752136755,-0.14838709677419354,0.07730321285077815,0.1406852902611584
215,m496,DAT,na,DAT,units,r77,79,0.36752136752136755,-0.29699666295884314,0.08272564817842573,0.1113261519924342
215,m496,DAT,na,DAT,units,r78,79,0.36752136752136755,-0.1510567296996663,0.13039433807001527,0.16388533899257973
215,m496,DAT,na,DAT,units,r79,79,0.36752136752136755,-0.2961067853170189,0.005836733757175714,0.13015641190193517
215,m496,DAT,na,DAT,units,j2,79,0.36752136752136755,-0.09944382647385984,0.13397680096064088,0.15648469385684827
215,m496,DAT,na,DAT,units,r81,79,0.36752136752136755,-0.13281423804226916,0.019337988460621836,-0.017016614966698342
215,m496,DAT,na,DAT,units,r82,79,0.36752136752136755,0.034482758620689655,0.17560160788029064,0.21270768708372925
215,m496,DAT,na,DAT,units,r83,79,0.36752136752136755,-0.1332591768631813,0.0634607712053677,0.1364737389174691
215,m496,DAT,na,DAT,units,r84,79,0.36752136752136755,0.12569521690767518,0.07480523702568208,0.2937374480517628
215,m496,DAT,na,DAT,units,r85,79,0.36752136752136755,-0.16796440489432704,0.2773849838170103,0.2581461875634753
215,m496,DAT,na,DAT,units,r86,79,0.36752136752136755,-0.27608453837597335,0.06402129261002339,0.16608849157410505
215,m496,DAT,na,DAT,units,r87,79,0.36752136752136755,-0.2729699666295884,0.07029669529258183,-0.09129085282563487
215,m496,DAT,na,DAT,units,r88,79,0.36752136752136755,-0.0771968854282536,0.12123103162868723,0.12915829857770825
215,m496,DAT,na,DAT,units,r89,79,0.36752136752136755,-0.16529477196885425,0.17874540184553356,0.19099263622493826
215,m496,DAT,na,DAT,units,r90,79,0.36752136752136755,-0.16840934371523916,0.019654804906731584,0.0954658878281939
215,m496,DAT,na,DAT,units,r91,79,0.36752136752136755,-0.23381535038932147,0.18478928481747328,0.16773172692496646
215,m496,DAT,na,DAT,units,r92,79,0.36752136752136755,-0.02469410456062291,0.14935458384489086,0.17514454417440806
215,m496,DAT,na,DAT,units,r93,79,0.36752136752136755,-0.00867630700778643,0.1520840793806056,0.25263222005280694
215,m496,DAT,na,DAT,units,r94,79,0.36752136752136755,-0.3837597330367074,-0.018692170320475043,0.12427728097996427
215,m496,DAT,na,DAT,units,r95,79,0.36752136752136755,0.10300333704115683,0.02677098969627358,0.0851682796294623
215,m496,DAT,na,DAT,units,r96,79,0.36752136752136755,-0.24404894327030033,0.04896032617188314,0.13659546005456993
215,m496,DAT,na,DAT,units,r97,79,0.36752136752136755,-0.06162402669632924,0.06290024980071199,0.10939078591253075
215,m496,DAT,na,DAT,units,r98,79,0.36752136752136755,-0.30233592880978866,0.03996761320153725,-0.006463392380054949
215,m496,DAT,na,DAT,units,r99,79,0.36752136752136755,-0.046941045606229144,0.036263297831638674,0.0723145275516129
215,m496,DAT,na,DAT,units,r100,79,0.36752136752136755,-0.46651835372636263,0.002376123345823099,0.08879556951506752
215,m496,DAT,na,DAT,units,r101,79,0.36752136752136755,-0.4625139043381535,-0.02979293118224347,0.17189458981381545
215,m496,DAT,na,DAT,units,r102,79,0.36752136752136755,-0.24938820912124582,-0.004703505699937006,0.13070415701888896
215,m496,DAT,na,DAT,units,r103,79,0.36752136752136755,-0.21512791991101224,0.061657354512127595,0.04817722606451505
215,m496,DAT,na,DAT,units,r104,79,0.36752136752136755,-0.3121245828698554,0.06360699418049526,0.26596068456534966
215,m496,DAT,na,DAT,units,r105,79,0.36752136752136755,-0.12258064516129033,0.19348955183756403,0.22463635851961222
215,m496,DAT,na,DAT,units,r106,79,0.36752136752136755,-0.2565072302558398,0.05511387637516859,0.16345931501272676
215,m496,DAT,na,DAT,units,r107,79,0.36752136752136755,-0.20222469410456062,0.13783952455359433,0.34395958921957204
215,m496,DAT,na,DAT,units,r108,79,0.36752136752136755,-0.17730812013348163,-0.0006092623963648971,-0.022725336296728044
215,m496,DAT,na,DAT,units,r109,79,0.36752136752136755,-0.05272525027808676,0.26173912547835976,0.1551944498035793
215,m496,DAT,na,DAT,units,r110,79,0.36752136752136755,-0.28720800889877635,-0.041758844646850056,0.03634593153831276
215,m496,DAT,na,DAT,units,r111,79,0.36752136752136755,-0.5839822024471636,0.0455484567522397,0.12107601507421202
215,m496,DAT,na,DAT,units,r112,79,0.36752136752136755,-0.14171301446051168,0.07730321285077815,0.11008459639400557
215,m496,DAT,na,DAT,units,r113,79,0.36752136752136755,-0.021579532814238044,0.0437937810507088,0.02195849313299271
215,m496,DAT,na,DAT,units,r114,79,0.36752136752136755,-0.33348164627363736,-0.056064325713497835,0.3005173153882799
215,m496,DAT,na,DAT,units,r115,79,0.36752136752136755,0.17285873192436038,0.19336769935829104,-0.01536120750212683
215,m496,DAT,na,DAT,units,r116,79,0.36752136752136755,-0.15773081201334815,0.037579304607786856,-0.036139005605241324
215,m496,DAT,na,DAT,units,r117,79,0.36752136752136755,0.12525027808676306,-0.0007554853714924725,-0.06178564919238969
215,m496,DAT,na,DAT,units,r118,79,0.36752136752136755,-0.06295884315906564,0.16443992077888572,-0.06641105240222184
215,m496,DAT,na,DAT,units,r119,79,0.36752136752136755,-0.0460511679644049,-0.21193801719949312,-0.32481285435360885
215,m496,DAT,na,DAT,units,r121,79,0.36752136752136755,-0.18620689655172412,-0.0746468288026272,-0.05148804099365807
215,m496,DAT,na,DAT,units,r122,79,0.36752136752136755,-0.1835372636262514,0.22396485690373616,0.11864159233219508
215,m496,DAT,na,DAT,units,r123,79,0.36752136752136755,-0.006006674082313682,0.07446405008371773,-0.07771894603889049
215,m496,DAT,na,DAT,units,r124,79,0.36752136752136755,-0.10745272525027807,0.06506922393177102,0.0459862455966998
215,m496,DAT,na,DAT,units,r125,79,0.36752136752136755,-0.001557285873192436,0.12589798158484233,0.02609701179442149
215,m496,DAT,na,DAT,units,r126,79,0.36752136752136755,-0.36907675194660733,-0.031048011718755156,0.10041993810819837
215,m496,DAT,na,DAT,units,r127,79,0.36752136752136755,-0.06206896551724137,0.10113755779657294,0.08515610751575221
215,m496,DAT,na,DAT,units,r128,79,0.36752136752136755,0.2756395995550612,0.09017083466200476,0.12953563410272084
215,m496,DAT,na,DAT,units,r129,79,0.36752136752136755,-0.07675194660734148,0.19727916394295372,0.07545493288881476
215,m496,DAT,na,DAT,units,r130,79,0.36752136752136755,-0.2418242491657397,0.07830240318081658,0.19812549485904787
215,m496,DAT,na,DAT,units,r131,79,0.36752136752136755,-0.06384872080088987,-0.03218123977599387,-0.25897389129576104
215,m496,DAT,na,DAT,units,r132,79,0.36752136752136755,-0.18531701890989988,0.07002861983818127,0.05664901720673396
215,m496,DAT,na,DAT,units,r133,79,0.36752136752136755,-0.22491657397107895,0.034886364815854005,0.031671839873640265
215,m496,DAT,na,DAT,units,r134,79,0.36752136752136755,0.033592880978865404,0.1789891068040795,0.14262065634106183
215,m496,DAT,na,DAT,units,r135,79,0.36752136752136755,-0.17819799777530587,0.13370872550624033,0.2535329564673532
215,m496,DAT,na,DAT,units,r136,79,0.36752136752136755,-0.23737486095661847,-0.05418779753269395,-0.06005720904555766
215,m496,DAT,na,DAT,units,r137,79,0.36752136752136755,-0.02469410456062291,0.17976896267142656,0.2701357195679086
215,m496,DAT,na,DAT,units,r138,79,0.36752136752136755,-0.16885428253615126,0.022530523417573892,-0.05029517385006977
215,m496,DAT,na,DAT,units,r139,79,0.36752136752136755,-0.24360400444938823,0.06080438715721673,0.16395837167484023
215,m496,DAT,na,DAT,units,r140,79,0.36752136752136755,-0.2729699666295884,-0.0568441815808449,0.017722597561883248
215,m496,DAT,na,DAT,units,r141,79,0.36752136752136755,-0.20578420467185762,0.003704315369898574,0.14920576985821765
215,m496,DAT,na,DAT,units,r142,79,0.36752136752136755,-0.04204671857619577,0.1440296305006617,0.3904570635920954
215,m496,DAT,na,DAT,units,r143,79,0.36752136752136755,-0.24004449388209118,0.03749400787229577,0.13803176947235993
215,m496,DAT,na,DAT,units,r144,79,0.36752136752136755,-0.1870967741935484,0.1818160843232126,0.15818878977626014
215,m496,DAT,na,DAT,units,r145,79,0.36752136752136755,-0.0020022246941045607,0.10736421948742217,0.21508124925719577
215,m496,DAT,na,DAT,units,r146,79,0.36752136752136755,-0.08876529477196884,0.16206379743306262,0.30052948750199004
215,m496,DAT,na,DAT,units,r147,79,0.36752136752136755,-0.09187986651835373,0.164695810985359,0.29035360044035924
215,m496,DAT,na,DAT,units,r148,79,0.36752136752136755,-0.13192436040044492,0.1504999971500569,0.22152029740983054
215,m496,DAT,na,DAT,units,r149,79,0.36752136752136755,-0.03136818687430478,0.1948177438616395,0.37277098237134243
215,m496,DAT,na,DAT,units,r150,79,0.36752136752136755,0.10344827586206896,0.3021454076052798,0.32068650780589025
215,m496,DAT,na,DAT,units,r151,79,0.36752136752136755,-0.4398220244716351,0.11824564588649923,0.12286531578959448
215,m496,DAT,na,DAT,units,r152,79,0.36752136752136755,0.04160177975528365,0.1787210313496789,0.16591808198216387
215,m496,DAT,na,DAT,units,r153,79,0.36752136752136755,-0.10255839822024472,0.13417176492747765,0.09569715798868551
215,m496,DAT,na,DAT,units,r154,79,0.36752136752136755,-0.021134593993325918,0.10568265527345506,0.13352808739962863
215,m496,DAT,na,DAT,units,r155,79,0.36752136752136755,-0.11279199110122358,0.0911090987524067,-0.06647191297077228
215,m496,DAT,na,DAT,units,r156,79,0.36752136752136755,-0.16751946607341492,-0.007774188177616087,0.07166940552497843
215,m496,DAT,na,DAT,units,r157,79,0.36752136752136755,-0.27208008898776415,0.03923649832589937,0.0925445805377736
215,m496,DAT,na,DAT,units,r159,79,0.36752136752136755,-0.21156840934371526,0.11356651068241683,0.2507333703140337
215,m496,DAT,na,DAT,units,r160,79,0.36752136752136755,-0.08832035595105672,0.17384693217875977,0.21162436896353173
215,m496,DAT,na,DAT,units,r161,79,0.36752136752136755,-0.17063403781979977,-0.1292976657565585,-0.13197005684473778
215,m496,DAT,na,DAT,units,r162,79,0.36752136752136755,-0.09543937708565071,0.07171018405214839,0.2214837810687003
215,m496,DAT,na,DAT,units,r163,79,0.36752136752136755,-0.12614015572858733,0.10306282696908599,0.2402896967507811
215,m496,DAT,na,DAT,units,r164,79,0.36752136752136755,-0.12614015572858733,0.06291243504863928,0.18976325274021968
215,m496,DAT,na,DAT,units,r165,79,0.36752136752136755,-0.10567296996662959,0.13129604641663534,0.1401132009167844
215,m496,DAT,na,DAT,units,r166,79,0.36752136752136755,-0.52880978865406,-0.008371265326053685,0.15934514057871815
215,m496,DAT,na,DAT,units,r167,79,0.36752136752136755,-0.21957730812013349,0.04614553390067731,-0.14674700288878056
215,m496,DAT,na,DAT,units,r168,79,0.36752136752136755,-0.07630700778642936,0.0966412013114,0.018245998451416893
215,m496,DAT,na,DAT,units,r169,79,0.36752136752136755,-0.11724137931034483,-0.02880592610013234,-0.09241068728696267
215,m496,DAT,na,DAT,units,r170,79,0.36752136752136755,-0.05761957730812013,0.16211253842477183,0.20434544496490112
215,m496,DAT,na,DAT,units,r171,79,0.36752136752136755,0.2146829810901001,0.1143341813018366,0.27382387002206426
215,m496,DAT,na,DAT,units,r172,79,0.36752136752136755,0.1421579532814238,0.028501294901949886,0.027448116416240887
215,m496,DAT,na,DAT,units,r173,79,0.36752136752136755,-0.13548387096774192,0.20819714608581263,0.34837806649633274
215,m496,DAT,na,DAT,units,r174,79,0.36752136752136755,-0.29521690767519465,0.0456337534877308,0.16158480950137372
215,m496,DAT,na,DAT,units,r175,79,0.36752136752136755,-0.3908787541713014,0.06816427690530469,0.21844075264117915
215,m496,DAT,na,DAT,units,r176,79,0.36752136752136755,-0.30856507230255836,0.09889547217795011,0.24334489729201236
215,m496,DAT,na,DAT,units,r177,79,0.36752136752136755,-0.0460511679644049,0.05218941687261709,0.17380561166629874
215,m496,DAT,na,DAT,units,r178,79,0.36752136752136755,-0.08209121245828699,0.10909452469309848,0.17806585146482837
215,m496,DAT,na,DAT,units,r179,79,0.36752136752136755,-0.12658509454949946,0.18742129836976965,0.2239425480381374
215,m496,DAT,na,DAT,units,r180,79,0.36752136752136755,-0.32547274749721916,-0.12221803671079837,-0.12575010673888454
215,m496,DAT,na,DAT,units,r181,79,0.36752136752136755,-0.17597330367074526,0.19327021737487265,0.13905422702400705
215,m496,DAT,na,DAT,units,r182,79,0.36752136752136755,0.021579532814238044,-0.17552849639272688,-0.16078144999650815
215,m496,DAT,na,DAT,units,r183,79,0.36752136752136755,0.10433815350389322,-0.11729519654816999,-0.24950398682931516
215,m496,DAT,na,DAT,units,r184,79,0.36752136752136755,-0.12525027808676306,-0.030974900231191375,-0.1277585055010485
215,m496,DAT,na,DAT,units,r185,79,0.36752136752136755,-0.27474972191323693,0.08543077321828588,0.22777676385681406
215,m496,DAT,na,DAT,units,r186,79,0.36752136752136755,-0.08921023359288098,-0.023700307218594497,-0.25330168630686156
215,m496,DAT,na,DAT,units,r187,79,0.36752136752136755,-0.0825361512791991,-0.23047177929691326,-0.15440326241242378
215,m496,DAT,na,DAT,units,r188,79,0.36752136752136755,-0.21112347052280311,0.03589774039381974,-0.06006938115926776
215,m496,DAT,na,DAT,units,r189,79,0.36752136752136755,0.24716351501668518,0.034703586096944544,-0.06146917423592748
215,m496,DAT,na,DAT,units,r190,79,0.36752136752136755,-0.0731924360400445,-0.027124361886165217,-0.2198283736041288
215,m496,DAT,na,DAT,units,r191,79,0.36752136752136755,-0.19288097886540603,-0.09360707457750281,-0.08530217288027322
215,m496,DAT,na,DAT,units,r192,79,0.36752136752136755,-0.2462736373748609,0.06591000603875456,0.13731361476346493
215,m496,DAT,na,DAT,units,r193,79,0.36752136752136755,-0.09632925472747497,0.03288798415577715,0.18757227227240447
215,m496,DAT,na,DAT,units,r194,79,0.36752136752136755,-0.15194660734149054,0.23093481871815064,0.13741099167314563
215,m496,DAT,na,DAT,units,r195,79,0.36752136752136755,-0.1132369299221357,0.14954954781172766,0.18170531346414368
215,m496,DAT,na,DAT,units,r196,79,0.36752136752136755,-0.14482758620689654,0.05429746476403963,0.11176434808599726
215,m496,DAT,na,DAT,units,r197,79,0.36752136752136755,-0.3290322580645161,0.06004890178572426,0.04043576174490121
215,m496,DAT,na,DAT,units,r198,79,0.36752136752136755,-0.13548387096774192,-0.01636478796636114,0.06565638135219659
215,m496,DAT,na,DAT,units,r199,79,0.36752136752136755,-0.27919911012235815,-0.03821293750000635,-0.0106262552689039
215,m496,DAT,na,DAT,units,r200,79,0.36752136752136755,-0.001557285873192436,0.04050376411033836,0.09497900327979052
215,m496,DAT,na,DAT,units,r201,79,0.36752136752136755,-0.22135706340378197,-0.08834304747291008,-0.02065607696601365
215,m496,DAT,na,DAT,units,r202,79,0.36752136752136755,-0.17508342602892102,0.08004489363442019,0.06274724617548638
215,m496,DAT,na,DAT,units,r203,79,0.36752136752136755,-0.260511679644049,0.0059951419802305875,0.13836041654253223
215,m496,DAT,na,DAT,units,r204,79,0.36752136752136755,-0.24938820912124582,0.044342117207437214,0.174998478809887
215,m496,DAT,na,DAT,units,r205,79,0.36752136752136755,-0.06874304783092325,0.17396878465803273,0.11413791025946377
215,m496,DAT,na,DAT,units,r206,79,0.36752136752136755,0.19955506117908786,0.08309120561624467,0.249479642601895
215,m496,DAT,na,DAT,units,r207,79,0.36752136752136755,-0.21913236929922134,-0.015060966438140255,0.11921368167656905
215,m496,DAT,na,DAT,units,r208,79,0.36752136752136755,-0.3681868743047831,-0.0013769330157846675,0.11394315644010242
218,m496,DAT,na,DAT,units,r1,80,0.0,,0.10539470526614797,-0.23913043478260865
218,m496,DAT,na,DAT,units,r2,80,0.0,,0.18051020367099635,0.17043478260869566
218,m496,DAT,na,DAT,units,r3,80,0.0,,-0.13039005519751223,-0.5321739130434783
218,m496,DAT,na,DAT,units,r4,80,0.0,,-0.13688602184634135,-0.21739130434782608
218,m496,DAT,na,DAT,units,r5,80,0.0,,0.20707070498695174,-0.14869565217391303
218,m496,DAT,na,DAT,units,r6,80,0.0,,0.18035721894919424,-0.02
218,m496,DAT,na,DAT,units,r7,80,0.0,,0.16168131483381049,-0.11304347826086956
218,m496,DAT,na,DAT,units,r8,80,0.0,,0.26172155483688375,0.023478260869565212
218,m496,DAT,na,DAT,units,r9,80,0.0,,-0.14325253988441483,-0.23130434782608694
218,m496,DAT,na,DAT,units,r10,80,0.0,,0.19399639530063076,-0.22
218,m496,DAT,na,DAT,units,r11,80,0.0,,0.18075733283698445,-0.2773913043478261
218,m496,DAT,na,DAT,units,r12,80,0.0,,0.013039005519751222,-0.1652173913043478
218,m496,DAT,na,DAT,units,r13,80,0.0,,0.19081902030935566,-0.021739130434782605
218,m496,DAT,na,DAT,units,r14,80,0.0,,0.17313163285792418,0.03913043478260869
218,m496,DAT,na,DAT,units,r15,80,0.0,,0.19622055779452338,-0.11652173913043477
218,m496,DAT,na,DAT,units,r16,80,0.0,,0.142675905163776,-0.06521739130434781
218,m496,DAT,na,DAT,units,r17,80,0.0,,0.06970219286415748,-0.2643478260869565
218,m496,DAT,na,DAT,units,r18,80,0.0,,0.11933985106118875,-0.23043478260869563
218,m496,DAT,na,DAT,units,r19,80,0.0,,0.17547347590704918,-0.18173913043478263
218,m496,DAT,na,DAT,units,r20,80,0.0,,0.2048112383264894,-0.15565217391304348
218,m496,DAT,na,DAT,units,r21,80,0.0,,0.2480000020967845,-0.2252173913043478
218,m496,DAT,na,DAT,units,r22,80,0.0,,0.1839935481058758,-0.13478260869565215
218,m496,DAT,na,DAT,units,r23,80,0.0,,0.16637676898758372,-0.2782608695652174
218,m496,DAT,na,DAT,units,j2,80,0.0,,0.1731434009134474,-0.19652173913043475
218,m496,DAT,na,DAT,units,r26,80,0.0,,0.015592673568294555,-0.5313043478260869
218,m496,DAT,na,DAT,units,r27,80,0.0,,0.1358975051823891,-0.13739130434782607
218,m496,DAT,na,DAT,units,r28,80,0.0,,0.16931878286839402,-0.16173913043478258
218,m496,DAT,na,DAT,units,r29,80,0.0,,0.16900104536926652,-0.2582608695652174
218,m496,DAT,na,DAT,units,r30,80,0.0,,-0.09772193306499471,-0.3008695652173913
218,m496,DAT,na,DAT,units,r31,80,0.0,,0.011120812469462912,-0.06782608695652173
218,m496,DAT,na,DAT,units,r32,80,0.0,,0.18726506754133682,-0.07478260869565216
218,m496,DAT,na,DAT,units,r33,80,0.0,,0.2526248479174183,0.09478260869565217
218,m496,DAT,na,DAT,units,r34,80,0.0,,0.1652470356573526,-0.1643478260869565
218,m496,DAT,na,DAT,units,r35,80,0.0,,-0.055839423457779376,-0.2904347826086956
218,m496,DAT,na,DAT,units,j3,80,0.0,,0.15111360097393994,-0.26347826086956516
218,m496,DAT,na,DAT,units,r37,80,0.0,,0.12397646493734578,-0.18869565217391301
218,m496,DAT,na,DAT,units,r38,80,0.0,,0.10293518166179055,-0.033913043478260865
218,m496,DAT,na,DAT,units,j5,80,0.0,,0.16369365232828476,0.06782608695652173
218,m496,DAT,na,DAT,units,r40,80,0.0,,0.013874537461901345,-0.1869565217391304
218,m496,DAT,na,DAT,units,r41,80,0.0,,0.15575021485009696,0.13565217391304346
218,m496,DAT,na,DAT,units,r42,80,0.0,,0.027090063814501183,-0.3678260869565217
218,m496,DAT,na,DAT,units,r43,80,0.0,,0.18395824393930607,0.04521739130434782
218,m496,DAT,na,DAT,units,r44,80,0.0,,0.17747404534600017,0.13565217391304346
218,m496,DAT,na,DAT,units,r45,80,0.0,,0.060017083168529994,-0.020869565217391303
218,m496,DAT,na,DAT,units,r47,80,0.0,,0.007825756922955382,-0.4660869565217391
218,m496,DAT,na,DAT,units,j1,80,0.0,,0.14877175792481495,-0.04
218,m496,DAT,na,DAT,units,r49,80,0.0,,0.10997247886468878,-0.42869565217391303
218,m496,DAT,na,DAT,units,r50,80,0.0,,0.35048799764869193,-0.2791304347826086
218,m496,DAT,na,DAT,units,r51,80,0.0,,0.0006943152758712293,-0.3078260869565217
218,m496,DAT,na,DAT,units,r52,80,0.0,,0.04377716654645718,-0.2626086956521739
218,m496,DAT,na,DAT,units,r53,80,0.0,,0.06433595954555951,-0.16173913043478258
218,m496,DAT,na,DAT,units,r54,80,0.0,,0.17260207035937833,-0.23130434782608694
218,m496,DAT,na,DAT,units,r55,80,0.0,,-0.008131726366559653,-0.32695652173913037
218,m496,DAT,na,DAT,units,r56,80,0.0,,0.06845477897869391,-0.24695652173913044
218,m496,DAT,na,DAT,units,r57,80,0.0,,0.07200873174671275,-0.16869565217391302
218,m496,DAT,na,DAT,units,r58,80,0.0,,-0.0823410844961185,-0.49652173913043474
218,m496,DAT,na,DAT,units,r59,80,0.0,,-0.03272696241013371,-0.10869565217391304
218,m496,DAT,na,DAT,units,r61,80,0.0,,0.004683686098249987,-0.44869565217391305
218,m496,DAT,na,DAT,units,r62,80,0.0,,-0.16021030789340537,-0.5756521739130435
218,m496,DAT,na,DAT,units,r63,80,0.0,,0.1257181371547855,-0.29130434782608694
218,m496,DAT,na,DAT,units,r64,80,0.0,,0.007343266646502493,-0.27043478260869563
218,m496,DAT,na,DAT,units,r65,80,0.0,,0.08743665253768193,-0.2652173913043478
218,m496,DAT,na,DAT,units,r66,80,0.0,,0.05794590539643954,-0.3313043478260869
218,m496,DAT,na,DAT,units,r67,80,0.0,,0.3369076615748716,0.09565217391304347
218,m496,DAT,na,DAT,units,r68,80,0.0,,0.3167372144080362,0.08869565217391304
218,m496,DAT,na,DAT,units,r69,80,0.0,,0.04380070265750365,-0.16695652173913042
218,m496,DAT,na,DAT,units,r70,80,0.0,,0.2906121311464408,0.1226086956521739
218,m496,DAT,na,DAT,units,r71,80,0.0,,0.1579037690108501,-0.32260869565217387
218,m496,DAT,na,DAT,units,r72,80,0.0,,0.21169555080758548,-0.26086956521739124
218,m496,DAT,na,DAT,units,r73,80,0.0,,0.1616460106672408,-0.3313043478260869
218,m496,DAT,na,DAT,units,r74,80,0.0,,0.10573597887632195,-0.15043478260869564
218,m496,DAT,na,DAT,units,r75,80,0.0,,-0.020170447166835373,-0.23478260869565212
218,m496,DAT,na,DAT,units,r76,80,0.0,,0.11449141218561339,-0.31478260869565217
218,m496,DAT,na,DAT,units,r77,80,0.0,,0.26549910065984417,-0.04347826086956521
218,m496,DAT,na,DAT,units,r78,80,0.0,,0.10300578999493,-0.21391304347826084
218,m496,DAT,na,DAT,units,r79,80,0.0,,0.07413874979641942,-0.11565217391304347
218,m496,DAT,na,DAT,units,r80,80,0.0,,0.08751902892634462,-0.32434782608695645
218,m496,DAT,na,DAT,units,r81,80,0.0,,0.16887159675851085,-0.40869565217391296
218,m496,DAT,na,DAT,units,r82,80,0.0,,0.09845155250743566,-0.3121739130434782
218,m496,DAT,na,DAT,units,r83,80,0.0,,0.04497750820982777,-0.3321739130434782
218,m496,DAT,na,DAT,units,r84,80,0.0,,0.15590319957189908,-0.10434782608695652
218,m496,DAT,na,DAT,units,r85,80,0.0,,-0.27618449507494713,-0.3060869565217391
218,m496,DAT,na,DAT,units,r86,80,0.0,,0.10526525665539233,-0.21130434782608692
218,m496,DAT,na,DAT,units,r87,80,0.0,,0.07059656508392381,-0.13391304347826086
218,m496,DAT,na,DAT,units,r88,80,0.0,,0.16823612176025582,-0.05565217391304347
218,m496,DAT,na,DAT,units,r89,80,0.0,,-0.08960197475395833,-0.25217391304347825
218,m496,DAT,na,DAT,units,r90,80,0.0,,-0.11158470247137282,-0.42173913043478256
218,m496,DAT,na,DAT,units,r91,80,0.0,,0.09926354833853931,-0.05391304347826086
218,m496,DAT,na,DAT,units,r92,80,0.0,,0.04438910543366571,-0.03739130434782608
218,m496,DAT,na,DAT,units,r93,80,0.0,,0.28908228392841945,-0.03739130434782608
218,m496,DAT,na,DAT,units,r94,80,0.0,,0.23845610906743595,-0.2226086956521739
218,m496,DAT,na,DAT,units,r95,80,0.0,,-0.1318728301934406,-0.32434782608695645
218,m496,DAT,na,DAT,units,r96,80,0.0,,0.17472032035356175,-0.1652173913043478
218,m496,DAT,na,DAT,units,r97,80,0.0,,0.21802676467908927,-0.1843478260869565
218,m496,DAT,na,DAT,units,r98,80,0.0,,2.353611104648235e-05,-0.1269565217391304
218,m496,DAT,na,DAT,units,r99,80,0.0,,0.12245838577484766,-0.2504347826086956
218,m496,DAT,na,DAT,units,r100,80,0.0,,0.23594951324098556,0.03652173913043478
218,m496,DAT,na,DAT,units,r101,80,0.0,,0.10533586498853176,-0.16347826086956518
218,m496,DAT,na,DAT,units,r102,80,0.0,,0.13951029822802413,-0.4513043478260869
218,m496,DAT,na,DAT,units,r103,80,0.0,,-0.09616854973592688,-0.3313043478260869
218,m496,DAT,na,DAT,units,r104,80,0.0,,0.18339337727419047,-0.04434782608695652
218,m496,DAT,na,DAT,units,r106,80,0.0,,0.05578058318016317,0.12608695652173912
218,m496,DAT,na,DAT,units,r107,80,0.0,,0.13554446351669186,-0.2573913043478261
218,m496,DAT,na,DAT,units,r108,80,0.0,,0.0016239916622072823,-0.1252173913043478
218,m496,DAT,na,DAT,units,j4,80,0.0,,-0.011673911079055245,-0.45217391304347826
218,m496,DAT,na,DAT,units,r111,80,0.0,,0.21070703414363326,-0.44695652173913036
218,m496,DAT,na,DAT,units,r113,80,0.0,,-0.003424504157263182,0.2904347826086956
218,m496,DAT,na,DAT,units,r114,80,0.0,,0.13148448436117366,-0.32347826086956516
218,m496,DAT,na,DAT,units,r115,80,0.0,,0.06790168036910159,-0.1869565217391304
218,m496,DAT,na,DAT,units,r116,80,0.0,,-0.17417898979949265,-0.12782608695652173
218,m496,DAT,na,DAT,units,r117,80,0.0,,-0.1962793980721396,-0.17043478260869566
218,m496,DAT,na,DAT,units,r118,80,0.0,,0.2008100994485874,-0.14608695652173911
218,m496,DAT,na,DAT,units,r119,80,0.0,,0.13248476908064916,-0.27652173913043476
218,m496,DAT,na,DAT,units,r120,80,0.0,,0.07096137480514429,-0.29478260869565215
218,m496,DAT,na,DAT,units,r121,80,0.0,,0.19156040780731987,-0.034782608695652174
218,m496,DAT,na,DAT,units,r122,80,0.0,,-0.035363006847339735,0.09391304347826085
218,m496,DAT,na,DAT,units,r123,80,0.0,,0.08344728171530318,-0.40869565217391296
218,m496,DAT,na,DAT,units,r124,80,0.0,,0.20588213137910436,-0.1843478260869565
218,m496,DAT,na,DAT,units,r125,80,0.0,,0.24053905489504962,-0.32
218,m496,DAT,na,DAT,units,r126,80,0.0,,0.021559077718577832,-0.32260869565217387
218,m496,DAT,na,DAT,units,r127,80,0.0,,0.19784454945673063,0.009565217391304347
218,m496,DAT,na,DAT,units,j6,80,0.0,,0.09093176502808456,-0.5495652173913043
218,m496,DAT,na,DAT,units,r130,80,0.0,,0.009638037473534523,-0.7295652173913043
218,m496,DAT,na,DAT,units,r131,80,0.0,,0.03308000407583095,0.017391304347826087
218,m496,DAT,na,DAT,units,r133,80,0.0,,-0.026230995761304582,-0.27304347826086955
218,m496,DAT,na,DAT,units,r134,80,0.0,,0.36576293371785895,-0.15130434782608695
218,m496,DAT,na,DAT,units,r135,80,0.0,,-0.2689118367615841,-0.23565217391304347
218,m496,DAT,na,DAT,units,r136,80,0.0,,0.09572136362604372,0.02608695652173913
218,m496,DAT,na,DAT,units,r137,80,0.0,,-0.01902894578108098,-0.09391304347826085
218,m496,DAT,na,DAT,units,j7,80,0.0,,0.04596602487378003,-0.4556521739130434
218,m496,DAT,na,DAT,units,r139,80,0.0,,0.08089361366675984,-0.4669565217391304
218,m496,DAT,na,DAT,units,r140,80,0.0,,-0.009332068029930252,-0.21130434782608692
218,m496,DAT,na,DAT,units,r141,80,0.0,,-0.22139242855873623,-0.4504347826086956
218,m496,DAT,na,DAT,units,r142,80,0.0,,0.21532011190874378,-0.5304347826086956
218,m496,DAT,na,DAT,units,r143,80,0.0,,0.21616741190641714,-0.03652173913043478
218,m496,DAT,na,DAT,units,r144,80,0.0,,0.07832817756269327,-0.41478260869565214
218,m496,DAT,na,DAT,units,r145,80,0.0,,0.10858384831294633,-0.09565217391304347
218,m496,DAT,na,DAT,units,r146,80,0.0,,0.1128321163568364,-0.14260869565217388
218,m496,DAT,na,DAT,units,r147,80,0.0,,0.32573977688331573,0.07739130434782608
218,m496,DAT,na,DAT,units,r148,80,0.0,,0.037304736008674524,-0.05913043478260869
218,m496,DAT,na,DAT,units,r149,80,0.0,,0.39100541281521134,-0.25304347826086954
218,m496,DAT,na,DAT,units,r150,80,0.0,,0.14497067599080804,-0.09478260869565217
218,m496,DAT,na,DAT,units,r151,80,0.0,,0.008508304143303369,-0.11565217391304347
218,m496,DAT,na,DAT,units,r152,80,0.0,,0.017051912453176464,-0.13739130434782607
218,m496,DAT,na,DAT,units,r153,80,0.0,,0.014239347183121823,-0.3460869565217391
218,m496,DAT,na,DAT,units,r154,80,0.0,,-0.029349530474963494,-0.03739130434782608
218,m496,DAT,na,DAT,units,r155,80,0.0,,0.20448173277183868,-0.27478260869565213
218,m496,DAT,na,DAT,units,r156,80,0.0,,0.032009111023216,-0.32
218,m496,DAT,na,DAT,units,r157,80,0.0,,0.0740799095188032,-0.45217391304347826
218,m496,DAT,na,DAT,units,r158,80,0.0,,0.1607987106695674,-0.03043478260869565
218,m496,DAT,na,DAT,units,r159,80,0.0,,-0.017557938840675833,-0.3947826086956522
218,m496,DAT,na,DAT,units,r160,80,0.0,,0.07069070952810974,-0.19478260869565217
218,m496,DAT,na,DAT,units,r161,80,0.0,,-0.21499060635409303,-0.6565217391304347
218,m496,DAT,na,DAT,units,r162,80,0.0,,-0.03947005822495091,-0.5721739130434782
218,m496,DAT,na,DAT,units,r163,80,0.0,,-0.02644282076072292,-0.2869565217391304
218,m496,DAT,na,DAT,units,r164,80,0.0,,0.09594495668098531,-0.268695652173913
218,m496,DAT,na,DAT,units,r165,80,0.0,,0.09141425530453745,-0.37217391304347824
218,m496,DAT,na,DAT,units,r166,80,0.0,,0.08050526783449288,-0.39739130434782605
218,m496,DAT,na,DAT,units,r167,80,0.0,,0.18369934671779475,-0.2121739130434782
218,m496,DAT,na,DAT,units,r168,80,0.0,,-0.06854892342287985,-0.2869565217391304
218,m496,DAT,na,DAT,units,r169,80,0.0,,0.031091202692403185,-0.32521739130434785
218,m496,DAT,na,DAT,units,r170,80,0.0,,-0.09960482194871331,-0.29217391304347823
218,m496,DAT,na,DAT,units,r171,80,0.0,,0.03255044157728509,-0.35130434782608694
218,m496,DAT,na,DAT,units,r172,80,0.0,,0.060993831776959016,-0.29217391304347823
218,m496,DAT,na,DAT,units,r173,80,0.0,,0.15331422735678601,-0.03304347826086956
218,m496,DAT,na,DAT,units,r174,80,0.0,,0.22739413687558924,0.02
218,m496,DAT,na,DAT,units,r175,80,0.0,,0.05703976512114998,-0.033913043478260865
218,m496,DAT,na,DAT,units,r176,80,0.0,,0.17274328702565722,-0.07913043478260869
218,m496,DAT,na,DAT,units,r177,80,0.0,,0.17183714675036765,0.06608695652173913
218,m496,DAT,na,DAT,units,r178,80,0.0,,0.16803606481636077,-0.15304347826086956
218,m496,DAT,na,DAT,units,r179,80,0.0,,-0.007072601369467946,0.08086956521739129
218,m496,DAT,na,DAT,units,r180,80,0.0,,-0.09210857058040868,-0.2817391304347826
218,m496,DAT,na,DAT,units,r181,80,0.0,,0.26080364650607096,-0.3904347826086956
218,m496,DAT,na,DAT,units,r182,80,0.0,,0.19007763281139148,-0.31565217391304345
218,m496,DAT,na,DAT,units,r183,80,0.0,,0.37600114202307877,-0.041739130434782605
218,m496,DAT,na,DAT,units,r184,80,0.0,,0.31394818524902807,0.04434782608695652
218,m496,DAT,na,DAT,units,r185,80,0.0,,-0.10623023720829809,-0.04
218,m496,DAT,na,DAT,units,r186,80,0.0,,0.07066717341706326,0.03304347826086956
218,m496,DAT,na,DAT,units,r187,80,0.0,,0.07418582201851237,-0.3756521739130434
218,m496,DAT,na,DAT,units,r188,80,0.0,,0.11313808580044066,-0.29478260869565215
218,m496,DAT,na,DAT,units,r189,80,0.0,,0.37926089340301655,-0.13130434782608694
218,m496,DAT,na,DAT,units,r190,80,0.0,,0.10783069275945889,-0.1695652173913043
218,m496,DAT,na,DAT,units,r191,80,0.0,,0.033597798518853556,-0.39826086956521733
218,m496,DAT,na,DAT,units,r192,80,0.0,,-0.015875106900852344,-0.08869565217391304
218,m496,DAT,na,DAT,units,r193,80,0.0,,0.02583088187351438,-0.1417391304347826
218,m496,DAT,na,DAT,units,r194,80,0.0,,0.09289703030046582,-0.2669565217391304
218,m496,DAT,na,DAT,units,r196,80,0.0,,0.04986125125197286,-0.2573913043478261
218,m496,DAT,na,DAT,units,r197,80,0.0,,0.02001746244503324,-0.3660869565217391
218,m496,DAT,na,DAT,units,r198,80,0.0,,0.29809661445922225,-0.07826086956521738
218,m496,DAT,na,DAT,units,r199,80,0.0,,-0.005836955539527623,-0.38608695652173913
218,m496,DAT,na,DAT,units,r200,80,0.0,,0.04090576099878633,-0.2904347826086956
218,m496,DAT,na,DAT,units,r201,80,0.0,,0.06741919009264868,-0.2834782608695652
218,m496,DAT,na,DAT,units,r202,80,0.0,,0.05164999569150552,-0.2695652173913043
218,m496,DAT,na,DAT,units,r203,80,0.0,,0.1531141704128909,-0.2573913043478261
218,m496,DAT,na,DAT,units,r204,80,0.0,,0.1428171218300549,-0.48956521739130426
222,m496,DAT,na,DAT,units,r1,80,0.9913793103448276,-0.022898154477101848,-0.11445232331477413,0.04000257854369291
222,m496,DAT,na,DAT,units,r2,80,0.9913793103448276,0.03062200956937799,-0.09400644860557547,0.13767075522244854
222,m496,DAT,na,DAT,units,r3,80,0.9913793103448276,0.13116883116883118,0.11168397768576042,0.08731884270451573
222,m496,DAT,na,DAT,units,r4,80,0.9913793103448276,-0.15119617224880383,-0.016164323206698653,0.16758185409250545
222,m496,DAT,na,DAT,units,r5,80,0.9913793103448276,0.04996582365003418,0.04687419124380829,0.05597782453110968
222,m496,DAT,na,DAT,units,r6,80,0.9913793103448276,0.012030075187969926,-0.06532591867786995,-0.04034247739448901
222,m496,DAT,na,DAT,units,j4,80,0.9913793103448276,0.07676008202323993,0.04358971337887677,-0.08352135209562135
222,m496,DAT,na,DAT,units,r8,80,0.9913793103448276,0.22112098427887902,0.061208591068616515,0.07019497301440869
222,m496,DAT,na,DAT,units,r9,80,0.9913793103448276,0.46069719753930277,0.2381832965979798,0.25937798510750776
222,m496,DAT,na,DAT,units,r10,80,0.9913793103448276,0.04114832535885168,-0.05466309589493158,0.11325664121526649
222,m496,DAT,na,DAT,units,r11,80,0.9913793103448276,0.061927546138072456,-0.056410907330198705,0.10420829939407372
222,m496,DAT,na,DAT,units,r12,80,0.9913793103448276,0.3292549555707451,0.20912739777142494,0.13264259636067174
222,m496,DAT,na,DAT,units,r13,80,0.9913793103448276,0.2591250854408749,0.1634262343365208,0.17987681597130237
222,m496,DAT,na,DAT,units,r14,80,0.9913793103448276,-0.08352699931647302,-0.13245830018145224,0.0982073265800184
222,m496,DAT,na,DAT,units,r15,80,0.9913793103448276,0.32351332877648664,0.1202353504126714,0.17555189611117267
222,m496,DAT,na,DAT,units,r16,80,0.9913793103448276,0.19726589200273412,0.09081581296535629,0.032981909177249295
222,m496,DAT,na,DAT,units,r17,80,0.9913793103448276,0.046274777853725226,-0.032000198626904154,0.007981762668694659
222,m496,DAT,na,DAT,units,j5,80,0.9913793103448276,0.0012303485987696515,-0.012868115063678099,-0.008673281020314314
222,m496,DAT,na,DAT,units,r19,80,0.9913793103448276,0.08318523581681476,-0.08533777309777409,0.19524258815729165
222,m496,DAT,na,DAT,units,r20,80,0.9913793103448276,0.07532467532467534,-0.047929916271821985,0.17857582381825524
222,m496,DAT,na,DAT,units,r21,80,0.9913793103448276,0.3330827067669173,0.25017164080497983,0.2551116684975153
222,m496,DAT,na,DAT,units,r22,80,0.9913793103448276,0.035680109364319895,-0.1307926006928084,0.10072726633592055
222,m496,DAT,na,DAT,units,r23,80,0.9913793103448276,0.31838687628161316,0.15720918694932898,0.18790546124010685
222,m496,DAT,na,DAT,units,r24,80,0.9913793103448276,0.3053315105946685,0.256799247925288,0.17772021636625127
222,m496,DAT,na,DAT,units,r25,80,0.9913793103448276,-0.09706083390293918,-0.10732031423663713,-0.055790294130670444
222,m496,DAT,na,DAT,units,r26,80,0.9913793103448276,-0.07580314422419687,-0.13116796959165772,-0.027051260263358693
222,m496,DAT,na,DAT,units,r27,80,0.9913793103448276,-0.026999316473000686,-0.10370738858521247,-0.11235415116315271
222,m496,DAT,na,DAT,units,r28,80,0.9913793103448276,0.2437457279562543,0.07383037029242476,0.14158545233161743
222,m496,DAT,na,DAT,units,r29,80,0.9913793103448276,-0.1531784005468216,-0.0753553064440001,-0.09198366141544154
222,m496,DAT,na,DAT,units,r30,80,0.9913793103448276,-0.013055365686944636,-0.06722622372829462,-0.027895147065335222
222,m496,DAT,na,DAT,units,r31,80,0.9913793103448276,0.2978810663021189,0.12973687566479472,0.19184359964933065
222,m496,DAT,na,DAT,units,r32,80,0.9913793103448276,-0.024401913875598088,-0.17885155002360986,0.11469828116864307
222,m496,DAT,na,DAT,units,r33,80,0.9913793103448276,0.05789473684210527,-0.037959179896137035,0.1670895867913525
222,m496,DAT,na,DAT,units,r34,80,0.9913793103448276,0.06883116883116884,-0.005783027097897268,0.03424773938021409
222,m496,DAT,na,DAT,units,r35,80,0.9913793103448276,-0.0330827067669173,-0.12207700407265085,0.06830794835998895
222,m496,DAT,na,DAT,units,r36,80,0.9913793103448276,-0.21626794258373205,-0.14228827322006868,-0.11963267483020028
222,m496,DAT,na,DAT,units,r37,80,0.9913793103448276,0.31927546138072455,0.2319427886546099,0.17966584427080826
222,m496,DAT,na,DAT,units,r38,80,0.9913793103448276,0.015994531784005468,-0.15239977293282211,0.013560792081761702
222,m496,DAT,na,DAT,units,r39,80,0.9913793103448276,0.48304853041695145,0.323556260530021,0.26321063766648445
222,m496,DAT,na,DAT,units,r40,80,0.9913793103448276,0.18373205741626794,0.05974230630748638,0.097703338628838
222,m496,DAT,na,DAT,units,r41,80,0.9913793103448276,0.021257689678742312,0.001783002269534249,0.03018067382068832
222,m496,DAT,na,DAT,units,r42,80,0.9913793103448276,0.2684894053315106,0.07292713887956859,0.1701252351484625
222,m496,DAT,na,DAT,units,r43,80,0.9913793103448276,0.1989747095010253,0.07083914937971929,0.16129958567779132
222,m496,DAT,na,DAT,units,r44,80,0.9913793103448276,0.29589883800410116,0.09725573563623985,0.17178956745236065
222,m496,DAT,na,DAT,units,r45,80,0.9913793103448276,0.09938482570061517,-0.04402373366817129,0.1538921348604418
222,m496,DAT,na,DAT,units,r46,80,0.9913793103448276,0.41784005468215996,0.19534432101680166,0.24305111961926748
222,m496,DAT,na,DAT,units,r47,80,0.9913793103448276,-0.06903622693096377,-0.09414721194264397,-0.003914697109168893
222,m496,DAT,na,DAT,units,r48,80,0.9913793103448276,-0.020232399179767605,-0.026475237646965792,-0.022679457803119182
222,m496,DAT,na,DAT,units,r49,80,0.9913793103448276,0.14586466165413534,-0.009126156353273985,0.16420630688459936
222,m496,DAT,na,DAT,units,r50,80,0.9913793103448276,0.001093643198906357,0.00016422389324657557,-0.030274439020907932
222,m496,DAT,na,DAT,units,r51,80,0.9913793103448276,0.2268626110731374,0.07085087965780831,0.13867873112480938
222,m496,DAT,na,DAT,units,r52,80,0.9913793103448276,0.31770334928229665,0.25765555822578806,0.3317529990270225
222,m496,DAT,na,DAT,units,r53,80,0.9913793103448276,0.12118933697881067,-0.020222999425506875,0.11873018477808649
222,m496,DAT,na,DAT,units,r54,80,0.9913793103448276,0.09104579630895422,-0.03990640605891786,0.14812557504693552
222,m496,DAT,na,DAT,units,r55,80,0.9913793103448276,0.24053315105946685,0.11506229777540428,0.13999144392788399
222,m496,DAT,na,DAT,units,r56,80,0.9913793103448276,0.0924812030075188,-0.02365997090559592,0.09058890406217476
222,m496,DAT,na,DAT,units,r58,80,0.9913793103448276,0.016951469583048533,-0.07228197358467132,0.04315543340107743
222,m496,DAT,na,DAT,units,r59,80,0.9913793103448276,0.24989747095010253,0.07368960695535626,0.1942346122549308
222,m496,DAT,na,DAT,units,r60,80,0.9913793103448276,0.06254272043745727,-0.05781854070088364,0.15419687176115554
222,m496,DAT,na,DAT,units,r61,80,0.9913793103448276,-0.016267942583732056,-0.005302085696246583,0.016701926289118776
222,m496,DAT,na,DAT,units,r62,80,0.9913793103448276,0.25126452494873547,0.18371961543056192,0.08084904388936234
222,m496,DAT,na,DAT,units,r63,80,0.9913793103448276,0.3683526999316474,0.2802949949376374,0.19541839790770343
222,m496,DAT,na,DAT,units,r64,80,0.9913793103448276,-0.030485304169514702,-0.011566054195794536,-0.016350306788295223
222,m496,DAT,na,DAT,units,r65,80,0.9913793103448276,0.18974709501025291,-0.007225851302849325,0.2082876716378455
222,m496,DAT,na,DAT,units,r66,80,0.9913793103448276,0.22775119617224882,0.11602418057870564,0.13354508641278554
222,m496,DAT,na,DAT,units,r67,80,0.9913793103448276,-0.15290498974709502,-0.08437589029447272,-0.00508676211191407
222,m496,DAT,na,DAT,units,r68,80,0.9913793103448276,-0.14135338345864662,-0.03456912952840416,-0.23020528718918032
222,m496,DAT,na,DAT,units,r69,80,0.9913793103448276,-0.034928229665071774,0.011800659757575358,0.008110689818996628
222,m496,DAT,na,DAT,units,r70,80,0.9913793103448276,-0.005878332194121668,-0.1385815053439317,0.13611190876879747
222,m496,DAT,na,DAT,units,r71,80,0.9913793103448276,0.22378673957621328,0.0749799375451508,0.1659761250387446
222,m496,DAT,na,DAT,units,r72,80,0.9913793103448276,0.35837320574162684,0.24000148970178117,0.0808607645393898
222,m496,DAT,na,DAT,units,j1,80,0.9913793103448276,0.0017088174982911827,0.002299134505452058,0.04380006915258729
222,m496,DAT,na,DAT,units,r74,80,0.9913793103448276,0.19425837320574166,0.2275439343712195,0.2315179999922549
222,m496,DAT,na,DAT,units,r75,80,0.9913793103448276,-0.12453861927546139,0.011824120313753442,-0.17481349515944322
222,m496,DAT,na,DAT,units,r76,80,0.9913793103448276,-0.07894736842105264,-0.15822972114307557,0.030626058521731482
222,m496,DAT,na,DAT,units,r77,80,0.9913793103448276,0.4224196855775803,0.22571401098932908,0.35987083844287926
222,m496,DAT,na,DAT,units,r78,80,0.9913793103448276,-0.014012303485987697,0.05251645500463706,0.04238187049926562
222,m496,DAT,na,DAT,units,r80,80,0.9913793103448276,0.42269309637730695,0.26550311426735657,0.24990769988532674
222,m496,DAT,na,DAT,units,r81,80,0.9913793103448276,0.46842105263157896,0.3233803063586854,0.2765721786977795
222,m496,DAT,na,DAT,units,r82,80,0.9913793103448276,-0.05112781954887219,-0.12923247370696594,-0.00455933286067874
222,m496,DAT,na,DAT,units,j3,80,0.9913793103448276,0.2723855092276145,0.1175843075645481,0.13287700936122077
222,m496,DAT,na,DAT,units,r84,80,0.9913793103448276,0.2948735475051265,0.3154506383704936,0.2391950257602358
222,m496,DAT,na,DAT,units,r85,80,0.9913793103448276,0.033766233766233764,0.0812321757666097,0.146789420943806
222,m496,DAT,na,DAT,units,r86,80,0.9913793103448276,0.059876965140123035,-0.0006686258510753433,0.20198196192307644
222,m496,DAT,na,DAT,units,r87,80,0.9913793103448276,0.37320574162679426,0.27209553055339764,0.25739719525286847
222,m496,DAT,na,DAT,units,r88,80,0.9913793103448276,0.042173615857826384,0.014170175931561663,-0.020722109248534737
222,m496,DAT,na,DAT,units,r89,80,0.9913793103448276,0.38749145591250855,0.29278774110246614,0.3157660323895783
222,m496,DAT,na,DAT,units,r90,80,0.9913793103448276,-0.17505126452494874,-0.08272192108391792,-0.03545496633304161
222,m496,DAT,na,DAT,units,r91,80,0.9913793103448276,0.24853041695146963,0.2816908980302333,0.21520285515404206
222,m496,DAT,na,DAT,units,r92,80,0.9913793103448276,0.3706766917293233,0.21164940756056877,0.1755753374112276
222,m496,DAT,na,DAT,units,r93,80,0.9913793103448276,0.09542036910457963,0.006627607120308228,0.11231898921307036
222,m496,DAT,na,DAT,units,r94,80,0.9913793103448276,0.33362952836637044,0.20530332711439753,0.23830425635814947
222,m496,DAT,na,DAT,units,r95,80,0.9913793103448276,0.46473000683527005,0.24997222607746608,0.23731972175584357
222,m496,DAT,na,DAT,units,r96,80,0.9913793103448276,0.41100478468899526,0.2378431185333976,0.2455710593751696
222,m496,DAT,na,DAT,units,r97,80,0.9913793103448276,-0.16944634313055368,-0.15574290218819883,-0.1869678092379107
222,m496,DAT,na,DAT,units,r98,80,0.9913793103448276,0.02057416267942584,0.00043402028929452114,-0.011310427276490962
222,m496,DAT,na,DAT,units,r99,80,0.9913793103448276,0.03896103896103897,-0.11230568242447961,0.13341615926248357
222,m496,DAT,na,DAT,units,r100,80,0.9913793103448276,0.28161312371838687,0.2440367053644113,0.020429092997848442
222,m496,DAT,na,DAT,units,r103,80,0.9913793103448276,0.1585099111414901,0.36757999419819226,0.1859715539855773
222,m496,DAT,na,DAT,units,r104,80,0.9913793103448276,0.04060150375939849,-0.07614123507596586,0.11376062916644693
222,m496,DAT,na,DAT,units,r105,80,0.9913793103448276,0.2602187286397813,0.0937014613752604,0.02654727231217827
222,m496,DAT,na,DAT,units,r106,80,0.9913793103448276,0.026794258373205745,-0.10448158693908917,0.1358892164182759
222,m496,DAT,na,DAT,units,r107,80,0.9913793103448276,0.38660287081339717,0.2512625566672606,0.1996261112675586
222,m496,DAT,na,DAT,units,r108,80,0.9913793103448276,0.43595352016404654,0.28888155849881547,0.12930221110284795
222,m496,DAT,na,DAT,units,r109,80,0.9913793103448276,0.3996582365003417,0.3232395430216169,0.3105737844274171
222,m496,DAT,na,DAT,units,r110,80,0.9913793103448276,-0.09753930280246072,-0.0360354142895343,0.05110203411968973
222,m496,DAT,na,DAT,units,r111,80,0.9913793103448276,0.2874914559125085,0.10547866057665768,0.24901693048324042
222,m496,DAT,na,DAT,units,j2,80,0.9913793103448276,0.12952836637047163,0.037595541275376766,0.1423238532833469
222,m496,DAT,na,DAT,units,r115,80,0.9913793103448276,-0.08530416951469584,-0.10968983041062344,-0.07280867797053042
222,m496,DAT,na,DAT,units,r116,80,0.9913793103448276,-0.16097060833902938,0.015718572639315087,-0.04356565615203825
222,m496,DAT,na,DAT,units,r117,80,0.9913793103448276,-0.04866712235133288,-0.04598269010904116,-0.005016438211749359
222,m496,DAT,na,DAT,units,r118,80,0.9913793103448276,-0.13588516746411483,-0.08349611943779464,0.19348449065317389
222,m496,DAT,na,DAT,units,r119,80,0.9913793103448276,0.0518796992481203,-0.10298011134369192,0.17060578179958805
222,m496,DAT,na,DAT,units,r120,80,0.9913793103448276,0.1281613123718387,0.003976564272184936,0.18333440772940068
222,m496,DAT,na,DAT,units,r121,80,0.9913793103448276,-0.12371838687628162,-0.12992456011421935,-0.08962781075992372
222,m496,DAT,na,DAT,units,r122,80,0.9913793103448276,0.06773752563226247,0.014510353996143857,0.17545813091095305
222,m496,DAT,na,DAT,units,r123,80,0.9913793103448276,0.2915242652084758,0.23284602006746608,0.3511155128723728
222,m496,DAT,na,DAT,units,r124,80,0.9913793103448276,-0.12207792207792208,-0.1413733115291235,0.03681456173622602
222,m496,DAT,na,DAT,units,r125,80,0.9913793103448276,0.1974025974025974,0.05384197642869871,0.12153142013464745
222,m496,DAT,na,DAT,units,r126,80,0.9913793103448276,0.030143540669856462,0.17704508719789752,0.09085847901280615
222,m496,DAT,na,DAT,units,r127,80,0.9913793103448276,-0.12214627477785374,-0.023988418692089078,-0.05188731767152901
222,m496,DAT,na,DAT,units,r128,80,0.9913793103448276,0.1416267942583732,0.10632324059906864,0.11885911192838843
222,m496,DAT,na,DAT,units,r129,80,0.9913793103448276,0.2107997265892003,0.2572098076584045,0.18518627043373803
222,m496,DAT,na,DAT,units,r130,80,0.9913793103448276,0.12522214627477787,0.10856372371407548,0.02092136029900142
222,m496,DAT,na,DAT,units,r131,80,0.9913793103448276,0.40683526999316477,0.2613857866581031,0.2076078739362533
222,m496,DAT,na,DAT,units,r132,80,0.9913793103448276,0.21845522898154482,0.3152043025306237,0.14241761848356652
222,m496,DAT,na,DAT,units,r133,80,0.9913793103448276,0.49254955570745046,0.33132170462496624,0.23034593498950973
222,m496,DAT,na,DAT,units,r134,80,0.9913793103448276,0.2922077922077922,0.1506050403851988,0.15381009031024961
222,m496,DAT,na,DAT,units,r135,80,0.9913793103448276,0.0924812030075188,0.3150635391935553,-0.07796576398260921
222,m496,DAT,na,DAT,units,r136,80,0.9913793103448276,0.22248803827751198,0.15535580301126048,0.1752588798604864
222,m496,DAT,na,DAT,units,r137,80,0.9913793103448276,0.37826384142173614,0.26301629531247983,0.2264429585303683
222,m496,DAT,na,DAT,units,r138,80,0.9913793103448276,0.467259056732741,0.3446942216464731,0.25736203330278606
222,m496,DAT,na,DAT,units,r139,80,0.9913793103448276,-0.05372522214627478,-0.06984207574215079,0.038478894040124174
222,m496,DAT,na,DAT,units,r140,80,0.9913793103448276,-0.09419002050580999,0.12256967575239058,-0.14653156664320208
222,m496,DAT,na,DAT,units,r141,80,0.9913793103448276,0.2557758031442242,0.025994296245315105,0.15284899700799862
222,m496,DAT,na,DAT,units,r142,80,0.9913793103448276,0.1103896103896104,0.005102670968732884,0.1270635669476047
222,m496,DAT,na,DAT,units,r143,80,0.9913793103448276,-0.0027341079972658926,0.023460556178082223,0.04034247739448901
222,m496,DAT,na,DAT,units,r144,80,0.9913793103448276,0.43520164046479837,0.2628755319754113,0.30089252750474194
222,m496,DAT,na,DAT,units,r145,80,0.9913793103448276,0.434107997265892,0.288177741813473,0.29989627225240856
222,m496,DAT,na,DAT,units,r146,80,0.9913793103448276,0.11613123718386877,0.2072388229990893,0.11796834252630212
222,m496,DAT,na,DAT,units,r147,80,0.9913793103448276,-0.001093643198906357,-0.004175978999698636,0.17917357696965527
222,m496,DAT,na,DAT,units,r148,80,0.9913793103448276,0.1836637047163363,-0.012199489212602756,0.21260087084794776
222,m496,DAT,na,DAT,units,r149,80,0.9913793103448276,0.10553656869446343,0.01811154936947948,0.09821904723004589
222,m496,DAT,na,DAT,units,r150,80,0.9913793103448276,0.3052631578947369,0.10157247797300699,0.22256342337128174
222,m496,DAT,na,DAT,units,r151,80,0.9913793103448276,0.14976076555023923,-0.05249299444845897,0.14714104044462956
222,m496,DAT,na,DAT,units,r152,80,0.9913793103448276,0.16131237183868763,0.09180115632483574,0.04255768024967739
222,m496,DAT,na,DAT,units,r153,80,0.9913793103448276,-0.0748462064251538,-0.07507377976986312,-0.04960179091617591
222,m496,DAT,na,DAT,units,r154,80,0.9913793103448276,0.0950786056049214,0.021525060293390443,0.16168636712869724
222,m496,DAT,na,DAT,units,r155,80,0.9913793103448276,0.3266575529733425,0.2452683845637606,0.1616160432285325
222,m496,DAT,na,DAT,units,r156,80,0.9913793103448276,0.1534518113465482,0.03387704312115073,-0.015131359185440242
222,m496,DAT,na,DAT,units,r157,80,0.9913793103448276,0.03130553656869447,-0.049009101856013766,0.132337859459958
222,m496,DAT,na,DAT,units,r158,80,0.9913793103448276,0.38332194121667806,0.2240835023349524,0.14272235538428024
222,m496,DAT,na,DAT,units,r159,80,0.9913793103448276,0.17539302802460696,0.051144012468219244,0.0214605102002642
222,m496,DAT,na,DAT,units,r160,80,0.9913793103448276,-0.02652084757347915,-0.04495042563720554,0.062107724495466955
222,m496,DAT,na,DAT,units,r161,80,0.9913793103448276,0.29651401230348606,0.1815260534279112,-0.026078446311080198
222,m496,DAT,na,DAT,units,r162,80,0.9913793103448276,-0.14572795625427204,-0.15068715233182212,0.006786256365894578
222,m496,DAT,na,DAT,units,r163,80,0.9913793103448276,0.06766917293233084,-0.08708558453304123,0.12516482164315748
222,m496,DAT,na,DAT,units,r164,80,0.9913793103448276,0.011825017088174985,-0.053536989198383636,0.11789801862613739
222,m496,DAT,na,DAT,units,r165,80,0.9913793103448276,0.1278879015721121,0.24495166705535648,0.3366756720385522
222,m496,DAT,na,DAT,units,r166,80,0.9913793103448276,0.1293233082706767,0.049959254381226094,-0.022749781703283893
222,m496,DAT,na,DAT,units,r167,80,0.9913793103448276,0.06356801093643198,-0.04864546323525349,0.13937024947642904
222,m496,DAT,na,DAT,units,r168,80,0.9913793103448276,0.04695830485304169,-0.10330855913018507,0.032665451626508094
222,m496,DAT,na,DAT,units,r169,80,0.9913793103448276,-0.02255639097744361,-0.09983639681582891,0.12079301918291797
222,m496,DAT,na,DAT,units,r170,80,0.9913793103448276,0.3584415584415585,0.32979676847339084,0.27861157180255613
222,m496,DAT,na,DAT,units,r171,80,0.9913793103448276,0.3855092276144908,0.3374214492312676,0.3124725297318643
222,m496,DAT,na,DAT,units,r172,80,0.9913793103448276,0.434313055365687,0.3236149119204662,0.2351396808507375
222,m496,DAT,na,DAT,units,r173,80,0.9913793103448276,0.26254272043745724,0.12506822498535633,0.19367202105361314
222,m496,DAT,na,DAT,units,r174,80,0.9913793103448276,0.36459330143540675,0.27010138327826066,0.18590123008541257
222,m496,DAT,na,DAT,units,r175,80,0.9913793103448276,0.047163362952836636,-0.005114401246821925,0.05133644712023877
222,m496,DAT,na,DAT,units,r176,80,0.9913793103448276,0.015857826384142175,0.03730228432315074,0.03479860993150432
222,m496,DAT,na,DAT,units,r177,80,0.9913793103448276,0.09419002050580999,0.007859286319657544,0.0703825034148479
222,m496,DAT,na,DAT,units,r178,80,0.9913793103448276,0.0712235133287765,0.035601394000239775,0.006950345466278903
222,m496,DAT,na,DAT,units,r179,80,0.9913793103448276,0.06220095693779904,-0.04064541357852745,0.04000257854369291
222,m496,DAT,na,DAT,units,r180,80,0.9913793103448276,0.04647983595352016,-0.004234630390143841,0.03304051242738655
222,m496,DAT,na,DAT,units,r182,80,0.9913793103448276,0.15030758714969242,0.07022917491908913,0.22452077192586622
222,m496,DAT,na,DAT,units,r183,80,0.9913793103448276,0.3956254272043746,0.3048347366999114,0.21870732951225014
222,m496,DAT,na,DAT,units,r184,80,0.9913793103448276,0.3276144907723855,0.310160282952336,0.28726141152281554
222,m496,DAT,na,DAT,units,r185,80,0.9913793103448276,-0.07060833902939166,-0.0901941082266371,0.13905379192568784
222,m496,DAT,na,DAT,units,r186,80,0.9913793103448276,-0.015037593984962407,-0.10912677706234947,0.04786713471211304
222,m496,DAT,na,DAT,units,r187,80,0.9913793103448276,-0.14272043745727958,-0.0001994147275136989,-0.2031540269258216
222,m496,DAT,na,DAT,units,r188,80,0.9913793103448276,-0.04661654135338346,0.10089212184384262,-0.11796834252630212
222,m496,DAT,na,DAT,units,r189,80,0.9913793103448276,0.06254272043745727,-0.025912184298691816,0.022820105603448604
222,m496,DAT,na,DAT,units,r190,80,0.9913793103448276,0.022693096377306904,-0.0982645395518974,0.06400646979991413
222,m496,DAT,na,DAT,units,r191,80,0.9913793103448276,0.13964456596035543,0.017771371304897286,0.1700549112482978
222,m496,DAT,na,DAT,units,r192,80,0.9913793103448276,0.07532467532467534,0.0036129256514246624,0.16785142904313688
222,m496,DAT,na,DAT,units,r193,80,0.9913793103448276,0.2944634313055366,0.22593688627302086,0.2691061246302927
222,m496,DAT,na,DAT,units,r194,80,0.9913793103448276,0.38086124401913873,0.25030067386395927,0.2716963882863596
222,m496,DAT,na,DAT,units,r195,80,0.9913793103448276,0.2385509227614491,0.10492733750647276,0.21699611460824217
222,m496,DAT,na,DAT,units,r196,80,0.9913793103448276,0.3052631578947369,0.2915795224592949,0.22033649986606588
222,m496,DAT,na,DAT,units,r197,80,0.9913793103448276,0.06151742993848257,-0.002334325339719181,0.14998915840130037
222,m496,DAT,na,DAT,units,r198,80,0.9913793103448276,0.050102529049897475,0.03784187711524663,-0.015740832986867733
222,m496,DAT,na,DAT,units,r199,80,0.9913793103448276,0.09036226930963773,0.02849284547828086,0.04354221485198334
222,m496,DAT,na,DAT,units,r200,80,0.9913793103448276,-0.017224880382775122,-0.0883993756790138,0.03138790077351585
222,m496,DAT,na,DAT,units,r201,80,0.9913793103448276,0.031510594668489406,-0.05219973749623295,0.02398044995616633
222,m496,DAT,na,DAT,units,r202,80,0.9913793103448276,0.13793574846206424,-0.07885092931453434,-0.03588863038405733
222,m496,DAT,na,DAT,units,r203,80,0.9913793103448276,0.09453178400546823,0.0022874042273630167,0.10182900743850103
222,m496,DAT,na,DAT,units,r204,80,0.9913793103448276,0.29610389610389615,0.33203725158839775,0.3563780847346986
222,m496,DAT,na,DAT,units,r205,80,0.9913793103448276,0.018796992481203006,0.11754911673028097,-0.09760957342861837
222,m496,DAT,na,DAT,units,r206,80,0.9913793103448276,0.3570061517429938,0.15940274895197967,0.34782201021465886
222,m496,DAT,na,DAT,units,r207,80,0.9913793103448276,0.19938482570061516,0.10398891525934946,0.2388082443093299
222,m496,DAT,na,DAT,units,r208,80,0.9913793103448276,0.24025974025974028,0.21229457285546605,0.14405850948740975
222,m496,DAT,na,DAT,units,r209,80,0.9913793103448276,0.04422419685577581,-0.00029325695222602783,0.13122439770735006
222,m496,DAT,na,DAT,units,r210,80,0.9913793103448276,-0.20786056049213947,-0.1274260108812536,-0.05269604252342318
222,m496,DAT,na,DAT,units,r211,80,0.9913793103448276,-0.06384142173615857,-0.021712744742815097,0.037998347388998654
222,m496,DAT,na,DAT,units,r212,80,0.9913793103448276,0.10731373889268626,-0.017008903229109612,0.18240847637723198
229,m357,TH,na,TH,units,r1,80,0.9916666666666667,-0.10851401374933897,0.059136150385797094,0.17739130434782607
229,m357,TH,na,TH,units,r2,80,0.9916666666666667,-0.07176097303014277,-0.10797245152764859,0.19043478260869565
229,m357,TH,na,TH,units,r3,80,0.9916666666666667,-0.046324695928080376,0.1035967752543095,0.1695652173913043
229,m357,TH,na,TH,units,r4,80,0.9916666666666667,-0.00898995240613432,0.12248374254673823,0.09739130434782609
229,m357,TH,na,TH,units,r5,80,0.9916666666666667,-0.027657324167107346,0.19464134243228437,0.14260869565217388
229,m357,TH,na,TH,units,r6,80,0.9916666666666667,0.080327868852459,-0.177431913228562,0.5191304347826087
229,m357,TH,na,TH,units,r7,80,0.9916666666666667,-0.059439450026441035,-0.1992281773461599,0.28086956521739126
229,m357,TH,na,TH,units,r8,80,0.9916666666666667,0.048281332628239026,-0.039134734712759196,0.32347826086956516
229,m357,TH,na,TH,units,r9,80,0.9916666666666667,-0.14262295081967213,0.06674959248069538,0.15739130434782608
229,m357,TH,na,TH,units,r10,80,0.9916666666666667,-0.13352723426758328,0.0632185507695022,0.1869565217391304
229,m357,TH,na,TH,units,j3,80,0.9916666666666667,-0.04341618191433104,0.08645773226409931,0.2078260869565217
229,m357,TH,na,TH,units,r12,80,0.9916666666666667,0.008831306187202537,0.14146455812384987,0.08173913043478259
229,m357,TH,na,TH,units,r13,80,0.9916666666666667,-0.08815441565309359,0.06433299915011134,0.22434782608695653
229,m357,TH,na,TH,units,r14,80,0.9916666666666667,-0.07477525118984664,0.13078931574117275,0.1217391304347826
229,m357,TH,na,TH,units,r15,80,0.9916666666666667,0.11528291909042833,0.08097933864573643,0.10782608695652172
229,m357,TH,na,TH,units,r16,80,0.9916666666666667,0.0242199894235854,-0.06481397160911109,0.2026086956521739
229,m357,TH,na,TH,units,r17,80,0.9916666666666667,-0.1425171866737176,0.011625456265091236,0.2026086956521739
229,m357,TH,na,TH,units,r18,80,0.9916666666666667,0.011210999471179268,-0.08104972485924859,0.21913043478260866
229,m357,TH,na,TH,units,r20,80,0.9916666666666667,-0.029613960867265997,0.19225994220845638,0.24086956521739128
229,m357,TH,na,TH,units,r21,80,0.9916666666666667,0.02347964040190375,0.10667030657767369,0.1591304347826087
229,m357,TH,na,TH,units,j4,80,0.9916666666666667,-0.04764674775251189,0.1836610931243879,0.2417391304347826
229,m357,TH,na,TH,units,j5,80,0.9916666666666667,-0.09180327868852457,0.20773317814554554,0.17565217391304347
229,m357,TH,na,TH,units,j8,80,0.9916666666666667,-0.10787942887361184,0.035861775784443904,0.20869565217391303
229,m357,TH,na,TH,units,r26,80,0.9916666666666667,-0.05531464833421469,0.009384828468287578,0.25130434782608696
229,m357,TH,na,TH,units,r27,80,0.9916666666666667,0.019830777366472763,0.06208064031772233,0.09999999999999999
229,m357,TH,na,TH,units,r28,80,0.9916666666666667,-0.03511369645690111,0.07118392393196128,0.07478260869565216
229,m357,TH,na,TH,units,r29,80,0.9916666666666667,-0.006240084611316762,-0.009420021575043656,0.12347826086956522
229,m357,TH,na,TH,units,r30,80,0.9916666666666667,0.02876784769962982,0.22298352440651287,0.09391304347826085
229,m357,TH,na,TH,units,j7,80,0.9916666666666667,0.003437334743521945,-0.046431438846852795,0.1695652173913043
229,m357,TH,na,TH,units,r32,80,0.9916666666666667,-0.1257006874669487,-0.07696732447554348,0.12782608695652173
229,m357,TH,na,TH,units,r33,80,0.9916666666666667,-0.11459545214172395,0.15503736629611078,0.13217391304347825
229,m357,TH,na,TH,units,r34,80,0.9916666666666667,0.020994182971972496,0.3186149264983632,-0.008695652173913044
229,m357,TH,na,TH,units,r35,80,0.9916666666666667,-0.10713907985193018,-0.16187656004237536,0.4539130434782608
229,m357,TH,na,TH,units,r36,80,0.9916666666666667,-0.12755156002115284,0.16903249174944465,0.14869565217391303
229,m357,TH,na,TH,units,r37,80,0.9916666666666667,-0.030089899524061336,0.25904472779590787,0.042608695652173914
229,m357,TH,na,TH,units,r38,80,0.9916666666666667,-0.20941300898995238,-0.06673786144511004,0.3991304347826086
229,m357,TH,na,TH,units,r39,80,0.9916666666666667,0.1665785298783712,-0.015965939431674243,0.19217391304347822
229,m357,TH,na,TH,units,j6,80,0.9916666666666667,-0.09048122686409306,0.09896301619809249,0.18956521739130433
229,m357,TH,na,TH,units,r42,80,0.9916666666666667,0.04304600740349021,0.30113568347617764,-0.09217391304347824
229,m357,TH,na,TH,units,j1,80,0.9916666666666667,-0.19196192490745634,0.2791399917536286,0.1226086956521739
229,m357,TH,na,TH,units,r44,80,0.9916666666666667,-0.09074563722897935,-0.03263574099847005,0.27652173913043476
229,m357,TH,na,TH,units,r45,80,0.9916666666666667,-0.08656795346377576,0.11829576284276491,0.2678260869565217
229,m357,TH,na,TH,units,r46,80,0.9916666666666667,-0.05029085140137493,-0.11268832783296309,0.3460869565217391
229,m357,TH,na,TH,units,r47,80,0.9916666666666667,-0.04209413008989951,-0.1618882910779607,0.2826086956521739
229,m357,TH,na,TH,units,r48,80,0.9916666666666667,-0.14341618191433103,0.06915445477569408,0.3347826086956522
229,m357,TH,na,TH,units,r50,80,0.9916666666666667,-0.08254891591750395,0.0280489060845945,0.4495652173913043
229,m357,TH,na,TH,units,r51,80,0.9916666666666667,0.18291909042834475,-0.017889829267673196,0.23739130434782607
229,m357,TH,na,TH,units,r52,80,0.9916666666666667,-0.17313590692755151,0.22869653873658288,0.0634782608695652
229,m357,TH,na,TH,units,r54,80,0.9916666666666667,-0.07794817556848228,0.1711206160836386,0.11739130434782606
229,m357,TH,na,TH,units,r55,80,0.9916666666666667,-0.15975674246430457,0.16590030524815366,0.24
229,m357,TH,na,TH,units,r56,80,0.9916666666666667,-0.11692226335272342,0.002651214042291241,0.2026086956521739
229,m357,TH,na,TH,units,r57,80,0.9916666666666667,-0.04759386567953463,0.07209894470761932,0.5217391304347825
229,m357,TH,na,TH,units,j2,80,0.9916666666666667,-0.2004759386567953,0.2239806624312684,0.13304347826086957
229,m357,TH,na,TH,units,r59,80,0.9916666666666667,-0.020253833950290845,0.06829808917796285,0.07217391304347825
229,m357,TH,na,TH,units,r60,80,0.9916666666666667,0.018667371760973026,0.24675060250245112,0.03304347826086956
229,m357,TH,na,TH,units,r62,80,0.9916666666666667,0.019143310417768372,-0.059499812488943246,0.3930434782608695
229,m357,TH,na,TH,units,r63,80,0.9916666666666667,0.2287678476996298,0.06314816455599004,0.02260869565217391
229,m357,TH,na,TH,units,r65,80,0.9916666666666667,-0.11782125859333685,0.08729063579065982,0.2617391304347826
229,m357,TH,na,TH,units,r67,80,0.9916666666666667,0.05198307773664727,0.24116662956382,0.15391304347826085
229,m357,TH,na,TH,units,r68,80,0.9916666666666667,-0.0714436805922792,0.1822181757473887,-0.023478260869565212
229,m357,TH,na,TH,units,r69,80,0.9916666666666667,-0.07757800105764144,0.22726535239516904,0.07217391304347825
229,m357,TH,na,TH,units,r70,80,0.9916666666666667,-0.17070333157059756,0.06721883390410978,0.29217391304347823
229,m357,TH,na,TH,units,r71,80,0.9916666666666667,-0.05378106821787413,0.13328802632085435,0.008695652173913044
229,m357,TH,na,TH,units,r72,80,0.9916666666666667,0.002644103648863035,0.19780872204033143,0.007826086956521738
229,m357,TH,na,TH,units,r73,80,0.9916666666666667,-0.04595452141723955,0.2933345448119136,0.13130434782608694
229,m357,TH,na,TH,units,r74,80,0.9916666666666667,-0.20983606557377044,0.08263341466327212,0.21565217391304345
229,m357,TH,na,TH,units,r75,80,0.9916666666666667,-0.06097303014278159,0.25938492782788325,0.10956521739130433
229,m357,TH,na,TH,units,r76,80,0.9916666666666667,0.044262295081967204,0.1626390773554237,-0.03304347826086956
229,m357,TH,na,TH,units,r77,80,0.9916666666666667,-0.1200423056583818,-0.07555960020530035,0.19130434782608693
229,m357,TH,na,TH,units,r78,80,0.9916666666666667,-0.11745108408249602,-0.07082026182881512,0.1643478260869565
229,m357,TH,na,TH,units,r79,80,0.9916666666666667,-0.13215230037017447,-0.00866923529758065,0.11304347826086956
229,m357,TH,na,TH,units,r80,80,0.9916666666666667,0.052406134320465356,-0.1038900511439435,0.31130434782608696
229,m357,TH,na,TH,units,r81,80,0.9916666666666667,-0.11417239555790586,0.22779324899651024,0.13391304347826086
229,m357,TH,na,TH,units,r82,80,0.9916666666666667,-0.06599682707562135,0.2417766434142587,0.17565217391304347
