group_id,mouse,line,depth_class,cohort,compartment,state,pair,bin_start_s,bin_stop_s,n_a,n_b,cv_pattern_energy_z2,signed_cv_pattern_rms_z,centroid_difference_rms_z,q10_z,q25_z,median_z,q75_z,q90_z,central80_width_z
193,m472,DAT,na,DAT,units,post,17-18,0.0,1.0,8,5,-0.028626094717292112,-0.16919247831180945,0.3781881630420685,-0.3623826920986175,-0.18059734255075455,-0.00864009652286768,0.22155055403709412,0.4490848988294603,0.8114675909280777
193,m472,DAT,na,DAT,units,post,17-18,1.0,2.0,8,5,0.1523634813112446,0.3903376503890505,0.648384153842926,0.06598425060510639,0.28187038004398346,0.819774866104126,1.3827572762966156,2.6594331741333015,2.5934489235281952
193,m472,DAT,na,DAT,units,post,17-18,2.0,3.0,8,5,-0.03918899744817277,-0.19796211114294768,0.7594482898712158,0.21038681864738465,0.5121619552373886,0.9855506718158722,1.876595377922058,3.3173672437667867,3.106980425119402
193,m472,DAT,na,DAT,units,post,17-18,3.0,4.0,8,5,-1.1319867013002525,-1.0639486365893105,0.8990068435668945,0.3350620269775391,0.6479574739933014,1.2414972186088562,2.149779796600342,3.5131140232086184,3.1780519962310794
193,m472,DAT,na,DAT,units,post,31-32,0.0,1.0,6,9,-0.1054288554777171,-0.3246980989745969,0.5223224759101868,-0.25439946353435516,-0.10943599231541157,0.09307051077485085,0.7168152630329132,1.605068016052247,1.8594674795866022
193,m472,DAT,na,DAT,units,post,31-32,1.0,2.0,6,9,0.40603339162940405,0.6372074949570227,1.9411386251449585,0.07253110483288769,0.3344217389822006,1.08848375082016,2.3644776940345764,6.128419876098633,6.055888771265745
193,m472,DAT,na,DAT,units,post,31-32,2.0,3.0,6,9,0.38474714581090463,0.6202798931215686,1.973305583000183,0.04250035770237446,0.3196665048599243,1.1099424362182617,2.9279982447624207,7.316142368316651,7.273642010614276
193,m472,DAT,na,DAT,units,post,31-32,3.0,4.0,6,9,0.9851729523655998,0.9925587903825142,2.2918295860290527,0.11384978890419009,0.39897868782281876,1.1015273928642273,2.8607524633407593,6.704196310043336,6.590346521139146
193,m472,DAT,na,DAT,units,post,39-40,0.0,1.0,6,7,-0.053600922081746875,-0.23151872944050741,0.3253611922264099,-0.21078209578990936,-0.05972948111593723,0.09720250964164734,0.3334929794073105,0.6187682986259461,0.8295503944158554
193,m472,DAT,na,DAT,units,post,39-40,1.0,2.0,6,7,-0.07091881970774107,-0.26630587621706936,0.6341053247451782,0.020228710770607027,0.2463115155696869,0.6509143114089966,1.274924248456955,2.110521054267884,2.0902923434972767
193,m472,DAT,na,DAT,units,post,39-40,2.0,3.0,6,7,0.3368068316997222,0.580350611010036,0.9495556354522705,0.11943337544798852,0.395034059882164,0.7888736724853516,1.5262925922870636,2.6612394094467167,2.541806033998728
193,m472,DAT,na,DAT,units,post,39-40,3.0,4.0,6,7,0.11242912648312435,0.3353045279788574,0.7936765551567078,-0.04533511884510515,0.25890836864709854,0.6826101243495941,1.520050972700119,2.5280469179153444,2.5733820367604494
193,m472,DAT,na,DAT,units,pre,17-18,0.0,1.0,4,8,0.38969029960336143,0.624251791830317,1.1528927087783813,-0.3647418916225433,0.13857754692435265,0.9161258339881897,1.646945744752884,2.674865961074829,3.0396078526973724
193,m472,DAT,na,DAT,units,pre,17-18,1.0,2.0,4,8,-0.4042630041522326,-0.6358168007785203,0.7746410965919495,-1.1133693814277648,-0.6069705039262772,0.1572054997086525,1.3478938937187195,3.0641605615615854,4.17752994298935
193,m472,DAT,na,DAT,units,pre,17-18,2.0,3.0,4,8,-0.5420419026787802,-0.7362349507316127,0.7389153242111206,-1.3167314529418945,-0.7324440777301788,0.15037012100219727,1.6391655504703522,3.893975043296815,5.21070649623871
193,m472,DAT,na,DAT,units,pre,17-18,3.0,4.0,4,8,-0.4018730262329828,-0.6339345598979305,1.0307539701461792,-1.2510804295539852,-0.3930702954530716,0.5110405087471008,2.4548951983451843,4.422299385070802,5.673379814624787
193,m472,DAT,na,DAT,units,pre,31-32,0.0,1.0,4,8,-0.21882410587717369,-0.4677863891533973,0.804853618144989,0.09244158640503886,0.3141583651304245,0.7614420354366302,2.7374836206436157,4.901601552963258,4.8091599665582185
193,m472,DAT,na,DAT,units,pre,31-32,1.0,2.0,4,8,0.06089217444165089,0.24676339769433167,1.3236100673675537,0.502853399515152,1.054611474275589,1.835487961769104,4.762052893638611,8.258483123779303,7.755629724264152
193,m472,DAT,na,DAT,units,pre,31-32,2.0,3.0,4,8,-1.149158386357178,-1.0719880532716668,1.4245816469192505,-0.13724125623702998,0.3525145947933197,1.111607849597931,3.5524898767471313,7.094434642791749,7.2316758990287795
193,m472,DAT,na,DAT,units,pre,31-32,3.0,4.0,4,8,-2.098965514106374,-1.4487806991074854,1.5688502788543701,-0.6350607514381409,-0.26160620898008347,0.4504702389240265,2.8686957955360413,6.241280937194825,6.876341688632966
193,m472,DAT,na,DAT,units,pre,39-40,0.0,1.0,7,5,0.4257921164898942,0.6525274833215029,0.9831569790840149,0.033411589264869715,0.48107706755399704,0.8961470723152161,1.4904534816741943,2.2905038833618168,2.257092294096947
193,m472,DAT,na,DAT,units,pre,39-40,1.0,2.0,7,5,0.3489826358623764,0.5907475229422264,1.053370714187622,-0.7903875946998595,-0.24243462458252907,0.3281085640192032,1.0842763185501099,2.5230639696121218,3.3134515643119813
193,m472,DAT,na,DAT,units,pre,39-40,2.0,3.0,7,5,1.0007009920245111,1.0003504346100476,1.1829432249069214,-1.3718890070915222,-0.6586369276046753,-0.17678271979093552,0.5948004126548767,2.218830943107606,3.5907199501991283
193,m472,DAT,na,DAT,units,pre,39-40,3.0,4.0,7,5,1.3501468573868027,1.1619581995006545,1.3015474081039429,-1.5643596649169922,-0.9345899075269699,-0.23349309712648392,0.7899416834115982,2.4715228796005264,4.035882544517518
186,m472,DAT,na,DAT,units,post,17-18,0.0,1.0,6,6,0.8213112419240864,0.9062622368410186,0.9004148244857788,-0.11662963554263114,0.1709405556321144,0.510135143995285,1.051358014345169,1.635845720767975,1.7524753563106061
186,m472,DAT,na,DAT,units,post,17-18,1.0,2.0,6,6,1.1131247341658685,1.0550472663183714,1.5984487533569336,0.5895118117332458,1.076961100101471,1.7132550477981567,2.940640091896057,4.201604127883911,3.6120923161506653
186,m472,DAT,na,DAT,units,post,17-18,2.0,3.0,6,6,0.5259617579206052,0.7252322096546768,1.1758921146392822,0.766494631767273,1.2933730781078339,1.792041301727295,2.997707784175873,4.448857879638674,3.6823632478714012
186,m472,DAT,na,DAT,units,post,17-18,3.0,4.0,6,6,1.3101025171724463,1.14459709818453,1.0533047914505005,0.7356588125228882,1.2253976166248322,1.8550459742546082,3.0004096627235413,4.558214902877808,3.8225560903549196
186,m472,DAT,na,DAT,units,post,31-32,0.0,1.0,3,5,0.376112904615554,0.6132804453229811,1.7297186851501465,0.04308539107441907,0.42581479996442795,0.964841902256012,2.204389989376068,4.05077862739563,4.007693236321211
186,m472,DAT,na,DAT,units,post,31-32,1.0,2.0,3,5,-3.9964623735641074,-1.9991153977607463,3.204301595687866,0.6420744717121125,1.172727882862091,2.4248706102371216,5.663429379463196,10.267437744140626,9.625363272428514
186,m472,DAT,na,DAT,units,post,31-32,2.0,3.0,3,5,0.0075316421081113695,0.08678503389474114,3.624823570251465,0.6366874396800996,1.2499944269657135,2.851232647895813,6.5758583545684814,12.286910057067875,11.650222617387776
186,m472,DAT,na,DAT,units,post,31-32,3.0,4.0,3,5,-1.451367003175363,-1.204726941333746,3.6882472038269043,0.1474062159657479,0.8066634237766266,2.1268770694732666,6.574469804763794,11.859169483184818,11.71176326721907
186,m472,DAT,na,DAT,units,post,39-40,0.0,1.0,5,8,-0.06736514487819487,-0.25954796257762236,0.5725915431976318,-0.21094546020030971,-0.041611574590206146,0.11238102614879608,0.3783656284213066,0.7216475009918216,0.9325929611921313
186,m472,DAT,na,DAT,units,post,39-40,1.0,2.0,5,8,-0.6503610470082463,-0.8064496555943503,0.7249577045440674,0.42704421579837804,0.7357792258262634,1.1347495913505554,1.7536473870277405,2.5081598281860353,2.0811156123876575
186,m472,DAT,na,DAT,units,post,39-40,2.0,3.0,5,8,0.3202423028090312,0.5658995518720891,1.2527309656143188,0.4962798655033112,0.8987946808338165,1.3322915434837341,2.09892338514328,3.2555620670318617,2.7592822015285505
186,m472,DAT,na,DAT,units,post,39-40,3.0,4.0,5,8,1.4326769787938665,1.1969448520269705,1.3648998737335205,0.5206671059131622,0.8675565421581268,1.2757441997528076,2.2038828134536743,3.1936737537384037,2.6730066478252414
186,m472,DAT,na,DAT,units,pre,17-18,0.0,1.0,14,5,0.8319548106288731,0.9121155686802376,1.377142071723938,0.5545281052589417,1.074700951576233,1.7652347087860107,2.761490046977997,3.915945839881897,3.3614177346229557
186,m472,DAT,na,DAT,units,pre,17-18,1.0,2.0,14,5,0.7336007806384218,0.8565049799262242,1.260537028312683,-0.4636118173599243,0.11349006555974483,1.0843213200569153,2.785170555114746,4.385653972625732,4.849265789985656
186,m472,DAT,na,DAT,units,pre,17-18,2.0,3.0,14,5,1.0459347237978274,1.0227095011770584,1.4927912950515747,-0.4689130306243896,0.4186585173010826,1.5878310799598694,3.627868115901947,5.363328742980959,5.8322417736053485
186,m472,DAT,na,DAT,units,pre,17-18,3.0,4.0,14,5,0.25884279386952136,0.5087659519558294,1.2926863431930542,0.008366587758064386,0.6838093250989914,2.1392921209335327,3.8835697174072266,6.2833545207977295,6.274987933039665
186,m472,DAT,na,DAT,units,pre,31-32,0.0,1.0,11,4,-0.31809870910159943,-0.5640024016807016,0.9738491773605347,0.3101853221654892,0.7603506147861481,1.939165711402893,4.646931529045105,7.173371648788454,6.863186326622964
186,m472,DAT,na,DAT,units,pre,31-32,1.0,2.0,11,4,-0.5056972584710921,-0.7111239403023162,1.479997158050537,0.6960508286952973,1.4333048462867737,3.2267650365829468,7.038824439048767,11.213935852050783,10.517885023355486
186,m472,DAT,na,DAT,units,pre,31-32,2.0,3.0,11,4,0.7569798828973014,0.870045908499834,2.1640162467956543,0.4891370385885239,1.5598582327365875,3.587164521217346,6.927729845046997,10.84752178192139,10.358384743332866
186,m472,DAT,na,DAT,units,pre,31-32,3.0,4.0,11,4,1.2582997176765642,1.1217395944142134,2.348705768585205,0.7029780387878419,1.7067801654338837,3.4866092205047607,7.518253207206726,11.310364913940433,10.60738687515259
186,m472,DAT,na,DAT,units,pre,39-40,0.0,1.0,6,7,0.23389248211423105,0.4836243191923159,0.6910379528999329,0.6409800708293916,0.9338382035493851,1.3305540680885315,1.8313505947589874,2.8298488378524804,2.188868767023089
186,m472,DAT,na,DAT,units,pre,39-40,1.0,2.0,6,7,-0.6570853825706674,-0.8106080326339404,1.0336209535598755,0.24566044956445704,0.7777745127677917,1.7142772674560547,2.7258679270744324,4.580481719970706,4.334821270406249
186,m472,DAT,na,DAT,units,pre,39-40,2.0,3.0,6,7,0.4477647445786314,0.6691522581435644,1.3119417428970337,0.160514096915722,0.8953507840633392,1.667736530303955,2.8605211973190308,4.720083570480346,4.559569473564625
186,m472,DAT,na,DAT,units,pre,39-40,3.0,4.0,6,7,1.565266529350183,1.2511061223374231,1.3982079029083252,-0.07197980433702464,0.850771114230156,1.7082922458648682,3.0321252942085266,4.642141580581666,4.71412138491869
206,m462,TH,na,TH,units,post,17-18,0.0,1.0,6,6,-0.07982421238707287,-0.2825317900468421,0.20408117771148682,-0.1843502789735794,0.025494362227618694,0.20882022380828857,0.3688316196203232,0.5400527954101563,0.7244030743837356
206,m462,TH,na,TH,units,post,17-18,1.0,2.0,6,6,-0.25557370302763943,-0.5055429784178982,0.24750223755836487,0.5082002580165863,0.7008396685123444,1.0611934065818787,1.6259783208370209,2.1426438093185425,1.6344435513019562
206,m462,TH,na,TH,units,post,17-18,2.0,3.0,6,6,-0.20513093030610666,-0.4529138221627892,0.6470615863800049,0.5859797179698945,0.9824567288160324,1.4445104002952576,2.3584253191947937,3.2473072052001952,2.6613274872303005
206,m462,TH,na,TH,units,post,17-18,3.0,4.0,6,6,-0.25234248864355424,-0.5023370269485958,0.5015726685523987,0.7013574123382569,0.9472259879112244,1.6609445810317993,2.5972980260849,3.7112872838974003,3.0099298715591436
206,m462,TH,na,TH,units,post,31-32,0.0,1.0,7,8,-0.08585362806993242,-0.29300789762382246,0.334991991519928,0.2576044797897339,0.4288244694471359,0.8511072993278503,1.704723060131073,2.5991891860961918,2.341584706306458
206,m462,TH,na,TH,units,post,31-32,1.0,2.0,7,8,-0.39300219904752215,-0.6268988746580442,0.706021785736084,0.6906755089759827,0.9906829446554184,2.214762330055237,4.313072085380554,6.5557373046875025,5.86506179571152
206,m462,TH,na,TH,units,post,31-32,2.0,3.0,7,8,-0.12570709932945925,-0.3545519698569721,0.6184162497520447,0.7766268610954284,1.1827585101127625,2.5856202840805054,5.235520601272583,7.548670864105225,6.772044003009797
206,m462,TH,na,TH,units,post,31-32,3.0,4.0,7,8,-0.009133909129149216,-0.09557148700919756,0.5704185366630554,0.6802785694599152,1.1967092156410217,2.6455252170562744,5.4492974281311035,7.847170400619507,7.1668918311595915
206,m462,TH,na,TH,units,post,39-40,0.0,1.0,6,3,-0.02196433160697699,-0.14820368283877763,0.29682213068008423,0.07286639362573624,0.22100728377699852,0.4342651665210724,0.6949146091938019,0.9078022241592407,0.8349358305335045
206,m462,TH,na,TH,units,post,39-40,1.0,2.0,6,3,-0.020219761484832177,-0.14219620770200653,0.5445342063903809,0.4768410474061966,0.6853018403053284,1.0901665687561035,1.5651769042015076,2.041579341888428,1.5647382944822312
206,m462,TH,na,TH,units,post,39-40,2.0,3.0,6,3,0.4041857524972947,0.6357560479439379,0.7737036347389221,0.4993949234485626,0.7196552455425262,1.1589094400405884,1.5712867379188538,2.3004962682724006,1.801101344823838
206,m462,TH,na,TH,units,post,39-40,3.0,4.0,6,3,0.42856687375519836,0.6546501919003754,0.9009280800819397,0.4785212606191635,0.7645111232995987,1.1568522453308105,1.789227306842804,2.743502116203308,2.264980855584145
206,m462,TH,na,TH,units,pre,17-18,0.0,1.0,4,7,0.053564847905645314,0.2314408086436904,0.5563326478004456,0.11963605359196663,0.4627359211444855,0.8508349657058716,1.4014707803726196,2.0512152433395388,1.931579189747572
206,m462,TH,na,TH,units,pre,17-18,1.0,2.0,4,7,0.08679141856941516,0.2946038332564856,0.5844711661338806,-0.862143874168396,-0.29151713848114014,0.4226166009902954,1.1014984548091888,2.2558445692062383,3.1179884433746343
206,m462,TH,na,TH,units,pre,17-18,2.0,3.0,4,7,-0.007435958283395896,-0.08623200266372048,0.4305810034275055,-1.081208634376526,-0.29678478091955185,0.4933617264032364,1.1231766641139984,2.3321623802185063,3.4133710145950324
206,m462,TH,na,TH,units,pre,17-18,3.0,4.0,4,7,0.10621531715431957,0.3259069148611603,0.5270090103149414,-1.1542559146881104,-0.4095822870731354,0.5659902393817902,1.3636396527290344,2.690142846107483,3.8443987607955936
206,m462,TH,na,TH,units,pre,31-32,0.0,1.0,5,7,0.013533356215014983,0.11633295412313306,0.5627255439758301,0.5730757892131806,1.254170298576355,2.2361315488815308,3.4773791432380676,4.837722253799439,4.264646464586258
206,m462,TH,na,TH,units,pre,31-32,1.0,2.0,5,7,0.015445331746366413,0.12427924905778283,0.8277263641357422,0.19709758758544926,1.031954675912857,2.8023470640182495,4.7366862297058105,6.399331665039063,6.202234077453614
206,m462,TH,na,TH,units,pre,31-32,2.0,3.0,5,7,0.19005227297149754,0.4359498514410775,0.7910205721855164,0.1837204977869988,1.0014894902706146,2.9770604372024536,4.724278926849365,6.661555004119874,6.477834506332876
206,m462,TH,na,TH,units,pre,31-32,3.0,4.0,5,7,0.5036490510346519,0.7096823592528222,1.0804160833358765,0.18707606792449952,1.1292293667793274,3.0569838285446167,4.850951075553894,7.093301677703858,6.906225609779359
206,m462,TH,na,TH,units,pre,39-40,0.0,1.0,9,10,0.3753713409370301,0.6126755592783428,0.6433571577072144,0.3453210085630417,0.6452305167913437,1.0184457898139954,1.5793792009353638,2.29350061416626,1.9481796056032183
206,m462,TH,na,TH,units,pre,39-40,1.0,2.0,9,10,0.22607675436189903,0.4754752931140576,0.7122927904129028,-0.2779321715235709,0.12550794519484043,0.7941136658191681,1.7022919058799744,2.8127618789672852,3.090694050490856
206,m462,TH,na,TH,units,pre,39-40,2.0,3.0,9,10,0.68699612750161,0.8288522953467704,1.07793128490448,-0.24584168195724485,0.0775071494281292,0.839338481426239,1.8609870672225952,3.094820499420166,3.340662181377411
206,m462,TH,na,TH,units,pre,39-40,3.0,4.0,9,10,0.6674326574222472,0.8169655178905945,0.9747008681297302,-0.03081326205283402,0.3687096834182739,1.1191170811653137,2.1569250226020813,3.5579926967620854,3.5888059588149193
187,m472,DAT,na,DAT,units,post,17-18,0.0,1.0,8,5,0.03467044910549428,0.18620002445084233,0.39428818225860596,-0.31567572057247156,-0.14028096199035645,0.014761947561055422,0.18474669009447098,0.44439606368541706,0.7600717842578886
187,m472,DAT,na,DAT,units,post,17-18,1.0,2.0,8,5,0.3813130842504732,0.6175055337812555,0.776778519153595,-0.008810338471084828,0.17764830961823463,0.4987667500972748,0.9466416984796524,2.1135804891586303,2.122390827629715
187,m472,DAT,na,DAT,units,post,17-18,2.0,3.0,8,5,0.1632563813433673,0.404049973819288,0.6849727034568787,0.05810569263994694,0.2752310335636139,0.5445599853992462,1.1659965813159943,2.3411791086196887,2.2830734159797417
187,m472,DAT,na,DAT,units,post,17-18,3.0,4.0,8,5,0.09633331353735171,0.3103760840292817,0.5834002494812012,0.09882690384984019,0.30632300674915314,0.5689438879489899,1.2004655003547668,2.6412303447723384,2.5424034409224983
187,m472,DAT,na,DAT,units,post,31-32,0.0,1.0,10,10,0.11611438559230283,0.3407556097737832,0.7531755566596985,0.02393412832170725,0.16580960527062416,0.43797388672828674,0.9884021878242493,2.04891881942749,2.0249846911057827
187,m472,DAT,na,DAT,units,post,31-32,1.0,2.0,10,10,0.6893979627607735,0.8302999233775549,2.232144832611084,0.32619051933288573,0.704528197646141,1.5684252381324768,3.327898383140564,6.389664554595947,6.063474035263061
187,m472,DAT,na,DAT,units,post,31-32,2.0,3.0,10,10,0.703151639330898,0.8385413760399054,1.9885826110839844,0.32849841415882114,0.7474837005138397,1.8893804550170898,3.8008711338043213,7.312619304656982,6.984120890498161
187,m472,DAT,na,DAT,units,post,31-32,3.0,4.0,10,10,0.011841547030420885,0.10881887258385324,1.5976715087890625,0.27874683737754824,0.7937127202749252,1.7789584398269653,3.794455647468567,7.733735609054565,7.454988771677017
187,m472,DAT,na,DAT,units,post,39-40,0.0,1.0,6,10,0.08374592116605266,0.2893888753322295,0.3930540382862091,-0.17130939364433284,-0.08828940615057945,0.009790570009499788,0.14187642559409142,0.2674262076616286,0.43873560130596145
187,m472,DAT,na,DAT,units,post,39-40,1.0,2.0,6,10,0.1239318430760155,0.3520395476022765,0.48090142011642456,0.16969367414712908,0.2894965186715126,0.5315063297748566,0.8810110092163086,2.065463876724243,1.8957702025771137
187,m472,DAT,na,DAT,units,post,39-40,2.0,3.0,6,10,0.19458878167677054,0.44112218452121693,0.6997601389884949,0.21147189140319825,0.3684736341238022,0.6245991289615631,1.0607715547084808,2.38879714012146,2.1773252487182617
187,m472,DAT,na,DAT,units,post,39-40,3.0,4.0,6,10,0.831540914459452,0.9118886524458192,1.2813681364059448,0.23702152669429782,0.39965927600860596,0.6855705976486206,1.2599421739578247,2.4771135807037346,2.2400920540094367
187,m472,DAT,na,DAT,units,pre,17-18,0.0,1.0,5,8,-0.06622484529691562,-0.25734188407042413,0.4246353209018707,0.5561323285102845,1.0557042062282562,1.5696951150894165,2.0866589546203613,2.724930620193481,2.1687982916831965
187,m472,DAT,na,DAT,units,pre,17-18,1.0,2.0,5,8,0.2081454049597141,0.45622955292233547,0.9999181032180786,-0.7737889528274535,-0.29234006255865097,0.41994890570640564,1.286898285150528,2.3132749080657953,3.087063860893249
187,m472,DAT,na,DAT,units,pre,17-18,2.0,3.0,5,8,-0.3934550123763649,-0.6272599240955578,0.6965739130973816,0.2755313366651535,0.8040002882480621,1.8213762640953064,2.979038119316101,4.083088874816894,3.80755753815174
187,m472,DAT,na,DAT,units,pre,17-18,3.0,4.0,5,8,-0.4210573392832645,-0.6488893120427124,0.6102868318557739,0.3176065891981125,0.9785857796669006,1.9592431783676147,3.5485541820526123,4.866197252273559,4.548590663075447
187,m472,DAT,na,DAT,units,pre,31-32,0.0,1.0,7,7,-0.17809507852050338,-0.4220131260049898,0.5534020066261292,0.7437270045280457,1.0768004059791565,1.9840684533119202,3.636446177959442,6.871432447433471,6.127705442905425
187,m472,DAT,na,DAT,units,pre,31-32,1.0,2.0,7,7,-0.1331168676937891,-0.3648518434841588,0.807902991771698,0.7523406744003297,1.298741728067398,2.785755753517151,5.581000924110413,10.09654712677002,9.34420645236969
187,m472,DAT,na,DAT,units,pre,31-32,2.0,3.0,7,7,0.5808572181136993,0.7621398940573176,1.6298397779464722,0.6695386469364167,1.5575950145721436,3.01383113861084,5.84700345993042,10.545799255371092,9.876260608434675
187,m472,DAT,na,DAT,units,pre,31-32,3.0,4.0,7,7,-0.11629056842485803,-0.34101402965986316,0.9319451451301575,1.1087015986442565,1.9070900082588196,3.730757474899292,6.100921392440796,11.451631546020508,10.342929947376252
187,m472,DAT,na,DAT,units,pre,39-40,0.0,1.0,9,9,0.313045131754396,0.5595043625874565,0.7101466059684753,0.40094449222087863,0.7540670931339264,1.0621821284294128,1.6002886295318604,2.365730023384094,1.9647855311632152
187,m472,DAT,na,DAT,units,pre,39-40,1.0,2.0,9,9,0.4490901836567884,0.6701419130727374,0.815069854259491,-0.5562426626682281,-0.053937057964503765,0.4463560879230499,1.2516733705997467,2.4766974449157715,3.0329401075839995
187,m472,DAT,na,DAT,units,pre,39-40,2.0,3.0,9,9,1.2706758232729984,1.127242575168716,1.2017041444778442,-0.17568732351064656,0.4649355709552765,1.0566177368164062,2.1685922741889954,3.564103579521179,3.7397909030318255
187,m472,DAT,na,DAT,units,pre,39-40,3.0,4.0,9,9,1.6026019374996574,1.2659391523685715,1.313510537147522,-0.014271519146859545,0.5509524941444397,1.2371251583099365,2.270546019077301,4.241874551773071,4.256146070919931
189,m465,TH,na,TH,units,post,17-18,0.0,1.0,5,8,0.09465000373318559,0.30765240732551663,0.3400046229362488,-0.23078333437442777,-0.056487069465219975,0.1302015259861946,0.23618905246257782,0.40211532711982745,0.6328986614942552
189,m465,TH,na,TH,units,post,17-18,1.0,2.0,5,8,0.06192001049692797,0.24883731733188247,0.34325116872787476,0.2914440751075745,0.44270530343055725,0.6586076617240906,1.0272492170333862,1.5832306504249576,1.2917865753173832
189,m465,TH,na,TH,units,post,17-18,2.0,3.0,5,8,0.005402612193313587,0.07350246385879583,0.33491507172584534,0.25754534900188447,0.49084220081567764,0.7412095665931702,1.1804265677928925,1.7258953571319595,1.468350008130075
189,m465,TH,na,TH,units,post,17-18,3.0,4.0,5,8,0.12689475668900643,0.3562229030944058,0.5597947835922241,0.08843825571238996,0.32707952708005905,0.5691291987895966,0.9790336191654205,1.723155462741853,1.634717207029463
189,m465,TH,na,TH,units,post,31-32,0.0,1.0,5,3,0.10535715752016121,0.3245876730871972,0.5859103798866272,0.0348222739994526,0.16206266731023788,0.3837805390357971,0.6357083469629288,1.2409615397453309,1.2061392657458783
189,m465,TH,na,TH,units,post,31-32,1.0,2.0,5,3,0.01104161319064121,0.10507908065186529,1.217660903930664,0.3639992207288742,0.6597321927547455,1.2428253293037415,2.7462965846061707,4.234311294555669,3.8703120738267947
189,m465,TH,na,TH,units,post,31-32,2.0,3.0,5,3,-0.7461856257758354,-0.8638203666132417,1.3079208135604858,0.39633601903915405,0.8334636986255646,1.540235459804535,3.388257682323456,5.360429859161379,4.964093840122225
189,m465,TH,na,TH,units,post,31-32,3.0,4.0,5,3,0.557435324691871,0.7466159151075411,2.384681224822998,0.520983961224556,0.8464652001857758,1.4514862298965454,4.126158952713013,6.214855194091799,5.6938712328672425
189,m465,TH,na,TH,units,post,39-40,0.0,1.0,10,7,-0.0030423621856293403,-0.05515761221834517,0.21722444891929626,-0.10747055411338806,0.014950809068977833,0.09604104235768318,0.17663338407874107,0.2910098999738694,0.39848045408725746
189,m465,TH,na,TH,units,post,39-40,1.0,2.0,10,7,-0.016085895412837153,-0.12683018336672525,0.1938621997833252,0.03802083116024733,0.18132682144641876,0.30344530940055847,0.442505419254303,0.683958423137665,0.6459375919774176
189,m465,TH,na,TH,units,post,39-40,2.0,3.0,10,7,-0.0009255490579557242,-0.030422837769605325,0.25249183177948,0.04178472086787224,0.16369595006108284,0.32204897701740265,0.5269252210855484,0.7838303565979005,0.7420456357300282
189,m465,TH,na,TH,units,post,39-40,3.0,4.0,10,7,-0.004083305731172045,-0.06390074906581335,0.23084603250026703,-0.0037686748895794106,0.08913723565638065,0.23172221332788467,0.4188072681427002,0.6189667701721193,0.6227354450616988
189,m465,TH,na,TH,units,pre,17-18,0.0,1.0,6,4,0.2946017506729816,0.5427722825209312,0.7102442383766174,-0.5330780148506165,-0.1656683161854744,0.22438594698905945,0.8641683161258698,1.2190302610397339,1.7521082758903503
189,m465,TH,na,TH,units,pre,17-18,1.0,2.0,6,4,-0.27831449633486377,-0.527555206907167,0.5748704671859741,-1.3359917283058167,-0.9718714654445648,-0.12301592901349068,0.5353154242038727,1.0532797098159794,2.389271438121796
189,m465,TH,na,TH,units,pre,17-18,2.0,3.0,6,4,-0.8488750495699454,-0.9213441537069335,0.8681046366691589,-1.062018346786499,-0.6191009432077408,0.04186489060521126,0.9026808589696884,1.782878136634827,2.844896483421326
189,m465,TH,na,TH,units,pre,17-18,3.0,4.0,6,4,-1.0833780822943722,-1.0408544962166288,1.2327274084091187,-0.7106611490249634,-0.18829259648919106,0.5215685367584229,1.929041862487793,2.6934741973876966,3.40413534641266
189,m465,TH,na,TH,units,pre,31-32,0.0,1.0,4,7,1.8504548818023991,1.360314258472063,1.2100131511688232,0.31406677365303043,1.4808436036109924,3.2984097003936768,4.737786293029785,6.512597417831422,6.198530644178392
189,m465,TH,na,TH,units,pre,31-32,1.0,2.0,4,7,2.992167861862174,1.7297883864398482,2.288930892944336,0.046116710081696516,1.9202058911323547,4.201768636703491,6.698988080024719,9.621941947937014,9.575825237855318
189,m465,TH,na,TH,units,pre,31-32,2.0,3.0,4,7,3.678343901339189,1.9179009101982274,2.5678629875183105,-0.24818589389324186,1.5855348110198975,4.1978819370269775,6.427685618400574,10.21419191360474,10.462377807497981
189,m465,TH,na,TH,units,pre,31-32,3.0,4.0,4,7,0.6673811800858237,0.816934012075531,2.0337653160095215,0.15095407515764236,2.249330222606659,4.557270526885986,7.64060640335083,10.503934383392336,10.352980308234693
189,m465,TH,na,TH,units,pre,39-40,0.0,1.0,8,7,0.1450200488010826,0.3808149797488048,0.6155738830566406,-0.21325142532587052,0.07707170210778713,0.46238964796066284,0.699815183877945,0.9573250830173493,1.1705765083432198
189,m465,TH,na,TH,units,pre,39-40,1.0,2.0,8,7,0.09701129541698635,0.3114663632191867,0.5826090574264526,-1.327463161945343,-0.7899351418018341,-0.2833295166492462,0.10458019934594631,0.6429681062698371,1.97043126821518
189,m465,TH,na,TH,units,pre,39-40,2.0,3.0,8,7,0.158098160697473,0.39761559413266606,0.9188340902328491,-1.1657350659370422,-0.6795772314071655,-0.2749476581811905,0.45420801639556885,0.8222730517387401,1.9880081176757822
189,m465,TH,na,TH,units,pre,39-40,3.0,4.0,8,7,0.5659647911353081,0.7523063146985463,1.126767873764038,-0.698882383108139,-0.3789324685931206,0.14160551130771637,0.9077616631984711,1.5887770891189579,2.287659472227097
190,m472,DAT,na,DAT,units,post,17-18,0.0,1.0,8,9,0.10331651048565488,0.3214288575807326,0.3948591649532318,-0.35106635093688965,-0.20069820806384087,-0.014945953618735075,0.33571066707372665,0.6290929317474365,0.9801592826843262
190,m472,DAT,na,DAT,units,post,17-18,1.0,2.0,8,9,0.016860246095065732,0.1298470103431948,0.6381312012672424,0.39274509251117706,0.6971903443336487,1.3080350160598755,2.2612295150756836,3.471569538116455,3.078824445605278
190,m472,DAT,na,DAT,units,post,17-18,2.0,3.0,8,9,0.36646974045776154,0.6053674425155036,0.9901734590530396,0.4038538932800293,0.7968758344650269,1.5816668272018433,2.6564226746559143,4.113559722900391,3.7097058296203613
190,m472,DAT,na,DAT,units,post,17-18,3.0,4.0,8,9,-0.22452404239549317,-0.47383968005591637,0.6056798100471497,0.4936683773994446,0.8476893305778503,1.6592082381248474,2.6027674078941345,4.246685266494751,3.7530168890953064
190,m472,DAT,na,DAT,units,post,31-32,0.0,1.0,8,6,-0.1144757459814727,-0.33834264582147,0.46571531891822815,-0.14433573186397552,-0.010564792202785611,0.1879892498254776,0.5377122610807419,1.158876359462738,1.3032120913267136
190,m472,DAT,na,DAT,units,post,31-32,1.0,2.0,8,6,-0.3057029483412739,-0.5529041041096312,0.955917477607727,0.18534166365861893,0.45868007093667984,1.0601799488067627,2.34905207157135,5.446465492248535,5.261123828589916
190,m472,DAT,na,DAT,units,post,31-32,2.0,3.0,8,6,-0.00870599550049584,-0.09330592425187074,1.4897990226745605,0.2933584749698639,0.6213173270225525,1.338091492652893,3.058807849884033,6.812241792678833,6.518883317708969
190,m472,DAT,na,DAT,units,post,31-32,3.0,4.0,8,6,0.08223489296957355,0.2867662688838657,1.3291312456130981,0.34667345881462097,0.7038110941648483,1.3792551755905151,3.179292678833008,7.680693864822388,7.334020406007767
190,m472,DAT,na,DAT,units,post,39-40,0.0,1.0,5,5,0.017806484253057624,0.13344093919430283,0.40663546323776245,-0.15384481847286224,-0.008779874071478844,0.22818619012832642,0.46024803817272186,0.7926709949970245,0.9465158134698868
190,m472,DAT,na,DAT,units,post,39-40,1.0,2.0,5,5,0.7153088597071279,0.8457593391190711,0.9254414439201355,0.08664530143141747,0.2684377133846283,0.6871969699859619,1.2052173614501953,2.650653839111328,2.5640085376799107
190,m472,DAT,na,DAT,units,post,39-40,2.0,3.0,5,5,0.788481002872119,0.8879645279357272,0.8402559757232666,0.13659466058015823,0.4444594532251358,0.9096533358097076,1.6832284331321716,3.423975706100464,3.2873810455203056
190,m472,DAT,na,DAT,units,post,39-40,3.0,4.0,5,5,1.5515315582843057,1.2456048965399524,1.146036982536316,0.10599036514759064,0.4377140775322914,0.9385910332202911,1.7850525081157684,3.5629762411117554,3.4569858759641647
190,m472,DAT,na,DAT,units,pre,17-18,0.0,1.0,11,7,0.2539638656225896,0.5039482767334259,0.6994269490242004,0.2279365062713623,0.820963442325592,1.5039095282554626,2.382754683494568,3.6551769971847534,3.427240490913391
190,m472,DAT,na,DAT,units,pre,17-18,1.0,2.0,11,7,0.5093292754983323,0.7136730872733904,0.9404829144477844,-0.4715673625469208,0.25210028886795044,1.2428258061408997,2.523924708366394,3.6294580698013306,4.101025432348251
190,m472,DAT,na,DAT,units,pre,17-18,2.0,3.0,11,7,0.068716233551805,0.262137814044073,0.6729446649551392,-0.39554591476917267,0.3668820261955261,1.5075513124465942,2.9486875534057617,4.2530224323272705,4.648568347096443
190,m472,DAT,na,DAT,units,pre,17-18,3.0,4.0,11,7,0.1696617743039264,0.41190019944632994,0.8001148104667664,-0.11956734955310822,0.7279514819383621,1.929803729057312,3.58485871553421,5.229608774185181,5.349176123738289
190,m472,DAT,na,DAT,units,pre,31-32,0.0,1.0,7,8,-0.16881203921603763,-0.4108674229189236,0.7038282752037048,0.39966973662376404,0.993446096777916,1.8503879308700562,3.8244070410728455,6.881623029708862,6.481953293085098
190,m472,DAT,na,DAT,units,pre,31-32,1.0,2.0,7,8,-1.1467433460557832,-1.0708610302255765,1.0147775411605835,-0.007564681116491556,0.6436973512172699,2.0692540407180786,4.8076194524765015,8.449392318725586,8.456956999842077
190,m472,DAT,na,DAT,units,pre,31-32,2.0,3.0,7,8,-0.1346094075560921,-0.366891547403442,0.9944392442703247,-0.26791447401046753,0.5372438132762909,1.6827685832977295,4.207705497741699,8.623576164245605,8.891490638256073
190,m472,DAT,na,DAT,units,pre,31-32,3.0,4.0,7,8,0.46874018905062076,0.6846460319395861,1.396478533744812,-0.2433764785528183,0.620468333363533,1.8825678825378418,4.375073313713074,8.589357376098633,8.832733854651451
190,m472,DAT,na,DAT,units,pre,39-40,0.0,1.0,11,4,0.8512984305247842,0.9226583498374596,1.0725516080856323,0.1070978194475174,0.570983961224556,1.0083454251289368,1.750244677066803,2.8936976194381714,2.786599799990654
190,m472,DAT,na,DAT,units,pre,39-40,1.0,2.0,11,4,0.9473261242391462,0.973306798619606,1.2418951988220215,-0.7317643165588379,-0.017441298812627792,0.6961489319801331,1.9901768565177917,3.646275043487549,4.378039360046387
190,m472,DAT,na,DAT,units,pre,39-40,2.0,3.0,11,4,1.4985713970347458,1.2241615077410113,1.5229060649871826,-0.708213210105896,-0.004349293187260628,0.8918939530849457,1.9988564848899841,3.694840669631958,4.403053879737854
190,m472,DAT,na,DAT,units,pre,39-40,3.0,4.0,11,4,2.235663229697296,1.495213439511997,1.5807244777679443,-0.8091661036014557,0.05366888362914324,0.9479294717311859,2.2166653871536255,4.091309309005737,4.900475412607193
195,m466,TH,na,TH,units,post,17-18,0.0,1.0,5,8,-0.30505861973331677,-0.552321120122449,0.42554089426994324,0.21731221675872803,0.3832121044397354,0.6941750645637512,0.9911830425262451,1.3705390095710754,1.1532267928123474
195,m466,TH,na,TH,units,post,17-18,1.0,2.0,5,8,-0.1727048660976976,-0.4155777497625416,0.44142675399780273,0.2198602631688118,0.47960131615400314,0.7566225826740265,1.2523418366909027,2.0385748147964478,1.818714551627636
195,m466,TH,na,TH,units,post,17-18,2.0,3.0,5,8,-0.2417233246649263,-0.4916536633291023,0.645842432975769,-0.20427289605140686,0.21887434273958206,0.59483802318573,1.2818800508975983,2.3079978227615356,2.5122707188129425
195,m466,TH,na,TH,units,post,17-18,3.0,4.0,5,8,-0.2082286200523574,-0.45632074251819565,0.622918426990509,-0.2646768242120743,0.061078405007719994,0.5618678629398346,1.2214634120464325,2.2777810096740723,2.5424578338861465
195,m466,TH,na,TH,units,post,31-32,0.0,1.0,6,7,-0.5225501669939445,-0.7228763151424623,0.7829998731613159,0.5500830709934235,1.0322143137454987,1.9659157991409302,3.8330700993537903,5.487297534942627,4.9372144639492035
195,m466,TH,na,TH,units,post,31-32,1.0,2.0,6,7,-0.5433218915086169,-0.7371037182843516,1.7777562141418457,1.263906478881836,2.257621467113495,4.166055202484131,7.610658645629883,10.33949089050293,9.075584411621094
195,m466,TH,na,TH,units,post,31-32,2.0,3.0,6,7,2.323738330090728,1.5243812941947064,2.4804229736328125,1.2528423070907593,2.3425732851028442,4.5362629890441895,8.189807176589966,11.102907180786133,9.850064873695374
195,m466,TH,na,TH,units,post,31-32,3.0,4.0,6,7,2.543315030959054,1.5947774236422632,2.7221410274505615,0.8785146474838257,1.8462196290493011,4.123729705810547,7.5743584632873535,10.840351581573486,9.96183693408966
195,m466,TH,na,TH,units,post,39-40,0.0,1.0,11,5,0.1125546330269538,0.3354916288478057,0.6588397026062012,-0.3429187089204788,-0.11747648566961288,0.14390694350004196,0.3894966393709183,0.8851691782474518,1.2280878871679306
195,m466,TH,na,TH,units,post,39-40,1.0,2.0,11,5,0.1237107319086353,0.35172536432369406,0.931992769241333,-0.2502424567937851,0.08048475719988346,0.4929668605327606,1.122771292924881,2.106074333190918,2.356316789984703
195,m466,TH,na,TH,units,post,39-40,2.0,3.0,11,5,-0.1505949972470982,-0.3880657125373204,0.8796347975730896,0.1706048622727394,0.5334181487560272,0.970914900302887,1.675943672657013,2.5916649103164673,2.421060048043728
195,m466,TH,na,TH,units,post,39-40,3.0,4.0,11,5,-0.3585682103277114,-0.5988056532195662,0.9111735820770264,0.5991102159023285,0.8309191912412643,1.2333146929740906,1.8730949461460114,3.281334161758423,2.6822239458560944
195,m466,TH,na,TH,units,pre,17-18,0.0,1.0,3,6,-0.14182463475538787,-0.3765961162245143,0.644987165927887,-0.3430487960577011,0.0060446616262197495,0.47877752780914307,0.9237922430038452,1.5198960900306702,1.8629448860883713
195,m466,TH,na,TH,units,pre,17-18,1.0,2.0,3,6,0.40647542114649915,0.6375542495713593,1.157516598701477,-1.6531341671943665,-1.1050171256065369,-0.23406308144330978,0.774216502904892,1.8395264744758606,3.492660641670227
195,m466,TH,na,TH,units,pre,17-18,2.0,3.0,3,6,0.47676843922617895,0.690484206355351,1.1041847467422485,-1.586619257926941,-1.0706959068775177,-0.21939583122730255,0.8917669504880905,2.203532099723816,3.790151357650757
195,m466,TH,na,TH,units,pre,17-18,3.0,4.0,3,6,-0.5083354011199381,-0.7129764379837094,0.8378602266311646,-1.7706148624420166,-1.1911669373512268,-0.20335182547569275,0.9779687970876694,2.429546594619751,4.200161457061768
195,m466,TH,na,TH,units,pre,31-32,0.0,1.0,8,8,-0.07859917929138895,-0.2803554516883682,0.5645461678504944,-0.10123908892273903,0.3168148472905159,1.558367133140564,4.1702598333358765,5.930286884307861,6.0315259732306
195,m466,TH,na,TH,units,pre,31-32,1.0,2.0,8,8,-0.16174151579728996,-0.4021710031781132,0.7092801332473755,-0.7839251160621643,-0.267650306224823,1.6544069051742554,5.266017556190491,8.101021766662598,8.884946882724762
195,m466,TH,na,TH,units,pre,31-32,2.0,3.0,8,8,-0.3870231395103989,-0.6221118384264994,0.6104909777641296,-0.5192914307117462,0.04022131487727165,1.966981291770935,5.519848823547363,8.57274055480957,9.092031985521317
195,m466,TH,na,TH,units,pre,31-32,3.0,4.0,8,8,0.2722708846389002,0.5217958265824864,0.9969607591629028,-0.26528865098953247,0.33730586618185043,2.3310275077819824,5.972973346710205,8.95406723022461,9.219355881214142
195,m466,TH,na,TH,units,pre,39-40,0.0,1.0,8,7,0.1615350551723126,0.40191423857872044,0.4662598669528961,-0.5847101509571075,-0.27813127636909485,0.026009073480963707,0.3553324192762375,0.9099156558513641,1.4946258068084717
195,m466,TH,na,TH,units,pre,39-40,1.0,2.0,8,7,0.08096035877388609,0.28453533835691847,0.5785389542579651,-1.7005228400230408,-1.3491461277008057,-0.8381227552890778,-0.14844194799661636,0.9702454805374146,2.6707683205604553
195,m466,TH,na,TH,units,pre,39-40,2.0,3.0,8,7,0.22005617849975304,0.4691014586416813,0.6421971917152405,-1.2988370656967163,-0.9608420729637146,-0.46146586537361145,0.27556245774030685,1.6311853528022766,2.930022418498993
195,m466,TH,na,TH,units,pre,39-40,3.0,4.0,8,7,0.3376256208086764,0.5810556090501807,0.8232512474060059,-0.8297581970691681,-0.43522023409605026,0.07006115466356277,0.9695566296577454,2.227357506752014,3.0571157038211823
231,m462,TH,na,TH,units,post,17-18,0.0,1.0,6,6,0.2171221387250272,0.46596366674347817,0.5265122056007385,-0.17196571975946426,-0.015541303902864456,0.12810590490698814,0.3873799443244934,0.8704094886779788,1.0423752084374431
231,m462,TH,na,TH,units,post,17-18,1.0,2.0,6,6,0.9078421353442978,0.9528075017254523,1.151271939277649,0.550262850522995,0.825429379940033,1.5752902030944824,2.3453099727630615,3.027239227294923,2.476976376771928
231,m462,TH,na,TH,units,post,17-18,2.0,3.0,6,6,1.058957244979732,1.0290564828908721,1.4308247566223145,0.7153587460517883,1.027078628540039,1.9779918193817139,3.148714065551758,4.165057373046875,3.4496986269950867
231,m462,TH,na,TH,units,post,17-18,3.0,4.0,6,6,1.0023301289944024,1.001164386599125,1.433363914489746,0.6943878054618835,1.008849322795868,2.0485759973526,3.441321015357971,4.2507661342620855,3.5563783288002018
231,m462,TH,na,TH,units,post,31-32,0.0,1.0,5,6,-0.04305873100697255,-0.2075059782439353,0.2814973294734955,-0.03289497792720794,0.08546117879450321,0.23789558559656143,0.49728693813085556,1.0604253053665165,1.0933202832937243
231,m462,TH,na,TH,units,post,31-32,1.0,2.0,5,6,-0.21582768463497753,-0.4645725827413597,0.44523385167121887,0.18514197319746017,0.39909711480140686,0.72135791182518,2.1855355501174927,5.017332458496095,4.832190485298635
231,m462,TH,na,TH,units,post,31-32,2.0,3.0,5,6,-0.04947518231725782,-0.2224301740260476,1.2196329832077026,0.17465877383947373,0.3722645118832588,0.9876812994480133,2.9162245988845825,5.738731575012209,5.564072801172736
231,m462,TH,na,TH,units,post,31-32,3.0,4.0,5,6,0.6207741896074073,0.7878922449214786,1.732697606086731,0.13264307454228402,0.3120676875114441,0.943581223487854,3.1768819093704224,6.401708507537842,6.269065432995558
231,m462,TH,na,TH,units,post,39-40,0.0,1.0,9,8,0.09554088221887677,0.3090968816065228,0.3570826053619385,-0.02766774445772171,0.0907679982483387,0.21763529628515244,0.39419329166412354,0.5685433268547065,0.5962110713124282
231,m462,TH,na,TH,units,post,39-40,1.0,2.0,9,8,0.8106622532197135,0.9003678432839066,0.9729544520378113,0.11725728884339333,0.25726959854364395,0.4974352568387985,0.9518228024244308,1.7257698535919195,1.608512564748526
231,m462,TH,na,TH,units,post,39-40,2.0,3.0,9,8,0.5809418501766573,0.7621954146914407,1.1301815509796143,0.21309608668088914,0.3480771481990814,0.5408349931240082,1.1106376349925995,2.5187782526016242,2.305682165920735
231,m462,TH,na,TH,units,post,39-40,3.0,4.0,9,8,0.6664313681967935,0.8163524779142852,1.4054691791534424,0.21082352250814437,0.3324485793709755,0.5739882290363312,1.190330445766449,2.62432610988617,2.4135025873780256
231,m462,TH,na,TH,units,pre,17-18,0.0,1.0,4,5,-0.30647442395519153,-0.5536013222122862,0.7476353645324707,0.051726254448294644,0.23020609840750694,0.5215661227703094,1.440781593322754,2.4872075319290166,2.4354812774807217
231,m462,TH,na,TH,units,pre,17-18,1.0,2.0,4,5,-0.19322190257645222,-0.4395701338540327,0.8839505314826965,-0.7237233996391297,-0.3077336773276329,0.4622073620557785,1.806158721446991,4.1554809570312505,4.87920435667038
231,m462,TH,na,TH,units,pre,17-18,2.0,3.0,4,5,0.5239782373067643,0.7238634106699718,1.3012133836746216,-0.6194037318229675,0.17476294562220573,0.9524096250534058,2.980576276779175,5.130149698257447,5.7495534300804145
231,m462,TH,na,TH,units,pre,17-18,3.0,4.0,4,5,0.9044716489873273,0.9510371438526086,1.2613364458084106,-0.09757781624794003,0.5089272707700729,1.7019993662834167,3.4721596240997314,5.957974100112915,6.055551916360855
231,m462,TH,na,TH,units,pre,31-32,0.0,1.0,6,4,-0.4737702290226463,-0.688309689763733,0.5379667282104492,-0.05837710201740264,0.3155783638358116,1.5781668424606323,2.57533597946167,3.1929970026016252,3.251374104619028
231,m462,TH,na,TH,units,pre,31-32,1.0,2.0,6,4,-0.2785052005307143,-0.5277359193107044,1.3635282516479492,-0.13371103107929228,0.5207066163420677,2.229551076889038,3.910201072692871,5.186064624786377,5.319775655865669
231,m462,TH,na,TH,units,pre,31-32,2.0,3.0,6,4,-0.41698517597861456,-0.645743893489218,0.9252315163612366,-0.022299870289862155,0.6825006455183029,2.564268946647644,4.2423306703567505,6.1892653465271,6.211565216816962
231,m462,TH,na,TH,units,pre,31-32,3.0,4.0,6,4,-0.6400658313678617,-0.8000411435469189,0.8603236079216003,-0.061641814932227125,0.5948019325733185,2.4488381147384644,4.112046837806702,5.694553947448732,5.756195762380959
231,m462,TH,na,TH,units,pre,39-40,0.0,1.0,9,6,-0.027283735393158308,-0.1651778901462248,0.5995294451713562,0.2638337939977646,0.5885781794786453,0.9391774535179138,1.4410571455955505,1.9883988618850716,1.724565067887307
231,m462,TH,na,TH,units,pre,39-40,1.0,2.0,9,6,0.10976936776463207,0.3313146054200329,1.228830099105835,0.24277220964431764,0.8874087631702423,1.425291121006012,2.884789288043976,3.998844337463381,3.7560721278190634
231,m462,TH,na,TH,units,pre,39-40,2.0,3.0,9,6,-0.346488123851892,-0.5886324182814704,0.9255862236022949,0.23933934271335602,0.859363317489624,1.312820017337799,2.399556577205658,3.4022859096527145,3.1629465669393584
231,m462,TH,na,TH,units,pre,39-40,3.0,4.0,9,6,-0.4603967726062674,-0.6785254399108904,0.9953362941741943,-0.07938816845417022,0.5609705597162247,1.1397367715835571,2.0278878211975098,4.184519433975221,4.263907602429391
232,m465,TH,na,TH,units,post,17-18,0.0,1.0,5,3,-0.004405052183397853,-0.06637056714687507,0.2832082509994507,-0.12304745987057686,0.06731677427887917,0.24794355779886246,0.47916437685489655,0.6907153427600861,0.8137628026306629
232,m465,TH,na,TH,units,post,17-18,1.0,2.0,5,3,0.018228101551995467,0.13501148674092686,0.5192303657531738,0.4142807722091675,0.8002693951129913,1.231193721294403,1.9270804822444916,2.6477673053741455,2.233486533164978
232,m465,TH,na,TH,units,post,17-18,2.0,3.0,5,3,0.05062698200132836,0.22500440440428796,0.6396496295928955,0.6761380434036255,1.088598221540451,1.6430163979530334,2.4944807291030884,3.5347477197647095,2.858609676361084
232,m465,TH,na,TH,units,post,17-18,3.0,4.0,5,3,0.3621567833001509,0.6017946354863517,0.8917523622512817,0.540367603302002,0.9547886252403259,1.4493117928504944,2.5781898498535156,3.8068679571151733,3.2665003538131714
232,m465,TH,na,TH,units,post,31-32,0.0,1.0,3,5,4.22285302935655,2.054958157568312,1.4858930110931396,0.5502945482730865,0.8530328124761581,1.545516312122345,2.661546766757965,4.310826301574707,3.7605317533016205
232,m465,TH,na,TH,units,post,31-32,1.0,2.0,3,5,17.819751854565368,4.221344792191863,2.647845983505249,1.3821566700935364,2.2911794781684875,4.448040246963501,7.952524185180664,11.218605518341064,9.836448848247528
232,m465,TH,na,TH,units,post,31-32,2.0,3.0,3,5,25.02524917718843,5.002524280519629,2.779128313064575,1.6060466170310974,2.5437909364700317,5.146807670593262,9.43504023551941,13.251039981842041,11.644993364810944
232,m465,TH,na,TH,units,post,31-32,3.0,4.0,3,5,41.961088107575385,6.4777378850626075,4.729228973388672,0.9333981275558472,1.72806915640831,3.9006837606430054,6.872757077217102,11.841466903686523,10.908068776130676
232,m465,TH,na,TH,units,pre,17-18,0.0,1.0,13,6,0.17058446595731222,0.4130187234948462,0.6283890604972839,-0.14068106561899185,0.05782821215689182,0.4566236436367035,1.109186202287674,2.062128782272339,2.2028098478913307
232,m465,TH,na,TH,units,pre,17-18,1.0,2.0,13,6,-0.16785721235498807,-0.4097038105204638,0.5309310555458069,-0.23277758806943893,0.21228332817554474,0.9238741099834442,2.1461516618728638,3.299875259399414,3.532652847468853
232,m465,TH,na,TH,units,pre,17-18,2.0,3.0,13,6,-0.6146435680599598,-0.7839920714267203,0.5589436888694763,0.21488575637340546,0.7220195680856705,1.700705885887146,3.2568901777267456,5.2869110107421875,5.072025254368782
232,m465,TH,na,TH,units,pre,17-18,3.0,4.0,13,6,-0.46365499005595046,-0.680922161525053,0.7068304419517517,0.8117455840110779,1.518331617116928,2.4350043535232544,4.183700799942017,6.569659233093262,5.757913649082184
232,m465,TH,na,TH,units,pre,31-32,0.0,1.0,8,3,-0.2782451374544289,-0.5274894666762825,0.6136458516120911,0.6422819495201111,1.686494380235672,3.0944734811782837,5.651193141937256,7.858543634414673,7.216261684894562
232,m465,TH,na,TH,units,pre,31-32,1.0,2.0,8,3,-0.8190090567700316,-0.904991191542786,0.8598242402076721,0.8148905038833618,2.2890384197235107,4.479357719421387,8.076149702072144,12.174875259399414,11.359984755516052
232,m465,TH,na,TH,units,pre,31-32,2.0,3.0,8,3,-0.41051126610941124,-0.6407115311194354,0.893993079662323,0.7828852236270905,2.3416662216186523,4.587414264678955,8.359686851501465,12.427858352661133,11.644973129034042
232,m465,TH,na,TH,units,pre,31-32,3.0,4.0,8,3,-0.3137261527364925,-0.5601126250465102,0.5960254669189453,0.8522400557994843,2.3465328216552734,4.742721796035767,8.776668548583984,12.923829078674316,12.071589022874832
232,m465,TH,na,TH,units,pre,39-40,0.0,1.0,8,5,0.0008239153005319903,0.02870392482800898,0.614372193813324,-0.162150040268898,0.08077861741185188,0.4157201796770096,0.9974043667316437,1.5922419428825378,1.7543919831514359
232,m465,TH,na,TH,units,pre,39-40,1.0,2.0,8,5,0.14276061551671884,0.37783675776281855,1.1554971933364868,-0.3481837511062622,-0.02115381322801113,0.8054190874099731,1.989019751548767,3.204088807106018,3.5522725582122803
232,m465,TH,na,TH,units,pre,39-40,2.0,3.0,8,5,-0.23124453767618394,-0.48087892205438154,1.4549744129180908,-0.2419869676232338,0.08337911777198315,0.8383041024208069,1.9948985278606415,3.68163001537323,3.9236169829964638
232,m465,TH,na,TH,units,pre,39-40,3.0,4.0,8,5,-0.4626593206646104,-0.680190650233161,1.5467360019683838,0.08196939900517464,0.47671396285295486,1.4443279504776,2.743354082107544,4.421863079071045,4.33989368006587
213,m392,Thy1,na,Thy1,units,post,17-18,0.0,1.0,6,4,0.12219136238985855,0.34955881106025427,0.5903668403625488,0.01120412210002542,0.17293553799390793,0.41718319058418274,0.8224512338638306,1.930822086334227,1.9196179642342015
213,m392,Thy1,na,Thy1,units,post,17-18,1.0,2.0,6,4,0.10949972179739761,0.3309074217925576,0.6662801504135132,0.23859954029321673,0.5776370316743851,1.0603045225143433,2.0972097516059875,5.374175643920898,5.135576103627681
213,m392,Thy1,na,Thy1,units,post,17-18,2.0,3.0,6,4,0.2904203389913341,0.5389066143510711,0.8442389369010925,0.14669890403747562,0.5745170712471008,1.1255056858062744,2.1764414310455322,5.397400093078613,5.250701189041137
213,m392,Thy1,na,Thy1,units,post,17-18,3.0,4.0,6,4,0.4122321401204563,0.6420530664364561,0.890698254108429,0.029916189238429078,0.43269453942775726,1.0483851432800293,2.137626886367798,5.194436120986937,5.164519931748508
213,m392,Thy1,na,Thy1,units,post,31-32,0.0,1.0,4,3,3.51308746005491,1.8743232005326376,2.2111434936523438,0.2097582831978798,0.47252357006073,1.2911692261695862,3.1738852858543396,5.950006866455078,5.7402485832571974
213,m392,Thy1,na,Thy1,units,post,31-32,1.0,2.0,4,3,2.00407267018158,1.4156527364370048,2.409929037094116,0.4187833726406098,0.7846925258636475,2.1422730684280396,5.116900205612183,9.083628368377685,8.664844995737075
213,m392,Thy1,na,Thy1,units,post,31-32,2.0,3.0,4,3,2.5118156526700046,1.5848708630894837,2.166985511779785,0.3029929220676423,0.636118620634079,1.6883651614189148,4.5941914319992065,8.300887393951417,7.997894471883774
213,m392,Thy1,na,Thy1,units,post,31-32,3.0,4.0,4,3,2.27881015540312,1.5095728387206495,1.9439715147018433,0.24197767376899723,0.5843462944030762,1.3307106494903564,4.250258803367615,7.443608140945434,7.201630467176437
213,m392,Thy1,na,Thy1,units,post,39-40,0.0,1.0,4,3,0.10978392826954532,0.3313365785263458,0.8094355463981628,0.0723496235907078,0.28496402502059937,0.5686874091625214,1.0915781259536743,1.9013713359832765,1.8290217123925687
213,m392,Thy1,na,Thy1,units,post,39-40,1.0,2.0,4,3,1.685582041981749,1.2982996734120167,1.6817107200622559,0.13768090382218365,0.3986865505576134,0.7452657222747803,1.5641302168369293,3.05914714336395,2.921466239541766
213,m392,Thy1,na,Thy1,units,post,39-40,2.0,3.0,4,3,1.2439873918855544,1.1153418273720188,1.3001244068145752,0.18592430502176285,0.5229671448469162,0.9806737005710602,1.850216418504715,3.3837072610855095,3.1977829560637465
213,m392,Thy1,na,Thy1,units,post,39-40,3.0,4.0,4,3,1.8813080923100634,1.37160784931775,1.521182894706726,0.0406162116676569,0.28810635954141617,0.664573609828949,1.40524560213089,2.7989526033401475,2.758336391672491
213,m392,Thy1,na,Thy1,units,pre,17-18,0.0,1.0,8,4,0.21660036396874133,0.46540344215394597,0.7659002542495728,-0.49476694166660307,-0.056432170793414116,0.5953295826911926,1.5665056109428406,3.2286719560623163,3.7234388977289195
213,m392,Thy1,na,Thy1,units,pre,17-18,1.0,2.0,8,4,-0.8710547483440405,-0.9333031385054057,0.5980286002159119,-0.9936211347579954,-0.39760522544384,0.3298472911119461,1.353334128856659,3.5590584278106676,4.552679562568663
213,m392,Thy1,na,Thy1,units,pre,17-18,2.0,3.0,8,4,-0.3312420617542552,-0.5755363253125342,0.5636298060417175,-0.6087787449359894,-0.048187872394919395,1.0382418036460876,2.613756775856018,6.137169647216797,6.745948392152786
213,m392,Thy1,na,Thy1,units,pre,17-18,3.0,4.0,8,4,-0.08819353138458058,-0.29697395741812205,1.0365692377090454,-0.4093623638153076,0.17660171538591385,1.2408800721168518,3.221116602420807,6.610542201995849,7.0199045658111565
213,m392,Thy1,na,Thy1,units,pre,31-32,0.0,1.0,6,4,1.63983342878513,1.2805598107019953,1.4850128889083862,0.02608961984515191,0.2222238928079605,1.4204183220863342,3.5786757469177246,7.461187171936035,7.435097552090883
213,m392,Thy1,na,Thy1,units,pre,31-32,1.0,2.0,6,4,1.5705611855477102,1.253220326019216,1.2052595615386963,-0.26486860811710355,0.118009053170681,1.3638584613800049,3.982243299484253,8.917550659179687,9.18241926729679
213,m392,Thy1,na,Thy1,units,pre,31-32,2.0,3.0,6,4,-0.5777410354216228,-0.7600927807982542,0.9963424205780029,-0.11257819607853889,0.2455165721476078,1.5867340564727783,4.322181463241577,9.772368431091309,9.884946627169848
213,m392,Thy1,na,Thy1,units,pre,31-32,3.0,4.0,6,4,0.24036317646679806,0.4902684738658994,1.6816767454147339,-0.14574070274829862,0.30623070150613785,1.422210931777954,4.416221499443054,9.38653802871704,9.532278731465338
213,m392,Thy1,na,Thy1,units,pre,39-40,0.0,1.0,7,7,0.7357017529631837,0.8577305829706574,1.0724198818206787,0.03662596046924592,0.33369825035333633,0.9956595003604889,2.171300768852234,3.846308302879333,3.809682342410087
213,m392,Thy1,na,Thy1,units,pre,39-40,1.0,2.0,7,7,0.6690614954396047,0.8179617933862221,1.2247728109359741,-0.5585215270519257,-0.12254519946873188,0.7047510743141174,1.904012680053711,3.7642421245574913,4.322763651609417
213,m392,Thy1,na,Thy1,units,pre,39-40,2.0,3.0,7,7,3.0466342291411572,1.7454610362712648,2.1153528690338135,-0.4336291879415512,-0.1301639825105667,0.5787472128868103,2.136976420879364,4.803423595428466,5.237052783370017
213,m392,Thy1,na,Thy1,units,pre,39-40,3.0,4.0,7,7,3.080799454774008,1.7552206285176823,1.8316802978515625,-0.46748065352439877,-0.15173497796058655,0.5403991639614105,1.8441133201122284,5.125798320770263,5.5932789742946625
214,m426,Thy1,na,Thy1,units,post,17-18,0.0,1.0,4,4,0.6420493549479899,0.8012798231254734,0.9351305961608887,-0.22460677474737167,-0.0869588553905487,0.2683907151222229,0.7855843007564545,1.5786470770835876,1.8032538518309593
214,m426,Thy1,na,Thy1,units,post,17-18,1.0,2.0,4,4,0.8532627851935518,0.9237222446133642,0.9367445111274719,-0.020314618945121765,0.2851409614086151,0.7612504661083221,1.5639575719833374,3.782543420791626,3.8028580397367477
214,m426,Thy1,na,Thy1,units,post,17-18,2.0,3.0,4,4,0.35288269823276264,0.5940393069761989,0.8467028737068176,-0.009052380919456482,0.27178509533405304,0.6356566250324249,1.5108363032341003,3.480064868927002,3.4891172498464584
214,m426,Thy1,na,Thy1,units,post,17-18,3.0,4.0,4,4,-0.0623170710401239,-0.24963387398372822,0.5346037745475769,-0.015238750725984573,0.22666484490036964,0.6824277341365814,1.379481852054596,3.428989052772522,3.4442278034985065
214,m426,Thy1,na,Thy1,units,post,31-32,0.0,1.0,6,5,0.10876779917050135,0.32979963488533665,1.4746127128601074,0.11807318404316902,0.38756146281957626,0.90696582198143,2.0324007272720337,4.38421630859375,4.266143124550581
214,m426,Thy1,na,Thy1,units,post,31-32,1.0,2.0,6,5,1.1319607726307752,1.0639364514061802,1.6825933456420898,0.4495748281478882,1.062973290681839,1.974306881427765,4.155618786811829,9.020113468170166,8.570538640022278
214,m426,Thy1,na,Thy1,units,post,31-32,2.0,3.0,6,5,0.4846014643429431,0.6961332231282623,1.2702211141586304,0.3855985105037689,0.8928953260183334,1.840036928653717,4.073838591575623,8.128827095031738,7.743228584527969
214,m426,Thy1,na,Thy1,units,post,31-32,3.0,4.0,6,5,0.14236354403025692,0.37731093812697364,0.9134717583656311,0.21017666906118393,0.5865746587514877,1.3571062684059143,3.1003090143203735,6.390013933181763,6.179837264120579
214,m426,Thy1,na,Thy1,units,post,39-40,0.0,1.0,6,7,0.23417410282753826,0.4839153880871513,0.6742553114891052,-0.11105966567993164,0.036288030445575714,0.21911343932151794,0.47761407494544983,0.8380812108516693,0.949140876531601
214,m426,Thy1,na,Thy1,units,post,39-40,1.0,2.0,6,7,0.3472181774394454,0.5892522188667985,0.8841748237609863,0.05408861115574837,0.23571616783738136,0.5358734130859375,0.9676641523838043,1.6229062676429749,1.5688176564872265
214,m426,Thy1,na,Thy1,units,post,39-40,2.0,3.0,6,7,1.012624646640163,1.0062925253822383,0.9577702879905701,-0.0026771454140543938,0.15076586976647377,0.3738393932580948,0.7630352079868317,1.5047836303710938,1.5074607757851481
214,m426,Thy1,na,Thy1,units,post,39-40,3.0,4.0,6,7,0.6422350720441906,0.8013957025366374,0.8836463689804077,-0.037810949608683586,0.1230871919542551,0.35236160457134247,0.7861412614583969,1.7594261765480042,1.7972371261566877
214,m426,Thy1,na,Thy1,units,pre,17-18,0.0,1.0,5,6,0.20911695919775192,0.45729307801206864,0.7591406106948853,-0.419657364487648,-0.12394857779145241,0.27006085216999054,0.9055215418338776,2.167212724685669,2.586870089173317
214,m426,Thy1,na,Thy1,units,pre,17-18,1.0,2.0,5,6,-0.40639303884290523,-0.637489638223952,0.8073979020118713,-1.1351290345191956,-0.7114684283733368,-0.09029249101877213,0.8200878947973251,2.2421034574508667,3.3772324919700623
214,m426,Thy1,na,Thy1,units,pre,17-18,2.0,3.0,5,6,-0.060116088568243006,-0.2451858245662726,0.7719720602035522,-0.20811592042446136,0.16434528678655624,0.7941320538520813,1.7520067691802979,3.919283866882324,4.127399787306786
214,m426,Thy1,na,Thy1,units,pre,17-18,3.0,4.0,5,6,-0.0014243166177764148,-0.03774011947220643,0.9903738498687744,-0.2251521646976471,0.338808998465538,1.0115047097206116,2.1795420050621033,4.465638875961304,4.690791040658951
214,m426,Thy1,na,Thy1,units,pre,39-40,0.0,1.0,5,3,1.3830787921052987,1.1760437033143363,1.2108625173568726,-0.08299633860588074,0.047290802001953125,0.31360119581222534,0.8782196640968323,1.9828404188156128,2.0658367574214935
214,m426,Thy1,na,Thy1,units,pre,39-40,1.0,2.0,5,3,1.7145581085024555,1.309411359543843,1.8744910955429077,-0.3055736720561981,0.0046913932310417295,0.3842833489179611,1.2472428381443024,2.732861876487732,3.03843554854393
214,m426,Thy1,na,Thy1,units,pre,39-40,2.0,3.0,5,3,2.0466086448720606,1.4305973035316615,2.2613611221313477,-0.18384874612092972,0.07441519573330879,0.48140208423137665,1.2965962588787079,3.2459903955459595,3.429839141666889
214,m426,Thy1,na,Thy1,units,pre,39-40,3.0,4.0,5,3,4.075057739178574,2.0186772251101894,2.846008777618408,-0.04568483307957649,0.21589375659823418,0.5894569754600525,1.6295439302921295,3.613050699234009,3.6587355323135853
215,m496,DAT,na,DAT,units,post,17-18,0.0,1.0,2,2,0.3213264636250095,0.5668566517427572,0.95307856798172,-0.06545291244983673,0.14264124631881714,0.4399300664663315,0.8177564442157745,1.474669873714447,1.5401227861642837
215,m496,DAT,na,DAT,units,post,17-18,1.0,2.0,2,2,0.031229030012907538,0.17671737326281062,1.5041542053222656,0.5183364212512971,0.9705914258956909,1.584591031074524,2.3953606486320496,3.541329884529114,3.022993463277817
215,m496,DAT,na,DAT,units,post,17-18,2.0,3.0,2,2,0.7376076928069606,0.8588409007534286,1.3777302503585815,0.36365680992603305,0.786802813410759,1.4869736433029175,2.450113296508789,4.193968963623047,3.830312153697014
215,m496,DAT,na,DAT,units,post,17-18,3.0,4.0,2,2,0.3368511343298659,0.5803887786043644,1.4767343997955322,0.15332370698452003,0.6599138677120209,1.43104749917984,2.5169780254364014,4.346371889114382,4.1930481821298615
215,m496,DAT,na,DAT,units,post,31-32,0.0,1.0,5,6,-0.17685161656001924,-0.4205372950881042,0.4565564692020416,-0.03887254483997821,0.0847074631601572,0.2640509307384491,1.001392900943756,2.739519762992859,2.778392307832837
215,m496,DAT,na,DAT,units,post,31-32,1.0,2.0,5,6,0.6157087795986048,0.7846711283070156,1.0643001794815063,0.2012018144130707,0.5135841518640518,1.111000657081604,3.1151742935180664,7.7217267036438,7.52052488923073
215,m496,DAT,na,DAT,units,post,31-32,2.0,3.0,5,6,2.864394044108216,1.692452080298942,1.8993568420410156,0.22131001204252243,0.6188585013151169,1.3957923650741577,4.405542612075806,9.235360240936284,9.014050228893762
215,m496,DAT,na,DAT,units,post,31-32,3.0,4.0,5,6,0.720134689566287,0.8486075003005141,1.315048336982727,0.18129667043685918,0.5723231285810471,1.3565784692764282,4.095203518867493,8.934915256500247,8.753618586063387
215,m496,DAT,na,DAT,units,post,39-40,0.0,1.0,5,5,-0.1552817750001241,-0.39405808582000207,0.7003095746040344,-0.47735915780067445,-0.21843161433935165,0.051984408870339394,0.3074137419462204,0.7035803794860862,1.1809395372867606
215,m496,DAT,na,DAT,units,post,39-40,1.0,2.0,5,5,0.29617480140241154,0.54421944232305,0.8508614897727966,-0.15364016443490977,0.054905492812395096,0.3999050557613373,0.9742172211408615,1.9138387918472328,2.0674789562821427
215,m496,DAT,na,DAT,units,post,39-40,2.0,3.0,5,5,0.6145889269253353,0.7839572226373932,1.0765985250473022,-0.3171375721693039,0.029908962547779083,0.5105384886264801,1.134532868862152,2.4891379117965706,2.8062754839658743
215,m496,DAT,na,DAT,units,post,39-40,3.0,4.0,5,5,1.1108985497490687,1.0539917218598391,1.4151546955108643,-0.49719044864177697,-0.12211264483630657,0.41073155403137207,1.0880481898784637,2.7985853195190438,3.2957757681608206
215,m496,DAT,na,DAT,units,pre,17-18,0.0,1.0,7,5,-0.008522089557573356,-0.09231516428828665,0.5869297385215759,-0.9369914293289184,-0.6267345398664474,-0.08734795078635216,0.7257618308067322,2.1083756685256962,3.045367097854615
215,m496,DAT,na,DAT,units,pre,17-18,1.0,2.0,7,5,-0.07678577423557856,-0.2771024616194857,0.7805001139640808,-2.386655640602112,-1.679328829050064,-0.6917838156223297,0.4682222828269005,2.4330450296401995,4.8197006702423115
215,m496,DAT,na,DAT,units,pre,17-18,2.0,3.0,7,5,0.05073919074673762,0.22525361428118665,0.8381306529045105,-1.9481876730918883,-1.256298691034317,-0.12222286313772202,1.3150984644889832,3.7666736125946048,5.714861285686493
215,m496,DAT,na,DAT,units,pre,17-18,3.0,4.0,7,5,-0.09276881128662123,-0.30457972894895885,0.752730667591095,-2.0031701326370235,-1.1191846132278442,0.050334472209215164,1.7445871829986572,4.034912157058716,6.038082289695739
215,m496,DAT,na,DAT,units,pre,31-32,0.0,1.0,5,6,-0.0002742548512441429,-0.016560641631414616,0.8240357041358948,-0.32208377718925446,0.07526180893182755,1.1918074488639832,2.988042950630188,5.050668287277222,5.372752064466477
215,m496,DAT,na,DAT,units,pre,31-32,1.0,2.0,5,6,0.5134411757211047,0.7165480972838493,1.2221488952636719,-0.9001532971858976,-0.21040816232562065,1.4369946718215942,4.569486618041992,7.663096427917481,8.563249725103379
215,m496,DAT,na,DAT,units,pre,31-32,2.0,3.0,5,6,0.7929249101472281,0.890463312072557,1.3331202268600464,-0.788432639837265,-0.14262789115309715,1.612330138683319,4.660014629364014,7.956322479248047,8.744755119085312
215,m496,DAT,na,DAT,units,pre,31-32,3.0,4.0,5,6,0.07278238782000118,0.26978211174946565,1.4087783098220825,-0.718762183189392,0.08241833187639713,1.8133342862129211,5.094393014907837,8.04220609664917,8.760968279838563
215,m496,DAT,na,DAT,units,pre,39-40,0.0,1.0,6,4,0.8239405323972162,0.9077117011459179,1.0584028959274292,-0.7645892858505249,-0.4819292575120926,-0.040612295269966125,0.7202372699975967,2.053831100463869,2.818420386314394
215,m496,DAT,na,DAT,units,pre,39-40,1.0,2.0,6,4,0.8839483310175823,0.9401852641993398,1.3077137470245361,-1.8234426975250242,-1.1732383072376251,-0.4966540038585663,0.8620405346155167,3.1974554538726827,5.020898151397707
215,m496,DAT,na,DAT,units,pre,39-40,2.0,3.0,6,4,1.817589060883688,1.348179906720052,1.7335212230682373,-1.37547709941864,-0.7101263105869293,0.24303112924098969,1.5755131840705872,4.0734244346618675,5.448901534080507
215,m496,DAT,na,DAT,units,pre,39-40,3.0,4.0,6,4,2.2774780230893863,1.5091315459857655,1.8866499662399292,-1.3700410127639768,-0.6791636198759079,0.10183850675821304,1.4700800776481628,4.534573459625247,5.904614472389224
216,m392,Thy1,na,Thy1,units,post,17-18,0.0,1.0,5,5,-0.0011946905562141236,-0.03456429597451861,0.3701896369457245,0.009623032063245777,0.17518145218491554,0.3567906767129898,0.6197209507226944,1.0653805017471314,1.0557574696838856
216,m392,Thy1,na,Thy1,units,post,17-18,1.0,2.0,5,5,-0.09022289592877576,-0.30037126348699833,0.47945666313171387,0.2902596414089203,0.6368167996406555,1.0667576789855957,1.6712512969970703,4.227011990547181,3.9367523491382608
216,m392,Thy1,na,Thy1,units,post,17-18,2.0,3.0,5,5,-0.09722916072812444,-0.3118159083948804,0.4663216769695282,0.2753895431756974,0.642338216304779,1.0571880340576172,1.8029622435569763,4.110068607330323,3.8346790641546256
216,m392,Thy1,na,Thy1,units,post,17-18,3.0,4.0,5,5,-0.05487466760921958,-0.23425342603518007,0.39554187655448914,0.3067727148532868,0.6577852815389633,1.1493364572525024,1.904488056898117,4.013716125488282,3.7069434106349948
216,m392,Thy1,na,Thy1,units,post,31-32,0.0,1.0,8,6,0.06534896799371052,0.255634442111603,0.4918883740901947,0.0753755457699299,0.24303793534636497,0.59627965092659,1.5297094583511353,2.7905389070510864,2.7151633612811565
216,m392,Thy1,na,Thy1,units,post,31-32,1.0,2.0,8,6,0.4475669087676689,0.6690044161047586,0.9375626444816589,0.21754110604524612,0.4118218719959259,1.1490251421928406,2.972499370574951,6.463039398193363,6.245498292148117
216,m392,Thy1,na,Thy1,units,post,31-32,2.0,3.0,8,6,0.4288973256352819,0.654902531400881,0.7959451675415039,0.212049600481987,0.41595638543367386,0.975906103849411,2.7021620869636536,5.597730970382691,5.385681369900704
216,m392,Thy1,na,Thy1,units,post,31-32,3.0,4.0,8,6,0.16296537266997752,0.4036896984937534,0.6471497416496277,0.19257992058992385,0.3660849332809448,0.9272196888923645,2.6482712030410767,5.614191436767579,5.421611516177656
216,m392,Thy1,na,Thy1,units,post,39-40,0.0,1.0,7,3,0.8324669655302284,0.912396276587223,0.9656499624252319,0.11017109602689742,0.26895901560783386,0.5294698178768158,1.1499558687210083,2.5905328273773196,2.4803617313504223
216,m392,Thy1,na,Thy1,units,post,39-40,1.0,2.0,7,3,1.2516657761195236,1.118778698456278,1.1637599468231201,0.1805915802717209,0.3458138480782509,0.6610339283943176,1.570965051651001,3.2359604835510254,3.0553689032793043
216,m392,Thy1,na,Thy1,units,post,39-40,2.0,3.0,7,3,2.3033997309408547,1.517695533017362,1.5457433462142944,0.1487776219844818,0.3202064111828804,0.5960668921470642,1.6713837087154388,3.273919749259949,3.1251421272754674
216,m392,Thy1,na,Thy1,units,post,39-40,3.0,4.0,7,3,2.265939459794884,1.5053037765829473,1.6421775817871094,0.16158648133277895,0.35760490596294403,0.6930291056632996,1.9245965480804443,3.950432634353638,3.788846153020859
216,m392,Thy1,na,Thy1,units,pre,17-18,0.0,1.0,7,6,0.5946300181235988,0.7711225701038706,0.6884844303131104,-0.33842019438743587,-0.06714134849607944,0.39254269003868103,1.0201576054096222,1.9740406394004826,2.3124608337879184
216,m392,Thy1,na,Thy1,units,pre,17-18,1.0,2.0,7,6,1.2792287674917995,1.1310299587065762,0.9295840263366699,-0.6063476204872131,-0.18710048496723175,0.27226632833480835,1.2027176320552826,3.527728533744813,4.134076154232027
216,m392,Thy1,na,Thy1,units,pre,17-18,2.0,3.0,7,6,-0.10760285067982028,-0.32802873453376047,0.8730213046073914,-0.35219855606555933,-0.012525284895673394,0.6976960897445679,1.9280141294002533,4.70401577949524,5.056214335560799
216,m392,Thy1,na,Thy1,units,pre,17-18,3.0,4.0,7,6,-0.32340735813763505,-0.5686891577458068,0.8235580325126648,-0.3534452676773071,0.11026770249009132,0.9560129642486572,2.5962876677513123,5.058086252212526,5.411531519889833
216,m392,Thy1,na,Thy1,units,pre,31-32,0.0,1.0,3,7,-0.02403781420605864,-0.15504133063818382,2.233916759490967,-0.0017071694601327064,0.26902300864458084,1.7631094455718994,3.426634430885315,5.988191270828247,5.98989844028838
216,m392,Thy1,na,Thy1,units,pre,31-32,1.0,2.0,3,7,0.05208144519312189,0.22821359554838508,2.7748982906341553,-0.16746633648872375,0.13961295038461685,1.7320185899734497,3.6221843361854553,6.987465047836304,7.154931384325028
216,m392,Thy1,na,Thy1,units,pre,31-32,2.0,3.0,3,7,-0.024615656715684293,-0.15689377526111192,2.3134872913360596,-0.13887192010879515,0.21626315265893936,1.6616119146347046,3.8581531643867493,7.01946897506714,7.158340895175935
216,m392,Thy1,na,Thy1,units,pre,31-32,3.0,4.0,3,7,0.4894054367829234,0.6995751830810777,2.1297800540924072,-0.13191369026899336,0.23019759729504585,1.3602983951568604,3.515563130378723,6.441876268386841,6.573789958655834
216,m392,Thy1,na,Thy1,units,pre,39-40,0.0,1.0,4,5,0.34920364594562797,0.590934553013807,0.8526975512504578,-0.3016956150531769,-0.06886029243469238,0.33455172181129456,1.2875035405158997,2.6703397512435916,2.9720353662967685
216,m392,Thy1,na,Thy1,units,pre,39-40,1.0,2.0,4,5,1.0115537244004793,1.0057602718344363,1.2997376918792725,-0.372955185174942,-0.11628974601626396,0.4611075073480606,1.6491867303848267,3.660214948654175,4.033170133829117
216,m392,Thy1,na,Thy1,units,pre,39-40,2.0,3.0,4,5,2.3319309898408376,1.5270661380047812,1.820643424987793,-0.2823645621538162,0.03625145461410284,0.643822968006134,2.0941321849823,5.02232780456543,5.304692366719246
216,m392,Thy1,na,Thy1,units,pre,39-40,3.0,4.0,4,5,1.3514565918344184,1.1625216522002584,1.4050626754760742,-0.1715211659669876,0.14799974113702774,0.5952539443969727,2.3331451416015625,5.14218945503235,5.313710620999338
217,m426,Thy1,na,Thy1,units,post,17-18,0.0,1.0,4,5,-0.022119538452652247,-0.14872638788275686,0.5324675440788269,0.09587624520063401,0.3092067316174507,0.6344937682151794,1.2425754964351654,2.1351729154586794,2.0392966702580453
217,m426,Thy1,na,Thy1,units,post,17-18,1.0,2.0,4,5,-0.11601054045097023,-0.3406032008818623,0.5422106385231018,0.4213056951761246,0.6646287739276886,1.2503453493118286,2.7582224011421204,4.331665706634521,3.9103600114583963
217,m426,Thy1,na,Thy1,units,post,17-18,2.0,3.0,4,5,-0.08256276498647126,-0.287337371371131,0.6227185130119324,0.3042769402265549,0.5563468188047409,1.1081417202949524,2.4452881813049316,3.98797492980957,3.683697989583015
217,m426,Thy1,na,Thy1,units,post,17-18,3.0,4.0,4,5,-0.0991203138999885,-0.31483378773566933,0.6536015868186951,0.3198051035404205,0.5964661836624146,1.135422706604004,2.574791133403778,4.103624057769776,3.783818954229355
217,m426,Thy1,na,Thy1,units,post,31-32,0.0,1.0,4,6,0.17520827497938368,0.41857887545764144,0.7468209266662598,0.1485534518957138,0.3966926336288452,0.8040362894535065,1.5606726109981537,3.2305974483489988,3.082043996453285
217,m426,Thy1,na,Thy1,units,post,31-32,1.0,2.0,4,6,0.4832245972646045,0.695143580323234,1.5369068384170532,0.4309040129184723,0.8482476323843002,1.7116941213607788,3.5886704325675964,7.216563463211059,6.785659450292586
217,m426,Thy1,na,Thy1,units,post,31-32,2.0,3.0,4,6,0.7133863326284781,0.8446220057685438,1.0973347425460815,0.2795522958040238,0.6599910110235214,1.4984022378921509,3.3091729879379272,6.017131900787351,5.737579604983328
217,m426,Thy1,na,Thy1,units,post,31-32,3.0,4.0,4,6,0.3524164929235401,0.5936467745415114,0.7762581706047058,0.15008166283369065,0.51421919465065,1.2329374551773071,2.663308620452881,5.514012575149536,5.363930912315846
217,m426,Thy1,na,Thy1,units,post,39-40,0.0,1.0,6,3,-0.11362054195259956,-0.3370764630652807,0.3064560890197754,-0.09082332924008368,0.09918560273945332,0.2423527091741562,0.3810150548815727,0.6938732743263245,0.7846966035664082
217,m426,Thy1,na,Thy1,units,post,39-40,1.0,2.0,6,3,-0.18038192011799534,-0.4247139273887723,0.6090252995491028,0.11822415813803674,0.3090786188840866,0.5449227392673492,0.8958008736371994,1.4076427102088926,1.2894185520708559
217,m426,Thy1,na,Thy1,units,post,39-40,2.0,3.0,6,3,-0.05809681844647916,-0.24103281611946362,0.790363609790802,0.06981953829526902,0.2162509486079216,0.40978680551052094,0.783658504486084,1.336228513717651,1.266408975422382
217,m426,Thy1,na,Thy1,units,post,39-40,3.0,4.0,6,3,0.23000888730641839,0.47959241789921825,0.8790366649627686,-0.20361796915531158,-0.029818906914442778,0.16540522873401642,0.5419306010007858,1.3474476814270018,1.5510656505823133
217,m426,Thy1,na,Thy1,units,pre,17-18,0.0,1.0,6,7,0.12303789505894393,0.35076757982878626,0.4505309462547302,-0.23941495120525358,-0.06281747482717037,0.37111546099185944,0.9419868290424347,2.378263449668884,2.6176784008741376
217,m426,Thy1,na,Thy1,units,pre,17-18,1.0,2.0,6,7,0.11344886127344225,0.3368217054666196,0.5557407736778259,-0.6719202697277069,-0.36373740434646606,0.20417886972427368,1.035429447889328,3.1242366075515733,3.79615687727928
217,m426,Thy1,na,Thy1,units,pre,17-18,2.0,3.0,6,7,0.13970823468261356,0.37377564752484016,0.5897453427314758,-0.7634353280067444,-0.40991517156362534,0.30147765576839447,1.5314469635486603,3.5328064441680898,4.2962417721748345
217,m426,Thy1,na,Thy1,units,pre,17-18,3.0,4.0,6,7,0.2032832936672496,0.45086948628982376,0.6365580558776855,-0.5389323234558105,-0.1803683452308178,0.5965655744075775,1.8785666823387146,4.04042329788208,4.579355621337891
217,m426,Thy1,na,Thy1,units,pre,31-32,0.0,1.0,4,6,-0.0753108001587764,-0.274428132957932,0.8056957125663757,-0.08011262342333793,0.3091007247567177,2.427680730819702,4.477662444114685,6.77760419845581,6.857716821879148
217,m426,Thy1,na,Thy1,units,pre,31-32,1.0,2.0,4,6,0.08364812675658707,0.28921985885583146,0.7678811550140381,-0.5289065659046173,0.03643918037414551,2.110846757888794,4.403027892112732,7.225549602508544,7.754456168413162
217,m426,Thy1,na,Thy1,units,pre,31-32,2.0,3.0,4,6,0.04276616592170788,0.20679982089380028,0.7775998711585999,-0.5167888104915619,-0.07242929376661777,1.820151448249817,4.290421962738037,7.0185526371002185,7.53534144759178
217,m426,Thy1,na,Thy1,units,pre,31-32,3.0,4.0,4,6,-0.0967155504098999,-0.31099123847771004,0.8674560785293579,-0.3219096779823303,0.06488026678562164,1.9417738318443298,4.49409556388855,7.677096652984619,7.9990063309669495
217,m426,Thy1,na,Thy1,units,pre,39-40,0.0,1.0,3,5,2.44026389759762,1.5621344044600067,1.7815539836883545,-0.03927004523575306,0.17832685261964798,0.7015955448150635,1.68156099319458,3.287919354438782,3.327189399674535
217,m426,Thy1,na,Thy1,units,pre,39-40,1.0,2.0,3,5,2.2198154743164884,1.4899045185234148,1.5458781719207764,-0.3425444275140762,-0.09800848923623562,0.33937589824199677,1.3153836727142334,3.1453961133956905,3.487940540909767
217,m426,Thy1,na,Thy1,units,pre,39-40,2.0,3.0,3,5,3.0129309961276887,1.7357796507989396,1.8676701784133911,-0.3389982312917709,-0.12442375905811787,0.2860087752342224,1.254629522562027,3.3637729644775383,3.702771195769309
217,m426,Thy1,na,Thy1,units,pre,39-40,3.0,4.0,3,5,4.292474997195369,2.071828901525261,2.070702075958252,-0.14727705270051955,0.032102541998028755,0.48613764345645905,1.3874102234840393,3.991072225570678,4.138349278271198
218,m496,DAT,na,DAT,units,post,17-18,0.0,1.0,5,7,0.07009494797910168,0.2647545051157802,0.5402387380599976,0.2952446997165681,0.7103713750839233,1.1910513639450073,1.7990783751010895,3.250215554237368,2.9549708545207998
218,m496,DAT,na,DAT,units,post,17-18,1.0,2.0,5,7,-0.11020852572108192,-0.3319766945450869,1.0330026149749756,0.19129429906606693,0.8435534983873367,1.5347135066986084,2.9272053837776184,6.140258455276493,5.948964156210426
218,m496,DAT,na,DAT,units,post,17-18,2.0,3.0,5,7,-0.030752564477850516,-0.17536409118702298,1.3500176668167114,-0.04058511070907112,0.7812231630086899,1.679753303527832,3.42566454410553,7.159118986129762,7.1997040968388335
218,m496,DAT,na,DAT,units,post,17-18,3.0,4.0,5,7,-0.11595512799151958,-0.34052184657011303,1.5579546689987183,-0.4233768224716186,0.3707328364253044,1.4579533338546753,3.5857532024383545,7.452964067459108,7.876340889930727
218,m496,DAT,na,DAT,units,post,31-32,0.0,1.0,7,4,0.07110275170347106,0.26665099231668177,0.8243521451950073,-0.07727008387446403,0.19647317752242088,0.6636673510074615,2.288064956665039,5.3240000247955335,5.401270108669998
218,m496,DAT,na,DAT,units,post,31-32,1.0,2.0,7,4,0.30324555575466344,0.5506773608517636,1.556545376777649,-0.14491578638553615,0.3961190730333328,1.4998738169670105,4.076826572418213,9.43978090286255,9.584696689248085
218,m496,DAT,na,DAT,units,post,31-32,2.0,3.0,7,4,0.024208891097668564,0.15559206630695718,1.7849271297454834,-0.017803060822188833,0.5770938545465469,1.9399458169937134,5.133658528327942,10.879069232940681,10.89687229376287
218,m496,DAT,na,DAT,units,post,31-32,3.0,4.0,7,4,0.04470011175350517,0.21142400940646539,1.673690915107727,0.10190827846527102,0.7665313333272934,2.0812504291534424,4.889688968658447,10.58119297027588,10.47928469181061
218,m496,DAT,na,DAT,units,post,39-40,0.0,1.0,4,4,1.026341800480311,1.0130852878609535,1.2431238889694214,-0.12497028708457945,0.09769383631646633,0.6375644505023956,1.2272404730319977,2.7840033054351814,2.908973592519761
218,m496,DAT,na,DAT,units,post,39-40,1.0,2.0,4,4,-0.29087563601615807,-0.5393288755631003,1.000388741493225,0.28932269215583806,0.7244093120098114,1.254758894443512,2.3696494698524475,4.587871313095094,4.298548620939256
218,m496,DAT,na,DAT,units,post,39-40,2.0,3.0,4,4,0.7494250726235392,0.8656934056717419,1.2433522939682007,0.2557784765958786,0.7014391124248505,1.3428291082382202,2.489522159099579,4.950025749206543,4.6942472726106645
218,m496,DAT,na,DAT,units,post,39-40,3.0,4.0,4,4,0.7272039981465355,0.8527625684482965,1.2713236808776855,0.14371107220649726,0.6865772157907486,1.34391450881958,2.6258904337882996,4.786247301101686,4.642536228895189
218,m496,DAT,na,DAT,units,pre,17-18,0.0,1.0,7,6,-0.16290384927007964,-0.40361348995057095,0.5898196697235107,-1.4363308548927307,-0.9896526634693146,-0.5027540028095245,0.43675004690885544,2.4391969203948975,3.8755277752876283
218,m496,DAT,na,DAT,units,pre,17-18,1.0,2.0,7,6,-0.2995215741906752,-0.5472856422296086,0.8387808203697205,-2.78375129699707,-2.028955817222595,-1.035047709941864,0.25071951001882553,3.1786216974258434,5.962372994422914
218,m496,DAT,na,DAT,units,pre,17-18,2.0,3.0,7,6,-0.0444044993612519,-0.21072375129835721,0.9868633151054382,-1.682492125034332,-0.8932485431432724,0.14187994599342346,1.7236057221889496,5.506640148162844,7.189132273197176
218,m496,DAT,na,DAT,units,pre,17-18,3.0,4.0,7,6,-0.42777670242427224,-0.654046406934762,0.8986558318138123,-1.616474378108978,-0.7999468445777893,0.32931070029735565,2.38523530960083,5.305052042007448,6.921526420116426
218,m496,DAT,na,DAT,units,pre,31-32,0.0,1.0,8,5,0.2474108741049647,0.4974041355929449,0.8794386982917786,-0.48679417967796323,-0.11270817369222641,0.5833476483821869,3.21620374917984,5.79307417869568,6.279868358373643
218,m496,DAT,na,DAT,units,pre,31-32,1.0,2.0,8,5,-0.111506630799348,-0.33392608583240097,1.106594204902649,-1.100650405883789,-0.43639910966157913,0.6844579577445984,4.306764483451843,8.268048381805421,9.36869878768921
218,m496,DAT,na,DAT,units,pre,31-32,2.0,3.0,8,5,0.8008178215154097,0.8948842503449314,1.3878151178359985,-0.9644234657287597,-0.3224639743566513,0.9352898895740509,4.673960447311401,9.080577850341804,10.045001316070564
218,m496,DAT,na,DAT,units,pre,31-32,3.0,4.0,8,5,0.9420630392385713,0.9705993196157574,1.3492522239685059,-0.8467812716960906,-0.3167077824473381,1.010818749666214,4.740527153015137,8.561594581604005,9.408375853300097
218,m496,DAT,na,DAT,units,pre,39-40,0.0,1.0,4,4,0.5826138044305335,0.7632914282438481,1.0865904092788696,-1.318307614326477,-0.7612462490797043,-0.2659982442855835,0.39812229573726654,1.5744990468025208,2.892806661128998
218,m496,DAT,na,DAT,units,pre,39-40,1.0,2.0,4,4,3.025183155091835,1.7393053656824713,1.8625601530075073,-2.188441729545593,-1.5431777238845825,-0.8368106782436371,1.0286201238632202,3.3055475950241093,5.493989324569702
218,m496,DAT,na,DAT,units,pre,39-40,2.0,3.0,4,4,6.162943771942414,2.482527698121899,2.8074333667755127,-1.3424456000328064,-0.5549182146787643,0.18588685989379883,2.022167384624481,4.603044795989991,5.945490396022797
218,m496,DAT,na,DAT,units,pre,39-40,3.0,4.0,4,4,7.409142262309767,2.721973964296824,3.0408544540405273,-1.2744417667388916,-0.4066636264324188,0.2898327261209488,2.327345311641693,5.444708919525147,6.719150686264038
219,m357,TH,na,TH,units,post,17-18,0.0,1.0,8,7,-0.1609977694375079,-0.4012452734145387,0.238746777176857,-0.08650878071784973,0.04144516587257385,0.2022026777267456,0.35458821058273315,0.6403133034706116,0.7268220841884613
219,m357,TH,na,TH,units,post,17-18,1.0,2.0,8,7,-0.6583338158317752,-0.8113777269754052,0.32607501745224,0.20197615176439285,0.39299338310956955,0.6616284847259521,1.4068014919757843,2.0840609550476077,1.882084803283215
219,m357,TH,na,TH,units,post,17-18,2.0,3.0,8,7,-0.33627314022311316,-0.5798906278110668,0.4601846933364868,0.2124516621232033,0.483573243021965,0.811729222536087,1.790651947259903,3.307606291770938,3.095154629647735
219,m357,TH,na,TH,units,post,17-18,3.0,4.0,8,7,-0.2120027787055623,-0.46043759480038365,0.5636078119277954,0.34084678292274473,0.5773150622844696,1.0491225123405457,2.481655716896057,4.221337032318115,3.8804902493953706
219,m357,TH,na,TH,units,post,31-32,0.0,1.0,8,6,0.5289822455375253,0.7273116564015217,0.8350323438644409,0.06577989757061005,0.18992618843913078,0.5277486145496368,1.3957692086696625,2.754840278625491,2.689060381054881
219,m357,TH,na,TH,units,post,31-32,1.0,2.0,8,6,-0.3711545772800951,-0.6092245704829173,0.8646370768547058,0.28277111053466797,0.6341486871242523,1.4044840931892395,3.3996655344963074,7.0853006839752215,6.8025295734405535
219,m357,TH,na,TH,units,post,31-32,2.0,3.0,8,6,-0.2032674079445261,-0.45085186918158177,0.8434087038040161,0.37469215095043185,0.8101452440023422,1.928070068359375,4.428822994232178,9.349093341827393,8.97440119087696
219,m357,TH,na,TH,units,post,31-32,3.0,4.0,8,6,-0.182840443802229,-0.4275984609446449,0.917033314704895,0.3353349506855011,0.8768413662910461,2.100801467895508,4.774422764778137,9.851412963867189,9.516078013181687
219,m357,TH,na,TH,units,post,39-40,0.0,1.0,5,5,0.13836522960928152,0.3719747701246437,0.49191412329673767,-0.06573061197996138,0.049653612077236176,0.27567988634109497,0.5724732577800751,0.959117382764817,1.0248479947447784
219,m357,TH,na,TH,units,post,39-40,1.0,2.0,5,5,2.0482094838313842,1.431156694366967,1.5939465761184692,0.029803077131509783,0.2702237591147423,0.683134913444519,1.3720913529396057,2.953444838523865,2.9236417613923553
219,m357,TH,na,TH,units,post,39-40,2.0,3.0,5,5,1.8174462191494833,1.3481269299103418,1.4707881212234497,0.09527612552046777,0.31954333931207657,0.8727993965148926,1.7556469142436981,2.8899177551269535,2.7946416296064855
219,m357,TH,na,TH,units,post,39-40,3.0,4.0,5,5,0.4850543323783783,0.6964584211411176,0.729134738445282,0.2144104614853859,0.4090697169303894,0.8046256601810455,1.4087144136428833,2.3326719522476203,2.1182614907622344
219,m357,TH,na,TH,units,pre,17-18,0.0,1.0,9,5,0.3255584105592442,0.5705772608150839,0.7282078266143799,-0.11900440081954002,0.20393212139606476,0.9066511988639832,1.630044937133789,2.5276594877243053,2.6466638885438454
219,m357,TH,na,TH,units,pre,17-18,1.0,2.0,9,5,0.2374046450440222,0.4872418752981133,1.0319887399673462,-3.1242254257202147,-2.2865859866142273,-1.5596805214881897,-0.4756256565451622,0.5083415746688843,3.632567000389099
219,m357,TH,na,TH,units,pre,17-18,2.0,3.0,9,5,-0.6419001031426183,-0.8011866843268292,0.6764363050460815,-1.2564452528953551,-0.7062428444623947,0.13804350048303604,1.0944371223449707,2.5828628540039076,3.8393081068992627
219,m357,TH,na,TH,units,pre,17-18,3.0,4.0,9,5,-0.3338693538947173,-0.5778142901440888,1.130935788154602,-0.1281407192349433,0.5311230272054672,1.5686589479446411,2.747826337814331,5.020087718963624,5.148228438198567
219,m357,TH,na,TH,units,pre,31-32,0.0,1.0,5,6,1.058682216939231,1.0289228430447206,1.26206636428833,0.883864951133728,1.4640341699123383,2.8250190019607544,4.785128951072693,7.257640314102175,6.373775362968447
219,m357,TH,na,TH,units,pre,31-32,1.0,2.0,5,6,-0.6444219608421153,-0.8027589680857606,1.428293228149414,0.9809558928012848,1.6997891962528229,3.783815860748291,6.719561219215393,10.893032836914069,9.912076944112783
219,m357,TH,na,TH,units,pre,31-32,2.0,3.0,5,6,1.6443999605480244,1.2823415927700483,1.6472471952438354,1.1859357714653016,1.90620756149292,4.084114074707031,7.506113171577454,11.527267456054693,10.341331684589392
219,m357,TH,na,TH,units,pre,31-32,3.0,4.0,5,6,1.6022249496469514,1.2657902470974216,1.890501618385315,1.0000096023082734,1.801112174987793,3.9608092308044434,7.344117164611816,11.367602634429932,10.36759303212166
219,m357,TH,na,TH,units,pre,39-40,0.0,1.0,10,4,0.11458690090825581,0.33850686980954436,0.6704074740409851,0.5945827960968018,0.8836830109357834,1.3449647426605225,1.9818296134471893,2.521959853172303,1.927377057075501
219,m357,TH,na,TH,units,pre,39-40,1.0,2.0,10,4,0.13958188206553643,0.3736065872887367,0.9059696793556213,-0.6582473754882813,-0.15094169601798058,0.2941942512989044,1.1020740270614624,2.0452172994613647,2.703464674949646
219,m357,TH,na,TH,units,pre,39-40,2.0,3.0,10,4,0.3523290656744989,0.5935731342256815,0.8891819715499878,-0.35192141830921175,0.007465268485248089,0.5196356773376465,1.495605707168579,2.4836080312728885,2.8355294495821
219,m357,TH,na,TH,units,pre,39-40,3.0,4.0,10,4,0.2808802431623377,0.5299813611461611,0.822948157787323,-0.2461918085813522,0.17824124544858932,0.733946830034256,1.8607949912548065,2.8052739143371586,3.0514657229185107
220,m392,Thy1,na,Thy1,units,post,17-18,0.0,1.0,5,6,-0.01250313615898525,-0.1118174233247451,0.4136960804462433,0.17804484963417055,0.3928753584623337,0.6787444353103638,1.2202554941177368,2.423780679702759,2.2457358300685883
220,m392,Thy1,na,Thy1,units,post,17-18,1.0,2.0,5,6,0.24473736441806263,0.49470937369132456,0.5024241805076599,0.24586799740791324,0.639960765838623,1.1383711695671082,1.9190585613250732,3.9777281999588032,3.73186020255089
220,m392,Thy1,na,Thy1,units,post,17-18,2.0,3.0,5,6,0.3271006351529669,0.5719271239878092,0.5644161701202393,0.2561890631914139,0.6694903075695038,1.217383325099945,2.1519598364830017,4.3475865364074755,4.091397473216062
220,m392,Thy1,na,Thy1,units,post,17-18,3.0,4.0,5,6,0.18952512084186393,0.4353448298095016,0.5653765797615051,0.2564367562532425,0.7471571266651154,1.2598972916603088,2.3270642161369324,4.09796619415284,3.8415294378995974
220,m392,Thy1,na,Thy1,units,post,31-32,0.0,1.0,4,7,-0.11303195206990063,-0.33620224875794724,0.6317617297172546,0.1286254480481148,0.30458979308605194,0.7181537449359894,1.9601083993911743,3.9921919107437187,3.863566462695604
220,m392,Thy1,na,Thy1,units,post,31-32,1.0,2.0,4,7,0.6426596845519902,0.8016605793925445,1.0754398107528687,0.1882001757621765,0.48247577250003815,1.297306776046753,3.51247638463974,6.00972046852112,5.821520292758944
220,m392,Thy1,na,Thy1,units,post,31-32,2.0,3.0,4,7,0.08099576909489517,0.2845975563754812,0.7069806456565857,0.15936416536569595,0.3424159735441208,1.059373676776886,2.825969159603119,5.036319255828862,4.8769550904631656
220,m392,Thy1,na,Thy1,units,post,31-32,3.0,4.0,4,7,0.07982724974903498,0.2825371652527061,0.6908634305000305,0.09211728721857072,0.2954418212175369,0.9572214484214783,2.5400405526161194,4.542747974395752,4.450630687177181
220,m392,Thy1,na,Thy1,units,post,39-40,0.0,1.0,6,3,1.3028217179030566,1.1414121595212907,1.3133349418640137,-0.07627349272370337,0.1457149088382721,0.5112818479537964,1.1819286048412323,2.3884088516235362,2.4646823443472394
220,m392,Thy1,na,Thy1,units,post,39-40,1.0,2.0,6,3,0.654129142118857,0.8087825060662829,1.0723822116851807,0.11233587041497232,0.3722899258136749,0.6587843894958496,1.424446165561676,2.974022436141969,2.8616865657269965
220,m392,Thy1,na,Thy1,units,post,39-40,2.0,3.0,6,3,0.9708909805061665,0.9853380031776743,1.3068772554397583,0.12198940590023995,0.357081800699234,0.7403884530067444,1.4302100837230682,2.8016453981399536,2.679655992239714
220,m392,Thy1,na,Thy1,units,post,39-40,3.0,4.0,6,3,1.3883397818996743,1.1782783125814014,1.521142601966858,0.022704945318400862,0.2404252327978611,0.5997031033039093,1.325674295425415,2.765075945854191,2.74237100053579
220,m392,Thy1,na,Thy1,units,pre,17-18,0.0,1.0,7,4,0.09246168131320506,0.3040751244564492,0.5716387629508972,-0.5187221586704254,-0.11163103953003883,0.4783751368522644,1.2330940663814545,2.7966918468475352,3.315414005517961
220,m392,Thy1,na,Thy1,units,pre,17-18,1.0,2.0,7,4,-0.10768712900204783,-0.3281571711879048,0.7714554667472839,-0.16651219874620435,0.3031679093837738,0.8724258840084076,1.9917803406715393,4.384755802154545,4.551268000900749
220,m392,Thy1,na,Thy1,units,pre,17-18,2.0,3.0,7,4,1.2521719414546115,1.1190048889323994,1.468935489654541,0.3274310737848282,0.913433313369751,1.8825178146362305,3.506927192211151,6.7227303981781095,6.395299324393282
220,m392,Thy1,na,Thy1,units,pre,17-18,3.0,4.0,7,4,0.2001279342511651,0.4473566074745796,0.8633810877799988,-0.019978569820523262,0.48905668407678604,1.4166697263717651,2.875171422958374,6.409908819198613,6.429887389019136
220,m392,Thy1,na,Thy1,units,pre,31-32,0.0,1.0,7,7,1.2188964462353087,1.104036433382209,1.334630012512207,0.03422377556562425,0.3295522555708885,1.3198861479759216,3.179128646850586,6.460831451416018,6.426607675850394
220,m392,Thy1,na,Thy1,units,pre,31-32,1.0,2.0,7,7,0.05651063157710704,0.23771964911867727,0.8653087615966797,-0.0662151478230953,0.2165841944515705,1.3634120225906372,3.1052130460739136,7.214560937881479,7.2807760857045745
220,m392,Thy1,na,Thy1,units,pre,31-32,2.0,3.0,7,7,-0.05937081964443751,-0.24366128056061248,0.8941367268562317,-0.10452204197645185,0.24168890342116356,1.2288643717765808,3.090372323989868,6.726578521728516,6.831100563704968
220,m392,Thy1,na,Thy1,units,pre,31-32,3.0,4.0,7,7,-0.0800308161053646,-0.28289718292228466,0.9798386096954346,-0.02384225036948919,0.2917282059788704,1.1397692561149597,3.128252625465393,6.5916955947875975,6.615537845157086
220,m392,Thy1,na,Thy1,units,pre,39-40,0.0,1.0,6,4,1.0319842230850338,1.0158662427135936,1.1043983697891235,-0.05876237154006955,0.20839612185955048,0.6078030467033386,1.5628755986690521,3.2636993646621755,3.322461736202245
220,m392,Thy1,na,Thy1,units,pre,39-40,1.0,2.0,6,4,1.575108481923523,1.255033259289778,1.513791799545288,-0.2462232127785682,0.09389168582856655,0.6817999482154846,1.7806493639945984,3.5813354969024664,3.8275587096810346
220,m392,Thy1,na,Thy1,units,pre,39-40,2.0,3.0,6,4,3.2087752412619874,1.7913054572746625,1.9036842584609985,-0.07226127907633781,0.1685258336365223,0.5877997577190399,1.9168533086776733,4.196094799041751,4.26835607811809
220,m392,Thy1,na,Thy1,units,pre,39-40,3.0,4.0,6,4,3.4972376560443923,1.8700902801855295,1.8848756551742554,-0.07514319121837616,0.2182471975684166,0.6749637722969055,1.9302748143672943,4.572320127487184,4.64746331870556
221,m426,Thy1,na,Thy1,units,post,17-18,0.0,1.0,5,7,-0.17237718496219964,-0.41518331488897725,0.3589494824409485,0.05486763492226601,0.35701051354408264,0.6697594523429871,1.2148754000663757,2.208703637123108,2.153836002200842
221,m426,Thy1,na,Thy1,units,post,17-18,1.0,2.0,5,7,0.25744303220934484,0.5073884431176422,1.0454503297805786,0.510966569185257,1.0303450524806976,1.7010918259620667,2.767489492893219,5.462248992919924,4.951282423734667
221,m426,Thy1,na,Thy1,units,post,17-18,2.0,3.0,5,7,0.8900908687682126,0.9434462723272654,1.1740862131118774,0.4033679366111756,0.96970035135746,1.7015265226364136,2.9529693126678467,5.363067626953127,4.959699690341951
221,m426,Thy1,na,Thy1,units,post,17-18,3.0,4.0,5,7,0.6047750654909761,0.777672852484241,0.9241800308227539,0.3145578026771546,0.8992039710283279,1.6556090712547302,2.8822535276412964,5.19338755607605,4.878829753398895
221,m426,Thy1,na,Thy1,units,post,31-32,0.0,1.0,6,5,1.4345861591596174,1.1977421087862017,1.670220971107483,0.41070655584335325,0.8469424843788147,1.783834159374237,4.244328737258911,6.731692695617682,6.320986139774329
221,m426,Thy1,na,Thy1,units,post,31-32,1.0,2.0,6,5,1.451421146639525,1.2047494123839717,1.6132574081420898,0.5897890567779541,1.2194622159004211,2.372911214828491,6.121147632598877,9.638159465789798,9.048370409011843
221,m426,Thy1,na,Thy1,units,post,31-32,2.0,3.0,6,5,1.3026697232696207,1.1413455757436575,1.3209503889083862,0.37738083302974706,0.8596169352531433,1.8540602922439575,4.672518253326416,7.712340259552002,7.334959426522255
221,m426,Thy1,na,Thy1,units,post,31-32,3.0,4.0,6,5,1.4069723864296262,1.1861586683195575,1.0772439241409302,0.19674171656370162,0.5567176043987274,1.3037282228469849,4.056907773017883,6.504361534118654,6.307619817554952
221,m426,Thy1,na,Thy1,units,post,39-40,0.0,1.0,3,9,-0.2056717244821148,-0.4535104458357214,0.4218972623348236,-0.018538687750697128,0.09977525472640991,0.31511640548706055,0.6605919003486633,1.1760363221168517,1.194575009867549
221,m426,Thy1,na,Thy1,units,post,39-40,1.0,2.0,3,9,-0.26814472776204507,-0.5178269283863529,0.7928909659385681,0.15652279555797577,0.41784197092056274,0.7216980755329132,1.3342672884464264,2.448863577842719,2.292340782284743
221,m426,Thy1,na,Thy1,units,post,39-40,2.0,3.0,3,9,0.20779001276266484,0.4558398981689348,1.0561515092849731,-0.04941760748624801,0.12667926959693432,0.47315895557403564,1.181089848279953,2.5463131666183476,2.5957307741045956
221,m426,Thy1,na,Thy1,units,post,39-40,3.0,4.0,3,9,0.22131660926605864,0.4704429925783342,0.9712187051773071,-0.04968214146792886,0.1713929921388626,0.5357934832572937,1.0710991621017456,2.3095781326293956,2.3592602740973243
221,m426,Thy1,na,Thy1,units,pre,17-18,0.0,1.0,5,4,0.24452532931766047,0.49449502456309957,0.6063145399093628,-0.23820040524005887,0.016697948798537254,0.45040692389011383,1.2178991734981537,2.1115940093994143,2.349794414639473
221,m426,Thy1,na,Thy1,units,pre,17-18,1.0,2.0,5,4,0.9014326811802109,0.9494380870705635,1.2482597827911377,-0.39419416785240174,0.029874826781451702,0.7811039686203003,1.7969216704368591,3.6777418613433865,4.071936029195788
221,m426,Thy1,na,Thy1,units,pre,17-18,2.0,3.0,5,4,-0.11538600926045552,-0.3396851619668653,0.6939650177955627,-0.12812384665012358,0.37979211658239365,1.054261565208435,2.472586154937744,4.809902095794678,4.938025942444802
221,m426,Thy1,na,Thy1,units,pre,17-18,3.0,4.0,5,4,-0.1633085717840891,-0.40411455279918973,0.7116661071777344,-0.4959452211856842,0.09301814623177052,0.8699359595775604,2.573282837867737,5.098300838470459,5.594246059656143
221,m426,Thy1,na,Thy1,units,pre,31-32,0.0,1.0,9,3,-0.20230846590440416,-0.4497871339916296,0.6449452638626099,-0.1053213074803352,0.18667393177747726,1.2670736908912659,3.0984047055244446,4.876832342147829,4.982153649628164
221,m426,Thy1,na,Thy1,units,pre,31-32,1.0,2.0,9,3,0.15655749410158049,0.3956734690392831,1.1450997591018677,-0.2036599203944206,0.20071595534682274,1.4756346940994263,4.039483666419983,6.567416048049929,6.771075968444349
221,m426,Thy1,na,Thy1,units,pre,31-32,2.0,3.0,9,3,1.1479935230667038,1.0714445963589083,1.6340875625610352,-0.019261232204735235,0.4859692379832268,1.871832549571991,4.167953848838806,6.970402288436891,6.989663520641627
221,m426,Thy1,na,Thy1,units,pre,31-32,3.0,4.0,9,3,-0.4980447646291679,-0.7057228667325213,1.1215038299560547,0.05978996083140376,0.48620179295539856,1.5180723667144775,4.226559281349182,6.814951801300049,6.755161840468645
221,m426,Thy1,na,Thy1,units,pre,39-40,0.0,1.0,2,5,1.0584627724160227,1.0288161995303255,1.093430757522583,0.1587644696235657,0.32535815984010696,0.6490746736526489,1.4008216559886932,2.752500534057618,2.5937360644340526
221,m426,Thy1,na,Thy1,units,pre,39-40,1.0,2.0,2,5,2.8130615305664213,1.677218390838361,1.654717206954956,-0.29951018095016474,0.13361512124538422,0.8509130477905273,1.736339420080185,3.0172213554382328,3.3167315363883976
221,m426,Thy1,na,Thy1,units,pre,39-40,2.0,3.0,2,5,2.0273384673935846,1.4238463636901224,1.5929359197616577,-0.10697153881192206,0.0626092292368412,0.4327005594968796,1.1804531514644623,2.690804219245911,2.797775758057833
221,m426,Thy1,na,Thy1,units,pre,39-40,3.0,4.0,2,5,2.228471301579043,1.4928065184674948,1.5255091190338135,-0.13343155086040492,0.1848853975534439,0.7369813621044159,1.356479525566101,3.0395089864730838,3.1729405373334885
222,m496,DAT,na,DAT,units,post,17-18,0.0,1.0,7,5,0.23602074354409777,0.48581966154541106,0.5517231225967407,-0.24503503888845438,-0.07338566519320011,0.11880073696374893,0.36191341280937195,0.7438620328903199,0.9888970717787743
222,m496,DAT,na,DAT,units,post,17-18,1.0,2.0,7,5,0.4094989470646028,0.6399210475243042,0.7313545942306519,0.19640337228775023,0.40249399840831757,0.7728576064109802,1.4422767460346222,2.5232740640640285,2.3268706917762785
222,m496,DAT,na,DAT,units,post,17-18,2.0,3.0,7,5,-0.14361415921036244,-0.3789645883329502,1.1725478172302246,0.27911265790462503,0.5699541568756104,0.9804594814777374,2.0378552079200745,3.887678742408755,3.60856608450413
222,m496,DAT,na,DAT,units,post,17-18,3.0,4.0,7,5,-1.879924502571283,-1.3711033887243087,0.8331775665283203,0.270027568936348,0.6045489311218262,1.1630238890647888,2.1890905499458313,4.385172319412232,4.115144750475884
222,m496,DAT,na,DAT,units,post,39-40,0.0,1.0,8,4,0.40752128359097006,0.6383739371175565,0.7027294635772705,-0.042747914046049114,0.08054594323039055,0.2247840017080307,0.4192793592810631,0.8321516096591952,0.8748995237052444
222,m496,DAT,na,DAT,units,post,39-40,1.0,2.0,8,4,1.7499081541243653,1.322840940598818,1.269732117652893,0.0782659210264683,0.3674210160970688,0.7511559128761292,1.415247917175293,2.6974881172180183,2.61922219619155
222,m496,DAT,na,DAT,units,post,39-40,2.0,3.0,8,4,1.863942482203165,1.3652627886978994,1.3657797574996948,0.06127218715846541,0.2830638587474823,0.6760215759277344,1.3725914359092712,2.8686639308929465,2.807391743734481
222,m496,DAT,na,DAT,units,post,39-40,3.0,4.0,8,4,1.9521134693047701,1.3971805428450434,1.460099697113037,0.08840992450714112,0.3510012626647949,0.6586707830429077,1.4200943112373352,3.195310020446778,3.106900095939637
222,m496,DAT,na,DAT,units,pre,17-18,0.0,1.0,4,8,-0.03737197178922833,-0.19331831726256138,0.5412583351135254,-0.5818795382976532,-0.1441209502518177,0.5821424722671509,1.8075063526630402,3.0238162279129033,3.605695766210556
222,m496,DAT,na,DAT,units,pre,17-18,1.0,2.0,4,8,-0.02724670135209406,-0.16506574857339137,0.6919373273849487,-2.3633535385131834,-1.7133112251758575,-0.4957151412963867,0.629083126783371,2.7805543661117564,5.14390790462494
222,m496,DAT,na,DAT,units,pre,17-18,2.0,3.0,4,8,0.38698850039695265,0.6220839978627908,1.0856658220291138,-1.4764801025390624,-0.662949338555336,0.3136540800333023,2.00237774848938,4.682713747024538,6.1591938495636
222,m496,DAT,na,DAT,units,pre,17-18,3.0,4.0,4,8,0.45152501838036435,0.671956113433284,0.9730518460273743,-1.2027940154075623,-0.3973747417330742,0.8352685570716858,2.4652024507522583,5.471108341217041,6.673902356624604
222,m496,DAT,na,DAT,units,pre,31-32,0.0,1.0,8,6,0.014134052624865338,0.11888672181898759,0.7207052707672119,-0.4682365298271179,-0.12366898730397224,0.6501321792602539,2.3766790628433228,4.523669815063479,4.991906344890597
222,m496,DAT,na,DAT,units,pre,31-32,1.0,2.0,8,6,0.4560730180498788,0.6753317836810873,0.9690079689025879,-0.7159474492073059,-0.30055899173021317,0.6996907889842987,3.832063853740692,7.631880283355713,8.347827732563019
222,m496,DAT,na,DAT,units,pre,31-32,2.0,3.0,8,6,0.3816317208248337,0.6177634829162644,1.133626937866211,-0.4122177273035048,0.136559646576643,1.1163805723190308,4.39905309677124,8.456029319763186,8.86824704706669
222,m496,DAT,na,DAT,units,pre,31-32,3.0,4.0,8,6,0.4026512214662341,0.6345480450416927,1.214147686958313,-0.4649324297904967,0.05035840813070536,1.0129781663417816,3.922667384147644,8.037929248809817,8.502861678600315
222,m496,DAT,na,DAT,units,pre,39-40,0.0,1.0,4,5,0.5504886868909897,0.7419492481908649,1.0996997356414795,-0.8870701193809508,-0.567115530371666,0.03330099303275347,0.9243360310792923,1.939231324195863,2.826301443576814
222,m496,DAT,na,DAT,units,pre,39-40,1.0,2.0,4,5,3.1739912994847987,1.7815698974457328,2.2035696506500244,-1.8324833393096924,-1.1539214849472046,-0.2754910886287689,1.310616910457611,3.177549409866335,5.010032749176028
222,m496,DAT,na,DAT,units,pre,39-40,2.0,3.0,4,5,3.3162149483840238,1.8210477611485163,2.098282814025879,-1.2017605066299437,-0.6213216632604599,0.14302611351013184,2.0000649988651276,4.116279029846192,5.318039536476135
222,m496,DAT,na,DAT,units,pre,39-40,3.0,4.0,4,5,4.632235511098622,2.152262881503703,2.39017915725708,-1.151541292667389,-0.4527822732925415,0.38203224539756775,1.9750400185585022,4.643443393707276,5.794984686374665
229,m357,TH,na,TH,units,post,17-18,0.0,1.0,5,4,0.22533196352961876,0.4746914403374246,0.6186070442199707,0.003312563151121154,0.1256583984941244,0.2890089899301529,0.5102051943540573,1.055672526359558,1.052359963208437
229,m357,TH,na,TH,units,post,17-18,1.0,2.0,5,4,1.3736235676578588,1.1720168802785473,1.4014767408370972,0.15478579699993134,0.36981547623872757,0.7720052897930145,1.4477637112140656,3.3658132076263443,3.211027410626413
229,m357,TH,na,TH,units,post,17-18,2.0,3.0,5,4,0.8491284244015045,0.9214816462640504,1.092421293258667,0.34596945643424987,0.5862071812152863,1.0489423871040344,2.3085139393806458,3.836115312576295,3.4901458561420453
229,m357,TH,na,TH,units,post,17-18,3.0,4.0,5,4,0.8633914921314662,0.9291886203196131,1.1261630058288574,0.32032916247844695,0.648449033498764,1.1230170130729675,2.536666512489319,4.169177961349488,3.8488487988710416
229,m357,TH,na,TH,units,post,31-32,0.0,1.0,4,3,0.5136579296327549,0.7166993300071899,0.798478901386261,-0.018444965966045855,0.1296236254274845,0.43084174394607544,1.2821758687496185,2.585098624229433,2.603543590195479
229,m357,TH,na,TH,units,post,31-32,1.0,2.0,4,3,-0.027736725470541245,-0.16654346420841992,0.8302705883979797,0.2557585865259171,0.4657907783985138,1.0447930693626404,3.2295491099357605,5.638451766967775,5.3826931804418585
229,m357,TH,na,TH,units,post,31-32,2.0,3.0,4,3,-0.09226627198236151,-0.30375363698622854,0.8108102679252625,0.28842352926731113,0.668657585978508,1.2971634268760681,3.81864732503891,6.951092958450317,6.662669429183007
229,m357,TH,na,TH,units,post,31-32,3.0,4.0,4,3,0.02157873225601387,0.14689701241350644,0.8878385424613953,0.2377768933773041,0.6559401005506516,1.3314807415008545,4.33249032497406,7.551363372802736,7.313586479425432
229,m357,TH,na,TH,units,post,39-40,0.0,1.0,2,4,0.32485655578621736,0.5699618897665153,0.9002236723899841,-0.06301186494529247,0.07354896329343319,0.24657104909420013,0.555972084403038,0.9781158864498143,1.0411277513951067
229,m357,TH,na,TH,units,post,39-40,1.0,2.0,2,4,0.41925207397807135,0.6474967752646119,1.0239051580429077,0.06886602640151979,0.26533085852861404,0.4901340901851654,0.9301306009292603,1.7494190096855164,1.6805529832839967
229,m357,TH,na,TH,units,post,39-40,2.0,3.0,2,4,0.1410480166670025,0.3755635986980135,0.8300923109054565,0.17793998420238497,0.294079527258873,0.5056628584861755,0.8815612196922302,1.6829269409179695,1.5049869567155845
229,m357,TH,na,TH,units,post,39-40,3.0,4.0,2,4,1.0143847342735794,1.0071666864395286,1.215261459350586,0.2154616579413414,0.3492569848895073,0.5904532968997955,1.1139037311077118,2.158873343467713,1.943411685526372
229,m357,TH,na,TH,units,pre,17-18,0.0,1.0,5,2,-1.289519302547988,-1.1355700341889918,0.6926974654197693,0.0022736294427886643,0.3844711482524872,0.9128175973892212,1.6757970750331879,2.6660188913345344,2.6637452618917457
229,m357,TH,na,TH,units,pre,17-18,1.0,2.0,5,2,-0.07542191942368598,-0.2746305143710108,0.7581368088722229,-1.270815896987915,-0.6364981830120087,-0.04690744634717703,0.6906082630157471,1.8880800724029552,3.15889596939087
229,m357,TH,na,TH,units,pre,17-18,2.0,3.0,5,2,-2.5282673161695013,-1.5900526142771192,0.8261204957962036,0.4285211205482483,1.0191120505332947,1.9154237508773804,3.1890716552734375,4.744820451736451,4.316299331188202
229,m357,TH,na,TH,units,pre,17-18,3.0,4.0,5,2,0.03018377912926916,0.17373479539018416,1.0923807621002197,0.9833256900310516,1.7345632016658783,2.800734043121338,4.277225136756897,6.220215177536013,5.236889487504961
229,m357,TH,na,TH,units,pre,31-32,0.0,1.0,5,6,-0.8321003108529355,-0.912195324945779,0.7707129120826721,1.1283653020858764,2.3208175897598267,3.522868514060974,6.4297776222229,8.732484817504883,7.604119515419006
229,m357,TH,na,TH,units,pre,31-32,1.0,2.0,5,6,0.8650355157297215,0.9300728550655166,1.1428604125976562,0.9453082919120789,2.6722071766853333,4.940569639205933,8.965625524520874,12.85131244659424,11.906004154682162
229,m357,TH,na,TH,units,pre,31-32,2.0,3.0,5,6,1.397295887718486,1.1820727083045637,1.3164539337158203,0.5407621741294861,2.2916295528411865,5.163980722427368,9.088924884796143,12.493492603302006,11.952730429172519
229,m357,TH,na,TH,units,pre,31-32,3.0,4.0,5,6,0.6045277343685739,0.7775138161914384,1.3276065587997437,0.9550468504428865,2.7515172958374023,5.572508335113525,9.617637634277344,13.53387203216553,12.578825181722642
229,m357,TH,na,TH,units,pre,39-40,0.0,1.0,6,6,1.7252766406134097,1.313497864715969,1.4409888982772827,0.5365012288093567,0.8329026252031326,1.584662675857544,2.408587694168091,3.5055157184600834,2.9690144896507267
229,m357,TH,na,TH,units,pre,39-40,1.0,2.0,6,6,0.3950207230172505,0.628506740629924,0.9063498377799988,0.08582057133316996,0.4403741806745529,1.0884619355201721,2.0578935146331787,3.333483505249024,3.247662933915854
229,m357,TH,na,TH,units,pre,39-40,2.0,3.0,6,6,1.4700835248414208,1.212470009872995,1.3530256748199463,-0.05598719343543051,0.3102008327841759,0.8374125361442566,2.0198155641555786,3.383923387527467,3.439910580962897
229,m357,TH,na,TH,units,pre,39-40,3.0,4.0,6,6,1.3951116264575256,1.1811484354040882,1.3079204559326172,0.14752908647060395,0.5129218399524689,1.083164930343628,2.075767755508423,3.6110584974288957,3.4635294109582917
223,m392,Thy1,na,Thy1,units,post,17-18,0.0,1.0,8,3,0.23637986922350102,0.4861891290675893,1.1642067432403564,0.1976614594459534,0.38349398225545883,0.6888896822929382,1.2746936082839966,2.6159369468688958,2.4182754874229424
223,m392,Thy1,na,Thy1,units,post,17-18,1.0,2.0,8,3,1.1577863288060868,1.0760047996203765,1.3535038232803345,0.4606054037809373,0.7566093802452087,1.2075518369674683,2.1728341579437256,4.6270311832427975,4.166425779461861
223,m392,Thy1,na,Thy1,units,post,17-18,2.0,3.0,8,3,0.6640637317576734,0.8149010564219888,1.1713488101959229,0.37342403531074525,0.7184756696224213,1.1553916931152344,2.098591148853302,4.941634559631347,4.568210524320602
223,m392,Thy1,na,Thy1,units,post,17-18,3.0,4.0,8,3,0.9614997833886252,0.9805609534285082,1.221848964691162,0.3789766609668732,0.7712668776512146,1.267971396446228,2.2882909774780273,5.560213375091553,5.18123671412468
223,m392,Thy1,na,Thy1,units,post,31-32,0.0,1.0,4,5,0.11395380677744354,0.3375704471328074,0.4949871599674225,0.03277181498706341,0.21503835171461105,0.4527975022792816,1.2173349261283875,2.488655185699463,2.4558833707123995
223,m392,Thy1,na,Thy1,units,post,31-32,1.0,2.0,4,5,0.4948340813488462,0.7034444408401037,0.8428840041160583,0.24688113182783128,0.4969078376889229,0.948173314332962,3.047173857688904,5.686817932128906,5.439936800301075
223,m392,Thy1,na,Thy1,units,post,31-32,2.0,3.0,4,5,0.9822865607980497,0.991103708396881,1.1365633010864258,0.15977818816900255,0.39411401003599167,0.7895521819591522,2.3478912711143494,4.632496643066406,4.472718454897404
223,m392,Thy1,na,Thy1,units,post,31-32,3.0,4.0,4,5,0.7449727564626387,0.8631180431798646,1.0444608926773071,0.1526649221777916,0.3393692523241043,0.7612881362438202,2.3292558789253235,4.624373149871826,4.471708227694035
223,m392,Thy1,na,Thy1,units,post,39-40,0.0,1.0,6,3,1.526938925648232,1.2356937021965564,1.2581496238708496,0.13273478001356126,0.28056545555591583,0.5154163241386414,1.0529069304466248,2.1626348972320546,2.029900117218493
223,m392,Thy1,na,Thy1,units,post,39-40,1.0,2.0,6,3,1.7883501754293551,1.337292105498778,1.3770644664764404,0.26237145960330965,0.44926801323890686,0.8065893948078156,1.4427863955497742,2.7391185760498047,2.476747116446495
223,m392,Thy1,na,Thy1,units,post,39-40,2.0,3.0,6,3,2.298086887461326,1.5159442230706661,1.403935194015503,0.09404195025563244,0.266647569835186,0.5541065633296967,1.1841139495372772,2.389218807220459,2.2951768569648268
223,m392,Thy1,na,Thy1,units,post,39-40,3.0,4.0,6,3,2.2964742435815184,1.5154122355258712,1.732492208480835,-0.029668902419507502,0.17148132994771004,0.4933353662490845,1.1669107973575592,2.7711944103240964,2.800863312743604
223,m392,Thy1,na,Thy1,units,pre,17-18,0.0,1.0,5,2,-0.020254301815567127,-0.14231760894410475,0.5905603170394897,-0.24455299973487854,0.02387063577771187,0.40127667784690857,1.2114656567573547,2.454202818870544,2.6987558186054224
223,m392,Thy1,na,Thy1,units,pre,17-18,1.0,2.0,5,2,-1.8095070898441474,-1.3451792036171788,0.8670807480812073,-0.30482658147811886,0.14836668223142624,0.6941675543785095,1.7620073854923248,3.5415316104888888,3.8463581919670076
223,m392,Thy1,na,Thy1,units,pre,17-18,2.0,3.0,5,2,-0.6320965430062905,-0.7950449943281767,1.1333024501800537,0.1774243414402008,0.7758856117725372,1.7762597799301147,3.0932958126068115,6.163752079010006,5.986327737569805
223,m392,Thy1,na,Thy1,units,pre,17-18,3.0,4.0,5,2,-0.06080378836038384,-0.24658424191416578,0.9267176389694214,0.08374874442815787,0.613417387008667,1.5736756324768066,3.0986469388008118,6.594867038726804,6.511118294298646
223,m392,Thy1,na,Thy1,units,pre,31-32,0.0,1.0,4,2,11.165989797138426,3.3415549968747222,3.6654903888702393,-0.24346246123313903,0.11501443944871426,0.604811429977417,2.445959687232971,5.107978057861327,5.351440519094466
223,m392,Thy1,na,Thy1,units,pre,31-32,1.0,2.0,4,2,0.6425871986877466,0.8016153682956351,1.906378149986267,0.021465410478413143,0.26572006195783615,1.0092970430850983,3.9785478115081787,7.175830888748168,7.154365478269755
223,m392,Thy1,na,Thy1,units,pre,31-32,2.0,3.0,4,2,-1.1394066172729682,-1.0674299121127195,1.2007081508636475,-0.11880429312586781,0.19275148585438728,1.0050396025180817,3.976633369922638,7.456010818481444,7.574815111607312
223,m392,Thy1,na,Thy1,units,pre,31-32,3.0,4.0,4,2,0.5383342033341412,0.733712616311142,1.564988136291504,-0.010225539654493314,0.2051224187016487,0.8084955513477325,3.488599956035614,6.686088466644287,6.69631400629878
223,m392,Thy1,na,Thy1,units,pre,39-40,0.0,1.0,8,4,1.2740267678237205,1.128727942342051,1.2398563623428345,-0.08834241181612015,0.20608974248170853,0.6760649383068085,1.6919869780540466,2.9436882019042963,3.0320306137204165
223,m392,Thy1,na,Thy1,units,pre,39-40,1.0,2.0,8,4,1.8889012948434167,1.3743730551940463,1.5199347734451294,-0.1548049867153167,0.14687100052833557,0.8531189560890198,2.1407203674316406,3.8290394783020014,3.983844465017318
223,m392,Thy1,na,Thy1,units,pre,39-40,2.0,3.0,8,4,2.1967505249357395,1.4821438948144474,1.6085569858551025,-0.13197489082813257,0.08837907202541828,0.8782027363777161,2.1579456329345703,4.280556297302246,4.412531188130378
223,m392,Thy1,na,Thy1,units,pre,39-40,3.0,4.0,8,4,4.8064225316120295,2.192355475649884,2.1365935802459717,-0.1707712531089782,0.10569214448332787,0.7362965047359467,2.2671011686325073,5.11547269821167,5.286243951320649
224,m426,Thy1,na,Thy1,units,post,17-18,0.0,1.0,7,3,0.21440773698879118,0.46304183071164445,0.5993968844413757,0.10016851350665093,0.28432697057724,0.564166247844696,1.0437945425510406,2.2976154327392577,2.1974469192326067
224,m426,Thy1,na,Thy1,units,post,17-18,1.0,2.0,7,3,0.3753244468877901,0.6126372881957073,0.9940226078033447,0.3853516340255737,0.6441227793693542,1.0500101447105408,2.123832583427429,4.235632848739625,3.8502812147140513
224,m426,Thy1,na,Thy1,units,post,17-18,2.0,3.0,7,3,0.2845105883002427,0.5333953395936664,1.11907160282135,0.2549273818731308,0.4790554493665695,0.8985815048217773,1.899371862411499,4.273345947265625,4.018418565392494
224,m426,Thy1,na,Thy1,units,post,17-18,3.0,4.0,7,3,0.21617087214009784,0.46494179435720534,1.245165228843689,0.3030571758747101,0.4996868595480919,0.9871081709861755,1.9990682303905487,3.984522843360902,3.681465667486192
224,m426,Thy1,na,Thy1,units,post,31-32,0.0,1.0,7,5,-0.2407376429180128,-0.490650224618325,0.7268187999725342,0.23949581235647202,0.4238689914345741,0.8165404498577118,1.9083062410354614,3.470670342445374,3.231174530088902
224,m426,Thy1,na,Thy1,units,post,31-32,1.0,2.0,7,5,0.21584073886530397,0.46458663224990016,0.9116526246070862,0.31321198046207427,0.6893597692251205,1.2953726649284363,3.509522318840027,6.222630500793457,5.909418520331383
224,m426,Thy1,na,Thy1,units,post,31-32,2.0,3.0,7,5,0.09772433718383922,0.31260892051225797,0.8729181289672852,0.3623162299394608,0.6109228432178497,1.2905492782592773,3.710065722465515,6.185051965713501,5.82273573577404
224,m426,Thy1,na,Thy1,units,post,31-32,3.0,4.0,7,5,-0.03081787470411485,-0.1755502056510184,0.8753018975257874,0.32523669600486754,0.6744075864553452,1.2400336861610413,3.0946637392044067,5.405891275405884,5.080654579401017
224,m426,Thy1,na,Thy1,units,post,39-40,0.0,1.0,5,5,0.01202787733732621,0.10967167974151855,0.48681336641311646,0.012191877607256181,0.14275723323225975,0.29686763882637024,0.6327297538518906,1.3644549369812011,1.3522630593739449
224,m426,Thy1,na,Thy1,units,post,39-40,1.0,2.0,5,5,0.0914308791321217,0.3023753943893611,1.0321216583251953,0.14362606257200242,0.34189174324274063,0.6443445086479187,1.2136772871017456,2.7840410709381103,2.6404150083661078
224,m426,Thy1,na,Thy1,units,post,39-40,2.0,3.0,5,5,0.4187202108988827,0.6470859378002916,1.165380597114563,0.051636692136526115,0.181365717202425,0.43790900707244873,1.0145085752010345,2.7433320283889775,2.6916953362524514
224,m426,Thy1,na,Thy1,units,post,39-40,3.0,4.0,5,5,0.9660651995486493,0.9828861579799816,1.3419947624206543,-0.036770080961287005,0.16991329938173294,0.42843303084373474,0.9985377490520477,2.8690179824829105,2.9057880634441977
224,m426,Thy1,na,Thy1,units,pre,17-18,0.0,1.0,3,3,-0.11966344614027323,-0.34592404677945304,0.5415996313095093,-0.20656251609325407,0.07404258474707603,0.4160604774951935,1.041497528553009,1.8510534644126893,2.0576159805059433
224,m426,Thy1,na,Thy1,units,pre,17-18,1.0,2.0,3,3,1.0084605384987029,1.0042213593121303,1.4738976955413818,-0.7717011213302613,-0.1418253779411316,0.4696541428565979,1.4070813655853271,2.7192100524902347,3.490911173820496
224,m426,Thy1,na,Thy1,units,pre,17-18,2.0,3.0,3,3,-0.16298076911743778,-0.40370876769948627,0.9136841297149658,-0.12674866467714307,0.31806905567646027,1.103745460510254,2.56831693649292,4.449319791793823,4.576068456470966
224,m426,Thy1,na,Thy1,units,pre,17-18,3.0,4.0,3,3,-0.4770222421329721,-0.6906679680808805,0.9138374328613281,-0.23338855654001234,0.21618406474590302,1.1360594034194946,2.688923418521881,5.388866567611695,5.622255124151707
224,m426,Thy1,na,Thy1,units,pre,31-32,0.0,1.0,2,5,0.24742501100339112,0.49741834606635804,1.6231259107589722,-0.1381954863667488,0.22466548159718513,1.0213308334350586,2.868234694004059,5.087061786651612,5.225257273018361
224,m426,Thy1,na,Thy1,units,pre,31-32,1.0,2.0,2,5,-0.8111901838967731,-0.900660970563715,1.6298179626464844,-0.21858191192150117,0.22367992624640465,1.5193036794662476,3.5686623454093933,6.739731979370117,6.958313891291619
224,m426,Thy1,na,Thy1,units,pre,31-32,2.0,3.0,2,5,0.35917330376897855,0.599310690517847,1.8791662454605103,-0.1799178272485733,0.23831791430711746,1.4864065647125244,3.375694453716278,6.379533529281618,6.559451356530191
224,m426,Thy1,na,Thy1,units,pre,31-32,3.0,4.0,2,5,0.270339960248615,0.5199422662648373,1.7480756044387817,-0.08010075166821473,0.3407507464289665,1.569793164730072,3.5396021604537964,6.24830198287964,6.328402734547854
224,m426,Thy1,na,Thy1,units,pre,39-40,0.0,1.0,6,6,1.8783157532626693,1.3705166008708793,1.4106541872024536,-0.025262383185327045,0.14589770510792732,0.45014527440071106,1.1391974091529846,2.492905855178833,2.51816823836416
224,m426,Thy1,na,Thy1,units,pre,39-40,1.0,2.0,6,6,1.7655943344485299,1.3287566874520444,1.3887181282043457,-0.19126572310924528,0.12756456434726715,0.4942779541015625,1.317218542098999,2.9748562574386597,3.166121980547905
224,m426,Thy1,na,Thy1,units,pre,39-40,2.0,3.0,6,6,2.271844174070044,1.5072638037417485,1.4776639938354492,-0.16527398973703383,0.05471763759851456,0.41350898146629333,1.3007127344608307,3.1562172174453735,3.321491207182407
224,m426,Thy1,na,Thy1,units,pre,39-40,3.0,4.0,6,6,2.2992260139035436,1.516319891679702,1.4277724027633667,-0.24473371654748916,0.08962409943342209,0.5831709802150726,1.5728255808353424,3.131186270713806,3.375919987261295
