unit_id,unit_type,group_id,trial_id,trial_index,odor_id,block,epoch,available,response_mean_z,response_peak_positive_z,response_peak_negative_z
p237,process,,0,0,39,pre,odor,True,-0.3153953552246094,6.128148078918457,-5.5107598304748535
p237,process,,1,1,17,pre,odor,True,-1.4975581169128418,4.1184515953063965,-5.447938442230225
p237,process,,2,2,32,pre,odor,True,6.513794422149658,12.920552253723145,-1.3040157556533813
p237,process,,3,3,32,pre,odor,True,4.10786247253418,13.494796752929688,-2.2345266342163086
p237,process,,4,4,30,pre,odor,True,0.9703832864761353,8.126830101013184,-2.681622266769409
p237,process,,5,5,40,pre,odor,True,2.8795175552368164,13.415785789489746,-2.870701313018799
p237,process,,6,6,3,pre,odor,True,2.88226318359375,11.945172309875488,-2.5648980140686035
p237,process,,7,7,2,pre,odor,True,3.8248584270477295,9.709105491638184,-2.758925437927246
p237,process,,8,8,1,pre,odor,True,0.5828288197517395,5.221405506134033,-4.622863292694092
p237,process,,9,9,4,pre,odor,True,3.3767762184143066,11.164390563964844,-0.7875273823738098
p237,process,,10,10,31,pre,odor,True,1.5274511575698853,6.062708854675293,-1.5114378929138184
p237,process,,11,11,21,pre,odor,True,0.43614599108695984,6.520398139953613,-2.423182249069214
p237,process,,12,12,2,pre,odor,True,1.7451987266540527,7.024086952209473,-1.7506955862045288
p237,process,,13,13,39,pre,odor,True,1.032779335975647,6.154726505279541,-2.3484575748443604
p237,process,,14,14,1,pre,odor,True,0.21229642629623413,5.949158668518066,-3.5943691730499268
p237,process,,15,15,12,pre,odor,True,1.2069263458251953,9.243890762329102,-1.7550286054611206
p237,process,,16,16,22,pre,odor,True,1.2170621156692505,5.844632625579834,-1.7299695014953613
p237,process,,17,17,10,pre,odor,True,2.093353748321533,7.345129489898682,-1.53033447265625
p237,process,,18,18,17,pre,odor,True,0.3487648367881775,3.5210893154144287,-1.811037540435791
p237,process,,19,19,31,pre,odor,True,0.3278810381889343,2.8356268405914307,-1.2515133619308472
p237,process,,20,20,30,pre,odor,True,0.31012552976608276,3.2664432525634766,-1.1185548305511475
p237,process,,21,21,12,pre,odor,True,0.04682695493102074,2.3989291191101074,-1.211925983428955
p237,process,,22,22,22,pre,odor,True,0.063622385263443,1.5921093225479126,-1.438096284866333
p237,process,,23,23,4,pre,odor,True,0.055412981659173965,1.7167177200317383,-1.3779188394546509
p237,process,,24,24,0,pre,odor,True,0.05389655381441116,3.0748603343963623,-1.8603488206863403
p237,process,,25,25,3,pre,odor,True,0.2649363875389099,3.652148723602295,-1.940995454788208
p237,process,,26,26,40,pre,odor,True,-0.2165742814540863,1.4880059957504272,-1.5591161251068115
p237,process,,27,27,10,pre,odor,True,0.2946529984474182,3.0739059448242188,-1.5892505645751953
p237,process,,28,28,21,pre,odor,True,0.02241489663720131,2.7522385120391846,-1.5305825471878052
p237,process,,29,29,18,pre,odor,True,0.06280932575464249,1.7584458589553833,-1.2334721088409424
p237,process,,30,30,18,pre,odor,True,-0.24320830404758453,0.908679723739624,-1.3918216228485107
p237,process,,31,31,0,pre,odor,True,0.04669436067342758,1.9916775226593018,-1.441633701324463
p237,process,,32,32,12,post,odor,True,-0.043028999119997025,1.2445785999298096,-0.7369183301925659
p237,process,,33,33,18,post,odor,True,-0.02793102152645588,1.536262035369873,-0.9309511184692383
p237,process,,34,34,40,post,odor,True,0.16808229684829712,1.3442537784576416,-0.6634734869003296
p237,process,,35,35,32,post,odor,True,-0.09205477684736252,1.748209834098816,-0.7728481292724609
p237,process,,36,36,31,post,odor,True,-0.05541238561272621,0.8162238597869873,-0.7042029500007629
p237,process,,37,37,0,post,odor,True,0.010323714464902878,1.7806328535079956,-0.8147423267364502
p237,process,,38,38,4,post,odor,True,-0.21477924287319183,0.999984622001648,-1.0151909589767456
p237,process,,39,39,2,post,odor,True,-0.05310725420713425,1.893364429473877,-0.7770367860794067
p237,process,,40,40,3,post,odor,True,-0.12322479486465454,1.0523954629898071,-0.885402262210846
p237,process,,41,41,21,post,odor,True,0.040240440517663956,1.562285304069519,-0.8834015130996704
p237,process,,42,42,31,post,odor,True,-0.2425619214773178,0.9101465344429016,-1.0488755702972412
p237,process,,43,43,2,post,odor,True,-0.051381275057792664,1.2017813920974731,-0.9238715171813965
p237,process,,44,44,32,post,odor,True,-0.11885470151901245,1.4459095001220703,-0.9277072548866272
p237,process,,45,45,40,post,odor,True,-0.23581016063690186,0.7532967925071716,-0.8463998436927795
p237,process,,46,46,1,post,odor,True,0.19219157099723816,1.535074234008789,-0.6893103718757629
p237,process,,47,47,0,post,odor,True,0.1182127520442009,1.7081257104873657,-0.7060642242431641
p237,process,,48,48,22,post,odor,True,0.08099780976772308,1.3709880113601685,-0.7566366195678711
p237,process,,49,49,10,post,odor,True,-0.16595414280891418,1.34572434425354,-0.885433554649353
p237,process,,50,50,1,post,odor,True,-0.04348929226398468,1.7186509370803833,-0.7705884575843811
p237,process,,51,51,30,post,odor,True,-0.03222205489873886,1.6767024993896484,-0.9433785080909729
p237,process,,52,52,12,post,odor,True,0.12173070758581161,1.817882776260376,-0.7009782195091248
p237,process,,53,53,3,post,odor,True,0.11619154363870621,1.546122670173645,-0.8199043869972229
p237,process,,54,54,21,post,odor,True,-0.020493565127253532,1.0263246297836304,-0.7991713285446167
p237,process,,55,55,22,post,odor,True,0.0776292085647583,1.574517846107483,-0.8618834614753723
p237,process,,56,56,18,post,odor,True,-0.009771609678864479,2.136610507965088,-0.8384765982627869
p237,process,,57,57,30,post,odor,True,0.006151163950562477,2.2260758876800537,-1.1109716892242432
p237,process,,58,58,17,post,odor,True,-0.06765192747116089,2.113919258117676,-0.7994696497917175
p237,process,,59,59,39,post,odor,True,-0.15530316531658173,2.1399242877960205,-1.439394474029541
p237,process,,60,60,39,post,odor,True,0.27939340472221375,2.5619688034057617,-0.9315087199211121
p237,process,,61,61,17,post,odor,True,0.12877526879310608,2.1736764907836914,-0.9334089159965515
p237,process,,62,62,4,post,odor,True,0.08065290004014969,3.0108463764190674,-1.081540822982788
p256,process,,0,0,39,pre,odor,True,-0.7678433060646057,1.5930808782577515,-2.889822244644165
p256,process,,1,1,17,pre,odor,True,-1.22596275806427,1.8757332563400269,-3.646949529647827
p256,process,,2,2,32,pre,odor,True,2.790949821472168,6.409300804138184,-1.1019020080566406
p256,process,,3,3,32,pre,odor,True,3.437990665435791,7.091363430023193,-1.9196515083312988
p256,process,,4,4,30,pre,odor,True,0.8149959444999695,4.414115905761719,-1.0768935680389404
p256,process,,5,5,40,pre,odor,True,-0.26524078845977783,2.0263190269470215,-2.1474766731262207
p256,process,,6,6,3,pre,odor,True,0.7635068297386169,3.486229419708252,-1.650422215461731
p256,process,,7,7,2,pre,odor,True,0.989203929901123,5.400184631347656,-2.081059217453003
p256,process,,8,8,1,pre,odor,True,0.5221058130264282,3.8115077018737793,-2.2572922706604004
p256,process,,9,9,4,pre,odor,True,1.5836621522903442,6.125280857086182,-1.7298616170883179
p256,process,,10,10,31,pre,odor,True,2.8175454139709473,7.707833766937256,-2.774836301803589
p256,process,,11,11,21,pre,odor,True,0.07306931912899017,3.3453752994537354,-2.1864585876464844
p256,process,,12,12,2,pre,odor,True,-0.23216259479522705,2.944106101989746,-2.469947576522827
p256,process,,13,13,39,pre,odor,True,-0.7150954008102417,3.660634756088257,-4.125973701477051
p256,process,,14,14,1,pre,odor,True,0.12370729446411133,3.3921897411346436,-2.085414409637451
p256,process,,15,15,12,pre,odor,True,1.0927493572235107,3.7491538524627686,-3.028887987136841
p256,process,,16,16,22,pre,odor,True,4.6370768547058105,10.623294830322266,-1.294118881225586
p256,process,,17,17,10,pre,odor,True,1.252871036529541,5.975173473358154,-2.973515272140503
p256,process,,18,18,17,pre,odor,True,-1.0589309930801392,2.7578113079071045,-3.4019954204559326
p256,process,,19,19,31,pre,odor,True,4.126482009887695,9.122052192687988,-1.903802514076233
p256,process,,20,20,30,pre,odor,True,-0.5853095054626465,2.7409489154815674,-2.992563247680664
p256,process,,21,21,12,pre,odor,True,-0.5968037247657776,3.640725612640381,-2.79732084274292
p256,process,,22,22,22,pre,odor,True,4.087331295013428,8.93135929107666,-2.2005655765533447
p256,process,,23,23,4,pre,odor,True,-0.7520840764045715,3.04327392578125,-3.050164222717285
p256,process,,24,24,0,pre,odor,True,-1.3684417009353638,2.0275444984436035,-4.805418968200684
p256,process,,25,25,3,pre,odor,True,-1.0404746532440186,2.349785566329956,-4.421518325805664
p256,process,,26,26,40,pre,odor,True,-1.2837735414505005,2.812138795852661,-3.83662486076355
p256,process,,27,27,10,pre,odor,True,0.04196323826909065,4.085846424102783,-2.4807186126708984
p256,process,,28,28,21,pre,odor,True,0.11607827991247177,3.4715445041656494,-2.534872531890869
p256,process,,29,29,18,pre,odor,True,-0.45978522300720215,1.8523459434509277,-3.173536777496338
p256,process,,30,30,18,pre,odor,True,-0.7253679037094116,2.2374706268310547,-3.0806734561920166
p256,process,,31,31,0,pre,odor,True,-0.2661172151565552,2.4455618858337402,-2.9777021408081055
p256,process,,32,32,12,post,odor,True,-0.11371766775846481,1.6774288415908813,-1.3257325887680054
p256,process,,33,33,18,post,odor,True,0.2268620878458023,1.663172721862793,-0.7988283038139343
p256,process,,34,34,40,post,odor,True,0.09837032109498978,1.4389222860336304,-1.2163376808166504
p256,process,,35,35,32,post,odor,True,-0.11481233686208725,1.4393378496170044,-1.1136995553970337
p256,process,,36,36,31,post,odor,True,-0.049690570682287216,1.608228087425232,-1.4023109674453735
p256,process,,37,37,0,post,odor,True,0.0955127403140068,2.3737354278564453,-1.6108793020248413
p256,process,,38,38,4,post,odor,True,-0.10943866521120071,1.7420388460159302,-1.2539329528808594
p256,process,,39,39,2,post,odor,True,-0.03733079507946968,1.6793099641799927,-1.4541457891464233
p256,process,,40,40,3,post,odor,True,0.17052701115608215,2.0829625129699707,-1.2098052501678467
p256,process,,41,41,21,post,odor,True,0.856977641582489,3.2853481769561768,-1.0221482515335083
p256,process,,42,42,31,post,odor,True,-0.04278973489999771,1.3734493255615234,-1.1322904825210571
p256,process,,43,43,2,post,odor,True,-0.12256764620542526,2.5724122524261475,-2.0603342056274414
p256,process,,44,44,32,post,odor,True,0.00770018482580781,1.1964545249938965,-1.53946053981781
p256,process,,45,45,40,post,odor,True,0.024969330057501793,1.5002061128616333,-1.2726294994354248
p256,process,,46,46,1,post,odor,True,0.1938425451517105,1.611743450164795,-1.2078571319580078
p256,process,,47,47,0,post,odor,True,0.09489668160676956,1.5378901958465576,-1.5706309080123901
p256,process,,48,48,22,post,odor,True,0.0742621049284935,1.5283889770507812,-1.1292800903320312
p256,process,,49,49,10,post,odor,True,-0.13825392723083496,1.2213889360427856,-1.9215667247772217
p256,process,,50,50,1,post,odor,True,0.11434909701347351,2.0086288452148438,-1.1167893409729004
p256,process,,51,51,30,post,odor,True,0.10151387006044388,1.6544067859649658,-1.59779953956604
p256,process,,52,52,12,post,odor,True,0.23919765651226044,1.6232681274414062,-0.9322213530540466
p256,process,,53,53,3,post,odor,True,0.2258579581975937,1.9611421823501587,-1.5776798725128174
p256,process,,54,54,21,post,odor,True,0.36605915427207947,2.2383341789245605,-1.446519374847412
p256,process,,55,55,22,post,odor,True,0.07914020866155624,1.7484914064407349,-1.0428926944732666
p256,process,,56,56,18,post,odor,True,-0.04583601653575897,0.9598155617713928,-1.134004831314087
p256,process,,57,57,30,post,odor,True,0.02077428624033928,1.6530060768127441,-0.9461187720298767
p256,process,,58,58,17,post,odor,True,-0.12530583143234253,1.536204218864441,-1.2960550785064697
p256,process,,59,59,39,post,odor,True,0.19845329225063324,1.235581636428833,-0.723420262336731
p256,process,,60,60,39,post,odor,True,0.004102229606360197,1.0273816585540771,-0.7675204277038574
p256,process,,61,61,17,post,odor,True,0.033811137080192566,0.5849552154541016,-0.7469859719276428
p256,process,,62,62,4,post,odor,True,0.11212221533060074,0.874832034111023,-0.3685985803604126
p275,process,,0,0,39,pre,odor,True,-0.6846729516983032,1.152204155921936,-3.1773757934570312
p275,process,,1,1,17,pre,odor,True,-2.1324079036712646,2.07741117477417,-4.928402900695801
p275,process,,2,2,32,pre,odor,True,4.147209167480469,7.704998970031738,1.741788387298584
p275,process,,3,3,32,pre,odor,True,3.9655563831329346,6.7703423500061035,-1.1387293338775635
p275,process,,4,4,30,pre,odor,True,4.23426628112793,6.65719747543335,1.011465311050415
p275,process,,5,5,40,pre,odor,True,1.2251681089401245,3.8918333053588867,-2.2185897827148438
p275,process,,6,6,3,pre,odor,True,3.0357892513275146,6.470250129699707,-1.243440866470337
p275,process,,7,7,2,pre,odor,True,3.375455379486084,7.120742321014404,-1.7997318506240845
p275,process,,8,8,1,pre,odor,True,0.39672306180000305,3.205336093902588,-2.6165950298309326
p275,process,,9,9,4,pre,odor,True,4.2014617919921875,6.677402496337891,-2.4476706981658936
p275,process,,10,10,31,pre,odor,True,4.855712413787842,10.056220054626465,-0.9174872636795044
p275,process,,11,11,21,pre,odor,True,0.6463073492050171,4.177889823913574,-4.204406261444092
p275,process,,12,12,2,pre,odor,True,2.295074701309204,4.7542595863342285,0.3662082850933075
p275,process,,13,13,39,pre,odor,True,0.532753586769104,3.2259163856506348,-1.72958505153656
p275,process,,14,14,1,pre,odor,True,1.6461799144744873,5.492225170135498,-1.1436387300491333
p275,process,,15,15,12,pre,odor,True,2.6683144569396973,8.423518180847168,-2.4750287532806396
p275,process,,16,16,22,pre,odor,True,3.8138670921325684,9.103921890258789,-2.0683858394622803
p275,process,,17,17,10,pre,odor,True,5.239638805389404,10.776039123535156,-1.9939556121826172
p275,process,,18,18,17,pre,odor,True,0.4377018213272095,4.424853801727295,-2.450063467025757
p275,process,,19,19,31,pre,odor,True,3.8593623638153076,7.368539810180664,-1.2678868770599365
p275,process,,20,20,30,pre,odor,True,1.7378958463668823,6.6091742515563965,-1.378358006477356
p275,process,,21,21,12,pre,odor,True,-0.0378296785056591,2.013187885284424,-1.6911935806274414
p275,process,,22,22,22,pre,odor,True,0.877872109413147,4.1761040687561035,-1.0894826650619507
p275,process,,23,23,4,pre,odor,True,-0.19457978010177612,2.117455005645752,-1.6270055770874023
p275,process,,24,24,0,pre,odor,True,-1.0446628332138062,3.6017134189605713,-4.966310501098633
p275,process,,25,25,3,pre,odor,True,-0.8367236256599426,2.0951781272888184,-2.906301498413086
p275,process,,26,26,40,pre,odor,True,-0.23483601212501526,3.3533694744110107,-2.923466682434082
p275,process,,27,27,10,pre,odor,True,0.5496170520782471,3.2715165615081787,-2.169606924057007
p275,process,,28,28,21,pre,odor,True,0.4010833203792572,3.542506456375122,-2.1447296142578125
p275,process,,29,29,18,pre,odor,True,-0.06062309443950653,2.2015347480773926,-1.3659790754318237
p275,process,,30,30,18,pre,odor,True,-1.243932843208313,-0.25543755292892456,-2.0150787830352783
p275,process,,31,31,0,pre,odor,True,0.1850176751613617,3.08518123626709,-1.8660532236099243
p275,process,,32,32,12,post,odor,True,0.039482153952121735,0.6346574425697327,-0.48507481813430786
p275,process,,33,33,18,post,odor,True,0.060040853917598724,0.7602260708808899,-0.5663429498672485
p275,process,,34,34,40,post,odor,True,-0.021278198808431625,0.7490358948707581,-0.5086908936500549
p275,process,,35,35,32,post,odor,True,0.15521906316280365,1.291712760925293,-0.3722814619541168
p275,process,,36,36,31,post,odor,True,0.03739682957530022,0.6700980067253113,-0.5634500980377197
p275,process,,37,37,0,post,odor,True,0.050133999437093735,0.5979981422424316,-0.6670731902122498
p275,process,,38,38,4,post,odor,True,0.06823837012052536,0.8536914587020874,-0.8253065943717957
p275,process,,39,39,2,post,odor,True,-0.052849993109703064,0.5529451370239258,-0.839910626411438
p275,process,,40,40,3,post,odor,True,0.042070865631103516,0.769916832447052,-0.7358562350273132
p275,process,,41,41,21,post,odor,True,0.333895742893219,1.0315196514129639,-0.5439508557319641
p275,process,,42,42,31,post,odor,True,-0.002354236552491784,0.9678254723548889,-0.6943300366401672
p275,process,,43,43,2,post,odor,True,0.1926899552345276,1.1746547222137451,-0.7868545055389404
p275,process,,44,44,32,post,odor,True,0.06771163642406464,0.9828783273696899,-0.6300544738769531
p275,process,,45,45,40,post,odor,True,0.10073486715555191,0.9851288199424744,-0.49625954031944275
p275,process,,46,46,1,post,odor,True,0.1287446916103363,0.8090322017669678,-0.6116670966148376
p275,process,,47,47,0,post,odor,True,-0.028957407921552658,1.0733003616333008,-0.5845115184783936
p275,process,,48,48,22,post,odor,True,0.0030989127699285746,0.8741744756698608,-0.7118473052978516
p275,process,,49,49,10,post,odor,True,0.0775601714849472,0.7730045318603516,-0.47177553176879883
p275,process,,50,50,1,post,odor,True,-0.006716568022966385,0.9609269499778748,-0.685924768447876
p275,process,,51,51,30,post,odor,True,-0.08273953944444656,1.1084201335906982,-1.0286487340927124
p275,process,,52,52,12,post,odor,True,-0.03269820660352707,0.7013379335403442,-0.7924079895019531
p275,process,,53,53,3,post,odor,True,-0.08702592551708221,0.7899238467216492,-1.086097240447998
p275,process,,54,54,21,post,odor,True,0.01577180251479149,1.0383139848709106,-0.7072083950042725
p275,process,,55,55,22,post,odor,True,-0.005510042887181044,0.6614482402801514,-0.648356556892395
p275,process,,56,56,18,post,odor,True,-0.008192562498152256,0.6039884686470032,-0.6763458847999573
p275,process,,57,57,30,post,odor,True,-0.06337415426969528,0.9069405198097229,-0.681039571762085
p275,process,,58,58,17,post,odor,True,0.08845792710781097,1.052256464958191,-0.4002019166946411
p275,process,,59,59,39,post,odor,True,-0.12092147767543793,0.7487912774085999,-1.36616051197052
p275,process,,60,60,39,post,odor,True,-0.1395997852087021,0.48116564750671387,-0.9003601670265198
p275,process,,61,61,17,post,odor,True,0.023160798475146294,0.8494207859039307,-0.6817854046821594
p275,process,,62,62,4,post,odor,True,-0.051616355776786804,0.7696971893310547,-0.7823536992073059
p294,process,,0,0,39,pre,odor,True,-0.7206817865371704,3.119997501373291,-4.488322734832764
p294,process,,1,1,17,pre,odor,True,-3.4913341999053955,0.6584270000457764,-7.052711486816406
p294,process,,2,2,32,pre,odor,True,6.619319438934326,10.5255708694458,1.8129535913467407
p294,process,,3,3,32,pre,odor,True,9.067710876464844,14.363990783691406,-0.583312451839447
p294,process,,4,4,30,pre,odor,True,7.66133451461792,14.11388874053955,-1.5401580333709717
p294,process,,5,5,40,pre,odor,True,1.6250532865524292,8.712367057800293,-3.326774835586548
p294,process,,6,6,3,pre,odor,True,2.7922017574310303,8.6666898727417,-2.4401800632476807
p294,process,,7,7,2,pre,odor,True,1.9825879335403442,8.009891510009766,-3.3236711025238037
p294,process,,8,8,1,pre,odor,True,-0.056953903287649155,4.981588363647461,-2.7715981006622314
p294,process,,9,9,4,pre,odor,True,2.7219622135162354,8.490200996398926,-1.8891913890838623
p294,process,,10,10,31,pre,odor,True,3.8010480403900146,10.623974800109863,-1.836549162864685
p294,process,,11,11,21,pre,odor,True,1.169262170791626,6.317554473876953,-2.0298385620117188
p294,process,,12,12,2,pre,odor,True,1.334552526473999,6.4269232749938965,-1.8604539632797241
p294,process,,13,13,39,pre,odor,True,0.8374783396720886,4.761746883392334,-2.407954692840576
p294,process,,14,14,1,pre,odor,True,1.7859420776367188,5.692639350891113,-0.8645776510238647
p294,process,,15,15,12,pre,odor,True,0.997203528881073,5.297494888305664,-2.172036647796631
p294,process,,16,16,22,pre,odor,True,2.516374349594116,8.536890029907227,-1.2727776765823364
p294,process,,17,17,10,pre,odor,True,2.327415704727173,6.771788597106934,-1.13606595993042
p294,process,,18,18,17,pre,odor,True,-0.13904640078544617,1.2921216487884521,-1.7922073602676392
p294,process,,19,19,31,pre,odor,True,2.4940030574798584,5.925462245941162,-0.4284680187702179
p294,process,,20,20,30,pre,odor,True,2.52433180809021,7.936468601226807,-0.5443689823150635
p294,process,,21,21,12,pre,odor,True,-0.19940795004367828,0.8020994067192078,-1.5716179609298706
p294,process,,22,22,22,pre,odor,True,0.574745237827301,2.1601014137268066,-0.39303261041641235
p294,process,,23,23,4,pre,odor,True,-0.08155901730060577,1.5570520162582397,-1.051576018333435
p294,process,,24,24,0,pre,odor,True,-0.5142969489097595,2.7648680210113525,-3.3813669681549072
p294,process,,25,25,3,pre,odor,True,-0.6225661039352417,2.2519829273223877,-4.215588569641113
p294,process,,26,26,40,pre,odor,True,-0.12347760796546936,4.220161437988281,-2.5938148498535156
p294,process,,27,27,10,pre,odor,True,0.32796066999435425,4.5225911140441895,-3.0012450218200684
p294,process,,28,28,21,pre,odor,True,0.28262218832969666,2.9731686115264893,-2.0278353691101074
p294,process,,29,29,18,pre,odor,True,0.16254009306430817,1.1779178380966187,-1.4349219799041748
p294,process,,30,30,18,pre,odor,True,-0.7027018070220947,0.9189887046813965,-2.0651156902313232
p294,process,,31,31,0,pre,odor,True,-0.0262357909232378,2.711580276489258,-2.2970616817474365
p294,process,,32,32,12,post,odor,True,0.05887003615498543,1.2261686325073242,-0.9006926417350769
p294,process,,33,33,18,post,odor,True,-0.07317281514406204,0.8729950189590454,-0.8218267560005188
p294,process,,34,34,40,post,odor,True,-0.06062155216932297,1.373826503753662,-0.8231154680252075
p294,process,,35,35,32,post,odor,True,-0.08711159229278564,0.7858763933181763,-0.8458908796310425
p294,process,,36,36,31,post,odor,True,-0.038865458220243454,1.0273566246032715,-0.9304366111755371
p294,process,,37,37,0,post,odor,True,0.011509854346513748,0.9316839575767517,-0.5983644723892212
p294,process,,38,38,4,post,odor,True,0.11934071034193039,1.106507420539856,-0.8492863178253174
p294,process,,39,39,2,post,odor,True,0.014288689009845257,0.9824718236923218,-0.6879795789718628
p294,process,,40,40,3,post,odor,True,0.10539520531892776,0.8608756065368652,-0.7233085632324219
p294,process,,41,41,21,post,odor,True,-0.07243391126394272,0.6801571846008301,-0.5699462294578552
p294,process,,42,42,31,post,odor,True,-0.03488121181726456,1.2565847635269165,-0.7311360239982605
p294,process,,43,43,2,post,odor,True,0.037133876234292984,1.0100767612457275,-0.7880855202674866
p294,process,,44,44,32,post,odor,True,0.06739822030067444,1.0524948835372925,-0.7535176873207092
p294,process,,45,45,40,post,odor,True,-0.05651235207915306,0.8792824745178223,-0.9387677311897278
p294,process,,46,46,1,post,odor,True,0.03832334280014038,0.8658729791641235,-0.6539583206176758
p294,process,,47,47,0,post,odor,True,-0.013765586540102959,0.8263051509857178,-0.8265789747238159
p294,process,,48,48,22,post,odor,True,0.06650003045797348,1.75337815284729,-0.6781871318817139
p294,process,,49,49,10,post,odor,True,0.06507879495620728,1.315986156463623,-0.6363742351531982
p294,process,,50,50,1,post,odor,True,-0.07071079313755035,1.0545704364776611,-0.654691219329834
p294,process,,51,51,30,post,odor,True,-0.09626897424459457,1.1825213432312012,-1.100260853767395
p294,process,,52,52,12,post,odor,True,0.12144379317760468,0.9608780145645142,-0.6989489793777466
p294,process,,53,53,3,post,odor,True,0.00304994685575366,1.0308732986450195,-0.8574602603912354
p294,process,,54,54,21,post,odor,True,0.18437622487545013,1.4123594760894775,-0.5739184617996216
p294,process,,55,55,22,post,odor,True,0.009053375571966171,0.9172556400299072,-0.8069672584533691
p294,process,,56,56,18,post,odor,True,0.06914608180522919,1.098402500152588,-0.5380862951278687
p294,process,,57,57,30,post,odor,True,0.027742018923163414,1.028556227684021,-0.735357403755188
p294,process,,58,58,17,post,odor,True,0.011099455878138542,1.4199000597000122,-0.6838657855987549
p294,process,,59,59,39,post,odor,True,-0.09056363999843597,1.0609769821166992,-0.9604657888412476
p294,process,,60,60,39,post,odor,True,-0.05796198174357414,1.5546660423278809,-1.050398588180542
p294,process,,61,61,17,post,odor,True,-0.029024334624409676,1.0448898077011108,-1.0668467283248901
p294,process,,62,62,4,post,odor,True,0.0371740497648716,1.4706283807754517,-0.9393451809883118
p313,process,,0,0,39,pre,odor,True,0.04598163813352585,3.084308385848999,-3.759432792663574
p313,process,,1,1,17,pre,odor,True,-2.1231603622436523,1.99912428855896,-4.838374137878418
p313,process,,2,2,32,pre,odor,True,2.964210033416748,5.731467247009277,0.5954065918922424
p313,process,,3,3,32,pre,odor,True,2.6544623374938965,7.479665279388428,-1.4460164308547974
p313,process,,4,4,30,pre,odor,True,2.441882610321045,6.330125331878662,-1.2612468004226685
p313,process,,5,5,40,pre,odor,True,0.6184237003326416,4.120494365692139,-2.327721357345581
p313,process,,6,6,3,pre,odor,True,0.13366928696632385,2.982982635498047,-2.5761115550994873
p313,process,,7,7,2,pre,odor,True,1.0192667245864868,5.180004119873047,-2.5324180126190186
p313,process,,8,8,1,pre,odor,True,-0.32472336292266846,2.695141553878784,-3.4998080730438232
p313,process,,9,9,4,pre,odor,True,0.913919985294342,4.301092624664307,-1.2616239786148071
p313,process,,10,10,31,pre,odor,True,0.9577926993370056,7.031379222869873,-2.798719644546509
p313,process,,11,11,21,pre,odor,True,-1.2586067914962769,1.4915965795516968,-3.507814407348633
p313,process,,12,12,2,pre,odor,True,1.5202754735946655,4.232916831970215,-1.4756675958633423
p313,process,,13,13,39,pre,odor,True,0.8010895848274231,3.4368598461151123,-2.1900880336761475
p313,process,,14,14,1,pre,odor,True,0.513253927230835,4.686185836791992,-2.938539743423462
p313,process,,15,15,12,pre,odor,True,0.6345409154891968,4.51678991317749,-2.6976630687713623
p313,process,,16,16,22,pre,odor,True,0.17254948616027832,3.381895065307617,-2.5203709602355957
p313,process,,17,17,10,pre,odor,True,1.798285722732544,6.833788871765137,-2.051811933517456
p313,process,,18,18,17,pre,odor,True,0.9758952856063843,5.030826091766357,-1.8478642702102661
p313,process,,19,19,31,pre,odor,True,0.46541550755500793,3.458968162536621,-2.797877073287964
p313,process,,20,20,30,pre,odor,True,0.3772572875022888,4.409876346588135,-2.353034257888794
p313,process,,21,21,12,pre,odor,True,1.3620659112930298,4.342108249664307,-1.1490936279296875
p313,process,,22,22,22,pre,odor,True,0.24875479936599731,4.175998210906982,-1.9225656986236572
p313,process,,23,23,4,pre,odor,True,-0.17700789868831635,3.01288104057312,-2.512957811355591
p313,process,,24,24,0,pre,odor,True,-0.24819837510585785,4.169740676879883,-3.7463674545288086
p313,process,,25,25,3,pre,odor,True,-0.4243444800376892,3.1576602458953857,-3.1306042671203613
p313,process,,26,26,40,pre,odor,True,0.08850832283496857,3.124659776687622,-3.084596633911133
p313,process,,27,27,10,pre,odor,True,-0.5196279883384705,2.7333383560180664,-3.4129745960235596
p313,process,,28,28,21,pre,odor,True,-0.775573194026947,1.9174376726150513,-2.848165273666382
p313,process,,29,29,18,pre,odor,True,0.3249869644641876,3.069200038909912,-2.2230687141418457
p313,process,,30,30,18,pre,odor,True,0.8508589267730713,4.787348747253418,-2.226245403289795
p313,process,,31,31,0,pre,odor,True,0.5338175296783447,6.541849136352539,-2.0743727684020996
p313,process,,32,32,12,post,odor,True,0.10828792303800583,1.9267131090164185,-1.4542545080184937
p313,process,,33,33,18,post,odor,True,0.08159872889518738,1.5357303619384766,-1.340935230255127
p313,process,,34,34,40,post,odor,True,-0.01230020634829998,1.8247164487838745,-1.336546540260315
p313,process,,35,35,32,post,odor,True,0.10381391644477844,1.6223299503326416,-1.419539213180542
p313,process,,36,36,31,post,odor,True,-0.1778832972049713,1.6173657178878784,-1.4747430086135864
p313,process,,37,37,0,post,odor,True,0.07532505691051483,2.0083110332489014,-1.7388159036636353
p313,process,,38,38,4,post,odor,True,0.14913615584373474,1.9626235961914062,-0.9623125791549683
p313,process,,39,39,2,post,odor,True,0.49047961831092834,2.320830821990967,-1.105564832687378
p313,process,,40,40,3,post,odor,True,0.1341170072555542,2.127758264541626,-1.0829776525497437
p313,process,,41,41,21,post,odor,True,0.1834385246038437,2.3830835819244385,-1.118780493736267
p313,process,,42,42,31,post,odor,True,0.4643176794052124,1.8858697414398193,-0.8829279541969299
p313,process,,43,43,2,post,odor,True,-0.0797497034072876,2.7564070224761963,-1.747822880744934
p313,process,,44,44,32,post,odor,True,0.10395808517932892,1.5716204643249512,-1.423048496246338
p313,process,,45,45,40,post,odor,True,0.12711116671562195,2.4387850761413574,-1.0965994596481323
p313,process,,46,46,1,post,odor,True,0.15286964178085327,2.330252170562744,-1.4678171873092651
p313,process,,47,47,0,post,odor,True,-0.30493393540382385,1.2408561706542969,-2.089303970336914
p313,process,,48,48,22,post,odor,True,0.6048829555511475,2.1115670204162598,-1.1876392364501953
p313,process,,49,49,10,post,odor,True,0.10712786018848419,2.2624056339263916,-1.4851778745651245
p313,process,,50,50,1,post,odor,True,-0.1573268622159958,1.6005264520645142,-1.381340742111206
p313,process,,51,51,30,post,odor,True,0.17905671894550323,1.9671515226364136,-1.0630325078964233
p313,process,,52,52,12,post,odor,True,0.17464059591293335,1.6804176568984985,-1.4807132482528687
p313,process,,53,53,3,post,odor,True,0.3448478877544403,2.007033586502075,-0.9775021076202393
p313,process,,54,54,21,post,odor,True,0.11662257462739944,1.9766480922698975,-1.5096567869186401
p313,process,,55,55,22,post,odor,True,0.6227982640266418,2.3887746334075928,-1.0022311210632324
p313,process,,56,56,18,post,odor,True,0.053773779422044754,1.591235876083374,-1.6501843929290771
p313,process,,57,57,30,post,odor,True,0.4133152663707733,2.6473186016082764,-1.0554053783416748
p313,process,,58,58,17,post,odor,True,0.37072864174842834,3.4430675506591797,-1.2034722566604614
p313,process,,59,59,39,post,odor,True,0.10411182790994644,1.079101324081421,-1.0849283933639526
p313,process,,60,60,39,post,odor,True,0.09958580136299133,1.7450475692749023,-1.1724554300308228
p313,process,,61,61,17,post,odor,True,-0.30449625849723816,1.1231820583343506,-1.7773048877716064
p313,process,,62,62,4,post,odor,True,0.06937601417303085,2.6982834339141846,-1.725483775138855
p332,process,,0,0,39,pre,odor,True,-0.9975897669792175,1.9883410930633545,-3.6491310596466064
p332,process,,1,1,17,pre,odor,True,-1.9842145442962646,2.936532497406006,-4.7459588050842285
p332,process,,2,2,32,pre,odor,True,3.3216662406921387,6.251863956451416,0.21966208517551422
p332,process,,3,3,32,pre,odor,True,3.235963821411133,7.256659507751465,-1.7939467430114746
p332,process,,4,4,30,pre,odor,True,2.445242166519165,5.702647686004639,-0.7097905278205872
p332,process,,5,5,40,pre,odor,True,-0.3130738139152527,3.2649452686309814,-3.2059662342071533
p332,process,,6,6,3,pre,odor,True,0.8264036774635315,4.264721870422363,-1.4257651567459106
p332,process,,7,7,2,pre,odor,True,1.1114403009414673,4.176249027252197,-1.6893223524093628
p332,process,,8,8,1,pre,odor,True,-0.028527140617370605,2.873739719390869,-2.790865421295166
p332,process,,9,9,4,pre,odor,True,1.1960687637329102,4.47252893447876,-1.9838979244232178
p332,process,,10,10,31,pre,odor,True,3.0253615379333496,6.978053569793701,-0.7974503040313721
p332,process,,11,11,21,pre,odor,True,0.13190948963165283,3.610849142074585,-2.704303503036499
p332,process,,12,12,2,pre,odor,True,0.1731545329093933,3.2885918617248535,-1.8185985088348389
p332,process,,13,13,39,pre,odor,True,-0.8955293893814087,1.776821255683899,-4.23111629486084
p332,process,,14,14,1,pre,odor,True,0.5182135105133057,3.6978042125701904,-2.3604464530944824
p332,process,,15,15,12,pre,odor,True,1.5239675045013428,6.953090190887451,-2.0766654014587402
p332,process,,16,16,22,pre,odor,True,2.5641374588012695,9.26727294921875,-1.0846443176269531
p332,process,,17,17,10,pre,odor,True,2.9290668964385986,8.732595443725586,-2.186270236968994
p332,process,,18,18,17,pre,odor,True,-0.39207157492637634,2.2283999919891357,-3.305318832397461
p332,process,,19,19,31,pre,odor,True,2.370176076889038,4.7661542892456055,-0.9968133568763733
p332,process,,20,20,30,pre,odor,True,1.9525450468063354,5.07445764541626,-0.3035658597946167
p332,process,,21,21,12,pre,odor,True,-0.008998459205031395,2.5717368125915527,-1.590413212776184
p332,process,,22,22,22,pre,odor,True,1.1074002981185913,3.533081531524658,-1.5397815704345703
p332,process,,23,23,4,pre,odor,True,-0.34065568447113037,2.4274303913116455,-1.9570492506027222
p332,process,,24,24,0,pre,odor,True,-0.42414429783821106,4.277918338775635,-5.352354526519775
p332,process,,25,25,3,pre,odor,True,-0.8933261632919312,1.8810291290283203,-3.439058303833008
p332,process,,26,26,40,pre,odor,True,0.05560038611292839,4.470556259155273,-3.3011224269866943
p332,process,,27,27,10,pre,odor,True,1.1141289472579956,4.5482001304626465,-2.4785730838775635
p332,process,,28,28,21,pre,odor,True,0.9168594479560852,3.4381203651428223,-2.029780864715576
p332,process,,29,29,18,pre,odor,True,-0.15708664059638977,2.1186399459838867,-1.62539803981781
p332,process,,30,30,18,pre,odor,True,-1.1255552768707275,1.3401405811309814,-2.6563684940338135
p332,process,,31,31,0,pre,odor,True,-0.339642733335495,2.4909210205078125,-3.108579397201538
p332,process,,32,32,12,post,odor,True,0.04359322041273117,1.4342387914657593,-0.918584406375885
p332,process,,33,33,18,post,odor,True,0.09613403677940369,1.6451107263565063,-1.313279628753662
p332,process,,34,34,40,post,odor,True,0.005955864209681749,1.5855324268341064,-1.2073909044265747
p332,process,,35,35,32,post,odor,True,-0.0536951944231987,1.3200522661209106,-1.1606565713882446
p332,process,,36,36,31,post,odor,True,-0.11731737107038498,1.1330448389053345,-0.8929086327552795
p332,process,,37,37,0,post,odor,True,0.1637471616268158,1.7208632230758667,-1.5602266788482666
p332,process,,38,38,4,post,odor,True,-0.04421049356460571,1.3663825988769531,-1.2060600519180298
p332,process,,39,39,2,post,odor,True,0.14033135771751404,1.5180023908615112,-1.111843228340149
p332,process,,40,40,3,post,odor,True,-0.16912144422531128,1.37628173828125,-1.653158187866211
p332,process,,41,41,21,post,odor,True,0.4768679440021515,2.594531297683716,-0.8702723383903503
p332,process,,42,42,31,post,odor,True,-0.2181386947631836,0.9658204913139343,-1.4521374702453613
p332,process,,43,43,2,post,odor,True,-0.14090989530086517,1.3510667085647583,-1.5138055086135864
p332,process,,44,44,32,post,odor,True,-0.05618180334568024,1.0617648363113403,-1.0284481048583984
p332,process,,45,45,40,post,odor,True,-0.13195620477199554,1.9371778964996338,-1.4545924663543701
p332,process,,46,46,1,post,odor,True,0.16014431416988373,2.247983455657959,-1.2264677286148071
p332,process,,47,47,0,post,odor,True,0.12861000001430511,1.3586145639419556,-1.3897205591201782
p332,process,,48,48,22,post,odor,True,0.08926115930080414,1.5341682434082031,-0.8942687511444092
p332,process,,49,49,10,post,odor,True,0.21271690726280212,2.65046763420105,-0.9192463159561157
p332,process,,50,50,1,post,odor,True,-0.16074831783771515,1.5496456623077393,-1.5588059425354004
p332,process,,51,51,30,post,odor,True,0.07491391897201538,1.5411871671676636,-1.6189645528793335
p332,process,,52,52,12,post,odor,True,0.035709574818611145,1.926754117012024,-1.2325550317764282
p332,process,,53,53,3,post,odor,True,0.18513968586921692,1.5897654294967651,-0.7688454389572144
p332,process,,54,54,21,post,odor,True,0.33755767345428467,1.837412714958191,-0.9777275919914246
p332,process,,55,55,22,post,odor,True,0.03610624000430107,1.1738011837005615,-1.2640246152877808
p332,process,,56,56,18,post,odor,True,0.037960901856422424,1.3938696384429932,-0.8129256963729858
p332,process,,57,57,30,post,odor,True,0.21314509212970734,1.758228063583374,-1.203261375427246
p332,process,,58,58,17,post,odor,True,0.06447026878595352,1.5121642351150513,-0.954016923904419
p332,process,,59,59,39,post,odor,True,0.1533532738685608,1.7119569778442383,-0.7905484437942505
p332,process,,60,60,39,post,odor,True,0.1446654349565506,1.4075061082839966,-0.8676181435585022
p332,process,,61,61,17,post,odor,True,-0.14610891044139862,0.9534353613853455,-1.2802654504776
p332,process,,62,62,4,post,odor,True,-0.018539240583777428,1.0507688522338867,-0.6141457557678223
p351,process,,0,0,39,pre,odor,True,-2.2606418132781982,2.0399422645568848,-5.284064769744873
p351,process,,1,1,17,pre,odor,True,-2.7663536071777344,0.056064996868371964,-4.571019649505615
p351,process,,2,2,32,pre,odor,True,1.564659833908081,7.49692440032959,-1.5950418710708618
p351,process,,3,3,32,pre,odor,True,-2.370349884033203,2.0702626705169678,-5.287341594696045
p351,process,,4,4,30,pre,odor,True,2.4766061305999756,11.828254699707031,-2.009230375289917
p351,process,,5,5,40,pre,odor,True,-0.19603586196899414,3.2776455879211426,-3.007294178009033
p351,process,,6,6,3,pre,odor,True,2.687364101409912,7.7647318840026855,-1.2741464376449585
p351,process,,7,7,2,pre,odor,True,-0.2589823305606842,2.493638277053833,-3.065516710281372
p351,process,,8,8,1,pre,odor,True,-1.4039371013641357,0.6735293865203857,-3.7280867099761963
p351,process,,9,9,4,pre,odor,True,1.4797884225845337,7.009232521057129,-1.8221615552902222
p351,process,,10,10,31,pre,odor,True,-2.780120372772217,-0.9408517479896545,-4.274392127990723
p351,process,,11,11,21,pre,odor,True,-0.5333815217018127,2.4956085681915283,-2.688678503036499
p351,process,,12,12,2,pre,odor,True,-1.030776858329773,1.726690649986267,-3.5514473915100098
p351,process,,13,13,39,pre,odor,True,-0.38794758915901184,2.541839122772217,-2.2929792404174805
p351,process,,14,14,1,pre,odor,True,-0.6395264267921448,1.5520555973052979,-2.029926061630249
p351,process,,15,15,12,pre,odor,True,0.3759969174861908,3.8703951835632324,-2.2908034324645996
p351,process,,16,16,22,pre,odor,True,0.7073352336883545,4.777024269104004,-1.4479248523712158
p351,process,,17,17,10,pre,odor,True,0.4389195144176483,3.2904672622680664,-2.1344404220581055
p351,process,,18,18,17,pre,odor,True,-0.08019273728132248,4.528234481811523,-1.972051978111267
p351,process,,19,19,31,pre,odor,True,-0.2966907024383545,2.067413330078125,-2.090205669403076
p351,process,,20,20,30,pre,odor,True,-0.8611806035041809,1.87723708152771,-3.308002471923828
p351,process,,21,21,12,pre,odor,True,-0.20268911123275757,1.8092206716537476,-2.12750244140625
p351,process,,22,22,22,pre,odor,True,0.38425734639167786,2.7446131706237793,-1.3039569854736328
p351,process,,23,23,4,pre,odor,True,0.4292859733104706,2.533398389816284,-2.263517141342163
p351,process,,24,24,0,pre,odor,True,1.315883994102478,5.2300705909729,-2.0239481925964355
p351,process,,25,25,3,pre,odor,True,3.3728086948394775,7.170682907104492,-0.34264349937438965
p351,process,,26,26,40,pre,odor,True,-0.013954817317426205,3.5054802894592285,-3.590710401535034
p351,process,,27,27,10,pre,odor,True,0.9380537867546082,4.758954048156738,-2.4862241744995117
p351,process,,28,28,21,pre,odor,True,-0.08416382223367691,4.164482593536377,-1.8154605627059937
p351,process,,29,29,18,pre,odor,True,0.36240091919898987,3.2537622451782227,-1.9915266036987305
p351,process,,30,30,18,pre,odor,True,1.0859962701797485,5.481148719787598,-1.6195982694625854
p351,process,,31,31,0,pre,odor,True,0.5130853056907654,3.939014196395874,-2.248718023300171
p351,process,,32,32,12,post,odor,True,0.0953802764415741,2.448160171508789,-1.091892123222351
p351,process,,33,33,18,post,odor,True,-0.25382307171821594,1.135374903678894,-1.89425790309906
p351,process,,34,34,40,post,odor,True,-0.27054694294929504,1.6842186450958252,-1.4673603773117065
p351,process,,35,35,32,post,odor,True,0.02308931015431881,1.1839275360107422,-1.218764305114746
p351,process,,36,36,31,post,odor,True,-0.004468980245292187,1.6543288230895996,-1.2271754741668701
p351,process,,37,37,0,post,odor,True,-0.25111743807792664,1.64997398853302,-1.2021993398666382
p351,process,,38,38,4,post,odor,True,0.12108597159385681,2.0490152835845947,-0.9670830368995667
p351,process,,39,39,2,post,odor,True,-0.2034178525209427,1.8489574193954468,-1.8390874862670898
p351,process,,40,40,3,post,odor,True,0.16475602984428406,1.601699948310852,-0.9271905422210693
p351,process,,41,41,21,post,odor,True,0.10394855588674545,2.156195640563965,-1.1606330871582031
p351,process,,42,42,31,post,odor,True,0.17041455209255219,2.1159873008728027,-1.2852249145507812
p351,process,,43,43,2,post,odor,True,-0.2587730586528778,0.8365429639816284,-1.6066480875015259
p351,process,,44,44,32,post,odor,True,-0.08998624980449677,1.0150288343429565,-1.2004038095474243
p351,process,,45,45,40,post,odor,True,-0.234079048037529,1.3154131174087524,-1.2959123849868774
p351,process,,46,46,1,post,odor,True,-0.027495604008436203,1.042427897453308,-1.5924904346466064
p351,process,,47,47,0,post,odor,True,0.08943895995616913,1.8032530546188354,-1.3196662664413452
p351,process,,48,48,22,post,odor,True,0.1355704516172409,1.2326980829238892,-0.9473578333854675
p351,process,,49,49,10,post,odor,True,0.02741735801100731,2.297435998916626,-1.0110341310501099
p351,process,,50,50,1,post,odor,True,-0.11313284188508987,1.7911105155944824,-1.452621340751648
p351,process,,51,51,30,post,odor,True,-0.008410082198679447,1.3876692056655884,-0.8789194822311401
p351,process,,52,52,12,post,odor,True,0.08613114058971405,1.198180079460144,-0.9387341141700745
p351,process,,53,53,3,post,odor,True,0.1113060712814331,2.102001667022705,-1.217656135559082
p351,process,,54,54,21,post,odor,True,0.07173604518175125,2.3579211235046387,-1.0903751850128174
p351,process,,55,55,22,post,odor,True,-0.01721871644258499,1.838346004486084,-1.0406674146652222
p351,process,,56,56,18,post,odor,True,0.18143627047538757,2.185612201690674,-1.0458863973617554
p351,process,,57,57,30,post,odor,True,0.4467755854129791,1.8725636005401611,-0.9547431468963623
p351,process,,58,58,17,post,odor,True,0.38830849528312683,2.7111358642578125,-1.917441725730896
p351,process,,59,59,39,post,odor,True,-0.21308670938014984,1.6107122898101807,-1.2466704845428467
p351,process,,60,60,39,post,odor,True,0.04698531702160835,1.4540892839431763,-0.9143258333206177
p351,process,,61,61,17,post,odor,True,-0.14168646931648254,1.2882236242294312,-1.5922030210494995
p351,process,,62,62,4,post,odor,True,0.1394302248954773,2.0362141132354736,-1.5851056575775146
p370,process,,0,0,39,pre,odor,True,-0.7448379993438721,2.7621850967407227,-4.040881633758545
p370,process,,1,1,17,pre,odor,True,-2.5764145851135254,1.9201198816299438,-5.228452205657959
p370,process,,2,2,32,pre,odor,True,3.8963005542755127,9.141555786132812,-0.023057198151946068
p370,process,,3,3,32,pre,odor,True,2.2242591381073,8.276185989379883,-1.644288182258606
p370,process,,4,4,30,pre,odor,True,2.068354606628418,7.079326629638672,-1.6777329444885254
p370,process,,5,5,40,pre,odor,True,-0.9365206956863403,2.102247714996338,-2.900747060775757
p370,process,,6,6,3,pre,odor,True,0.24123194813728333,2.610995054244995,-2.036036252975464
p370,process,,7,7,2,pre,odor,True,1.6137382984161377,4.661194801330566,-1.0076578855514526
p370,process,,8,8,1,pre,odor,True,0.034476108849048615,5.040395736694336,-3.12868332862854
p370,process,,9,9,4,pre,odor,True,0.7505059242248535,6.9180216789245605,-3.4023897647857666
p370,process,,10,10,31,pre,odor,True,1.0846606492996216,4.315632343292236,-2.6561014652252197
p370,process,,11,11,21,pre,odor,True,-0.4565030336380005,2.661635398864746,-3.0785152912139893
p370,process,,12,12,2,pre,odor,True,1.1042596101760864,5.92252254486084,-1.7478770017623901
p370,process,,13,13,39,pre,odor,True,0.1654050499200821,3.270792007446289,-2.3627469539642334
p370,process,,14,14,1,pre,odor,True,0.6278676986694336,3.897817850112915,-2.08060359954834
p370,process,,15,15,12,pre,odor,True,-0.13596655428409576,3.305135726928711,-2.2388932704925537
p370,process,,16,16,22,pre,odor,True,-0.1507461965084076,2.0592126846313477,-2.197695732116699
p370,process,,17,17,10,pre,odor,True,0.9885232448577881,4.1513991355896,-2.2219176292419434
p370,process,,18,18,17,pre,odor,True,1.0228898525238037,5.14982795715332,-2.6811764240264893
p370,process,,19,19,31,pre,odor,True,0.03064790740609169,2.1592750549316406,-2.2796425819396973
p370,process,,20,20,30,pre,odor,True,0.698312520980835,3.4889168739318848,-1.6880031824111938
p370,process,,21,21,12,pre,odor,True,0.9396411776542664,3.9780256748199463,-1.9020668268203735
p370,process,,22,22,22,pre,odor,True,0.3813455104827881,4.018930435180664,-1.8422178030014038
p370,process,,23,23,4,pre,odor,True,-0.408912718296051,3.020968198776245,-2.7576565742492676
p370,process,,24,24,0,pre,odor,True,0.6233718991279602,4.575974941253662,-2.595468759536743
p370,process,,25,25,3,pre,odor,True,0.3887072205543518,4.261399269104004,-1.8905887603759766
p370,process,,26,26,40,pre,odor,True,-0.4436803460121155,3.068098545074463,-2.7122979164123535
p370,process,,27,27,10,pre,odor,True,-0.2338329255580902,2.126025676727295,-2.352329969406128
p370,process,,28,28,21,pre,odor,True,-0.5085274577140808,1.2136207818984985,-2.6459033489227295
p370,process,,29,29,18,pre,odor,True,-0.21882158517837524,1.6470072269439697,-1.6193114519119263
p370,process,,30,30,18,pre,odor,True,0.019277572631835938,1.5833255052566528,-1.6454564332962036
p370,process,,31,31,0,pre,odor,True,0.03682876005768776,2.3378713130950928,-2.4321930408477783
p370,process,,32,32,12,post,odor,True,0.28863558173179626,2.115432024002075,-0.8806456923484802
p370,process,,33,33,18,post,odor,True,0.07788144052028656,1.8921235799789429,-1.2837328910827637
p370,process,,34,34,40,post,odor,True,-0.16591162979602814,0.9689735174179077,-1.430136799812317
p370,process,,35,35,32,post,odor,True,-0.013718673028051853,1.3274624347686768,-1.1928229331970215
p370,process,,36,36,31,post,odor,True,0.18686909973621368,1.710937738418579,-1.0392636060714722
p370,process,,37,37,0,post,odor,True,0.13901342451572418,2.682373046875,-1.0695964097976685
p370,process,,38,38,4,post,odor,True,0.3297067880630493,2.5693297386169434,-0.7110806107521057
p370,process,,39,39,2,post,odor,True,0.3239317238330841,2.1054234504699707,-1.0641506910324097
p370,process,,40,40,3,post,odor,True,0.2277069091796875,1.7641314268112183,-0.9858022332191467
p370,process,,41,41,21,post,odor,True,0.4428063631057739,2.0246706008911133,-0.6832886338233948
p370,process,,42,42,31,post,odor,True,0.24345803260803223,2.546377182006836,-1.3702714443206787
p370,process,,43,43,2,post,odor,True,0.30847975611686707,3.64068341255188,-0.6446285843849182
p370,process,,44,44,32,post,odor,True,0.05224635452032089,1.958106279373169,-1.5216693878173828
p370,process,,45,45,40,post,odor,True,0.03871450945734978,1.8874142169952393,-1.121827483177185
p370,process,,46,46,1,post,odor,True,-0.0004735547991003841,1.770865559577942,-1.3090277910232544
p370,process,,47,47,0,post,odor,True,-0.17834721505641937,1.0361956357955933,-1.1594016551971436
p370,process,,48,48,22,post,odor,True,0.46794915199279785,3.2053654193878174,-1.1508551836013794
p370,process,,49,49,10,post,odor,True,-0.07689480483531952,2.3672211170196533,-1.0661108493804932
p370,process,,50,50,1,post,odor,True,0.09776004403829575,2.3089911937713623,-1.1815725564956665
p370,process,,51,51,30,post,odor,True,0.2670154869556427,2.0143442153930664,-1.0095798969268799
p370,process,,52,52,12,post,odor,True,-0.04444319009780884,1.1500210762023926,-1.0026838779449463
p370,process,,53,53,3,post,odor,True,-0.06108413636684418,2.5818090438842773,-1.1424819231033325
p370,process,,54,54,21,post,odor,True,0.38157278299331665,2.3951518535614014,-1.5084881782531738
p370,process,,55,55,22,post,odor,True,0.06768204271793365,2.314713478088379,-1.0787442922592163
p370,process,,56,56,18,post,odor,True,0.1634696125984192,2.263638734817505,-1.1524296998977661
p370,process,,57,57,30,post,odor,True,0.2054622918367386,2.7333972454071045,-1.8847060203552246
p370,process,,58,58,17,post,odor,True,0.4652920365333557,2.7665956020355225,-1.7153372764587402
p370,process,,59,59,39,post,odor,True,0.17755363881587982,1.9437845945358276,-1.1578387022018433
p370,process,,60,60,39,post,odor,True,0.33043891191482544,2.4002349376678467,-0.9353878498077393
p370,process,,61,61,17,post,odor,True,0.40193653106689453,2.3840737342834473,-1.4806358814239502
p370,process,,62,62,4,post,odor,True,-0.019494952633976936,1.7288881540298462,-1.7412604093551636
p389,process,,0,0,39,pre,odor,True,-0.7893500924110413,3.002631664276123,-3.301426887512207
p389,process,,1,1,17,pre,odor,True,-0.8058069944381714,2.4546825885772705,-4.254049301147461
p389,process,,2,2,32,pre,odor,True,1.704100251197815,5.581084728240967,-1.9365264177322388
p389,process,,3,3,32,pre,odor,True,1.5046533346176147,5.698032379150391,-2.232041835784912
p389,process,,4,4,30,pre,odor,True,1.3150973320007324,5.855226039886475,-1.8699473142623901
p389,process,,5,5,40,pre,odor,True,0.6080344915390015,4.078103542327881,-2.3262321949005127
p389,process,,6,6,3,pre,odor,True,0.8175076842308044,4.409072399139404,-2.489332914352417
p389,process,,7,7,2,pre,odor,True,2.1208081245422363,5.893748760223389,-1.2747642993927002
p389,process,,8,8,1,pre,odor,True,0.7659854888916016,4.404165267944336,-2.149426221847534
p389,process,,9,9,4,pre,odor,True,2.1835525035858154,6.8083720207214355,-2.654052257537842
p389,process,,10,10,31,pre,odor,True,2.3159797191619873,6.569224834442139,-1.0669349431991577
p389,process,,11,11,21,pre,odor,True,0.5029199123382568,5.403976917266846,-2.041494846343994
p389,process,,12,12,2,pre,odor,True,0.2279188483953476,3.103210210800171,-3.6242516040802
p389,process,,13,13,39,pre,odor,True,-0.2174963802099228,5.600539207458496,-3.1232340335845947
p389,process,,14,14,1,pre,odor,True,0.6424152851104736,4.623917102813721,-1.930167555809021
p389,process,,15,15,12,pre,odor,True,1.3541529178619385,5.70564603805542,-2.0306055545806885
p389,process,,16,16,22,pre,odor,True,1.5171754360198975,6.010709285736084,-1.4815003871917725
p389,process,,17,17,10,pre,odor,True,2.296154499053955,5.196094989776611,-1.3868303298950195
p389,process,,18,18,17,pre,odor,True,0.10570861399173737,3.024324893951416,-2.3450047969818115
p389,process,,19,19,31,pre,odor,True,0.9573813080787659,5.265064239501953,-1.1632270812988281
p389,process,,20,20,30,pre,odor,True,0.0173622015863657,1.9999340772628784,-1.4250586032867432
p389,process,,21,21,12,pre,odor,True,0.4115355312824249,2.509553909301758,-1.5925389528274536
p389,process,,22,22,22,pre,odor,True,0.5381806492805481,2.753586530685425,-0.964942991733551
p389,process,,23,23,4,pre,odor,True,0.41426679491996765,2.7611825466156006,-1.1576262712478638
p389,process,,24,24,0,pre,odor,True,-0.672008752822876,2.455249547958374,-3.1207168102264404
p389,process,,25,25,3,pre,odor,True,-0.8376295566558838,2.078878164291382,-3.679295301437378
p389,process,,26,26,40,pre,odor,True,0.04524778202176094,3.2760396003723145,-1.4850494861602783
p389,process,,27,27,10,pre,odor,True,0.37866565585136414,2.712996482849121,-1.8663967847824097
p389,process,,28,28,21,pre,odor,True,-0.3555026948451996,1.828872799873352,-1.8372052907943726
p389,process,,29,29,18,pre,odor,True,-0.011722421273589134,2.2748758792877197,-1.7229994535446167
p389,process,,30,30,18,pre,odor,True,-0.37030842900276184,1.8925731182098389,-1.8412383794784546
p389,process,,31,31,0,pre,odor,True,0.10970403254032135,3.855532169342041,-2.3049798011779785
p389,process,,32,32,12,post,odor,True,0.052805911749601364,1.428633213043213,-0.8826258778572083
p389,process,,33,33,18,post,odor,True,0.09761328995227814,1.5594356060028076,-0.8935693502426147
p389,process,,34,34,40,post,odor,True,0.12898659706115723,2.0001370906829834,-1.1621257066726685
p389,process,,35,35,32,post,odor,True,0.38892608880996704,1.924767017364502,-1.0317591428756714
p389,process,,36,36,31,post,odor,True,0.17766064405441284,1.8045332431793213,-0.9916182160377502
p389,process,,37,37,0,post,odor,True,-0.052846867591142654,1.4910036325454712,-1.1055123805999756
p389,process,,38,38,4,post,odor,True,-0.2137046605348587,0.9216058850288391,-1.3881652355194092
p389,process,,39,39,2,post,odor,True,-0.19270911812782288,1.767917275428772,-1.2552690505981445
p389,process,,40,40,3,post,odor,True,-0.10176938772201538,1.449046015739441,-1.2726771831512451
p389,process,,41,41,21,post,odor,True,0.2659417390823364,2.050065517425537,-0.9458542466163635
p389,process,,42,42,31,post,odor,True,0.005458332132548094,2.588688611984253,-1.1968549489974976
p389,process,,43,43,2,post,odor,True,0.07970820367336273,1.7971649169921875,-1.0856693983078003
p389,process,,44,44,32,post,odor,True,0.30851471424102783,1.770933747291565,-0.8960890769958496
p389,process,,45,45,40,post,odor,True,-0.0007121831877157092,0.9716622233390808,-1.215415358543396
p389,process,,46,46,1,post,odor,True,0.13903187215328217,2.792552947998047,-0.9682575464248657
p389,process,,47,47,0,post,odor,True,0.011999499052762985,1.8359463214874268,-0.9655552506446838
p389,process,,48,48,22,post,odor,True,0.24394476413726807,1.6546390056610107,-0.6676555871963501
p389,process,,49,49,10,post,odor,True,-0.04652165621519089,1.6370480060577393,-0.9215881824493408
p389,process,,50,50,1,post,odor,True,-0.2410319596529007,1.7357159852981567,-1.1631717681884766
p389,process,,51,51,30,post,odor,True,-0.045323293656110764,2.0383520126342773,-1.1979857683181763
p389,process,,52,52,12,post,odor,True,0.04547720029950142,1.2996896505355835,-1.2941646575927734
p389,process,,53,53,3,post,odor,True,0.18290747702121735,1.7580233812332153,-1.3056979179382324
p389,process,,54,54,21,post,odor,True,0.14166270196437836,1.7316429615020752,-1.2550946474075317
p389,process,,55,55,22,post,odor,True,0.007254666183143854,2.679837703704834,-1.0815553665161133
p389,process,,56,56,18,post,odor,True,0.0055374386720359325,2.429555654525757,-1.0664136409759521
p389,process,,57,57,30,post,odor,True,0.14748941361904144,1.4441579580307007,-0.9420684576034546
p389,process,,58,58,17,post,odor,True,0.09032798558473587,2.0197527408599854,-1.1307510137557983
p389,process,,59,59,39,post,odor,True,0.13154089450836182,2.058983564376831,-1.087380290031433
p389,process,,60,60,39,post,odor,True,-0.12579582631587982,2.618584394454956,-1.5653773546218872
p389,process,,61,61,17,post,odor,True,0.13665351271629333,1.9617226123809814,-1.2274951934814453
p389,process,,62,62,4,post,odor,True,-0.0699215680360794,1.7013154029846191,-0.9905507564544678
p408,process,,0,0,39,pre,odor,True,-1.075852632522583,1.6696025133132935,-3.0666823387145996
p408,process,,1,1,17,pre,odor,True,-3.477538585662842,0.7030496001243591,-5.990382671356201
p408,process,,2,2,32,pre,odor,True,3.832622766494751,6.769391059875488,1.1338260173797607
p408,process,,3,3,32,pre,odor,True,3.5160019397735596,7.583147048950195,-1.1054835319519043
p408,process,,4,4,30,pre,odor,True,2.3504366874694824,6.851573467254639,-1.259909749031067
p408,process,,5,5,40,pre,odor,True,-0.11055731028318405,2.4109535217285156,-2.6886110305786133
p408,process,,6,6,3,pre,odor,True,-0.01801883988082409,2.3581838607788086,-1.8302700519561768
p408,process,,7,7,2,pre,odor,True,0.9844937324523926,3.6907713413238525,-1.3919669389724731
p408,process,,8,8,1,pre,odor,True,-0.3540085554122925,2.7346911430358887,-2.7988641262054443
p408,process,,9,9,4,pre,odor,True,0.5655525326728821,3.701131582260132,-2.0939910411834717
p408,process,,10,10,31,pre,odor,True,2.612555980682373,7.082003593444824,-2.1377601623535156
p408,process,,11,11,21,pre,odor,True,-1.3486173152923584,1.2931898832321167,-4.269758224487305
p408,process,,12,12,2,pre,odor,True,0.8557801246643066,3.8694894313812256,-1.6011152267456055
p408,process,,13,13,39,pre,odor,True,0.2149740308523178,3.871258497238159,-2.2579472064971924
p408,process,,14,14,1,pre,odor,True,0.6264220476150513,5.481060981750488,-1.843572735786438
p408,process,,15,15,12,pre,odor,True,0.6637580394744873,4.584560871124268,-2.572950839996338
p408,process,,16,16,22,pre,odor,True,0.24946604669094086,3.9714858531951904,-2.9411962032318115
p408,process,,17,17,10,pre,odor,True,2.1344799995422363,5.972126007080078,-1.66563880443573
p408,process,,18,18,17,pre,odor,True,0.9745919108390808,3.5285143852233887,-1.5267980098724365
p408,process,,19,19,31,pre,odor,True,0.768844723701477,3.9697518348693848,-1.8236831426620483
p408,process,,20,20,30,pre,odor,True,1.323569655418396,7.095914363861084,-2.141582727432251
p408,process,,21,21,12,pre,odor,True,1.2890138626098633,4.176001071929932,-0.9893463253974915
p408,process,,22,22,22,pre,odor,True,-0.27082520723342896,3.0188279151916504,-2.5826940536499023
p408,process,,23,23,4,pre,odor,True,-0.7952471375465393,2.0616793632507324,-2.695483922958374
p408,process,,24,24,0,pre,odor,True,-0.4488118886947632,3.596433401107788,-4.525360107421875
p408,process,,25,25,3,pre,odor,True,-0.7791392803192139,3.0360422134399414,-3.057859420776367
p408,process,,26,26,40,pre,odor,True,-0.7971628904342651,3.6841795444488525,-4.265042781829834
p408,process,,27,27,10,pre,odor,True,0.5407665967941284,2.8604841232299805,-2.507113456726074
p408,process,,28,28,21,pre,odor,True,-1.241342306137085,2.591973304748535,-4.165833473205566
p408,process,,29,29,18,pre,odor,True,0.14111755788326263,2.423877477645874,-2.103161096572876
p408,process,,30,30,18,pre,odor,True,-1.0310540199279785,1.0484559535980225,-2.875553607940674
p408,process,,31,31,0,pre,odor,True,-0.3063488304615021,3.072835683822632,-3.3787624835968018
p408,process,,32,32,12,post,odor,True,-0.013403847813606262,0.9354279637336731,-1.019728422164917
p408,process,,33,33,18,post,odor,True,-0.05071701109409332,2.10722017288208,-1.072977066040039
p408,process,,34,34,40,post,odor,True,-0.26734429597854614,1.0115355253219604,-1.290204644203186
p408,process,,35,35,32,post,odor,True,0.13815322518348694,1.8091374635696411,-0.7498422861099243
p408,process,,36,36,31,post,odor,True,0.16392847895622253,2.1666312217712402,-0.7690940499305725
p408,process,,37,37,0,post,odor,True,0.36247381567955017,2.0575692653656006,-0.43178650736808777
p408,process,,38,38,4,post,odor,True,0.1533588469028473,2.6338963508605957,-1.047645926475525
p408,process,,39,39,2,post,odor,True,0.12709012627601624,1.8199691772460938,-1.120627999305725
p408,process,,40,40,3,post,odor,True,0.18868638575077057,1.9636820554733276,-1.0859065055847168
p408,process,,41,41,21,post,odor,True,0.1372634619474411,1.6524958610534668,-0.9812178611755371
p408,process,,42,42,31,post,odor,True,0.3499293625354767,1.9396824836730957,-0.8136168718338013
p408,process,,43,43,2,post,odor,True,0.1061411052942276,1.1138278245925903,-0.7708645462989807
p408,process,,44,44,32,post,odor,True,0.18838723003864288,1.7749347686767578,-0.8207821846008301
p408,process,,45,45,40,post,odor,True,-0.027057087048888206,1.089221715927124,-1.275619387626648
p408,process,,46,46,1,post,odor,True,0.3598099648952484,2.924645185470581,-0.9789461493492126
p408,process,,47,47,0,post,odor,True,-0.05868341028690338,1.4496351480484009,-1.1069285869598389
p408,process,,48,48,22,post,odor,True,0.4451305568218231,2.052722454071045,-0.49843907356262207
p408,process,,49,49,10,post,odor,True,0.11793673783540726,1.6213929653167725,-1.2268587350845337
p408,process,,50,50,1,post,odor,True,-0.24310140311717987,0.9964829683303833,-1.0194100141525269
p408,process,,51,51,30,post,odor,True,0.1267974078655243,1.8793970346450806,-1.3092066049575806
p408,process,,52,52,12,post,odor,True,-0.05537228658795357,1.1223044395446777,-0.8179988861083984
p408,process,,53,53,3,post,odor,True,0.1696479320526123,1.4055544137954712,-0.69351726770401
p408,process,,54,54,21,post,odor,True,-0.03177506849169731,1.6910662651062012,-1.510517954826355
p408,process,,55,55,22,post,odor,True,0.3567548990249634,2.1269567012786865,-0.7284765243530273
p408,process,,56,56,18,post,odor,True,0.19751717150211334,2.220306396484375,-0.9730623960494995
p408,process,,57,57,30,post,odor,True,0.4524511992931366,1.8036367893218994,-0.6598973870277405
p408,process,,58,58,17,post,odor,True,0.338701456785202,1.9876984357833862,-0.8692365288734436
p408,process,,59,59,39,post,odor,True,-0.17366041243076324,1.0418447256088257,-1.4440815448760986
p408,process,,60,60,39,post,odor,True,-0.0866440162062645,1.1558061838150024,-1.6019126176834106
p408,process,,61,61,17,post,odor,True,0.059456486254930496,1.2311840057373047,-1.0799438953399658
p408,process,,62,62,4,post,odor,True,0.049327537417411804,1.3792150020599365,-1.0437541007995605
p427,process,,0,0,39,pre,odor,True,-1.2561085224151611,1.474184274673462,-3.468348741531372
p427,process,,1,1,17,pre,odor,True,-1.8503787517547607,1.0984399318695068,-3.8434879779815674
p427,process,,2,2,32,pre,odor,True,1.0299878120422363,4.965897083282471,-1.6900718212127686
p427,process,,3,3,32,pre,odor,True,-1.7279471158981323,1.0550613403320312,-4.244703769683838
p427,process,,4,4,30,pre,odor,True,1.9522830247879028,9.44820499420166,-3.0757315158843994
p427,process,,5,5,40,pre,odor,True,-0.030866218730807304,4.1172194480896,-3.034179925918579
p427,process,,6,6,3,pre,odor,True,2.287846326828003,7.668707370758057,-1.4711374044418335
p427,process,,7,7,2,pre,odor,True,1.0854870080947876,6.393263816833496,-1.943359375
p427,process,,8,8,1,pre,odor,True,-0.2919670343399048,4.1670989990234375,-3.153989553451538
p427,process,,9,9,4,pre,odor,True,2.8125269412994385,10.245583534240723,-2.1597800254821777
p427,process,,10,10,31,pre,odor,True,-2.2964673042297363,1.3460818529129028,-3.834578275680542
p427,process,,11,11,21,pre,odor,True,0.21623942255973816,3.0399928092956543,-2.2938644886016846
p427,process,,12,12,2,pre,odor,True,0.1789601594209671,3.104158639907837,-2.7706305980682373
p427,process,,13,13,39,pre,odor,True,-0.5084068775177002,1.705071210861206,-2.668280601501465
p427,process,,14,14,1,pre,odor,True,-0.44301289319992065,3.101726770401001,-2.7461953163146973
p427,process,,15,15,12,pre,odor,True,0.7787048816680908,5.109034061431885,-2.857590436935425
p427,process,,16,16,22,pre,odor,True,1.048048734664917,4.767744064331055,-2.725822925567627
p427,process,,17,17,10,pre,odor,True,1.70731520652771,6.389780044555664,-1.4210048913955688
p427,process,,18,18,17,pre,odor,True,0.3764726221561432,3.659522771835327,-1.8898507356643677
p427,process,,19,19,31,pre,odor,True,0.6136299967765808,4.083695888519287,-2.208390951156616
p427,process,,20,20,30,pre,odor,True,-0.8927068710327148,1.618938684463501,-3.5677731037139893
p427,process,,21,21,12,pre,odor,True,-0.4928372800350189,2.478212356567383,-2.6578598022460938
p427,process,,22,22,22,pre,odor,True,0.16569216549396515,2.2829091548919678,-2.0489461421966553
p427,process,,23,23,4,pre,odor,True,0.9299697279930115,3.5556795597076416,-1.6383610963821411
p427,process,,24,24,0,pre,odor,True,1.9099280834197998,6.511467933654785,-1.1804780960083008
p427,process,,25,25,3,pre,odor,True,1.9799096584320068,7.4216203689575195,-0.880391001701355
p427,process,,26,26,40,pre,odor,True,0.3013790249824524,2.991225004196167,-2.25039005279541
p427,process,,27,27,10,pre,odor,True,0.9184210300445557,4.8890485763549805,-1.0897173881530762
p427,process,,28,28,21,pre,odor,True,-0.1477794349193573,3.0304322242736816,-1.9669663906097412
p427,process,,29,29,18,pre,odor,True,-0.0718623697757721,3.408242702484131,-2.5415778160095215
p427,process,,30,30,18,pre,odor,True,0.681769609451294,3.266841173171997,-1.6515772342681885
p427,process,,31,31,0,pre,odor,True,0.22602151334285736,4.587350845336914,-1.2353280782699585
p427,process,,32,32,12,post,odor,True,0.2827547788619995,1.7611846923828125,-0.936769962310791
p427,process,,33,33,18,post,odor,True,-0.03637554496526718,1.092511773109436,-0.8585087656974792
p427,process,,34,34,40,post,odor,True,-0.013120866380631924,0.8586516380310059,-0.8344290852546692
p427,process,,35,35,32,post,odor,True,-0.1825728416442871,0.8300813436508179,-0.8974887728691101
p427,process,,36,36,31,post,odor,True,0.1022648811340332,1.2475612163543701,-0.9303353428840637
p427,process,,37,37,0,post,odor,True,-0.04464385285973549,0.9738829731941223,-1.0717910528182983
p427,process,,38,38,4,post,odor,True,-0.05143902450799942,1.13869047164917,-0.7446134090423584
p427,process,,39,39,2,post,odor,True,-0.07895738631486893,0.955578625202179,-1.129660964012146
p427,process,,40,40,3,post,odor,True,0.09588421136140823,0.9007889032363892,-0.5638154149055481
p427,process,,41,41,21,post,odor,True,-0.0380062460899353,1.33128821849823,-0.6522430181503296
p427,process,,42,42,31,post,odor,True,0.16068731248378754,1.5784410238265991,-0.8913857936859131
p427,process,,43,43,2,post,odor,True,0.1014251559972763,1.353324055671692,-0.8471480011940002
p427,process,,44,44,32,post,odor,True,0.03234502673149109,1.1852864027023315,-0.8524528741836548
p427,process,,45,45,40,post,odor,True,-0.05362643301486969,0.8390050530433655,-0.7484450340270996
p427,process,,46,46,1,post,odor,True,0.17152130603790283,1.7117555141448975,-0.8220843076705933
p427,process,,47,47,0,post,odor,True,0.19417157769203186,1.5204179286956787,-1.0602363348007202
p427,process,,48,48,22,post,odor,True,-0.24400727450847626,0.7614517211914062,-1.1358336210250854
p427,process,,49,49,10,post,odor,True,0.09003627300262451,0.9779434204101562,-0.9944972991943359
p427,process,,50,50,1,post,odor,True,0.03251119703054428,2.091458797454834,-0.8658137917518616
p427,process,,51,51,30,post,odor,True,0.07014712691307068,1.2825727462768555,-1.1289939880371094
p427,process,,52,52,12,post,odor,True,-0.03273618221282959,0.699638843536377,-1.0303276777267456
p427,process,,53,53,3,post,odor,True,-0.0851643905043602,1.2045385837554932,-0.9658874869346619
p427,process,,54,54,21,post,odor,True,0.22155465185642242,2.0512285232543945,-0.8441818356513977
p427,process,,55,55,22,post,odor,True,-0.00021696557814721018,1.690380573272705,-1.1014785766601562
p427,process,,56,56,18,post,odor,True,0.21561986207962036,1.2771692276000977,-0.6362342238426208
p427,process,,57,57,30,post,odor,True,0.20180027186870575,2.5572214126586914,-0.9832990169525146
p427,process,,58,58,17,post,odor,True,0.24165454506874084,2.370044231414795,-1.126733422279358
p427,process,,59,59,39,post,odor,True,0.10367236286401749,1.7652621269226074,-1.057448387145996
p427,process,,60,60,39,post,odor,True,0.13026916980743408,1.5899795293807983,-1.1400567293167114
p427,process,,61,61,17,post,odor,True,-0.08171164244413376,1.2066411972045898,-0.9856085181236267
p427,process,,62,62,4,post,odor,True,0.08906395733356476,1.3210185766220093,-1.2105616331100464
p446,process,,0,0,39,pre,odor,True,-1.0528829097747803,4.262126922607422,-3.848057746887207
p446,process,,1,1,17,pre,odor,True,-0.9502360820770264,2.268845558166504,-3.4186201095581055
p446,process,,2,2,32,pre,odor,True,1.0558505058288574,4.469586372375488,-2.252243995666504
p446,process,,3,3,32,pre,odor,True,0.09366542845964432,3.294630527496338,-2.24704647064209
p446,process,,4,4,30,pre,odor,True,-0.34667056798934937,1.7612088918685913,-2.8000357151031494
p446,process,,5,5,40,pre,odor,True,-0.424459308385849,2.527651786804199,-2.607816457748413
p446,process,,6,6,3,pre,odor,True,0.9933689832687378,4.495543479919434,-1.483428955078125
p446,process,,7,7,2,pre,odor,True,0.9965426325798035,3.6519112586975098,-1.6763074398040771
p446,process,,8,8,1,pre,odor,True,0.3556312322616577,4.624266624450684,-2.064347982406616
p446,process,,9,9,4,pre,odor,True,1.356290578842163,4.366924285888672,-2.230914354324341
p446,process,,10,10,31,pre,odor,True,0.6504170298576355,4.600260257720947,-1.908124566078186
p446,process,,11,11,21,pre,odor,True,-0.18198902904987335,1.7794301509857178,-3.8352882862091064
p446,process,,12,12,2,pre,odor,True,-0.32590457797050476,1.9293121099472046,-3.4482107162475586
p446,process,,13,13,39,pre,odor,True,-0.19951128959655762,2.44258189201355,-2.350720167160034
p446,process,,14,14,1,pre,odor,True,0.24657265841960907,3.595557689666748,-2.0245814323425293
p446,process,,15,15,12,pre,odor,True,1.7751740217208862,6.1142778396606445,-2.5908589363098145
p446,process,,16,16,22,pre,odor,True,1.4403321743011475,5.729401111602783,-1.9638152122497559
p446,process,,17,17,10,pre,odor,True,2.503697395324707,5.714776039123535,-1.1599502563476562
p446,process,,18,18,17,pre,odor,True,1.2726035118103027,5.213184356689453,-2.396718978881836
p446,process,,19,19,31,pre,odor,True,0.7430282235145569,3.1444873809814453,-1.7045857906341553
p446,process,,20,20,30,pre,odor,True,0.17784039676189423,2.4792304039001465,-2.128952980041504
p446,process,,21,21,12,pre,odor,True,-0.49634936451911926,1.4410480260849,-3.451205015182495
p446,process,,22,22,22,pre,odor,True,0.03212560713291168,2.6737735271453857,-2.46039080619812
p446,process,,23,23,4,pre,odor,True,-0.7634602189064026,2.0973453521728516,-3.0352375507354736
p446,process,,24,24,0,pre,odor,True,-1.1649724245071411,3.0744576454162598,-4.66514778137207
p446,process,,25,25,3,pre,odor,True,-1.092242956161499,1.6592071056365967,-3.0961523056030273
p446,process,,26,26,40,pre,odor,True,0.023432984948158264,3.2653064727783203,-3.1819331645965576
p446,process,,27,27,10,pre,odor,True,0.5849496126174927,3.798499822616577,-2.1525909900665283
p446,process,,28,28,21,pre,odor,True,-0.07613815367221832,3.8788390159606934,-3.8525047302246094
p446,process,,29,29,18,pre,odor,True,0.18492990732192993,2.1057207584381104,-1.5007447004318237
p446,process,,30,30,18,pre,odor,True,-0.7228353023529053,0.9679931998252869,-1.8451048135757446
p446,process,,31,31,0,pre,odor,True,0.1555793583393097,3.6029186248779297,-2.8102991580963135
p446,process,,32,32,12,post,odor,True,0.07970157265663147,1.435519814491272,-0.9423659443855286
p446,process,,33,33,18,post,odor,True,0.30644890666007996,1.6640568971633911,-0.7059563398361206
p446,process,,34,34,40,post,odor,True,0.16972953081130981,0.9239373207092285,-0.5782819390296936
p446,process,,35,35,32,post,odor,True,0.20844021439552307,1.17625093460083,-0.5597779154777527
p446,process,,36,36,31,post,odor,True,0.17559905350208282,1.1959340572357178,-0.5742011070251465
p446,process,,37,37,0,post,odor,True,-0.15922506153583527,0.8967750072479248,-1.0028904676437378
p446,process,,38,38,4,post,odor,True,-0.035471316426992416,1.3460707664489746,-0.9005647897720337
p446,process,,39,39,2,post,odor,True,-0.13070489466190338,0.9700971841812134,-0.8372608423233032
p446,process,,40,40,3,post,odor,True,0.10364073514938354,1.9273782968521118,-0.6767256259918213
p446,process,,41,41,21,post,odor,True,0.06332577764987946,1.4297760725021362,-1.002286434173584
p446,process,,42,42,31,post,odor,True,-0.07174450904130936,1.0725641250610352,-1.0716407299041748
p446,process,,43,43,2,post,odor,True,-0.01973869279026985,1.0635159015655518,-0.8945814967155457
p446,process,,44,44,32,post,odor,True,-0.02395111508667469,1.2287660837173462,-0.7107858657836914
p446,process,,45,45,40,post,odor,True,-0.07388131320476532,0.5773436427116394,-0.9880891442298889
p446,process,,46,46,1,post,odor,True,0.19449269771575928,1.2814745903015137,-0.7494798898696899
p446,process,,47,47,0,post,odor,True,-0.0008560424903407693,1.060936450958252,-1.0458297729492188
p446,process,,48,48,22,post,odor,True,-0.03523370623588562,1.4163410663604736,-0.9554423689842224
p446,process,,49,49,10,post,odor,True,-0.03538791090250015,1.4074153900146484,-0.9715645909309387
p446,process,,50,50,1,post,odor,True,0.1472015529870987,1.1651878356933594,-0.787627100944519
p446,process,,51,51,30,post,odor,True,0.03576868027448654,1.3340200185775757,-1.0743533372879028
p446,process,,52,52,12,post,odor,True,0.06747172772884369,1.7647643089294434,-0.7979292869567871
p446,process,,53,53,3,post,odor,True,0.0890381708741188,1.4709632396697998,-0.8820796608924866
p446,process,,54,54,21,post,odor,True,0.19974444806575775,1.102009654045105,-0.8018349409103394
p446,process,,55,55,22,post,odor,True,0.01686127297580242,1.3523446321487427,-1.000874400138855
p446,process,,56,56,18,post,odor,True,-0.02198072336614132,1.945616602897644,-1.0047574043273926
p446,process,,57,57,30,post,odor,True,0.16901320219039917,1.7247297763824463,-0.5991035103797913
p446,process,,58,58,17,post,odor,True,-0.09454631805419922,0.731738269329071,-1.1894378662109375
p446,process,,59,59,39,post,odor,True,0.054750531911849976,1.120689868927002,-1.2866058349609375
p446,process,,60,60,39,post,odor,True,-0.17691011726856232,1.0208430290222168,-1.0795336961746216
p446,process,,61,61,17,post,odor,True,0.04062388092279434,1.0775856971740723,-0.9826799035072327
p446,process,,62,62,4,post,odor,True,-0.0701613649725914,1.0743683576583862,-0.9293416738510132
p465,process,,0,0,39,pre,odor,True,2.257012128829956,8.31651496887207,-3.5344080924987793
p465,process,,1,1,17,pre,odor,True,0.3239181935787201,4.209517955780029,-3.1452155113220215
p465,process,,2,2,32,pre,odor,True,5.839843273162842,14.135197639465332,-1.2857242822647095
p465,process,,3,3,32,pre,odor,True,5.85210657119751,11.426347732543945,-2.479336738586426
p465,process,,4,4,30,pre,odor,True,5.626630783081055,11.849287033081055,0.7310211658477783
p465,process,,5,5,40,pre,odor,True,2.186530113220215,11.301719665527344,-2.068948745727539
p465,process,,6,6,3,pre,odor,True,4.377575874328613,10.309213638305664,0.35402247309684753
p465,process,,7,7,2,pre,odor,True,3.352365016937256,10.023734092712402,-0.9067689180374146
p465,process,,8,8,1,pre,odor,True,2.1794612407684326,8.063610076904297,-1.9353057146072388
p465,process,,9,9,4,pre,odor,True,3.246175527572632,6.693772315979004,-1.2653976678848267
p465,process,,10,10,31,pre,odor,True,2.903463840484619,8.579193115234375,-1.2448196411132812
p465,process,,11,11,21,pre,odor,True,3.4779508113861084,7.804780006408691,-1.1535606384277344
p465,process,,12,12,2,pre,odor,True,1.4277186393737793,5.8592658042907715,-2.0093605518341064
p465,process,,13,13,39,pre,odor,True,1.2987364530563354,5.5075459480285645,-1.8715671300888062
p465,process,,14,14,1,pre,odor,True,2.122434377670288,5.648466110229492,-0.9076216220855713
p465,process,,15,15,12,pre,odor,True,1.8405851125717163,5.583165645599365,-0.26701870560646057
p465,process,,16,16,22,pre,odor,True,2.7690510749816895,7.865067005157471,-0.5596643686294556
p465,process,,17,17,10,pre,odor,True,2.027000904083252,6.802117347717285,-1.1966370344161987
p465,process,,18,18,17,pre,odor,True,-0.21818317472934723,2.1766438484191895,-2.6951375007629395
p465,process,,19,19,31,pre,odor,True,1.8772817850112915,5.858633041381836,-0.9001088738441467
p465,process,,20,20,30,pre,odor,True,1.3281558752059937,4.661069869995117,-1.299655556678772
p465,process,,21,21,12,pre,odor,True,0.5595757365226746,5.357184410095215,-1.7735344171524048
p465,process,,22,22,22,pre,odor,True,1.090319037437439,3.855865478515625,-1.2731441259384155
p465,process,,23,23,4,pre,odor,True,0.21622228622436523,3.2573888301849365,-1.9918301105499268
p465,process,,24,24,0,pre,odor,True,1.1164323091506958,5.154508590698242,-2.4563944339752197
p465,process,,25,25,3,pre,odor,True,1.9104779958724976,5.462136745452881,-2.563323736190796
p465,process,,26,26,40,pre,odor,True,0.41234177350997925,3.395324945449829,-2.9207708835601807
p465,process,,27,27,10,pre,odor,True,1.6565015316009521,6.543802261352539,-2.1781790256500244
p465,process,,28,28,21,pre,odor,True,4.784719944000244,9.911346435546875,-1.9342238903045654
p465,process,,29,29,18,pre,odor,True,0.07708504050970078,5.023011207580566,-2.3387560844421387
p465,process,,30,30,18,pre,odor,True,-0.04217897355556488,2.9063761234283447,-2.1280739307403564
p465,process,,31,31,0,pre,odor,True,0.8222180604934692,4.022563934326172,-1.6010379791259766
p465,process,,32,32,12,post,odor,True,0.30981147289276123,2.2878100872039795,-1.2185258865356445
p465,process,,33,33,18,post,odor,True,0.39485520124435425,3.008924961090088,-0.9038465619087219
p465,process,,34,34,40,post,odor,True,0.14383791387081146,2.1598949432373047,-1.0619615316390991
p465,process,,35,35,32,post,odor,True,0.03662056103348732,2.5286591053009033,-1.1848304271697998
p465,process,,36,36,31,post,odor,True,-0.2254144251346588,1.1311990022659302,-1.3405835628509521
p465,process,,37,37,0,post,odor,True,0.023604271933436394,1.406440258026123,-0.829595685005188
p465,process,,38,38,4,post,odor,True,0.3146633505821228,2.860067844390869,-0.9091823697090149
p465,process,,39,39,2,post,odor,True,0.0164018701761961,1.4153331518173218,-1.2637114524841309
p465,process,,40,40,3,post,odor,True,0.23489753901958466,1.7527743577957153,-0.7398191094398499
p465,process,,41,41,21,post,odor,True,2.1056554317474365,6.234841346740723,-0.9501827955245972
p465,process,,42,42,31,post,odor,True,0.19496597349643707,1.7894896268844604,-0.9481691122055054
p465,process,,43,43,2,post,odor,True,0.12132827937602997,2.1348514556884766,-0.9807774424552917
p465,process,,44,44,32,post,odor,True,0.16109591722488403,2.004126787185669,-0.9038426280021667
p465,process,,45,45,40,post,odor,True,-0.06891590356826782,1.5055952072143555,-1.06755793094635
p465,process,,46,46,1,post,odor,True,-0.04085945710539818,1.318950891494751,-1.0535683631896973
p465,process,,47,47,0,post,odor,True,0.025403667241334915,1.2659283876419067,-1.0811636447906494
p465,process,,48,48,22,post,odor,True,0.11238791793584824,2.6597836017608643,-1.017080545425415
p465,process,,49,49,10,post,odor,True,-0.0043261004611849785,1.5613327026367188,-0.9760358333587646
p465,process,,50,50,1,post,odor,True,-0.003448604606091976,1.4800612926483154,-0.8304303884506226
p465,process,,51,51,30,post,odor,True,0.39067763090133667,2.772221088409424,-0.8804095983505249
p465,process,,52,52,12,post,odor,True,0.07774609327316284,1.3811935186386108,-0.8567630052566528
p465,process,,53,53,3,post,odor,True,-0.08700161427259445,2.0159857273101807,-1.0645822286605835
p465,process,,54,54,21,post,odor,True,1.9285290241241455,6.7872490882873535,-0.6641912460327148
p465,process,,55,55,22,post,odor,True,-0.17048123478889465,2.918926239013672,-1.0731993913650513
p465,process,,56,56,18,post,odor,True,0.07942943274974823,2.8779211044311523,-0.9261319637298584
p465,process,,57,57,30,post,odor,True,0.18722762167453766,1.8140745162963867,-0.9545291662216187
p465,process,,58,58,17,post,odor,True,0.10154053568840027,1.9202580451965332,-0.848188042640686
p465,process,,59,59,39,post,odor,True,0.03494764119386673,1.9471842050552368,-0.9911130666732788
p465,process,,60,60,39,post,odor,True,-0.1621670424938202,1.4001011848449707,-1.4077855348587036
p465,process,,61,61,17,post,odor,True,0.03456110134720802,1.8546661138534546,-1.1137326955795288
p465,process,,62,62,4,post,odor,True,0.35503479838371277,2.001039981842041,-0.8266932368278503
p484,process,,0,0,39,pre,odor,True,-0.5210480093955994,1.573876142501831,-2.760183811187744
p484,process,,1,1,17,pre,odor,True,-0.7077627778053284,2.904608964920044,-3.1551437377929688
p484,process,,2,2,32,pre,odor,True,1.2256969213485718,4.116057872772217,-0.7604683637619019
p484,process,,3,3,32,pre,odor,True,0.981633186340332,3.327741861343384,-1.4540897607803345
p484,process,,4,4,30,pre,odor,True,0.5299472212791443,3.049355983734131,-2.1052258014678955
p484,process,,5,5,40,pre,odor,True,0.6247621178627014,3.76334285736084,-2.690586805343628
p484,process,,6,6,3,pre,odor,True,0.5861814022064209,4.937190055847168,-2.0593950748443604
p484,process,,7,7,2,pre,odor,True,1.391920804977417,6.127834796905518,-2.0096349716186523
p484,process,,8,8,1,pre,odor,True,0.36471128463745117,3.253708600997925,-1.9349333047866821
p484,process,,9,9,4,pre,odor,True,0.7626771330833435,4.071842193603516,-1.4714813232421875
p484,process,,10,10,31,pre,odor,True,0.9374567866325378,6.280235767364502,-2.150496244430542
p484,process,,11,11,21,pre,odor,True,-0.385309100151062,3.2137210369110107,-2.6007070541381836
p484,process,,12,12,2,pre,odor,True,0.6025708317756653,3.689289093017578,-2.911039352416992
p484,process,,13,13,39,pre,odor,True,0.3213256001472473,4.320606708526611,-1.6743742227554321
p484,process,,14,14,1,pre,odor,True,0.23585818707942963,2.9752373695373535,-2.6577205657958984
p484,process,,15,15,12,pre,odor,True,0.6298465132713318,4.811647415161133,-2.1429266929626465
p484,process,,16,16,22,pre,odor,True,0.9168428778648376,4.029176235198975,-1.997089147567749
p484,process,,17,17,10,pre,odor,True,2.1550726890563965,5.8463616371154785,-1.4045826196670532
p484,process,,18,18,17,pre,odor,True,0.3923848271369934,2.831793785095215,-2.098135232925415
p484,process,,19,19,31,pre,odor,True,0.1286386102437973,3.9959163665771484,-1.9932419061660767
p484,process,,20,20,30,pre,odor,True,0.018563752993941307,1.7559248208999634,-1.8126888275146484
p484,process,,21,21,12,pre,odor,True,0.01686212792992592,3.015169143676758,-1.995349645614624
p484,process,,22,22,22,pre,odor,True,0.1738821119070053,2.9785428047180176,-2.0211076736450195
p484,process,,23,23,4,pre,odor,True,-0.6830329298973083,2.3982200622558594,-2.302997589111328
p484,process,,24,24,0,pre,odor,True,-0.7992842197418213,2.368893623352051,-4.4494123458862305
p484,process,,25,25,3,pre,odor,True,-0.6067323088645935,2.5345535278320312,-3.989248037338257
p484,process,,26,26,40,pre,odor,True,0.3742118179798126,6.666200637817383,-3.383141279220581
p484,process,,27,27,10,pre,odor,True,1.1050517559051514,4.4572343826293945,-2.0933117866516113
p484,process,,28,28,21,pre,odor,True,-0.5951340794563293,3.507326602935791,-3.565483808517456
p484,process,,29,29,18,pre,odor,True,0.1312359720468521,2.550767421722412,-1.632145643234253
p484,process,,30,30,18,pre,odor,True,-0.6709144115447998,1.6241934299468994,-2.554849863052368
p484,process,,31,31,0,pre,odor,True,-0.5237154364585876,2.9556894302368164,-3.0804121494293213
p484,process,,32,32,12,post,odor,True,0.07410470396280289,1.447485089302063,-0.933979332447052
p484,process,,33,33,18,post,odor,True,0.29780614376068115,1.7090084552764893,-0.7697082161903381
p484,process,,34,34,40,post,odor,True,-0.005664764437824488,1.6119365692138672,-1.355423092842102
p484,process,,35,35,32,post,odor,True,0.04339677840471268,1.4987239837646484,-1.105532169342041
p484,process,,36,36,31,post,odor,True,-0.10581915080547333,1.509191870689392,-1.1868764162063599
p484,process,,37,37,0,post,odor,True,0.12720465660095215,1.6133956909179688,-1.1186394691467285
p484,process,,38,38,4,post,odor,True,-0.05407478287816048,1.172023892402649,-1.0491917133331299
p484,process,,39,39,2,post,odor,True,0.054812174290418625,1.9329190254211426,-1.1174700260162354
p484,process,,40,40,3,post,odor,True,-0.041787728667259216,1.5930373668670654,-1.228960633277893
p484,process,,41,41,21,post,odor,True,0.0485849566757679,1.5939475297927856,-1.4304245710372925
p484,process,,42,42,31,post,odor,True,-0.007075396366417408,1.9795849323272705,-1.334244728088379
p484,process,,43,43,2,post,odor,True,-0.15072399377822876,1.5830425024032593,-1.1945184469223022
p484,process,,44,44,32,post,odor,True,0.03793812170624733,2.059767484664917,-1.160910725593567
p484,process,,45,45,40,post,odor,True,0.2343854010105133,1.262410044670105,-1.1811167001724243
p484,process,,46,46,1,post,odor,True,0.278239905834198,2.0414071083068848,-0.9618499875068665
p484,process,,47,47,0,post,odor,True,-0.23641850054264069,1.2948644161224365,-1.575648546218872
p484,process,,48,48,22,post,odor,True,-0.16962771117687225,1.3534882068634033,-1.3541762828826904
p484,process,,49,49,10,post,odor,True,-0.003709770506247878,1.7028083801269531,-1.0615934133529663
p484,process,,50,50,1,post,odor,True,-0.1345292627811432,1.7362682819366455,-1.3837451934814453
p484,process,,51,51,30,post,odor,True,0.12074612081050873,1.9903135299682617,-1.223942518234253
p484,process,,52,52,12,post,odor,True,0.3479417562484741,1.337957501411438,-0.952446460723877
p484,process,,53,53,3,post,odor,True,-0.012887693010270596,0.8616533875465393,-1.0783989429473877
p484,process,,54,54,21,post,odor,True,-0.08498780429363251,2.2604422569274902,-1.2660901546478271
p484,process,,55,55,22,post,odor,True,0.025640370324254036,2.665198802947998,-1.4842661619186401
p484,process,,56,56,18,post,odor,True,0.13570354878902435,1.4286807775497437,-0.7422516942024231
p484,process,,57,57,30,post,odor,True,0.03384985402226448,1.813471794128418,-1.2905422449111938
p484,process,,58,58,17,post,odor,True,-0.0399046316742897,1.432032585144043,-1.2823655605316162
p484,process,,59,59,39,post,odor,True,0.05115029215812683,1.938249945640564,-0.9915965795516968
p484,process,,60,60,39,post,odor,True,0.04037338122725487,1.2905223369598389,-1.156188726425171
p484,process,,61,61,17,post,odor,True,0.13514012098312378,1.452347993850708,-1.221307635307312
p484,process,,62,62,4,post,odor,True,0.03342285007238388,1.339306116104126,-1.3509505987167358
p503,process,,0,0,39,pre,odor,True,-0.11631312966346741,4.5885491371154785,-3.8297033309936523
p503,process,,1,1,17,pre,odor,True,-2.4531540870666504,1.7740514278411865,-5.47015905380249
p503,process,,2,2,32,pre,odor,True,3.74074125289917,8.233861923217773,0.18279848992824554
p503,process,,3,3,32,pre,odor,True,4.227560520172119,7.326657772064209,-1.4610248804092407
p503,process,,4,4,30,pre,odor,True,3.386054515838623,6.868330955505371,-0.33597689867019653
p503,process,,5,5,40,pre,odor,True,0.4149565100669861,3.7218868732452393,-2.5799548625946045
p503,process,,6,6,3,pre,odor,True,1.4707951545715332,3.6141741275787354,-1.6773602962493896
p503,process,,7,7,2,pre,odor,True,1.877020239830017,4.928655624389648,-0.8686792254447937
p503,process,,8,8,1,pre,odor,True,-0.050490304827690125,2.099297285079956,-2.1423354148864746
p503,process,,9,9,4,pre,odor,True,1.7909398078918457,4.814465045928955,-2.9154155254364014
p503,process,,10,10,31,pre,odor,True,3.178811550140381,8.23341178894043,-1.1989550590515137
p503,process,,11,11,21,pre,odor,True,-0.05983143672347069,3.048874855041504,-2.886708974838257
p503,process,,12,12,2,pre,odor,True,1.1709123849868774,3.71240496635437,-2.2148029804229736
p503,process,,13,13,39,pre,odor,True,0.317294716835022,2.9608798027038574,-2.1376471519470215
p503,process,,14,14,1,pre,odor,True,0.8173579573631287,3.166269540786743,-1.430868148803711
p503,process,,15,15,12,pre,odor,True,0.857398271560669,6.119915962219238,-2.3649637699127197
p503,process,,16,16,22,pre,odor,True,1.9101026058197021,5.766711235046387,-1.540825366973877
p503,process,,17,17,10,pre,odor,True,1.8836396932601929,4.754204750061035,-1.982934594154358
p503,process,,18,18,17,pre,odor,True,0.1533099263906479,2.422102689743042,-2.326977252960205
p503,process,,19,19,31,pre,odor,True,2.252743721008301,5.141841888427734,-1.2750425338745117
p503,process,,20,20,30,pre,odor,True,2.5851190090179443,7.225081920623779,-1.2322942018508911
p503,process,,21,21,12,pre,odor,True,0.12119656056165695,3.257668972015381,-1.857628583908081
p503,process,,22,22,22,pre,odor,True,0.8208798170089722,3.9302303791046143,-1.7634716033935547
p503,process,,23,23,4,pre,odor,True,-0.4176500737667084,2.584645986557007,-2.3130581378936768
p503,process,,24,24,0,pre,odor,True,-0.9893587827682495,3.691023349761963,-4.800721645355225
p503,process,,25,25,3,pre,odor,True,0.41237878799438477,3.777860641479492,-2.6328976154327393
p503,process,,26,26,40,pre,odor,True,0.04846259951591492,3.805380344390869,-3.1709046363830566
p503,process,,27,27,10,pre,odor,True,0.34202703833580017,4.984897136688232,-2.248838186264038
p503,process,,28,28,21,pre,odor,True,0.09102726727724075,5.4035491943359375,-2.5670526027679443
p503,process,,29,29,18,pre,odor,True,0.2930056154727936,3.5932180881500244,-1.9000906944274902
p503,process,,30,30,18,pre,odor,True,-1.0117751359939575,0.886553943157196,-2.5368170738220215
p503,process,,31,31,0,pre,odor,True,0.47552430629730225,4.8904242515563965,-2.1065096855163574
p503,process,,32,32,12,post,odor,True,-0.025142990052700043,1.4997034072875977,-1.0202317237854004
p503,process,,33,33,18,post,odor,True,-0.12869471311569214,1.6223886013031006,-1.0805233716964722
p503,process,,34,34,40,post,odor,True,0.09836002439260483,1.4919764995574951,-0.9855443239212036
p503,process,,35,35,32,post,odor,True,-0.06311970204114914,0.7162949442863464,-0.8056531548500061
p503,process,,36,36,31,post,odor,True,0.13299532234668732,1.4641830921173096,-0.9424821734428406
p503,process,,37,37,0,post,odor,True,-0.024511627852916718,1.4490013122558594,-0.8710066676139832
p503,process,,38,38,4,post,odor,True,0.1116037666797638,1.168006181716919,-0.8214054107666016
p503,process,,39,39,2,post,odor,True,0.1974007785320282,1.6060417890548706,-0.8495040535926819
p503,process,,40,40,3,post,odor,True,0.25269395112991333,1.3149913549423218,-0.577767550945282
p503,process,,41,41,21,post,odor,True,0.1242491602897644,1.1394015550613403,-0.8435536026954651
p503,process,,42,42,31,post,odor,True,0.05874812975525856,2.166964530944824,-1.1534478664398193
p503,process,,43,43,2,post,odor,True,0.06327967345714569,1.4071357250213623,-0.7563443779945374
p503,process,,44,44,32,post,odor,True,0.11355257034301758,1.5665431022644043,-1.010888934135437
p503,process,,45,45,40,post,odor,True,0.05958794057369232,1.5174840688705444,-1.160452127456665
p503,process,,46,46,1,post,odor,True,-0.08114496618509293,1.01590895652771,-1.1147469282150269
p503,process,,47,47,0,post,odor,True,0.05531112104654312,1.382868766784668,-1.1366921663284302
p503,process,,48,48,22,post,odor,True,0.01829925738275051,1.0160377025604248,-0.8568985462188721
p503,process,,49,49,10,post,odor,True,-0.10664689540863037,1.0182963609695435,-1.055280327796936
p503,process,,50,50,1,post,odor,True,-0.10908269137144089,1.8974428176879883,-1.2604888677597046
p503,process,,51,51,30,post,odor,True,0.11686475574970245,1.6975477933883667,-0.8501754403114319
p503,process,,52,52,12,post,odor,True,0.17816834151744843,1.9592818021774292,-0.9574455618858337
p503,process,,53,53,3,post,odor,True,-0.043660812079906464,1.1749194860458374,-0.9039229154586792
p503,process,,54,54,21,post,odor,True,0.1664089858531952,1.9695974588394165,-0.9995131492614746
p503,process,,55,55,22,post,odor,True,0.12680573761463165,1.3705792427062988,-1.030465006828308
p503,process,,56,56,18,post,odor,True,-0.019711898639798164,1.4386298656463623,-0.9281895756721497
p503,process,,57,57,30,post,odor,True,0.02652767486870289,1.6103687286376953,-1.030523657798767
p503,process,,58,58,17,post,odor,True,0.06806960701942444,1.5776779651641846,-1.0913870334625244
p503,process,,59,59,39,post,odor,True,-0.12082942575216293,1.5460878610610962,-1.1907756328582764
p503,process,,60,60,39,post,odor,True,0.2298254370689392,1.5361618995666504,-1.05531907081604
p503,process,,61,61,17,post,odor,True,0.11481764912605286,1.824338674545288,-1.131099820137024
p503,process,,62,62,4,post,odor,True,-0.07486279308795929,1.5060920715332031,-1.006446123123169
p522,process,,0,0,39,pre,odor,True,0.23256176710128784,4.798163414001465,-3.04083514213562
p522,process,,1,1,17,pre,odor,True,-1.842231035232544,2.725205421447754,-4.1230387687683105
p522,process,,2,2,32,pre,odor,True,2.835724115371704,7.183348655700684,-1.3344069719314575
p522,process,,3,3,32,pre,odor,True,2.6143431663513184,7.3512678146362305,-1.4869240522384644
p522,process,,4,4,30,pre,odor,True,2.6598198413848877,5.978512287139893,-0.8886258006095886
p522,process,,5,5,40,pre,odor,True,0.6096856594085693,4.877117156982422,-2.3892574310302734
p522,process,,6,6,3,pre,odor,True,1.9256751537322998,5.302916526794434,-1.4595603942871094
p522,process,,7,7,2,pre,odor,True,2.145289897918701,8.15390682220459,-0.8735441565513611
p522,process,,8,8,1,pre,odor,True,0.1458895057439804,3.7675013542175293,-2.7967770099639893
p522,process,,9,9,4,pre,odor,True,1.9565733671188354,5.076710224151611,-1.9067744016647339
p522,process,,10,10,31,pre,odor,True,2.012951374053955,6.156991004943848,-1.8162000179290771
p522,process,,11,11,21,pre,odor,True,0.5579959750175476,4.973850250244141,-1.9088441133499146
p522,process,,12,12,2,pre,odor,True,0.9193061590194702,4.168919563293457,-1.514163613319397
p522,process,,13,13,39,pre,odor,True,0.27572202682495117,3.232370138168335,-2.423412799835205
p522,process,,14,14,1,pre,odor,True,-0.033316273242235184,3.835523843765259,-2.7830569744110107
p522,process,,15,15,12,pre,odor,True,0.49348145723342896,4.335575103759766,-2.237847089767456
p522,process,,16,16,22,pre,odor,True,1.5974903106689453,6.606128692626953,-1.5669244527816772
p522,process,,17,17,10,pre,odor,True,1.8802472352981567,6.655525207519531,-1.4383481740951538
p522,process,,18,18,17,pre,odor,True,0.6051416397094727,3.5882556438446045,-1.8485840559005737
p522,process,,19,19,31,pre,odor,True,2.1232118606567383,6.474854946136475,-0.3872133493423462
p522,process,,20,20,30,pre,odor,True,1.4671512842178345,4.3863677978515625,-1.5077927112579346
p522,process,,21,21,12,pre,odor,True,0.16308146715164185,2.959012031555176,-2.1463892459869385
p522,process,,22,22,22,pre,odor,True,0.5157704949378967,4.0771002769470215,-1.9718284606933594
p522,process,,23,23,4,pre,odor,True,-0.7549453377723694,2.5260162353515625,-2.848123073577881
p522,process,,24,24,0,pre,odor,True,-0.7315470576286316,2.0358290672302246,-3.2698073387145996
p522,process,,25,25,3,pre,odor,True,0.09470909088850021,5.2255377769470215,-3.543574810028076
p522,process,,26,26,40,pre,odor,True,-0.17506751418113708,4.854559421539307,-3.418020486831665
p522,process,,27,27,10,pre,odor,True,0.2956623136997223,5.2682390213012695,-2.8567163944244385
p522,process,,28,28,21,pre,odor,True,0.8215374946594238,5.962596893310547,-3.0881330966949463
p522,process,,29,29,18,pre,odor,True,0.2657310664653778,3.0258405208587646,-1.4491578340530396
p522,process,,30,30,18,pre,odor,True,-1.2917147874832153,0.6619367003440857,-2.734443187713623
p522,process,,31,31,0,pre,odor,True,0.10992217063903809,4.300531387329102,-2.962959051132202
p522,process,,32,32,12,post,odor,True,0.10778041929006577,1.5183159112930298,-1.0447311401367188
p522,process,,33,33,18,post,odor,True,0.18358071148395538,2.4570391178131104,-0.873546302318573
p522,process,,34,34,40,post,odor,True,0.16420307755470276,3.0612568855285645,-0.7085489630699158
p522,process,,35,35,32,post,odor,True,-0.2528687119483948,1.1695623397827148,-1.1418040990829468
p522,process,,36,36,31,post,odor,True,0.1659967452287674,2.2891242504119873,-0.8500937223434448
p522,process,,37,37,0,post,odor,True,0.10219203680753708,2.0054593086242676,-0.9453685879707336
p522,process,,38,38,4,post,odor,True,0.07090429961681366,2.465061664581299,-0.8788449764251709
p522,process,,39,39,2,post,odor,True,0.05416099354624748,1.190551519393921,-0.652060866355896
p522,process,,40,40,3,post,odor,True,0.08672162890434265,1.3310480117797852,-0.7753549218177795
p522,process,,41,41,21,post,odor,True,0.3106987476348877,2.47041392326355,-0.7196070551872253
p522,process,,42,42,31,post,odor,True,-0.005506047047674656,1.9042892456054688,-0.8439226746559143
p522,process,,43,43,2,post,odor,True,0.08532121777534485,1.9144760370254517,-0.9774948954582214
p522,process,,44,44,32,post,odor,True,-0.08936434984207153,0.8893261551856995,-0.7883303165435791
p522,process,,45,45,40,post,odor,True,0.17474140226840973,1.5497463941574097,-0.8237900733947754
p522,process,,46,46,1,post,odor,True,-0.07531595975160599,1.2100359201431274,-0.9293382167816162
p522,process,,47,47,0,post,odor,True,-0.050626836717128754,1.028611183166504,-1.0775470733642578
p522,process,,48,48,22,post,odor,True,0.03139693662524223,1.0360617637634277,-0.8359814286231995
p522,process,,49,49,10,post,odor,True,0.1316155195236206,1.2570371627807617,-0.7620159983634949
p522,process,,50,50,1,post,odor,True,-0.011404143646359444,1.7741494178771973,-0.9442048072814941
p522,process,,51,51,30,post,odor,True,0.18256545066833496,2.0087783336639404,-0.7989495396614075
p522,process,,52,52,12,post,odor,True,0.10963556170463562,1.6347452402114868,-0.6907026767730713
p522,process,,53,53,3,post,odor,True,0.07425009459257126,1.239111304283142,-0.7267180681228638
p522,process,,54,54,21,post,odor,True,-0.09446219354867935,1.1632351875305176,-0.9468408823013306
p522,process,,55,55,22,post,odor,True,-0.021550416946411133,1.0097955465316772,-0.730856716632843
p522,process,,56,56,18,post,odor,True,0.09035343676805496,1.2475297451019287,-0.5605133771896362
p522,process,,57,57,30,post,odor,True,0.07736688107252121,1.3476547002792358,-0.6443659663200378
p522,process,,58,58,17,post,odor,True,0.23059232532978058,1.3308807611465454,-0.7237529158592224
p522,process,,59,59,39,post,odor,True,-0.040708426386117935,1.2442978620529175,-0.7917260527610779
p522,process,,60,60,39,post,odor,True,0.030542198568582535,1.084750771522522,-0.7379958033561707
p522,process,,61,61,17,post,odor,True,0.13524843752384186,1.376579761505127,-0.7586393356323242
p522,process,,62,62,4,post,odor,True,-0.049242518842220306,1.5030722618103027,-0.737336277961731
p541,process,,0,0,39,pre,odor,True,-0.5494083166122437,2.0771472454071045,-2.662886381149292
p541,process,,1,1,17,pre,odor,True,-0.7372993230819702,2.2550809383392334,-2.6622860431671143
p541,process,,2,2,32,pre,odor,True,1.315793752670288,3.241159677505493,-0.7010568380355835
p541,process,,3,3,32,pre,odor,True,0.13452674448490143,2.3704466819763184,-1.703989863395691
p541,process,,4,4,30,pre,odor,True,0.5176354050636292,3.104066848754883,-1.9256497621536255
p541,process,,5,5,40,pre,odor,True,0.6915183663368225,4.976158142089844,-2.318265438079834
p541,process,,6,6,3,pre,odor,True,0.8486365079879761,4.139226913452148,-1.170498251914978
p541,process,,7,7,2,pre,odor,True,1.2725285291671753,5.300431251525879,-1.4777686595916748
p541,process,,8,8,1,pre,odor,True,-0.5585686564445496,4.128300666809082,-3.8371920585632324
p541,process,,9,9,4,pre,odor,True,1.663722276687622,4.731227874755859,-1.096200704574585
p541,process,,10,10,31,pre,odor,True,0.02243822067975998,2.375389814376831,-2.271899938583374
p541,process,,11,11,21,pre,odor,True,0.15890036523342133,2.381040334701538,-2.0206236839294434
p541,process,,12,12,2,pre,odor,True,0.4814921021461487,2.9261767864227295,-2.5426902770996094
p541,process,,13,13,39,pre,odor,True,-0.06671807169914246,2.1418464183807373,-2.5605437755584717
p541,process,,14,14,1,pre,odor,True,0.10598281770944595,2.8557047843933105,-1.7125308513641357
p541,process,,15,15,12,pre,odor,True,1.7882649898529053,5.663880348205566,-0.4742969274520874
p541,process,,16,16,22,pre,odor,True,1.0181406736373901,5.159444808959961,-1.966550350189209
p541,process,,17,17,10,pre,odor,True,1.4147179126739502,6.025569438934326,-2.267500638961792
p541,process,,18,18,17,pre,odor,True,0.6472853422164917,2.9814443588256836,-1.5524336099624634
p541,process,,19,19,31,pre,odor,True,0.11463279277086258,2.449187755584717,-2.184053897857666
p541,process,,20,20,30,pre,odor,True,0.2491702288389206,2.970824956893921,-1.4881035089492798
p541,process,,21,21,12,pre,odor,True,-0.27284523844718933,1.6608320474624634,-2.533952474594116
p541,process,,22,22,22,pre,odor,True,-1.044873595237732,0.9782570004463196,-3.100017786026001
p541,process,,23,23,4,pre,odor,True,-0.011176769621670246,2.8534486293792725,-1.8191213607788086
p541,process,,24,24,0,pre,odor,True,-0.6684190630912781,3.7501330375671387,-3.9475085735321045
p541,process,,25,25,3,pre,odor,True,-1.3174227476119995,2.0935299396514893,-3.989824056625366
p541,process,,26,26,40,pre,odor,True,-0.4265652000904083,2.5894479751586914,-2.8246755599975586
p541,process,,27,27,10,pre,odor,True,0.27108871936798096,2.9881093502044678,-2.7160820960998535
p541,process,,28,28,21,pre,odor,True,-0.28753983974456787,5.133769989013672,-2.9531567096710205
p541,process,,29,29,18,pre,odor,True,-0.6667808294296265,1.9656760692596436,-2.782442808151245
p541,process,,30,30,18,pre,odor,True,-0.6550225019454956,2.1021032333374023,-2.956714630126953
p541,process,,31,31,0,pre,odor,True,-0.15994557738304138,4.760787487030029,-3.5343997478485107
p541,process,,32,32,12,post,odor,True,-0.12468855828046799,1.8694579601287842,-1.5821629762649536
p541,process,,33,33,18,post,odor,True,0.14379866421222687,2.34171462059021,-1.305030107498169
p541,process,,34,34,40,post,odor,True,0.018624357879161835,3.2436509132385254,-1.626895785331726
p541,process,,35,35,32,post,odor,True,0.08377054333686829,2.0707106590270996,-1.4030461311340332
p541,process,,36,36,31,post,odor,True,-0.0032247568015009165,1.4761041402816772,-1.2266570329666138
p541,process,,37,37,0,post,odor,True,-0.049682535231113434,1.9343533515930176,-1.3147209882736206
p541,process,,38,38,4,post,odor,True,-0.08519548922777176,1.6563875675201416,-1.7806823253631592
p541,process,,39,39,2,post,odor,True,-0.2621445059776306,1.8070133924484253,-1.5881952047348022
p541,process,,40,40,3,post,odor,True,-0.2269936054944992,1.600337266921997,-1.8388495445251465
p541,process,,41,41,21,post,odor,True,0.07871057838201523,1.6379891633987427,-1.2255443334579468
p541,process,,42,42,31,post,odor,True,-0.05843842774629593,1.8013181686401367,-1.4023644924163818
p541,process,,43,43,2,post,odor,True,-0.024116717278957367,2.495678186416626,-1.7583450078964233
p541,process,,44,44,32,post,odor,True,-0.16463999450206757,1.2753489017486572,-1.7202045917510986
p541,process,,45,45,40,post,odor,True,0.06847130507230759,2.184727907180786,-1.7104973793029785
p541,process,,46,46,1,post,odor,True,-0.4063788056373596,1.0356230735778809,-1.8070104122161865
p541,process,,47,47,0,post,odor,True,-0.03953906521201134,2.4136252403259277,-1.5099194049835205
p541,process,,48,48,22,post,odor,True,0.19226831197738647,1.8665159940719604,-1.0553100109100342
p541,process,,49,49,10,post,odor,True,0.19036120176315308,2.2236270904541016,-1.3673988580703735
p541,process,,50,50,1,post,odor,True,-0.10813309252262115,1.460058331489563,-1.2850366830825806
p541,process,,51,51,30,post,odor,True,-0.05891260877251625,2.11016583442688,-1.5912622213363647
p541,process,,52,52,12,post,odor,True,0.22838495671749115,2.1199629306793213,-1.4923663139343262
p541,process,,53,53,3,post,odor,True,-0.10666250437498093,1.475083351135254,-1.4561747312545776
p541,process,,54,54,21,post,odor,True,0.34805774688720703,3.342745065689087,-0.9511785507202148
p541,process,,55,55,22,post,odor,True,0.10048778355121613,2.01397442817688,-1.2845697402954102
p541,process,,56,56,18,post,odor,True,0.22951063513755798,1.5590606927871704,-1.0819276571273804
p541,process,,57,57,30,post,odor,True,0.07645959407091141,2.3431506156921387,-1.1287373304367065
p541,process,,58,58,17,post,odor,True,-0.030123520642518997,2.4633610248565674,-1.1189576387405396
p541,process,,59,59,39,post,odor,True,-0.1780373454093933,2.049018144607544,-1.767613172531128
p541,process,,60,60,39,post,odor,True,-0.07143955677747726,1.6327365636825562,-1.2389183044433594
p541,process,,61,61,17,post,odor,True,0.06700696051120758,2.0573019981384277,-1.6786258220672607
p541,process,,62,62,4,post,odor,True,0.13636073470115662,2.7594668865203857,-1.5815244913101196
p560,process,,0,0,39,pre,odor,True,-0.20766407251358032,1.963759422302246,-2.8500118255615234
p560,process,,1,1,17,pre,odor,True,-1.1068189144134521,2.7263925075531006,-3.913029909133911
p560,process,,2,2,32,pre,odor,True,1.6662296056747437,5.252581596374512,-0.8026078939437866
p560,process,,3,3,32,pre,odor,True,1.0384047031402588,4.103156566619873,-2.8061702251434326
p560,process,,4,4,30,pre,odor,True,0.5520395636558533,2.64762806892395,-1.3512585163116455
p560,process,,5,5,40,pre,odor,True,0.34411346912384033,3.1442229747772217,-3.1809749603271484
p560,process,,6,6,3,pre,odor,True,0.9434584379196167,3.420053005218506,-1.329337239265442
p560,process,,7,7,2,pre,odor,True,2.973567485809326,5.650903224945068,-0.6281323432922363
p560,process,,8,8,1,pre,odor,True,0.45003271102905273,2.981583833694458,-2.093984365463257
p560,process,,9,9,4,pre,odor,True,2.599112033843994,6.0813374519348145,-0.8376320600509644
p560,process,,10,10,31,pre,odor,True,0.2712933421134949,3.895141124725342,-2.796694755554199
p560,process,,11,11,21,pre,odor,True,-0.12236063182353973,2.5110907554626465,-3.5498175621032715
p560,process,,12,12,2,pre,odor,True,0.7448296546936035,2.8328988552093506,-1.4221044778823853
p560,process,,13,13,39,pre,odor,True,1.3566964864730835,4.739480972290039,-0.9511540532112122
p560,process,,14,14,1,pre,odor,True,1.0916225910186768,3.1841819286346436,-0.9732469320297241
p560,process,,15,15,12,pre,odor,True,1.6992288827896118,6.425402641296387,-3.378279209136963
p560,process,,16,16,22,pre,odor,True,1.5218600034713745,5.8651018142700195,-2.4707508087158203
p560,process,,17,17,10,pre,odor,True,3.1060431003570557,6.117609024047852,-2.462007999420166
p560,process,,18,18,17,pre,odor,True,-0.21008285880088806,4.058029651641846,-3.078643798828125
p560,process,,19,19,31,pre,odor,True,-0.015364491380751133,3.9280142784118652,-2.527388334274292
p560,process,,20,20,30,pre,odor,True,-0.14656811952590942,2.2029991149902344,-2.359330415725708
p560,process,,21,21,12,pre,odor,True,-0.6474359631538391,2.134044647216797,-4.016617298126221
p560,process,,22,22,22,pre,odor,True,0.007023063488304615,4.1290602684021,-1.8795580863952637
p560,process,,23,23,4,pre,odor,True,-0.8715169429779053,2.910017967224121,-2.9366562366485596
p560,process,,24,24,0,pre,odor,True,-1.4050707817077637,2.5600199699401855,-5.306480407714844
p560,process,,25,25,3,pre,odor,True,0.44309455156326294,4.4781599044799805,-2.0925731658935547
p560,process,,26,26,40,pre,odor,True,-0.34749966859817505,4.352251052856445,-4.280101776123047
p560,process,,27,27,10,pre,odor,True,0.7619580626487732,3.1071815490722656,-2.3894453048706055
p560,process,,28,28,21,pre,odor,True,0.45879507064819336,4.498175144195557,-3.551825523376465
p560,process,,29,29,18,pre,odor,True,0.3917745351791382,2.243267297744751,-1.1018426418304443
p560,process,,30,30,18,pre,odor,True,-0.7953189015388489,0.5949251651763916,-2.228343963623047
p560,process,,31,31,0,pre,odor,True,-0.2798840403556824,2.65704607963562,-2.2391161918640137
p560,process,,32,32,12,post,odor,True,0.06102744862437248,0.7043348550796509,-0.42021113634109497
p560,process,,33,33,18,post,odor,True,0.16396532952785492,0.8666506409645081,-0.2932407557964325
p560,process,,34,34,40,post,odor,True,-0.06252146512269974,0.9625871181488037,-0.6383721232414246
p560,process,,35,35,32,post,odor,True,0.016609158366918564,0.7742810845375061,-0.7130289077758789
p560,process,,36,36,31,post,odor,True,0.15277811884880066,1.1826958656311035,-0.41777607798576355
p560,process,,37,37,0,post,odor,True,0.030011994764208794,0.5433233976364136,-0.5367910265922546
p560,process,,38,38,4,post,odor,True,0.013889105059206486,0.8538092374801636,-0.7144365906715393
p560,process,,39,39,2,post,odor,True,-0.045858435332775116,0.7192310690879822,-0.5727845430374146
p560,process,,40,40,3,post,odor,True,-0.033773571252822876,0.5706072449684143,-0.7250630855560303
p560,process,,41,41,21,post,odor,True,-0.09547597169876099,0.663140594959259,-0.737981915473938
p560,process,,42,42,31,post,odor,True,0.06380461156368256,0.781749963760376,-0.6733806133270264
p560,process,,43,43,2,post,odor,True,-0.05522226542234421,0.7410926222801208,-0.7810642123222351
p560,process,,44,44,32,post,odor,True,-0.0012520458549261093,0.7140457630157471,-0.5904064178466797
p560,process,,45,45,40,post,odor,True,0.14290906488895416,0.8336126208305359,-0.4981766641139984
p560,process,,46,46,1,post,odor,True,-0.10235316306352615,0.7948764562606812,-0.6280637383460999
p560,process,,47,47,0,post,odor,True,0.040344733744859695,0.8193281888961792,-0.3959643244743347
p560,process,,48,48,22,post,odor,True,0.0767158791422844,0.992435097694397,-0.5912356972694397
p560,process,,49,49,10,post,odor,True,0.08015281707048416,1.019607663154602,-0.6253331303596497
p560,process,,50,50,1,post,odor,True,0.03389456123113632,0.8827844262123108,-0.5420047640800476
p560,process,,51,51,30,post,odor,True,-0.06373436003923416,1.0566445589065552,-0.8492196202278137
p560,process,,52,52,12,post,odor,True,0.10122678428888321,1.0452378988265991,-0.7319931387901306
p560,process,,53,53,3,post,odor,True,-0.06528329104185104,1.2195258140563965,-0.8384336233139038
p560,process,,54,54,21,post,odor,True,-0.02042677067220211,0.9911199808120728,-0.8002034425735474
p560,process,,55,55,22,post,odor,True,0.03541824594140053,1.0196073055267334,-0.7587592005729675
p560,process,,56,56,18,post,odor,True,-0.06684864312410355,1.010535478591919,-0.6061952114105225
p560,process,,57,57,30,post,odor,True,-0.006744764279574156,0.6289805769920349,-0.6934467554092407
p560,process,,58,58,17,post,odor,True,-0.02477048523724079,0.8166787624359131,-0.5729483962059021
p560,process,,59,59,39,post,odor,True,0.044702913612127304,0.7279406785964966,-0.5332471132278442
p560,process,,60,60,39,post,odor,True,-0.1011153981089592,0.6267315149307251,-0.6491448879241943
p560,process,,61,61,17,post,odor,True,0.1492663025856018,1.2957489490509033,-0.5141374468803406
p560,process,,62,62,4,post,odor,True,0.08419711142778397,0.8898462057113647,-0.7650937438011169
p578,process,,0,0,39,pre,odor,True,0.8480949401855469,5.781233787536621,-4.516502380371094
p578,process,,1,1,17,pre,odor,True,-0.980583906173706,1.8111071586608887,-3.6573708057403564
p578,process,,2,2,32,pre,odor,True,8.975377082824707,12.782557487487793,2.0349221229553223
p578,process,,3,3,32,pre,odor,True,9.260357856750488,16.680627822875977,-0.8075374364852905
p578,process,,4,4,30,pre,odor,True,8.48168659210205,12.76329231262207,0.31925880908966064
p578,process,,5,5,40,pre,odor,True,2.7801883220672607,10.020659446716309,-2.2715952396392822
p578,process,,6,6,3,pre,odor,True,4.466319561004639,9.07839298248291,-0.8110055327415466
p578,process,,7,7,2,pre,odor,True,4.450918197631836,10.052000045776367,-1.1813117265701294
p578,process,,8,8,1,pre,odor,True,1.7308655977249146,6.055102348327637,-1.5887019634246826
p578,process,,9,9,4,pre,odor,True,4.685598850250244,9.430461883544922,-2.1249117851257324
p578,process,,10,10,31,pre,odor,True,5.795501708984375,12.510701179504395,-0.8337165117263794
p578,process,,11,11,21,pre,odor,True,3.7115235328674316,9.360346794128418,-2.0498714447021484
p578,process,,12,12,2,pre,odor,True,3.277308940887451,7.307347297668457,-0.19692128896713257
p578,process,,13,13,39,pre,odor,True,2.0529472827911377,6.760926723480225,-1.4456520080566406
p578,process,,14,14,1,pre,odor,True,2.612781286239624,6.277040481567383,-1.2673836946487427
p578,process,,15,15,12,pre,odor,True,3.1498796939849854,9.674532890319824,-1.1282236576080322
p578,process,,16,16,22,pre,odor,True,4.946254253387451,12.096049308776855,-0.5757154226303101
p578,process,,17,17,10,pre,odor,True,4.410494804382324,9.790008544921875,-1.4803663492202759
p578,process,,18,18,17,pre,odor,True,0.37693479657173157,3.442490577697754,-1.9994909763336182
p578,process,,19,19,31,pre,odor,True,3.799084186553955,8.255559921264648,-0.7568979263305664
p578,process,,20,20,30,pre,odor,True,4.254395961761475,9.330503463745117,-0.34975266456604004
p578,process,,21,21,12,pre,odor,True,0.4529159665107727,3.3428661823272705,-1.7272131443023682
p578,process,,22,22,22,pre,odor,True,2.352769136428833,5.911583423614502,-0.9886958003044128
p578,process,,23,23,4,pre,odor,True,0.34081512689590454,2.264589548110962,-1.784203290939331
p578,process,,24,24,0,pre,odor,True,0.06799628585577011,5.383505344390869,-4.652733325958252
p578,process,,25,25,3,pre,odor,True,1.3244435787200928,5.06749153137207,-2.577815294265747
p578,process,,26,26,40,pre,odor,True,0.6113584637641907,5.0126214027404785,-2.6334872245788574
p578,process,,27,27,10,pre,odor,True,1.3566654920578003,5.17848014831543,-3.046215057373047
p578,process,,28,28,21,pre,odor,True,2.7121801376342773,9.234256744384766,-1.0501211881637573
p578,process,,29,29,18,pre,odor,True,0.8230817317962646,3.1773183345794678,-1.743422031402588
p578,process,,30,30,18,pre,odor,True,-0.3281591236591339,1.4953385591506958,-1.59449303150177
p578,process,,31,31,0,pre,odor,True,0.5395320057868958,2.9597508907318115,-1.6609795093536377
p578,process,,32,32,12,post,odor,True,0.08749783039093018,1.0745913982391357,-0.7817298769950867
p578,process,,33,33,18,post,odor,True,0.1655261516571045,1.540941596031189,-0.9745031595230103
p578,process,,34,34,40,post,odor,True,0.14490224421024323,1.3206156492233276,-0.6247504353523254
p578,process,,35,35,32,post,odor,True,-0.06330487132072449,1.748177170753479,-1.0273995399475098
p578,process,,36,36,31,post,odor,True,-0.10947418212890625,0.9625245332717896,-1.1712466478347778
p578,process,,37,37,0,post,odor,True,0.046164367347955704,1.0665817260742188,-0.877127468585968
p578,process,,38,38,4,post,odor,True,-0.0895688608288765,0.735251784324646,-0.8943575620651245
p578,process,,39,39,2,post,odor,True,0.042828161269426346,1.2517805099487305,-0.8611096739768982
p578,process,,40,40,3,post,odor,True,0.25178056955337524,1.4038143157958984,-0.8901513814926147
p578,process,,41,41,21,post,odor,True,1.3502095937728882,3.286205768585205,-0.7492072582244873
p578,process,,42,42,31,post,odor,True,0.09220080822706223,1.3954660892486572,-0.8450967669487
p578,process,,43,43,2,post,odor,True,-0.25541165471076965,0.7899689674377441,-0.9741228818893433
p578,process,,44,44,32,post,odor,True,0.06303782761096954,1.4245082139968872,-1.2582265138626099
p578,process,,45,45,40,post,odor,True,0.1460387259721756,1.710220217704773,-0.8450726866722107
p578,process,,46,46,1,post,odor,True,0.17838844656944275,1.2825217247009277,-0.7459767460823059
p578,process,,47,47,0,post,odor,True,0.1955350935459137,1.7134634256362915,-0.6274154186248779
p578,process,,48,48,22,post,odor,True,0.036893777549266815,1.081289529800415,-1.0204168558120728
p578,process,,49,49,10,post,odor,True,0.07846234738826752,0.9391005039215088,-0.8499431610107422
p578,process,,50,50,1,post,odor,True,0.10759521275758743,1.601094365119934,-0.9726793766021729
p578,process,,51,51,30,post,odor,True,0.0688873901963234,1.3096294403076172,-0.9102723002433777
p578,process,,52,52,12,post,odor,True,-0.00840470939874649,1.583906888961792,-1.3141745328903198
p578,process,,53,53,3,post,odor,True,0.11014172434806824,1.55806565284729,-1.5363492965698242
p578,process,,54,54,21,post,odor,True,1.0811846256256104,2.7369816303253174,-0.10824014246463776
p578,process,,55,55,22,post,odor,True,0.35361379384994507,1.4424248933792114,-0.44825851917266846
p578,process,,56,56,18,post,odor,True,0.20497600734233856,1.7942805290222168,-1.070816993713379
p578,process,,57,57,30,post,odor,True,0.02565685100853443,1.078545093536377,-1.0624136924743652
p578,process,,58,58,17,post,odor,True,0.12720893323421478,1.3176442384719849,-0.675015389919281
p578,process,,59,59,39,post,odor,True,0.14745429158210754,1.3337750434875488,-0.6966801881790161
p578,process,,60,60,39,post,odor,True,-0.1560678333044052,1.0252248048782349,-1.4864416122436523
p578,process,,61,61,17,post,odor,True,0.0821739137172699,1.7314449548721313,-0.9497523903846741
p578,process,,62,62,4,post,odor,True,0.024930914863944054,1.5107158422470093,-0.9734253883361816
p597,process,,0,0,39,pre,odor,True,-0.7490504384040833,2.5945851802825928,-3.0735628604888916
p597,process,,1,1,17,pre,odor,True,-1.0017173290252686,2.9684150218963623,-3.8431642055511475
p597,process,,2,2,32,pre,odor,True,2.720953941345215,5.885408401489258,0.1713285595178604
p597,process,,3,3,32,pre,odor,True,0.9744457006454468,3.5746312141418457,-1.2050025463104248
p597,process,,4,4,30,pre,odor,True,1.8299437761306763,6.8301777839660645,-1.0041804313659668
p597,process,,5,5,40,pre,odor,True,0.7793047428131104,3.8301749229431152,-1.7438753843307495
p597,process,,6,6,3,pre,odor,True,1.0895493030548096,3.8399784564971924,-2.0441789627075195
p597,process,,7,7,2,pre,odor,True,2.231390953063965,5.817359924316406,-1.1613199710845947
p597,process,,8,8,1,pre,odor,True,0.5710659623146057,4.806088924407959,-2.240964889526367
p597,process,,9,9,4,pre,odor,True,2.1754000186920166,6.348308563232422,-0.7247015237808228
p597,process,,10,10,31,pre,odor,True,1.3266717195510864,3.8899896144866943,-2.0082969665527344
p597,process,,11,11,21,pre,odor,True,-0.5221267342567444,1.9203803539276123,-3.547111749649048
p597,process,,12,12,2,pre,odor,True,0.8002387881278992,3.6279420852661133,-2.233865737915039
p597,process,,13,13,39,pre,odor,True,-0.20981386303901672,2.3726632595062256,-2.793818235397339
p597,process,,14,14,1,pre,odor,True,0.8410651087760925,4.115801811218262,-2.072317123413086
p597,process,,15,15,12,pre,odor,True,1.254402756690979,6.584766387939453,-2.6321117877960205
p597,process,,16,16,22,pre,odor,True,1.5132274627685547,5.038223743438721,-2.4175281524658203
p597,process,,17,17,10,pre,odor,True,3.191157817840576,7.745691776275635,-0.7147161364555359
p597,process,,18,18,17,pre,odor,True,0.2973046898841858,3.332976818084717,-3.4312825202941895
p597,process,,19,19,31,pre,odor,True,0.7953534722328186,4.050779342651367,-1.2866498231887817
p597,process,,20,20,30,pre,odor,True,0.3174818158149719,2.080120801925659,-1.5955581665039062
p597,process,,21,21,12,pre,odor,True,-0.7112916111946106,0.9568614363670349,-2.7218451499938965
p597,process,,22,22,22,pre,odor,True,0.40750017762184143,3.6023035049438477,-1.9140857458114624
p597,process,,23,23,4,pre,odor,True,-0.5335474610328674,1.9529398679733276,-2.6020028591156006
p597,process,,24,24,0,pre,odor,True,-0.9007524251937866,5.028700351715088,-4.936544418334961
p597,process,,25,25,3,pre,odor,True,-0.8199450969696045,1.555050253868103,-3.751786231994629
p597,process,,26,26,40,pre,odor,True,-0.02335524745285511,4.490090370178223,-3.5623490810394287
p597,process,,27,27,10,pre,odor,True,1.6481858491897583,5.7133469581604,-1.301816701889038
p597,process,,28,28,21,pre,odor,True,0.01509951800107956,4.857347011566162,-3.147911310195923
p597,process,,29,29,18,pre,odor,True,0.3374471068382263,3.0441415309906006,-1.8204294443130493
p597,process,,30,30,18,pre,odor,True,-0.8953761458396912,0.7586489915847778,-2.5302700996398926
p597,process,,31,31,0,pre,odor,True,-0.31741568446159363,3.2975945472717285,-3.1937007904052734
p597,process,,32,32,12,post,odor,True,0.08150394260883331,2.228377103805542,-1.334196925163269
p597,process,,33,33,18,post,odor,True,0.3547477722167969,1.4905747175216675,-0.8253593444824219
p597,process,,34,34,40,post,odor,True,-0.28623121976852417,0.8293663859367371,-1.1535450220108032
p597,process,,35,35,32,post,odor,True,-0.055170878767967224,1.2118096351623535,-1.1876312494277954
p597,process,,36,36,31,post,odor,True,-0.28458669781684875,0.8280880451202393,-1.6021108627319336
p597,process,,37,37,0,post,odor,True,0.011129466816782951,1.4921952486038208,-1.3543695211410522
p597,process,,38,38,4,post,odor,True,0.013654693029820919,1.925071358680725,-1.3377809524536133
p597,process,,39,39,2,post,odor,True,-0.1311744600534439,1.7054835557937622,-1.6693148612976074
p597,process,,40,40,3,post,odor,True,-0.09493564814329147,1.3068971633911133,-1.1165391206741333
p597,process,,41,41,21,post,odor,True,0.3163047134876251,2.092672824859619,-1.1847796440124512
p597,process,,42,42,31,post,odor,True,-0.052614763379096985,1.9590189456939697,-1.2993348836898804
p597,process,,43,43,2,post,odor,True,-0.11987297981977463,1.2381300926208496,-1.3637886047363281
p597,process,,44,44,32,post,odor,True,0.03692138195037842,1.4136580228805542,-1.2476997375488281
p597,process,,45,45,40,post,odor,True,0.13096490502357483,1.6251652240753174,-0.6908235549926758
p597,process,,46,46,1,post,odor,True,0.18672394752502441,1.1778532266616821,-1.2650104761123657
p597,process,,47,47,0,post,odor,True,0.01030112337321043,1.2261292934417725,-1.188766598701477
p597,process,,48,48,22,post,odor,True,0.08195564895868301,1.3942245244979858,-0.89823979139328
p597,process,,49,49,10,post,odor,True,-0.06663951277732849,1.9871690273284912,-1.673305869102478
p597,process,,50,50,1,post,odor,True,-0.1214575320482254,1.3032557964324951,-1.3535090684890747
p597,process,,51,51,30,post,odor,True,-0.06516620516777039,1.451345682144165,-1.3512392044067383
p597,process,,52,52,12,post,odor,True,0.15449632704257965,1.4128543138504028,-0.93771892786026
p597,process,,53,53,3,post,odor,True,-0.20690268278121948,1.1097650527954102,-1.3687933683395386
p597,process,,54,54,21,post,odor,True,-0.1416344940662384,1.6819111108779907,-1.3274269104003906
p597,process,,55,55,22,post,odor,True,0.18040437996387482,1.5088880062103271,-1.074738621711731
p597,process,,56,56,18,post,odor,True,0.05613963305950165,1.8971474170684814,-1.0149822235107422
p597,process,,57,57,30,post,odor,True,-0.0905609056353569,1.4996685981750488,-1.3190685510635376
p597,process,,58,58,17,post,odor,True,0.2868654727935791,1.8274751901626587,-0.8583564162254333
p597,process,,59,59,39,post,odor,True,0.16800858080387115,1.7207529544830322,-1.0598374605178833
p597,process,,60,60,39,post,odor,True,0.3255923390388489,1.623952031135559,-0.963384747505188
p597,process,,61,61,17,post,odor,True,0.09555591642856598,1.163552165031433,-0.9034032225608826
p597,process,,62,62,4,post,odor,True,-0.18920119106769562,1.2848472595214844,-1.1758962869644165
p616,process,,0,0,39,pre,odor,True,-0.2810128629207611,2.9884612560272217,-2.9576616287231445
p616,process,,1,1,17,pre,odor,True,-2.2031712532043457,1.5570144653320312,-4.671309471130371
p616,process,,2,2,32,pre,odor,True,3.161794424057007,8.278240203857422,0.366775244474411
p616,process,,3,3,32,pre,odor,True,4.015544891357422,9.559327125549316,-0.47984448075294495
p616,process,,4,4,30,pre,odor,True,2.5486443042755127,5.640905380249023,-2.021052837371826
p616,process,,5,5,40,pre,odor,True,0.5906880497932434,3.8434338569641113,-2.5288259983062744
p616,process,,6,6,3,pre,odor,True,1.644574522972107,4.975155830383301,-2.173635721206665
p616,process,,7,7,2,pre,odor,True,1.2475847005844116,6.163201332092285,-1.4483979940414429
p616,process,,8,8,1,pre,odor,True,0.06264138966798782,4.250492095947266,-4.189595699310303
p616,process,,9,9,4,pre,odor,True,1.6180928945541382,5.830174446105957,-1.189061164855957
p616,process,,10,10,31,pre,odor,True,3.0325398445129395,8.301271438598633,-2.5206644535064697
p616,process,,11,11,21,pre,odor,True,0.17096447944641113,3.699601411819458,-3.7987678050994873
p616,process,,12,12,2,pre,odor,True,0.94815593957901,4.653685569763184,-1.9693114757537842
p616,process,,13,13,39,pre,odor,True,-0.10316674411296844,3.2951927185058594,-3.0193371772766113
p616,process,,14,14,1,pre,odor,True,0.6107425093650818,4.730886936187744,-2.743339776992798
p616,process,,15,15,12,pre,odor,True,0.9538387656211853,6.243101119995117,-2.6067276000976562
p616,process,,16,16,22,pre,odor,True,1.9190044403076172,5.574277400970459,-2.0832812786102295
p616,process,,17,17,10,pre,odor,True,2.9417545795440674,7.329693794250488,-1.4268908500671387
p616,process,,18,18,17,pre,odor,True,-0.2505384385585785,3.637497663497925,-3.0075125694274902
p616,process,,19,19,31,pre,odor,True,2.315897226333618,6.3261260986328125,-1.031913161277771
p616,process,,20,20,30,pre,odor,True,2.733194589614868,10.018839836120605,-1.3374656438827515
p616,process,,21,21,12,pre,odor,True,-0.10319488495588303,3.045518398284912,-2.2104878425598145
p616,process,,22,22,22,pre,odor,True,0.6123925447463989,3.804095506668091,-1.3347982168197632
p616,process,,23,23,4,pre,odor,True,-0.03370031341910362,2.8525891304016113,-1.8470255136489868
p616,process,,24,24,0,pre,odor,True,-2.096313953399658,1.8952293395996094,-5.5998358726501465
p616,process,,25,25,3,pre,odor,True,-0.5951585173606873,3.0533552169799805,-4.176444053649902
p616,process,,26,26,40,pre,odor,True,-0.38327595591545105,3.8963985443115234,-4.102569103240967
p616,process,,27,27,10,pre,odor,True,1.4867229461669922,5.001451015472412,-2.903726816177368
p616,process,,28,28,21,pre,odor,True,-0.34746402502059937,4.885174751281738,-4.433873176574707
p616,process,,29,29,18,pre,odor,True,0.35643869638442993,6.672556400299072,-1.7968484163284302
p616,process,,30,30,18,pre,odor,True,-1.7466896772384644,-0.2546471655368805,-3.3629894256591797
p616,process,,31,31,0,pre,odor,True,-0.625193178653717,3.345616340637207,-3.2734029293060303
p616,process,,32,32,12,post,odor,True,0.11746066808700562,1.8102363348007202,-0.986269474029541
p616,process,,33,33,18,post,odor,True,0.03504191339015961,1.8982338905334473,-1.0644422769546509
p616,process,,34,34,40,post,odor,True,0.02230829745531082,2.2281112670898438,-0.9720059633255005
p616,process,,35,35,32,post,odor,True,-0.02084372565150261,1.2891416549682617,-1.0637261867523193
p616,process,,36,36,31,post,odor,True,-0.059587858617305756,1.322199821472168,-0.8680858016014099
p616,process,,37,37,0,post,odor,True,-0.14736464619636536,1.802881121635437,-1.0966651439666748
p616,process,,38,38,4,post,odor,True,-0.15327802300453186,1.6388771533966064,-1.3302364349365234
p616,process,,39,39,2,post,odor,True,-0.007157475687563419,1.6932270526885986,-0.9875471591949463
p616,process,,40,40,3,post,odor,True,0.172687828540802,1.397715449333191,-0.7074350714683533
p616,process,,41,41,21,post,odor,True,0.15368449687957764,2.2027149200439453,-0.8169689774513245
p616,process,,42,42,31,post,odor,True,-0.08157186955213547,1.7392371892929077,-0.9890801310539246
p616,process,,43,43,2,post,odor,True,0.01971757598221302,1.4084380865097046,-0.8708653450012207
p616,process,,44,44,32,post,odor,True,-0.023850513622164726,1.2561722993850708,-0.9066495895385742
p616,process,,45,45,40,post,odor,True,-0.05779029428958893,1.3987120389938354,-1.0327703952789307
p616,process,,46,46,1,post,odor,True,0.029571928083896637,1.6252388954162598,-1.1762222051620483
p616,process,,47,47,0,post,odor,True,-0.029068876057863235,1.287789225578308,-0.7938997745513916
p616,process,,48,48,22,post,odor,True,0.05322601646184921,1.3608362674713135,-0.8646852970123291
p616,process,,49,49,10,post,odor,True,0.02133510261774063,1.260312557220459,-0.9602515697479248
p616,process,,50,50,1,post,odor,True,0.24317164719104767,1.1296851634979248,-0.8070820569992065
p616,process,,51,51,30,post,odor,True,0.07085628807544708,1.2052676677703857,-0.8469617366790771
p616,process,,52,52,12,post,odor,True,0.03235265240073204,1.3098081350326538,-0.8724381923675537
p616,process,,53,53,3,post,odor,True,0.01741216704249382,1.694118618965149,-0.7294039726257324
p616,process,,54,54,21,post,odor,True,0.2036433070898056,1.511620283126831,-0.7472012042999268
p616,process,,55,55,22,post,odor,True,0.02475670911371708,1.5982438325881958,-0.6654884815216064
p616,process,,56,56,18,post,odor,True,-0.01032416895031929,1.2991256713867188,-1.0455609560012817
p616,process,,57,57,30,post,odor,True,0.05242325738072395,2.4391720294952393,-0.8798817992210388
p616,process,,58,58,17,post,odor,True,0.1368124783039093,1.4724986553192139,-0.6903740167617798
p616,process,,59,59,39,post,odor,True,0.1159784197807312,2.003671884536743,-0.7417512536048889
p616,process,,60,60,39,post,odor,True,-0.004668785259127617,1.2747551202774048,-0.8185460567474365
p616,process,,61,61,17,post,odor,True,0.08869247138500214,0.983751118183136,-0.8010965585708618
p616,process,,62,62,4,post,odor,True,-0.0017636691918596625,1.1126513481140137,-0.6394243836402893
p635,process,,0,0,39,pre,odor,True,0.14587929844856262,5.279857158660889,-4.436777114868164
p635,process,,1,1,17,pre,odor,True,-0.0070409020408988,5.025261878967285,-3.460949420928955
p635,process,,2,2,32,pre,odor,True,1.1736104488372803,5.800734519958496,-2.716021776199341
p635,process,,3,3,32,pre,odor,True,1.7447634935379028,6.432102680206299,-2.828922748565674
p635,process,,4,4,30,pre,odor,True,1.4827731847763062,7.021117687225342,-2.757697582244873
p635,process,,5,5,40,pre,odor,True,-0.02475173957645893,4.902961730957031,-3.644587516784668
p635,process,,6,6,3,pre,odor,True,1.4859836101531982,7.980889320373535,-1.8538317680358887
p635,process,,7,7,2,pre,odor,True,1.2907633781433105,5.727719306945801,-2.695448398590088
p635,process,,8,8,1,pre,odor,True,1.1091914176940918,7.205911159515381,-4.419227600097656
p635,process,,9,9,4,pre,odor,True,0.9685460329055786,7.196005344390869,-3.198056936264038
p635,process,,10,10,31,pre,odor,True,2.331746816635132,7.588000297546387,-1.889327049255371
p635,process,,11,11,21,pre,odor,True,1.4644129276275635,7.690173625946045,-2.937105894088745
p635,process,,12,12,2,pre,odor,True,-0.12696969509124756,4.0863823890686035,-3.837326765060425
p635,process,,13,13,39,pre,odor,True,0.5932163000106812,3.8722591400146484,-1.5024821758270264
p635,process,,14,14,1,pre,odor,True,0.6178993582725525,4.1543288230896,-2.300340175628662
p635,process,,15,15,12,pre,odor,True,0.7457123398780823,3.824474573135376,-1.4806056022644043
p635,process,,16,16,22,pre,odor,True,0.9041847586631775,7.753551959991455,-1.4590063095092773
p635,process,,17,17,10,pre,odor,True,0.9945691823959351,4.211308479309082,-0.893110990524292
p635,process,,18,18,17,pre,odor,True,0.06733021885156631,3.7748100757598877,-1.6750168800354004
p635,process,,19,19,31,pre,odor,True,1.069624662399292,5.805487632751465,-0.8296324014663696
p635,process,,20,20,30,pre,odor,True,0.6493513584136963,3.4757578372955322,-1.3257567882537842
p635,process,,21,21,12,pre,odor,True,0.2512287199497223,2.2527589797973633,-1.3344892263412476
p635,process,,22,22,22,pre,odor,True,0.8469667434692383,3.8368711471557617,-1.6179211139678955
p635,process,,23,23,4,pre,odor,True,0.4628472328186035,2.8967273235321045,-0.9153368473052979
p635,process,,24,24,0,pre,odor,True,0.17115692794322968,2.7317557334899902,-1.9107874631881714
p635,process,,25,25,3,pre,odor,True,0.5944681167602539,3.3607747554779053,-1.6532210111618042
p635,process,,26,26,40,pre,odor,True,0.07336549460887909,2.9209632873535156,-2.2996418476104736
p635,process,,27,27,10,pre,odor,True,0.9442021250724792,4.247880458831787,-1.6802188158035278
p635,process,,28,28,21,pre,odor,True,2.383281707763672,6.584201335906982,-1.114139437675476
p635,process,,29,29,18,pre,odor,True,0.22309093177318573,3.3096094131469727,-1.1832895278930664
p635,process,,30,30,18,pre,odor,True,0.1863027662038803,2.0137546062469482,-1.6555973291397095
p635,process,,31,31,0,pre,odor,True,0.452850341796875,4.0906596183776855,-1.5232596397399902
p635,process,,32,32,12,post,odor,True,0.0392269492149353,1.7691956758499146,-0.9437142610549927
p635,process,,33,33,18,post,odor,True,0.22388964891433716,1.3159819841384888,-1.2456492185592651
p635,process,,34,34,40,post,odor,True,-0.060750484466552734,1.5793328285217285,-0.9404057860374451
p635,process,,35,35,32,post,odor,True,-0.15439645946025848,1.0918552875518799,-0.9569495320320129
p635,process,,36,36,31,post,odor,True,0.053498316556215286,1.1283771991729736,-0.8197380900382996
p635,process,,37,37,0,post,odor,True,0.11614065617322922,1.825400471687317,-0.8180739879608154
p635,process,,38,38,4,post,odor,True,0.07597175240516663,1.5726394653320312,-0.9505108594894409
p635,process,,39,39,2,post,odor,True,0.06130868196487427,1.1395082473754883,-0.8565515875816345
p635,process,,40,40,3,post,odor,True,0.2871733009815216,2.3239939212799072,-0.7270039319992065
p635,process,,41,41,21,post,odor,True,1.2277778387069702,3.8115530014038086,-0.6248815655708313
p635,process,,42,42,31,post,odor,True,-0.05935865268111229,0.9826076030731201,-0.9489005208015442
p635,process,,43,43,2,post,odor,True,0.03744473308324814,1.9807977676391602,-1.1328383684158325
p635,process,,44,44,32,post,odor,True,0.11444927006959915,2.6278834342956543,-0.9190903306007385
p635,process,,45,45,40,post,odor,True,0.07077843695878983,1.3830351829528809,-0.8185389637947083
p635,process,,46,46,1,post,odor,True,0.005616422276943922,1.216966152191162,-0.7129312753677368
p635,process,,47,47,0,post,odor,True,0.021625788882374763,1.5707688331604004,-0.864689826965332
p635,process,,48,48,22,post,odor,True,0.05989271029829979,2.7316558361053467,-0.8782140016555786
p635,process,,49,49,10,post,odor,True,-0.20589925348758698,1.2189234495162964,-0.9909996390342712
p635,process,,50,50,1,post,odor,True,-0.07727642357349396,1.0256705284118652,-0.7928627133369446
p635,process,,51,51,30,post,odor,True,0.465060293674469,2.6425836086273193,-0.9047038555145264
p635,process,,52,52,12,post,odor,True,0.026601113379001617,2.101315975189209,-0.946301281452179
p635,process,,53,53,3,post,odor,True,0.1769898235797882,2.2883336544036865,-0.9875903129577637
p635,process,,54,54,21,post,odor,True,1.5932536125183105,3.6225876808166504,-0.30299514532089233
p635,process,,55,55,22,post,odor,True,0.37942442297935486,1.7368890047073364,-0.9513510465621948
p635,process,,56,56,18,post,odor,True,0.06858541816473007,2.342017889022827,-1.0400481224060059
p635,process,,57,57,30,post,odor,True,0.5031407475471497,2.685835599899292,-0.6034736633300781
p635,process,,58,58,17,post,odor,True,-0.0895470529794693,1.0430301427841187,-1.117977261543274
p635,process,,59,59,39,post,odor,True,0.16187477111816406,1.4641700983047485,-0.8500655889511108
p635,process,,60,60,39,post,odor,True,0.058892544358968735,2.069591760635376,-1.2371107339859009
p635,process,,61,61,17,post,odor,True,-0.11965342611074448,1.6557350158691406,-1.3901101350784302
p635,process,,62,62,4,post,odor,True,0.007625069934874773,2.095181941986084,-1.6353012323379517
p654,process,,0,0,39,pre,odor,True,0.0659957006573677,3.326596975326538,-3.0363941192626953
p654,process,,1,1,17,pre,odor,True,-0.7858736515045166,2.582554817199707,-3.4831790924072266
p654,process,,2,2,32,pre,odor,True,1.0416007041931152,3.7304434776306152,-1.8433589935302734
p654,process,,3,3,32,pre,odor,True,0.5835483074188232,3.6539876461029053,-2.642138957977295
p654,process,,4,4,30,pre,odor,True,0.7082030177116394,3.3821277618408203,-1.6095367670059204
p654,process,,5,5,40,pre,odor,True,0.47988706827163696,3.5554845333099365,-1.9748244285583496
p654,process,,6,6,3,pre,odor,True,1.1903092861175537,4.5466718673706055,-2.0633649826049805
p654,process,,7,7,2,pre,odor,True,0.8079296350479126,3.7293736934661865,-1.0680698156356812
p654,process,,8,8,1,pre,odor,True,0.0745415911078453,2.780081272125244,-2.251106023788452
p654,process,,9,9,4,pre,odor,True,1.0239770412445068,6.29850959777832,-1.4049389362335205
p654,process,,10,10,31,pre,odor,True,-0.04676566272974014,2.889495849609375,-2.9651591777801514
p654,process,,11,11,21,pre,odor,True,-0.3559519946575165,3.4661929607391357,-3.197186231613159
p654,process,,12,12,2,pre,odor,True,0.42989763617515564,4.031922340393066,-3.0955708026885986
p654,process,,13,13,39,pre,odor,True,0.14678719639778137,2.5431902408599854,-2.251223564147949
p654,process,,14,14,1,pre,odor,True,0.6193806529045105,3.182950019836426,-1.6750692129135132
p654,process,,15,15,12,pre,odor,True,0.8181633353233337,5.782324314117432,-2.608422040939331
p654,process,,16,16,22,pre,odor,True,0.8713053464889526,5.1764116287231445,-2.3777718544006348
p654,process,,17,17,10,pre,odor,True,1.3356126546859741,5.737682342529297,-2.2243900299072266
p654,process,,18,18,17,pre,odor,True,0.5317592024803162,5.6511030197143555,-2.662825584411621
p654,process,,19,19,31,pre,odor,True,0.42370665073394775,2.887850522994995,-1.8646049499511719
p654,process,,20,20,30,pre,odor,True,-0.4341696500778198,1.8803446292877197,-3.1122190952301025
p654,process,,21,21,12,pre,odor,True,-0.8038163781166077,2.57194185256958,-3.969200611114502
p654,process,,22,22,22,pre,odor,True,0.0507783405482769,3.8078038692474365,-2.6928586959838867
p654,process,,23,23,4,pre,odor,True,-0.7949572801589966,1.4700942039489746,-2.6729917526245117
p654,process,,24,24,0,pre,odor,True,-0.6855729222297668,3.945887327194214,-4.448436737060547
p654,process,,25,25,3,pre,odor,True,-0.11499698460102081,2.1007020473480225,-2.273181200027466
p654,process,,26,26,40,pre,odor,True,-0.08991449326276779,3.036506175994873,-2.5553112030029297
p654,process,,27,27,10,pre,odor,True,0.5449050664901733,3.3349716663360596,-1.4571620225906372
p654,process,,28,28,21,pre,odor,True,-0.01324496977031231,3.1810405254364014,-3.060932159423828
p654,process,,29,29,18,pre,odor,True,-0.3273858428001404,1.9573158025741577,-2.9192216396331787
p654,process,,30,30,18,pre,odor,True,-0.6318534016609192,1.2087113857269287,-2.3487322330474854
p654,process,,31,31,0,pre,odor,True,0.029858728870749474,2.4939441680908203,-2.570222854614258
p654,process,,32,32,12,post,odor,True,0.12646420300006866,1.6415141820907593,-0.9505883455276489
p654,process,,33,33,18,post,odor,True,0.07979071885347366,1.6518847942352295,-1.12123703956604
p654,process,,34,34,40,post,odor,True,0.049140602350234985,1.1387742757797241,-0.8846313953399658
p654,process,,35,35,32,post,odor,True,0.1838684231042862,1.8365213871002197,-0.8921988606452942
p654,process,,36,36,31,post,odor,True,0.08244107663631439,1.159998893737793,-0.8442012071609497
p654,process,,37,37,0,post,odor,True,0.3155989944934845,1.3136577606201172,-0.6702325344085693
p654,process,,38,38,4,post,odor,True,-0.01760414056479931,1.4142961502075195,-1.1558512449264526
p654,process,,39,39,2,post,odor,True,0.22462913393974304,1.722707748413086,-0.9664274454116821
p654,process,,40,40,3,post,odor,True,0.08965099602937698,2.0322985649108887,-1.0432069301605225
p654,process,,41,41,21,post,odor,True,0.3493577241897583,2.137726068496704,-0.9185736775398254
p654,process,,42,42,31,post,odor,True,0.034457508474588394,1.6198186874389648,-1.0785653591156006
p654,process,,43,43,2,post,odor,True,0.086064413189888,1.6492223739624023,-0.9522714614868164
p654,process,,44,44,32,post,odor,True,0.23272699117660522,1.5825860500335693,-1.02560293674469
p654,process,,45,45,40,post,odor,True,0.11610192805528641,1.594602346420288,-1.032760739326477
p654,process,,46,46,1,post,odor,True,0.11723970621824265,1.3684418201446533,-0.7675130367279053
p654,process,,47,47,0,post,odor,True,0.009855448268353939,1.5610319375991821,-0.8215979933738708
p654,process,,48,48,22,post,odor,True,-0.09300720691680908,1.380845546722412,-1.08324134349823
p654,process,,49,49,10,post,odor,True,0.008702359162271023,1.684557557106018,-0.9691891670227051
p654,process,,50,50,1,post,odor,True,0.11358486115932465,1.170745849609375,-1.1471338272094727
p654,process,,51,51,30,post,odor,True,-0.027467671781778336,1.2307194471359253,-1.0264424085617065
p654,process,,52,52,12,post,odor,True,0.1182674765586853,1.9779826402664185,-1.1988294124603271
p654,process,,53,53,3,post,odor,True,0.12608084082603455,1.497265100479126,-1.044646978378296
p654,process,,54,54,21,post,odor,True,0.02887708693742752,1.2850069999694824,-1.0489426851272583
p654,process,,55,55,22,post,odor,True,0.2689385414123535,1.5407817363739014,-0.8187123537063599
p654,process,,56,56,18,post,odor,True,0.024305839091539383,1.1767996549606323,-1.098867654800415
p654,process,,57,57,30,post,odor,True,-0.19866281747817993,1.0710303783416748,-1.3982114791870117
p654,process,,58,58,17,post,odor,True,0.05630672723054886,1.7017922401428223,-0.8334218859672546
p654,process,,59,59,39,post,odor,True,-0.17104224860668182,0.8698854446411133,-1.3579466342926025
p654,process,,60,60,39,post,odor,True,0.24112607538700104,1.4038681983947754,-0.8243746757507324
p654,process,,61,61,17,post,odor,True,0.11794936656951904,1.578359603881836,-1.239010214805603
p654,process,,62,62,4,post,odor,True,0.03602069243788719,1.6033351421356201,-1.2700661420822144
p673,process,,0,0,39,pre,odor,True,-0.06051143258810043,4.1148481369018555,-2.9133033752441406
p673,process,,1,1,17,pre,odor,True,-0.6526615619659424,3.0529582500457764,-3.195901870727539
p673,process,,2,2,32,pre,odor,True,1.0719809532165527,4.334799289703369,-1.7820065021514893
p673,process,,3,3,32,pre,odor,True,1.216823697090149,6.062892913818359,-1.579481601715088
p673,process,,4,4,30,pre,odor,True,0.6862333416938782,4.600780487060547,-1.2597262859344482
p673,process,,5,5,40,pre,odor,True,0.14078174531459808,3.175297737121582,-2.0682873725891113
p673,process,,6,6,3,pre,odor,True,0.598191499710083,2.476970911026001,-1.0374308824539185
p673,process,,7,7,2,pre,odor,True,0.6558277606964111,4.161551475524902,-2.1254520416259766
p673,process,,8,8,1,pre,odor,True,-0.10186672955751419,2.242138624191284,-2.106879234313965
p673,process,,9,9,4,pre,odor,True,0.7547475695610046,3.858907699584961,-1.7890907526016235
p673,process,,10,10,31,pre,odor,True,0.42727285623550415,4.15922737121582,-2.3662924766540527
p673,process,,11,11,21,pre,odor,True,-0.043764665722846985,2.413365364074707,-1.9848576784133911
p673,process,,12,12,2,pre,odor,True,0.8195254802703857,4.8127899169921875,-2.190675735473633
p673,process,,13,13,39,pre,odor,True,0.2891349196434021,3.3639535903930664,-1.8564255237579346
p673,process,,14,14,1,pre,odor,True,0.03254628926515579,5.314739227294922,-2.206824779510498
p673,process,,15,15,12,pre,odor,True,0.5952797532081604,5.892265796661377,-2.746879816055298
p673,process,,16,16,22,pre,odor,True,0.5027716159820557,4.3087358474731445,-1.6448259353637695
p673,process,,17,17,10,pre,odor,True,1.1364936828613281,4.440945625305176,-2.335951566696167
p673,process,,18,18,17,pre,odor,True,0.2624214291572571,2.465477466583252,-2.2300167083740234
p673,process,,19,19,31,pre,odor,True,-0.006963463965803385,2.6072168350219727,-2.237433910369873
p673,process,,20,20,30,pre,odor,True,-0.5902161598205566,1.7360485792160034,-2.6604292392730713
p673,process,,21,21,12,pre,odor,True,-0.6159002184867859,2.6349217891693115,-2.530885934829712
p673,process,,22,22,22,pre,odor,True,-0.06925216317176819,2.3830480575561523,-2.191854476928711
p673,process,,23,23,4,pre,odor,True,0.07823190093040466,4.900291442871094,-2.2756106853485107
p673,process,,24,24,0,pre,odor,True,-1.103407859802246,3.063131809234619,-3.5657896995544434
p673,process,,25,25,3,pre,odor,True,-0.25601011514663696,3.831702947616577,-2.7965874671936035
p673,process,,26,26,40,pre,odor,True,-0.2534809410572052,3.0603573322296143,-2.9778597354888916
p673,process,,27,27,10,pre,odor,True,0.7114421129226685,5.679657459259033,-2.3112845420837402
p673,process,,28,28,21,pre,odor,True,0.17573942244052887,3.865711212158203,-2.452723741531372
p673,process,,29,29,18,pre,odor,True,0.03831081464886665,2.1341443061828613,-1.5659428834915161
p673,process,,30,30,18,pre,odor,True,-0.1468656361103058,2.8731026649475098,-2.206456422805786
p673,process,,31,31,0,pre,odor,True,-0.1930256187915802,1.9322420358657837,-2.03633189201355
p673,process,,32,32,12,post,odor,True,0.13826946914196014,2.5303702354431152,-1.4214094877243042
p673,process,,33,33,18,post,odor,True,0.40335261821746826,2.3372035026550293,-0.8812318444252014
p673,process,,34,34,40,post,odor,True,-0.003509339177981019,1.6471781730651855,-1.0932515859603882
p673,process,,35,35,32,post,odor,True,0.18058346211910248,1.969743013381958,-0.9167537093162537
p673,process,,36,36,31,post,odor,True,0.06522496789693832,1.9294475317001343,-1.072916030883789
p673,process,,37,37,0,post,odor,True,0.07649679481983185,2.1597490310668945,-1.3051937818527222
p673,process,,38,38,4,post,odor,True,-0.26062217354774475,1.1253821849822998,-1.4881287813186646
p673,process,,39,39,2,post,odor,True,0.261027067899704,2.8246419429779053,-1.5500271320343018
p673,process,,40,40,3,post,odor,True,0.05891029164195061,1.4157217741012573,-1.1470751762390137
p673,process,,41,41,21,post,odor,True,-0.22258581221103668,1.8209408521652222,-1.4361929893493652
p673,process,,42,42,31,post,odor,True,0.06586012244224548,2.2444186210632324,-0.8139905333518982
p673,process,,43,43,2,post,odor,True,0.17066605389118195,2.8801300525665283,-1.4267793893814087
p673,process,,44,44,32,post,odor,True,0.11746198683977127,1.8435479402542114,-1.0197088718414307
p673,process,,45,45,40,post,odor,True,0.025899028405547142,2.883622169494629,-1.4874773025512695
p673,process,,46,46,1,post,odor,True,-0.0828704833984375,1.9986896514892578,-1.2127362489700317
p673,process,,47,47,0,post,odor,True,-0.1793057918548584,2.105710983276367,-1.4560768604278564
p673,process,,48,48,22,post,odor,True,0.18998119235038757,2.440138816833496,-1.136540412902832
p673,process,,49,49,10,post,odor,True,-0.28546661138534546,2.034221887588501,-1.6163729429244995
p673,process,,50,50,1,post,odor,True,0.02070433273911476,1.5056120157241821,-1.3032644987106323
p673,process,,51,51,30,post,odor,True,0.2777368724346161,1.5580406188964844,-1.2138965129852295
p673,process,,52,52,12,post,odor,True,-0.2556166648864746,1.9455223083496094,-1.507066011428833
p673,process,,53,53,3,post,odor,True,0.201294407248497,1.7956057786941528,-1.1579161882400513
p673,process,,54,54,21,post,odor,True,0.015821289271116257,2.8783156871795654,-1.1102526187896729
p673,process,,55,55,22,post,odor,True,0.23676632344722748,1.508549690246582,-1.0378884077072144
p673,process,,56,56,18,post,odor,True,0.21082210540771484,2.0353028774261475,-1.2687251567840576
p673,process,,57,57,30,post,odor,True,-0.05639354884624481,1.455482006072998,-1.3022749423980713
p673,process,,58,58,17,post,odor,True,0.26420414447784424,1.7515791654586792,-1.1410669088363647
p673,process,,59,59,39,post,odor,True,0.2898941934108734,2.383175849914551,-1.2641923427581787
p673,process,,60,60,39,post,odor,True,-0.1195593923330307,1.8328089714050293,-1.1029558181762695
p673,process,,61,61,17,post,odor,True,0.003292693058028817,1.6818982362747192,-1.3319789171218872
p673,process,,62,62,4,post,odor,True,0.06425395607948303,2.2293453216552734,-1.4142348766326904
p692,process,,0,0,39,pre,odor,True,0.1991359293460846,2.6284053325653076,-2.2559220790863037
p692,process,,1,1,17,pre,odor,True,-0.2701547145843506,2.4000637531280518,-3.61946177482605
p692,process,,2,2,32,pre,odor,True,1.0884027481079102,5.144771099090576,-1.4420851469039917
p692,process,,3,3,32,pre,odor,True,0.7779939770698547,3.85217022895813,-1.8593745231628418
p692,process,,4,4,30,pre,odor,True,1.0557866096496582,4.973565101623535,-1.6743053197860718
p692,process,,5,5,40,pre,odor,True,0.8357201218605042,5.883102893829346,-3.3520889282226562
p692,process,,6,6,3,pre,odor,True,0.3034307360649109,3.437917709350586,-2.1228253841400146
p692,process,,7,7,2,pre,odor,True,0.8657004237174988,4.429594039916992,-1.8489516973495483
p692,process,,8,8,1,pre,odor,True,-0.031396422535181046,4.185503005981445,-3.2899553775787354
p692,process,,9,9,4,pre,odor,True,0.9534861445426941,4.531522750854492,-1.849414348602295
p692,process,,10,10,31,pre,odor,True,0.6706807017326355,3.2258617877960205,-2.1457700729370117
p692,process,,11,11,21,pre,odor,True,-0.39469990134239197,3.358149528503418,-2.9437367916107178
p692,process,,12,12,2,pre,odor,True,0.8344969153404236,6.128052711486816,-1.8415523767471313
p692,process,,13,13,39,pre,odor,True,0.1722731590270996,3.713982343673706,-2.1884050369262695
p692,process,,14,14,1,pre,odor,True,-0.2088019698858261,2.7759578227996826,-2.320392608642578
p692,process,,15,15,12,pre,odor,True,-0.07701639086008072,5.609216690063477,-2.345529317855835
p692,process,,16,16,22,pre,odor,True,0.4738122820854187,3.309722661972046,-2.272453784942627
p692,process,,17,17,10,pre,odor,True,1.0118703842163086,3.8220489025115967,-1.2383663654327393
p692,process,,18,18,17,pre,odor,True,0.41887468099594116,3.963843822479248,-1.323702335357666
p692,process,,19,19,31,pre,odor,True,0.48090726137161255,3.812281847000122,-1.814939022064209
p692,process,,20,20,30,pre,odor,True,0.39530977606773376,4.182532787322998,-2.4780962467193604
p692,process,,21,21,12,pre,odor,True,-0.3831772804260254,3.8726089000701904,-3.0976436138153076
p692,process,,22,22,22,pre,odor,True,0.1355501115322113,2.588717222213745,-2.619626045227051
p692,process,,23,23,4,pre,odor,True,-0.4243377149105072,2.3033552169799805,-2.7933766841888428
p692,process,,24,24,0,pre,odor,True,-0.26865002512931824,4.403524398803711,-3.6552774906158447
p692,process,,25,25,3,pre,odor,True,0.19982154667377472,4.311260223388672,-2.693087100982666
p692,process,,26,26,40,pre,odor,True,-0.18360768258571625,3.215223550796509,-2.4405131340026855
p692,process,,27,27,10,pre,odor,True,0.4633055031299591,3.166696548461914,-2.0326991081237793
p692,process,,28,28,21,pre,odor,True,0.006803741212934256,3.0729644298553467,-2.0706570148468018
p692,process,,29,29,18,pre,odor,True,0.18740388751029968,2.1743507385253906,-1.4200266599655151
p692,process,,30,30,18,pre,odor,True,0.05571792274713516,3.4185831546783447,-1.3175430297851562
p692,process,,31,31,0,pre,odor,True,0.49487999081611633,5.312613010406494,-1.1162850856781006
p692,process,,32,32,12,post,odor,True,0.17711685597896576,1.153856635093689,-0.8324861526489258
p692,process,,33,33,18,post,odor,True,0.057999372482299805,1.2526874542236328,-1.044906497001648
p692,process,,34,34,40,post,odor,True,-0.05507660284638405,1.371680736541748,-0.936080276966095
p692,process,,35,35,32,post,odor,True,-0.058015014976263046,1.769537091255188,-1.0382906198501587
p692,process,,36,36,31,post,odor,True,0.07932643592357635,1.9602376222610474,-1.2199913263320923
p692,process,,37,37,0,post,odor,True,0.47680604457855225,2.018559217453003,-1.0278736352920532
p692,process,,38,38,4,post,odor,True,0.22263094782829285,1.6508535146713257,-1.1588070392608643
p692,process,,39,39,2,post,odor,True,-0.08234400302171707,1.927937626838684,-1.246793270111084
p692,process,,40,40,3,post,odor,True,-0.45905861258506775,0.9120218753814697,-1.6903635263442993
p692,process,,41,41,21,post,odor,True,0.4386585056781769,3.130236864089966,-1.1613812446594238
p692,process,,42,42,31,post,odor,True,0.2588270306587219,1.7741482257843018,-1.1913807392120361
p692,process,,43,43,2,post,odor,True,0.0011034482158720493,2.125272035598755,-1.4358735084533691
p692,process,,44,44,32,post,odor,True,0.5111238956451416,3.3580923080444336,-0.9977524280548096
p692,process,,45,45,40,post,odor,True,0.22010967135429382,1.791725516319275,-0.7561909556388855
p692,process,,46,46,1,post,odor,True,0.45289817452430725,2.4746460914611816,-0.8915127515792847
p692,process,,47,47,0,post,odor,True,0.14173205196857452,2.0833444595336914,-1.1482322216033936
p692,process,,48,48,22,post,odor,True,-0.14999507367610931,2.202016592025757,-1.5719059705734253
p692,process,,49,49,10,post,odor,True,0.17326219379901886,3.64188289642334,-1.1592895984649658
p692,process,,50,50,1,post,odor,True,0.3286859095096588,2.0503182411193848,-1.6664215326309204
p692,process,,51,51,30,post,odor,True,-0.1755223423242569,2.002232074737549,-1.7632039785385132
p692,process,,52,52,12,post,odor,True,0.2645740509033203,2.8859565258026123,-1.7856334447860718
p692,process,,53,53,3,post,odor,True,0.28921058773994446,2.086225986480713,-1.0445009469985962
p692,process,,54,54,21,post,odor,True,-0.25873905420303345,1.0336564779281616,-1.690269947052002
p692,process,,55,55,22,post,odor,True,0.42046529054641724,3.037724018096924,-1.2342997789382935
p692,process,,56,56,18,post,odor,True,-0.028391331434249878,1.971846103668213,-1.7746957540512085
p692,process,,57,57,30,post,odor,True,0.30360350012779236,1.8859456777572632,-1.607835054397583
p692,process,,58,58,17,post,odor,True,-0.08729052543640137,2.2559494972229004,-2.039487600326538
p692,process,,59,59,39,post,odor,True,0.15157818794250488,2.1087307929992676,-1.7190368175506592
p692,process,,60,60,39,post,odor,True,0.39010971784591675,3.545212984085083,-1.8672164678573608
p692,process,,61,61,17,post,odor,True,0.750844419002533,2.9204494953155518,-0.8937671780586243
p692,process,,62,62,4,post,odor,True,-0.09006424248218536,2.838482618331909,-1.9269315004348755
p711,process,,0,0,39,pre,odor,True,-1.2042639255523682,5.114689350128174,-5.189300537109375
p711,process,,1,1,17,pre,odor,True,-0.44508278369903564,3.7821919918060303,-3.980851411819458
p711,process,,2,2,32,pre,odor,True,0.8645861744880676,6.146571159362793,-3.3471124172210693
p711,process,,3,3,32,pre,odor,True,1.330747365951538,8.30392837524414,-1.3324028253555298
p711,process,,4,4,30,pre,odor,True,0.2985764443874359,4.741714954376221,-2.9254586696624756
p711,process,,5,5,40,pre,odor,True,0.24954751133918762,2.773653984069824,-2.494791269302368
p711,process,,6,6,3,pre,odor,True,0.731887698173523,4.072438716888428,-2.180832624435425
p711,process,,7,7,2,pre,odor,True,0.819539487361908,5.117314338684082,-2.406172037124634
p711,process,,8,8,1,pre,odor,True,0.37509170174598694,3.506251811981201,-3.3680648803710938
p711,process,,9,9,4,pre,odor,True,1.3376950025558472,5.934277057647705,-1.7401056289672852
p711,process,,10,10,31,pre,odor,True,0.6214725971221924,4.037436485290527,-2.200409173965454
p711,process,,11,11,21,pre,odor,True,-0.11678142100572586,2.975738286972046,-2.9482476711273193
p711,process,,12,12,2,pre,odor,True,0.933855414390564,4.631402015686035,-2.4284873008728027
p711,process,,13,13,39,pre,odor,True,0.5647329688072205,3.803623914718628,-1.9618576765060425
p711,process,,14,14,1,pre,odor,True,0.2825947105884552,4.146028518676758,-1.8947418928146362
p711,process,,15,15,12,pre,odor,True,0.12441276013851166,3.924701452255249,-1.9492812156677246
p711,process,,16,16,22,pre,odor,True,0.9473618865013123,4.673934459686279,-2.109529972076416
p711,process,,17,17,10,pre,odor,True,1.4874037504196167,5.408417701721191,-0.9737117886543274
p711,process,,18,18,17,pre,odor,True,0.6578420400619507,3.1433985233306885,-1.8156415224075317
p711,process,,19,19,31,pre,odor,True,0.5872715711593628,3.0051796436309814,-1.3814847469329834
p711,process,,20,20,30,pre,odor,True,-0.4213087856769562,2.2883057594299316,-1.8466788530349731
p711,process,,21,21,12,pre,odor,True,-0.3478585183620453,3.220043420791626,-2.106926918029785
p711,process,,22,22,22,pre,odor,True,0.13595399260520935,2.2324025630950928,-1.4886515140533447
p711,process,,23,23,4,pre,odor,True,-0.8346523642539978,0.9766587018966675,-2.781379461288452
p711,process,,24,24,0,pre,odor,True,-0.32222780585289,3.3761308193206787,-2.774717092514038
p711,process,,25,25,3,pre,odor,True,0.4077679216861725,3.8747060298919678,-2.4100937843322754
p711,process,,26,26,40,pre,odor,True,-0.30883753299713135,2.5526156425476074,-2.8025691509246826
p711,process,,27,27,10,pre,odor,True,0.711743950843811,6.012673377990723,-1.6772695779800415
p711,process,,28,28,21,pre,odor,True,0.41628578305244446,5.2669997215271,-2.756131649017334
p711,process,,29,29,18,pre,odor,True,0.36450210213661194,3.2532174587249756,-1.621323823928833
p711,process,,30,30,18,pre,odor,True,-0.6430646181106567,1.1825388669967651,-2.1064722537994385
p711,process,,31,31,0,pre,odor,True,0.03766552358865738,2.9137706756591797,-2.6810994148254395
p711,process,,32,32,12,post,odor,True,-0.14784906804561615,1.1160335540771484,-1.3363596200942993
p711,process,,33,33,18,post,odor,True,0.20580467581748962,2.7097485065460205,-1.2744845151901245
p711,process,,34,34,40,post,odor,True,0.08834075927734375,1.3224139213562012,-0.8280580639839172
p711,process,,35,35,32,post,odor,True,-0.15936411917209625,1.141379475593567,-1.4331212043762207
p711,process,,36,36,31,post,odor,True,0.05436577647924423,2.262343168258667,-1.1966612339019775
p711,process,,37,37,0,post,odor,True,0.23407158255577087,2.105240821838379,-1.2112330198287964
p711,process,,38,38,4,post,odor,True,0.04736478626728058,1.674212098121643,-1.1378674507141113
p711,process,,39,39,2,post,odor,True,-0.2196282595396042,1.611772894859314,-1.3412928581237793
p711,process,,40,40,3,post,odor,True,0.11304060369729996,2.1701972484588623,-0.9254990220069885
p711,process,,41,41,21,post,odor,True,-0.0035986164584755898,1.8818790912628174,-1.201175570487976
p711,process,,42,42,31,post,odor,True,0.05729242041707039,2.3389830589294434,-0.9717386364936829
p711,process,,43,43,2,post,odor,True,0.20113293826580048,1.8885847330093384,-0.9214726686477661
p711,process,,44,44,32,post,odor,True,0.1932874321937561,2.300428628921509,-1.3374595642089844
p711,process,,45,45,40,post,odor,True,-0.008583196438848972,2.024675130844116,-1.2925432920455933
p711,process,,46,46,1,post,odor,True,-0.01084881741553545,1.237280249595642,-1.282863974571228
p711,process,,47,47,0,post,odor,True,0.01949695497751236,1.3586574792861938,-1.2599902153015137
p711,process,,48,48,22,post,odor,True,0.03477462753653526,1.7785142660140991,-1.26073157787323
p711,process,,49,49,10,post,odor,True,0.17211836576461792,2.103411912918091,-1.2964460849761963
p711,process,,50,50,1,post,odor,True,0.08202709257602692,2.161804676055908,-1.1878644227981567
p711,process,,51,51,30,post,odor,True,0.14902344346046448,2.0846571922302246,-0.9900628924369812
p711,process,,52,52,12,post,odor,True,0.3739849627017975,1.980904221534729,-0.8447773456573486
p711,process,,53,53,3,post,odor,True,0.10191158205270767,1.4130767583847046,-1.588667869567871
p711,process,,54,54,21,post,odor,True,0.31320300698280334,3.021252155303955,-0.9915783405303955
p711,process,,55,55,22,post,odor,True,0.20984438061714172,2.5148024559020996,-0.9587347507476807
p711,process,,56,56,18,post,odor,True,-0.2536303699016571,2.250586748123169,-1.235478162765503
p711,process,,57,57,30,post,odor,True,0.06362906098365784,2.5786335468292236,-1.1808198690414429
p711,process,,58,58,17,post,odor,True,0.13385432958602905,2.0356149673461914,-1.2182903289794922
p711,process,,59,59,39,post,odor,True,-0.11450634151697159,2.371670722961426,-1.2471818923950195
p711,process,,60,60,39,post,odor,True,-0.061419155448675156,1.642791509628296,-1.110952615737915
p711,process,,61,61,17,post,odor,True,0.11613375693559647,2.124164581298828,-1.1097090244293213
p711,process,,62,62,4,post,odor,True,0.06632848083972931,1.4978399276733398,-1.2319567203521729
p730,process,,0,0,39,pre,odor,True,0.3726707994937897,3.871462106704712,-2.575390100479126
p730,process,,1,1,17,pre,odor,True,-0.944724440574646,2.332563877105713,-3.671618938446045
p730,process,,2,2,32,pre,odor,True,0.5948852300643921,4.8569254875183105,-2.293954610824585
p730,process,,3,3,32,pre,odor,True,0.1677403748035431,3.8113532066345215,-1.9806485176086426
p730,process,,4,4,30,pre,odor,True,0.23400886356830597,4.166180610656738,-2.366365432739258
p730,process,,5,5,40,pre,odor,True,0.01739788055419922,3.141641139984131,-2.473146915435791
p730,process,,6,6,3,pre,odor,True,0.3381214737892151,3.444697141647339,-2.5176711082458496
p730,process,,7,7,2,pre,odor,True,0.7327475547790527,3.5553476810455322,-2.3359618186950684
p730,process,,8,8,1,pre,odor,True,0.9609149694442749,7.248039722442627,-1.5359026193618774
p730,process,,9,9,4,pre,odor,True,1.004960060119629,4.380279541015625,-0.9329221248626709
p730,process,,10,10,31,pre,odor,True,0.7668393850326538,5.908971309661865,-1.013697624206543
p730,process,,11,11,21,pre,odor,True,-0.49817588925361633,3.7808876037597656,-3.1669085025787354
p730,process,,12,12,2,pre,odor,True,0.1325221210718155,5.27787971496582,-2.2285373210906982
p730,process,,13,13,39,pre,odor,True,-0.36729133129119873,2.5087568759918213,-2.374966859817505
p730,process,,14,14,1,pre,odor,True,0.5075164437294006,3.432633638381958,-2.9352357387542725
p730,process,,15,15,12,pre,odor,True,1.1629974842071533,5.976510524749756,-2.0785763263702393
p730,process,,16,16,22,pre,odor,True,0.30088698863983154,3.5584046840667725,-1.8646594285964966
p730,process,,17,17,10,pre,odor,True,1.0931003093719482,3.7093122005462646,-1.7694090604782104
p730,process,,18,18,17,pre,odor,True,-0.6270304918289185,2.4256703853607178,-2.475888729095459
p730,process,,19,19,31,pre,odor,True,0.08743766695261002,1.6455079317092896,-1.4534305334091187
p730,process,,20,20,30,pre,odor,True,-0.07395284622907639,4.934520721435547,-2.0315747261047363
p730,process,,21,21,12,pre,odor,True,-0.06277628242969513,4.399473667144775,-2.3179216384887695
p730,process,,22,22,22,pre,odor,True,0.030740661546587944,2.610424041748047,-1.7180564403533936
p730,process,,23,23,4,pre,odor,True,-0.40161243081092834,3.6233420372009277,-2.497443437576294
p730,process,,24,24,0,pre,odor,True,-0.00853237695991993,5.670547008514404,-3.176532030105591
p730,process,,25,25,3,pre,odor,True,0.20149829983711243,2.7242908477783203,-2.2484536170959473
p730,process,,26,26,40,pre,odor,True,-0.5700634717941284,1.84623122215271,-3.1972062587738037
p730,process,,27,27,10,pre,odor,True,1.1176292896270752,5.917520523071289,-1.8567291498184204
p730,process,,28,28,21,pre,odor,True,0.1855686604976654,4.297860145568848,-2.2498481273651123
p730,process,,29,29,18,pre,odor,True,-0.2809288501739502,2.396641492843628,-1.9965628385543823
p730,process,,30,30,18,pre,odor,True,-0.7909113764762878,1.6093894243240356,-3.0043447017669678
p730,process,,31,31,0,pre,odor,True,0.22847920656204224,4.928256034851074,-2.2158143520355225
p730,process,,32,32,12,post,odor,True,0.26322808861732483,1.8585785627365112,-0.9362473487854004
p730,process,,33,33,18,post,odor,True,-0.21130657196044922,0.976052463054657,-1.3964797258377075
p730,process,,34,34,40,post,odor,True,0.038990143686532974,1.90631902217865,-1.3817952871322632
p730,process,,35,35,32,post,odor,True,-0.06716711074113846,1.5239487886428833,-1.175876259803772
p730,process,,36,36,31,post,odor,True,-0.07634617388248444,1.655281662940979,-1.1188461780548096
p730,process,,37,37,0,post,odor,True,0.33822086453437805,3.206389904022217,-1.0170767307281494
p730,process,,38,38,4,post,odor,True,0.12684760987758636,2.646728038787842,-1.0791420936584473
p730,process,,39,39,2,post,odor,True,0.251833438873291,1.2873646020889282,-1.3408581018447876
p730,process,,40,40,3,post,odor,True,0.23098504543304443,1.7626285552978516,-0.912047803401947
p730,process,,41,41,21,post,odor,True,0.02983575500547886,1.6483122110366821,-1.0526398420333862
p730,process,,42,42,31,post,odor,True,0.06571534276008606,2.0263895988464355,-1.0446449518203735
p730,process,,43,43,2,post,odor,True,0.10331939160823822,3.2066690921783447,-1.0917199850082397
p730,process,,44,44,32,post,odor,True,0.015946367755532265,1.491206169128418,-1.0591729879379272
p730,process,,45,45,40,post,odor,True,0.1241394430398941,1.9511277675628662,-0.9806402921676636
p730,process,,46,46,1,post,odor,True,-0.013111305423080921,1.6622767448425293,-1.2787939310073853
p730,process,,47,47,0,post,odor,True,-0.10077040642499924,1.265765905380249,-1.464046597480774
p730,process,,48,48,22,post,odor,True,-0.08483391255140305,2.876579761505127,-1.2577078342437744
p730,process,,49,49,10,post,odor,True,0.20353810489177704,2.3008816242218018,-1.1717232465744019
p730,process,,50,50,1,post,odor,True,0.005642296280711889,2.230466604232788,-1.2981460094451904
p730,process,,51,51,30,post,odor,True,-0.14445115625858307,1.5793216228485107,-1.4152414798736572
p730,process,,52,52,12,post,odor,True,0.04558239132165909,2.9204819202423096,-1.203058123588562
p730,process,,53,53,3,post,odor,True,0.10968545824289322,2.0937490463256836,-1.49065101146698
p730,process,,54,54,21,post,odor,True,-0.041717447340488434,1.495781421661377,-1.1516999006271362
p730,process,,55,55,22,post,odor,True,-0.05418402701616287,1.5484691858291626,-1.316614031791687
p730,process,,56,56,18,post,odor,True,-0.1658843457698822,1.7903951406478882,-1.6099307537078857
p730,process,,57,57,30,post,odor,True,0.006768678314983845,1.348793864250183,-0.9623653292655945
p730,process,,58,58,17,post,odor,True,0.000639593112282455,3.1275885105133057,-1.1741546392440796
p730,process,,59,59,39,post,odor,True,0.1395920366048813,1.5285062789916992,-1.2306549549102783
p730,process,,60,60,39,post,odor,True,0.05321797356009483,2.1076674461364746,-1.3102788925170898
p730,process,,61,61,17,post,odor,True,0.17289534211158752,1.7415878772735596,-1.227291226387024
p730,process,,62,62,4,post,odor,True,0.19539973139762878,2.4254817962646484,-1.392045259475708
p749,process,,0,0,39,pre,odor,True,-0.4771096110343933,2.131527900695801,-2.6317996978759766
p749,process,,1,1,17,pre,odor,True,-0.835910439491272,2.0227086544036865,-3.289523124694824
p749,process,,2,2,32,pre,odor,True,0.09171393513679504,2.7244741916656494,-3.6413638591766357
p749,process,,3,3,32,pre,odor,True,-0.14814302325248718,2.478144407272339,-2.4857048988342285
p749,process,,4,4,30,pre,odor,True,-0.32279229164123535,3.117093324661255,-3.020368814468384
p749,process,,5,5,40,pre,odor,True,0.3957177698612213,2.6365344524383545,-1.8252513408660889
p749,process,,6,6,3,pre,odor,True,-0.12933851778507233,2.199854612350464,-3.3655929565429688
p749,process,,7,7,2,pre,odor,True,1.2553668022155762,4.381662845611572,-0.5626526474952698
p749,process,,8,8,1,pre,odor,True,0.6772770285606384,3.444248914718628,-1.4019925594329834
p749,process,,9,9,4,pre,odor,True,1.2507351636886597,3.6504979133605957,-1.4848217964172363
p749,process,,10,10,31,pre,odor,True,-0.5086367130279541,2.6620633602142334,-2.840632200241089
p749,process,,11,11,21,pre,odor,True,-1.2375861406326294,0.6177272796630859,-3.6658878326416016
p749,process,,12,12,2,pre,odor,True,-0.2596589922904968,2.540659189224243,-1.915463924407959
p749,process,,13,13,39,pre,odor,True,0.0474565252661705,2.5418834686279297,-2.024561643600464
p749,process,,14,14,1,pre,odor,True,0.2772946059703827,3.322030544281006,-2.0163333415985107
p749,process,,15,15,12,pre,odor,True,0.3836316466331482,4.280603408813477,-3.165060520172119
p749,process,,16,16,22,pre,odor,True,0.30540603399276733,4.13789701461792,-3.3592751026153564
p749,process,,17,17,10,pre,odor,True,1.6196327209472656,4.1782684326171875,-1.560113549232483
p749,process,,18,18,17,pre,odor,True,-1.0554146766662598,3.226790189743042,-4.641960620880127
p749,process,,19,19,31,pre,odor,True,0.33045637607574463,3.097677230834961,-1.800445795059204
p749,process,,20,20,30,pre,odor,True,-0.8351629376411438,2.2836575508117676,-3.454472303390503
p749,process,,21,21,12,pre,odor,True,-1.3977879285812378,2.1907799243927,-3.9472038745880127
p749,process,,22,22,22,pre,odor,True,-0.41219180822372437,2.890428304672241,-3.742906332015991
p749,process,,23,23,4,pre,odor,True,-1.005467176437378,2.9989278316497803,-4.122020721435547
p749,process,,24,24,0,pre,odor,True,-1.2394914627075195,2.537065029144287,-5.507539749145508
p749,process,,25,25,3,pre,odor,True,0.20348869264125824,3.527047634124756,-1.4037189483642578
p749,process,,26,26,40,pre,odor,True,-1.0024304389953613,2.69315505027771,-4.919628143310547
p749,process,,27,27,10,pre,odor,True,1.6564046144485474,5.46855354309082,-2.170003890991211
p749,process,,28,28,21,pre,odor,True,-0.35784462094306946,3.680081844329834,-3.3304524421691895
p749,process,,29,29,18,pre,odor,True,-0.399458646774292,3.000746011734009,-2.2360687255859375
p749,process,,30,30,18,pre,odor,True,-1.3735169172286987,0.3332885801792145,-3.663973569869995
p749,process,,31,31,0,pre,odor,True,-0.46326857805252075,1.8338241577148438,-2.47786808013916
p749,process,,32,32,12,post,odor,True,0.24427580833435059,1.6750309467315674,-0.6472474932670593
p749,process,,33,33,18,post,odor,True,0.07272094488143921,1.100355863571167,-0.9764664769172668
p749,process,,34,34,40,post,odor,True,0.173981711268425,1.9489909410476685,-1.3255594968795776
p749,process,,35,35,32,post,odor,True,0.3115507960319519,1.6760280132293701,-0.6546738147735596
p749,process,,36,36,31,post,odor,True,-0.20490065217018127,0.6729638576507568,-0.9298080205917358
p749,process,,37,37,0,post,odor,True,0.3067687153816223,1.5727243423461914,-1.0926343202590942
p749,process,,38,38,4,post,odor,True,-0.2859313488006592,0.6039998531341553,-1.2098926305770874
p749,process,,39,39,2,post,odor,True,-0.08543194830417633,1.3347938060760498,-1.1640903949737549
p749,process,,40,40,3,post,odor,True,-0.0423869751393795,1.1656630039215088,-1.1201763153076172
p749,process,,41,41,21,post,odor,True,0.5799005627632141,2.5191314220428467,-0.6530079245567322
p749,process,,42,42,31,post,odor,True,0.0003033260290976614,1.470886468887329,-0.8048118948936462
p749,process,,43,43,2,post,odor,True,-0.2594262957572937,1.0718629360198975,-1.1447299718856812
p749,process,,44,44,32,post,odor,True,0.16481854021549225,1.5244694948196411,-0.810327410697937
p749,process,,45,45,40,post,odor,True,0.15151050686836243,1.1454709768295288,-0.7785823345184326
p749,process,,46,46,1,post,odor,True,0.3765302300453186,1.2002437114715576,-0.5105772614479065
p749,process,,47,47,0,post,odor,True,0.011015025898814201,0.9039687514305115,-0.7528761625289917
p749,process,,48,48,22,post,odor,True,0.0017377991462126374,1.0664594173431396,-0.8918429017066956
p749,process,,49,49,10,post,odor,True,0.12713488936424255,1.6089414358139038,-1.3351351022720337
p749,process,,50,50,1,post,odor,True,0.1283072978258133,1.2246330976486206,-1.0047633647918701
p749,process,,51,51,30,post,odor,True,-0.07799526304006577,0.5780150890350342,-0.788706362247467
p749,process,,52,52,12,post,odor,True,0.026173049584031105,1.1597566604614258,-0.9798632264137268
p749,process,,53,53,3,post,odor,True,0.04177913814783096,1.278045654296875,-1.121225357055664
p749,process,,54,54,21,post,odor,True,0.5110036134719849,2.0545945167541504,-1.1926929950714111
p749,process,,55,55,22,post,odor,True,0.1501726657152176,1.0693145990371704,-0.8032702207565308
p749,process,,56,56,18,post,odor,True,-0.13477033376693726,1.3844858407974243,-1.1003086566925049
p749,process,,57,57,30,post,odor,True,-0.1946830153465271,1.6009509563446045,-1.0701016187667847
p749,process,,58,58,17,post,odor,True,-0.017917824909090996,1.359736680984497,-1.390900731086731
p749,process,,59,59,39,post,odor,True,0.30543091893196106,1.3374651670455933,-0.6729806661605835
p749,process,,60,60,39,post,odor,True,0.4999839663505554,2.083181142807007,-0.8328025341033936
p749,process,,61,61,17,post,odor,True,0.0034297045785933733,1.3833385705947876,-1.1361465454101562
p749,process,,62,62,4,post,odor,True,0.02682548016309738,1.389538288116455,-0.9497561454772949
p768,process,,0,0,39,pre,odor,True,-0.4496898651123047,3.530214309692383,-3.490323305130005
p768,process,,1,1,17,pre,odor,True,-0.9567436575889587,2.2737131118774414,-3.234621047973633
p768,process,,2,2,32,pre,odor,True,4.135356426239014,6.963827133178711,-0.8860276341438293
p768,process,,3,3,32,pre,odor,True,3.3377859592437744,7.905868053436279,-2.059386730194092
p768,process,,4,4,30,pre,odor,True,2.891885995864868,9.325113296508789,0.10673800110816956
p768,process,,5,5,40,pre,odor,True,0.7321927547454834,3.593595027923584,-2.4390878677368164
p768,process,,6,6,3,pre,odor,True,1.341118574142456,6.298546314239502,-1.5248703956604004
p768,process,,7,7,2,pre,odor,True,1.1842743158340454,4.027034759521484,-2.229806900024414
p768,process,,8,8,1,pre,odor,True,0.9151214957237244,4.821764945983887,-2.6479814052581787
p768,process,,9,9,4,pre,odor,True,2.6435015201568604,6.736146926879883,-0.9066654443740845
p768,process,,10,10,31,pre,odor,True,1.5568991899490356,4.463552474975586,-1.1141403913497925
p768,process,,11,11,21,pre,odor,True,-0.24306845664978027,3.5164031982421875,-2.6657512187957764
p768,process,,12,12,2,pre,odor,True,0.4051855504512787,3.999946117401123,-2.5070714950561523
p768,process,,13,13,39,pre,odor,True,0.6388447880744934,5.475637912750244,-2.3313939571380615
p768,process,,14,14,1,pre,odor,True,0.8997071981430054,4.586696147918701,-1.572600245475769
p768,process,,15,15,12,pre,odor,True,1.10747230052948,4.880216598510742,-2.1773288249969482
p768,process,,16,16,22,pre,odor,True,2.223551034927368,8.962370872497559,-1.7495416402816772
p768,process,,17,17,10,pre,odor,True,2.194963216781616,6.86620569229126,-1.6666117906570435
p768,process,,18,18,17,pre,odor,True,0.3743130564689636,3.7436206340789795,-1.9530493021011353
p768,process,,19,19,31,pre,odor,True,0.051689352840185165,3.5569863319396973,-1.9459556341171265
p768,process,,20,20,30,pre,odor,True,-0.45345553755760193,1.5797765254974365,-2.9165091514587402
p768,process,,21,21,12,pre,odor,True,-0.6230708956718445,3.430908679962158,-2.8287084102630615
p768,process,,22,22,22,pre,odor,True,0.0862845703959465,1.9624210596084595,-2.074636220932007
p768,process,,23,23,4,pre,odor,True,-0.07667489349842072,2.475691556930542,-2.0066335201263428
p768,process,,24,24,0,pre,odor,True,-0.4636048376560211,3.144585609436035,-4.033130645751953
p768,process,,25,25,3,pre,odor,True,0.5170745253562927,2.9394946098327637,-2.249896764755249
p768,process,,26,26,40,pre,odor,True,-0.4183429181575775,3.0169310569763184,-2.553739309310913
p768,process,,27,27,10,pre,odor,True,1.0112900733947754,5.140968322753906,-2.7651889324188232
p768,process,,28,28,21,pre,odor,True,-0.8266621828079224,1.5315524339675903,-3.081533670425415
p768,process,,29,29,18,pre,odor,True,0.03995102643966675,2.16648268699646,-2.0384347438812256
p768,process,,30,30,18,pre,odor,True,-0.8203792572021484,1.3071924448013306,-2.726858615875244
p768,process,,31,31,0,pre,odor,True,0.07497205585241318,3.6125524044036865,-1.9915356636047363
p768,process,,32,32,12,post,odor,True,0.10937967151403427,1.7508046627044678,-1.3017418384552002
p768,process,,33,33,18,post,odor,True,0.016328124329447746,2.034681558609009,-1.3001395463943481
p768,process,,34,34,40,post,odor,True,0.10121896117925644,2.053276300430298,-1.1903377771377563
p768,process,,35,35,32,post,odor,True,-0.036250390112400055,2.0695641040802,-1.4050308465957642
p768,process,,36,36,31,post,odor,True,0.09197746217250824,1.4902896881103516,-1.0635125637054443
p768,process,,37,37,0,post,odor,True,0.07248589396476746,1.7779834270477295,-1.3058772087097168
p768,process,,38,38,4,post,odor,True,0.15497389435768127,2.2519218921661377,-0.9252771139144897
p768,process,,39,39,2,post,odor,True,0.15391653776168823,2.4673683643341064,-1.1087373495101929
p768,process,,40,40,3,post,odor,True,0.08484376966953278,2.1449215412139893,-1.1586852073669434
p768,process,,41,41,21,post,odor,True,0.16549375653266907,2.460054636001587,-1.3705857992172241
p768,process,,42,42,31,post,odor,True,0.047238707542419434,1.7643144130706787,-1.6341965198516846
p768,process,,43,43,2,post,odor,True,0.09825292974710464,2.2473416328430176,-1.1868482828140259
p768,process,,44,44,32,post,odor,True,-0.0627647116780281,1.2682846784591675,-1.066733956336975
p768,process,,45,45,40,post,odor,True,0.09445750713348389,1.8097931146621704,-1.1577311754226685
p768,process,,46,46,1,post,odor,True,0.025907516479492188,1.5910502672195435,-1.2689971923828125
p768,process,,47,47,0,post,odor,True,-0.16399891674518585,1.0029467344284058,-1.21451997756958
p768,process,,48,48,22,post,odor,True,-0.45559459924697876,0.561291515827179,-1.5722976922988892
p768,process,,49,49,10,post,odor,True,0.174151211977005,2.02978777885437,-0.8618839383125305
p768,process,,50,50,1,post,odor,True,0.2468787580728531,2.419175386428833,-1.6181988716125488
p768,process,,51,51,30,post,odor,True,0.2838549017906189,2.24473237991333,-1.0455758571624756
p768,process,,52,52,12,post,odor,True,-0.14360518753528595,1.3587802648544312,-1.4139484167099
p768,process,,53,53,3,post,odor,True,0.39121851325035095,2.3548429012298584,-0.9586650729179382
p768,process,,54,54,21,post,odor,True,0.28072410821914673,2.4124755859375,-1.2024024724960327
p768,process,,55,55,22,post,odor,True,0.13047480583190918,2.7431933879852295,-1.5042798519134521
p768,process,,56,56,18,post,odor,True,0.005355722736567259,1.409647822380066,-1.5275603532791138
p768,process,,57,57,30,post,odor,True,-0.15280982851982117,1.554438591003418,-1.146267294883728
p768,process,,58,58,17,post,odor,True,0.1421884298324585,2.3126213550567627,-1.0194976329803467
p768,process,,59,59,39,post,odor,True,-0.10957248508930206,1.90733802318573,-1.4050790071487427
p768,process,,60,60,39,post,odor,True,0.10996542870998383,1.8194704055786133,-0.9227455854415894
p768,process,,61,61,17,post,odor,True,0.10307259857654572,1.4346336126327515,-1.1043726205825806
p768,process,,62,62,4,post,odor,True,0.08324301987886429,1.323377013206482,-1.1397018432617188
p787,process,,0,0,39,pre,odor,True,1.2147271633148193,5.2727484703063965,-3.9269049167633057
p787,process,,1,1,17,pre,odor,True,-0.42018207907676697,6.909331798553467,-4.182974815368652
p787,process,,2,2,32,pre,odor,True,4.91404914855957,8.865389823913574,-0.5759347677230835
p787,process,,3,3,32,pre,odor,True,6.239600658416748,14.859051704406738,-0.5972575545310974
p787,process,,4,4,30,pre,odor,True,5.21042013168335,9.140167236328125,-1.6357393264770508
p787,process,,5,5,40,pre,odor,True,2.132310628890991,6.206313133239746,-2.0039730072021484
p787,process,,6,6,3,pre,odor,True,3.3872828483581543,9.410760879516602,-1.1522191762924194
p787,process,,7,7,2,pre,odor,True,3.3905389308929443,8.419584274291992,-1.7457128763198853
p787,process,,8,8,1,pre,odor,True,1.8675038814544678,6.126553535461426,-1.9312784671783447
p787,process,,9,9,4,pre,odor,True,3.219846487045288,8.410789489746094,-1.2238754034042358
p787,process,,10,10,31,pre,odor,True,2.944692850112915,8.220787048339844,-1.4456734657287598
p787,process,,11,11,21,pre,odor,True,4.389555931091309,9.042860984802246,-2.072195291519165
p787,process,,12,12,2,pre,odor,True,1.7300841808319092,4.815832138061523,-1.8287919759750366
p787,process,,13,13,39,pre,odor,True,0.98311448097229,4.419824123382568,-1.1691101789474487
p787,process,,14,14,1,pre,odor,True,1.8428666591644287,6.415567874908447,-0.9930376410484314
p787,process,,15,15,12,pre,odor,True,1.1337746381759644,5.708049297332764,-2.5095651149749756
p787,process,,16,16,22,pre,odor,True,2.9688680171966553,7.854635715484619,-2.8338093757629395
p787,process,,17,17,10,pre,odor,True,2.5108237266540527,5.660972595214844,-1.985519528388977
p787,process,,18,18,17,pre,odor,True,0.12244074791669846,2.6243088245391846,-1.813607096672058
p787,process,,19,19,31,pre,odor,True,2.8234453201293945,6.146690368652344,-1.0975244045257568
p787,process,,20,20,30,pre,odor,True,1.6638102531433105,5.300241470336914,-1.4935698509216309
p787,process,,21,21,12,pre,odor,True,1.1079497337341309,4.534571647644043,-0.9382070302963257
p787,process,,22,22,22,pre,odor,True,2.019707679748535,6.000295162200928,-2.579871892929077
p787,process,,23,23,4,pre,odor,True,0.9558544158935547,5.170354843139648,-1.8113824129104614
p787,process,,24,24,0,pre,odor,True,1.141334891319275,6.019592761993408,-2.055331230163574
p787,process,,25,25,3,pre,odor,True,1.9232064485549927,7.412162780761719,-2.032083749771118
p787,process,,26,26,40,pre,odor,True,0.6696210503578186,7.000120639801025,-1.9321942329406738
p787,process,,27,27,10,pre,odor,True,1.9959633350372314,6.219874382019043,-1.7933135032653809
p787,process,,28,28,21,pre,odor,True,5.191042900085449,8.50458812713623,0.7396595478057861
p787,process,,29,29,18,pre,odor,True,1.0293375253677368,5.5195159912109375,-1.516081690788269
p787,process,,30,30,18,pre,odor,True,0.16061639785766602,4.357952117919922,-2.562018394470215
p787,process,,31,31,0,pre,odor,True,1.9271221160888672,6.448693752288818,-1.7674065828323364
p787,process,,32,32,12,post,odor,True,0.5975197553634644,2.4045631885528564,-0.9788260459899902
p787,process,,33,33,18,post,odor,True,0.9200307130813599,3.4457976818084717,-1.2360297441482544
p787,process,,34,34,40,post,odor,True,0.1547558605670929,2.088728904724121,-1.9010018110275269
p787,process,,35,35,32,post,odor,True,0.22970999777317047,2.271660327911377,-0.9940294623374939
p787,process,,36,36,31,post,odor,True,0.11020387709140778,2.0634570121765137,-1.268109679222107
p787,process,,37,37,0,post,odor,True,-0.06418836116790771,1.8629111051559448,-1.5114554166793823
p787,process,,38,38,4,post,odor,True,0.5492881536483765,3.0737805366516113,-0.7889312505722046
p787,process,,39,39,2,post,odor,True,0.7890979051589966,3.7972817420959473,-0.973115861415863
p787,process,,40,40,3,post,odor,True,0.7612478137016296,2.5290884971618652,-0.9891101717948914
p787,process,,41,41,21,post,odor,True,4.120855331420898,8.161081314086914,-0.9251987338066101
p787,process,,42,42,31,post,odor,True,0.2592243254184723,2.362788200378418,-1.3735681772232056
p787,process,,43,43,2,post,odor,True,0.42651668190956116,2.415090560913086,-1.1262123584747314
p787,process,,44,44,32,post,odor,True,0.13813914358615875,2.7637181282043457,-1.1231087446212769
p787,process,,45,45,40,post,odor,True,-0.17484872043132782,2.4486255645751953,-1.333306074142456
p787,process,,46,46,1,post,odor,True,0.07454697042703629,1.558462381362915,-1.0108342170715332
p787,process,,47,47,0,post,odor,True,0.13890665769577026,1.663001537322998,-1.3713431358337402
p787,process,,48,48,22,post,odor,True,0.07292456924915314,1.8053832054138184,-1.1558220386505127
p787,process,,49,49,10,post,odor,True,-0.014331848360598087,2.606174945831299,-1.2283884286880493
p787,process,,50,50,1,post,odor,True,0.03773348405957222,1.5374011993408203,-0.8160379528999329
p787,process,,51,51,30,post,odor,True,1.0626628398895264,3.6153385639190674,-0.6285619139671326
p787,process,,52,52,12,post,odor,True,0.5290666222572327,3.0965795516967773,-1.9298622608184814
p787,process,,53,53,3,post,odor,True,0.9188207983970642,3.2970125675201416,-0.932241678237915
p787,process,,54,54,21,post,odor,True,3.579106569290161,8.08752727508545,-1.2433795928955078
p787,process,,55,55,22,post,odor,True,0.2666230797767639,2.5947468280792236,-1.0955759286880493
p787,process,,56,56,18,post,odor,True,0.8916929960250854,2.536686897277832,-0.9876677393913269
p787,process,,57,57,30,post,odor,True,0.9298232793807983,3.7148420810699463,-1.2358330488204956
p787,process,,58,58,17,post,odor,True,0.367920458316803,2.151301622390747,-1.2638295888900757
p787,process,,59,59,39,post,odor,True,-0.03032849356532097,1.6409748792648315,-1.0458155870437622
p787,process,,60,60,39,post,odor,True,0.0305503997951746,2.216343641281128,-1.2777143716812134
p787,process,,61,61,17,post,odor,True,0.4897668957710266,2.7455661296844482,-1.8937702178955078
p787,process,,62,62,4,post,odor,True,0.42942574620246887,2.011747360229492,-1.1577088832855225
p806,process,,0,0,39,pre,odor,True,-0.5851913094520569,3.272932529449463,-4.2396087646484375
p806,process,,1,1,17,pre,odor,True,-0.3250278830528259,2.9558799266815186,-3.797991991043091
p806,process,,2,2,32,pre,odor,True,4.61323356628418,6.830941677093506,1.7211830615997314
p806,process,,3,3,32,pre,odor,True,3.180809736251831,6.603242874145508,-2.431947946548462
p806,process,,4,4,30,pre,odor,True,2.890547752380371,5.822451114654541,0.3950681984424591
p806,process,,5,5,40,pre,odor,True,2.693620204925537,6.097927570343018,-1.680239200592041
p806,process,,6,6,3,pre,odor,True,2.4500179290771484,5.787579536437988,-1.3708510398864746
p806,process,,7,7,2,pre,odor,True,4.98319149017334,8.563680648803711,-0.29506880044937134
p806,process,,8,8,1,pre,odor,True,0.3509787321090698,3.1849617958068848,-4.326129913330078
p806,process,,9,9,4,pre,odor,True,5.058370113372803,8.797749519348145,-0.45708829164505005
p806,process,,10,10,31,pre,odor,True,0.449282705783844,5.215269088745117,-3.8774828910827637
p806,process,,11,11,21,pre,odor,True,1.1963938474655151,5.736555576324463,-3.4624977111816406
p806,process,,12,12,2,pre,odor,True,2.9216225147247314,6.4537224769592285,-0.29239025712013245
p806,process,,13,13,39,pre,odor,True,3.001765012741089,5.702442646026611,-0.22632761299610138
p806,process,,14,14,1,pre,odor,True,0.9100216627120972,3.4101109504699707,-1.7310707569122314
p806,process,,15,15,12,pre,odor,True,0.40866219997406006,5.277883052825928,-4.292734146118164
p806,process,,16,16,22,pre,odor,True,1.700180172920227,8.404810905456543,-3.2773051261901855
p806,process,,17,17,10,pre,odor,True,3.54651141166687,7.3197855949401855,-1.5418493747711182
p806,process,,18,18,17,pre,odor,True,0.36876609921455383,4.540958404541016,-3.4068329334259033
p806,process,,19,19,31,pre,odor,True,-0.27062758803367615,3.1308796405792236,-2.2560160160064697
p806,process,,20,20,30,pre,odor,True,-1.4751611948013306,1.6128798723220825,-3.7885496616363525
p806,process,,21,21,12,pre,odor,True,-2.0634515285491943,2.3865299224853516,-4.940728664398193
p806,process,,22,22,22,pre,odor,True,-0.9365960955619812,1.8545252084732056,-3.284503936767578
p806,process,,23,23,4,pre,odor,True,-2.450335741043091,1.2110356092453003,-4.9225897789001465
p806,process,,24,24,0,pre,odor,True,-2.1172239780426025,3.1490297317504883,-7.075481414794922
p806,process,,25,25,3,pre,odor,True,0.9387727975845337,4.731088638305664,-2.1540656089782715
p806,process,,26,26,40,pre,odor,True,-1.4342644214630127,3.067465305328369,-6.41653299331665
p806,process,,27,27,10,pre,odor,True,-0.5291908979415894,1.975730061531067,-3.6742851734161377
p806,process,,28,28,21,pre,odor,True,0.6691487431526184,4.303942680358887,-3.0638818740844727
p806,process,,29,29,18,pre,odor,True,-0.6810569763183594,2.0363264083862305,-2.7333784103393555
p806,process,,30,30,18,pre,odor,True,-2.3399088382720947,-0.34208059310913086,-3.555978775024414
p806,process,,31,31,0,pre,odor,True,-0.9325937032699585,1.5791865587234497,-3.0817134380340576
p806,process,,32,32,12,post,odor,True,0.1273011714220047,0.6681625247001648,-0.6282786130905151
p806,process,,33,33,18,post,odor,True,0.1168612390756607,0.821327269077301,-0.3497351109981537
p806,process,,34,34,40,post,odor,True,0.1229470819234848,0.5883517861366272,-0.3022972345352173
p806,process,,35,35,32,post,odor,True,0.017729701474308968,0.7231954336166382,-0.7826042175292969
p806,process,,36,36,31,post,odor,True,0.07716608047485352,0.7602693438529968,-0.36499711871147156
p806,process,,37,37,0,post,odor,True,0.08404149115085602,0.9973316788673401,-0.5508370399475098
p806,process,,38,38,4,post,odor,True,-0.0748584121465683,0.5735750198364258,-0.7066641449928284
p806,process,,39,39,2,post,odor,True,0.02941623330116272,0.5617913007736206,-0.5236443877220154
p806,process,,40,40,3,post,odor,True,0.11230068653821945,0.770153820514679,-0.6589030027389526
p806,process,,41,41,21,post,odor,True,0.43769752979278564,1.272571086883545,-0.16827891767024994
p806,process,,42,42,31,post,odor,True,-0.025290004909038544,0.6012633442878723,-0.5327556133270264
p806,process,,43,43,2,post,odor,True,-0.008381368592381477,0.5633406043052673,-0.5085622072219849
p806,process,,44,44,32,post,odor,True,0.013502528890967369,0.5685291886329651,-0.7096573710441589
p806,process,,45,45,40,post,odor,True,-0.03232051432132721,0.5600448250770569,-0.6232519149780273
p806,process,,46,46,1,post,odor,True,-0.05641533061861992,0.5038149356842041,-0.5580161809921265
p806,process,,47,47,0,post,odor,True,0.00041863552178256214,0.4866342842578888,-0.7913558483123779
p806,process,,48,48,22,post,odor,True,0.12020264565944672,0.5279223918914795,-0.4252379238605499
p806,process,,49,49,10,post,odor,True,0.009912917390465736,0.5412241220474243,-0.6429165601730347
p806,process,,50,50,1,post,odor,True,0.01392112672328949,0.5419802069664001,-0.4542182981967926
p806,process,,51,51,30,post,odor,True,0.013820812106132507,0.6243182420730591,-0.4869230389595032
p806,process,,52,52,12,post,odor,True,0.002850770717486739,0.7059453725814819,-0.5142291188240051
p806,process,,53,53,3,post,odor,True,-0.00733968848362565,0.5124938488006592,-0.4578280448913574
p806,process,,54,54,21,post,odor,True,0.23592305183410645,1.0084469318389893,-0.49115344882011414
p806,process,,55,55,22,post,odor,True,0.0762040764093399,0.7946133017539978,-0.43536096811294556
p806,process,,56,56,18,post,odor,True,0.1039959192276001,0.736136794090271,-0.36766377091407776
p806,process,,57,57,30,post,odor,True,0.026345768943428993,0.4636395573616028,-0.46809306740760803
p806,process,,58,58,17,post,odor,True,-0.06969767063856125,0.378521591424942,-0.6981433629989624
p806,process,,59,59,39,post,odor,True,0.005064898636192083,0.618185818195343,-0.5951637625694275
p806,process,,60,60,39,post,odor,True,0.14516933262348175,0.8033492565155029,-0.2682417035102844
p806,process,,61,61,17,post,odor,True,0.025972040370106697,0.6179861426353455,-0.4253886640071869
p806,process,,62,62,4,post,odor,True,0.11422742158174515,0.6557433605194092,-0.47727644443511963
p825,process,,0,0,39,pre,odor,True,0.9066054821014404,6.6372389793396,-4.356504440307617
p825,process,,1,1,17,pre,odor,True,0.10706121474504471,5.180819988250732,-3.2723445892333984
p825,process,,2,2,32,pre,odor,True,5.478816032409668,9.605518341064453,-0.5783255100250244
p825,process,,3,3,32,pre,odor,True,3.422600030899048,7.493746280670166,-0.4035661518573761
p825,process,,4,4,30,pre,odor,True,2.6112139225006104,6.595470428466797,-1.3816825151443481
p825,process,,5,5,40,pre,odor,True,1.4582270383834839,5.626047134399414,-4.750690460205078
p825,process,,6,6,3,pre,odor,True,3.518202066421509,7.122145175933838,-0.8954383730888367
p825,process,,7,7,2,pre,odor,True,3.307865619659424,6.123937129974365,-1.5444891452789307
p825,process,,8,8,1,pre,odor,True,0.8191213607788086,5.303585529327393,-3.0513713359832764
p825,process,,9,9,4,pre,odor,True,2.9240105152130127,8.914043426513672,-1.5474839210510254
p825,process,,10,10,31,pre,odor,True,3.490082263946533,8.18595027923584,-0.38529857993125916
p825,process,,11,11,21,pre,odor,True,2.0286130905151367,5.959165573120117,-3.4651377201080322
p825,process,,12,12,2,pre,odor,True,1.5997644662857056,5.71531343460083,-1.8102385997772217
p825,process,,13,13,39,pre,odor,True,1.8115391731262207,6.054265975952148,-1.9878047704696655
p825,process,,14,14,1,pre,odor,True,0.6814287900924683,3.093672275543213,-1.8812971115112305
p825,process,,15,15,12,pre,odor,True,1.350801944732666,6.286919593811035,-2.5436410903930664
p825,process,,16,16,22,pre,odor,True,2.9497225284576416,7.767838478088379,-1.3832818269729614
p825,process,,17,17,10,pre,odor,True,2.779575824737549,6.857775688171387,-0.916571855545044
p825,process,,18,18,17,pre,odor,True,0.7870638966560364,3.603517770767212,-3.3392486572265625
p825,process,,19,19,31,pre,odor,True,2.0465807914733887,5.401180744171143,-0.8314304351806641
p825,process,,20,20,30,pre,odor,True,0.4531420171260834,3.707975387573242,-3.3063101768493652
p825,process,,21,21,12,pre,odor,True,-0.24271155893802643,4.586806297302246,-3.0303308963775635
p825,process,,22,22,22,pre,odor,True,1.9788655042648315,4.489602088928223,-2.221017837524414
p825,process,,23,23,4,pre,odor,True,-0.47948333621025085,2.267822742462158,-2.85280704498291
p825,process,,24,24,0,pre,odor,True,-1.0177565813064575,3.359912395477295,-5.483871936798096
p825,process,,25,25,3,pre,odor,True,0.9457119703292847,4.9078755378723145,-1.8557072877883911
p825,process,,26,26,40,pre,odor,True,0.021466853097081184,4.932663917541504,-3.5990610122680664
p825,process,,27,27,10,pre,odor,True,0.8627620339393616,3.030066728591919,-1.5061153173446655
p825,process,,28,28,21,pre,odor,True,1.828266978263855,5.388692855834961,-0.9594802856445312
p825,process,,29,29,18,pre,odor,True,0.3182689845561981,2.889282703399658,-1.13838529586792
p825,process,,30,30,18,pre,odor,True,-1.7860602140426636,0.17932263016700745,-2.8368072509765625
p825,process,,31,31,0,pre,odor,True,0.5165771245956421,3.5135483741760254,-2.4338126182556152
p825,process,,32,32,12,post,odor,True,-0.10514473170042038,0.9635772109031677,-1.0657284259796143
p825,process,,33,33,18,post,odor,True,0.3782568573951721,1.6110601425170898,-0.8531919121742249
p825,process,,34,34,40,post,odor,True,0.11514740437269211,0.8988388180732727,-0.7050886750221252
p825,process,,35,35,32,post,odor,True,0.04730928689241409,0.9564802646636963,-0.9031792879104614
p825,process,,36,36,31,post,odor,True,0.005379119422286749,0.9046751260757446,-0.9332180023193359
p825,process,,37,37,0,post,odor,True,-0.038487453013658524,1.0329128503799438,-0.881527304649353
p825,process,,38,38,4,post,odor,True,0.09402425587177277,1.3108103275299072,-0.7550233006477356
p825,process,,39,39,2,post,odor,True,0.21242021024227142,1.067848801612854,-1.0098040103912354
p825,process,,40,40,3,post,odor,True,0.07608999311923981,1.137493371963501,-0.8960953950881958
p825,process,,41,41,21,post,odor,True,2.1968977451324463,4.155303478240967,-0.2197447121143341
p825,process,,42,42,31,post,odor,True,-0.03141072019934654,0.6389276385307312,-1.0405611991882324
p825,process,,43,43,2,post,odor,True,-0.013675231486558914,0.9737963676452637,-0.9768083095550537
p825,process,,44,44,32,post,odor,True,0.021659722551703453,0.965088963508606,-0.6236522793769836
p825,process,,45,45,40,post,odor,True,0.0024006683379411697,1.3241217136383057,-1.0113009214401245
p825,process,,46,46,1,post,odor,True,-0.0010980688966810703,0.848802924156189,-0.6085613369941711
p825,process,,47,47,0,post,odor,True,-0.05097790062427521,0.7400517463684082,-0.8866979479789734
p825,process,,48,48,22,post,odor,True,-0.04543258622288704,0.8106849789619446,-0.5879402756690979
p825,process,,49,49,10,post,odor,True,0.06004875525832176,0.8355737328529358,-0.8794738054275513
p825,process,,50,50,1,post,odor,True,-0.03569600731134415,0.8387951254844666,-0.8354138731956482
p825,process,,51,51,30,post,odor,True,0.08403299748897552,1.2577710151672363,-0.7426357865333557
p825,process,,52,52,12,post,odor,True,0.2175062894821167,1.0035157203674316,-0.5468521118164062
p825,process,,53,53,3,post,odor,True,-0.02149098739027977,0.8412171602249146,-0.9324735403060913
p825,process,,54,54,21,post,odor,True,1.9603965282440186,4.335544586181641,-0.42996862530708313
p825,process,,55,55,22,post,odor,True,0.05240235477685928,1.231086254119873,-0.9724956154823303
p825,process,,56,56,18,post,odor,True,-0.06821132451295853,1.15556001663208,-0.7601771950721741
p825,process,,57,57,30,post,odor,True,0.09924720227718353,1.0872318744659424,-0.7363682985305786
p825,process,,58,58,17,post,odor,True,-0.09287291020154953,0.6035225987434387,-0.7901949882507324
p825,process,,59,59,39,post,odor,True,0.005803850479424,0.7009022831916809,-0.8115022778511047
p825,process,,60,60,39,post,odor,True,-0.08018321543931961,0.686538815498352,-0.9997483491897583
p825,process,,61,61,17,post,odor,True,0.04045814275741577,0.6846320033073425,-0.5203215479850769
p825,process,,62,62,4,post,odor,True,0.1504664123058319,0.9521576166152954,-0.6911281943321228
p844,process,,0,0,39,pre,odor,True,0.6932187676429749,4.1416096687316895,-2.514836311340332
p844,process,,1,1,17,pre,odor,True,-0.1426626294851303,3.1514148712158203,-4.604588508605957
p844,process,,2,2,32,pre,odor,True,1.8472754955291748,5.810312271118164,-1.813367247581482
p844,process,,3,3,32,pre,odor,True,1.2864428758621216,5.135044574737549,-1.6023379564285278
p844,process,,4,4,30,pre,odor,True,0.8665739297866821,4.107359886169434,-2.5903661251068115
p844,process,,5,5,40,pre,odor,True,-0.037182893604040146,3.172724723815918,-2.982792854309082
p844,process,,6,6,3,pre,odor,True,0.9744783639907837,4.427875995635986,-1.437666654586792
p844,process,,7,7,2,pre,odor,True,0.634678840637207,3.6959784030914307,-2.340566396713257
p844,process,,8,8,1,pre,odor,True,-0.6834681630134583,2.5080463886260986,-3.4551873207092285
p844,process,,9,9,4,pre,odor,True,1.037962555885315,7.807267189025879,-1.7112654447555542
p844,process,,10,10,31,pre,odor,True,1.3775513172149658,4.340818405151367,-0.8175386190414429
p844,process,,11,11,21,pre,odor,True,1.140998125076294,5.094761848449707,-1.7836837768554688
p844,process,,12,12,2,pre,odor,True,0.8860650062561035,3.8057167530059814,-1.6209716796875
p844,process,,13,13,39,pre,odor,True,0.5980633497238159,5.4772796630859375,-2.809546947479248
p844,process,,14,14,1,pre,odor,True,0.12972436845302582,4.239840507507324,-2.594058036804199
p844,process,,15,15,12,pre,odor,True,0.9738720655441284,4.5710368156433105,-1.9729769229888916
p844,process,,16,16,22,pre,odor,True,0.9792749881744385,4.334001064300537,-1.1122548580169678
p844,process,,17,17,10,pre,odor,True,0.8330968618392944,3.892190933227539,-1.601336121559143
p844,process,,18,18,17,pre,odor,True,0.5506998896598816,4.9349565505981445,-1.6102404594421387
p844,process,,19,19,31,pre,odor,True,0.9109993577003479,3.6438727378845215,-1.5153416395187378
p844,process,,20,20,30,pre,odor,True,-0.23453110456466675,3.837770938873291,-1.9212291240692139
p844,process,,21,21,12,pre,odor,True,0.08373513072729111,3.1979475021362305,-2.164421796798706
p844,process,,22,22,22,pre,odor,True,0.6038875579833984,4.291488170623779,-1.9376884698867798
p844,process,,23,23,4,pre,odor,True,-0.11615215241909027,2.985180616378784,-2.159001588821411
p844,process,,24,24,0,pre,odor,True,-0.35493189096450806,3.2237131595611572,-3.288831949234009
p844,process,,25,25,3,pre,odor,True,0.44879865646362305,4.518599033355713,-1.8645052909851074
p844,process,,26,26,40,pre,odor,True,-0.186313197016716,2.1000468730926514,-2.1761703491210938
p844,process,,27,27,10,pre,odor,True,0.10664867609739304,2.7301113605499268,-2.6479997634887695
p844,process,,28,28,21,pre,odor,True,1.1626077890396118,4.06386661529541,-0.9540337920188904
p844,process,,29,29,18,pre,odor,True,0.1065513864159584,3.2912306785583496,-1.9244059324264526
p844,process,,30,30,18,pre,odor,True,-0.7818219065666199,1.4307074546813965,-2.5537259578704834
p844,process,,31,31,0,pre,odor,True,-0.058531515300273895,2.1281261444091797,-2.8592772483825684
p844,process,,32,32,12,post,odor,True,-0.05747579410672188,1.3008190393447876,-1.2316453456878662
p844,process,,33,33,18,post,odor,True,0.3063916862010956,2.5831222534179688,-1.1990877389907837
p844,process,,34,34,40,post,odor,True,0.114141546189785,2.4277966022491455,-1.2627372741699219
p844,process,,35,35,32,post,odor,True,0.07004743069410324,2.082040786743164,-1.2716091871261597
p844,process,,36,36,31,post,odor,True,0.13494610786437988,2.65840744972229,-1.5827230215072632
p844,process,,37,37,0,post,odor,True,0.20647376775741577,1.734270453453064,-1.4521785974502563
p844,process,,38,38,4,post,odor,True,0.1551680564880371,2.144131660461426,-1.1519547700881958
p844,process,,39,39,2,post,odor,True,-0.19786977767944336,1.4065040349960327,-1.2738659381866455
p844,process,,40,40,3,post,odor,True,0.1183515414595604,2.2229652404785156,-1.4232563972473145
p844,process,,41,41,21,post,odor,True,2.0145249366760254,5.5364203453063965,-0.7368201613426208
p844,process,,42,42,31,post,odor,True,-0.018880948424339294,1.4452314376831055,-1.2542850971221924
p844,process,,43,43,2,post,odor,True,-0.11858844757080078,1.6805639266967773,-1.6407796144485474
p844,process,,44,44,32,post,odor,True,-0.0010927495313808322,2.0503015518188477,-1.2093174457550049
p844,process,,45,45,40,post,odor,True,0.02677902951836586,2.6497557163238525,-1.415324330329895
p844,process,,46,46,1,post,odor,True,-0.0653434693813324,2.3217124938964844,-1.405003309249878
p844,process,,47,47,0,post,odor,True,0.3465571999549866,3.3976893424987793,-1.186618685722351
p844,process,,48,48,22,post,odor,True,0.003118837485089898,2.3931639194488525,-1.2607231140136719
p844,process,,49,49,10,post,odor,True,-0.19015678763389587,1.9989701509475708,-1.5895441770553589
p844,process,,50,50,1,post,odor,True,0.02459118701517582,1.4445524215698242,-1.335912823677063
p844,process,,51,51,30,post,odor,True,0.23536808788776398,2.7213943004608154,-1.3352493047714233
p844,process,,52,52,12,post,odor,True,0.019656749442219734,1.3860104084014893,-1.1649928092956543
p844,process,,53,53,3,post,odor,True,0.08704999089241028,2.030917167663574,-1.1441593170166016
p844,process,,54,54,21,post,odor,True,2.23160457611084,5.480491638183594,-1.2437448501586914
p844,process,,55,55,22,post,odor,True,0.10213810205459595,4.678992748260498,-1.2806401252746582
p844,process,,56,56,18,post,odor,True,0.40052011609077454,2.6878604888916016,-0.8795567750930786
p844,process,,57,57,30,post,odor,True,0.23415221273899078,2.798269510269165,-1.1807254552841187
p844,process,,58,58,17,post,odor,True,0.03597310557961464,1.9254710674285889,-1.212842583656311
p844,process,,59,59,39,post,odor,True,0.015819422900676727,1.450164556503296,-1.2134568691253662
p844,process,,60,60,39,post,odor,True,0.07444464415311813,1.7431316375732422,-1.0484944581985474
p844,process,,61,61,17,post,odor,True,-0.1535099595785141,1.1897741556167603,-1.1085147857666016
p844,process,,62,62,4,post,odor,True,-0.13108399510383606,1.177178144454956,-0.8843300938606262
p863,process,,0,0,39,pre,odor,True,-0.5128000974655151,2.520724296569824,-3.0278067588806152
p863,process,,1,1,17,pre,odor,True,-1.5425161123275757,1.2680314779281616,-3.857588768005371
p863,process,,2,2,32,pre,odor,True,1.1681222915649414,2.785940408706665,-1.4390900135040283
p863,process,,3,3,32,pre,odor,True,0.8855410814285278,3.347672700881958,-2.0273663997650146
p863,process,,4,4,30,pre,odor,True,0.6065490245819092,3.320655345916748,-2.1253013610839844
p863,process,,5,5,40,pre,odor,True,0.20860226452350616,3.5976388454437256,-2.094282388687134
p863,process,,6,6,3,pre,odor,True,0.17756494879722595,2.9545557498931885,-2.213292360305786
p863,process,,7,7,2,pre,odor,True,1.2220029830932617,4.579848289489746,-0.8421964645385742
p863,process,,8,8,1,pre,odor,True,0.04054977372288704,3.9969732761383057,-2.255415201187134
p863,process,,9,9,4,pre,odor,True,1.4368188381195068,4.218690872192383,-1.5773696899414062
p863,process,,10,10,31,pre,odor,True,2.047844886779785,5.49360990524292,-1.7430676221847534
p863,process,,11,11,21,pre,odor,True,-0.5099047422409058,2.557619094848633,-3.4170126914978027
p863,process,,12,12,2,pre,odor,True,0.7310501337051392,3.8577868938446045,-1.4719939231872559
p863,process,,13,13,39,pre,odor,True,-0.9430182576179504,2.5412371158599854,-3.2783515453338623
p863,process,,14,14,1,pre,odor,True,0.7695395350456238,4.201488494873047,-2.0176217555999756
p863,process,,15,15,12,pre,odor,True,0.7524687647819519,5.5885090827941895,-3.6095705032348633
p863,process,,16,16,22,pre,odor,True,1.5274142026901245,5.791102886199951,-1.9686319828033447
p863,process,,17,17,10,pre,odor,True,2.644819498062134,7.5797600746154785,-1.2544656991958618
p863,process,,18,18,17,pre,odor,True,-0.07646544277667999,3.9721620082855225,-3.2335846424102783
p863,process,,19,19,31,pre,odor,True,0.6497963666915894,3.496900796890259,-1.2335752248764038
p863,process,,20,20,30,pre,odor,True,-0.5814068913459778,2.121394395828247,-2.015720844268799
p863,process,,21,21,12,pre,odor,True,-1.0361106395721436,2.470460891723633,-3.263549566268921
p863,process,,22,22,22,pre,odor,True,0.18303871154785156,3.1736934185028076,-2.2727227210998535
p863,process,,23,23,4,pre,odor,True,-1.0266401767730713,3.348900079727173,-2.9147651195526123
p863,process,,24,24,0,pre,odor,True,-0.8226144909858704,3.8128631114959717,-4.870885848999023
p863,process,,25,25,3,pre,odor,True,-0.3580476641654968,2.816204309463501,-3.7201383113861084
p863,process,,26,26,40,pre,odor,True,-0.7021604180335999,3.6761465072631836,-3.877229928970337
p863,process,,27,27,10,pre,odor,True,1.1163076162338257,4.578164577484131,-1.8693395853042603
p863,process,,28,28,21,pre,odor,True,0.3930518925189972,5.124240875244141,-2.749612331390381
p863,process,,29,29,18,pre,odor,True,0.29156041145324707,3.4978153705596924,-1.987662672996521
p863,process,,30,30,18,pre,odor,True,-2.1184656620025635,-0.42925599217414856,-3.4223108291625977
p863,process,,31,31,0,pre,odor,True,0.09361018240451813,3.347965955734253,-2.3931241035461426
p863,process,,32,32,12,post,odor,True,0.00647914269939065,0.7006941437721252,-0.7450746297836304
p863,process,,33,33,18,post,odor,True,0.0601084902882576,0.7302411198616028,-0.7152982354164124
p863,process,,34,34,40,post,odor,True,0.07288502156734467,0.8705568909645081,-0.8818969130516052
p863,process,,35,35,32,post,odor,True,0.040121473371982574,1.5406336784362793,-0.8867182731628418
p863,process,,36,36,31,post,odor,True,-0.004685618914663792,0.5040258169174194,-0.7283844351768494
p863,process,,37,37,0,post,odor,True,0.04558120667934418,1.3164780139923096,-0.8083323836326599
p863,process,,38,38,4,post,odor,True,-0.045659348368644714,0.7778982520103455,-0.8317263126373291
p863,process,,39,39,2,post,odor,True,0.2027255743741989,1.048236608505249,-0.7143364548683167
p863,process,,40,40,3,post,odor,True,0.028697846457362175,1.3444609642028809,-0.9359310865402222
p863,process,,41,41,21,post,odor,True,0.12950469553470612,1.150858998298645,-0.6695783734321594
p863,process,,42,42,31,post,odor,True,0.11977604031562805,0.9274967908859253,-0.9088766574859619
p863,process,,43,43,2,post,odor,True,-0.06671332567930222,0.70931077003479,-1.0423930883407593
p863,process,,44,44,32,post,odor,True,-0.0450265035033226,1.3637964725494385,-1.0117820501327515
p863,process,,45,45,40,post,odor,True,-0.07427066564559937,1.4135464429855347,-1.023935317993164
p863,process,,46,46,1,post,odor,True,-0.04641328006982803,1.0196818113327026,-0.8681926131248474
p863,process,,47,47,0,post,odor,True,0.11948806792497635,1.1752450466156006,-0.7955620884895325
p863,process,,48,48,22,post,odor,True,0.06585993617773056,1.2837029695510864,-0.9402580261230469
p863,process,,49,49,10,post,odor,True,0.043901477009058,2.362004041671753,-0.871485710144043
p863,process,,50,50,1,post,odor,True,0.16635213792324066,1.360229730606079,-0.6644003987312317
p863,process,,51,51,30,post,odor,True,0.044323332607746124,1.119849681854248,-1.0391908884048462
p863,process,,52,52,12,post,odor,True,0.14713622629642487,1.0055893659591675,-0.6264957785606384
p863,process,,53,53,3,post,odor,True,-0.10081197321414948,0.9479146599769592,-0.874563455581665
p863,process,,54,54,21,post,odor,True,0.11669360101222992,1.4065035581588745,-0.5677772760391235
p863,process,,55,55,22,post,odor,True,0.018256543204188347,0.9010473489761353,-0.8640161752700806
p863,process,,56,56,18,post,odor,True,0.03983341157436371,1.3300970792770386,-0.752747654914856
p863,process,,57,57,30,post,odor,True,0.17869828641414642,1.0233731269836426,-0.8282563090324402
p863,process,,58,58,17,post,odor,True,-0.0900869071483612,0.9380196928977966,-1.205124855041504
p863,process,,59,59,39,post,odor,True,0.08589866012334824,0.7972489595413208,-0.9535558223724365
p863,process,,60,60,39,post,odor,True,-0.05307392030954361,1.0981924533843994,-1.129549264907837
p863,process,,61,61,17,post,odor,True,0.12362179160118103,1.1601357460021973,-0.832328736782074
p863,process,,62,62,4,post,odor,True,0.11080385744571686,1.505096673965454,-0.8651812672615051
p882,process,,0,0,39,pre,odor,True,-0.2486160695552826,2.5195770263671875,-3.2091848850250244
p882,process,,1,1,17,pre,odor,True,-1.441677212715149,1.9841612577438354,-3.996349811553955
p882,process,,2,2,32,pre,odor,True,1.24118971824646,3.536947011947632,-1.4679254293441772
p882,process,,3,3,32,pre,odor,True,1.2739535570144653,4.292592525482178,-1.7080307006835938
p882,process,,4,4,30,pre,odor,True,0.7166833281517029,2.7050020694732666,-1.7772793769836426
p882,process,,5,5,40,pre,odor,True,0.8331872224807739,3.6024975776672363,-2.1589128971099854
p882,process,,6,6,3,pre,odor,True,0.738814651966095,3.7724695205688477,-2.280344247817993
p882,process,,7,7,2,pre,odor,True,2.236772060394287,4.539150714874268,-0.5330477356910706
p882,process,,8,8,1,pre,odor,True,0.23919853568077087,1.9719096422195435,-1.6340633630752563
p882,process,,9,9,4,pre,odor,True,2.041036605834961,4.56645393371582,-0.3974934220314026
p882,process,,10,10,31,pre,odor,True,0.25596195459365845,4.354249000549316,-3.547438383102417
p882,process,,11,11,21,pre,odor,True,-0.1048574447631836,3.139451503753662,-3.5106754302978516
p882,process,,12,12,2,pre,odor,True,0.9583113193511963,4.371337413787842,-1.6918909549713135
p882,process,,13,13,39,pre,odor,True,0.6048691272735596,3.3748698234558105,-2.3344814777374268
p882,process,,14,14,1,pre,odor,True,0.3569679856300354,2.337406635284424,-2.5298309326171875
p882,process,,15,15,12,pre,odor,True,0.2760060131549835,5.224032402038574,-4.381057262420654
p882,process,,16,16,22,pre,odor,True,0.8963817954063416,4.110953330993652,-4.087111949920654
p882,process,,17,17,10,pre,odor,True,1.9163403511047363,4.94563102722168,-1.8185428380966187
p882,process,,18,18,17,pre,odor,True,-0.3413609266281128,3.1516458988189697,-4.345907688140869
p882,process,,19,19,31,pre,odor,True,0.1166025772690773,3.7345540523529053,-2.4779744148254395
p882,process,,20,20,30,pre,odor,True,-1.4008764028549194,1.4701820611953735,-3.5769729614257812
p882,process,,21,21,12,pre,odor,True,-1.3782294988632202,3.7881367206573486,-4.350381374359131
p882,process,,22,22,22,pre,odor,True,0.05674116685986519,2.937941074371338,-2.4719629287719727
p882,process,,23,23,4,pre,odor,True,-1.7444828748703003,1.8228768110275269,-3.756788969039917
p882,process,,24,24,0,pre,odor,True,-1.7450430393218994,2.7984910011291504,-5.237168788909912
p882,process,,25,25,3,pre,odor,True,0.34089234471321106,2.167825698852539,-2.680905818939209
p882,process,,26,26,40,pre,odor,True,-1.2323272228240967,2.6258063316345215,-5.385231971740723
p882,process,,27,27,10,pre,odor,True,0.26398536562919617,2.4830453395843506,-3.5252413749694824
p882,process,,28,28,21,pre,odor,True,0.02399803139269352,3.318488597869873,-3.1891300678253174
p882,process,,29,29,18,pre,odor,True,-0.6242642998695374,2.284261465072632,-2.7510788440704346
p882,process,,30,30,18,pre,odor,True,-1.5953153371810913,0.43346625566482544,-3.023249864578247
p882,process,,31,31,0,pre,odor,True,-0.38230469822883606,2.285271167755127,-3.3308839797973633
p882,process,,32,32,12,post,odor,True,0.042016077786684036,0.9597558379173279,-1.0919113159179688
p882,process,,33,33,18,post,odor,True,-0.10976164788007736,0.7850576043128967,-0.8743950128555298
p882,process,,34,34,40,post,odor,True,-0.04857213422656059,0.7260149717330933,-0.8631396889686584
p882,process,,35,35,32,post,odor,True,0.002054637996479869,1.3237190246582031,-0.8750259280204773
p882,process,,36,36,31,post,odor,True,0.03374583646655083,0.9305638670921326,-0.7814708948135376
p882,process,,37,37,0,post,odor,True,0.07130405306816101,1.6015801429748535,-0.592203676700592
p882,process,,38,38,4,post,odor,True,0.031325213611125946,1.0793370008468628,-1.1252062320709229
p882,process,,39,39,2,post,odor,True,0.01666003279387951,0.8215875625610352,-0.6319804191589355
p882,process,,40,40,3,post,odor,True,-0.02017253451049328,0.5970398783683777,-0.4937160015106201
p882,process,,41,41,21,post,odor,True,0.07202906906604767,1.068213939666748,-0.6717566251754761
p882,process,,42,42,31,post,odor,True,0.0744999498128891,0.8893131613731384,-0.5626500844955444
p882,process,,43,43,2,post,odor,True,-0.12330691516399384,0.8298917412757874,-1.0279123783111572
p882,process,,44,44,32,post,odor,True,-0.08344663679599762,0.583224356174469,-1.0125269889831543
p882,process,,45,45,40,post,odor,True,0.03449936583638191,0.9545712471008301,-0.8027108907699585
p882,process,,46,46,1,post,odor,True,0.032260533422231674,0.9894885420799255,-0.7445895075798035
p882,process,,47,47,0,post,odor,True,0.1458432376384735,0.872494101524353,-0.679006814956665
p882,process,,48,48,22,post,odor,True,0.04370676353573799,1.029257893562317,-0.7536781430244446
p882,process,,49,49,10,post,odor,True,-0.0007941919029690325,0.7447001338005066,-0.6183503270149231
p882,process,,50,50,1,post,odor,True,0.1349121779203415,0.9386304020881653,-0.5167902112007141
p882,process,,51,51,30,post,odor,True,0.08615183085203171,1.0229002237319946,-0.8115507364273071
p882,process,,52,52,12,post,odor,True,-0.02628486230969429,0.7359532117843628,-0.9293140769004822
p882,process,,53,53,3,post,odor,True,-0.036297790706157684,1.1847755908966064,-0.9970056414604187
p882,process,,54,54,21,post,odor,True,0.2834969758987427,1.3772956132888794,-0.7502589225769043
p882,process,,55,55,22,post,odor,True,0.1781584620475769,1.3548935651779175,-0.6588388681411743
p882,process,,56,56,18,post,odor,True,-0.042554017156362534,1.300125002861023,-0.7760010957717896
p882,process,,57,57,30,post,odor,True,-0.03430486470460892,1.2740001678466797,-0.6255475282669067
p882,process,,58,58,17,post,odor,True,-0.10170979052782059,0.9436954259872437,-0.9613423943519592
p882,process,,59,59,39,post,odor,True,0.1734769642353058,1.103254795074463,-0.44318923354148865
p882,process,,60,60,39,post,odor,True,0.05975615233182907,1.3223403692245483,-1.0924655199050903
p882,process,,61,61,17,post,odor,True,0.02466549351811409,0.5838426947593689,-0.6502442955970764
p882,process,,62,62,4,post,odor,True,-0.07829605042934418,0.8055380582809448,-0.8061363101005554
p901,process,,0,0,39,pre,odor,True,0.43253594636917114,4.364125728607178,-2.439274787902832
p901,process,,1,1,17,pre,odor,True,-0.07855070382356644,2.8920705318450928,-2.7691025733947754
p901,process,,2,2,32,pre,odor,True,-0.2759504020214081,2.37539005279541,-2.4944307804107666
p901,process,,3,3,32,pre,odor,True,-0.1509033590555191,3.211893081665039,-3.446824550628662
p901,process,,4,4,30,pre,odor,True,-0.7894688844680786,1.914664387702942,-2.9336702823638916
p901,process,,5,5,40,pre,odor,True,-0.1574135571718216,3.402114152908325,-2.921426296234131
p901,process,,6,6,3,pre,odor,True,-0.46961912512779236,3.0686514377593994,-3.3579623699188232
p901,process,,7,7,2,pre,odor,True,-0.21944060921669006,4.460267066955566,-3.6450605392456055
p901,process,,8,8,1,pre,odor,True,-0.10839369893074036,6.053100109100342,-3.3911678791046143
p901,process,,9,9,4,pre,odor,True,-0.3038191497325897,3.522416830062866,-3.0589730739593506
p901,process,,10,10,31,pre,odor,True,-0.28946396708488464,4.129721164703369,-2.969316005706787
p901,process,,11,11,21,pre,odor,True,-0.4455837905406952,1.7239811420440674,-2.887777090072632
p901,process,,12,12,2,pre,odor,True,0.05017968267202377,4.261573314666748,-2.5800113677978516
p901,process,,13,13,39,pre,odor,True,-0.30412033200263977,2.6885008811950684,-2.756736993789673
p901,process,,14,14,1,pre,odor,True,-0.10362529754638672,2.8572092056274414,-2.756716012954712
p901,process,,15,15,12,pre,odor,True,0.11783301830291748,3.2282445430755615,-2.722252607345581
p901,process,,16,16,22,pre,odor,True,-0.3291485011577606,3.1140074729919434,-3.2567827701568604
p901,process,,17,17,10,pre,odor,True,-0.22567953169345856,3.4053151607513428,-2.8035507202148438
p901,process,,18,18,17,pre,odor,True,-0.2312832921743393,3.550877332687378,-2.2811484336853027
p901,process,,19,19,31,pre,odor,True,-0.014518439769744873,2.2548110485076904,-3.1004955768585205
p901,process,,20,20,30,pre,odor,True,-0.007195477373898029,2.50880765914917,-2.4636621475219727
p901,process,,21,21,12,pre,odor,True,-0.7670490145683289,1.5476304292678833,-3.4992363452911377
p901,process,,22,22,22,pre,odor,True,-0.08400939404964447,2.7288613319396973,-3.097940444946289
p901,process,,23,23,4,pre,odor,True,-1.0960841178894043,2.8537869453430176,-4.320913314819336
p901,process,,24,24,0,pre,odor,True,-0.1249687448143959,3.841761827468872,-3.243960380554199
p901,process,,25,25,3,pre,odor,True,0.38483041524887085,5.307363510131836,-2.388394832611084
p901,process,,26,26,40,pre,odor,True,-0.047580961138010025,3.7025790214538574,-2.3218955993652344
p901,process,,27,27,10,pre,odor,True,0.2688233554363251,4.85782527923584,-3.5565686225891113
p901,process,,28,28,21,pre,odor,True,0.007515369448810816,3.7358272075653076,-2.413620710372925
p901,process,,29,29,18,pre,odor,True,0.02125520631670952,2.1627464294433594,-1.860859990119934
p901,process,,30,30,18,pre,odor,True,-0.5953233242034912,2.0383973121643066,-2.8064608573913574
p901,process,,31,31,0,pre,odor,True,-0.44599851965904236,3.3202064037323,-2.4861412048339844
p901,process,,32,32,12,post,odor,True,-0.06729006767272949,1.460993766784668,-1.025701642036438
p901,process,,33,33,18,post,odor,True,-0.16177867352962494,1.4405244588851929,-1.0099953413009644
p901,process,,34,34,40,post,odor,True,0.101910799741745,2.0682687759399414,-0.9750244617462158
p901,process,,35,35,32,post,odor,True,-0.05878641456365585,1.462377667427063,-0.9013402462005615
p901,process,,36,36,31,post,odor,True,-0.06921393424272537,1.6475118398666382,-1.1954957246780396
p901,process,,37,37,0,post,odor,True,0.03244871273636818,1.301040530204773,-0.9986239075660706
p901,process,,38,38,4,post,odor,True,-0.09831445664167404,2.0161352157592773,-1.1173025369644165
p901,process,,39,39,2,post,odor,True,-0.00033733650343492627,1.7935808897018433,-0.8085751533508301
p901,process,,40,40,3,post,odor,True,-0.01552656665444374,1.3273885250091553,-0.9884165525436401
p901,process,,41,41,21,post,odor,True,0.2685377597808838,1.9963750839233398,-0.9002816081047058
p901,process,,42,42,31,post,odor,True,-0.07062289118766785,1.4974809885025024,-1.0720953941345215
p901,process,,43,43,2,post,odor,True,0.027577225118875504,1.8318064212799072,-0.97161465883255
p901,process,,44,44,32,post,odor,True,0.09008634090423584,1.4995161294937134,-1.1588212251663208
p901,process,,45,45,40,post,odor,True,-0.2091960906982422,1.5641939640045166,-1.4781872034072876
p901,process,,46,46,1,post,odor,True,-0.2157975435256958,0.7859139442443848,-1.0995806455612183
p901,process,,47,47,0,post,odor,True,0.26582521200180054,1.7384397983551025,-0.639954686164856
p901,process,,48,48,22,post,odor,True,-0.02570291981101036,1.6532293558120728,-0.89991295337677
p901,process,,49,49,10,post,odor,True,-0.26609209179878235,0.8286588788032532,-1.609655737876892
p901,process,,50,50,1,post,odor,True,-0.0975169762969017,2.6105432510375977,-0.9059865474700928
p901,process,,51,51,30,post,odor,True,-0.08017456531524658,1.2719638347625732,-1.209372878074646
p901,process,,52,52,12,post,odor,True,0.36387595534324646,2.356816053390503,-1.0506194829940796
p901,process,,53,53,3,post,odor,True,-0.017350472509860992,0.8383199572563171,-1.3021355867385864
p901,process,,54,54,21,post,odor,True,0.15903237462043762,1.8539949655532837,-1.1580851078033447
p901,process,,55,55,22,post,odor,True,0.26979437470436096,1.9943567514419556,-0.9707819819450378
p901,process,,56,56,18,post,odor,True,0.2723311185836792,1.7720561027526855,-0.8887979984283447
p901,process,,57,57,30,post,odor,True,0.062444187700748444,1.5317997932434082,-1.2144862413406372
p901,process,,58,58,17,post,odor,True,0.02583119086921215,1.2149269580841064,-1.1331775188446045
p901,process,,59,59,39,post,odor,True,0.13079237937927246,2.209794759750366,-0.8740833401679993
p901,process,,60,60,39,post,odor,True,0.027713902294635773,1.514456868171692,-0.9305131435394287
p901,process,,61,61,17,post,odor,True,0.05590168386697769,1.2505371570587158,-0.8792573809623718
p901,process,,62,62,4,post,odor,True,-0.4825942814350128,1.184354543685913,-1.638674020767212
p920,process,,0,0,39,pre,odor,True,0.5563023090362549,3.235422134399414,-2.9932498931884766
p920,process,,1,1,17,pre,odor,True,-0.3291158378124237,2.9947423934936523,-4.119424343109131
p920,process,,2,2,32,pre,odor,True,1.7352113723754883,4.545804023742676,-0.7514527440071106
p920,process,,3,3,32,pre,odor,True,1.9036937952041626,5.970154762268066,-2.2816057205200195
p920,process,,4,4,30,pre,odor,True,1.2047045230865479,4.288662910461426,-1.8666502237319946
p920,process,,5,5,40,pre,odor,True,0.5224338173866272,4.686325550079346,-2.4159433841705322
p920,process,,6,6,3,pre,odor,True,1.7939738035202026,5.712797164916992,-1.4426339864730835
p920,process,,7,7,2,pre,odor,True,1.6312869787216187,4.981013774871826,-1.3294092416763306
p920,process,,8,8,1,pre,odor,True,0.41919246315956116,3.5273566246032715,-2.65185809135437
p920,process,,9,9,4,pre,odor,True,2.109978199005127,5.814268589019775,-1.2042200565338135
p920,process,,10,10,31,pre,odor,True,0.6934335231781006,4.130193710327148,-2.4890289306640625
p920,process,,11,11,21,pre,odor,True,0.5304781794548035,4.221447944641113,-2.6885271072387695
p920,process,,12,12,2,pre,odor,True,0.5326831936836243,3.8785643577575684,-1.5775092840194702
p920,process,,13,13,39,pre,odor,True,1.1722972393035889,4.075239658355713,-3.31587553024292
p920,process,,14,14,1,pre,odor,True,0.13567577302455902,3.3765571117401123,-2.5645053386688232
p920,process,,15,15,12,pre,odor,True,1.1190576553344727,5.127207279205322,-3.1280481815338135
p920,process,,16,16,22,pre,odor,True,1.5683677196502686,6.3641533851623535,-3.01617169380188
p920,process,,17,17,10,pre,odor,True,2.0423948764801025,5.3357648849487305,-1.5163872241973877
p920,process,,18,18,17,pre,odor,True,0.1790226250886917,4.836991310119629,-2.5381648540496826
p920,process,,19,19,31,pre,odor,True,1.2599259614944458,4.801596164703369,-1.9429258108139038
p920,process,,20,20,30,pre,odor,True,0.11486601084470749,2.769793748855591,-2.2693090438842773
p920,process,,21,21,12,pre,odor,True,-0.14227372407913208,3.733962059020996,-2.1857402324676514
p920,process,,22,22,22,pre,odor,True,0.4898584485054016,5.706654071807861,-2.145496129989624
p920,process,,23,23,4,pre,odor,True,-0.7683090567588806,2.9506919384002686,-2.925701141357422
p920,process,,24,24,0,pre,odor,True,-1.1699795722961426,2.8393871784210205,-4.227222919464111
p920,process,,25,25,3,pre,odor,True,0.21468693017959595,3.4261586666107178,-3.1333506107330322
p920,process,,26,26,40,pre,odor,True,-0.32183074951171875,5.433169364929199,-3.1164326667785645
p920,process,,27,27,10,pre,odor,True,0.11441946029663086,4.623753070831299,-3.249494791030884
p920,process,,28,28,21,pre,odor,True,0.46082603931427,3.310236692428589,-2.8862998485565186
p920,process,,29,29,18,pre,odor,True,0.0742822140455246,1.7612800598144531,-1.0627107620239258
p920,process,,30,30,18,pre,odor,True,-0.6841652393341064,1.5621447563171387,-2.2880868911743164
p920,process,,31,31,0,pre,odor,True,-0.08383730798959732,2.5561211109161377,-1.9583995342254639
p920,process,,32,32,12,post,odor,True,0.03980913758277893,1.437525749206543,-0.9407845735549927
p920,process,,33,33,18,post,odor,True,0.0477122887969017,1.5753660202026367,-1.1749753952026367
p920,process,,34,34,40,post,odor,True,0.07759130746126175,1.518082857131958,-0.9432803392410278
p920,process,,35,35,32,post,odor,True,-0.0884706899523735,1.1528209447860718,-0.9837950468063354
p920,process,,36,36,31,post,odor,True,-0.073004812002182,1.1090335845947266,-0.9766699075698853
p920,process,,37,37,0,post,odor,True,-0.15897046029567719,1.4883911609649658,-1.2093603610992432
p920,process,,38,38,4,post,odor,True,0.0756644755601883,1.58115553855896,-1.0420634746551514
p920,process,,39,39,2,post,odor,True,-0.05397685989737511,1.1105505228042603,-1.0812097787857056
p920,process,,40,40,3,post,odor,True,-0.04916311427950859,1.581308364868164,-0.9119892120361328
p920,process,,41,41,21,post,odor,True,0.22655051946640015,1.2762621641159058,-0.8410627841949463
p920,process,,42,42,31,post,odor,True,-0.011982325464487076,1.7391198873519897,-1.0522770881652832
p920,process,,43,43,2,post,odor,True,-0.1337246596813202,0.7646515369415283,-0.8898448944091797
p920,process,,44,44,32,post,odor,True,0.01833280362188816,1.3458675146102905,-0.8488011360168457
p920,process,,45,45,40,post,odor,True,-0.03673446178436279,1.029296875,-1.1361407041549683
p920,process,,46,46,1,post,odor,True,-0.0024006827734410763,1.3675484657287598,-1.1457409858703613
p920,process,,47,47,0,post,odor,True,0.006180967204272747,1.5992835760116577,-0.7895432710647583
p920,process,,48,48,22,post,odor,True,0.04178492724895477,1.4530551433563232,-1.2230465412139893
p920,process,,49,49,10,post,odor,True,-0.27157795429229736,1.3638521432876587,-1.0754733085632324
p920,process,,50,50,1,post,odor,True,-0.012162081897258759,1.6317793130874634,-1.0862455368041992
p920,process,,51,51,30,post,odor,True,-0.018088525161147118,1.0716969966888428,-1.0240272283554077
p920,process,,52,52,12,post,odor,True,0.10398674756288528,1.435889482498169,-0.747266411781311
p920,process,,53,53,3,post,odor,True,0.005809334106743336,1.1714297533035278,-0.7924756407737732
p920,process,,54,54,21,post,odor,True,0.3520551025867462,1.5512161254882812,-0.735824704170227
p920,process,,55,55,22,post,odor,True,0.00607402203604579,1.6657699346542358,-1.107209324836731
p920,process,,56,56,18,post,odor,True,0.04701615124940872,1.3653786182403564,-1.0865817070007324
p920,process,,57,57,30,post,odor,True,-0.1609272062778473,1.0330361127853394,-1.2600743770599365
p920,process,,58,58,17,post,odor,True,-0.1080278605222702,1.2943222522735596,-1.0339751243591309
p920,process,,59,59,39,post,odor,True,0.16739681363105774,1.328384518623352,-0.9640843272209167
p920,process,,60,60,39,post,odor,True,-0.006929480470716953,2.0786402225494385,-1.0251739025115967
p920,process,,61,61,17,post,odor,True,0.16014322638511658,1.808693766593933,-0.9271512627601624
p920,process,,62,62,4,post,odor,True,0.07200878113508224,1.8622578382492065,-1.003623127937317
p939,process,,0,0,39,pre,odor,True,2.554060697555542,10.84565258026123,-4.252363681793213
p939,process,,1,1,17,pre,odor,True,-0.9174376726150513,1.3969248533248901,-3.036673069000244
p939,process,,2,2,32,pre,odor,True,6.496743679046631,12.587599754333496,1.3297033309936523
p939,process,,3,3,32,pre,odor,True,5.414039134979248,11.534133911132812,-1.9976240396499634
p939,process,,4,4,30,pre,odor,True,6.157159328460693,12.052020072937012,-0.8066067099571228
p939,process,,5,5,40,pre,odor,True,3.165865659713745,8.161513328552246,-1.1892211437225342
p939,process,,6,6,3,pre,odor,True,5.131986141204834,11.00545597076416,-1.7616931200027466
p939,process,,7,7,2,pre,odor,True,4.579427719116211,9.654781341552734,-1.1323981285095215
p939,process,,8,8,1,pre,odor,True,4.223403453826904,10.370251655578613,0.08493999391794205
p939,process,,9,9,4,pre,odor,True,5.041940212249756,9.130671501159668,-1.4299116134643555
p939,process,,10,10,31,pre,odor,True,4.062160968780518,10.231295585632324,-0.778372049331665
p939,process,,11,11,21,pre,odor,True,2.109569787979126,6.585809230804443,-1.8005341291427612
p939,process,,12,12,2,pre,odor,True,4.053315162658691,9.672163963317871,-0.8810390830039978
p939,process,,13,13,39,pre,odor,True,2.6813695430755615,8.343179702758789,-2.0247836112976074
p939,process,,14,14,1,pre,odor,True,4.504514694213867,9.507214546203613,-2.8313040733337402
p939,process,,15,15,12,pre,odor,True,3.5138535499572754,10.149798393249512,-1.2029812335968018
p939,process,,16,16,22,pre,odor,True,4.773166179656982,10.134384155273438,0.15816038846969604
p939,process,,17,17,10,pre,odor,True,3.8808581829071045,10.427321434020996,-0.874157726764679
p939,process,,18,18,17,pre,odor,True,-0.2681339979171753,3.2330830097198486,-2.3071556091308594
p939,process,,19,19,31,pre,odor,True,3.6766231060028076,8.186657905578613,-1.8224327564239502
p939,process,,20,20,30,pre,odor,True,2.1051130294799805,6.349365711212158,-2.1852660179138184
p939,process,,21,21,12,pre,odor,True,0.8894658088684082,5.041004180908203,-1.367020606994629
p939,process,,22,22,22,pre,odor,True,2.091906785964966,6.639756679534912,-1.3593746423721313
p939,process,,23,23,4,pre,odor,True,0.2959626317024231,2.8550355434417725,-2.2567319869995117
p939,process,,24,24,0,pre,odor,True,1.726237177848816,6.809290409088135,-2.0009419918060303
p939,process,,25,25,3,pre,odor,True,2.7532315254211426,6.414315223693848,-3.6032865047454834
p939,process,,26,26,40,pre,odor,True,0.3521096408367157,5.741128921508789,-1.9809761047363281
p939,process,,27,27,10,pre,odor,True,4.125985145568848,9.943434715270996,-1.8426624536514282
p939,process,,28,28,21,pre,odor,True,0.820095419883728,5.1568498611450195,-1.6800572872161865
p939,process,,29,29,18,pre,odor,True,0.10556638985872269,2.051574945449829,-1.5084141492843628
p939,process,,30,30,18,pre,odor,True,-0.38990116119384766,1.4472451210021973,-2.0136656761169434
p939,process,,31,31,0,pre,odor,True,0.32893913984298706,2.9671778678894043,-1.7536101341247559
p939,process,,32,32,12,post,odor,True,0.21641945838928223,2.3616621494293213,-1.2361505031585693
p939,process,,33,33,18,post,odor,True,0.19265225529670715,2.50065541267395,-1.438125491142273
p939,process,,34,34,40,post,odor,True,0.13880057632923126,2.1002914905548096,-1.314302682876587
p939,process,,35,35,32,post,odor,True,0.2258220762014389,2.721127510070801,-1.4574148654937744
p939,process,,36,36,31,post,odor,True,-0.0786348357796669,1.8285270929336548,-1.7141352891921997
p939,process,,37,37,0,post,odor,True,-0.3007589280605316,2.1728436946868896,-1.6470378637313843
p939,process,,38,38,4,post,odor,True,0.011296169832348824,1.463589072227478,-1.4720826148986816
p939,process,,39,39,2,post,odor,True,0.19984541833400726,2.4556424617767334,-1.9680249691009521
p939,process,,40,40,3,post,odor,True,-0.1164359450340271,1.079732894897461,-1.5027084350585938
p939,process,,41,41,21,post,odor,True,0.5595648288726807,2.5389297008514404,-1.6223969459533691
p939,process,,42,42,31,post,odor,True,0.07497165352106094,3.0864357948303223,-1.8440853357315063
p939,process,,43,43,2,post,odor,True,-0.14391300082206726,2.0621721744537354,-1.7296137809753418
p939,process,,44,44,32,post,odor,True,-0.23608194291591644,1.9594917297363281,-2.2795660495758057
p939,process,,45,45,40,post,odor,True,-0.26807695627212524,2.3075335025787354,-1.5880506038665771
p939,process,,46,46,1,post,odor,True,0.11682818830013275,2.011475086212158,-1.3549011945724487
p939,process,,47,47,0,post,odor,True,-0.009730593301355839,1.657590389251709,-1.310579776763916
p939,process,,48,48,22,post,odor,True,-0.08898613601922989,3.6392595767974854,-1.7692375183105469
p939,process,,49,49,10,post,odor,True,0.004558813292533159,2.064816951751709,-1.6253858804702759
p939,process,,50,50,1,post,odor,True,0.22454622387886047,3.9511587619781494,-1.6799108982086182
p939,process,,51,51,30,post,odor,True,-0.08925573527812958,1.9022235870361328,-1.6636401414871216
p939,process,,52,52,12,post,odor,True,0.27280130982398987,2.2187840938568115,-1.505415678024292
p939,process,,53,53,3,post,odor,True,-0.1217561662197113,1.6575770378112793,-1.7971959114074707
p939,process,,54,54,21,post,odor,True,0.34172219038009644,2.545029878616333,-1.750220537185669
p939,process,,55,55,22,post,odor,True,-0.35603687167167664,1.7144101858139038,-1.6904689073562622
p939,process,,56,56,18,post,odor,True,0.25756093859672546,1.9629229307174683,-1.122544527053833
p939,process,,57,57,30,post,odor,True,-0.18807204067707062,1.7097604274749756,-1.3149420022964478
p939,process,,58,58,17,post,odor,True,0.036739397794008255,3.400200366973877,-1.8377511501312256
p939,process,,59,59,39,post,odor,True,-0.26536107063293457,1.9104912281036377,-1.7357598543167114
p939,process,,60,60,39,post,odor,True,0.26993250846862793,2.0595362186431885,-1.0771996974945068
p939,process,,61,61,17,post,odor,True,-0.125065416097641,1.4098002910614014,-1.3142218589782715
p939,process,,62,62,4,post,odor,True,-0.07050222903490067,1.3610559701919556,-1.9649150371551514
p958,process,,0,0,39,pre,odor,True,0.28543540835380554,5.058443546295166,-3.1699626445770264
p958,process,,1,1,17,pre,odor,True,-0.6505777835845947,3.421520948410034,-3.644796371459961
p958,process,,2,2,32,pre,odor,True,2.079209804534912,5.142701625823975,-1.572697401046753
p958,process,,3,3,32,pre,odor,True,1.7895787954330444,4.845799446105957,-1.906715750694275
p958,process,,4,4,30,pre,odor,True,1.145592451095581,5.244421482086182,-2.13687801361084
p958,process,,5,5,40,pre,odor,True,0.7762340903282166,4.461304664611816,-2.2671215534210205
p958,process,,6,6,3,pre,odor,True,1.479227900505066,6.7081499099731445,-1.2821849584579468
p958,process,,7,7,2,pre,odor,True,1.0102509260177612,4.157782554626465,-1.711397409439087
p958,process,,8,8,1,pre,odor,True,-0.23235753178596497,3.1133620738983154,-3.117152214050293
p958,process,,9,9,4,pre,odor,True,1.20413076877594,6.587186336517334,-2.101874589920044
p958,process,,10,10,31,pre,odor,True,1.8196181058883667,5.802824020385742,-2.827094078063965
p958,process,,11,11,21,pre,odor,True,0.46539947390556335,3.6916942596435547,-2.1557700634002686
p958,process,,12,12,2,pre,odor,True,0.4010251760482788,5.092611312866211,-1.776721477508545
p958,process,,13,13,39,pre,odor,True,0.45144400000572205,3.4937026500701904,-2.0185601711273193
p958,process,,14,14,1,pre,odor,True,0.581215500831604,3.575812816619873,-2.151589870452881
p958,process,,15,15,12,pre,odor,True,0.6730409264564514,5.567576885223389,-2.314469814300537
p958,process,,16,16,22,pre,odor,True,0.7393983602523804,2.921182155609131,-1.45320463180542
p958,process,,17,17,10,pre,odor,True,1.0149084329605103,4.40631103515625,-1.3708323240280151
p958,process,,18,18,17,pre,odor,True,-0.29745906591415405,1.763275146484375,-2.3049299716949463
p958,process,,19,19,31,pre,odor,True,1.2813166379928589,5.1488237380981445,-1.0760763883590698
p958,process,,20,20,30,pre,odor,True,-0.20904582738876343,3.3351805210113525,-2.354024887084961
p958,process,,21,21,12,pre,odor,True,-0.07525192946195602,2.4368948936462402,-1.577416181564331
p958,process,,22,22,22,pre,odor,True,0.35633406043052673,2.4176406860351562,-1.8066623210906982
p958,process,,23,23,4,pre,odor,True,-0.09744583815336227,2.704525947570801,-2.410388231277466
p958,process,,24,24,0,pre,odor,True,0.18099060654640198,3.0157556533813477,-1.3817914724349976
p958,process,,25,25,3,pre,odor,True,0.08021274209022522,2.484081268310547,-1.534205436706543
p958,process,,26,26,40,pre,odor,True,0.06380529701709747,2.3910999298095703,-1.457204818725586
p958,process,,27,27,10,pre,odor,True,0.11504168063402176,3.912519931793213,-2.0387275218963623
p958,process,,28,28,21,pre,odor,True,0.13366545736789703,1.6523302793502808,-1.3617197275161743
p958,process,,29,29,18,pre,odor,True,-0.16161231696605682,2.298017740249634,-1.581804871559143
p958,process,,30,30,18,pre,odor,True,-0.4648612141609192,1.9802542924880981,-2.1821866035461426
p958,process,,31,31,0,pre,odor,True,-0.059076130390167236,2.587218761444092,-1.9674714803695679
p958,process,,32,32,12,post,odor,True,0.13831132650375366,1.814532995223999,-0.9368963837623596
p958,process,,33,33,18,post,odor,True,0.13491037487983704,1.6877483129501343,-1.2234857082366943
p958,process,,34,34,40,post,odor,True,-0.0750327929854393,1.911661148071289,-1.3896558284759521
p958,process,,35,35,32,post,odor,True,0.08785822987556458,2.0507631301879883,-1.2359402179718018
p958,process,,36,36,31,post,odor,True,0.26053211092948914,2.3440496921539307,-1.0593887567520142
p958,process,,37,37,0,post,odor,True,-0.016670309007167816,1.6345797777175903,-1.3642860651016235
p958,process,,38,38,4,post,odor,True,0.06042579561471939,1.9964529275894165,-1.2029911279678345
p958,process,,39,39,2,post,odor,True,0.13227032124996185,2.364104747772217,-1.6209332942962646
p958,process,,40,40,3,post,odor,True,0.06997673213481903,1.5167604684829712,-1.1775990724563599
p958,process,,41,41,21,post,odor,True,0.9522395133972168,2.8246073722839355,-0.7760246992111206
p958,process,,42,42,31,post,odor,True,-0.01742718368768692,3.2492482662200928,-1.7005068063735962
p958,process,,43,43,2,post,odor,True,0.3292090594768524,2.200064182281494,-1.0131950378417969
p958,process,,44,44,32,post,odor,True,-0.06686948239803314,1.4151537418365479,-2.0879743099212646
p958,process,,45,45,40,post,odor,True,0.2311665415763855,3.561274766921997,-1.495927333831787
p958,process,,46,46,1,post,odor,True,-0.27154555916786194,1.8525428771972656,-1.457113265991211
p958,process,,47,47,0,post,odor,True,0.04594656080007553,2.4920427799224854,-1.4440577030181885
p958,process,,48,48,22,post,odor,True,0.1942342072725296,2.082724094390869,-1.3222298622131348
p958,process,,49,49,10,post,odor,True,-0.03185734525322914,2.1703078746795654,-1.9336799383163452
p958,process,,50,50,1,post,odor,True,0.334301620721817,2.696239948272705,-1.2825171947479248
p958,process,,51,51,30,post,odor,True,-0.06475941836833954,2.384265422821045,-1.8104345798492432
p958,process,,52,52,12,post,odor,True,0.20802821218967438,2.9784228801727295,-1.354870319366455
p958,process,,53,53,3,post,odor,True,0.03773174062371254,3.0701382160186768,-1.7909072637557983
p958,process,,54,54,21,post,odor,True,1.3370329141616821,3.952620506286621,-0.9667733907699585
p958,process,,55,55,22,post,odor,True,-0.04172273352742195,2.4330148696899414,-1.4168550968170166
p958,process,,56,56,18,post,odor,True,0.10374441742897034,1.6533857583999634,-2.013030767440796
p958,process,,57,57,30,post,odor,True,-0.06796930730342865,2.4292500019073486,-1.6560320854187012
p958,process,,58,58,17,post,odor,True,-0.03642820566892624,2.6159121990203857,-1.5502556562423706
p958,process,,59,59,39,post,odor,True,-0.11738181859254837,1.9782949686050415,-1.4672378301620483
p958,process,,60,60,39,post,odor,True,0.11777957528829575,2.2199292182922363,-1.4228745698928833
p958,process,,61,61,17,post,odor,True,-0.08023874461650848,2.253830671310425,-1.3695623874664307
p958,process,,62,62,4,post,odor,True,0.21867060661315918,3.0097415447235107,-1.153522253036499
p977,process,,0,0,39,pre,odor,True,0.5344367623329163,6.87161111831665,-2.854692220687866
p977,process,,1,1,17,pre,odor,True,-3.168346643447876,-0.5280250906944275,-4.80702543258667
p977,process,,2,2,32,pre,odor,True,3.5437283515930176,8.042129516601562,0.6003326773643494
p977,process,,3,3,32,pre,odor,True,4.792410850524902,10.97037410736084,-1.5639435052871704
p977,process,,4,4,30,pre,odor,True,0.3962826728820801,2.4014878273010254,-2.1990585327148438
p977,process,,5,5,40,pre,odor,True,1.448041319847107,10.415035247802734,-2.732457399368286
p977,process,,6,6,3,pre,odor,True,1.62599778175354,7.3556413650512695,-2.118166923522949
p977,process,,7,7,2,pre,odor,True,6.061286926269531,12.194036483764648,-3.665634870529175
p977,process,,8,8,1,pre,odor,True,-0.6585435271263123,2.8073172569274902,-3.147416591644287
p977,process,,9,9,4,pre,odor,True,0.7570507526397705,4.367981910705566,-4.575344562530518
p977,process,,10,10,31,pre,odor,True,0.15132758021354675,4.189448833465576,-3.4396564960479736
p977,process,,11,11,21,pre,odor,True,1.8362865447998047,7.328895568847656,-2.477206230163574
p977,process,,12,12,2,pre,odor,True,4.7277069091796875,9.75371265411377,-2.3592967987060547
p977,process,,13,13,39,pre,odor,True,1.1297414302825928,4.896956920623779,-2.0157809257507324
p977,process,,14,14,1,pre,odor,True,-0.4943101704120636,3.2350707054138184,-3.4703369140625
p977,process,,15,15,12,pre,odor,True,-0.02686021849513054,3.0793886184692383,-2.7616989612579346
p977,process,,16,16,22,pre,odor,True,0.621448814868927,7.248556137084961,-4.147238731384277
p977,process,,17,17,10,pre,odor,True,-1.519269347190857,2.126277208328247,-4.087213516235352
p977,process,,18,18,17,pre,odor,True,-0.5268431901931763,2.0101234912872314,-3.1599225997924805
p977,process,,19,19,31,pre,odor,True,-1.2958420515060425,1.1448688507080078,-3.4168708324432373
p977,process,,20,20,30,pre,odor,True,0.3143303394317627,2.838501453399658,-2.8212320804595947
p977,process,,21,21,12,pre,odor,True,-1.2644809484481812,1.3784449100494385,-4.531755447387695
p977,process,,22,22,22,pre,odor,True,-0.4535207152366638,2.6383726596832275,-4.178104400634766
p977,process,,23,23,4,pre,odor,True,-0.3739597499370575,2.512348175048828,-3.4040091037750244
p977,process,,24,24,0,pre,odor,True,-1.0342754125595093,2.614211082458496,-3.624602794647217
p977,process,,25,25,3,pre,odor,True,-3.8119165897369385,0.31764236092567444,-6.16275691986084
p977,process,,26,26,40,pre,odor,True,-0.6439997553825378,2.1580429077148438,-3.057955503463745
p977,process,,27,27,10,pre,odor,True,-1.0372148752212524,0.4587945342063904,-3.1505606174468994
p977,process,,28,28,21,pre,odor,True,0.975100576877594,3.8340530395507812,-2.099684715270996
p977,process,,29,29,18,pre,odor,True,-0.22282588481903076,2.9479610919952393,-1.799824595451355
p977,process,,30,30,18,pre,odor,True,0.15038305521011353,2.1377320289611816,-1.7884865999221802
p977,process,,31,31,0,pre,odor,True,1.3085980415344238,4.475300312042236,-2.0721073150634766
p977,process,,32,32,12,post,odor,True,0.32887762784957886,2.2755138874053955,-0.8856469988822937
p977,process,,33,33,18,post,odor,True,0.20208226144313812,1.8927663564682007,-1.0932269096374512
p977,process,,34,34,40,post,odor,True,-0.0333721861243248,1.2443104982376099,-1.2896308898925781
p977,process,,35,35,32,post,odor,True,0.17019011080265045,1.3249050378799438,-0.7061957120895386
p977,process,,36,36,31,post,odor,True,0.25394806265830994,1.7136262655258179,-1.2660470008850098
p977,process,,37,37,0,post,odor,True,0.16676752269268036,1.4076600074768066,-1.2758437395095825
p977,process,,38,38,4,post,odor,True,-0.19635091722011566,0.8050642609596252,-1.7762691974639893
p977,process,,39,39,2,post,odor,True,0.6390035152435303,3.1048903465270996,-0.8542273044586182
p977,process,,40,40,3,post,odor,True,0.13806022703647614,2.1393115520477295,-1.1689907312393188
p977,process,,41,41,21,post,odor,True,1.4398672580718994,3.563732147216797,-0.7731034755706787
p977,process,,42,42,31,post,odor,True,0.21209311485290527,1.5504765510559082,-1.1536850929260254
p977,process,,43,43,2,post,odor,True,0.2609791159629822,1.8764169216156006,-0.9761633276939392
p977,process,,44,44,32,post,odor,True,-0.15749607980251312,1.1581870317459106,-1.333998441696167
p977,process,,45,45,40,post,odor,True,-0.2501307725906372,1.6621719598770142,-2.2129149436950684
p977,process,,46,46,1,post,odor,True,-0.01597568206489086,1.38313889503479,-1.5230295658111572
p977,process,,47,47,0,post,odor,True,-0.22553801536560059,1.463008999824524,-1.7192412614822388
p977,process,,48,48,22,post,odor,True,0.2569926679134369,1.493408441543579,-1.014671802520752
p977,process,,49,49,10,post,odor,True,0.10977733135223389,1.485764741897583,-1.0117595195770264
p977,process,,50,50,1,post,odor,True,0.2739076614379883,1.703457236289978,-0.9566236734390259
p977,process,,51,51,30,post,odor,True,0.07577702403068542,1.163473129272461,-1.0981905460357666
p977,process,,52,52,12,post,odor,True,0.1251416951417923,1.4428478479385376,-1.191150188446045
p977,process,,53,53,3,post,odor,True,0.15183988213539124,1.156082272529602,-0.6522250771522522
p977,process,,54,54,21,post,odor,True,0.6576968431472778,2.55527925491333,-1.4117428064346313
p977,process,,55,55,22,post,odor,True,0.17085802555084229,1.188008427619934,-0.7960458993911743
p977,process,,56,56,18,post,odor,True,0.4148276448249817,1.9315422773361206,-1.5540552139282227
p977,process,,57,57,30,post,odor,True,-0.3483414351940155,0.561314046382904,-1.464748501777649
p977,process,,58,58,17,post,odor,True,0.061119504272937775,1.3370898962020874,-1.263916015625
p977,process,,59,59,39,post,odor,True,0.20045219361782074,1.6262024641036987,-1.058253288269043
p977,process,,60,60,39,post,odor,True,0.12983828783035278,1.190556526184082,-1.273874282836914
p977,process,,61,61,17,post,odor,True,-0.07045510411262512,1.0093222856521606,-1.2019518613815308
p977,process,,62,62,4,post,odor,True,0.10835492610931396,1.2622051239013672,-1.0059137344360352
p996,process,,0,0,39,pre,odor,True,0.6491383910179138,4.378793716430664,-2.800710678100586
p996,process,,1,1,17,pre,odor,True,-0.6292629837989807,3.14890456199646,-3.4412572383880615
p996,process,,2,2,32,pre,odor,True,3.2253730297088623,6.391932964324951,-0.11202271282672882
p996,process,,3,3,32,pre,odor,True,4.098815441131592,7.073776721954346,-0.5847939848899841
p996,process,,4,4,30,pre,odor,True,1.5963350534439087,5.082735538482666,-1.0648475885391235
p996,process,,5,5,40,pre,odor,True,1.0646271705627441,4.65093469619751,-3.1860179901123047
p996,process,,6,6,3,pre,odor,True,2.378330945968628,5.280731201171875,-1.9008482694625854
p996,process,,7,7,2,pre,odor,True,2.4216861724853516,5.398571491241455,-2.2578423023223877
p996,process,,8,8,1,pre,odor,True,0.15437926352024078,2.614687919616699,-2.1406760215759277
p996,process,,9,9,4,pre,odor,True,2.9584693908691406,7.134910583496094,-1.2666373252868652
p996,process,,10,10,31,pre,odor,True,3.6095564365386963,8.98696517944336,-1.2318512201309204
p996,process,,11,11,21,pre,odor,True,-0.013155288062989712,7.277003765106201,-5.539032459259033
p996,process,,12,12,2,pre,odor,True,1.326028823852539,4.154077053070068,-1.5897941589355469
p996,process,,13,13,39,pre,odor,True,0.47209790349006653,2.844088315963745,-2.1503357887268066
p996,process,,14,14,1,pre,odor,True,1.0925654172897339,4.184870719909668,-1.3721790313720703
p996,process,,15,15,12,pre,odor,True,0.8251997828483582,6.64640998840332,-3.2393958568573
p996,process,,16,16,22,pre,odor,True,3.1678073406219482,10.158214569091797,-1.8936822414398193
p996,process,,17,17,10,pre,odor,True,2.756429433822632,7.844223976135254,-2.0120890140533447
p996,process,,18,18,17,pre,odor,True,-0.07703618705272675,3.378002643585205,-4.4678215980529785
p996,process,,19,19,31,pre,odor,True,3.3935885429382324,8.255428314208984,-1.8283641338348389
p996,process,,20,20,30,pre,odor,True,-1.071470856666565,1.2807590961456299,-3.5486910343170166
p996,process,,21,21,12,pre,odor,True,-0.4712461829185486,3.827535629272461,-2.9867870807647705
p996,process,,22,22,22,pre,odor,True,1.7862731218338013,4.6179423332214355,-2.037172317504883
p996,process,,23,23,4,pre,odor,True,-0.6255559325218201,1.8031333684921265,-2.4175050258636475
p996,process,,24,24,0,pre,odor,True,0.08678027987480164,4.066718101501465,-4.199900150299072
p996,process,,25,25,3,pre,odor,True,-0.6333834528923035,1.9853737354278564,-2.6773841381073
p996,process,,26,26,40,pre,odor,True,-0.3148007094860077,3.216543436050415,-3.676422357559204
p996,process,,27,27,10,pre,odor,True,0.3392982482910156,3.160551071166992,-2.3545937538146973
p996,process,,28,28,21,pre,odor,True,0.006155500188469887,2.6568219661712646,-2.779801845550537
p996,process,,29,29,18,pre,odor,True,0.27675360441207886,2.9127252101898193,-2.279783010482788
p996,process,,30,30,18,pre,odor,True,-2.3865017890930176,-0.359793096780777,-4.07936429977417
p996,process,,31,31,0,pre,odor,True,-0.3703961968421936,2.6943516731262207,-3.456235408782959
p996,process,,32,32,12,post,odor,True,0.06423672288656235,1.0913058519363403,-0.7864893078804016
p996,process,,33,33,18,post,odor,True,0.2750060260295868,1.3343194723129272,-0.6989079117774963
p996,process,,34,34,40,post,odor,True,0.0643172636628151,1.2259377241134644,-1.1444807052612305
p996,process,,35,35,32,post,odor,True,-0.06638781726360321,1.255655288696289,-1.0270718336105347
p996,process,,36,36,31,post,odor,True,0.3691455125808716,2.03548002243042,-0.700956404209137
p996,process,,37,37,0,post,odor,True,0.06019987538456917,1.3116217851638794,-1.3295509815216064
p996,process,,38,38,4,post,odor,True,-0.09898023307323456,1.4325059652328491,-1.1582955121994019
p996,process,,39,39,2,post,odor,True,0.021452205255627632,1.4790892601013184,-1.3811370134353638
p996,process,,40,40,3,post,odor,True,0.11525720357894897,1.5979030132293701,-1.1266958713531494
p996,process,,41,41,21,post,odor,True,0.8421706557273865,2.0593526363372803,-0.7656077742576599
p996,process,,42,42,31,post,odor,True,-0.13351477682590485,1.1295963525772095,-1.3677963018417358
p996,process,,43,43,2,post,odor,True,-0.06475066393613815,1.5173709392547607,-1.5692037343978882
p996,process,,44,44,32,post,odor,True,-0.026186734437942505,1.6159337759017944,-1.0951225757598877
p996,process,,45,45,40,post,odor,True,0.15180383622646332,1.3285781145095825,-1.057727336883545
p996,process,,46,46,1,post,odor,True,0.10531176626682281,1.110816478729248,-0.8858229517936707
p996,process,,47,47,0,post,odor,True,0.0015938528813421726,1.3817251920700073,-1.5995330810546875
p996,process,,48,48,22,post,odor,True,-0.20694799721240997,1.3204084634780884,-1.6102592945098877
p996,process,,49,49,10,post,odor,True,-0.2301263064146042,1.413616418838501,-1.1894174814224243
p996,process,,50,50,1,post,odor,True,-0.2379336804151535,0.7656072974205017,-1.5897928476333618
p996,process,,51,51,30,post,odor,True,-0.3418525457382202,1.4002422094345093,-1.8885102272033691
p996,process,,52,52,12,post,odor,True,-0.1334451138973236,1.0714783668518066,-1.2535656690597534
p996,process,,53,53,3,post,odor,True,0.05929160863161087,1.6863421201705933,-1.1425495147705078
p996,process,,54,54,21,post,odor,True,0.8524847626686096,2.6802947521209717,-0.7278674244880676
p996,process,,55,55,22,post,odor,True,-0.02236299216747284,1.216633915901184,-1.2852221727371216
p996,process,,56,56,18,post,odor,True,0.39133280515670776,2.0309784412384033,-1.4821233749389648
p996,process,,57,57,30,post,odor,True,-0.393316388130188,0.9178938269615173,-1.7042925357818604
p996,process,,58,58,17,post,odor,True,0.03753167763352394,2.182676315307617,-2.0699849128723145
p996,process,,59,59,39,post,odor,True,0.28013816475868225,1.9501559734344482,-1.1830053329467773
p996,process,,60,60,39,post,odor,True,-0.24369043111801147,1.0185869932174683,-1.5735679864883423
p996,process,,61,61,17,post,odor,True,0.24336186051368713,2.3425705432891846,-1.541303277015686
p996,process,,62,62,4,post,odor,True,0.5419192910194397,2.017760753631592,-1.9038900136947632
p1015,process,,0,0,39,pre,odor,True,-0.05083642154932022,3.6837685108184814,-2.1560375690460205
p1015,process,,1,1,17,pre,odor,True,-0.41495925188064575,1.962485432624817,-2.5137271881103516
p1015,process,,2,2,32,pre,odor,True,1.79547119140625,5.262542247772217,-1.5548218488693237
p1015,process,,3,3,32,pre,odor,True,1.3658705949783325,5.4716362953186035,-2.082895278930664
p1015,process,,4,4,30,pre,odor,True,0.8794663548469543,3.973386526107788,-2.0026071071624756
p1015,process,,5,5,40,pre,odor,True,0.7416356801986694,3.4191548824310303,-2.568403720855713
p1015,process,,6,6,3,pre,odor,True,1.5884997844696045,3.723022222518921,-0.8878252506256104
p1015,process,,7,7,2,pre,odor,True,1.3205788135528564,4.962042331695557,-1.0137089490890503
p1015,process,,8,8,1,pre,odor,True,0.6527195572853088,3.6552176475524902,-3.2922863960266113
p1015,process,,9,9,4,pre,odor,True,0.9464802742004395,3.6510696411132812,-2.6568470001220703
p1015,process,,10,10,31,pre,odor,True,0.6576882004737854,3.5695061683654785,-0.946816623210907
p1015,process,,11,11,21,pre,odor,True,-0.30892154574394226,2.464303731918335,-3.076399326324463
p1015,process,,12,12,2,pre,odor,True,0.8341858983039856,5.066447734832764,-1.44193434715271
p1015,process,,13,13,39,pre,odor,True,0.1708536148071289,4.044552326202393,-3.2674384117126465
p1015,process,,14,14,1,pre,odor,True,0.43280139565467834,4.365844249725342,-2.5389902591705322
p1015,process,,15,15,12,pre,odor,True,0.521487832069397,3.5930256843566895,-2.133765935897827
p1015,process,,16,16,22,pre,odor,True,0.5652891397476196,4.516453266143799,-1.8079168796539307
p1015,process,,17,17,10,pre,odor,True,1.0791410207748413,4.110798358917236,-1.813093662261963
p1015,process,,18,18,17,pre,odor,True,0.6505626440048218,5.372992992401123,-1.9485721588134766
p1015,process,,19,19,31,pre,odor,True,0.529395341873169,3.7452075481414795,-1.5854182243347168
p1015,process,,20,20,30,pre,odor,True,-0.29529955983161926,4.269886016845703,-3.3598837852478027
p1015,process,,21,21,12,pre,odor,True,0.5992235541343689,2.7320544719696045,-1.6964526176452637
p1015,process,,22,22,22,pre,odor,True,0.45445239543914795,2.7834579944610596,-2.820171356201172
p1015,process,,23,23,4,pre,odor,True,0.7223333120346069,4.9542765617370605,-1.7746278047561646
p1015,process,,24,24,0,pre,odor,True,-0.7515676021575928,2.201138496398926,-3.46860408782959
p1015,process,,25,25,3,pre,odor,True,0.20097383856773376,3.8228793144226074,-1.9677443504333496
p1015,process,,26,26,40,pre,odor,True,-0.15585915744304657,2.0513787269592285,-1.9361478090286255
p1015,process,,27,27,10,pre,odor,True,1.0606123208999634,4.486116886138916,-1.7769262790679932
p1015,process,,28,28,21,pre,odor,True,0.36521968245506287,5.3534722328186035,-2.5522820949554443
p1015,process,,29,29,18,pre,odor,True,0.7369749546051025,3.408752679824829,-1.7597579956054688
p1015,process,,30,30,18,pre,odor,True,-0.7460294961929321,2.1415767669677734,-3.9711716175079346
p1015,process,,31,31,0,pre,odor,True,-0.3012740910053253,2.8849036693573,-2.791217088699341
p1015,process,,32,32,12,post,odor,True,0.6774400472640991,2.691136360168457,-0.8062388896942139
p1015,process,,33,33,18,post,odor,True,0.8672140836715698,3.1405062675476074,-0.5404070019721985
p1015,process,,34,34,40,post,odor,True,0.1740977168083191,1.6388453245162964,-0.9847279787063599
p1015,process,,35,35,32,post,odor,True,0.30332279205322266,2.624122381210327,-0.8070891499519348
p1015,process,,36,36,31,post,odor,True,0.14180386066436768,2.296091079711914,-1.0420557260513306
p1015,process,,37,37,0,post,odor,True,0.26417046785354614,1.4285706281661987,-1.124783992767334
p1015,process,,38,38,4,post,odor,True,0.1824083924293518,1.833559513092041,-0.9615793228149414
p1015,process,,39,39,2,post,odor,True,0.12509678304195404,2.790856122970581,-0.9648135900497437
p1015,process,,40,40,3,post,odor,True,0.31128814816474915,2.1375350952148438,-0.9329836964607239
p1015,process,,41,41,21,post,odor,True,0.5032041072845459,1.7236138582229614,-1.0522682666778564
p1015,process,,42,42,31,post,odor,True,-0.07799271494150162,2.0245168209075928,-1.1009602546691895
p1015,process,,43,43,2,post,odor,True,0.17337676882743835,1.56531822681427,-1.0778571367263794
p1015,process,,44,44,32,post,odor,True,-0.06577686220407486,1.1225991249084473,-1.2736629247665405
p1015,process,,45,45,40,post,odor,True,0.012198144569993019,1.5826220512390137,-1.0753949880599976
p1015,process,,46,46,1,post,odor,True,0.2299754023551941,1.8335282802581787,-0.7306603789329529
p1015,process,,47,47,0,post,odor,True,-0.010240868665277958,1.0723259449005127,-0.8225505352020264
p1015,process,,48,48,22,post,odor,True,-0.23889553546905518,1.0966708660125732,-1.0102711915969849
p1015,process,,49,49,10,post,odor,True,-0.1949223130941391,1.7808722257614136,-1.1177423000335693
p1015,process,,50,50,1,post,odor,True,-0.0758386179804802,1.2767934799194336,-0.984938383102417
p1015,process,,51,51,30,post,odor,True,0.25004783272743225,1.5117560625076294,-0.653424084186554
p1015,process,,52,52,12,post,odor,True,0.05802470073103905,2.0144801139831543,-0.9054663777351379
p1015,process,,53,53,3,post,odor,True,0.012264415621757507,1.9073370695114136,-1.2652668952941895
p1015,process,,54,54,21,post,odor,True,0.3605116307735443,2.2208313941955566,-0.7755023837089539
p1015,process,,55,55,22,post,odor,True,-0.09945257753133774,1.0772539377212524,-1.5579078197479248
p1015,process,,56,56,18,post,odor,True,-0.04429896920919418,1.5790324211120605,-0.8542548418045044
p1015,process,,57,57,30,post,odor,True,0.04526416212320328,1.2224820852279663,-0.9456045031547546
p1015,process,,58,58,17,post,odor,True,0.19869963824748993,1.3073158264160156,-1.0649218559265137
p1015,process,,59,59,39,post,odor,True,0.08805106580257416,1.3023005723953247,-0.9739624261856079
p1015,process,,60,60,39,post,odor,True,-0.12141011655330658,1.594185471534729,-1.1603089570999146
p1015,process,,61,61,17,post,odor,True,0.22186937928199768,1.970064401626587,-0.7249587178230286
p1015,process,,62,62,4,post,odor,True,-0.2639727294445038,1.3975532054901123,-1.5135478973388672
p1034,process,,0,0,39,pre,odor,True,2.874056816101074,6.6766743659973145,-2.3729441165924072
p1034,process,,1,1,17,pre,odor,True,2.367249011993408,5.185904026031494,-0.8047297596931458
p1034,process,,2,2,32,pre,odor,True,11.643144607543945,17.453800201416016,0.4136127233505249
p1034,process,,3,3,32,pre,odor,True,10.84372329711914,16.05298614501953,-2.320707321166992
p1034,process,,4,4,30,pre,odor,True,9.294477462768555,13.952917098999023,2.2422327995300293
p1034,process,,5,5,40,pre,odor,True,3.4990363121032715,9.013114929199219,-1.8849679231643677
p1034,process,,6,6,3,pre,odor,True,5.626789569854736,11.398100852966309,-1.1822649240493774
p1034,process,,7,7,2,pre,odor,True,5.795557498931885,10.863465309143066,-1.7263621091842651
p1034,process,,8,8,1,pre,odor,True,3.4743216037750244,9.208012580871582,-0.795691728591919
p1034,process,,9,9,4,pre,odor,True,6.379831790924072,10.990937232971191,-1.1000192165374756
p1034,process,,10,10,31,pre,odor,True,10.957632064819336,17.780458450317383,-0.9592725038528442
p1034,process,,11,11,21,pre,odor,True,8.946178436279297,16.899314880371094,-2.3441038131713867
p1034,process,,12,12,2,pre,odor,True,3.5452353954315186,8.610997200012207,-2.4927024841308594
p1034,process,,13,13,39,pre,odor,True,2.83365797996521,8.677417755126953,-1.8126274347305298
p1034,process,,14,14,1,pre,odor,True,4.908348083496094,9.536479949951172,-0.8357393145561218
p1034,process,,15,15,12,pre,odor,True,5.555020809173584,12.722569465637207,-0.8467599153518677
p1034,process,,16,16,22,pre,odor,True,11.420310020446777,19.73592185974121,-1.2595171928405762
p1034,process,,17,17,10,pre,odor,True,5.431224346160889,11.422096252441406,-1.261490821838379
p1034,process,,18,18,17,pre,odor,True,1.6068718433380127,5.154113292694092,-0.9465226531028748
p1034,process,,19,19,31,pre,odor,True,11.016948699951172,19.33979606628418,-1.0335007905960083
p1034,process,,20,20,30,pre,odor,True,9.16009521484375,18.740503311157227,-0.10185293853282928
p1034,process,,21,21,12,pre,odor,True,0.6756207346916199,4.165468692779541,-2.3103816509246826
p1034,process,,22,22,22,pre,odor,True,9.062546730041504,15.32418441772461,-1.7966320514678955
p1034,process,,23,23,4,pre,odor,True,0.5200872421264648,3.8759889602661133,-1.8117847442626953
p1034,process,,24,24,0,pre,odor,True,0.3157166540622711,6.141317844390869,-4.090436935424805
p1034,process,,25,25,3,pre,odor,True,2.0399527549743652,5.274256706237793,-2.3315348625183105
p1034,process,,26,26,40,pre,odor,True,1.3821191787719727,5.500736713409424,-2.6120781898498535
p1034,process,,27,27,10,pre,odor,True,1.310502290725708,5.383957386016846,-2.9819798469543457
p1034,process,,28,28,21,pre,odor,True,7.855834484100342,13.363931655883789,0.2654857337474823
p1034,process,,29,29,18,pre,odor,True,2.1191837787628174,5.227575778961182,-0.27871930599212646
p1034,process,,30,30,18,pre,odor,True,1.0613064765930176,3.8715481758117676,-2.0083835124969482
p1034,process,,31,31,0,pre,odor,True,0.4631214439868927,3.292536973953247,-2.0581774711608887
p1034,process,,32,32,12,post,odor,True,0.4142119586467743,1.976291298866272,-1.2323434352874756
p1034,process,,33,33,18,post,odor,True,0.5562358498573303,2.5758049488067627,-0.9029222726821899
p1034,process,,34,34,40,post,odor,True,0.020441414788365364,1.8992387056350708,-1.1040159463882446
p1034,process,,35,35,32,post,odor,True,0.5516870617866516,2.746687650680542,-1.15618896484375
p1034,process,,36,36,31,post,odor,True,0.2676113247871399,2.966838836669922,-0.9854571223258972
p1034,process,,37,37,0,post,odor,True,-0.12644191086292267,1.5571473836898804,-1.3810338973999023
p1034,process,,38,38,4,post,odor,True,0.2370990365743637,1.8500746488571167,-1.4452846050262451
p1034,process,,39,39,2,post,odor,True,0.167867973446846,1.4704777002334595,-1.0197560787200928
p1034,process,,40,40,3,post,odor,True,0.3780464828014374,1.9256597757339478,-0.8877653479576111
p1034,process,,41,41,21,post,odor,True,5.640063285827637,10.289878845214844,-0.7778573036193848
p1034,process,,42,42,31,post,odor,True,0.20573867857456207,2.1940903663635254,-1.1332769393920898
p1034,process,,43,43,2,post,odor,True,0.11279881000518799,1.5359690189361572,-1.4325238466262817
p1034,process,,44,44,32,post,odor,True,0.44712120294570923,2.5893075466156006,-0.9883692264556885
p1034,process,,45,45,40,post,odor,True,0.1037747710943222,1.48670494556427,-1.1403683423995972
p1034,process,,46,46,1,post,odor,True,0.14391523599624634,1.6221777200698853,-1.5651702880859375
p1034,process,,47,47,0,post,odor,True,-0.06377394497394562,1.2863248586654663,-1.2766286134719849
p1034,process,,48,48,22,post,odor,True,0.046510107815265656,1.5000982284545898,-1.0762420892715454
p1034,process,,49,49,10,post,odor,True,0.14642082154750824,1.529152750968933,-0.8227957487106323
p1034,process,,50,50,1,post,odor,True,0.06759919971227646,1.6357553005218506,-0.9643536806106567
p1034,process,,51,51,30,post,odor,True,0.560699999332428,2.890923023223877,-0.7015088200569153
p1034,process,,52,52,12,post,odor,True,0.13134987652301788,1.5315533876419067,-0.841613233089447
p1034,process,,53,53,3,post,odor,True,0.19731613993644714,1.714606523513794,-1.010394811630249
p1034,process,,54,54,21,post,odor,True,4.040422439575195,9.465692520141602,-0.9492552280426025
p1034,process,,55,55,22,post,odor,True,0.022042078897356987,1.9703056812286377,-0.803190290927887
p1034,process,,56,56,18,post,odor,True,0.27634185552597046,2.063337802886963,-1.067471981048584
p1034,process,,57,57,30,post,odor,True,0.19229961931705475,1.6827417612075806,-1.6181557178497314
p1034,process,,58,58,17,post,odor,True,0.2823822498321533,2.291088342666626,-0.8779184818267822
p1034,process,,59,59,39,post,odor,True,0.07123205065727234,1.4452909231185913,-0.9313555359840393
p1034,process,,60,60,39,post,odor,True,0.12264366447925568,1.2677081823349,-0.6235929727554321
p1034,process,,61,61,17,post,odor,True,0.09504248201847076,1.4705897569656372,-0.525688648223877
p1034,process,,62,62,4,post,odor,True,-0.07636042684316635,0.5414826273918152,-0.7261686325073242
p1053,process,,0,0,39,pre,odor,True,0.10262450575828552,2.997875213623047,-1.8772797584533691
p1053,process,,1,1,17,pre,odor,True,-0.6697289347648621,1.1889522075653076,-2.814784049987793
p1053,process,,2,2,32,pre,odor,True,0.7105450630187988,4.587864875793457,-1.916043996810913
p1053,process,,3,3,32,pre,odor,True,0.9594931602478027,5.55759334564209,-2.054042100906372
p1053,process,,4,4,30,pre,odor,True,0.8869868516921997,4.027140140533447,-1.637313961982727
p1053,process,,5,5,40,pre,odor,True,0.19958648085594177,2.935553550720215,-2.003690719604492
p1053,process,,6,6,3,pre,odor,True,0.4383115768432617,4.667966842651367,-2.4162685871124268
p1053,process,,7,7,2,pre,odor,True,0.42649444937705994,2.5434181690216064,-2.6957874298095703
p1053,process,,8,8,1,pre,odor,True,-0.12831339240074158,2.506922721862793,-2.050837755203247
p1053,process,,9,9,4,pre,odor,True,0.4165947437286377,3.5876057147979736,-2.343052625656128
p1053,process,,10,10,31,pre,odor,True,0.9759795665740967,4.57366943359375,-1.6819782257080078
p1053,process,,11,11,21,pre,odor,True,-0.07517586648464203,4.375764846801758,-2.4565231800079346
p1053,process,,12,12,2,pre,odor,True,0.42536601424217224,3.7475199699401855,-1.8832216262817383
p1053,process,,13,13,39,pre,odor,True,0.383142352104187,2.912372350692749,-2.124537229537964
p1053,process,,14,14,1,pre,odor,True,0.40621790289878845,2.8773694038391113,-2.0909230709075928
p1053,process,,15,15,12,pre,odor,True,0.5621373057365417,4.508426189422607,-1.9387140274047852
p1053,process,,16,16,22,pre,odor,True,0.7002515196800232,6.82334041595459,-3.9445137977600098
p1053,process,,17,17,10,pre,odor,True,0.9534009099006653,5.247122764587402,-2.315023899078369
p1053,process,,18,18,17,pre,odor,True,-0.2721004784107208,2.802563190460205,-2.703516721725464
p1053,process,,19,19,31,pre,odor,True,0.7613354921340942,5.113656044006348,-1.8260031938552856
p1053,process,,20,20,30,pre,odor,True,-0.2538428008556366,3.0501935482025146,-2.6143696308135986
p1053,process,,21,21,12,pre,odor,True,-0.4187708795070648,4.032000541687012,-2.3929407596588135
p1053,process,,22,22,22,pre,odor,True,0.6864647269248962,3.074481964111328,-2.5495054721832275
p1053,process,,23,23,4,pre,odor,True,-0.892924427986145,1.9101412296295166,-3.448791742324829
p1053,process,,24,24,0,pre,odor,True,-0.23642581701278687,2.57346773147583,-2.579153299331665
p1053,process,,25,25,3,pre,odor,True,0.011029684916138649,2.832473039627075,-2.135345458984375
p1053,process,,26,26,40,pre,odor,True,-0.2594671845436096,2.0957396030426025,-2.798861265182495
p1053,process,,27,27,10,pre,odor,True,-0.0800318568944931,2.476022243499756,-3.1325697898864746
p1053,process,,28,28,21,pre,odor,True,0.6479275822639465,6.009239673614502,-2.0314180850982666
p1053,process,,29,29,18,pre,odor,True,-0.16583256423473358,2.654503583908081,-1.942831039428711
p1053,process,,30,30,18,pre,odor,True,-0.5263699293136597,2.5363292694091797,-2.2695462703704834
p1053,process,,31,31,0,pre,odor,True,0.0063763391226530075,1.6363277435302734,-2.045621633529663
p1053,process,,32,32,12,post,odor,True,0.1343109905719757,1.8674589395523071,-0.9435644149780273
p1053,process,,33,33,18,post,odor,True,-0.11630379408597946,1.3701508045196533,-1.053187370300293
p1053,process,,34,34,40,post,odor,True,0.1149522215127945,1.7195075750350952,-1.2409720420837402
p1053,process,,35,35,32,post,odor,True,0.03099912218749523,1.3637620210647583,-1.0017290115356445
p1053,process,,36,36,31,post,odor,True,0.04479413107037544,1.114435076713562,-1.2141950130462646
p1053,process,,37,37,0,post,odor,True,-0.00019614283519331366,1.8129124641418457,-1.20253324508667
p1053,process,,38,38,4,post,odor,True,-0.21830230951309204,1.6104530096054077,-1.5143084526062012
p1053,process,,39,39,2,post,odor,True,0.14480319619178772,1.5587022304534912,-1.0669047832489014
p1053,process,,40,40,3,post,odor,True,0.1602420210838318,2.2269716262817383,-1.2207391262054443
p1053,process,,41,41,21,post,odor,True,0.5683481693267822,2.9175353050231934,-0.8054908514022827
p1053,process,,42,42,31,post,odor,True,-0.00504089891910553,2.843449115753174,-1.1583125591278076
p1053,process,,43,43,2,post,odor,True,0.2962473928928375,2.12931752204895,-1.1422213315963745
p1053,process,,44,44,32,post,odor,True,0.09286491572856903,1.984836220741272,-1.2165820598602295
p1053,process,,45,45,40,post,odor,True,0.08822205662727356,2.8515257835388184,-1.167343258857727
p1053,process,,46,46,1,post,odor,True,-0.14104443788528442,1.3481217622756958,-1.171745777130127
p1053,process,,47,47,0,post,odor,True,0.13949204981327057,1.422956109046936,-1.1251100301742554
p1053,process,,48,48,22,post,odor,True,0.3310113847255707,2.0157570838928223,-0.8233660459518433
p1053,process,,49,49,10,post,odor,True,-0.18735560774803162,1.5527559518814087,-1.224171757698059
p1053,process,,50,50,1,post,odor,True,-0.10741836577653885,1.4777897596359253,-1.0718603134155273
p1053,process,,51,51,30,post,odor,True,0.015583839267492294,1.273297905921936,-1.110588550567627
p1053,process,,52,52,12,post,odor,True,0.045821838080883026,1.990955114364624,-1.1182479858398438
p1053,process,,53,53,3,post,odor,True,0.05592498555779457,1.9264976978302002,-1.4328620433807373
p1053,process,,54,54,21,post,odor,True,0.611484944820404,2.34997820854187,-0.6963045597076416
p1053,process,,55,55,22,post,odor,True,0.2174862176179886,1.8488848209381104,-1.0295203924179077
p1053,process,,56,56,18,post,odor,True,-0.1701420098543167,0.9557059407234192,-1.2161756753921509
p1053,process,,57,57,30,post,odor,True,-0.054482877254486084,1.5149034261703491,-1.0374207496643066
p1053,process,,58,58,17,post,odor,True,-0.049657948315143585,1.2118943929672241,-0.8676511645317078
p1053,process,,59,59,39,post,odor,True,-0.03584381565451622,2.0819766521453857,-0.9251102209091187
p1053,process,,60,60,39,post,odor,True,0.07027973234653473,1.2966669797897339,-0.9669114947319031
p1053,process,,61,61,17,post,odor,True,0.27305108308792114,2.49031400680542,-0.7634631395339966
p1053,process,,62,62,4,post,odor,True,-0.023516803979873657,1.724402904510498,-0.9678660035133362
p1072,process,,0,0,39,pre,odor,True,-0.45436424016952515,2.101149797439575,-2.5713305473327637
p1072,process,,1,1,17,pre,odor,True,-1.1961050033569336,1.1090214252471924,-4.034873962402344
p1072,process,,2,2,32,pre,odor,True,-0.007372356951236725,2.218309164047241,-2.153333902359009
p1072,process,,3,3,32,pre,odor,True,-0.14601565897464752,2.6677865982055664,-2.2413196563720703
p1072,process,,4,4,30,pre,odor,True,-0.14412878453731537,2.338855028152466,-2.1010947227478027
p1072,process,,5,5,40,pre,odor,True,-0.005713763181120157,2.6495461463928223,-2.293534517288208
p1072,process,,6,6,3,pre,odor,True,-0.27351000905036926,2.367692470550537,-2.937100648880005
p1072,process,,7,7,2,pre,odor,True,1.294789433479309,4.086087226867676,-1.7098143100738525
p1072,process,,8,8,1,pre,odor,True,0.3666556775569916,3.040360689163208,-1.301666259765625
p1072,process,,9,9,4,pre,odor,True,0.6203397512435913,3.868276834487915,-1.5385661125183105
p1072,process,,10,10,31,pre,odor,True,0.13384786248207092,3.2628469467163086,-3.2280986309051514
p1072,process,,11,11,21,pre,odor,True,-0.6470394730567932,1.851515531539917,-3.745832920074463
p1072,process,,12,12,2,pre,odor,True,-0.08775729686021805,2.4989120960235596,-2.8957366943359375
p1072,process,,13,13,39,pre,odor,True,0.08177336305379868,2.8798093795776367,-2.581840991973877
p1072,process,,14,14,1,pre,odor,True,0.024622362107038498,2.8388688564300537,-3.2586851119995117
p1072,process,,15,15,12,pre,odor,True,-0.03987975791096687,2.761370897293091,-3.33764386177063
p1072,process,,16,16,22,pre,odor,True,0.24598146975040436,2.72174072265625,-2.57100772857666
p1072,process,,17,17,10,pre,odor,True,1.1310060024261475,3.522282838821411,-2.429331064224243
p1072,process,,18,18,17,pre,odor,True,-0.9021887183189392,2.6130728721618652,-3.813694715499878
p1072,process,,19,19,31,pre,odor,True,-0.4151989817619324,2.540971040725708,-2.821660041809082
p1072,process,,20,20,30,pre,odor,True,-1.022219181060791,2.735536575317383,-3.1832473278045654
p1072,process,,21,21,12,pre,odor,True,-1.06889808177948,2.5424892902374268,-3.6281046867370605
p1072,process,,22,22,22,pre,odor,True,-0.473593533039093,2.142097234725952,-4.049900054931641
p1072,process,,23,23,4,pre,odor,True,-1.2918027639389038,2.055448532104492,-3.55497670173645
p1072,process,,24,24,0,pre,odor,True,-1.333188533782959,1.571448802947998,-4.200088977813721
p1072,process,,25,25,3,pre,odor,True,0.23343798518180847,2.2265026569366455,-2.1948418617248535
p1072,process,,26,26,40,pre,odor,True,-1.1451976299285889,2.091456174850464,-4.992879867553711
p1072,process,,27,27,10,pre,odor,True,0.14474479854106903,3.663644313812256,-2.4923131465911865
p1072,process,,28,28,21,pre,odor,True,-0.41166821122169495,2.9259603023529053,-3.8644144535064697
p1072,process,,29,29,18,pre,odor,True,-0.36587783694267273,2.5670554637908936,-2.614166498184204
p1072,process,,30,30,18,pre,odor,True,-0.8950605392456055,2.6469318866729736,-2.5477921962738037
p1072,process,,31,31,0,pre,odor,True,-0.15160204470157623,2.324409246444702,-2.2225961685180664
p1072,process,,32,32,12,post,odor,True,-0.009994711726903915,1.4717991352081299,-1.0186548233032227
p1072,process,,33,33,18,post,odor,True,0.19424590468406677,2.072155237197876,-1.1452631950378418
p1072,process,,34,34,40,post,odor,True,0.3132988512516022,1.4807652235031128,-0.697696328163147
p1072,process,,35,35,32,post,odor,True,-0.038437195122241974,1.0931360721588135,-0.8541519641876221
p1072,process,,36,36,31,post,odor,True,0.08458354324102402,1.3567521572113037,-0.859022319316864
p1072,process,,37,37,0,post,odor,True,0.22931122779846191,1.4994029998779297,-1.2492094039916992
p1072,process,,38,38,4,post,odor,True,-0.27207615971565247,1.0861353874206543,-1.518264651298523
p1072,process,,39,39,2,post,odor,True,0.17351055145263672,1.4268088340759277,-0.7351207733154297
p1072,process,,40,40,3,post,odor,True,0.05026257783174515,1.7729905843734741,-0.8446100354194641
p1072,process,,41,41,21,post,odor,True,0.056241896003484726,1.0537893772125244,-1.1767131090164185
p1072,process,,42,42,31,post,odor,True,0.11699450016021729,1.2840778827667236,-1.063738226890564
p1072,process,,43,43,2,post,odor,True,-0.026849862188100815,1.0998462438583374,-0.6684706211090088
p1072,process,,44,44,32,post,odor,True,0.2372240573167801,2.583890438079834,-1.1798481941223145
p1072,process,,45,45,40,post,odor,True,0.04689571261405945,1.0033409595489502,-0.8300002813339233
p1072,process,,46,46,1,post,odor,True,0.13763168454170227,1.7993261814117432,-0.6770719289779663
p1072,process,,47,47,0,post,odor,True,0.11332570761442184,1.6625701189041138,-1.4563117027282715
p1072,process,,48,48,22,post,odor,True,0.022626562044024467,1.124705195426941,-1.119627833366394
p1072,process,,49,49,10,post,odor,True,-0.0175003744661808,1.272086501121521,-1.0903260707855225
p1072,process,,50,50,1,post,odor,True,0.1394328474998474,1.0857867002487183,-0.9691537618637085
p1072,process,,51,51,30,post,odor,True,-0.049513079226017,1.8559027910232544,-0.9965617060661316
p1072,process,,52,52,12,post,odor,True,0.08969346433877945,1.3432464599609375,-1.0567466020584106
p1072,process,,53,53,3,post,odor,True,0.19712020456790924,1.6127921342849731,-0.6611887812614441
p1072,process,,54,54,21,post,odor,True,0.3849862515926361,1.870365858078003,-1.10691499710083
p1072,process,,55,55,22,post,odor,True,-0.000780526315793395,1.3292772769927979,-1.1001099348068237
p1072,process,,56,56,18,post,odor,True,0.354021281003952,1.7909656763076782,-0.7759299278259277
p1072,process,,57,57,30,post,odor,True,0.01821812614798546,1.1381102800369263,-0.9346802830696106
p1072,process,,58,58,17,post,odor,True,0.15489159524440765,1.5395219326019287,-0.7412593960762024
p1072,process,,59,59,39,post,odor,True,0.34885743260383606,1.4955121278762817,-0.678659975528717
p1072,process,,60,60,39,post,odor,True,0.08715567737817764,1.0170880556106567,-0.8046015501022339
p1072,process,,61,61,17,post,odor,True,0.14834679663181305,1.9580471515655518,-0.9659861922264099
p1072,process,,62,62,4,post,odor,True,-0.32161447405815125,0.9613510966300964,-1.4554617404937744
p1091,process,,0,0,39,pre,odor,True,-0.559033989906311,1.9056349992752075,-2.7740585803985596
p1091,process,,1,1,17,pre,odor,True,-0.9806225895881653,2.240264654159546,-3.5679073333740234
p1091,process,,2,2,32,pre,odor,True,0.6124629378318787,3.2032248973846436,-1.5169650316238403
p1091,process,,3,3,32,pre,odor,True,0.6803320050239563,3.4847705364227295,-2.484218120574951
p1091,process,,4,4,30,pre,odor,True,-0.2473466694355011,2.7367541790008545,-2.3243744373321533
p1091,process,,5,5,40,pre,odor,True,-0.05489245802164078,2.933584451675415,-2.0830414295196533
p1091,process,,6,6,3,pre,odor,True,-0.32254698872566223,3.964049816131592,-1.7569462060928345
p1091,process,,7,7,2,pre,odor,True,0.7428444623947144,3.55031156539917,-2.289159059524536
p1091,process,,8,8,1,pre,odor,True,0.26542928814888,4.459269046783447,-2.9831104278564453
p1091,process,,9,9,4,pre,odor,True,0.24359305202960968,3.8673324584960938,-2.409925699234009
p1091,process,,10,10,31,pre,odor,True,0.4622284471988678,5.7365031242370605,-2.10927677154541
p1091,process,,11,11,21,pre,odor,True,-0.7875128388404846,1.9767292737960815,-3.0974173545837402
p1091,process,,12,12,2,pre,odor,True,-0.05387230962514877,4.255109786987305,-2.7705488204956055
p1091,process,,13,13,39,pre,odor,True,-0.7819343209266663,3.8987982273101807,-3.084961175918579
p1091,process,,14,14,1,pre,odor,True,0.2953069806098938,3.277940511703491,-3.143777370452881
p1091,process,,15,15,12,pre,odor,True,0.4534178078174591,4.826574802398682,-3.63307785987854
p1091,process,,16,16,22,pre,odor,True,-0.008974602445960045,3.0219123363494873,-3.099332571029663
p1091,process,,17,17,10,pre,odor,True,2.1692357063293457,6.403824806213379,-2.817939519882202
p1091,process,,18,18,17,pre,odor,True,-0.8334516882896423,2.3506336212158203,-3.2198233604431152
p1091,process,,19,19,31,pre,odor,True,0.06927555799484253,3.1434433460235596,-2.180211305618286
p1091,process,,20,20,30,pre,odor,True,-0.3882412016391754,1.6887457370758057,-2.240105390548706
p1091,process,,21,21,12,pre,odor,True,-0.6156326532363892,2.2418487071990967,-2.4483940601348877
p1091,process,,22,22,22,pre,odor,True,0.03189278766512871,2.937047243118286,-1.9288040399551392
p1091,process,,23,23,4,pre,odor,True,-0.7245835661888123,3.2694153785705566,-2.8614072799682617
p1091,process,,24,24,0,pre,odor,True,-1.3733829259872437,2.8744630813598633,-5.149984359741211
p1091,process,,25,25,3,pre,odor,True,-1.552173376083374,1.772485375404358,-4.667052268981934
p1091,process,,26,26,40,pre,odor,True,-1.3184396028518677,3.650691509246826,-4.4877028465271
p1091,process,,27,27,10,pre,odor,True,0.8277315497398376,3.7214648723602295,-2.4957926273345947
p1091,process,,28,28,21,pre,odor,True,-0.11829464137554169,3.8020942211151123,-2.721642017364502
p1091,process,,29,29,18,pre,odor,True,-0.13543999195098877,2.434662103652954,-1.3770583868026733
p1091,process,,30,30,18,pre,odor,True,-1.2330676317214966,0.7007748484611511,-2.8154730796813965
p1091,process,,31,31,0,pre,odor,True,-0.7687540650367737,1.8245517015457153,-3.2160909175872803
p1091,process,,32,32,12,post,odor,True,-0.03641551733016968,1.6803946495056152,-1.1960357427597046
p1091,process,,33,33,18,post,odor,True,-0.06024680286645889,1.2405937910079956,-1.1390984058380127
p1091,process,,34,34,40,post,odor,True,0.09789071977138519,1.8493584394454956,-1.0788655281066895
p1091,process,,35,35,32,post,odor,True,0.044041190296411514,1.7868038415908813,-1.0427042245864868
p1091,process,,36,36,31,post,odor,True,-0.08266517519950867,1.3256474733352661,-0.9984311461448669
p1091,process,,37,37,0,post,odor,True,0.10595356673002243,1.706079363822937,-0.9602333903312683
p1091,process,,38,38,4,post,odor,True,0.15639720857143402,1.7185053825378418,-1.0284658670425415
p1091,process,,39,39,2,post,odor,True,0.08285625278949738,1.317234754562378,-0.951129674911499
p1091,process,,40,40,3,post,odor,True,0.2563000023365021,1.9057902097702026,-0.8026553392410278
p1091,process,,41,41,21,post,odor,True,-0.09166530519723892,1.3381309509277344,-1.1961467266082764
p1091,process,,42,42,31,post,odor,True,0.0841895267367363,1.4486640691757202,-0.9017461538314819
p1091,process,,43,43,2,post,odor,True,-0.002493281150236726,1.3212394714355469,-1.1183208227157593
p1091,process,,44,44,32,post,odor,True,-0.1401624083518982,1.5852341651916504,-1.1237688064575195
p1091,process,,45,45,40,post,odor,True,-0.11328355967998505,1.0743457078933716,-1.1001278162002563
p1091,process,,46,46,1,post,odor,True,-0.026500418782234192,1.2713782787322998,-1.120585322380066
p1091,process,,47,47,0,post,odor,True,-0.004054740071296692,1.1934725046157837,-0.9897128343582153
p1091,process,,48,48,22,post,odor,True,0.22218644618988037,1.4259034395217896,-0.8043842315673828
p1091,process,,49,49,10,post,odor,True,0.0922444611787796,2.097180128097534,-1.0043362379074097
p1091,process,,50,50,1,post,odor,True,-0.10971105843782425,0.9877758026123047,-0.9910826683044434
p1091,process,,51,51,30,post,odor,True,0.10522674024105072,1.6403528451919556,-0.9057289958000183
p1091,process,,52,52,12,post,odor,True,-0.03905930742621422,1.7216740846633911,-1.0070838928222656
p1091,process,,53,53,3,post,odor,True,-0.09134883433580399,0.9634450674057007,-1.1676685810089111
p1091,process,,54,54,21,post,odor,True,0.06069464981555939,1.4744129180908203,-0.9163517355918884
p1091,process,,55,55,22,post,odor,True,0.16420504450798035,2.169757604598999,-1.0092359781265259
p1091,process,,56,56,18,post,odor,True,0.0908544585108757,1.6756515502929688,-0.9590759873390198
p1091,process,,57,57,30,post,odor,True,0.15067178010940552,1.6975842714309692,-1.2933038473129272
p1091,process,,58,58,17,post,odor,True,-0.40472644567489624,1.5829166173934937,-1.4179294109344482
p1091,process,,59,59,39,post,odor,True,-0.06498688459396362,1.527229905128479,-1.2224993705749512
p1091,process,,60,60,39,post,odor,True,-0.024798952043056488,1.5360177755355835,-1.4874528646469116
p1091,process,,61,61,17,post,odor,True,-0.023535916581749916,2.399639368057251,-1.3286890983581543
p1091,process,,62,62,4,post,odor,True,0.003090496174991131,1.7345280647277832,-1.2732141017913818
p1110,process,,0,0,39,pre,odor,True,-0.6397683620452881,1.587677240371704,-2.9439332485198975
p1110,process,,1,1,17,pre,odor,True,-1.0491482019424438,0.8618923425674438,-4.411266326904297
p1110,process,,2,2,32,pre,odor,True,0.7123401761054993,2.716108560562134,-1.0350030660629272
p1110,process,,3,3,32,pre,odor,True,0.9871215224266052,3.6260342597961426,-2.4520204067230225
p1110,process,,4,4,30,pre,odor,True,0.5717083215713501,3.4180116653442383,-1.7238343954086304
p1110,process,,5,5,40,pre,odor,True,-0.0830647423863411,2.2364134788513184,-2.712404251098633
p1110,process,,6,6,3,pre,odor,True,0.19860592484474182,2.8593246936798096,-2.9370503425598145
p1110,process,,7,7,2,pre,odor,True,1.6555259227752686,4.242519855499268,-0.9680519700050354
p1110,process,,8,8,1,pre,odor,True,0.275600790977478,1.9898022413253784,-1.9685145616531372
p1110,process,,9,9,4,pre,odor,True,1.8145281076431274,4.477677345275879,-0.9667134284973145
p1110,process,,10,10,31,pre,odor,True,0.5815187096595764,2.8366732597351074,-3.309372663497925
p1110,process,,11,11,21,pre,odor,True,-0.32074496150016785,2.89898943901062,-3.32953143119812
p1110,process,,12,12,2,pre,odor,True,0.43166500329971313,4.227153778076172,-1.4371068477630615
p1110,process,,13,13,39,pre,odor,True,0.040682628750801086,3.1581132411956787,-2.1550426483154297
p1110,process,,14,14,1,pre,odor,True,0.8988733887672424,3.133969306945801,-0.682052731513977
p1110,process,,15,15,12,pre,odor,True,0.2873607277870178,4.981501579284668,-3.6852052211761475
p1110,process,,16,16,22,pre,odor,True,0.8062237501144409,5.112258434295654,-4.2682204246521
p1110,process,,17,17,10,pre,odor,True,2.2878456115722656,5.8298659324646,-2.2613494396209717
p1110,process,,18,18,17,pre,odor,True,-0.7862300872802734,2.9488611221313477,-3.482367515563965
p1110,process,,19,19,31,pre,odor,True,0.2244935929775238,3.185457706451416,-3.33646821975708
p1110,process,,20,20,30,pre,odor,True,-1.1220457553863525,1.610012412071228,-3.6689116954803467
p1110,process,,21,21,12,pre,odor,True,-1.081209421157837,2.1287457942962646,-3.3531272411346436
p1110,process,,22,22,22,pre,odor,True,-0.7689976692199707,2.9908626079559326,-3.0889055728912354
p1110,process,,23,23,4,pre,odor,True,-1.5769848823547363,1.7109466791152954,-4.412431240081787
p1110,process,,24,24,0,pre,odor,True,-1.085625171661377,3.901099920272827,-5.523033618927002
p1110,process,,25,25,3,pre,odor,True,0.728035032749176,4.027289867401123,-1.3788443803787231
p1110,process,,26,26,40,pre,odor,True,-0.6865819096565247,3.733489513397217,-5.159740924835205
p1110,process,,27,27,10,pre,odor,True,0.33610281348228455,3.0355207920074463,-2.211862087249756
p1110,process,,28,28,21,pre,odor,True,0.6324090957641602,4.27231502532959,-1.837701439857483
p1110,process,,29,29,18,pre,odor,True,-0.04512476548552513,2.750149726867676,-2.0849363803863525
p1110,process,,30,30,18,pre,odor,True,-1.9516593217849731,-0.05801593139767647,-3.4258673191070557
p1110,process,,31,31,0,pre,odor,True,-0.7730153203010559,1.3085449934005737,-2.6398231983184814
p1110,process,,32,32,12,post,odor,True,0.15472257137298584,0.8487893342971802,-0.44862106442451477
p1110,process,,33,33,18,post,odor,True,0.1474909782409668,1.777608036994934,-0.9197654128074646
p1110,process,,34,34,40,post,odor,True,0.05114947259426117,0.9304737448692322,-0.8345769643783569
p1110,process,,35,35,32,post,odor,True,0.0628344938158989,1.180355191230774,-0.8731429576873779
p1110,process,,36,36,31,post,odor,True,0.12519288063049316,0.9308236241340637,-0.9507285356521606
p1110,process,,37,37,0,post,odor,True,0.02236134000122547,1.0448346138000488,-0.8140127658843994
p1110,process,,38,38,4,post,odor,True,-0.3145633041858673,0.7423171401023865,-1.3097200393676758
p1110,process,,39,39,2,post,odor,True,-0.12069790810346603,0.4668293297290802,-0.8210326433181763
p1110,process,,40,40,3,post,odor,True,0.05072261020541191,1.0583490133285522,-0.8744069337844849
p1110,process,,41,41,21,post,odor,True,0.1740373969078064,1.2660661935806274,-0.7812874913215637
p1110,process,,42,42,31,post,odor,True,0.16865846514701843,1.9411113262176514,-0.5371150970458984
p1110,process,,43,43,2,post,odor,True,0.06748984754085541,0.9415913820266724,-0.6381143927574158
p1110,process,,44,44,32,post,odor,True,0.20424728095531464,1.1474086046218872,-0.7468280792236328
p1110,process,,45,45,40,post,odor,True,0.13339495658874512,1.1872084140777588,-0.8625739216804504
p1110,process,,46,46,1,post,odor,True,-0.035804033279418945,0.6947958469390869,-0.8081825971603394
p1110,process,,47,47,0,post,odor,True,0.15713956952095032,0.8547042608261108,-0.8048167824745178
p1110,process,,48,48,22,post,odor,True,0.029522409662604332,1.6106481552124023,-0.747665524482727
p1110,process,,49,49,10,post,odor,True,0.013963982462882996,0.8135068416595459,-0.9015020728111267
p1110,process,,50,50,1,post,odor,True,0.004732945468276739,1.2395150661468506,-0.5256963968276978
p1110,process,,51,51,30,post,odor,True,0.0771041214466095,0.8237922191619873,-0.787168562412262
p1110,process,,52,52,12,post,odor,True,-0.02868604101240635,1.1318297386169434,-0.8509135842323303
p1110,process,,53,53,3,post,odor,True,0.12486497312784195,1.1724308729171753,-0.5539953112602234
p1110,process,,54,54,21,post,odor,True,0.22781623899936676,1.1505546569824219,-0.8073341250419617
p1110,process,,55,55,22,post,odor,True,0.054566673934459686,1.118988037109375,-0.9313653111457825
p1110,process,,56,56,18,post,odor,True,0.05217256024479866,0.9440546035766602,-1.1073434352874756
p1110,process,,57,57,30,post,odor,True,-0.034695204347372055,0.8393095135688782,-0.8422468304634094
p1110,process,,58,58,17,post,odor,True,-0.17679844796657562,1.0176907777786255,-1.0098910331726074
p1110,process,,59,59,39,post,odor,True,0.1697709858417511,1.3727445602416992,-0.7626672387123108
p1110,process,,60,60,39,post,odor,True,0.12044720351696014,1.2507867813110352,-0.9201831221580505
p1110,process,,61,61,17,post,odor,True,0.011642350815236568,1.3016778230667114,-0.9514408707618713
p1110,process,,62,62,4,post,odor,True,-0.029039910063147545,1.552851676940918,-0.9786946177482605
p1129,process,,0,0,39,pre,odor,True,-0.3840562403202057,2.9244463443756104,-4.673343181610107
p1129,process,,1,1,17,pre,odor,True,-1.060823917388916,1.8734184503555298,-4.043922424316406
p1129,process,,2,2,32,pre,odor,True,3.428593635559082,8.021074295043945,-0.014338953420519829
p1129,process,,3,3,32,pre,odor,True,1.720301866531372,5.373328685760498,-1.469099760055542
p1129,process,,4,4,30,pre,odor,True,1.3321797847747803,4.80328893661499,-1.427088737487793
p1129,process,,5,5,40,pre,odor,True,0.4684705138206482,4.892406940460205,-2.4392459392547607
p1129,process,,6,6,3,pre,odor,True,1.4734797477722168,5.7378058433532715,-3.1351239681243896
p1129,process,,7,7,2,pre,odor,True,1.760557770729065,5.841852188110352,-3.913421869277954
p1129,process,,8,8,1,pre,odor,True,2.3821473121643066,6.490769386291504,-1.0724091529846191
p1129,process,,9,9,4,pre,odor,True,1.886514663696289,6.505572319030762,-2.5162086486816406
p1129,process,,10,10,31,pre,odor,True,0.6719312071800232,5.905620098114014,-1.9392889738082886
p1129,process,,11,11,21,pre,odor,True,-1.043108582496643,2.647210121154785,-3.057612657546997
p1129,process,,12,12,2,pre,odor,True,0.3521876633167267,3.5519909858703613,-2.3215930461883545
p1129,process,,13,13,39,pre,odor,True,0.4448302388191223,4.939286231994629,-2.8957576751708984
p1129,process,,14,14,1,pre,odor,True,2.503617763519287,6.300217628479004,-1.941094160079956
p1129,process,,15,15,12,pre,odor,True,1.1036951541900635,7.230234146118164,-2.867926836013794
p1129,process,,16,16,22,pre,odor,True,1.2680065631866455,6.782930850982666,-1.2329350709915161
p1129,process,,17,17,10,pre,odor,True,3.2178587913513184,7.970705986022949,-1.7044131755828857
p1129,process,,18,18,17,pre,odor,True,-1.3158929347991943,3.0311474800109863,-3.594475030899048
p1129,process,,19,19,31,pre,odor,True,0.13578209280967712,2.093205213546753,-1.9262256622314453
p1129,process,,20,20,30,pre,odor,True,0.025369945913553238,2.3668320178985596,-2.0076968669891357
p1129,process,,21,21,12,pre,odor,True,-0.12296949326992035,2.2170770168304443,-2.0948829650878906
p1129,process,,22,22,22,pre,odor,True,-0.0851447656750679,2.4112327098846436,-2.099937677383423
p1129,process,,23,23,4,pre,odor,True,-0.021818725392222404,1.6653803586959839,-1.8810166120529175
p1129,process,,24,24,0,pre,odor,True,-0.3928160071372986,2.8268256187438965,-5.125113487243652
p1129,process,,25,25,3,pre,odor,True,0.15473589301109314,3.762328624725342,-3.1226584911346436
p1129,process,,26,26,40,pre,odor,True,-0.3745097815990448,4.175972938537598,-3.823556423187256
p1129,process,,27,27,10,pre,odor,True,1.2348532676696777,5.731836795806885,-3.8834187984466553
p1129,process,,28,28,21,pre,odor,True,-1.4853384494781494,1.909021258354187,-4.125707149505615
p1129,process,,29,29,18,pre,odor,True,0.3362331688404083,2.899021863937378,-1.9480972290039062
p1129,process,,30,30,18,pre,odor,True,-0.9547291994094849,0.8860885500907898,-2.5463521480560303
p1129,process,,31,31,0,pre,odor,True,-0.6312462687492371,1.9606151580810547,-3.4706692695617676
p1129,process,,32,32,12,post,odor,True,0.026501288637518883,1.3205549716949463,-1.3880037069320679
p1129,process,,33,33,18,post,odor,True,0.21333463490009308,1.5501160621643066,-0.8488367795944214
p1129,process,,34,34,40,post,odor,True,0.2461618334054947,1.7785347700119019,-1.0044666528701782
p1129,process,,35,35,32,post,odor,True,0.15054529905319214,1.8047717809677124,-1.0799685716629028
p1129,process,,36,36,31,post,odor,True,0.15072213113307953,1.6775254011154175,-0.7519624829292297
p1129,process,,37,37,0,post,odor,True,0.19225595891475677,1.218363881111145,-0.5316673517227173
p1129,process,,38,38,4,post,odor,True,-0.14534881711006165,0.936354398727417,-1.2899234294891357
p1129,process,,39,39,2,post,odor,True,-0.006092775147408247,1.1305222511291504,-1.0135271549224854
p1129,process,,40,40,3,post,odor,True,0.07482294738292694,1.655931830406189,-0.815908670425415
p1129,process,,41,41,21,post,odor,True,0.5330542922019958,2.4171369075775146,-0.6459401845932007
p1129,process,,42,42,31,post,odor,True,0.010507255792617798,1.096513032913208,-1.336489200592041
p1129,process,,43,43,2,post,odor,True,0.1695181280374527,1.8852124214172363,-0.9639108180999756
p1129,process,,44,44,32,post,odor,True,0.1399434506893158,1.681799292564392,-0.7635648846626282
p1129,process,,45,45,40,post,odor,True,-0.018811600282788277,0.8545850515365601,-0.743541955947876
p1129,process,,46,46,1,post,odor,True,0.09717494249343872,1.9279909133911133,-0.790134072303772
p1129,process,,47,47,0,post,odor,True,-0.17654818296432495,1.2110146284103394,-1.2172468900680542
p1129,process,,48,48,22,post,odor,True,-0.0003325612051412463,1.511113166809082,-1.1823934316635132
p1129,process,,49,49,10,post,odor,True,0.005791101139038801,0.9654048681259155,-1.0580469369888306
p1129,process,,50,50,1,post,odor,True,0.08261426538228989,1.8191852569580078,-0.7825294733047485
p1129,process,,51,51,30,post,odor,True,0.30249717831611633,1.3439593315124512,-1.353466272354126
p1129,process,,52,52,12,post,odor,True,0.06758157163858414,1.320326328277588,-1.0350102186203003
p1129,process,,53,53,3,post,odor,True,-0.033934012055397034,1.1955608129501343,-1.0477372407913208
p1129,process,,54,54,21,post,odor,True,0.3939218521118164,1.5421136617660522,-1.0226929187774658
p1129,process,,55,55,22,post,odor,True,-0.01868291199207306,1.026627779006958,-1.0253336429595947
p1129,process,,56,56,18,post,odor,True,0.10447178781032562,1.0896859169006348,-0.9283164739608765
p1129,process,,57,57,30,post,odor,True,0.04231269657611847,1.4319671392440796,-1.2151259183883667
p1129,process,,58,58,17,post,odor,True,-0.02515292912721634,0.9612582325935364,-0.9720042943954468
p1129,process,,59,59,39,post,odor,True,0.03593626990914345,1.3017185926437378,-0.774970293045044
p1129,process,,60,60,39,post,odor,True,0.07920924574136734,1.189735770225525,-0.8639540672302246
p1129,process,,61,61,17,post,odor,True,-0.10692678391933441,0.6668594479560852,-1.220832109451294
p1129,process,,62,62,4,post,odor,True,0.01051323488354683,1.0996358394622803,-0.8637810349464417
p1148,process,,0,0,39,pre,odor,True,0.9605308771133423,5.975724220275879,-3.5424389839172363
p1148,process,,1,1,17,pre,odor,True,-0.29440927505493164,2.3819937705993652,-2.3783798217773438
p1148,process,,2,2,32,pre,odor,True,11.28061294555664,16.30674171447754,0.7840169668197632
p1148,process,,3,3,32,pre,odor,True,11.823824882507324,18.895530700683594,-1.2736117839813232
p1148,process,,4,4,30,pre,odor,True,11.60641098022461,16.13155174255371,2.985586643218994
p1148,process,,5,5,40,pre,odor,True,4.528643608093262,10.820448875427246,-2.0052971839904785
p1148,process,,6,6,3,pre,odor,True,5.46223258972168,11.232597351074219,-1.8530491590499878
p1148,process,,7,7,2,pre,odor,True,6.033010959625244,13.827067375183105,-2.740938901901245
p1148,process,,8,8,1,pre,odor,True,1.8592756986618042,6.441665172576904,-3.033695697784424
p1148,process,,9,9,4,pre,odor,True,7.742751598358154,13.861794471740723,-0.7082414031028748
p1148,process,,10,10,31,pre,odor,True,10.108481407165527,19.186874389648438,0.15196409821510315
p1148,process,,11,11,21,pre,odor,True,8.115286827087402,14.325021743774414,-1.1334383487701416
p1148,process,,12,12,2,pre,odor,True,2.2164127826690674,5.796013832092285,-0.9890386462211609
p1148,process,,13,13,39,pre,odor,True,3.792494535446167,8.33657455444336,-1.2136256694793701
p1148,process,,14,14,1,pre,odor,True,3.782116174697876,7.934673309326172,-1.5635297298431396
p1148,process,,15,15,12,pre,odor,True,4.119147777557373,9.640722274780273,-1.2063177824020386
p1148,process,,16,16,22,pre,odor,True,6.548787593841553,15.818955421447754,-1.3147612810134888
p1148,process,,17,17,10,pre,odor,True,4.241922855377197,9.201029777526855,-1.0414119958877563
p1148,process,,18,18,17,pre,odor,True,0.058607254177331924,2.646078109741211,-1.9325859546661377
p1148,process,,19,19,31,pre,odor,True,6.65663480758667,11.369855880737305,-1.4718114137649536
p1148,process,,20,20,30,pre,odor,True,7.462785720825195,13.48281478881836,-0.007127724587917328
p1148,process,,21,21,12,pre,odor,True,0.26637008786201477,2.5436923503875732,-2.2648823261260986
p1148,process,,22,22,22,pre,odor,True,2.1458709239959717,5.561277389526367,-0.9886674284934998
p1148,process,,23,23,4,pre,odor,True,-0.5044253468513489,1.8187698125839233,-2.5125174522399902
p1148,process,,24,24,0,pre,odor,True,0.26155292987823486,3.9597644805908203,-3.1478044986724854
p1148,process,,25,25,3,pre,odor,True,0.9995908737182617,4.240699291229248,-2.3908133506774902
p1148,process,,26,26,40,pre,odor,True,-0.013016149401664734,4.874122619628906,-3.4721033573150635
p1148,process,,27,27,10,pre,odor,True,1.0944963693618774,4.430068492889404,-2.4406979084014893
p1148,process,,28,28,21,pre,odor,True,6.664670944213867,12.427179336547852,-1.0630536079406738
p1148,process,,29,29,18,pre,odor,True,-0.1256573498249054,1.8241424560546875,-2.6598832607269287
p1148,process,,30,30,18,pre,odor,True,0.05756925791501999,2.4603049755096436,-1.8106021881103516
p1148,process,,31,31,0,pre,odor,True,-0.011648314073681831,1.83784019947052,-1.908852219581604
p1148,process,,32,32,12,post,odor,True,0.5042542219161987,2.1340935230255127,-0.6754322052001953
p1148,process,,33,33,18,post,odor,True,0.5374985933303833,2.8538684844970703,-0.8160637021064758
p1148,process,,34,34,40,post,odor,True,0.14460481703281403,1.4018298387527466,-1.0556745529174805
p1148,process,,35,35,32,post,odor,True,0.6300133466720581,2.163526773452759,-1.0359686613082886
p1148,process,,36,36,31,post,odor,True,0.6209591627120972,2.081757068634033,-0.7811311483383179
p1148,process,,37,37,0,post,odor,True,-0.03348177298903465,1.490011215209961,-1.0850727558135986
p1148,process,,38,38,4,post,odor,True,0.21900855004787445,1.9958515167236328,-1.0134764909744263
p1148,process,,39,39,2,post,odor,True,0.11258362233638763,1.9525238275527954,-1.0777184963226318
p1148,process,,40,40,3,post,odor,True,0.4032128155231476,2.830815553665161,-0.5862694382667542
p1148,process,,41,41,21,post,odor,True,3.3819711208343506,7.7494707107543945,-1.0384206771850586
p1148,process,,42,42,31,post,odor,True,0.516950786113739,1.9065628051757812,-1.236262321472168
p1148,process,,43,43,2,post,odor,True,0.3252103924751282,1.5622215270996094,-1.217085599899292
p1148,process,,44,44,32,post,odor,True,0.6554023623466492,1.8028544187545776,-0.5806395411491394
p1148,process,,45,45,40,post,odor,True,0.10524248331785202,1.0401209592819214,-1.414562702178955
p1148,process,,46,46,1,post,odor,True,-0.10557568073272705,1.031644344329834,-1.1391855478286743
p1148,process,,47,47,0,post,odor,True,0.08707492053508759,1.6849671602249146,-1.030174732208252
p1148,process,,48,48,22,post,odor,True,0.10410383343696594,1.739369511604309,-0.748773992061615
p1148,process,,49,49,10,post,odor,True,-0.08341070264577866,0.7297990322113037,-0.8308185338973999
p1148,process,,50,50,1,post,odor,True,0.1307278424501419,1.0191713571548462,-0.8239828944206238
p1148,process,,51,51,30,post,odor,True,0.5369336009025574,1.9237754344940186,-0.7933196425437927
p1148,process,,52,52,12,post,odor,True,0.1274874061346054,1.5443689823150635,-1.3217017650604248
p1148,process,,53,53,3,post,odor,True,0.14229796826839447,1.251766324043274,-0.9494964480400085
p1148,process,,54,54,21,post,odor,True,2.75777530670166,5.724670886993408,-0.7009755969047546
p1148,process,,55,55,22,post,odor,True,0.12252356857061386,1.2570279836654663,-0.8613622784614563
p1148,process,,56,56,18,post,odor,True,0.3869292140007019,1.7430821657180786,-0.5399611592292786
p1148,process,,57,57,30,post,odor,True,0.39433780312538147,1.785802960395813,-0.4401015043258667
p1148,process,,58,58,17,post,odor,True,0.06332294642925262,1.3677839040756226,-0.9197264313697815
p1148,process,,59,59,39,post,odor,True,-0.049906112253665924,0.9641640782356262,-0.6625205874443054
p1148,process,,60,60,39,post,odor,True,0.14624860882759094,1.0672740936279297,-0.3579683303833008
p1148,process,,61,61,17,post,odor,True,0.18927370011806488,0.8983946442604065,-0.48021745681762695
p1148,process,,62,62,4,post,odor,True,-0.020403768867254257,0.6736090183258057,-0.45362892746925354
p1167,process,,0,0,39,pre,odor,True,0.8222874402999878,3.8373823165893555,-3.30899715423584
p1167,process,,1,1,17,pre,odor,True,0.9749385118484497,4.1835455894470215,-1.792576789855957
p1167,process,,2,2,32,pre,odor,True,0.8156031966209412,4.5755510330200195,-2.573511838912964
p1167,process,,3,3,32,pre,odor,True,1.8603264093399048,5.0352373123168945,-1.6383655071258545
p1167,process,,4,4,30,pre,odor,True,1.7801820039749146,4.207372188568115,-2.004977226257324
p1167,process,,5,5,40,pre,odor,True,0.9297215342521667,5.530391216278076,-2.273358106613159
p1167,process,,6,6,3,pre,odor,True,1.708094835281372,7.150134563446045,-1.1910583972930908
p1167,process,,7,7,2,pre,odor,True,1.0378248691558838,4.953436851501465,-2.0761072635650635
p1167,process,,8,8,1,pre,odor,True,0.4858018159866333,3.508047580718994,-2.976238965988159
p1167,process,,9,9,4,pre,odor,True,1.3500678539276123,4.204329967498779,-1.551838994026184
p1167,process,,10,10,31,pre,odor,True,1.6607253551483154,6.60770845413208,-1.8055057525634766
p1167,process,,11,11,21,pre,odor,True,0.912236750125885,2.9878311157226562,-2.7488861083984375
p1167,process,,12,12,2,pre,odor,True,0.6541352272033691,3.070089101791382,-1.982226848602295
p1167,process,,13,13,39,pre,odor,True,0.7029070258140564,4.0665154457092285,-1.8922008275985718
p1167,process,,14,14,1,pre,odor,True,1.3589235544204712,5.335811614990234,-1.022812843322754
p1167,process,,15,15,12,pre,odor,True,1.313567042350769,4.906762599945068,-1.926728367805481
p1167,process,,16,16,22,pre,odor,True,1.7064893245697021,4.976589202880859,-2.6843819618225098
p1167,process,,17,17,10,pre,odor,True,2.2230987548828125,6.138486385345459,-1.8385272026062012
p1167,process,,18,18,17,pre,odor,True,-0.17568299174308777,3.2151105403900146,-2.9328794479370117
p1167,process,,19,19,31,pre,odor,True,1.620582103729248,4.508903980255127,-0.8411415219306946
p1167,process,,20,20,30,pre,odor,True,1.3698253631591797,4.686647415161133,-1.9406909942626953
p1167,process,,21,21,12,pre,odor,True,0.24261924624443054,3.4805338382720947,-2.6515488624572754
p1167,process,,22,22,22,pre,odor,True,1.652614951133728,4.783685207366943,-1.7041603326797485
p1167,process,,23,23,4,pre,odor,True,1.2799122333526611,5.277556896209717,-1.0018799304962158
p1167,process,,24,24,0,pre,odor,True,1.0385061502456665,5.13762092590332,-2.086615800857544
p1167,process,,25,25,3,pre,odor,True,0.7748784422874451,3.970015048980713,-2.724564552307129
p1167,process,,26,26,40,pre,odor,True,0.8571075797080994,3.9829537868499756,-2.2739953994750977
p1167,process,,27,27,10,pre,odor,True,1.0284299850463867,3.824878215789795,-2.2961621284484863
p1167,process,,28,28,21,pre,odor,True,1.6849340200424194,5.633346080780029,-1.8216644525527954
p1167,process,,29,29,18,pre,odor,True,0.21505360305309296,2.4499871730804443,-2.015091896057129
p1167,process,,30,30,18,pre,odor,True,-0.5749309659004211,3.319586753845215,-3.2052156925201416
p1167,process,,31,31,0,pre,odor,True,0.6871964335441589,2.904158115386963,-1.2422161102294922
p1167,process,,32,32,12,post,odor,True,-0.08606108278036118,2.082531690597534,-1.4628255367279053
p1167,process,,33,33,18,post,odor,True,0.2704105079174042,1.6261239051818848,-0.6931972503662109
p1167,process,,34,34,40,post,odor,True,-0.005041022319346666,1.331038236618042,-1.2982019186019897
p1167,process,,35,35,32,post,odor,True,-0.11419951170682907,1.938136100769043,-1.1968934535980225
p1167,process,,36,36,31,post,odor,True,0.08947962522506714,2.5637049674987793,-1.2012830972671509
p1167,process,,37,37,0,post,odor,True,0.13983644545078278,1.1628822088241577,-0.7011462450027466
p1167,process,,38,38,4,post,odor,True,-0.05707774683833122,1.6747010946273804,-1.5222479104995728
p1167,process,,39,39,2,post,odor,True,0.18893517553806305,1.191115140914917,-0.9449957609176636
p1167,process,,40,40,3,post,odor,True,-0.024392152205109596,1.553790807723999,-0.9344462156295776
p1167,process,,41,41,21,post,odor,True,0.9852357506752014,3.366978883743286,-1.3203489780426025
p1167,process,,42,42,31,post,odor,True,-0.18332961201667786,1.0095680952072144,-1.422744870185852
p1167,process,,43,43,2,post,odor,True,-0.008353052660822868,1.3805183172225952,-1.2865421772003174
p1167,process,,44,44,32,post,odor,True,-0.0006168344407342374,1.1707834005355835,-1.1257823705673218
p1167,process,,45,45,40,post,odor,True,-0.02364259585738182,1.4836379289627075,-1.1568385362625122
p1167,process,,46,46,1,post,odor,True,0.009002869948744774,1.8931996822357178,-0.8615439534187317
p1167,process,,47,47,0,post,odor,True,0.1597127765417099,1.2455111742019653,-0.9858149886131287
p1167,process,,48,48,22,post,odor,True,0.1398303061723709,1.64799964427948,-0.8565632104873657
p1167,process,,49,49,10,post,odor,True,-0.1250987946987152,1.3716822862625122,-1.1105016469955444
p1167,process,,50,50,1,post,odor,True,0.02215508557856083,2.7513201236724854,-0.9314908981323242
p1167,process,,51,51,30,post,odor,True,0.15518957376480103,1.779759407043457,-0.9128159284591675
p1167,process,,52,52,12,post,odor,True,0.00989531259983778,1.1054037809371948,-1.183726191520691
p1167,process,,53,53,3,post,odor,True,0.13320264220237732,1.1474069356918335,-0.9726517200469971
p1167,process,,54,54,21,post,odor,True,1.1642136573791504,3.6896071434020996,-0.7239351868629456
p1167,process,,55,55,22,post,odor,True,0.030400970950722694,0.9368777275085449,-1.1295356750488281
p1167,process,,56,56,18,post,odor,True,0.11198169738054276,1.3419550657272339,-0.8448559045791626
p1167,process,,57,57,30,post,odor,True,-0.014761090278625488,2.0689914226531982,-1.0623232126235962
p1167,process,,58,58,17,post,odor,True,0.20892058312892914,2.084110975265503,-1.0765149593353271
p1167,process,,59,59,39,post,odor,True,0.14687702059745789,2.3557353019714355,-1.1384689807891846
p1167,process,,60,60,39,post,odor,True,0.2708873450756073,2.2988288402557373,-1.1039537191390991
p1167,process,,61,61,17,post,odor,True,-0.09370631724596024,1.6151108741760254,-1.296727180480957
p1167,process,,62,62,4,post,odor,True,-0.18078279495239258,1.1592305898666382,-1.315913438796997
p1186,process,,0,0,39,pre,odor,True,-0.45581820607185364,3.277766704559326,-3.0885937213897705
p1186,process,,1,1,17,pre,odor,True,-0.4999259114265442,3.088158369064331,-3.035632848739624
p1186,process,,2,2,32,pre,odor,True,0.9221921563148499,4.733925819396973,-2.2326526641845703
p1186,process,,3,3,32,pre,odor,True,0.7640215754508972,5.1050124168396,-2.288506269454956
p1186,process,,4,4,30,pre,odor,True,0.13120828568935394,3.0373826026916504,-2.956840753555298
p1186,process,,5,5,40,pre,odor,True,0.6393715143203735,6.166258811950684,-2.2566757202148438
p1186,process,,6,6,3,pre,odor,True,0.23335053026676178,3.4471046924591064,-2.368411064147949
p1186,process,,7,7,2,pre,odor,True,1.4176560640335083,4.952096462249756,-1.615463376045227
p1186,process,,8,8,1,pre,odor,True,0.4941557049751282,3.4509992599487305,-2.6106789112091064
p1186,process,,9,9,4,pre,odor,True,1.2939692735671997,5.741160869598389,-1.440608263015747
p1186,process,,10,10,31,pre,odor,True,0.5597084760665894,3.8661646842956543,-2.4601171016693115
p1186,process,,11,11,21,pre,odor,True,-0.8205549716949463,2.646895170211792,-3.741863489151001
p1186,process,,12,12,2,pre,odor,True,0.3578241467475891,6.920691967010498,-2.3692541122436523
p1186,process,,13,13,39,pre,odor,True,0.0057029128074646,4.380280494689941,-2.8223378658294678
p1186,process,,14,14,1,pre,odor,True,1.0216577053070068,3.936009645462036,-3.0964901447296143
p1186,process,,15,15,12,pre,odor,True,0.542555570602417,5.085491180419922,-2.68892240524292
p1186,process,,16,16,22,pre,odor,True,1.168336272239685,4.7698774337768555,-1.762495517730713
p1186,process,,17,17,10,pre,odor,True,1.7688666582107544,6.252339839935303,-1.7377842664718628
p1186,process,,18,18,17,pre,odor,True,-0.010038946755230427,4.643868446350098,-2.570664405822754
p1186,process,,19,19,31,pre,odor,True,0.16136272251605988,3.0338597297668457,-1.8340163230895996
p1186,process,,20,20,30,pre,odor,True,-0.23259852826595306,1.594221591949463,-2.488111972808838
p1186,process,,21,21,12,pre,odor,True,-0.5200090408325195,2.876819372177124,-2.4985198974609375
p1186,process,,22,22,22,pre,odor,True,0.04815493896603584,4.185908317565918,-2.3608603477478027
p1186,process,,23,23,4,pre,odor,True,-0.07399715483188629,1.9344464540481567,-1.910607933998108
p1186,process,,24,24,0,pre,odor,True,-1.0227603912353516,3.759618043899536,-3.991759777069092
p1186,process,,25,25,3,pre,odor,True,-0.3920632600784302,3.1948323249816895,-3.1011922359466553
p1186,process,,26,26,40,pre,odor,True,0.03187660127878189,3.1822001934051514,-2.7135326862335205
p1186,process,,27,27,10,pre,odor,True,0.020937511697411537,4.397678852081299,-2.203627824783325
p1186,process,,28,28,21,pre,odor,True,-0.29379531741142273,3.400707960128784,-3.036010980606079
p1186,process,,29,29,18,pre,odor,True,-0.05820342153310776,4.479297161102295,-1.7958099842071533
p1186,process,,30,30,18,pre,odor,True,-0.9155013561248779,1.2004340887069702,-2.165330410003662
p1186,process,,31,31,0,pre,odor,True,-0.34814321994781494,2.5454964637756348,-2.1654787063598633
p1186,process,,32,32,12,post,odor,True,-0.09445411711931229,1.0957978963851929,-0.894414484500885
p1186,process,,33,33,18,post,odor,True,0.014529753476381302,2.0476908683776855,-0.9245714545249939
p1186,process,,34,34,40,post,odor,True,-0.23600444197654724,0.9656059145927429,-0.8537057638168335
p1186,process,,35,35,32,post,odor,True,0.2029763013124466,2.3482377529144287,-0.6916860342025757
p1186,process,,36,36,31,post,odor,True,0.19128750264644623,1.2261178493499756,-0.8486575484275818
p1186,process,,37,37,0,post,odor,True,-0.028020428493618965,1.7514731884002686,-0.9521477222442627
p1186,process,,38,38,4,post,odor,True,-0.11529605090618134,2.083895444869995,-1.156325340270996
p1186,process,,39,39,2,post,odor,True,0.013750042766332626,1.040663480758667,-0.9894755482673645
p1186,process,,40,40,3,post,odor,True,-0.012987654656171799,1.7535680532455444,-0.891808807849884
p1186,process,,41,41,21,post,odor,True,0.722822368144989,3.0649852752685547,-0.8357458114624023
p1186,process,,42,42,31,post,odor,True,0.08680634945631027,1.665563941001892,-0.8835076689720154
p1186,process,,43,43,2,post,odor,True,-0.06858161091804504,1.0938875675201416,-1.0442066192626953
p1186,process,,44,44,32,post,odor,True,0.0019030605908483267,1.8775932788848877,-0.8866884112358093
p1186,process,,45,45,40,post,odor,True,0.06691090017557144,1.3513870239257812,-1.019599199295044
p1186,process,,46,46,1,post,odor,True,0.06295441836118698,1.2564581632614136,-0.9716127514839172
p1186,process,,47,47,0,post,odor,True,-0.2376565784215927,0.9918515086174011,-1.099197268486023
p1186,process,,48,48,22,post,odor,True,0.10371322184801102,1.8934959173202515,-0.7692549824714661
p1186,process,,49,49,10,post,odor,True,0.08218125998973846,1.801297903060913,-0.704032838344574
p1186,process,,50,50,1,post,odor,True,-0.15881553292274475,1.0492051839828491,-1.0885803699493408
p1186,process,,51,51,30,post,odor,True,-0.14720064401626587,0.7096868753433228,-0.9493873715400696
p1186,process,,52,52,12,post,odor,True,-0.03589632362127304,1.2193368673324585,-0.9476246237754822
p1186,process,,53,53,3,post,odor,True,-0.021831998601555824,1.2240395545959473,-1.1178349256515503
p1186,process,,54,54,21,post,odor,True,0.4674438238143921,2.5753607749938965,-0.7673313021659851
p1186,process,,55,55,22,post,odor,True,0.03529743477702141,2.2127504348754883,-0.7877400517463684
p1186,process,,56,56,18,post,odor,True,0.09109611064195633,1.7499648332595825,-0.7380430102348328
p1186,process,,57,57,30,post,odor,True,0.0971110612154007,2.452909231185913,-0.874779462814331
p1186,process,,58,58,17,post,odor,True,-0.025432385504245758,1.606169581413269,-1.0537135601043701
p1186,process,,59,59,39,post,odor,True,-0.03130228444933891,1.679250955581665,-1.0932798385620117
p1186,process,,60,60,39,post,odor,True,-0.01723114587366581,2.739476203918457,-1.053497552871704
p1186,process,,61,61,17,post,odor,True,-0.025141818448901176,1.3500802516937256,-1.0038373470306396
p1186,process,,62,62,4,post,odor,True,-0.03394563868641853,1.8838499784469604,-1.0400447845458984
p1205,process,,0,0,39,pre,odor,True,1.2245157957077026,5.020919322967529,-1.992971658706665
p1205,process,,1,1,17,pre,odor,True,0.9244158267974854,4.742177486419678,-2.0253920555114746
p1205,process,,2,2,32,pre,odor,True,1.083373785018921,5.190573692321777,-1.8546316623687744
p1205,process,,3,3,32,pre,odor,True,2.1666815280914307,6.477926731109619,-0.722450852394104
p1205,process,,4,4,30,pre,odor,True,2.047348737716675,5.890169620513916,-1.2410041093826294
p1205,process,,5,5,40,pre,odor,True,2.120166778564453,7.980388641357422,-1.6263015270233154
p1205,process,,6,6,3,pre,odor,True,2.3959245681762695,7.421389102935791,-1.3533695936203003
p1205,process,,7,7,2,pre,odor,True,2.3609495162963867,6.1284990310668945,-2.025118827819824
p1205,process,,8,8,1,pre,odor,True,0.46009567379951477,2.995377779006958,-4.128875732421875
p1205,process,,9,9,4,pre,odor,True,1.7123396396636963,6.855316162109375,-1.2248097658157349
p1205,process,,10,10,31,pre,odor,True,2.4420571327209473,5.819230556488037,-0.9074834585189819
p1205,process,,11,11,21,pre,odor,True,1.0653905868530273,4.036586284637451,-2.1568360328674316
p1205,process,,12,12,2,pre,odor,True,1.5737026929855347,7.003638744354248,-1.543725609779358
p1205,process,,13,13,39,pre,odor,True,0.7502685189247131,6.43995475769043,-2.2340893745422363
p1205,process,,14,14,1,pre,odor,True,1.8064525127410889,5.605058670043945,-2.2966504096984863
p1205,process,,15,15,12,pre,odor,True,2.322256088256836,6.348239898681641,-2.278719186782837
p1205,process,,16,16,22,pre,odor,True,2.5085575580596924,7.5447258949279785,-0.5838374495506287
p1205,process,,17,17,10,pre,odor,True,2.514995813369751,5.396142959594727,-1.645768165588379
p1205,process,,18,18,17,pre,odor,True,0.9177801609039307,3.59525990486145,-2.5719377994537354
p1205,process,,19,19,31,pre,odor,True,2.980950355529785,6.410618305206299,0.058367740362882614
p1205,process,,20,20,30,pre,odor,True,1.9357266426086426,4.768786430358887,-0.559353232383728
p1205,process,,21,21,12,pre,odor,True,0.5482065081596375,4.698901653289795,-2.784316062927246
p1205,process,,22,22,22,pre,odor,True,2.235323667526245,5.5069403648376465,-0.7550176382064819
p1205,process,,23,23,4,pre,odor,True,1.2481591701507568,5.96732234954834,-1.8201130628585815
p1205,process,,24,24,0,pre,odor,True,1.3258413076400757,4.838132858276367,-1.5202510356903076
p1205,process,,25,25,3,pre,odor,True,0.9392557144165039,3.64524507522583,-2.218275547027588
p1205,process,,26,26,40,pre,odor,True,1.3134353160858154,4.597761631011963,-0.8396266102790833
p1205,process,,27,27,10,pre,odor,True,2.0123226642608643,6.684999465942383,-2.3370578289031982
p1205,process,,28,28,21,pre,odor,True,2.3609073162078857,6.765935897827148,-1.4409167766571045
p1205,process,,29,29,18,pre,odor,True,-0.5419306755065918,1.9026418924331665,-2.346648931503296
p1205,process,,30,30,18,pre,odor,True,-0.10371125489473343,2.741442918777466,-2.1829864978790283
p1205,process,,31,31,0,pre,odor,True,2.0046467781066895,5.833232879638672,-1.8217720985412598
p1205,process,,32,32,12,post,odor,True,0.4513772428035736,3.051159620285034,-1.2670657634735107
p1205,process,,33,33,18,post,odor,True,-0.1486220806837082,1.5066415071487427,-1.6628434658050537
p1205,process,,34,34,40,post,odor,True,-0.01005296129733324,1.6003267765045166,-1.8075770139694214
p1205,process,,35,35,32,post,odor,True,-0.2522943317890167,2.052567720413208,-1.42992103099823
p1205,process,,36,36,31,post,odor,True,0.2131403684616089,2.196173667907715,-1.0903406143188477
p1205,process,,37,37,0,post,odor,True,0.1551300585269928,2.63034987449646,-1.1205018758773804
p1205,process,,38,38,4,post,odor,True,0.09711010009050369,1.788550615310669,-1.206913948059082
p1205,process,,39,39,2,post,odor,True,-0.024176763370633125,1.8910447359085083,-1.3265546560287476
p1205,process,,40,40,3,post,odor,True,-0.01646330952644348,1.6743537187576294,-1.3016513586044312
p1205,process,,41,41,21,post,odor,True,1.578269362449646,4.345221042633057,-1.5151203870773315
p1205,process,,42,42,31,post,odor,True,-0.06089148297905922,1.5701472759246826,-1.5595784187316895
p1205,process,,43,43,2,post,odor,True,0.025178462266921997,2.1879160404205322,-1.039302945137024
p1205,process,,44,44,32,post,odor,True,0.13597258925437927,2.0350985527038574,-1.9776830673217773
p1205,process,,45,45,40,post,odor,True,-0.05540785193443298,3.766153335571289,-1.8004200458526611
p1205,process,,46,46,1,post,odor,True,-0.1330072581768036,2.257413625717163,-2.3250792026519775
p1205,process,,47,47,0,post,odor,True,-0.02564925327897072,1.6858333349227905,-1.4724677801132202
p1205,process,,48,48,22,post,odor,True,0.024372540414333344,2.1321680545806885,-1.402047872543335
p1205,process,,49,49,10,post,odor,True,-0.02804998680949211,1.9766685962677002,-1.9213670492172241
p1205,process,,50,50,1,post,odor,True,-0.08692243695259094,1.6035094261169434,-1.326151728630066
p1205,process,,51,51,30,post,odor,True,-0.23189909756183624,1.131070852279663,-2.048814058303833
p1205,process,,52,52,12,post,odor,True,0.2807565927505493,2.2068605422973633,-1.2663769721984863
p1205,process,,53,53,3,post,odor,True,0.017004800960421562,1.4196786880493164,-1.450033187866211
p1205,process,,54,54,21,post,odor,True,1.3232133388519287,4.696138381958008,-1.0092816352844238
p1205,process,,55,55,22,post,odor,True,-0.029528478160500526,2.6141421794891357,-1.2442066669464111
p1205,process,,56,56,18,post,odor,True,0.18362902104854584,1.6129645109176636,-1.0970187187194824
p1205,process,,57,57,30,post,odor,True,0.13033153116703033,2.423288583755493,-1.6695483922958374
p1205,process,,58,58,17,post,odor,True,0.03668117895722389,1.9253123998641968,-1.7674864530563354
p1205,process,,59,59,39,post,odor,True,-0.05888606607913971,2.4039876461029053,-1.5687834024429321
p1205,process,,60,60,39,post,odor,True,0.11238304525613785,1.661801815032959,-1.5852583646774292
p1205,process,,61,61,17,post,odor,True,-0.04065577685832977,1.8956189155578613,-1.588627576828003
p1205,process,,62,62,4,post,odor,True,0.12531647086143494,2.053659677505493,-1.188694715499878
p1224,process,,0,0,39,pre,odor,True,2.2436482906341553,6.243179798126221,-2.6147890090942383
p1224,process,,1,1,17,pre,odor,True,1.7343342304229736,5.502676963806152,-1.5006446838378906
p1224,process,,2,2,32,pre,odor,True,1.6749074459075928,7.3168487548828125,-1.927855372428894
p1224,process,,3,3,32,pre,odor,True,3.319246292114258,8.796368598937988,-1.7589478492736816
p1224,process,,4,4,30,pre,odor,True,2.951245069503784,6.932898998260498,-2.620561122894287
p1224,process,,5,5,40,pre,odor,True,2.07700252532959,5.726652145385742,-3.394721746444702
p1224,process,,6,6,3,pre,odor,True,3.4736886024475098,6.954714775085449,-0.8857886791229248
p1224,process,,7,7,2,pre,odor,True,3.73738169670105,7.187762260437012,-1.19083833694458
p1224,process,,8,8,1,pre,odor,True,0.9209730625152588,5.5518035888671875,-3.4732441902160645
p1224,process,,9,9,4,pre,odor,True,4.2968316078186035,9.024894714355469,-1.560498833656311
p1224,process,,10,10,31,pre,odor,True,3.20885968208313,8.139246940612793,-1.3287465572357178
p1224,process,,11,11,21,pre,odor,True,2.4606242179870605,6.300879955291748,-2.0187196731567383
p1224,process,,12,12,2,pre,odor,True,2.575895071029663,6.883345127105713,-2.2428622245788574
p1224,process,,13,13,39,pre,odor,True,2.8795061111450195,7.4288249015808105,-1.140460729598999
p1224,process,,14,14,1,pre,odor,True,2.6631648540496826,6.551550388336182,-1.0858290195465088
p1224,process,,15,15,12,pre,odor,True,2.323392391204834,7.428069114685059,-2.0196216106414795
p1224,process,,16,16,22,pre,odor,True,3.7769241333007812,8.743799209594727,-1.5037169456481934
p1224,process,,17,17,10,pre,odor,True,3.4066519737243652,6.507321357727051,-3.3939473628997803
p1224,process,,18,18,17,pre,odor,True,1.4849143028259277,4.358570575714111,-2.8865277767181396
p1224,process,,19,19,31,pre,odor,True,3.876645803451538,6.875761985778809,-0.9377465844154358
p1224,process,,20,20,30,pre,odor,True,2.938081741333008,7.495078086853027,-2.057389497756958
p1224,process,,21,21,12,pre,odor,True,1.5298469066619873,3.8100922107696533,-1.8332185745239258
p1224,process,,22,22,22,pre,odor,True,2.856537103652954,6.3284525871276855,-1.5269346237182617
p1224,process,,23,23,4,pre,odor,True,2.024812936782837,6.148982524871826,-1.4781855344772339
p1224,process,,24,24,0,pre,odor,True,2.20123028755188,6.418555736541748,-1.7684345245361328
p1224,process,,25,25,3,pre,odor,True,1.6659679412841797,5.561673641204834,-1.8458404541015625
p1224,process,,26,26,40,pre,odor,True,2.0373916625976562,5.68076229095459,-1.137215256690979
p1224,process,,27,27,10,pre,odor,True,1.8295937776565552,6.163975715637207,-0.8438112735748291
p1224,process,,28,28,21,pre,odor,True,2.487804651260376,5.799910068511963,-0.6091939210891724
p1224,process,,29,29,18,pre,odor,True,0.35497385263442993,2.689608573913574,-1.6814758777618408
p1224,process,,30,30,18,pre,odor,True,-0.47388219833374023,1.1898506879806519,-3.1758604049682617
p1224,process,,31,31,0,pre,odor,True,1.7157145738601685,4.216301918029785,-2.40985369682312
p1224,process,,32,32,12,post,odor,True,0.43087977170944214,2.9826133251190186,-0.7653292417526245
p1224,process,,33,33,18,post,odor,True,0.5505288243293762,2.146366834640503,-0.656985342502594
p1224,process,,34,34,40,post,odor,True,-0.010495707392692566,1.148227572441101,-1.0181304216384888
p1224,process,,35,35,32,post,odor,True,0.27844107151031494,1.6587163209915161,-1.3696538209915161
p1224,process,,36,36,31,post,odor,True,0.5095139741897583,2.2489616870880127,-0.7868723273277283
p1224,process,,37,37,0,post,odor,True,0.004601144231855869,1.464266061782837,-1.1047592163085938
p1224,process,,38,38,4,post,odor,True,0.028371427208185196,1.1690375804901123,-1.1349049806594849
p1224,process,,39,39,2,post,odor,True,0.29136937856674194,1.3309563398361206,-0.6623320579528809
p1224,process,,40,40,3,post,odor,True,0.19363750517368317,1.2705045938491821,-0.7701830267906189
p1224,process,,41,41,21,post,odor,True,3.4429006576538086,7.262128829956055,-0.9019250273704529
p1224,process,,42,42,31,post,odor,True,-0.08113119006156921,1.127202033996582,-1.3270912170410156
p1224,process,,43,43,2,post,odor,True,0.04906642436981201,2.2716431617736816,-0.860162615776062
p1224,process,,44,44,32,post,odor,True,0.05165857821702957,1.9168386459350586,-1.0624003410339355
p1224,process,,45,45,40,post,odor,True,-0.09328323602676392,1.584852695465088,-0.8973453044891357
p1224,process,,46,46,1,post,odor,True,0.12043044716119766,1.022284746170044,-0.8219519257545471
p1224,process,,47,47,0,post,odor,True,0.13955055177211761,1.4712235927581787,-0.8976530432701111
p1224,process,,48,48,22,post,odor,True,0.13394136726856232,1.6459767818450928,-1.209740400314331
p1224,process,,49,49,10,post,odor,True,0.1089700385928154,1.4818397760391235,-1.1276440620422363
p1224,process,,50,50,1,post,odor,True,0.23094509541988373,1.695304274559021,-1.0465949773788452
p1224,process,,51,51,30,post,odor,True,0.3314465880393982,1.9970200061798096,-0.8859214782714844
p1224,process,,52,52,12,post,odor,True,0.13347318768501282,1.4191564321517944,-0.959169864654541
p1224,process,,53,53,3,post,odor,True,0.27017900347709656,1.4735145568847656,-0.9718387722969055
p1224,process,,54,54,21,post,odor,True,2.868955135345459,6.089859962463379,-0.8449863791465759
p1224,process,,55,55,22,post,odor,True,0.16953158378601074,1.7507621049880981,-0.7778052687644958
p1224,process,,56,56,18,post,odor,True,0.15519967675209045,2.7540194988250732,-1.0139045715332031
p1224,process,,57,57,30,post,odor,True,-0.02210758998990059,1.1544454097747803,-1.3600826263427734
p1224,process,,58,58,17,post,odor,True,0.2397797405719757,1.2806411981582642,-0.7488200068473816
p1224,process,,59,59,39,post,odor,True,-0.03870461508631706,0.9749159216880798,-0.8538516163825989
p1224,process,,60,60,39,post,odor,True,0.11145257204771042,1.390508770942688,-0.9793938398361206
p1224,process,,61,61,17,post,odor,True,0.15651288628578186,1.531440019607544,-1.3338031768798828
p1224,process,,62,62,4,post,odor,True,-0.11379210650920868,1.2655590772628784,-1.1710803508758545
p1243,process,,0,0,39,pre,odor,True,3.0652859210968018,8.600500106811523,-3.3892662525177
p1243,process,,1,1,17,pre,odor,True,-0.7504690885543823,3.4465479850769043,-4.919806003570557
p1243,process,,2,2,32,pre,odor,True,10.745234489440918,14.67742919921875,2.008336067199707
p1243,process,,3,3,32,pre,odor,True,11.068940162658691,17.96218490600586,-1.001107096672058
p1243,process,,4,4,30,pre,odor,True,10.47276496887207,17.00098419189453,2.495119333267212
p1243,process,,5,5,40,pre,odor,True,4.735599994659424,14.488275527954102,-3.098294496536255
p1243,process,,6,6,3,pre,odor,True,3.7559621334075928,8.07609748840332,-1.4701241254806519
p1243,process,,7,7,2,pre,odor,True,3.7066450119018555,9.559478759765625,-2.442309856414795
p1243,process,,8,8,1,pre,odor,True,5.253979206085205,11.6069917678833,0.947547197341919
p1243,process,,9,9,4,pre,odor,True,4.890839099884033,9.087613105773926,-0.970335066318512
p1243,process,,10,10,31,pre,odor,True,8.796652793884277,18.504852294921875,0.33811938762664795
p1243,process,,11,11,21,pre,odor,True,0.7199105620384216,3.8233888149261475,-2.259071111679077
p1243,process,,12,12,2,pre,odor,True,2.6243484020233154,5.9223127365112305,-0.9911444783210754
p1243,process,,13,13,39,pre,odor,True,3.8114256858825684,7.967282295227051,-1.148478627204895
p1243,process,,14,14,1,pre,odor,True,6.188892841339111,11.88559627532959,-0.6265283823013306
p1243,process,,15,15,12,pre,odor,True,4.005545139312744,12.801047325134277,-0.9306155443191528
p1243,process,,16,16,22,pre,odor,True,2.7313852310180664,5.931834697723389,-0.9712454676628113
p1243,process,,17,17,10,pre,odor,True,3.261080503463745,10.574393272399902,-2.2316184043884277
p1243,process,,18,18,17,pre,odor,True,-1.109296202659607,0.6612479090690613,-2.7716827392578125
p1243,process,,19,19,31,pre,odor,True,6.606152057647705,10.919833183288574,-0.4957640469074249
p1243,process,,20,20,30,pre,odor,True,5.178237438201904,11.666342735290527,-0.6507415175437927
p1243,process,,21,21,12,pre,odor,True,0.16901618242263794,2.7532787322998047,-1.674394130706787
p1243,process,,22,22,22,pre,odor,True,2.2614433765411377,5.578749179840088,-0.9806210994720459
p1243,process,,23,23,4,pre,odor,True,0.26335448026657104,2.7291433811187744,-1.872593641281128
p1243,process,,24,24,0,pre,odor,True,1.5933939218521118,5.472309589385986,-2.1775434017181396
p1243,process,,25,25,3,pre,odor,True,0.530877947807312,4.49412202835083,-3.003763437271118
p1243,process,,26,26,40,pre,odor,True,1.2343146800994873,6.778463363647461,-2.475811719894409
p1243,process,,27,27,10,pre,odor,True,2.2217578887939453,7.323123931884766,-0.5593317747116089
p1243,process,,28,28,21,pre,odor,True,-0.4740854501724243,2.0738513469696045,-3.2599005699157715
p1243,process,,29,29,18,pre,odor,True,0.358791321516037,4.7523980140686035,-2.7213356494903564
p1243,process,,30,30,18,pre,odor,True,-0.21516694128513336,1.8170849084854126,-2.6853179931640625
p1243,process,,31,31,0,pre,odor,True,-0.6989991664886475,2.2313742637634277,-3.3592636585235596
p1243,process,,32,32,12,post,odor,True,0.022128067910671234,2.1649527549743652,-1.2449027299880981
p1243,process,,33,33,18,post,odor,True,0.0382581502199173,1.8223479986190796,-1.0509458780288696
p1243,process,,34,34,40,post,odor,True,0.03691207244992256,1.3567708730697632,-1.1247318983078003
p1243,process,,35,35,32,post,odor,True,0.21456028521060944,2.180598020553589,-1.2475961446762085
p1243,process,,36,36,31,post,odor,True,0.30333417654037476,2.0434863567352295,-1.4373284578323364
p1243,process,,37,37,0,post,odor,True,0.0627804696559906,1.6395665407180786,-1.391666293144226
p1243,process,,38,38,4,post,odor,True,0.19109153747558594,1.780962347984314,-1.4198204278945923
p1243,process,,39,39,2,post,odor,True,0.06401252001523972,1.5056957006454468,-1.1077773571014404
p1243,process,,40,40,3,post,odor,True,0.0017115696100518107,1.857487678527832,-1.2233607769012451
p1243,process,,41,41,21,post,odor,True,2.6938045024871826,4.817346572875977,-0.7474281191825867
p1243,process,,42,42,31,post,odor,True,0.07726991176605225,3.1371662616729736,-1.2923591136932373
p1243,process,,43,43,2,post,odor,True,0.18429416418075562,1.4305593967437744,-0.9172502160072327
p1243,process,,44,44,32,post,odor,True,0.2393922060728073,1.2440237998962402,-0.7473577857017517
p1243,process,,45,45,40,post,odor,True,0.18517200648784637,2.7812907695770264,-0.8690492510795593
p1243,process,,46,46,1,post,odor,True,0.23969468474388123,1.9915112257003784,-1.2185347080230713
p1243,process,,47,47,0,post,odor,True,-0.0573236308991909,1.0519542694091797,-1.4599239826202393
p1243,process,,48,48,22,post,odor,True,-0.03845364972949028,1.4309909343719482,-1.1575645208358765
p1243,process,,49,49,10,post,odor,True,-0.14330683648586273,2.253324508666992,-1.0464730262756348
p1243,process,,50,50,1,post,odor,True,0.23729465901851654,2.3717594146728516,-1.228478193283081
p1243,process,,51,51,30,post,odor,True,0.22774918377399445,1.5897018909454346,-0.8761686682701111
p1243,process,,52,52,12,post,odor,True,0.09044864028692245,2.3098509311676025,-1.4444738626480103
p1243,process,,53,53,3,post,odor,True,0.06107618287205696,1.7050834894180298,-0.820993185043335
p1243,process,,54,54,21,post,odor,True,1.8735060691833496,3.6288461685180664,-1.191094160079956
p1243,process,,55,55,22,post,odor,True,0.12831079959869385,1.86711847782135,-1.1980756521224976
p1243,process,,56,56,18,post,odor,True,0.2347378134727478,1.7507233619689941,-0.9022119641304016
p1243,process,,57,57,30,post,odor,True,0.2140454351902008,2.1403002738952637,-1.157304048538208
p1243,process,,58,58,17,post,odor,True,0.1366320699453354,1.6890774965286255,-0.972368597984314
p1243,process,,59,59,39,post,odor,True,0.1016351506114006,1.4296138286590576,-0.9240290522575378
p1243,process,,60,60,39,post,odor,True,0.07171330600976944,1.2812851667404175,-0.8156672120094299
p1243,process,,61,61,17,post,odor,True,0.007904169149696827,1.2295479774475098,-1.1650111675262451
p1243,process,,62,62,4,post,odor,True,-0.01990179903805256,0.9818019866943359,-1.0229852199554443
p1261,process,,0,0,39,pre,odor,True,1.649259090423584,5.418198585510254,-2.6300346851348877
p1261,process,,1,1,17,pre,odor,True,1.0302058458328247,4.605045795440674,-1.8125736713409424
p1261,process,,2,2,32,pre,odor,True,4.508440017700195,9.5353422164917,0.7669340968132019
p1261,process,,3,3,32,pre,odor,True,4.940826892852783,10.131431579589844,-2.0848379135131836
p1261,process,,4,4,30,pre,odor,True,3.8005192279815674,8.156479835510254,-0.9284186363220215
p1261,process,,5,5,40,pre,odor,True,1.8641998767852783,5.828896522521973,-1.4533730745315552
p1261,process,,6,6,3,pre,odor,True,4.33809757232666,8.492247581481934,-1.4649330377578735
p1261,process,,7,7,2,pre,odor,True,2.3605146408081055,7.142215251922607,-1.4519145488739014
p1261,process,,8,8,1,pre,odor,True,0.9921723008155823,5.906325340270996,-2.6417462825775146
p1261,process,,9,9,4,pre,odor,True,3.7778186798095703,7.91951322555542,-1.2343045473098755
p1261,process,,10,10,31,pre,odor,True,5.63477897644043,10.792232513427734,-0.7667354941368103
p1261,process,,11,11,21,pre,odor,True,2.309572458267212,7.614427089691162,-1.521111249923706
p1261,process,,12,12,2,pre,odor,True,1.1209208965301514,7.298381805419922,-1.6670947074890137
p1261,process,,13,13,39,pre,odor,True,0.6183027029037476,4.7786335945129395,-2.751756429672241
p1261,process,,14,14,1,pre,odor,True,2.837238311767578,6.436300277709961,-2.001826047897339
p1261,process,,15,15,12,pre,odor,True,3.368865728378296,8.085556030273438,-0.8007252216339111
p1261,process,,16,16,22,pre,odor,True,4.9784770011901855,11.089669227600098,-1.2728536128997803
p1261,process,,17,17,10,pre,odor,True,3.7079663276672363,8.669774055480957,-1.1291574239730835
p1261,process,,18,18,17,pre,odor,True,0.231751948595047,3.7564210891723633,-2.656327247619629
p1261,process,,19,19,31,pre,odor,True,4.809654235839844,8.687755584716797,-1.4862356185913086
p1261,process,,20,20,30,pre,odor,True,4.344557285308838,7.713799953460693,-1.4487512111663818
p1261,process,,21,21,12,pre,odor,True,1.0582284927368164,3.663034677505493,-1.8557664155960083
p1261,process,,22,22,22,pre,odor,True,3.156165361404419,7.338318824768066,-0.657693088054657
p1261,process,,23,23,4,pre,odor,True,0.9869715571403503,3.2144038677215576,-1.9002995491027832
p1261,process,,24,24,0,pre,odor,True,-0.7951281070709229,2.4823009967803955,-4.655358791351318
p1261,process,,25,25,3,pre,odor,True,1.4211513996124268,7.718700408935547,-2.1706254482269287
p1261,process,,26,26,40,pre,odor,True,1.5437675714492798,5.5636467933654785,-1.4158625602722168
p1261,process,,27,27,10,pre,odor,True,1.398559331893921,5.425183296203613,-2.2082247734069824
p1261,process,,28,28,21,pre,odor,True,3.9587228298187256,7.4126811027526855,-1.2015894651412964
p1261,process,,29,29,18,pre,odor,True,1.320947527885437,4.111327648162842,-1.00252366065979
p1261,process,,30,30,18,pre,odor,True,0.8033580780029297,3.155827522277832,-1.2722959518432617
p1261,process,,31,31,0,pre,odor,True,0.19416896998882294,3.005139112472534,-1.9330965280532837
p1261,process,,32,32,12,post,odor,True,0.049187805503606796,2.520667314529419,-0.9470648169517517
p1261,process,,33,33,18,post,odor,True,0.30155378580093384,2.744899034500122,-1.1994664669036865
p1261,process,,34,34,40,post,odor,True,0.1880384385585785,1.9342998266220093,-1.0173941850662231
p1261,process,,35,35,32,post,odor,True,0.04958459362387657,1.509692907333374,-1.6587129831314087
p1261,process,,36,36,31,post,odor,True,0.36702752113342285,2.0135114192962646,-0.9373522400856018
p1261,process,,37,37,0,post,odor,True,-0.028901752084493637,1.5743578672409058,-1.0766117572784424
p1261,process,,38,38,4,post,odor,True,-0.08178890496492386,1.7349942922592163,-1.1823042631149292
p1261,process,,39,39,2,post,odor,True,0.17383407056331635,2.023245334625244,-0.7708032131195068
p1261,process,,40,40,3,post,odor,True,0.2953314781188965,2.121567726135254,-0.7978712320327759
p1261,process,,41,41,21,post,odor,True,2.6362390518188477,7.1631927490234375,-0.5570865869522095
p1261,process,,42,42,31,post,odor,True,0.23308633267879486,1.557429552078247,-0.7646406292915344
p1261,process,,43,43,2,post,odor,True,0.09509880840778351,1.6451724767684937,-1.0465666055679321
p1261,process,,44,44,32,post,odor,True,0.043968360871076584,1.716883659362793,-1.1790412664413452
p1261,process,,45,45,40,post,odor,True,0.18118222057819366,2.2256124019622803,-0.6633727550506592
p1261,process,,46,46,1,post,odor,True,-0.007156161591410637,1.8145606517791748,-0.8096107840538025
p1261,process,,47,47,0,post,odor,True,0.05136916786432266,1.423508882522583,-0.8585180044174194
p1261,process,,48,48,22,post,odor,True,0.21587900817394257,1.5386265516281128,-0.657718300819397
p1261,process,,49,49,10,post,odor,True,-0.045071814209222794,1.585133671760559,-0.8775912523269653
p1261,process,,50,50,1,post,odor,True,0.08118017762899399,1.2768685817718506,-1.002171516418457
p1261,process,,51,51,30,post,odor,True,0.3968755304813385,2.70446515083313,-1.144118309020996
p1261,process,,52,52,12,post,odor,True,0.14005398750305176,1.4517827033996582,-0.8329644799232483
p1261,process,,53,53,3,post,odor,True,-0.2784194350242615,1.4715856313705444,-1.1763761043548584
p1261,process,,54,54,21,post,odor,True,2.644096612930298,5.924278736114502,-0.6100000143051147
p1261,process,,55,55,22,post,odor,True,0.19138644635677338,1.3058842420578003,-0.7817334532737732
p1261,process,,56,56,18,post,odor,True,0.3462141156196594,2.208364248275757,-1.197298526763916
p1261,process,,57,57,30,post,odor,True,0.328999787569046,1.7772727012634277,-0.7708544731140137
p1261,process,,58,58,17,post,odor,True,0.27084800601005554,2.093038320541382,-0.9243572354316711
p1261,process,,59,59,39,post,odor,True,-0.06809238344430923,1.0692392587661743,-1.129854679107666
p1261,process,,60,60,39,post,odor,True,0.17621159553527832,2.112252950668335,-0.803673267364502
p1261,process,,61,61,17,post,odor,True,0.3179790675640106,1.459049105644226,-1.0902198553085327
p1261,process,,62,62,4,post,odor,True,-0.08660934865474701,1.4406129121780396,-0.9400236010551453
p1280,process,,0,0,39,pre,odor,True,1.7207616567611694,5.048125267028809,-2.817727565765381
p1280,process,,1,1,17,pre,odor,True,0.39813917875289917,3.360246181488037,-2.344451904296875
p1280,process,,2,2,32,pre,odor,True,3.9470016956329346,8.086212158203125,0.9987155795097351
p1280,process,,3,3,32,pre,odor,True,4.581940174102783,9.548615455627441,-0.8118864893913269
p1280,process,,4,4,30,pre,odor,True,3.251627206802368,6.55075740814209,-0.8505635261535645
p1280,process,,5,5,40,pre,odor,True,1.6091536283493042,4.7092437744140625,-1.5218433141708374
p1280,process,,6,6,3,pre,odor,True,2.8995652198791504,6.896887302398682,-1.7906538248062134
p1280,process,,7,7,2,pre,odor,True,2.4031195640563965,7.299768447875977,-1.6952582597732544
p1280,process,,8,8,1,pre,odor,True,1.5136833190917969,5.445936679840088,-2.331634521484375
p1280,process,,9,9,4,pre,odor,True,2.592482566833496,5.20310640335083,-0.8591222763061523
p1280,process,,10,10,31,pre,odor,True,4.547025680541992,8.790461540222168,-0.5491068363189697
p1280,process,,11,11,21,pre,odor,True,0.9481098651885986,4.082877159118652,-2.7055211067199707
p1280,process,,12,12,2,pre,odor,True,1.5619734525680542,6.183851718902588,-1.7331877946853638
p1280,process,,13,13,39,pre,odor,True,0.5271592140197754,3.616990089416504,-3.5068416595458984
p1280,process,,14,14,1,pre,odor,True,2.5517983436584473,8.264620780944824,-1.343729019165039
p1280,process,,15,15,12,pre,odor,True,3.9306719303131104,9.128427505493164,-1.3559187650680542
p1280,process,,16,16,22,pre,odor,True,3.774933099746704,8.820449829101562,-1.1960312128067017
p1280,process,,17,17,10,pre,odor,True,4.689803600311279,11.315731048583984,-2.2760417461395264
p1280,process,,18,18,17,pre,odor,True,0.49231740832328796,7.167220115661621,-2.9318044185638428
p1280,process,,19,19,31,pre,odor,True,4.688202857971191,11.268691062927246,0.6569918990135193
p1280,process,,20,20,30,pre,odor,True,3.780071496963501,8.55325698852539,-1.0148905515670776
p1280,process,,21,21,12,pre,odor,True,1.156690001487732,4.718372344970703,-1.5224565267562866
p1280,process,,22,22,22,pre,odor,True,3.3061745166778564,8.594383239746094,0.13757860660552979
p1280,process,,23,23,4,pre,odor,True,1.2743585109710693,4.626506328582764,-1.457425832748413
p1280,process,,24,24,0,pre,odor,True,-0.1013108417391777,4.548189163208008,-4.616142749786377
p1280,process,,25,25,3,pre,odor,True,0.2488626092672348,3.949151039123535,-2.13564133644104
p1280,process,,26,26,40,pre,odor,True,0.9245285987854004,5.2965407371521,-2.5374953746795654
p1280,process,,27,27,10,pre,odor,True,1.286016583442688,5.505314350128174,-2.5690791606903076
p1280,process,,28,28,21,pre,odor,True,2.7959864139556885,7.300049304962158,-0.43344801664352417
p1280,process,,29,29,18,pre,odor,True,1.4214560985565186,5.837392807006836,-1.7252229452133179
p1280,process,,30,30,18,pre,odor,True,0.2667466700077057,3.046513080596924,-1.961633324623108
p1280,process,,31,31,0,pre,odor,True,-0.29207655787467957,2.12608003616333,-2.295614719390869
p1280,process,,32,32,12,post,odor,True,0.08675812929868698,1.194123387336731,-0.7832777500152588
p1280,process,,33,33,18,post,odor,True,0.30585673451423645,1.7964704036712646,-0.7718573808670044
p1280,process,,34,34,40,post,odor,True,-0.028026428073644638,1.5397909879684448,-1.0883666276931763
p1280,process,,35,35,32,post,odor,True,0.1274636685848236,1.4139386415481567,-0.8156887292861938
p1280,process,,36,36,31,post,odor,True,0.2509203851222992,2.0561258792877197,-1.1702537536621094
p1280,process,,37,37,0,post,odor,True,-0.09945958107709885,1.6237412691116333,-1.0279004573822021
p1280,process,,38,38,4,post,odor,True,0.1528247594833374,1.55135977268219,-0.7814712524414062
p1280,process,,39,39,2,post,odor,True,0.09190475940704346,1.0835585594177246,-1.1178925037384033
p1280,process,,40,40,3,post,odor,True,0.03900405392050743,1.3064758777618408,-0.8413746953010559
p1280,process,,41,41,21,post,odor,True,2.6982574462890625,5.744307518005371,-0.8849261999130249
p1280,process,,42,42,31,post,odor,True,-0.04582410678267479,1.240182638168335,-1.0228554010391235
p1280,process,,43,43,2,post,odor,True,0.058231256902217865,0.8616751432418823,-0.9377619624137878
p1280,process,,44,44,32,post,odor,True,0.06124265491962433,1.1352418661117554,-0.9708135724067688
p1280,process,,45,45,40,post,odor,True,0.06640217453241348,1.7202695608139038,-0.8100928068161011
p1280,process,,46,46,1,post,odor,True,-0.07638615369796753,1.213175892829895,-0.9785469174385071
p1280,process,,47,47,0,post,odor,True,-0.07899194210767746,1.1907379627227783,-0.580237627029419
p1280,process,,48,48,22,post,odor,True,0.24740970134735107,1.850409984588623,-0.5150107145309448
p1280,process,,49,49,10,post,odor,True,0.03077028878033161,0.9429797530174255,-0.6751429438591003
p1280,process,,50,50,1,post,odor,True,0.0038021919317543507,1.192152500152588,-0.9186355471611023
p1280,process,,51,51,30,post,odor,True,0.101441390812397,1.0693632364273071,-0.6592462062835693
p1280,process,,52,52,12,post,odor,True,0.3483237028121948,1.4782218933105469,-0.6167885661125183
p1280,process,,53,53,3,post,odor,True,0.0955410897731781,1.6074283123016357,-0.8145121932029724
p1280,process,,54,54,21,post,odor,True,1.9410247802734375,4.8152689933776855,-0.761076807975769
p1280,process,,55,55,22,post,odor,True,-0.0709436908364296,0.9343245029449463,-0.8969014883041382
p1280,process,,56,56,18,post,odor,True,0.12245264649391174,1.718061089515686,-0.5660613775253296
p1280,process,,57,57,30,post,odor,True,0.2527283728122711,2.129876136779785,-0.4885987341403961
p1280,process,,58,58,17,post,odor,True,0.15593212842941284,1.388086199760437,-0.7745305299758911
p1280,process,,59,59,39,post,odor,True,0.036089785397052765,1.0118653774261475,-0.6407536268234253
p1280,process,,60,60,39,post,odor,True,0.11390040814876556,1.4232079982757568,-0.6500943303108215
p1280,process,,61,61,17,post,odor,True,0.12451121211051941,1.1356441974639893,-0.6152992844581604
p1280,process,,62,62,4,post,odor,True,-0.02161591872572899,1.4653575420379639,-0.6678995490074158
p1299,process,,0,0,39,pre,odor,True,2.827373743057251,8.182936668395996,-2.380223512649536
p1299,process,,1,1,17,pre,odor,True,-0.8035087585449219,2.7364673614501953,-2.9195854663848877
p1299,process,,2,2,32,pre,odor,True,6.164249897003174,12.625321388244629,-0.023846449330449104
p1299,process,,3,3,32,pre,odor,True,6.750138759613037,14.485087394714355,-1.3823741674423218
p1299,process,,4,4,30,pre,odor,True,6.400938034057617,12.731803894042969,-0.010537437163293362
p1299,process,,5,5,40,pre,odor,True,2.684544801712036,8.045364379882812,-1.4557772874832153
p1299,process,,6,6,3,pre,odor,True,0.70090651512146,6.417054653167725,-1.851227879524231
p1299,process,,7,7,2,pre,odor,True,1.6943542957305908,4.71660041809082,-1.7133660316467285
p1299,process,,8,8,1,pre,odor,True,2.8063504695892334,7.688179016113281,-1.313889980316162
p1299,process,,9,9,4,pre,odor,True,1.5671998262405396,5.175596714019775,-1.813741683959961
p1299,process,,10,10,31,pre,odor,True,2.697322368621826,8.364258766174316,-1.6706963777542114
p1299,process,,11,11,21,pre,odor,True,1.064847707748413,4.681986331939697,-1.7815321683883667
p1299,process,,12,12,2,pre,odor,True,1.2337522506713867,5.172617435455322,-1.2883962392807007
p1299,process,,13,13,39,pre,odor,True,2.2058565616607666,7.2263994216918945,-3.1721737384796143
p1299,process,,14,14,1,pre,odor,True,3.4427950382232666,9.401243209838867,-0.9930136799812317
p1299,process,,15,15,12,pre,odor,True,1.9217097759246826,8.852887153625488,-1.3569931983947754
p1299,process,,16,16,22,pre,odor,True,0.17227309942245483,4.126661777496338,-2.4744513034820557
p1299,process,,17,17,10,pre,odor,True,1.1766021251678467,4.508650302886963,-1.3324302434921265
p1299,process,,18,18,17,pre,odor,True,0.4136686623096466,3.0394275188446045,-1.180925726890564
p1299,process,,19,19,31,pre,odor,True,1.2217457294464111,4.712700843811035,-1.7751262187957764
p1299,process,,20,20,30,pre,odor,True,0.6060919761657715,5.54955530166626,-2.806436777114868
p1299,process,,21,21,12,pre,odor,True,-0.5128061175346375,1.9602528810501099,-2.7805709838867188
p1299,process,,22,22,22,pre,odor,True,0.514112114906311,4.068814277648926,-2.4681708812713623
p1299,process,,23,23,4,pre,odor,True,-0.6289174556732178,2.3592216968536377,-2.1575074195861816
p1299,process,,24,24,0,pre,odor,True,-0.5129343867301941,2.5066640377044678,-3.477322578430176
p1299,process,,25,25,3,pre,odor,True,-0.13577304780483246,4.243715763092041,-3.696012258529663
p1299,process,,26,26,40,pre,odor,True,0.3981843590736389,5.134463310241699,-1.9889779090881348
p1299,process,,27,27,10,pre,odor,True,0.46072837710380554,2.8955068588256836,-1.8856451511383057
p1299,process,,28,28,21,pre,odor,True,0.16205234825611115,2.4109513759613037,-2.1161556243896484
p1299,process,,29,29,18,pre,odor,True,-0.32659825682640076,2.219890832901001,-2.7849409580230713
p1299,process,,30,30,18,pre,odor,True,0.011170458048582077,2.499809741973877,-2.3170793056488037
p1299,process,,31,31,0,pre,odor,True,0.04235377535223961,2.8291611671447754,-2.106018543243408
p1299,process,,32,32,12,post,odor,True,0.3103564977645874,2.542656421661377,-1.0723037719726562
p1299,process,,33,33,18,post,odor,True,0.3375994861125946,3.0104331970214844,-0.9572489857673645
p1299,process,,34,34,40,post,odor,True,0.08290880173444748,2.742293357849121,-1.5230164527893066
p1299,process,,35,35,32,post,odor,True,-0.23334962129592896,2.6396031379699707,-1.9253910779953003
p1299,process,,36,36,31,post,odor,True,0.17717215418815613,2.301772117614746,-1.8112339973449707
p1299,process,,37,37,0,post,odor,True,0.05100051313638687,2.398650646209717,-1.2022933959960938
p1299,process,,38,38,4,post,odor,True,0.005380632821470499,2.2693166732788086,-1.4006381034851074
p1299,process,,39,39,2,post,odor,True,-0.1105949729681015,1.5928422212600708,-1.8894065618515015
p1299,process,,40,40,3,post,odor,True,0.05365488678216934,2.693338632583618,-1.667718768119812
p1299,process,,41,41,21,post,odor,True,0.6751465201377869,3.0675270557403564,-1.1285967826843262
p1299,process,,42,42,31,post,odor,True,0.18150904774665833,2.477944850921631,-1.4126111268997192
p1299,process,,43,43,2,post,odor,True,0.17017421126365662,1.7825369834899902,-1.182676076889038
p1299,process,,44,44,32,post,odor,True,-0.061121705919504166,1.867837905883789,-1.3033849000930786
p1299,process,,45,45,40,post,odor,True,0.2081080675125122,2.0098493099212646,-0.88228839635849
p1299,process,,46,46,1,post,odor,True,0.2104453295469284,2.1664962768554688,-1.1448529958724976
p1299,process,,47,47,0,post,odor,True,0.07677245885133743,2.1027143001556396,-1.381435751914978
p1299,process,,48,48,22,post,odor,True,0.036899954080581665,2.5917556285858154,-1.3014624118804932
p1299,process,,49,49,10,post,odor,True,-0.23288463056087494,1.767142415046692,-1.5505768060684204
p1299,process,,50,50,1,post,odor,True,0.18728959560394287,2.781163454055786,-1.0493135452270508
p1299,process,,51,51,30,post,odor,True,-0.030377434566617012,1.516904592514038,-1.4379520416259766
p1299,process,,52,52,12,post,odor,True,0.16769197583198547,2.046659469604492,-0.9868226647377014
p1299,process,,53,53,3,post,odor,True,-0.15301963686943054,1.5547246932983398,-1.3722823858261108
p1299,process,,54,54,21,post,odor,True,0.7517907619476318,3.198331832885742,-1.0099459886550903
p1299,process,,55,55,22,post,odor,True,-0.0893334150314331,1.2425997257232666,-1.1923904418945312
p1299,process,,56,56,18,post,odor,True,0.11983317881822586,1.936489224433899,-0.919032633304596
p1299,process,,57,57,30,post,odor,True,-0.3221171796321869,1.268760323524475,-1.1769933700561523
p1299,process,,58,58,17,post,odor,True,0.22255851328372955,1.4929332733154297,-0.842474102973938
p1299,process,,59,59,39,post,odor,True,0.1530371606349945,1.1230251789093018,-0.6533874273300171
p1299,process,,60,60,39,post,odor,True,-0.004504936747252941,1.2215145826339722,-0.7877410054206848
p1299,process,,61,61,17,post,odor,True,0.18320941925048828,1.7763758897781372,-0.5998901724815369
p1299,process,,62,62,4,post,odor,True,0.02833656221628189,1.3328673839569092,-0.7373301982879639
p1318,process,,0,0,39,pre,odor,True,1.6028269529342651,5.03278923034668,-2.4063730239868164
p1318,process,,1,1,17,pre,odor,True,0.9114810228347778,4.7840704917907715,-2.655318260192871
p1318,process,,2,2,32,pre,odor,True,0.7958120703697205,4.852878570556641,-1.9342916011810303
p1318,process,,3,3,32,pre,odor,True,2.595531702041626,5.954336643218994,-0.6958872675895691
p1318,process,,4,4,30,pre,odor,True,1.9939758777618408,5.716363430023193,-1.5922795534133911
p1318,process,,5,5,40,pre,odor,True,1.1497336626052856,5.214990615844727,-1.8047873973846436
p1318,process,,6,6,3,pre,odor,True,2.1053452491760254,6.4739203453063965,-0.9925023913383484
p1318,process,,7,7,2,pre,odor,True,1.2883840799331665,6.226318836212158,-2.225665330886841
p1318,process,,8,8,1,pre,odor,True,2.0323219299316406,6.765768527984619,-2.9563686847686768
p1318,process,,9,9,4,pre,odor,True,1.3515652418136597,7.19625186920166,-1.6435210704803467
p1318,process,,10,10,31,pre,odor,True,1.9490585327148438,7.374564170837402,-1.6872856616973877
p1318,process,,11,11,21,pre,odor,True,1.3530771732330322,6.322415351867676,-2.8250908851623535
p1318,process,,12,12,2,pre,odor,True,0.7045596837997437,2.782893657684326,-2.749558687210083
p1318,process,,13,13,39,pre,odor,True,0.4603419601917267,3.456650495529175,-2.9185945987701416
p1318,process,,14,14,1,pre,odor,True,1.1639609336853027,4.428228378295898,-1.4516303539276123
p1318,process,,15,15,12,pre,odor,True,2.568903923034668,5.690710544586182,-0.6493591070175171
p1318,process,,16,16,22,pre,odor,True,2.916687250137329,6.9283318519592285,-1.0472074747085571
p1318,process,,17,17,10,pre,odor,True,2.2355501651763916,5.831874370574951,-2.3532602787017822
p1318,process,,18,18,17,pre,odor,True,0.9696630239486694,4.746438026428223,-2.613478183746338
p1318,process,,19,19,31,pre,odor,True,3.3140077590942383,7.9037299156188965,-0.46545127034187317
p1318,process,,20,20,30,pre,odor,True,2.682833433151245,7.9541015625,-1.3877429962158203
p1318,process,,21,21,12,pre,odor,True,1.2626473903656006,4.509431838989258,-1.5240511894226074
p1318,process,,22,22,22,pre,odor,True,2.7482638359069824,9.06149959564209,-1.1257611513137817
p1318,process,,23,23,4,pre,odor,True,2.3685498237609863,6.944702625274658,-2.414876937866211
p1318,process,,24,24,0,pre,odor,True,2.389404058456421,4.882504940032959,-1.1941219568252563
p1318,process,,25,25,3,pre,odor,True,0.7642578482627869,4.398691654205322,-2.2555158138275146
p1318,process,,26,26,40,pre,odor,True,1.4684642553329468,4.6519365310668945,-1.8843203783035278
p1318,process,,27,27,10,pre,odor,True,2.2194278240203857,5.87678337097168,-0.7629450559616089
p1318,process,,28,28,21,pre,odor,True,2.3893468379974365,6.5462493896484375,-0.47173041105270386
p1318,process,,29,29,18,pre,odor,True,-0.025325557217001915,2.7625908851623535,-2.0427048206329346
p1318,process,,30,30,18,pre,odor,True,-1.0846638679504395,2.1904234886169434,-2.8366920948028564
p1318,process,,31,31,0,pre,odor,True,1.5872136354446411,5.034024238586426,-2.785816192626953
p1318,process,,32,32,12,post,odor,True,-0.07299038767814636,2.350935220718384,-1.201654314994812
p1318,process,,33,33,18,post,odor,True,-0.07525189220905304,1.7552106380462646,-0.9887223243713379
p1318,process,,34,34,40,post,odor,True,-0.030946874991059303,1.4740269184112549,-1.3954139947891235
p1318,process,,35,35,32,post,odor,True,0.213074192404747,1.6319520473480225,-0.9108049869537354
p1318,process,,36,36,31,post,odor,True,-0.03971134126186371,2.0044941902160645,-1.0669853687286377
p1318,process,,37,37,0,post,odor,True,-0.009859158657491207,1.8414143323898315,-1.2457480430603027
p1318,process,,38,38,4,post,odor,True,-0.30596110224723816,0.8564012050628662,-1.4375375509262085
p1318,process,,39,39,2,post,odor,True,-0.09123118966817856,1.7458148002624512,-1.3407326936721802
p1318,process,,40,40,3,post,odor,True,0.05243034288287163,1.7033551931381226,-1.018247127532959
p1318,process,,41,41,21,post,odor,True,3.091823101043701,7.076143741607666,-1.08486008644104
p1318,process,,42,42,31,post,odor,True,-0.20312751829624176,0.7720348834991455,-1.2456486225128174
p1318,process,,43,43,2,post,odor,True,-0.04792244732379913,2.047297477722168,-1.4898501634597778
p1318,process,,44,44,32,post,odor,True,0.19749660789966583,1.3721736669540405,-0.9640586376190186
p1318,process,,45,45,40,post,odor,True,-0.09873438626527786,1.6633387804031372,-1.369884967803955
p1318,process,,46,46,1,post,odor,True,0.04111838713288307,1.7377961874008179,-1.1518529653549194
p1318,process,,47,47,0,post,odor,True,-0.07663407921791077,1.5620537996292114,-0.9977275729179382
p1318,process,,48,48,22,post,odor,True,-0.07296005636453629,1.116753101348877,-1.0613033771514893
p1318,process,,49,49,10,post,odor,True,-0.14531122148036957,1.1842646598815918,-1.2891417741775513
p1318,process,,50,50,1,post,odor,True,0.12384018301963806,1.2891255617141724,-0.9282369017601013
p1318,process,,51,51,30,post,odor,True,-0.05886179581284523,1.0435411930084229,-1.064840316772461
p1318,process,,52,52,12,post,odor,True,-0.05823320895433426,1.5310648679733276,-1.0370956659317017
p1318,process,,53,53,3,post,odor,True,-0.16675220429897308,1.7236113548278809,-1.1466888189315796
p1318,process,,54,54,21,post,odor,True,2.1585447788238525,7.102954387664795,-0.7813124656677246
p1318,process,,55,55,22,post,odor,True,0.11929556727409363,2.486640691757202,-0.9916178584098816
p1318,process,,56,56,18,post,odor,True,0.266428142786026,1.8026814460754395,-0.8490938544273376
p1318,process,,57,57,30,post,odor,True,-0.06157607212662697,2.38240122795105,-1.1431137323379517
p1318,process,,58,58,17,post,odor,True,-0.049717016518116,1.8564220666885376,-1.0788027048110962
p1318,process,,59,59,39,post,odor,True,-0.01567010022699833,1.8519010543823242,-0.9160826802253723
p1318,process,,60,60,39,post,odor,True,0.2040235698223114,1.744191288948059,-0.7633810639381409
p1318,process,,61,61,17,post,odor,True,0.1073707714676857,1.6715035438537598,-1.2984013557434082
p1318,process,,62,62,4,post,odor,True,-0.06986545026302338,1.3107167482376099,-0.9857020974159241
p1337,process,,0,0,39,pre,odor,True,0.5527973175048828,4.983399868011475,-2.2500603199005127
p1337,process,,1,1,17,pre,odor,True,0.27379685640335083,3.2015955448150635,-2.419879198074341
p1337,process,,2,2,32,pre,odor,True,0.0828346237540245,3.197360038757324,-1.8154828548431396
p1337,process,,3,3,32,pre,odor,True,1.1232582330703735,4.3194899559021,-1.938042163848877
p1337,process,,4,4,30,pre,odor,True,0.9348449110984802,4.523374557495117,-2.5008933544158936
p1337,process,,5,5,40,pre,odor,True,0.2661406993865967,2.473343849182129,-2.987807512283325
p1337,process,,6,6,3,pre,odor,True,1.0999139547348022,3.288031578063965,-1.764330267906189
p1337,process,,7,7,2,pre,odor,True,0.851460874080658,6.263720989227295,-2.1043646335601807
p1337,process,,8,8,1,pre,odor,True,0.4442136883735657,7.048951148986816,-2.3985390663146973
p1337,process,,9,9,4,pre,odor,True,0.6512541174888611,5.5342912673950195,-2.5190179347991943
p1337,process,,10,10,31,pre,odor,True,1.0903552770614624,3.7650516033172607,-2.3730504512786865
p1337,process,,11,11,21,pre,odor,True,-0.14857931435108185,3.223217725753784,-2.5127902030944824
p1337,process,,12,12,2,pre,odor,True,0.7063772678375244,4.797475814819336,-1.803544282913208
p1337,process,,13,13,39,pre,odor,True,0.4166508913040161,4.571202754974365,-2.319877862930298
p1337,process,,14,14,1,pre,odor,True,1.0937047004699707,4.27533483505249,-2.4519834518432617
p1337,process,,15,15,12,pre,odor,True,0.950141191482544,4.212022304534912,-1.8665374517440796
p1337,process,,16,16,22,pre,odor,True,1.7227203845977783,5.17628288269043,-1.6622920036315918
p1337,process,,17,17,10,pre,odor,True,1.6460598707199097,4.680323123931885,-1.3533741235733032
p1337,process,,18,18,17,pre,odor,True,1.19081711769104,5.669765949249268,-0.8624624013900757
p1337,process,,19,19,31,pre,odor,True,1.422105312347412,5.200839042663574,-1.6429102420806885
p1337,process,,20,20,30,pre,odor,True,0.8763800263404846,3.758554220199585,-2.2045912742614746
p1337,process,,21,21,12,pre,odor,True,0.2490745186805725,4.10150671005249,-2.385024309158325
p1337,process,,22,22,22,pre,odor,True,0.508756160736084,3.5379738807678223,-2.4711008071899414
p1337,process,,23,23,4,pre,odor,True,0.48908430337905884,4.698223114013672,-2.675858974456787
p1337,process,,24,24,0,pre,odor,True,0.8632211089134216,3.5911900997161865,-1.5064386129379272
p1337,process,,25,25,3,pre,odor,True,0.623024046421051,3.364790678024292,-1.773366928100586
p1337,process,,26,26,40,pre,odor,True,0.5346928238868713,2.4711482524871826,-1.701755404472351
p1337,process,,27,27,10,pre,odor,True,0.5586265921592712,3.9270386695861816,-1.7511825561523438
p1337,process,,28,28,21,pre,odor,True,0.7952572107315063,4.472861289978027,-1.6417784690856934
p1337,process,,29,29,18,pre,odor,True,0.28470996022224426,3.13651180267334,-2.732740640640259
p1337,process,,30,30,18,pre,odor,True,-0.14133799076080322,3.453185796737671,-2.4531736373901367
p1337,process,,31,31,0,pre,odor,True,0.722691535949707,2.976783037185669,-2.4937710762023926
p1337,process,,32,32,12,post,odor,True,0.06213266775012016,1.4360010623931885,-0.9815066456794739
p1337,process,,33,33,18,post,odor,True,0.07689160853624344,1.5038659572601318,-0.7749722003936768
p1337,process,,34,34,40,post,odor,True,0.07139003276824951,1.363201379776001,-0.9047154188156128
p1337,process,,35,35,32,post,odor,True,-0.09118529409170151,1.1269426345825195,-1.0876673460006714
p1337,process,,36,36,31,post,odor,True,0.02439100854098797,1.917227029800415,-1.0397592782974243
p1337,process,,37,37,0,post,odor,True,-0.169933021068573,1.5719043016433716,-1.173799753189087
p1337,process,,38,38,4,post,odor,True,0.02330249361693859,1.0865496397018433,-0.8771085739135742
p1337,process,,39,39,2,post,odor,True,-0.10302734375,1.5757629871368408,-1.135869026184082
p1337,process,,40,40,3,post,odor,True,-0.013891625218093395,1.3615260124206543,-0.9526206254959106
p1337,process,,41,41,21,post,odor,True,1.5622413158416748,3.9299252033233643,-0.9879348874092102
p1337,process,,42,42,31,post,odor,True,0.09196196496486664,1.8064205646514893,-1.313249945640564
p1337,process,,43,43,2,post,odor,True,0.046944938600063324,1.4916080236434937,-0.9894342422485352
p1337,process,,44,44,32,post,odor,True,0.3359740078449249,1.7496029138565063,-0.7819451093673706
p1337,process,,45,45,40,post,odor,True,0.05561107397079468,1.5292234420776367,-1.2861483097076416
p1337,process,,46,46,1,post,odor,True,0.04747740551829338,1.3633720874786377,-0.8141239881515503
p1337,process,,47,47,0,post,odor,True,0.2152581810951233,2.6709372997283936,-0.9675514101982117
p1337,process,,48,48,22,post,odor,True,0.3110347390174866,1.3726791143417358,-0.7635123133659363
p1337,process,,49,49,10,post,odor,True,0.020909342914819717,1.3725965023040771,-0.9475751519203186
p1337,process,,50,50,1,post,odor,True,0.01410598773509264,1.6328668594360352,-0.9869226217269897
p1337,process,,51,51,30,post,odor,True,0.06863227486610413,1.7811890840530396,-1.094627022743225
p1337,process,,52,52,12,post,odor,True,0.03083152323961258,1.0658223628997803,-0.6981325149536133
p1337,process,,53,53,3,post,odor,True,0.09149619936943054,1.8299823999404907,-1.217114806175232
p1337,process,,54,54,21,post,odor,True,1.4322820901870728,5.673349857330322,-0.7354695200920105
p1337,process,,55,55,22,post,odor,True,0.24536141753196716,1.863747239112854,-0.6011365652084351
p1337,process,,56,56,18,post,odor,True,0.35221055150032043,2.125265121459961,-0.6357223391532898
p1337,process,,57,57,30,post,odor,True,0.41228243708610535,1.6290358304977417,-0.9821465015411377
p1337,process,,58,58,17,post,odor,True,0.12233074009418488,1.7865961790084839,-1.1631419658660889
p1337,process,,59,59,39,post,odor,True,-0.03502074256539345,1.3276891708374023,-1.0007076263427734
p1337,process,,60,60,39,post,odor,True,0.041807908564805984,1.5265578031539917,-0.9419260621070862
p1337,process,,61,61,17,post,odor,True,-0.06124678626656532,1.4683258533477783,-1.074797511100769
p1337,process,,62,62,4,post,odor,True,-0.052261773496866226,0.7996140718460083,-0.853787362575531
p1356,process,,0,0,39,pre,odor,True,2.5143656730651855,6.663859844207764,-2.3631882667541504
p1356,process,,1,1,17,pre,odor,True,2.3873088359832764,5.6239094734191895,-1.0596392154693604
p1356,process,,2,2,32,pre,odor,True,5.348659038543701,7.880589485168457,2.069925546646118
p1356,process,,3,3,32,pre,odor,True,8.008749961853027,12.993196487426758,-1.1360650062561035
p1356,process,,4,4,30,pre,odor,True,5.08098030090332,7.455294132232666,-1.0388903617858887
p1356,process,,5,5,40,pre,odor,True,3.4803624153137207,6.788187503814697,-1.428399920463562
p1356,process,,6,6,3,pre,odor,True,5.658422470092773,9.795761108398438,-1.2586058378219604
p1356,process,,7,7,2,pre,odor,True,4.531436443328857,8.115132331848145,-2.2296621799468994
p1356,process,,8,8,1,pre,odor,True,3.9321184158325195,7.629422187805176,0.12902076542377472
p1356,process,,9,9,4,pre,odor,True,4.649167537689209,9.588993072509766,-1.6943316459655762
p1356,process,,10,10,31,pre,odor,True,9.246728897094727,14.221050262451172,-0.5448503494262695
p1356,process,,11,11,21,pre,odor,True,3.817897319793701,9.349493980407715,-2.7629549503326416
p1356,process,,12,12,2,pre,odor,True,3.5852906703948975,7.820157527923584,-1.7678897380828857
p1356,process,,13,13,39,pre,odor,True,1.747434139251709,5.739336013793945,-2.349287509918213
p1356,process,,14,14,1,pre,odor,True,4.373086929321289,9.903127670288086,-2.105652093887329
p1356,process,,15,15,12,pre,odor,True,7.09381103515625,14.30950927734375,-1.6899726390838623
p1356,process,,16,16,22,pre,odor,True,9.848658561706543,14.35478687286377,-0.7611017227172852
p1356,process,,17,17,10,pre,odor,True,7.582123756408691,12.968692779541016,-1.3687299489974976
p1356,process,,18,18,17,pre,odor,True,2.164900779724121,8.322745323181152,-2.386751651763916
p1356,process,,19,19,31,pre,odor,True,11.15843391418457,16.26398468017578,-0.9411210417747498
p1356,process,,20,20,30,pre,odor,True,5.147327899932861,11.041459083557129,-1.5182803869247437
p1356,process,,21,21,12,pre,odor,True,3.4290404319763184,7.36013126373291,-1.89275324344635
p1356,process,,22,22,22,pre,odor,True,12.417258262634277,18.400033950805664,-1.898439884185791
p1356,process,,23,23,4,pre,odor,True,4.505162239074707,8.36038875579834,-0.8477968573570251
p1356,process,,24,24,0,pre,odor,True,3.1947906017303467,8.30184268951416,-2.1009888648986816
p1356,process,,25,25,3,pre,odor,True,3.1778078079223633,8.411786079406738,-2.7672524452209473
p1356,process,,26,26,40,pre,odor,True,3.1295130252838135,10.049086570739746,-1.0405398607254028
p1356,process,,27,27,10,pre,odor,True,6.316595077514648,10.181246757507324,-1.781752347946167
p1356,process,,28,28,21,pre,odor,True,7.151403903961182,11.851327896118164,-0.41729891300201416
p1356,process,,29,29,18,pre,odor,True,2.516348361968994,5.5268731117248535,-1.3977078199386597
p1356,process,,30,30,18,pre,odor,True,-1.1416255235671997,0.5417234897613525,-2.428396701812744
p1356,process,,31,31,0,pre,odor,True,3.1690456867218018,8.982264518737793,-2.7261104583740234
p1356,process,,32,32,12,post,odor,True,0.6885804533958435,1.8718531131744385,-0.37654271721839905
p1356,process,,33,33,18,post,odor,True,0.6461960673332214,2.687960147857666,-1.263108253479004
p1356,process,,34,34,40,post,odor,True,0.0647914707660675,1.445510983467102,-0.8498167395591736
p1356,process,,35,35,32,post,odor,True,0.9968494772911072,3.1197237968444824,-0.5692841410636902
p1356,process,,36,36,31,post,odor,True,0.47332763671875,1.685756802558899,-0.8066465854644775
p1356,process,,37,37,0,post,odor,True,0.18074552714824677,1.5833029747009277,-0.8525804877281189
p1356,process,,38,38,4,post,odor,True,0.18414078652858734,1.2238266468048096,-0.8701387643814087
p1356,process,,39,39,2,post,odor,True,0.45445945858955383,2.9355082511901855,-0.8800345659255981
p1356,process,,40,40,3,post,odor,True,0.6438401341438293,2.0413990020751953,-0.7116160988807678
p1356,process,,41,41,21,post,odor,True,3.3770270347595215,5.966662883758545,-0.28062665462493896
p1356,process,,42,42,31,post,odor,True,0.890019953250885,2.3644635677337646,-1.2504701614379883
p1356,process,,43,43,2,post,odor,True,0.25979483127593994,1.6359378099441528,-1.0511850118637085
p1356,process,,44,44,32,post,odor,True,0.6662940382957458,2.4141883850097656,-0.8187463879585266
p1356,process,,45,45,40,post,odor,True,0.006087403278797865,0.9778410792350769,-1.0021817684173584
p1356,process,,46,46,1,post,odor,True,-0.09922068566083908,1.7435197830200195,-1.3952611684799194
p1356,process,,47,47,0,post,odor,True,-0.08805939555168152,1.0952174663543701,-0.8354586362838745
p1356,process,,48,48,22,post,odor,True,0.539776623249054,2.3210654258728027,-0.78754061460495
p1356,process,,49,49,10,post,odor,True,-0.16804887354373932,0.7441045045852661,-1.3698604106903076
p1356,process,,50,50,1,post,odor,True,-0.02085173688828945,1.230893611907959,-1.2349473237991333
p1356,process,,51,51,30,post,odor,True,0.6353968381881714,2.1058788299560547,-0.6682505011558533
p1356,process,,52,52,12,post,odor,True,0.23924791812896729,1.162534475326538,-1.074622392654419
p1356,process,,53,53,3,post,odor,True,0.21445342898368835,1.5152283906936646,-0.8170353174209595
p1356,process,,54,54,21,post,odor,True,1.7923346757888794,3.2640857696533203,-1.1276943683624268
p1356,process,,55,55,22,post,odor,True,0.5264165997505188,1.6564940214157104,-0.7922474145889282
p1356,process,,56,56,18,post,odor,True,0.4019424319267273,1.8552217483520508,-0.9716328978538513
p1356,process,,57,57,30,post,odor,True,0.3541334569454193,2.6225357055664062,-0.8587128520011902
p1356,process,,58,58,17,post,odor,True,0.35759976506233215,1.4381669759750366,-1.0123182535171509
p1356,process,,59,59,39,post,odor,True,0.07969775795936584,1.411318063735962,-0.850713312625885
p1356,process,,60,60,39,post,odor,True,-0.06076442822813988,0.9087152481079102,-1.3136669397354126
p1356,process,,61,61,17,post,odor,True,0.35899269580841064,1.6052039861679077,-0.9913626909255981
p1356,process,,62,62,4,post,odor,True,-0.013477226719260216,1.6520793437957764,-1.1388309001922607
p1375,process,,0,0,39,pre,odor,True,4.728386878967285,10.269208908081055,-2.4991636276245117
p1375,process,,1,1,17,pre,odor,True,-0.5540434122085571,3.026879072189331,-3.5283796787261963
p1375,process,,2,2,32,pre,odor,True,8.399870872497559,14.435032844543457,0.12028887867927551
p1375,process,,3,3,32,pre,odor,True,8.05373764038086,12.643205642700195,-0.568189263343811
p1375,process,,4,4,30,pre,odor,True,8.78380012512207,13.952800750732422,-0.2818719446659088
p1375,process,,5,5,40,pre,odor,True,4.6875834465026855,11.504638671875,-1.5357708930969238
p1375,process,,6,6,3,pre,odor,True,0.6991842985153198,3.8280484676361084,-2.1038777828216553
p1375,process,,7,7,2,pre,odor,True,2.3218891620635986,6.875115871429443,-1.2019327878952026
p1375,process,,8,8,1,pre,odor,True,7.500907897949219,15.284802436828613,-0.03835897520184517
p1375,process,,9,9,4,pre,odor,True,1.1577932834625244,4.941815376281738,-1.494602918624878
p1375,process,,10,10,31,pre,odor,True,5.502228260040283,14.53177261352539,-0.7599104046821594
p1375,process,,11,11,21,pre,odor,True,0.2891976833343506,2.682589530944824,-2.046508312225342
p1375,process,,12,12,2,pre,odor,True,1.468536376953125,4.063196182250977,-1.1718813180923462
p1375,process,,13,13,39,pre,odor,True,3.9973299503326416,11.031947135925293,-1.659004807472229
p1375,process,,14,14,1,pre,odor,True,7.010893821716309,15.35399055480957,-0.9771897196769714
p1375,process,,15,15,12,pre,odor,True,3.1564745903015137,10.513230323791504,-1.3114252090454102
p1375,process,,16,16,22,pre,odor,True,1.0346128940582275,4.288097858428955,-1.171865463256836
p1375,process,,17,17,10,pre,odor,True,0.9688990116119385,4.805996417999268,-1.9515459537506104
p1375,process,,18,18,17,pre,odor,True,0.16969594359397888,4.353019714355469,-1.4980475902557373
p1375,process,,19,19,31,pre,odor,True,2.1923916339874268,5.687747001647949,-0.5952655673027039
p1375,process,,20,20,30,pre,odor,True,1.9496971368789673,5.720515251159668,-0.7308597564697266
p1375,process,,21,21,12,pre,odor,True,0.15197288990020752,2.7553517818450928,-2.0846548080444336
p1375,process,,22,22,22,pre,odor,True,0.7305790185928345,3.055171251296997,-1.2698646783828735
p1375,process,,23,23,4,pre,odor,True,0.17404262721538544,3.9550271034240723,-1.8108655214309692
p1375,process,,24,24,0,pre,odor,True,-0.22938664257526398,2.9267280101776123,-3.4758102893829346
p1375,process,,25,25,3,pre,odor,True,-0.06613730639219284,3.225867748260498,-2.196542501449585
p1375,process,,26,26,40,pre,odor,True,1.3374487161636353,5.2634687423706055,-1.854376196861267
p1375,process,,27,27,10,pre,odor,True,0.7948590517044067,4.487478733062744,-1.9082279205322266
p1375,process,,28,28,21,pre,odor,True,0.69427490234375,3.386894702911377,-1.8493568897247314
p1375,process,,29,29,18,pre,odor,True,0.3203272819519043,3.3413102626800537,-1.8458882570266724
p1375,process,,30,30,18,pre,odor,True,0.015277992002665997,3.6898646354675293,-2.1978366374969482
p1375,process,,31,31,0,pre,odor,True,-1.0557472705841064e-05,2.1577320098876953,-2.0861995220184326
p1375,process,,32,32,12,post,odor,True,0.01797707937657833,2.3671882152557373,-1.513119101524353
p1375,process,,33,33,18,post,odor,True,0.43791866302490234,3.411370277404785,-1.3178054094314575
p1375,process,,34,34,40,post,odor,True,-0.09604021906852722,1.3631473779678345,-1.4806245565414429
p1375,process,,35,35,32,post,odor,True,0.33091211318969727,2.1799814701080322,-1.7574257850646973
p1375,process,,36,36,31,post,odor,True,0.20666351914405823,2.1472084522247314,-1.5619200468063354
p1375,process,,37,37,0,post,odor,True,0.3609309196472168,2.5065908432006836,-1.4643850326538086
p1375,process,,38,38,4,post,odor,True,0.5506306886672974,2.800048828125,-1.5494781732559204
p1375,process,,39,39,2,post,odor,True,0.5416585206985474,3.2347259521484375,-1.70425546169281
p1375,process,,40,40,3,post,odor,True,-0.05095348134636879,1.8321813344955444,-1.767559289932251
p1375,process,,41,41,21,post,odor,True,0.49425214529037476,2.61159348487854,-1.459781527519226
p1375,process,,42,42,31,post,odor,True,0.677061915397644,3.0871827602386475,-1.5011004209518433
p1375,process,,43,43,2,post,odor,True,0.40999507904052734,2.9767584800720215,-1.8159319162368774
p1375,process,,44,44,32,post,odor,True,0.029291406273841858,2.6738100051879883,-1.7933520078659058
p1375,process,,45,45,40,post,odor,True,0.24351796507835388,2.5088675022125244,-1.527216911315918
p1375,process,,46,46,1,post,odor,True,-0.07802702486515045,1.4896010160446167,-2.073760509490967
p1375,process,,47,47,0,post,odor,True,0.3377542197704315,2.410027027130127,-1.4079787731170654
p1375,process,,48,48,22,post,odor,True,-0.16896182298660278,2.0879647731781006,-1.654006004333496
p1375,process,,49,49,10,post,odor,True,0.3318749964237213,2.290405511856079,-1.2654465436935425
p1375,process,,50,50,1,post,odor,True,-0.4680304527282715,2.130939483642578,-2.053617238998413
p1375,process,,51,51,30,post,odor,True,0.22389473021030426,2.0505712032318115,-1.5420236587524414
p1375,process,,52,52,12,post,odor,True,0.035120896995067596,2.1863980293273926,-1.9226170778274536
p1375,process,,53,53,3,post,odor,True,0.18213477730751038,2.5169408321380615,-1.9625513553619385
p1375,process,,54,54,21,post,odor,True,0.3188687562942505,3.4587666988372803,-1.778954029083252
p1375,process,,55,55,22,post,odor,True,0.34975990653038025,2.5770792961120605,-1.9608428478240967
p1375,process,,56,56,18,post,odor,True,0.28694456815719604,2.63076114654541,-1.0011334419250488
p1375,process,,57,57,30,post,odor,True,0.10657577216625214,1.7848551273345947,-1.8302339315414429
p1375,process,,58,58,17,post,odor,True,0.18707378208637238,2.995992422103882,-1.929731011390686
p1375,process,,59,59,39,post,odor,True,0.2242186814546585,2.115715503692627,-1.0185134410858154
p1375,process,,60,60,39,post,odor,True,0.03283790871500969,2.374809503555298,-1.3549573421478271
p1375,process,,61,61,17,post,odor,True,0.16198739409446716,1.7519400119781494,-1.3685365915298462
p1375,process,,62,62,4,post,odor,True,0.0823749378323555,1.9740979671478271,-1.0018320083618164
p1394,process,,0,0,39,pre,odor,True,1.3860087394714355,4.962075710296631,-2.8531806468963623
p1394,process,,1,1,17,pre,odor,True,2.0796217918395996,4.851705074310303,-0.8604210019111633
p1394,process,,2,2,32,pre,odor,True,2.4171411991119385,7.59400749206543,-1.010109305381775
p1394,process,,3,3,32,pre,odor,True,2.203747034072876,4.904170513153076,-2.682318925857544
p1394,process,,4,4,30,pre,odor,True,2.318359613418579,5.176676273345947,-0.10469146817922592
p1394,process,,5,5,40,pre,odor,True,1.0514512062072754,4.87720251083374,-3.0150742530822754
p1394,process,,6,6,3,pre,odor,True,2.813417911529541,6.283213138580322,-0.8867432475090027
p1394,process,,7,7,2,pre,odor,True,1.4591680765151978,4.752410888671875,-1.437597393989563
p1394,process,,8,8,1,pre,odor,True,0.03226778283715248,4.586723804473877,-2.257413864135742
p1394,process,,9,9,4,pre,odor,True,2.9358224868774414,8.485017776489258,-0.8701094388961792
p1394,process,,10,10,31,pre,odor,True,2.828235626220703,6.9301252365112305,-1.8117059469223022
p1394,process,,11,11,21,pre,odor,True,1.5682299137115479,5.804063320159912,-1.550271987915039
p1394,process,,12,12,2,pre,odor,True,1.1489561796188354,6.707085132598877,-2.5741727352142334
p1394,process,,13,13,39,pre,odor,True,0.18421770632266998,3.347917079925537,-2.4414637088775635
p1394,process,,14,14,1,pre,odor,True,0.608641505241394,4.772451877593994,-3.655874729156494
p1394,process,,15,15,12,pre,odor,True,2.7572617530822754,6.789239406585693,-1.2606576681137085
p1394,process,,16,16,22,pre,odor,True,2.055990219116211,4.775691509246826,-2.34429931640625
p1394,process,,17,17,10,pre,odor,True,1.42482590675354,5.441771030426025,-1.3665201663970947
p1394,process,,18,18,17,pre,odor,True,1.2264851331710815,4.483031749725342,-1.6783268451690674
p1394,process,,19,19,31,pre,odor,True,1.1220368146896362,4.517171859741211,-1.5285521745681763
p1394,process,,20,20,30,pre,odor,True,0.8996543288230896,4.660268783569336,-2.1842639446258545
p1394,process,,21,21,12,pre,odor,True,0.02470421977341175,4.843899250030518,-2.982959270477295
p1394,process,,22,22,22,pre,odor,True,1.6169500350952148,5.361452579498291,-0.5857638716697693
p1394,process,,23,23,4,pre,odor,True,-0.17238329350948334,3.9812469482421875,-2.7390122413635254
p1394,process,,24,24,0,pre,odor,True,-0.6885320544242859,3.859264612197876,-3.867130994796753
p1394,process,,25,25,3,pre,odor,True,0.6400299668312073,3.7053143978118896,-2.3325352668762207
p1394,process,,26,26,40,pre,odor,True,-0.9312615990638733,1.9471296072006226,-3.3477587699890137
p1394,process,,27,27,10,pre,odor,True,0.8969243764877319,5.656688690185547,-2.1532771587371826
p1394,process,,28,28,21,pre,odor,True,0.7983880639076233,4.299084663391113,-2.5613837242126465
p1394,process,,29,29,18,pre,odor,True,1.0440212488174438,3.56661319732666,-2.3764870166778564
p1394,process,,30,30,18,pre,odor,True,0.5985605716705322,3.7924153804779053,-1.7963049411773682
p1394,process,,31,31,0,pre,odor,True,-0.10680174082517624,2.8439009189605713,-3.4491240978240967
p1394,process,,32,32,12,post,odor,True,0.2546900808811188,1.776755928993225,-1.1070307493209839
p1394,process,,33,33,18,post,odor,True,0.7029494047164917,2.7919130325317383,-0.90499347448349
p1394,process,,34,34,40,post,odor,True,-0.15524637699127197,1.5659279823303223,-1.083960771560669
p1394,process,,35,35,32,post,odor,True,0.4701993763446808,2.5437633991241455,-0.7451385855674744
p1394,process,,36,36,31,post,odor,True,0.22912463545799255,1.7331472635269165,-0.782539427280426
p1394,process,,37,37,0,post,odor,True,0.021922336891293526,1.1621315479278564,-0.6656354069709778
p1394,process,,38,38,4,post,odor,True,0.24785779416561127,2.146421432495117,-0.7055837512016296
p1394,process,,39,39,2,post,odor,True,0.22273659706115723,1.744943380355835,-0.7931806445121765
p1394,process,,40,40,3,post,odor,True,0.24425484240055084,1.4784902334213257,-0.9269101023674011
p1394,process,,41,41,21,post,odor,True,1.9520471096038818,4.939704895019531,-0.6690084338188171
p1394,process,,42,42,31,post,odor,True,0.2855495810508728,1.7842016220092773,-0.6484176516532898
p1394,process,,43,43,2,post,odor,True,0.22678685188293457,1.70688796043396,-0.8969943523406982
p1394,process,,44,44,32,post,odor,True,0.2472877949476242,1.9211523532867432,-0.7995136976242065
p1394,process,,45,45,40,post,odor,True,-0.0523637980222702,1.570335865020752,-0.8937750458717346
p1394,process,,46,46,1,post,odor,True,0.04314993694424629,1.0428566932678223,-0.74061119556427
p1394,process,,47,47,0,post,odor,True,0.1286986768245697,1.1620149612426758,-0.7510233521461487
p1394,process,,48,48,22,post,odor,True,0.2268202155828476,1.6766432523727417,-0.6537118554115295
p1394,process,,49,49,10,post,odor,True,0.26038870215415955,1.7188034057617188,-0.7305791974067688
p1394,process,,50,50,1,post,odor,True,0.07960440218448639,1.5057296752929688,-0.8624516725540161
p1394,process,,51,51,30,post,odor,True,0.2536980211734772,1.8118997812271118,-0.6102118492126465
p1394,process,,52,52,12,post,odor,True,0.35010501742362976,1.7729336023330688,-0.49972352385520935
p1394,process,,53,53,3,post,odor,True,0.3124082386493683,1.6578423976898193,-0.799813449382782
p1394,process,,54,54,21,post,odor,True,1.7727055549621582,4.871326923370361,-0.6839326620101929
p1394,process,,55,55,22,post,odor,True,0.019346091896295547,1.6374876499176025,-0.8062941431999207
p1394,process,,56,56,18,post,odor,True,0.15612570941448212,1.3799923658370972,-0.8774102330207825
p1394,process,,57,57,30,post,odor,True,0.23315836489200592,1.6711422204971313,-0.7784265279769897
p1394,process,,58,58,17,post,odor,True,0.2156243622303009,1.273024082183838,-0.8782248497009277
p1394,process,,59,59,39,post,odor,True,0.03774987533688545,1.36579167842865,-0.8204669952392578
p1394,process,,60,60,39,post,odor,True,0.028260020539164543,1.8553041219711304,-0.805431604385376
p1394,process,,61,61,17,post,odor,True,0.3558221161365509,1.4578291177749634,-0.6182936429977417
p1394,process,,62,62,4,post,odor,True,-0.07161900401115417,1.466843605041504,-0.9142888188362122
p1413,process,,0,0,39,pre,odor,True,0.764106035232544,3.8190901279449463,-1.9565600156784058
p1413,process,,1,1,17,pre,odor,True,1.437988519668579,4.473592281341553,-1.1101816892623901
p1413,process,,2,2,32,pre,odor,True,2.1505515575408936,5.67132043838501,-1.6979821920394897
p1413,process,,3,3,32,pre,odor,True,1.8689565658569336,5.066985607147217,-1.7917277812957764
p1413,process,,4,4,30,pre,odor,True,0.6728104948997498,4.954911708831787,-2.559644937515259
p1413,process,,5,5,40,pre,odor,True,0.6656727194786072,4.84390926361084,-2.434295177459717
p1413,process,,6,6,3,pre,odor,True,2.2920217514038086,5.882861614227295,-0.879168689250946
p1413,process,,7,7,2,pre,odor,True,1.5686473846435547,4.420719623565674,-2.0294101238250732
p1413,process,,8,8,1,pre,odor,True,0.313530296087265,3.877124309539795,-2.3617770671844482
p1413,process,,9,9,4,pre,odor,True,2.1076440811157227,5.623471260070801,-0.49664103984832764
p1413,process,,10,10,31,pre,odor,True,3.419066905975342,7.523580551147461,-0.9807714819908142
p1413,process,,11,11,21,pre,odor,True,0.9433154463768005,4.941888809204102,-2.9059159755706787
p1413,process,,12,12,2,pre,odor,True,0.7816684246063232,5.533956050872803,-2.5158939361572266
p1413,process,,13,13,39,pre,odor,True,-0.2598167359828949,2.8350682258605957,-2.6115946769714355
p1413,process,,14,14,1,pre,odor,True,1.5122748613357544,6.032050132751465,-1.5858372449874878
p1413,process,,15,15,12,pre,odor,True,2.7718687057495117,7.893462657928467,-2.339578628540039
p1413,process,,16,16,22,pre,odor,True,2.953239679336548,8.965087890625,-1.0729483366012573
p1413,process,,17,17,10,pre,odor,True,2.26479434967041,7.056650161743164,-2.3768889904022217
p1413,process,,18,18,17,pre,odor,True,2.2218425273895264,5.760690689086914,-0.8453103303909302
p1413,process,,19,19,31,pre,odor,True,2.5255112648010254,8.477557182312012,-2.355173349380493
p1413,process,,20,20,30,pre,odor,True,1.588901400566101,7.388676166534424,-2.5064291954040527
p1413,process,,21,21,12,pre,odor,True,-0.24250096082687378,3.1457631587982178,-4.948153018951416
p1413,process,,22,22,22,pre,odor,True,2.4042556285858154,5.884634017944336,-2.5612692832946777
p1413,process,,23,23,4,pre,odor,True,-0.12299108505249023,2.761054277420044,-3.357431411743164
p1413,process,,24,24,0,pre,odor,True,-1.1061103343963623,2.2378334999084473,-5.713720321655273
p1413,process,,25,25,3,pre,odor,True,1.6914193630218506,5.383713245391846,-1.9612147808074951
p1413,process,,26,26,40,pre,odor,True,-0.15577398240566254,5.477809429168701,-3.3639814853668213
p1413,process,,27,27,10,pre,odor,True,0.4075152575969696,3.3439488410949707,-3.489295482635498
p1413,process,,28,28,21,pre,odor,True,2.507167100906372,5.234238624572754,-0.5736575722694397
p1413,process,,29,29,18,pre,odor,True,1.1717536449432373,4.703540325164795,-1.6418834924697876
p1413,process,,30,30,18,pre,odor,True,-0.009890751913189888,3.1695950031280518,-2.232666015625
p1413,process,,31,31,0,pre,odor,True,-0.65354984998703,1.7391884326934814,-2.7534687519073486
p1413,process,,32,32,12,post,odor,True,0.2001991868019104,1.2004096508026123,-0.7764760255813599
p1413,process,,33,33,18,post,odor,True,0.39627423882484436,2.0618643760681152,-0.6815794110298157
p1413,process,,34,34,40,post,odor,True,0.16231952607631683,0.7621336579322815,-0.5109840035438538
p1413,process,,35,35,32,post,odor,True,0.15349149703979492,0.988940417766571,-0.5943265557289124
p1413,process,,36,36,31,post,odor,True,0.09427356719970703,1.5216833353042603,-0.7046615481376648
p1413,process,,37,37,0,post,odor,True,0.11632034182548523,1.2942806482315063,-0.504449188709259
p1413,process,,38,38,4,post,odor,True,0.12968216836452484,1.5178563594818115,-0.777174174785614
p1413,process,,39,39,2,post,odor,True,0.14940191805362701,1.8938348293304443,-0.6445719003677368
p1413,process,,40,40,3,post,odor,True,0.08525442332029343,1.7172542810440063,-0.7120999693870544
p1413,process,,41,41,21,post,odor,True,1.4271376132965088,3.6366944313049316,-0.5563123226165771
p1413,process,,42,42,31,post,odor,True,0.04861507937312126,1.517220139503479,-0.9595822691917419
p1413,process,,43,43,2,post,odor,True,0.017561431974172592,1.114562749862671,-0.9019079208374023
p1413,process,,44,44,32,post,odor,True,0.09083851426839828,1.2399054765701294,-0.7120171189308167
p1413,process,,45,45,40,post,odor,True,-0.012967058457434177,1.752915620803833,-0.7683761715888977
p1413,process,,46,46,1,post,odor,True,-0.12389356642961502,0.9710254669189453,-0.896041750907898
p1413,process,,47,47,0,post,odor,True,0.054143283516168594,1.386526107788086,-1.0082749128341675
p1413,process,,48,48,22,post,odor,True,0.05467473343014717,1.0217794179916382,-0.6919316053390503
p1413,process,,49,49,10,post,odor,True,-0.01057420577853918,1.4831138849258423,-0.7571642994880676
p1413,process,,50,50,1,post,odor,True,-0.057662878185510635,2.0711960792541504,-0.8771662712097168
p1413,process,,51,51,30,post,odor,True,0.05540737882256508,1.159258246421814,-0.8386853337287903
p1413,process,,52,52,12,post,odor,True,0.20673464238643646,1.487391471862793,-0.7795587778091431
p1413,process,,53,53,3,post,odor,True,0.028425104916095734,1.0314198732376099,-0.6729490160942078
p1413,process,,54,54,21,post,odor,True,1.19632887840271,3.2772600650787354,-0.5043222904205322
p1413,process,,55,55,22,post,odor,True,0.13939784467220306,1.0065553188323975,-0.8418724536895752
p1413,process,,56,56,18,post,odor,True,0.17311367392539978,1.019709825515747,-0.6077415347099304
p1413,process,,57,57,30,post,odor,True,0.17634066939353943,1.4057660102844238,-0.8210791945457458
p1413,process,,58,58,17,post,odor,True,0.1093902438879013,1.5951588153839111,-0.8557798862457275
p1413,process,,59,59,39,post,odor,True,-0.1732429414987564,1.2356977462768555,-0.8697446584701538
p1413,process,,60,60,39,post,odor,True,0.061222996562719345,2.003551721572876,-0.6557328104972839
p1413,process,,61,61,17,post,odor,True,0.056988202035427094,1.025928258895874,-0.7355841398239136
p1413,process,,62,62,4,post,odor,True,-0.01494022086262703,0.914872407913208,-0.6932980418205261
p1432,process,,0,0,39,pre,odor,True,1.6539270877838135,6.883264064788818,-2.754600763320923
p1432,process,,1,1,17,pre,odor,True,1.9810466766357422,5.71342134475708,-1.719408392906189
p1432,process,,2,2,32,pre,odor,True,3.4491076469421387,7.746424198150635,-0.3333101272583008
p1432,process,,3,3,32,pre,odor,True,3.8293094635009766,10.597307205200195,-0.32882267236709595
p1432,process,,4,4,30,pre,odor,True,3.372886896133423,8.269583702087402,-1.1575536727905273
p1432,process,,5,5,40,pre,odor,True,1.7636712789535522,5.274501323699951,-2.402785301208496
p1432,process,,6,6,3,pre,odor,True,3.915414571762085,8.886323928833008,-0.8171526193618774
p1432,process,,7,7,2,pre,odor,True,2.864004135131836,6.744470596313477,-0.9457383155822754
p1432,process,,8,8,1,pre,odor,True,1.0469493865966797,5.985897064208984,-2.930695056915283
p1432,process,,9,9,4,pre,odor,True,4.0190205574035645,8.278502464294434,-1.5116157531738281
p1432,process,,10,10,31,pre,odor,True,2.7401089668273926,6.594180107116699,-0.583536684513092
p1432,process,,11,11,21,pre,odor,True,2.6399450302124023,7.7842230796813965,-0.7393063902854919
p1432,process,,12,12,2,pre,odor,True,2.274115800857544,5.706447601318359,-1.781936526298523
p1432,process,,13,13,39,pre,odor,True,1.3929404020309448,6.043026924133301,-2.2266547679901123
p1432,process,,14,14,1,pre,odor,True,2.4098868370056152,8.950510025024414,-0.19471865892410278
p1432,process,,15,15,12,pre,odor,True,2.0788238048553467,6.1059160232543945,-1.888529658317566
p1432,process,,16,16,22,pre,odor,True,2.686767339706421,9.370115280151367,-1.49602472782135
p1432,process,,17,17,10,pre,odor,True,2.826547384262085,6.755563259124756,-0.5354022979736328
p1432,process,,18,18,17,pre,odor,True,1.1351889371871948,5.886437892913818,-2.598825693130493
p1432,process,,19,19,31,pre,odor,True,2.233675718307495,7.204570293426514,-1.0369462966918945
p1432,process,,20,20,30,pre,odor,True,2.541621446609497,6.535287380218506,-1.325698733329773
p1432,process,,21,21,12,pre,odor,True,0.4128352999687195,3.6087446212768555,-2.396524667739868
p1432,process,,22,22,22,pre,odor,True,1.5725336074829102,6.956192970275879,-0.994949996471405
p1432,process,,23,23,4,pre,odor,True,0.8783137202262878,5.904346466064453,-1.6592861413955688
p1432,process,,24,24,0,pre,odor,True,-1.058509111404419,3.2107934951782227,-3.628511905670166
p1432,process,,25,25,3,pre,odor,True,1.373576045036316,5.289160251617432,-1.687883734703064
p1432,process,,26,26,40,pre,odor,True,0.11923060566186905,3.8317911624908447,-2.704310894012451
p1432,process,,27,27,10,pre,odor,True,0.1646140217781067,3.642812490463257,-2.69454288482666
p1432,process,,28,28,21,pre,odor,True,1.1036577224731445,4.19148588180542,-0.9290351271629333
p1432,process,,29,29,18,pre,odor,True,1.0335389375686646,3.7752509117126465,-1.366079568862915
p1432,process,,30,30,18,pre,odor,True,0.15645623207092285,2.7030887603759766,-1.7901798486709595
p1432,process,,31,31,0,pre,odor,True,0.5047283172607422,3.9238178730010986,-1.7871227264404297
p1432,process,,32,32,12,post,odor,True,-0.07941626757383347,1.3932571411132812,-1.1137667894363403
p1432,process,,33,33,18,post,odor,True,-0.11224314570426941,3.5158743858337402,-1.1915185451507568
p1432,process,,34,34,40,post,odor,True,0.15309768915176392,1.7705602645874023,-0.9718812704086304
p1432,process,,35,35,32,post,odor,True,0.20438727736473083,1.7875921726226807,-1.0950649976730347
p1432,process,,36,36,31,post,odor,True,0.21890319883823395,1.9329731464385986,-0.9187864661216736
p1432,process,,37,37,0,post,odor,True,0.19372320175170898,1.5553686618804932,-1.0251654386520386
p1432,process,,38,38,4,post,odor,True,0.011972312815487385,1.3668556213378906,-0.9244306683540344
p1432,process,,39,39,2,post,odor,True,0.0313263013958931,1.8893568515777588,-1.0294376611709595
p1432,process,,40,40,3,post,odor,True,0.05968381091952324,1.3496947288513184,-0.979655921459198
p1432,process,,41,41,21,post,odor,True,1.0432960987091064,4.388552665710449,-0.6896249651908875
p1432,process,,42,42,31,post,odor,True,-0.08440283685922623,1.3191756010055542,-1.196216344833374
p1432,process,,43,43,2,post,odor,True,0.005094423890113831,1.445226788520813,-1.0843939781188965
p1432,process,,44,44,32,post,odor,True,0.08170219510793686,2.4058923721313477,-0.9324235916137695
p1432,process,,45,45,40,post,odor,True,-0.14654085040092468,0.8491398096084595,-1.037414312362671
p1432,process,,46,46,1,post,odor,True,-0.017532939091324806,1.9577503204345703,-1.1375563144683838
p1432,process,,47,47,0,post,odor,True,-0.18869075179100037,1.8730894327163696,-1.1415551900863647
p1432,process,,48,48,22,post,odor,True,0.15157374739646912,1.8821383714675903,-0.8184200525283813
p1432,process,,49,49,10,post,odor,True,-0.04642506316304207,1.6035926342010498,-1.2013286352157593
p1432,process,,50,50,1,post,odor,True,0.08417807519435883,2.0954012870788574,-1.0701814889907837
p1432,process,,51,51,30,post,odor,True,0.13323257863521576,1.966200828552246,-1.0575356483459473
p1432,process,,52,52,12,post,odor,True,-0.00571570685133338,2.659883737564087,-1.16715407371521
p1432,process,,53,53,3,post,odor,True,0.12881013751029968,2.195106029510498,-1.037102222442627
p1432,process,,54,54,21,post,odor,True,0.896726667881012,3.7839725017547607,-1.2286707162857056
p1432,process,,55,55,22,post,odor,True,-0.06071670353412628,1.6857982873916626,-1.1756644248962402
p1432,process,,56,56,18,post,odor,True,0.23953793942928314,1.9957531690597534,-1.0029147863388062
p1432,process,,57,57,30,post,odor,True,0.02041938155889511,1.2499983310699463,-0.8651514649391174
p1432,process,,58,58,17,post,odor,True,0.16623586416244507,2.0206422805786133,-0.8173608779907227
p1432,process,,59,59,39,post,odor,True,0.056026849895715714,1.9919884204864502,-0.845734179019928
p1432,process,,60,60,39,post,odor,True,0.02738717943429947,1.7717738151550293,-0.8411096930503845
p1432,process,,61,61,17,post,odor,True,0.06288159638643265,1.1744203567504883,-0.8213470578193665
p1432,process,,62,62,4,post,odor,True,-0.2262732833623886,1.2191290855407715,-1.0853809118270874
p1451,process,,0,0,39,pre,odor,True,0.29164883494377136,2.4145593643188477,-2.699993848800659
p1451,process,,1,1,17,pre,odor,True,0.3342195153236389,3.6721951961517334,-2.6479692459106445
p1451,process,,2,2,32,pre,odor,True,3.2183053493499756,7.280569553375244,-1.1062475442886353
p1451,process,,3,3,32,pre,odor,True,3.2996509075164795,9.294337272644043,-0.07373392581939697
p1451,process,,4,4,30,pre,odor,True,2.459132432937622,6.250387668609619,-1.2323988676071167
p1451,process,,5,5,40,pre,odor,True,1.713594913482666,4.491515159606934,-3.105848789215088
p1451,process,,6,6,3,pre,odor,True,3.7675821781158447,8.85372543334961,-1.368284821510315
p1451,process,,7,7,2,pre,odor,True,3.602499008178711,9.231874465942383,-0.09110983461141586
p1451,process,,8,8,1,pre,odor,True,0.009368679486215115,3.626793622970581,-3.0887820720672607
p1451,process,,9,9,4,pre,odor,True,4.494576930999756,8.71359920501709,-0.6840699911117554
p1451,process,,10,10,31,pre,odor,True,3.2538747787475586,7.243975639343262,-0.20130027830600739
p1451,process,,11,11,21,pre,odor,True,1.927486538887024,6.4885382652282715,-2.0874221324920654
p1451,process,,12,12,2,pre,odor,True,1.8082833290100098,5.283692359924316,-1.599540114402771
p1451,process,,13,13,39,pre,odor,True,1.4494036436080933,6.896356105804443,-1.6523842811584473
p1451,process,,14,14,1,pre,odor,True,2.0441107749938965,6.522404670715332,-1.7875529527664185
p1451,process,,15,15,12,pre,odor,True,3.051128387451172,8.966901779174805,-1.393409252166748
p1451,process,,16,16,22,pre,odor,True,3.8656201362609863,9.471613883972168,-0.977935791015625
p1451,process,,17,17,10,pre,odor,True,3.7661759853363037,8.045772552490234,-1.6788767576217651
p1451,process,,18,18,17,pre,odor,True,1.7440357208251953,8.153082847595215,-1.5254390239715576
p1451,process,,19,19,31,pre,odor,True,2.1468091011047363,5.296115875244141,0.2726478576660156
p1451,process,,20,20,30,pre,odor,True,1.1999714374542236,3.6223843097686768,-0.954521894454956
p1451,process,,21,21,12,pre,odor,True,0.10278678685426712,2.0132529735565186,-2.0586493015289307
p1451,process,,22,22,22,pre,odor,True,1.2628108263015747,4.405157089233398,-1.960679054260254
p1451,process,,23,23,4,pre,odor,True,0.24926677346229553,2.362966537475586,-1.3289529085159302
p1451,process,,24,24,0,pre,odor,True,-1.2968111038208008,3.0134153366088867,-4.73763370513916
p1451,process,,25,25,3,pre,odor,True,0.7279652953147888,6.513666152954102,-2.071345090866089
p1451,process,,26,26,40,pre,odor,True,0.48284193873405457,4.490187168121338,-2.3214187622070312
p1451,process,,27,27,10,pre,odor,True,0.6800501942634583,4.60292911529541,-2.989309787750244
p1451,process,,28,28,21,pre,odor,True,0.9422869682312012,3.5223605632781982,-1.5508509874343872
p1451,process,,29,29,18,pre,odor,True,1.8057292699813843,4.249334335327148,-0.7224804759025574
p1451,process,,30,30,18,pre,odor,True,-0.3861227035522461,1.5550265312194824,-2.4091529846191406
p1451,process,,31,31,0,pre,odor,True,0.6566951274871826,5.017510890960693,-2.2760443687438965
p1451,process,,32,32,12,post,odor,True,0.21428871154785156,1.5202490091323853,-0.8792862296104431
p1451,process,,33,33,18,post,odor,True,-0.002107808133587241,1.7200387716293335,-1.0145854949951172
p1451,process,,34,34,40,post,odor,True,-0.04323757439851761,1.0208148956298828,-1.0810850858688354
p1451,process,,35,35,32,post,odor,True,-0.0532798208296299,1.073769450187683,-1.1412774324417114
p1451,process,,36,36,31,post,odor,True,-0.06789702922105789,1.5405383110046387,-1.0075092315673828
p1451,process,,37,37,0,post,odor,True,-0.22945165634155273,0.8368693590164185,-0.9994515180587769
p1451,process,,38,38,4,post,odor,True,0.005750400945544243,1.3564021587371826,-0.9536523818969727
p1451,process,,39,39,2,post,odor,True,-0.0501682348549366,1.6362431049346924,-1.0100213289260864
p1451,process,,40,40,3,post,odor,True,0.07257958501577377,1.4029240608215332,-0.8912760615348816
p1451,process,,41,41,21,post,odor,True,0.9113772511482239,2.9420320987701416,-0.3076840043067932
p1451,process,,42,42,31,post,odor,True,-0.23861315846443176,1.7954057455062866,-1.126916766166687
p1451,process,,43,43,2,post,odor,True,0.016830433160066605,1.3291548490524292,-0.7937177419662476
p1451,process,,44,44,32,post,odor,True,0.06522911041975021,1.4052492380142212,-0.7759568095207214
p1451,process,,45,45,40,post,odor,True,0.03782783821225166,1.120065689086914,-0.6941627860069275
p1451,process,,46,46,1,post,odor,True,0.09031746536493301,0.9704045653343201,-0.6952236294746399
p1451,process,,47,47,0,post,odor,True,-0.023954125121235847,1.062329888343811,-0.7901132702827454
p1451,process,,48,48,22,post,odor,True,0.07112445682287216,1.5670559406280518,-0.813683271408081
p1451,process,,49,49,10,post,odor,True,0.050905290991067886,0.9820525050163269,-0.6140118837356567
p1451,process,,50,50,1,post,odor,True,-0.06708435714244843,1.0760654211044312,-0.722331166267395
p1451,process,,51,51,30,post,odor,True,0.08030621707439423,1.6158632040023804,-0.8176019787788391
p1451,process,,52,52,12,post,odor,True,-0.02041626162827015,1.002078890800476,-0.9672515988349915
p1451,process,,53,53,3,post,odor,True,0.027866680175065994,1.872814655303955,-0.6754617691040039
p1451,process,,54,54,21,post,odor,True,0.8337498903274536,3.4174773693084717,-0.5118004679679871
p1451,process,,55,55,22,post,odor,True,0.11394401639699936,1.1575192213058472,-0.7240667343139648
p1451,process,,56,56,18,post,odor,True,0.1559610366821289,0.7873207330703735,-0.6066115498542786
p1451,process,,57,57,30,post,odor,True,0.16226111352443695,1.2088825702667236,-0.6268120408058167
p1451,process,,58,58,17,post,odor,True,0.06710419058799744,1.2469474077224731,-0.6257369518280029
p1451,process,,59,59,39,post,odor,True,0.029775962233543396,1.7880768775939941,-0.7795836329460144
p1451,process,,60,60,39,post,odor,True,-0.03136222064495087,1.786808729171753,-0.8252578377723694
p1451,process,,61,61,17,post,odor,True,-0.03613013029098511,1.6778367757797241,-0.8637125492095947
p1451,process,,62,62,4,post,odor,True,-0.0012965775094926357,1.4318339824676514,-0.6496073603630066
p1470,process,,0,0,39,pre,odor,True,1.313956618309021,4.642404079437256,-2.746056318283081
p1470,process,,1,1,17,pre,odor,True,1.9047350883483887,5.661437034606934,-1.3932576179504395
p1470,process,,2,2,32,pre,odor,True,4.20122766494751,8.93563461303711,0.29590991139411926
p1470,process,,3,3,32,pre,odor,True,5.174410343170166,10.755976676940918,-1.3185428380966187
p1470,process,,4,4,30,pre,odor,True,4.144782543182373,7.717004776000977,-1.7979432344436646
p1470,process,,5,5,40,pre,odor,True,2.0241219997406006,6.206606388092041,-3.126951217651367
p1470,process,,6,6,3,pre,odor,True,5.060168266296387,9.634084701538086,-0.55894535779953
p1470,process,,7,7,2,pre,odor,True,3.368457555770874,7.2495880126953125,-2.6608152389526367
p1470,process,,8,8,1,pre,odor,True,0.7981253862380981,5.021691799163818,-2.053077220916748
p1470,process,,9,9,4,pre,odor,True,3.8243818283081055,7.783622741699219,-1.2728493213653564
p1470,process,,10,10,31,pre,odor,True,5.673214435577393,11.251541137695312,-1.4404903650283813
p1470,process,,11,11,21,pre,odor,True,3.464144706726074,8.712306022644043,-2.9755401611328125
p1470,process,,12,12,2,pre,odor,True,2.118464946746826,5.968636512756348,-2.3773112297058105
p1470,process,,13,13,39,pre,odor,True,0.8612534999847412,4.54229211807251,-2.5570292472839355
p1470,process,,14,14,1,pre,odor,True,2.1528213024139404,4.701052665710449,-0.5737709999084473
p1470,process,,15,15,12,pre,odor,True,5.182015419006348,11.121153831481934,-0.39986464381217957
p1470,process,,16,16,22,pre,odor,True,5.767171382904053,10.468069076538086,-1.1405467987060547
p1470,process,,17,17,10,pre,odor,True,4.165818214416504,9.000091552734375,-1.5490803718566895
p1470,process,,18,18,17,pre,odor,True,2.848092794418335,8.063096046447754,-1.930951714515686
p1470,process,,19,19,31,pre,odor,True,4.480965614318848,10.41067886352539,-1.3688112497329712
p1470,process,,20,20,30,pre,odor,True,4.113940238952637,9.088128089904785,-0.7298110127449036
p1470,process,,21,21,12,pre,odor,True,1.0821349620819092,4.5197062492370605,-1.5265965461730957
p1470,process,,22,22,22,pre,odor,True,3.8041722774505615,8.166011810302734,-0.8998206257820129
p1470,process,,23,23,4,pre,odor,True,1.2052432298660278,4.438094615936279,-1.0252487659454346
p1470,process,,24,24,0,pre,odor,True,-1.2206734418869019,1.874224066734314,-4.72800350189209
p1470,process,,25,25,3,pre,odor,True,2.111961841583252,5.734721660614014,-1.7370591163635254
p1470,process,,26,26,40,pre,odor,True,0.003734770929440856,4.530699253082275,-3.7075490951538086
p1470,process,,27,27,10,pre,odor,True,0.804058313369751,4.575700283050537,-2.844465494155884
p1470,process,,28,28,21,pre,odor,True,2.6562414169311523,6.638423442840576,-1.8519346714019775
p1470,process,,29,29,18,pre,odor,True,2.2334866523742676,6.048210620880127,-1.3152449131011963
p1470,process,,30,30,18,pre,odor,True,1.1472084522247314,3.801363468170166,-2.1414268016815186
p1470,process,,31,31,0,pre,odor,True,-0.047080595046281815,1.867514729499817,-2.0721864700317383
p1470,process,,32,32,12,post,odor,True,0.7797235250473022,2.8716790676116943,-0.5507001280784607
p1470,process,,33,33,18,post,odor,True,0.8412759304046631,2.5634186267852783,-0.48886746168136597
p1470,process,,34,34,40,post,odor,True,0.027357466518878937,1.697648048400879,-1.2975374460220337
p1470,process,,35,35,32,post,odor,True,0.3577515780925751,1.4899057149887085,-0.6072389483451843
p1470,process,,36,36,31,post,odor,True,0.14507663249969482,1.644065499305725,-0.6586236357688904
p1470,process,,37,37,0,post,odor,True,0.11328624933958054,1.570899248123169,-0.9127725958824158
p1470,process,,38,38,4,post,odor,True,0.06834955513477325,1.2700766324996948,-1.0481067895889282
p1470,process,,39,39,2,post,odor,True,0.7295262217521667,2.6405327320098877,-0.7439326047897339
p1470,process,,40,40,3,post,odor,True,0.8906106948852539,2.4224672317504883,-0.5023790001869202
p1470,process,,41,41,21,post,odor,True,1.664000153541565,3.3049871921539307,-0.6853678822517395
p1470,process,,42,42,31,post,odor,True,0.15826088190078735,2.0450963973999023,-0.8016901016235352
p1470,process,,43,43,2,post,odor,True,0.19991034269332886,1.77069091796875,-0.8661463856697083
p1470,process,,44,44,32,post,odor,True,0.33973243832588196,1.5386381149291992,-0.6467559933662415
p1470,process,,45,45,40,post,odor,True,-0.015996696427464485,0.8525280356407166,-0.5693941712379456
p1470,process,,46,46,1,post,odor,True,0.022351611405611038,1.8788279294967651,-1.1530941724777222
p1470,process,,47,47,0,post,odor,True,-0.14334692060947418,0.7373934984207153,-1.047396183013916
p1470,process,,48,48,22,post,odor,True,0.15518467128276825,1.294960618019104,-0.7565518021583557
p1470,process,,49,49,10,post,odor,True,-0.04096052795648575,0.9425098896026611,-1.011286735534668
p1470,process,,50,50,1,post,odor,True,0.18096990883350372,2.056678295135498,-0.6836794018745422
p1470,process,,51,51,30,post,odor,True,0.6009050607681274,2.4910285472869873,-0.6214858293533325
p1470,process,,52,52,12,post,odor,True,0.19434699416160583,1.4927743673324585,-0.6797362565994263
p1470,process,,53,53,3,post,odor,True,0.22087255120277405,1.3915586471557617,-0.7426797747612
p1470,process,,54,54,21,post,odor,True,1.3947169780731201,3.292771339416504,-0.4338458776473999
p1470,process,,55,55,22,post,odor,True,-0.004438985139131546,1.0449410676956177,-0.6646773219108582
p1470,process,,56,56,18,post,odor,True,0.3554989695549011,1.7203444242477417,-0.798936128616333
p1470,process,,57,57,30,post,odor,True,0.470700740814209,1.7618780136108398,-0.7205818295478821
p1470,process,,58,58,17,post,odor,True,0.26635339856147766,1.9389488697052002,-0.583795964717865
p1470,process,,59,59,39,post,odor,True,0.07223537564277649,1.0385286808013916,-0.603169858455658
p1470,process,,60,60,39,post,odor,True,0.06905896216630936,1.2458950281143188,-0.605426549911499
p1470,process,,61,61,17,post,odor,True,0.26172342896461487,1.7445480823516846,-0.594523012638092
p1470,process,,62,62,4,post,odor,True,-0.011756549589335918,0.9591392278671265,-0.7045443654060364
p1489,process,,0,0,39,pre,odor,True,0.6651398539543152,3.181887626647949,-3.256056308746338
p1489,process,,1,1,17,pre,odor,True,1.6156100034713745,5.2019548416137695,-1.4391789436340332
p1489,process,,2,2,32,pre,odor,True,4.431745529174805,7.1941423416137695,-0.24268819391727448
p1489,process,,3,3,32,pre,odor,True,4.546247959136963,7.979856967926025,-2.220686435699463
p1489,process,,4,4,30,pre,odor,True,2.367993116378784,5.5275983810424805,-1.7737135887145996
p1489,process,,5,5,40,pre,odor,True,1.6620023250579834,5.3010382652282715,-1.9130152463912964
p1489,process,,6,6,3,pre,odor,True,5.012236595153809,8.607452392578125,-0.8624645471572876
p1489,process,,7,7,2,pre,odor,True,3.799412488937378,7.8652663230896,0.12979894876480103
p1489,process,,8,8,1,pre,odor,True,0.5171644687652588,3.3260486125946045,-1.8895189762115479
p1489,process,,9,9,4,pre,odor,True,4.028653621673584,6.22840690612793,-0.16413046419620514
p1489,process,,10,10,31,pre,odor,True,5.214372634887695,8.982027053833008,-0.3892236649990082
p1489,process,,11,11,21,pre,odor,True,3.170067071914673,8.531558990478516,-2.215928554534912
p1489,process,,12,12,2,pre,odor,True,2.5084197521209717,6.0638837814331055,-0.14303608238697052
p1489,process,,13,13,39,pre,odor,True,0.6150410175323486,4.019048690795898,-2.2244601249694824
p1489,process,,14,14,1,pre,odor,True,2.1959829330444336,6.175126075744629,-2.224602699279785
p1489,process,,15,15,12,pre,odor,True,3.916565179824829,9.849600791931152,-1.5316131114959717
p1489,process,,16,16,22,pre,odor,True,6.148066520690918,10.205336570739746,-1.766202688217163
p1489,process,,17,17,10,pre,odor,True,4.301337718963623,8.656930923461914,-0.7622700929641724
p1489,process,,18,18,17,pre,odor,True,2.2053632736206055,6.411532402038574,-0.8330678343772888
p1489,process,,19,19,31,pre,odor,True,5.062649726867676,8.372261047363281,-0.27199500799179077
p1489,process,,20,20,30,pre,odor,True,2.7996742725372314,8.472461700439453,-1.2851790189743042
p1489,process,,21,21,12,pre,odor,True,0.27490493655204773,3.2952959537506104,-3.3514230251312256
p1489,process,,22,22,22,pre,odor,True,4.841092586517334,7.732236862182617,0.6122683882713318
p1489,process,,23,23,4,pre,odor,True,0.9323145747184753,4.216592311859131,-1.7657155990600586
p1489,process,,24,24,0,pre,odor,True,-1.686023473739624,7.036952018737793,-6.489295959472656
p1489,process,,25,25,3,pre,odor,True,1.8058632612228394,5.050356388092041,-0.870031476020813
p1489,process,,26,26,40,pre,odor,True,-0.08047331869602203,5.080286026000977,-4.322473049163818
p1489,process,,27,27,10,pre,odor,True,1.2658947706222534,4.521857738494873,-2.1364262104034424
p1489,process,,28,28,21,pre,odor,True,4.233888626098633,7.722998142242432,-0.6085472106933594
p1489,process,,29,29,18,pre,odor,True,2.8228023052215576,6.358134746551514,-0.8768607974052429
p1489,process,,30,30,18,pre,odor,True,1.1621907949447632,3.714830160140991,-2.699357509613037
p1489,process,,31,31,0,pre,odor,True,-0.11759868264198303,3.4834060668945312,-2.7366604804992676
p1489,process,,32,32,12,post,odor,True,1.172433853149414,3.4145922660827637,-0.8070074319839478
p1489,process,,33,33,18,post,odor,True,2.05869460105896,4.608935356140137,-0.4541248083114624
p1489,process,,34,34,40,post,odor,True,0.29346126317977905,1.6125544309616089,-1.2658649682998657
p1489,process,,35,35,32,post,odor,True,1.2446136474609375,3.1752021312713623,-0.3351327180862427
p1489,process,,36,36,31,post,odor,True,1.2063075304031372,2.737948179244995,-0.37363722920417786
p1489,process,,37,37,0,post,odor,True,0.1520344316959381,1.1888563632965088,-0.6667049527168274
p1489,process,,38,38,4,post,odor,True,0.536844789981842,2.0487451553344727,-0.7028629779815674
p1489,process,,39,39,2,post,odor,True,1.0806468725204468,2.736825704574585,-0.7304769158363342
p1489,process,,40,40,3,post,odor,True,0.9134008884429932,3.302983045578003,-0.9737396240234375
p1489,process,,41,41,21,post,odor,True,3.918717384338379,8.08122444152832,-0.4600166380405426
p1489,process,,42,42,31,post,odor,True,0.991613507270813,3.120997428894043,-0.3071013391017914
p1489,process,,43,43,2,post,odor,True,0.5572267770767212,1.6594361066818237,-0.4038114845752716
p1489,process,,44,44,32,post,odor,True,0.8150798678398132,1.9038633108139038,-0.718115508556366
p1489,process,,45,45,40,post,odor,True,0.23449821770191193,1.9833310842514038,-0.8721753358840942
p1489,process,,46,46,1,post,odor,True,0.017977211624383926,1.0893996953964233,-1.1142665147781372
p1489,process,,47,47,0,post,odor,True,0.10370353609323502,0.8939183950424194,-0.5583463311195374
p1489,process,,48,48,22,post,odor,True,0.605739414691925,2.3420279026031494,-0.4154908061027527
p1489,process,,49,49,10,post,odor,True,0.1556396335363388,1.0348355770111084,-0.7591109871864319
p1489,process,,50,50,1,post,odor,True,0.10744602233171463,0.8411844968795776,-0.5307127237319946
p1489,process,,51,51,30,post,odor,True,1.1719536781311035,3.290889263153076,-0.8498484492301941
p1489,process,,52,52,12,post,odor,True,0.433054655790329,1.8802449703216553,-0.4132009744644165
p1489,process,,53,53,3,post,odor,True,0.8205584287643433,2.53507661819458,-0.25028127431869507
p1489,process,,54,54,21,post,odor,True,3.653925895690918,6.268045425415039,-0.8457488417625427
p1489,process,,55,55,22,post,odor,True,0.5727577805519104,1.4285435676574707,-0.4742353856563568
p1489,process,,56,56,18,post,odor,True,0.9753350615501404,2.5637526512145996,-0.5576717257499695
p1489,process,,57,57,30,post,odor,True,0.892094075679779,2.8525357246398926,-0.795954167842865
p1489,process,,58,58,17,post,odor,True,0.5436109304428101,2.293100595474243,-0.6668510437011719
p1489,process,,59,59,39,post,odor,True,0.0794261172413826,1.2323222160339355,-0.5198003053665161
p1489,process,,60,60,39,post,odor,True,0.1503673791885376,1.124729871749878,-0.5657711029052734
p1489,process,,61,61,17,post,odor,True,0.8151909708976746,3.451251745223999,-0.5584920644760132
p1489,process,,62,62,4,post,odor,True,0.264445960521698,1.4427685737609863,-0.46014729142189026
p1508,process,,0,0,39,pre,odor,True,1.721349835395813,5.543697834014893,-3.9116952419281006
p1508,process,,1,1,17,pre,odor,True,1.5472348928451538,4.959142208099365,-1.763811707496643
p1508,process,,2,2,32,pre,odor,True,4.075562953948975,7.756962299346924,-1.0784902572631836
p1508,process,,3,3,32,pre,odor,True,3.906400442123413,7.818233489990234,-1.6817485094070435
p1508,process,,4,4,30,pre,odor,True,1.921197533607483,6.12802791595459,-0.9081904292106628
p1508,process,,5,5,40,pre,odor,True,2.0391592979431152,7.667375087738037,-1.9412232637405396
p1508,process,,6,6,3,pre,odor,True,3.7777912616729736,7.29030704498291,-1.623397707939148
p1508,process,,7,7,2,pre,odor,True,2.664994239807129,6.412631511688232,-0.6536831855773926
p1508,process,,8,8,1,pre,odor,True,0.3514775037765503,2.777130603790283,-4.540569305419922
p1508,process,,9,9,4,pre,odor,True,4.093885898590088,8.061707496643066,-0.22130995988845825
p1508,process,,10,10,31,pre,odor,True,4.263422012329102,8.194550514221191,0.9638900756835938
p1508,process,,11,11,21,pre,odor,True,1.9643828868865967,5.076025485992432,-2.2901880741119385
p1508,process,,12,12,2,pre,odor,True,2.069330930709839,5.913639545440674,-1.9608477354049683
p1508,process,,13,13,39,pre,odor,True,1.2998868227005005,4.45436954498291,-1.7201249599456787
p1508,process,,14,14,1,pre,odor,True,1.1633734703063965,4.14819860458374,-2.1158342361450195
p1508,process,,15,15,12,pre,odor,True,3.460761785507202,8.720658302307129,-1.9031091928482056
p1508,process,,16,16,22,pre,odor,True,4.191235542297363,9.557510375976562,-1.588941216468811
p1508,process,,17,17,10,pre,odor,True,3.6845507621765137,8.882576942443848,-2.0517640113830566
p1508,process,,18,18,17,pre,odor,True,0.7267590165138245,4.0844926834106445,-2.791168212890625
p1508,process,,19,19,31,pre,odor,True,3.67533540725708,6.886054515838623,-1.0610299110412598
p1508,process,,20,20,30,pre,odor,True,1.800795316696167,4.1623311042785645,-0.8584443926811218
p1508,process,,21,21,12,pre,odor,True,1.188766360282898,4.144413471221924,-1.3519569635391235
p1508,process,,22,22,22,pre,odor,True,3.689060688018799,7.014085292816162,-1.1585453748703003
p1508,process,,23,23,4,pre,odor,True,1.1095397472381592,4.782624244689941,-1.9165420532226562
p1508,process,,24,24,0,pre,odor,True,-0.9150891900062561,3.7030999660491943,-5.006518840789795
p1508,process,,25,25,3,pre,odor,True,1.1520036458969116,4.355851650238037,-1.4774483442306519
p1508,process,,26,26,40,pre,odor,True,-0.26340457797050476,3.866685152053833,-3.5007011890411377
p1508,process,,27,27,10,pre,odor,True,1.4332021474838257,4.804592609405518,-1.3417036533355713
p1508,process,,28,28,21,pre,odor,True,2.075213670730591,5.4601311683654785,-2.3886895179748535
p1508,process,,29,29,18,pre,odor,True,1.2305543422698975,4.5790886878967285,-1.2944860458374023
p1508,process,,30,30,18,pre,odor,True,0.1878814995288849,3.430213212966919,-1.9991610050201416
p1508,process,,31,31,0,pre,odor,True,-0.42553022503852844,2.040193557739258,-2.8029186725616455
p1508,process,,32,32,12,post,odor,True,0.8321764469146729,2.303851366043091,-0.4397394359111786
p1508,process,,33,33,18,post,odor,True,1.3753325939178467,2.945075273513794,-0.4739975035190582
p1508,process,,34,34,40,post,odor,True,0.055348947644233704,1.5421031713485718,-0.6184960007667542
p1508,process,,35,35,32,post,odor,True,1.293496012687683,3.010550022125244,-0.7619795203208923
p1508,process,,36,36,31,post,odor,True,1.3175132274627686,3.392871856689453,-0.05158307030797005
p1508,process,,37,37,0,post,odor,True,0.09389184415340424,1.3020511865615845,-0.7734591960906982
p1508,process,,38,38,4,post,odor,True,0.47376134991645813,1.2909667491912842,-0.7907720804214478
p1508,process,,39,39,2,post,odor,True,0.7506523132324219,3.0911052227020264,-0.7708122134208679
p1508,process,,40,40,3,post,odor,True,0.8563775420188904,2.553314208984375,-0.5856759548187256
p1508,process,,41,41,21,post,odor,True,2.772148370742798,5.484171390533447,-0.5092937350273132
p1508,process,,42,42,31,post,odor,True,1.2055375576019287,2.516385316848755,-0.4777786135673523
p1508,process,,43,43,2,post,odor,True,0.7164855599403381,2.6045892238616943,-0.24968403577804565
p1508,process,,44,44,32,post,odor,True,1.0625778436660767,2.456557512283325,-0.6480735540390015
p1508,process,,45,45,40,post,odor,True,0.04482235014438629,1.0491485595703125,-0.7841157913208008
p1508,process,,46,46,1,post,odor,True,-0.041718870401382446,1.1779671907424927,-0.9744014143943787
p1508,process,,47,47,0,post,odor,True,0.06360792368650436,1.5219943523406982,-0.6155540943145752
p1508,process,,48,48,22,post,odor,True,1.1145979166030884,2.7488696575164795,-0.37994325160980225
p1508,process,,49,49,10,post,odor,True,-0.057177525013685226,0.8472926020622253,-0.944756031036377
p1508,process,,50,50,1,post,odor,True,-0.15862399339675903,0.9009101390838623,-1.060424566268921
p1508,process,,51,51,30,post,odor,True,1.0029559135437012,2.766281843185425,-0.6761804819107056
p1508,process,,52,52,12,post,odor,True,0.4148441255092621,2.3520522117614746,-0.4858161509037018
p1508,process,,53,53,3,post,odor,True,0.5413665175437927,2.086141586303711,-0.7445895075798035
p1508,process,,54,54,21,post,odor,True,2.7813754081726074,4.9647722244262695,-0.42049241065979004
p1508,process,,55,55,22,post,odor,True,0.8297727704048157,2.2510769367218018,-0.7212908267974854
p1508,process,,56,56,18,post,odor,True,0.9666637778282166,2.572810411453247,-0.1116933673620224
p1508,process,,57,57,30,post,odor,True,0.6838244795799255,2.0641822814941406,-0.42798325419425964
p1508,process,,58,58,17,post,odor,True,0.37745097279548645,1.9592673778533936,-0.5351924300193787
p1508,process,,59,59,39,post,odor,True,-0.03663880378007889,0.6016727685928345,-0.6616755723953247
p1508,process,,60,60,39,post,odor,True,0.15680357813835144,1.0893970727920532,-0.607160210609436
p1508,process,,61,61,17,post,odor,True,0.47783178091049194,2.074885129928589,-0.8202273845672607
p1508,process,,62,62,4,post,odor,True,0.02879163809120655,1.2029372453689575,-0.7659628391265869
p1527,process,,0,0,39,pre,odor,True,0.9771682024002075,3.8372840881347656,-2.1171388626098633
p1527,process,,1,1,17,pre,odor,True,-0.3834678828716278,3.432898998260498,-2.6933865547180176
p1527,process,,2,2,32,pre,odor,True,4.150197505950928,8.540510177612305,0.25770947337150574
p1527,process,,3,3,32,pre,odor,True,4.216591835021973,10.263511657714844,-2.382091522216797
p1527,process,,4,4,30,pre,odor,True,4.392355442047119,8.799135208129883,-0.08171587437391281
p1527,process,,5,5,40,pre,odor,True,2.7880122661590576,8.918148040771484,-1.9671266078948975
p1527,process,,6,6,3,pre,odor,True,2.0803263187408447,7.4316816329956055,-1.2921738624572754
p1527,process,,7,7,2,pre,odor,True,3.3672802448272705,10.283028602600098,-2.3863234519958496
p1527,process,,8,8,1,pre,odor,True,2.66662859916687,8.067315101623535,-2.3541934490203857
p1527,process,,9,9,4,pre,odor,True,2.110567808151245,5.979555130004883,-1.855116844177246
p1527,process,,10,10,31,pre,odor,True,3.485245943069458,7.9275031089782715,-0.7036391496658325
p1527,process,,11,11,21,pre,odor,True,2.4810540676116943,7.718942642211914,-2.2378487586975098
p1527,process,,12,12,2,pre,odor,True,2.2807915210723877,6.361994743347168,-1.5240955352783203
p1527,process,,13,13,39,pre,odor,True,1.7178218364715576,5.198174953460693,-2.6272192001342773
p1527,process,,14,14,1,pre,odor,True,3.5956943035125732,7.0427117347717285,-1.5324106216430664
p1527,process,,15,15,12,pre,odor,True,2.8798701763153076,8.616264343261719,-0.558891773223877
p1527,process,,16,16,22,pre,odor,True,1.8144164085388184,6.534177780151367,-1.2000280618667603
p1527,process,,17,17,10,pre,odor,True,2.0711143016815186,5.465268611907959,-2.4025797843933105
p1527,process,,18,18,17,pre,odor,True,0.0500309094786644,2.2948880195617676,-2.347895383834839
p1527,process,,19,19,31,pre,odor,True,2.8822102546691895,6.383167266845703,-0.6491279602050781
p1527,process,,20,20,30,pre,odor,True,1.6726430654525757,7.900082588195801,-0.7494483590126038
p1527,process,,21,21,12,pre,odor,True,0.10985880345106125,2.8122870922088623,-2.5036609172821045
p1527,process,,22,22,22,pre,odor,True,1.645756483078003,4.941187381744385,-1.1567294597625732
p1527,process,,23,23,4,pre,odor,True,-0.34645238518714905,1.3448452949523926,-2.38903546333313
p1527,process,,24,24,0,pre,odor,True,0.5185863971710205,5.93973445892334,-3.0943286418914795
p1527,process,,25,25,3,pre,odor,True,0.8693930506706238,6.296630859375,-2.950455665588379
p1527,process,,26,26,40,pre,odor,True,0.24631384015083313,3.6642284393310547,-2.9411749839782715
p1527,process,,27,27,10,pre,odor,True,0.6825617551803589,5.893064022064209,-2.753653049468994
p1527,process,,28,28,21,pre,odor,True,1.1433416604995728,9.278931617736816,-1.4608888626098633
p1527,process,,29,29,18,pre,odor,True,0.8465960621833801,5.703123569488525,-1.724875569343567
p1527,process,,30,30,18,pre,odor,True,0.4942701458930969,3.2795121669769287,-2.416590452194214
p1527,process,,31,31,0,pre,odor,True,-0.3812136948108673,2.5430307388305664,-2.9684526920318604
p1527,process,,32,32,12,post,odor,True,0.5056172609329224,3.258779287338257,-1.27212393283844
p1527,process,,33,33,18,post,odor,True,0.9520041942596436,3.5654730796813965,-1.1580876111984253
p1527,process,,34,34,40,post,odor,True,0.38528263568878174,2.4152164459228516,-0.9925950765609741
p1527,process,,35,35,32,post,odor,True,0.42100298404693604,2.440086603164673,-1.3535315990447998
p1527,process,,36,36,31,post,odor,True,0.3089633584022522,3.3140363693237305,-0.9199140667915344
p1527,process,,37,37,0,post,odor,True,0.10282830148935318,1.863544225692749,-1.686110258102417
p1527,process,,38,38,4,post,odor,True,0.141457661986351,2.5930259227752686,-1.762353539466858
p1527,process,,39,39,2,post,odor,True,0.6201924681663513,2.648228645324707,-1.915310025215149
p1527,process,,40,40,3,post,odor,True,0.6730738878250122,2.485260486602783,-1.4191933870315552
p1527,process,,41,41,21,post,odor,True,1.490332841873169,4.600115776062012,-1.3003051280975342
p1527,process,,42,42,31,post,odor,True,0.6262827515602112,2.4297454357147217,-0.6948955059051514
p1527,process,,43,43,2,post,odor,True,0.21558523178100586,1.9512535333633423,-1.475559115409851
p1527,process,,44,44,32,post,odor,True,0.3350633680820465,2.9295692443847656,-1.0932053327560425
p1527,process,,45,45,40,post,odor,True,0.06312724947929382,2.020641803741455,-1.4042383432388306
p1527,process,,46,46,1,post,odor,True,0.28075799345970154,3.4124844074249268,-1.1316511631011963
p1527,process,,47,47,0,post,odor,True,-0.004551385063678026,1.2506239414215088,-1.361901879310608
p1527,process,,48,48,22,post,odor,True,-0.027617638930678368,1.214228630065918,-1.1842726469039917
p1527,process,,49,49,10,post,odor,True,0.16848920285701752,2.869288444519043,-1.396058201789856
p1527,process,,50,50,1,post,odor,True,0.1187053918838501,2.028195381164551,-1.4369231462478638
p1527,process,,51,51,30,post,odor,True,0.6130934357643127,2.6396076679229736,-0.8969665169715881
p1527,process,,52,52,12,post,odor,True,0.23186519742012024,2.5238099098205566,-1.0882245302200317
p1527,process,,53,53,3,post,odor,True,0.36405128240585327,2.690368413925171,-1.1230595111846924
p1527,process,,54,54,21,post,odor,True,1.2969404458999634,3.788693428039551,-1.4610618352890015
p1527,process,,55,55,22,post,odor,True,0.4621011018753052,2.0144577026367188,-0.517180860042572
p1527,process,,56,56,18,post,odor,True,0.5476151704788208,2.4398536682128906,-1.399250864982605
p1527,process,,57,57,30,post,odor,True,0.5601056218147278,2.593600273132324,-0.7240631580352783
p1527,process,,58,58,17,post,odor,True,0.3295800983905792,2.084514617919922,-1.374430537223816
p1527,process,,59,59,39,post,odor,True,0.10723516345024109,1.9730156660079956,-1.0221291780471802
p1527,process,,60,60,39,post,odor,True,-0.09885644167661667,1.669966697692871,-1.0871247053146362
p1527,process,,61,61,17,post,odor,True,0.1760556697845459,2.1281514167785645,-1.542680263519287
p1527,process,,62,62,4,post,odor,True,-0.09983164817094803,1.2359678745269775,-1.248889446258545
p1546,process,,0,0,39,pre,odor,True,-0.35108187794685364,4.518866062164307,-4.4056477546691895
p1546,process,,1,1,17,pre,odor,True,-0.6184909343719482,2.220850706100464,-3.1767287254333496
p1546,process,,2,2,32,pre,odor,True,-0.8501409888267517,4.175334453582764,-3.966601610183716
p1546,process,,3,3,32,pre,odor,True,0.46188586950302124,4.809118747711182,-1.302817702293396
p1546,process,,4,4,30,pre,odor,True,-0.21811585128307343,2.753803014755249,-2.935910940170288
p1546,process,,5,5,40,pre,odor,True,0.044912081211805344,3.6774661540985107,-2.642745018005371
p1546,process,,6,6,3,pre,odor,True,0.2595580220222473,2.973064661026001,-2.0443880558013916
p1546,process,,7,7,2,pre,odor,True,0.7990231513977051,3.7231903076171875,-1.2193186283111572
p1546,process,,8,8,1,pre,odor,True,-0.2744024693965912,2.098707437515259,-2.3352854251861572
p1546,process,,9,9,4,pre,odor,True,0.9967675805091858,3.8716773986816406,-0.770715057849884
p1546,process,,10,10,31,pre,odor,True,1.3718867301940918,5.050520420074463,-1.5031462907791138
p1546,process,,11,11,21,pre,odor,True,0.2705536484718323,3.744004487991333,-1.609286904335022
p1546,process,,12,12,2,pre,odor,True,0.15984539687633514,2.8282458782196045,-1.7176438570022583
p1546,process,,13,13,39,pre,odor,True,-0.3262638747692108,1.5582287311553955,-2.07796049118042
p1546,process,,14,14,1,pre,odor,True,0.5016418695449829,1.813555359840393,-1.1830264329910278
p1546,process,,15,15,12,pre,odor,True,0.638464093208313,4.223413467407227,-1.362970232963562
p1546,process,,16,16,22,pre,odor,True,0.7357691526412964,3.251924514770508,-1.765957236289978
p1546,process,,17,17,10,pre,odor,True,0.7505035400390625,4.889038562774658,-1.7178318500518799
p1546,process,,18,18,17,pre,odor,True,0.20781973004341125,2.464823007583618,-2.0843701362609863
p1546,process,,19,19,31,pre,odor,True,0.7052949666976929,3.52667498588562,-1.0108991861343384
p1546,process,,20,20,30,pre,odor,True,-0.15419097244739532,2.3650221824645996,-1.693646788597107
p1546,process,,21,21,12,pre,odor,True,-0.40205907821655273,1.6607844829559326,-2.310588836669922
p1546,process,,22,22,22,pre,odor,True,0.6220594048500061,2.963636636734009,-1.1938812732696533
p1546,process,,23,23,4,pre,odor,True,0.006898004096001387,2.423543930053711,-2.1159870624542236
p1546,process,,24,24,0,pre,odor,True,-1.2916516065597534,1.5262629985809326,-4.561286449432373
p1546,process,,25,25,3,pre,odor,True,-0.43845218420028687,1.9054884910583496,-2.191999673843384
p1546,process,,26,26,40,pre,odor,True,-0.37388184666633606,3.7470896244049072,-3.3244242668151855
p1546,process,,27,27,10,pre,odor,True,0.11784709990024567,1.9880214929580688,-2.401931047439575
p1546,process,,28,28,21,pre,odor,True,0.9362496137619019,5.068103790283203,-2.36395263671875
p1546,process,,29,29,18,pre,odor,True,0.48622870445251465,5.07341194152832,-2.759051561355591
p1546,process,,30,30,18,pre,odor,True,-3.3458375930786133,-0.15206612646579742,-5.95962381362915
p1546,process,,31,31,0,pre,odor,True,0.2609197795391083,3.908383369445801,-4.650461673736572
p1546,process,,32,32,12,post,odor,True,0.055900461971759796,1.7680847644805908,-1.0869168043136597
p1546,process,,33,33,18,post,odor,True,0.29641059041023254,2.0680463314056396,-0.9719185829162598
p1546,process,,34,34,40,post,odor,True,0.13797342777252197,1.7012757062911987,-0.856451153755188
p1546,process,,35,35,32,post,odor,True,0.139362633228302,1.5873456001281738,-0.9421958923339844
p1546,process,,36,36,31,post,odor,True,0.2516394257545471,1.8128007650375366,-0.899519681930542
p1546,process,,37,37,0,post,odor,True,-0.17842194437980652,1.0793328285217285,-1.1905466318130493
p1546,process,,38,38,4,post,odor,True,-0.10074011981487274,1.0222418308258057,-1.0118300914764404
p1546,process,,39,39,2,post,odor,True,-0.07222401350736618,1.2374204397201538,-1.0836505889892578
p1546,process,,40,40,3,post,odor,True,0.17277666926383972,1.500493049621582,-0.9626350998878479
p1546,process,,41,41,21,post,odor,True,2.5667080879211426,6.996221542358398,-0.449551522731781
p1546,process,,42,42,31,post,odor,True,0.15061809122562408,1.5031388998031616,-0.8832480907440186
p1546,process,,43,43,2,post,odor,True,-0.0024600957985967398,1.218644142150879,-1.0872247219085693
p1546,process,,44,44,32,post,odor,True,0.06245053559541702,1.723605751991272,-0.9107134938240051
p1546,process,,45,45,40,post,odor,True,-0.031146865338087082,1.2288382053375244,-0.8820610046386719
p1546,process,,46,46,1,post,odor,True,0.05841996148228645,1.5782707929611206,-1.1115710735321045
p1546,process,,47,47,0,post,odor,True,0.08736784011125565,1.2709925174713135,-0.8356695771217346
p1546,process,,48,48,22,post,odor,True,0.014395310543477535,1.092057466506958,-0.9173299074172974
p1546,process,,49,49,10,post,odor,True,-0.04449436813592911,0.6808648109436035,-0.8652769327163696
p1546,process,,50,50,1,post,odor,True,-0.1206962913274765,0.8929397463798523,-1.1258918046951294
p1546,process,,51,51,30,post,odor,True,0.061515871435403824,1.858703374862671,-0.7427548766136169
p1546,process,,52,52,12,post,odor,True,0.11741477251052856,0.9858246445655823,-0.79121333360672
p1546,process,,53,53,3,post,odor,True,-0.08639989793300629,0.9702416062355042,-1.088255524635315
p1546,process,,54,54,21,post,odor,True,2.186359167098999,4.280609130859375,-0.7780280113220215
p1546,process,,55,55,22,post,odor,True,-0.08398748934268951,1.5145820379257202,-0.9766611456871033
p1546,process,,56,56,18,post,odor,True,0.020149677991867065,1.5235494375228882,-1.0958136320114136
p1546,process,,57,57,30,post,odor,True,-0.07371668517589569,0.9112127423286438,-0.646914005279541
p1546,process,,58,58,17,post,odor,True,0.08588873594999313,1.3547784090042114,-1.1974207162857056
p1546,process,,59,59,39,post,odor,True,-0.11368542909622192,1.3085092306137085,-1.1489218473434448
p1546,process,,60,60,39,post,odor,True,-0.0070764971897006035,1.3654227256774902,-0.9606172442436218
p1546,process,,61,61,17,post,odor,True,-0.1610400527715683,1.9928877353668213,-1.1870235204696655
p1546,process,,62,62,4,post,odor,True,-0.01806546188890934,1.5321060419082642,-1.2174829244613647
p1565,process,,0,0,39,pre,odor,True,0.043029628694057465,3.3550827503204346,-2.313742160797119
p1565,process,,1,1,17,pre,odor,True,0.13391676545143127,5.835072994232178,-3.156743288040161
p1565,process,,2,2,32,pre,odor,True,1.7801003456115723,6.506633758544922,-1.1176307201385498
p1565,process,,3,3,32,pre,odor,True,1.570915699005127,4.647225379943848,-2.623704195022583
p1565,process,,4,4,30,pre,odor,True,0.8290093541145325,4.4623894691467285,-1.9500364065170288
p1565,process,,5,5,40,pre,odor,True,1.1279637813568115,5.770462512969971,-2.2252917289733887
p1565,process,,6,6,3,pre,odor,True,1.7223598957061768,4.9114670753479,-1.7780773639678955
p1565,process,,7,7,2,pre,odor,True,1.9888453483581543,6.224668502807617,-1.2095130681991577
p1565,process,,8,8,1,pre,odor,True,0.2163957804441452,5.393535614013672,-2.4962782859802246
p1565,process,,9,9,4,pre,odor,True,2.106065511703491,5.082555770874023,-0.6169638633728027
p1565,process,,10,10,31,pre,odor,True,2.386874198913574,6.416024208068848,-0.6944382190704346
p1565,process,,11,11,21,pre,odor,True,0.6793970465660095,3.2744669914245605,-2.215529203414917
p1565,process,,12,12,2,pre,odor,True,0.7695581316947937,3.932089328765869,-1.93000066280365
p1565,process,,13,13,39,pre,odor,True,0.570892870426178,6.5950775146484375,-2.352402687072754
p1565,process,,14,14,1,pre,odor,True,1.0264683961868286,4.057231426239014,-2.0799524784088135
p1565,process,,15,15,12,pre,odor,True,1.1937726736068726,5.856040000915527,-2.4942617416381836
p1565,process,,16,16,22,pre,odor,True,1.8699005842208862,5.921951770782471,-2.8889052867889404
p1565,process,,17,17,10,pre,odor,True,2.0160398483276367,6.133081436157227,-1.7141913175582886
p1565,process,,18,18,17,pre,odor,True,0.9228211045265198,4.742563247680664,-1.7868337631225586
p1565,process,,19,19,31,pre,odor,True,1.7222291231155396,4.68855094909668,-0.9534928798675537
p1565,process,,20,20,30,pre,odor,True,0.3920268714427948,3.9570600986480713,-1.8800804615020752
p1565,process,,21,21,12,pre,odor,True,0.0593714565038681,3.552672863006592,-2.928265333175659
p1565,process,,22,22,22,pre,odor,True,1.6326119899749756,4.657042026519775,-1.6737605333328247
p1565,process,,23,23,4,pre,odor,True,-0.38145384192466736,2.5487914085388184,-2.362659215927124
p1565,process,,24,24,0,pre,odor,True,-1.71299409866333,2.0250778198242188,-4.650543212890625
p1565,process,,25,25,3,pre,odor,True,0.6697384715080261,5.850817680358887,-3.3071069717407227
p1565,process,,26,26,40,pre,odor,True,-0.16006655991077423,3.5363104343414307,-2.5634632110595703
p1565,process,,27,27,10,pre,odor,True,0.6113314032554626,4.1251020431518555,-2.350783348083496
p1565,process,,28,28,21,pre,odor,True,1.228714942932129,4.462677001953125,-1.370912790298462
p1565,process,,29,29,18,pre,odor,True,0.9795239567756653,3.39434552192688,-1.1529514789581299
p1565,process,,30,30,18,pre,odor,True,0.24566484987735748,2.5834450721740723,-1.7894328832626343
p1565,process,,31,31,0,pre,odor,True,0.006442778278142214,3.1725962162017822,-2.103654146194458
p1565,process,,32,32,12,post,odor,True,0.5429080724716187,2.1123452186584473,-0.7904936671257019
p1565,process,,33,33,18,post,odor,True,0.5002745389938354,3.3941047191619873,-1.1013182401657104
p1565,process,,34,34,40,post,odor,True,0.23983322083950043,2.4865405559539795,-1.0100442171096802
p1565,process,,35,35,32,post,odor,True,0.6434312462806702,2.7507541179656982,-1.1155928373336792
p1565,process,,36,36,31,post,odor,True,0.2689746916294098,1.7870649099349976,-1.1434869766235352
p1565,process,,37,37,0,post,odor,True,-0.14275068044662476,2.1747915744781494,-1.3273627758026123
p1565,process,,38,38,4,post,odor,True,-0.031484927982091904,1.0877435207366943,-1.290693998336792
p1565,process,,39,39,2,post,odor,True,0.2308478057384491,1.5676971673965454,-1.1456890106201172
p1565,process,,40,40,3,post,odor,True,0.3970477879047394,1.9397913217544556,-1.044991374015808
p1565,process,,41,41,21,post,odor,True,2.9281437397003174,6.7161078453063965,-0.2589641511440277
p1565,process,,42,42,31,post,odor,True,0.5934760570526123,2.841860294342041,-0.852242112159729
p1565,process,,43,43,2,post,odor,True,0.017901206389069557,2.1605820655822754,-1.070743441581726
p1565,process,,44,44,32,post,odor,True,0.2318621426820755,1.8135275840759277,-1.1090185642242432
p1565,process,,45,45,40,post,odor,True,0.186918705701828,1.4512207508087158,-1.085097312927246
p1565,process,,46,46,1,post,odor,True,0.21623851358890533,1.8485573530197144,-1.2448992729187012
p1565,process,,47,47,0,post,odor,True,0.028832951560616493,1.170602798461914,-0.7301982045173645
p1565,process,,48,48,22,post,odor,True,0.29944908618927,2.5129611492156982,-1.0957369804382324
p1565,process,,49,49,10,post,odor,True,-0.13701476156711578,1.568880319595337,-1.4906024932861328
p1565,process,,50,50,1,post,odor,True,0.2291850447654724,1.482054352760315,-1.0770453214645386
p1565,process,,51,51,30,post,odor,True,0.3123982548713684,2.776784658432007,-0.7236487865447998
p1565,process,,52,52,12,post,odor,True,0.1157100722193718,1.7347368001937866,-0.7741987705230713
p1565,process,,53,53,3,post,odor,True,0.4539165198802948,2.4015674591064453,-0.7371001839637756
p1565,process,,54,54,21,post,odor,True,2.39703106880188,4.93654203414917,-0.6358217597007751
p1565,process,,55,55,22,post,odor,True,0.143959641456604,1.8487004041671753,-1.112762212753296
p1565,process,,56,56,18,post,odor,True,0.5270425081253052,3.4345715045928955,-0.6380746960639954
p1565,process,,57,57,30,post,odor,True,0.4209972620010376,2.6178805828094482,-0.8491531610488892
p1565,process,,58,58,17,post,odor,True,0.12378614395856857,1.6768486499786377,-0.9489799737930298
p1565,process,,59,59,39,post,odor,True,-0.05609258636832237,1.7161812782287598,-1.0772682428359985
p1565,process,,60,60,39,post,odor,True,0.015016422607004642,2.006415605545044,-0.98063725233078
p1565,process,,61,61,17,post,odor,True,0.1776139885187149,1.9275710582733154,-1.0944828987121582
p1565,process,,62,62,4,post,odor,True,-0.05564809590578079,1.1148401498794556,-1.0686243772506714
p1584,process,,0,0,39,pre,odor,True,0.16641543805599213,4.356675148010254,-3.0439565181732178
p1584,process,,1,1,17,pre,odor,True,-0.09128446131944656,3.0319442749023438,-3.9329674243927
p1584,process,,2,2,32,pre,odor,True,0.5760728120803833,4.821932315826416,-2.4801158905029297
p1584,process,,3,3,32,pre,odor,True,1.155785083770752,4.93830680847168,-2.17425537109375
p1584,process,,4,4,30,pre,odor,True,1.4800045490264893,6.231419563293457,-2.780543327331543
p1584,process,,5,5,40,pre,odor,True,0.9548020958900452,4.475573539733887,-3.0672872066497803
p1584,process,,6,6,3,pre,odor,True,0.34924718737602234,4.781388759613037,-2.771566867828369
p1584,process,,7,7,2,pre,odor,True,0.4111991822719574,3.7239742279052734,-2.4050281047821045
p1584,process,,8,8,1,pre,odor,True,0.705781102180481,4.203850269317627,-2.481593370437622
p1584,process,,9,9,4,pre,odor,True,0.6395646929740906,3.5202698707580566,-1.9222065210342407
p1584,process,,10,10,31,pre,odor,True,1.6985446214675903,5.326893329620361,-1.7046903371810913
p1584,process,,11,11,21,pre,odor,True,1.277774691581726,6.271721363067627,-3.250450611114502
p1584,process,,12,12,2,pre,odor,True,0.2980574667453766,3.048245429992676,-2.529815435409546
p1584,process,,13,13,39,pre,odor,True,0.2743156850337982,3.831149101257324,-3.8987133502960205
p1584,process,,14,14,1,pre,odor,True,0.10412359237670898,3.668529510498047,-2.695150852203369
p1584,process,,15,15,12,pre,odor,True,1.327360987663269,6.19664192199707,-1.8360319137573242
p1584,process,,16,16,22,pre,odor,True,1.2709599733352661,5.014898777008057,-2.4353671073913574
p1584,process,,17,17,10,pre,odor,True,2.0920522212982178,6.961430072784424,-2.1689674854278564
p1584,process,,18,18,17,pre,odor,True,0.873505711555481,5.605246067047119,-3.8865580558776855
p1584,process,,19,19,31,pre,odor,True,1.562077283859253,4.492795944213867,-2.3970909118652344
p1584,process,,20,20,30,pre,odor,True,1.879992961883545,4.890141010284424,-1.8733232021331787
p1584,process,,21,21,12,pre,odor,True,0.06693229079246521,3.6283602714538574,-3.1765716075897217
p1584,process,,22,22,22,pre,odor,True,1.9565829038619995,4.9204912185668945,-0.8945603370666504
p1584,process,,23,23,4,pre,odor,True,0.24439296126365662,2.0992231369018555,-1.7286839485168457
p1584,process,,24,24,0,pre,odor,True,-0.5812110304832458,2.767704963684082,-3.614752769470215
p1584,process,,25,25,3,pre,odor,True,0.03690415248274803,3.121549367904663,-3.4335687160491943
p1584,process,,26,26,40,pre,odor,True,0.5421183705329895,3.511492967605591,-3.054205894470215
p1584,process,,27,27,10,pre,odor,True,1.3683240413665771,5.587927341461182,-2.9759340286254883
p1584,process,,28,28,21,pre,odor,True,1.6996114253997803,4.940737247467041,-1.7452607154846191
p1584,process,,29,29,18,pre,odor,True,0.7956425547599792,3.5206243991851807,-1.842432975769043
p1584,process,,30,30,18,pre,odor,True,0.06308086216449738,2.3634397983551025,-2.462830066680908
p1584,process,,31,31,0,pre,odor,True,-0.23304346203804016,2.3125545978546143,-3.214567184448242
p1584,process,,32,32,12,post,odor,True,0.2254813313484192,1.4025319814682007,-0.7926357984542847
p1584,process,,33,33,18,post,odor,True,0.21172942221164703,1.4962760210037231,-0.8160989284515381
p1584,process,,34,34,40,post,odor,True,0.3538912832736969,3.4206223487854004,-0.8551446199417114
p1584,process,,35,35,32,post,odor,True,0.2027532160282135,1.2496912479400635,-0.7749354839324951
p1584,process,,36,36,31,post,odor,True,-0.05399712547659874,1.087700605392456,-1.0601458549499512
p1584,process,,37,37,0,post,odor,True,-0.13746613264083862,1.2105295658111572,-1.0006639957427979
p1584,process,,38,38,4,post,odor,True,0.006830690428614616,1.6352167129516602,-0.9494017362594604
p1584,process,,39,39,2,post,odor,True,0.291095107793808,1.382772445678711,-1.278850793838501
p1584,process,,40,40,3,post,odor,True,0.32185354828834534,1.6107760667800903,-0.6286980509757996
p1584,process,,41,41,21,post,odor,True,0.9209995865821838,3.0938072204589844,-0.6438471674919128
p1584,process,,42,42,31,post,odor,True,0.05095501244068146,1.303939700126648,-0.9900369644165039
p1584,process,,43,43,2,post,odor,True,0.5190080404281616,2.4782118797302246,-0.7538554072380066
p1584,process,,44,44,32,post,odor,True,0.0178157240152359,1.413714051246643,-1.0543261766433716
p1584,process,,45,45,40,post,odor,True,0.3522438704967499,3.0475029945373535,-0.8960607647895813
p1584,process,,46,46,1,post,odor,True,-0.1514100879430771,1.313395619392395,-1.2753653526306152
p1584,process,,47,47,0,post,odor,True,0.0034605013206601143,1.8482013940811157,-0.9961786866188049
p1584,process,,48,48,22,post,odor,True,-0.03297971561551094,0.9392452239990234,-1.1384198665618896
p1584,process,,49,49,10,post,odor,True,-0.010175386443734169,1.378961443901062,-1.0894678831100464
p1584,process,,50,50,1,post,odor,True,0.01733078621327877,1.4879878759384155,-0.953646719455719
p1584,process,,51,51,30,post,odor,True,0.24157628417015076,2.13704252243042,-0.6716175675392151
p1584,process,,52,52,12,post,odor,True,0.008063019253313541,0.9946023225784302,-0.7812755107879639
p1584,process,,53,53,3,post,odor,True,0.5747593641281128,2.3252148628234863,-0.5982893705368042
p1584,process,,54,54,21,post,odor,True,0.9365796446800232,2.520681858062744,-0.9130756258964539
p1584,process,,55,55,22,post,odor,True,0.027906406670808792,1.3209073543548584,-0.8897923827171326
p1584,process,,56,56,18,post,odor,True,0.17514920234680176,2.370577096939087,-0.681077241897583
p1584,process,,57,57,30,post,odor,True,-0.030249953269958496,1.620857834815979,-0.9478656649589539
p1584,process,,58,58,17,post,odor,True,-0.10177456587553024,1.1372580528259277,-0.7726402282714844
p1584,process,,59,59,39,post,odor,True,0.2625640332698822,1.3613355159759521,-0.4904424548149109
p1584,process,,60,60,39,post,odor,True,0.13938575983047485,1.2725954055786133,-0.4537244737148285
p1584,process,,61,61,17,post,odor,True,-0.04336962848901749,0.5897676944732666,-0.6314566135406494
p1584,process,,62,62,4,post,odor,True,0.027101635932922363,0.8845113515853882,-0.3284866511821747
p237,process,,0,0,39,pre,post_odor,True,1.7383099794387817,4.93199348449707,-1.746738076210022
p237,process,,1,1,17,pre,post_odor,True,2.862159013748169,7.472342491149902,-2.3683483600616455
p237,process,,2,2,32,pre,post_odor,True,3.7933154106140137,9.73429012298584,-2.063979387283325
p237,process,,3,3,32,pre,post_odor,True,4.526933193206787,14.366284370422363,-1.1962525844573975
p237,process,,4,4,30,pre,post_odor,True,1.2340353727340698,6.492034435272217,-3.449812650680542
p237,process,,5,5,40,pre,post_odor,True,2.843141555786133,9.881418228149414,-2.7634177207946777
p237,process,,6,6,3,pre,post_odor,True,5.904173374176025,12.427530288696289,1.2031877040863037
p237,process,,7,7,2,pre,post_odor,True,3.832714557647705,8.351064682006836,-1.8233428001403809
p237,process,,8,8,1,pre,post_odor,True,-1.140074610710144,4.868044853210449,-4.350025177001953
p237,process,,9,9,4,pre,post_odor,True,3.0031306743621826,7.228970527648926,-0.6512741446495056
p237,process,,10,10,31,pre,post_odor,True,5.05065393447876,11.770341873168945,0.17595399916172028
p237,process,,11,11,21,pre,post_odor,True,1.9539767503738403,7.4398932456970215,-2.6893789768218994
p237,process,,12,12,2,pre,post_odor,True,1.4785609245300293,7.485288619995117,-3.3146023750305176
p237,process,,13,13,39,pre,post_odor,True,2.426347255706787,7.038792133331299,-1.569617748260498
p237,process,,14,14,1,pre,post_odor,True,0.6998304724693298,4.7782697677612305,-1.858818531036377
p237,process,,15,15,12,pre,post_odor,True,1.9455554485321045,5.724762916564941,-1.3121501207351685
p237,process,,16,16,22,pre,post_odor,True,2.685950994491577,8.505046844482422,-0.8077487945556641
p237,process,,17,17,10,pre,post_odor,True,1.0468878746032715,4.359569072723389,-0.9280120134353638
p237,process,,18,18,17,pre,post_odor,True,2.735616683959961,6.221022605895996,-0.04075310379266739
p237,process,,19,19,31,pre,post_odor,True,0.4180637001991272,2.473219394683838,-1.14923894405365
p237,process,,20,20,30,pre,post_odor,True,0.16528522968292236,1.9233790636062622,-1.2598763704299927
p237,process,,21,21,12,pre,post_odor,True,-0.04262785241007805,2.318464756011963,-1.5339915752410889
p237,process,,22,22,22,pre,post_odor,True,-0.05851701647043228,1.5877684354782104,-1.2238895893096924
p237,process,,23,23,4,pre,post_odor,True,0.044663961976766586,1.5050239562988281,-1.0294369459152222
p237,process,,24,24,0,pre,post_odor,True,1.0241622924804688,4.473905086517334,-1.2836520671844482
p237,process,,25,25,3,pre,post_odor,True,0.41725197434425354,3.3499913215637207,-1.6196608543395996
p237,process,,26,26,40,pre,post_odor,True,1.039339303970337,4.121528148651123,-1.4497183561325073
p237,process,,27,27,10,pre,post_odor,True,-0.01610611379146576,2.718977212905884,-1.4466931819915771
p237,process,,28,28,21,pre,post_odor,True,0.9903100728988647,4.000256538391113,-0.9716834425926208
p237,process,,29,29,18,pre,post_odor,True,0.31296539306640625,3.1007564067840576,-1.0227854251861572
p237,process,,30,30,18,pre,post_odor,True,-0.19240909814834595,2.4450888633728027,-1.2810534238815308
p237,process,,31,31,0,pre,post_odor,True,0.3537965714931488,3.0435566902160645,-1.2492449283599854
p237,process,,32,32,12,post,post_odor,True,0.016617532819509506,0.9972211718559265,-0.7885311841964722
p237,process,,33,33,18,post,post_odor,True,-0.0671183317899704,1.5942888259887695,-0.8307981491088867
p237,process,,34,34,40,post,post_odor,True,-0.05679866299033165,1.3967775106430054,-0.8130926489830017
p237,process,,35,35,32,post,post_odor,True,-0.1088436171412468,1.5402601957321167,-0.9395139217376709
p237,process,,36,36,31,post,post_odor,True,-0.05728572979569435,1.5383583307266235,-0.8580310344696045
p237,process,,37,37,0,post,post_odor,True,0.05249635502696037,1.412561297416687,-0.9190799593925476
p237,process,,38,38,4,post,post_odor,True,-0.14525967836380005,0.9422224164009094,-0.8950029015541077
p237,process,,39,39,2,post,post_odor,True,0.05372923985123634,1.3376660346984863,-0.822830080986023
p237,process,,40,40,3,post,post_odor,True,0.005547698587179184,2.6054346561431885,-0.8250161409378052
p237,process,,41,41,21,post,post_odor,True,0.07512038946151733,1.7053970098495483,-0.7348580956459045
p237,process,,42,42,31,post,post_odor,True,-0.13586477935314178,0.8746874332427979,-0.8948147296905518
p237,process,,43,43,2,post,post_odor,True,-0.11632911115884781,1.7626879215240479,-0.8024606704711914
p237,process,,44,44,32,post,post_odor,True,0.03770274668931961,1.2182841300964355,-0.8711612224578857
p237,process,,45,45,40,post,post_odor,True,-0.12564601004123688,1.3828109502792358,-0.9770755171775818
p237,process,,46,46,1,post,post_odor,True,0.1942148357629776,1.8705036640167236,-0.7694714665412903
p237,process,,47,47,0,post,post_odor,True,0.27208200097084045,2.2173380851745605,-0.7158317565917969
p237,process,,48,48,22,post,post_odor,True,0.0455179400742054,1.3158512115478516,-0.9082817435264587
p237,process,,49,49,10,post,post_odor,True,-0.06783414632081985,1.8439006805419922,-0.9290773272514343
p237,process,,50,50,1,post,post_odor,True,0.0061624119989573956,1.2145910263061523,-0.8448513150215149
p237,process,,51,51,30,post,post_odor,True,0.06177101284265518,1.714853048324585,-0.8998724222183228
p237,process,,52,52,12,post,post_odor,True,0.09997713565826416,1.5596671104431152,-0.805992066860199
p237,process,,53,53,3,post,post_odor,True,0.14927634596824646,1.5900905132293701,-0.9359397292137146
p237,process,,54,54,21,post,post_odor,True,0.07144168019294739,1.70869779586792,-0.8622949719429016
p237,process,,55,55,22,post,post_odor,True,-0.010236642323434353,1.8345494270324707,-0.9115130305290222
p237,process,,56,56,18,post,post_odor,True,0.08163271099328995,1.9126585721969604,-0.880291223526001
p237,process,,57,57,30,post,post_odor,True,0.013624084182083607,2.4359214305877686,-1.1302125453948975
p237,process,,58,58,17,post,post_odor,True,-0.052625007927417755,1.863574743270874,-1.1791313886642456
p237,process,,59,59,39,post,post_odor,True,-0.12643390893936157,1.8287532329559326,-1.0906076431274414
p237,process,,60,60,39,post,post_odor,True,0.049714528024196625,1.5555784702301025,-1.232174277305603
p237,process,,61,61,17,post,post_odor,True,-0.08208025246858597,2.1388790607452393,-1.282856822013855
p237,process,,62,62,4,post,post_odor,True,-0.1011396273970604,1.8980499505996704,-1.2494961023330688
p256,process,,0,0,39,pre,post_odor,True,0.6155654788017273,3.681898355484009,-3.1497671604156494
p256,process,,1,1,17,pre,post_odor,True,-0.32104137539863586,2.2234973907470703,-2.7395646572113037
p256,process,,2,2,32,pre,post_odor,True,1.9541436433792114,7.139195919036865,-0.5466290712356567
p256,process,,3,3,32,pre,post_odor,True,2.710294246673584,5.558198928833008,-0.3788759410381317
p256,process,,4,4,30,pre,post_odor,True,1.1749612092971802,3.6633973121643066,-1.4174977540969849
p256,process,,5,5,40,pre,post_odor,True,0.8674503564834595,4.19530725479126,-1.3730343580245972
p256,process,,6,6,3,pre,post_odor,True,1.7549422979354858,3.9214630126953125,-0.6836712956428528
p256,process,,7,7,2,pre,post_odor,True,1.6035085916519165,5.893407344818115,-1.4235905408859253
p256,process,,8,8,1,pre,post_odor,True,-0.29346051812171936,2.522831916809082,-2.8834383487701416
p256,process,,9,9,4,pre,post_odor,True,1.6625324487686157,4.007167339324951,-2.2873919010162354
p256,process,,10,10,31,pre,post_odor,True,3.184056043624878,8.040424346923828,-0.7634896636009216
p256,process,,11,11,21,pre,post_odor,True,0.8167116641998291,4.772602081298828,-1.920257329940796
p256,process,,12,12,2,pre,post_odor,True,0.6274334788322449,2.2826242446899414,-0.9884808659553528
p256,process,,13,13,39,pre,post_odor,True,-0.10920696705579758,2.840430736541748,-3.253934860229492
p256,process,,14,14,1,pre,post_odor,True,0.5264790654182434,3.0761919021606445,-2.5595297813415527
p256,process,,15,15,12,pre,post_odor,True,2.2335753440856934,5.887092113494873,-0.4237927198410034
p256,process,,16,16,22,pre,post_odor,True,4.761119842529297,10.912516593933105,-0.39373329281806946
p256,process,,17,17,10,pre,post_odor,True,0.8653730750083923,4.184360027313232,-2.0833537578582764
p256,process,,18,18,17,pre,post_odor,True,0.5050150752067566,4.776870250701904,-3.4118149280548096
p256,process,,19,19,31,pre,post_odor,True,4.697273254394531,10.775359153747559,0.10631058365106583
p256,process,,20,20,30,pre,post_odor,True,-0.9430640935897827,1.4909917116165161,-2.6105692386627197
p256,process,,21,21,12,pre,post_odor,True,-0.8537455797195435,4.4993205070495605,-3.0940375328063965
p256,process,,22,22,22,pre,post_odor,True,4.183048725128174,9.198004722595215,0.5052841305732727
p256,process,,23,23,4,pre,post_odor,True,-1.1385209560394287,1.922192931175232,-4.33214807510376
p256,process,,24,24,0,pre,post_odor,True,0.2030406892299652,3.47426700592041,-2.990588903427124
p256,process,,25,25,3,pre,post_odor,True,1.1814438104629517,5.339949607849121,-0.9475063681602478
p256,process,,26,26,40,pre,post_odor,True,0.4689010679721832,3.2815663814544678,-3.9150328636169434
p256,process,,27,27,10,pre,post_odor,True,-0.7739353775978088,2.4255919456481934,-2.91930890083313
p256,process,,28,28,21,pre,post_odor,True,1.482505440711975,8.057320594787598,-1.9437719583511353
p256,process,,29,29,18,pre,post_odor,True,-0.8891662359237671,2.8647899627685547,-4.26624059677124
p256,process,,30,30,18,pre,post_odor,True,-2.1458792686462402,1.8570687770843506,-5.896124839782715
p256,process,,31,31,0,pre,post_odor,True,-0.14038224518299103,4.590060710906982,-2.272552967071533
p256,process,,32,32,12,post,post_odor,True,0.0022433691192418337,2.150346279144287,-1.6545544862747192
p256,process,,33,33,18,post,post_odor,True,-0.12938255071640015,1.2932566404342651,-1.5010309219360352
p256,process,,34,34,40,post,post_odor,True,-0.08062081038951874,1.9512935876846313,-1.2895170450210571
p256,process,,35,35,32,post,post_odor,True,0.14079216122627258,1.854538083076477,-0.9747915267944336
p256,process,,36,36,31,post,post_odor,True,0.04164355993270874,1.3900952339172363,-1.1307934522628784
p256,process,,37,37,0,post,post_odor,True,-0.0756475105881691,1.700282335281372,-1.3086414337158203
p256,process,,38,38,4,post,post_odor,True,0.030838999897241592,1.7491816282272339,-1.5891658067703247
p256,process,,39,39,2,post,post_odor,True,-0.12216883152723312,1.341625452041626,-1.567682147026062
p256,process,,40,40,3,post,post_odor,True,-0.016672972589731216,1.5954540967941284,-1.4498612880706787
p256,process,,41,41,21,post,post_odor,True,0.32357171177864075,2.1994199752807617,-1.1297738552093506
p256,process,,42,42,31,post,post_odor,True,0.07556357979774475,1.8181984424591064,-1.403105616569519
p256,process,,43,43,2,post,post_odor,True,-0.05319782719016075,1.9075820446014404,-1.6155896186828613
p256,process,,44,44,32,post,post_odor,True,0.05069363862276077,1.5461697578430176,-1.4440354108810425
p256,process,,45,45,40,post,post_odor,True,-0.026891212910413742,1.6589866876602173,-1.0499073266983032
p256,process,,46,46,1,post,post_odor,True,0.21499158442020416,2.2543649673461914,-0.8763161897659302
p256,process,,47,47,0,post,post_odor,True,-0.04882469028234482,1.322791337966919,-1.4773298501968384
p256,process,,48,48,22,post,post_odor,True,0.07562984526157379,1.8389286994934082,-1.3325579166412354
p256,process,,49,49,10,post,post_odor,True,-0.15506291389465332,1.396178126335144,-1.530574917793274
p256,process,,50,50,1,post,post_odor,True,-0.06378396600484848,1.408268690109253,-1.5266066789627075
p256,process,,51,51,30,post,post_odor,True,0.040827397257089615,1.8248467445373535,-1.2692292928695679
p256,process,,52,52,12,post,post_odor,True,-0.15044040977954865,1.303812026977539,-1.5158460140228271
p256,process,,53,53,3,post,post_odor,True,0.06567185372114182,1.8349519968032837,-1.3597251176834106
p256,process,,54,54,21,post,post_odor,True,0.29589828848838806,2.053377866744995,-1.0052558183670044
p256,process,,55,55,22,post,post_odor,True,0.05717391148209572,0.8801626563072205,-1.5747168064117432
p256,process,,56,56,18,post,post_odor,True,0.08818226307630539,2.0049352645874023,-1.4689663648605347
p256,process,,57,57,30,post,post_odor,True,0.09627782553434372,1.5538897514343262,-1.2560216188430786
p256,process,,58,58,17,post,post_odor,True,0.07527324557304382,1.4740967750549316,-0.6686742901802063
p256,process,,59,59,39,post,post_odor,True,0.0662202537059784,1.386297583580017,-0.6093068718910217
p256,process,,60,60,39,post,post_odor,True,-0.018599219620227814,0.8941730260848999,-0.940212607383728
p256,process,,61,61,17,post,post_odor,True,0.009872185997664928,0.7545813322067261,-0.7495493292808533
p256,process,,62,62,4,post,post_odor,True,-0.0015749919693917036,0.8417435884475708,-0.5406226515769958
p275,process,,0,0,39,pre,post_odor,True,0.6406505703926086,3.006455898284912,-1.3252513408660889
p275,process,,1,1,17,pre,post_odor,True,-0.9143165349960327,0.957487165927887,-2.634962320327759
p275,process,,2,2,32,pre,post_odor,True,1.4300897121429443,5.8033647537231445,-1.7500933408737183
p275,process,,3,3,32,pre,post_odor,True,2.1154589653015137,6.2879509925842285,-1.3549071550369263
p275,process,,4,4,30,pre,post_odor,True,1.4968132972717285,6.092059135437012,-2.631443977355957
p275,process,,5,5,40,pre,post_odor,True,0.7184862494468689,3.9439594745635986,-3.2999982833862305
p275,process,,6,6,3,pre,post_odor,True,3.916154146194458,7.268723011016846,1.35260808467865
p275,process,,7,7,2,pre,post_odor,True,2.9583325386047363,6.348151206970215,-0.2684820294380188
p275,process,,8,8,1,pre,post_odor,True,0.6951130628585815,3.369373321533203,-1.6380319595336914
p275,process,,9,9,4,pre,post_odor,True,3.7614545822143555,7.21213436126709,0.675147533416748
p275,process,,10,10,31,pre,post_odor,True,4.453249454498291,9.258697509765625,0.04828253388404846
p275,process,,11,11,21,pre,post_odor,True,1.2220410108566284,3.140805721282959,-1.4165760278701782
p275,process,,12,12,2,pre,post_odor,True,1.054439663887024,4.621612548828125,-3.264389991760254
p275,process,,13,13,39,pre,post_odor,True,0.9386706352233887,4.017988681793213,-2.6974265575408936
p275,process,,14,14,1,pre,post_odor,True,1.6899884939193726,4.693763732910156,-0.8041180968284607
p275,process,,15,15,12,pre,post_odor,True,4.423854827880859,9.156110763549805,0.07325533032417297
p275,process,,16,16,22,pre,post_odor,True,5.009589195251465,8.669819831848145,0.4839647710323334
p275,process,,17,17,10,pre,post_odor,True,3.2594313621520996,7.995955467224121,-0.32546311616897583
p275,process,,18,18,17,pre,post_odor,True,2.746476173400879,6.60755729675293,1.0418281555175781
p275,process,,19,19,31,pre,post_odor,True,3.120861530303955,7.113211154937744,-0.25056493282318115
p275,process,,20,20,30,pre,post_odor,True,1.452412724494934,5.570644378662109,-0.4369361400604248
p275,process,,21,21,12,pre,post_odor,True,-0.2781068682670593,3.919360637664795,-2.3146450519561768
p275,process,,22,22,22,pre,post_odor,True,0.5037226676940918,3.1317155361175537,-1.9386944770812988
p275,process,,23,23,4,pre,post_odor,True,-0.4718877673149109,1.5782101154327393,-1.6854767799377441
p275,process,,24,24,0,pre,post_odor,True,1.5416408777236938,6.279503345489502,-2.395519971847534
p275,process,,25,25,3,pre,post_odor,True,0.4735484719276428,2.3853108882904053,-1.4199005365371704
p275,process,,26,26,40,pre,post_odor,True,2.2634220123291016,4.093705177307129,0.13774633407592773
p275,process,,27,27,10,pre,post_odor,True,-0.30576539039611816,1.9575332403182983,-2.217349052429199
p275,process,,28,28,21,pre,post_odor,True,1.6391319036483765,3.2606194019317627,0.012058332562446594
p275,process,,29,29,18,pre,post_odor,True,0.3583895266056061,2.5571043491363525,-1.0190479755401611
p275,process,,30,30,18,pre,post_odor,True,-0.9317120313644409,0.5813134908676147,-2.088465929031372
p275,process,,31,31,0,pre,post_odor,True,1.4381814002990723,4.290046691894531,-0.9740094542503357
p275,process,,32,32,12,post,post_odor,True,0.06836181879043579,0.6965789794921875,-0.5746958255767822
p275,process,,33,33,18,post,post_odor,True,0.06916816532611847,0.7378218770027161,-0.5321241617202759
p275,process,,34,34,40,post,post_odor,True,-0.068697988986969,0.6369887590408325,-0.7429677248001099
p275,process,,35,35,32,post,post_odor,True,0.09787217527627945,0.8573119044303894,-0.5779986381530762
p275,process,,36,36,31,post,post_odor,True,-0.07702594250440598,0.5368348360061646,-0.7399073243141174
p275,process,,37,37,0,post,post_odor,True,0.0477762334048748,0.6099743843078613,-0.8057938814163208
p275,process,,38,38,4,post,post_odor,True,0.007338778115808964,0.7844293117523193,-0.6193523406982422
p275,process,,39,39,2,post,post_odor,True,-0.08571877330541611,0.7660332918167114,-0.8190773725509644
p275,process,,40,40,3,post,post_odor,True,0.04895365983247757,0.9874474406242371,-0.5562317967414856
p275,process,,41,41,21,post,post_odor,True,0.0792863517999649,1.0235083103179932,-0.7370131611824036
p275,process,,42,42,31,post,post_odor,True,-0.03701750561594963,0.742421567440033,-0.7394000291824341
p275,process,,43,43,2,post,post_odor,True,0.10389022529125214,0.9397650361061096,-0.8843212723731995
p275,process,,44,44,32,post,post_odor,True,0.06529249250888824,0.7545623779296875,-0.7145093083381653
p275,process,,45,45,40,post,post_odor,True,0.12283098697662354,0.7876584529876709,-0.5944983959197998
p275,process,,46,46,1,post,post_odor,True,-0.040627606213092804,0.9700523018836975,-0.7496190667152405
p275,process,,47,47,0,post,post_odor,True,-0.027309399098157883,0.693989098072052,-0.6725703477859497
p275,process,,48,48,22,post,post_odor,True,0.009768606163561344,0.5961512327194214,-0.8401491641998291
p275,process,,49,49,10,post,post_odor,True,-0.04269399866461754,0.7857382297515869,-0.8833758234977722
p275,process,,50,50,1,post,post_odor,True,-0.014300080947577953,0.7119950652122498,-0.6495556831359863
p275,process,,51,51,30,post,post_odor,True,-0.019231434911489487,1.021600604057312,-0.81390380859375
p275,process,,52,52,12,post,post_odor,True,0.017001237720251083,0.7390382289886475,-0.7969833016395569
p275,process,,53,53,3,post,post_odor,True,-0.01395504456013441,0.68244868516922,-0.7561466097831726
p275,process,,54,54,21,post,post_odor,True,0.0697624459862709,1.182856559753418,-0.4744444191455841
p275,process,,55,55,22,post,post_odor,True,0.06012929230928421,0.8890131711959839,-0.6915194988250732
p275,process,,56,56,18,post,post_odor,True,-0.014988880604505539,0.8031882047653198,-0.6431442499160767
p275,process,,57,57,30,post,post_odor,True,-0.008596861734986305,0.5752547979354858,-0.6934125423431396
p275,process,,58,58,17,post,post_odor,True,0.06698773056268692,0.8230748176574707,-0.5040128827095032
p275,process,,59,59,39,post,post_odor,True,0.03366997838020325,0.6457703113555908,-0.47440633177757263
p275,process,,60,60,39,post,post_odor,True,0.049373675137758255,1.0489299297332764,-0.5195138454437256
p275,process,,61,61,17,post,post_odor,True,0.02994397282600403,0.881179690361023,-0.5327867269515991
p275,process,,62,62,4,post,post_odor,True,-0.07267281413078308,0.5339729189872742,-0.8221367597579956
p294,process,,0,0,39,pre,post_odor,True,0.6132639050483704,5.195588111877441,-2.356457471847534
p294,process,,1,1,17,pre,post_odor,True,-2.444026470184326,5.438089370727539,-6.691077709197998
p294,process,,2,2,32,pre,post_odor,True,1.8726378679275513,11.613831520080566,-2.5121102333068848
p294,process,,3,3,32,pre,post_odor,True,3.4279839992523193,12.068231582641602,-1.1208446025848389
p294,process,,4,4,30,pre,post_odor,True,2.316328525543213,11.065474510192871,-2.584360122680664
p294,process,,5,5,40,pre,post_odor,True,1.3086880445480347,7.710023403167725,-3.7506144046783447
p294,process,,6,6,3,pre,post_odor,True,4.740179061889648,7.542035102844238,0.2506336271762848
p294,process,,7,7,2,pre,post_odor,True,2.7342636585235596,10.030315399169922,-1.3428797721862793
p294,process,,8,8,1,pre,post_odor,True,-0.6340049505233765,2.6639678478240967,-4.544215679168701
p294,process,,9,9,4,pre,post_odor,True,2.639364242553711,7.971147060394287,-1.252254843711853
p294,process,,10,10,31,pre,post_odor,True,4.232589244842529,11.539817810058594,-0.023154497146606445
p294,process,,11,11,21,pre,post_odor,True,2.3520376682281494,8.574518203735352,-1.4497003555297852
p294,process,,12,12,2,pre,post_odor,True,0.36846259236335754,4.39975118637085,-2.8228235244750977
p294,process,,13,13,39,pre,post_odor,True,0.9272677898406982,3.3272624015808105,-1.847540020942688
p294,process,,14,14,1,pre,post_odor,True,2.043034315109253,5.25460147857666,-0.6957632899284363
p294,process,,15,15,12,pre,post_odor,True,2.0750057697296143,5.323758125305176,-1.038712739944458
p294,process,,16,16,22,pre,post_odor,True,3.5016000270843506,8.5394287109375,-0.42903244495391846
p294,process,,17,17,10,pre,post_odor,True,1.5598186254501343,3.766571283340454,-0.7326270937919617
p294,process,,18,18,17,pre,post_odor,True,1.4336570501327515,3.7097408771514893,-0.8692253232002258
p294,process,,19,19,31,pre,post_odor,True,2.196898937225342,5.918353080749512,-0.8860870003700256
p294,process,,20,20,30,pre,post_odor,True,1.864489197731018,7.015390872955322,-0.47440341114997864
p294,process,,21,21,12,pre,post_odor,True,0.017650166526436806,2.1056694984436035,-1.1926155090332031
p294,process,,22,22,22,pre,post_odor,True,0.6931201815605164,3.322251319885254,-1.0136382579803467
p294,process,,23,23,4,pre,post_odor,True,-0.31986281275749207,1.7439942359924316,-1.5105094909667969
p294,process,,24,24,0,pre,post_odor,True,0.6629911661148071,3.988288640975952,-2.1685545444488525
p294,process,,25,25,3,pre,post_odor,True,0.6828210353851318,4.346672534942627,-1.3843179941177368
p294,process,,26,26,40,pre,post_odor,True,1.7499011754989624,4.81503963470459,-1.150130271911621
p294,process,,27,27,10,pre,post_odor,True,-0.6802808046340942,2.7382729053497314,-3.1164612770080566
p294,process,,28,28,21,pre,post_odor,True,2.2103500366210938,6.937533378601074,-1.9038078784942627
p294,process,,29,29,18,pre,post_odor,True,0.4046163260936737,2.7647016048431396,-0.5700182914733887
p294,process,,30,30,18,pre,post_odor,True,-1.0948796272277832,0.06226903945207596,-2.2185583114624023
p294,process,,31,31,0,pre,post_odor,True,0.5910353064537048,3.5024759769439697,-0.9523330330848694
p294,process,,32,32,12,post,post_odor,True,0.024170851334929466,0.7409952282905579,-0.6847482323646545
p294,process,,33,33,18,post,post_odor,True,-0.018241221085190773,1.1517348289489746,-0.8170958161354065
p294,process,,34,34,40,post,post_odor,True,-0.15924960374832153,0.7776512503623962,-0.8749771118164062
p294,process,,35,35,32,post,post_odor,True,0.02261034958064556,1.0179086923599243,-0.8038956522941589
p294,process,,36,36,31,post,post_odor,True,0.05482635274529457,1.1015418767929077,-0.7863248586654663
p294,process,,37,37,0,post,post_odor,True,0.18932120501995087,1.0340896844863892,-0.6368100643157959
p294,process,,38,38,4,post,post_odor,True,0.1548265963792801,1.0114631652832031,-0.4922775626182556
p294,process,,39,39,2,post,post_odor,True,0.011030816473066807,1.081350564956665,-0.7749229669570923
p294,process,,40,40,3,post,post_odor,True,-0.015280747786164284,1.316612720489502,-0.719224750995636
p294,process,,41,41,21,post,post_odor,True,0.01898833177983761,1.066891074180603,-0.7326185703277588
p294,process,,42,42,31,post,post_odor,True,0.05464457347989082,1.4756569862365723,-0.7108741998672485
p294,process,,43,43,2,post,post_odor,True,-0.020466342568397522,0.9395697116851807,-0.6752228736877441
p294,process,,44,44,32,post,post_odor,True,-0.045812685042619705,0.8108159899711609,-0.6434216499328613
p294,process,,45,45,40,post,post_odor,True,-0.12137189507484436,0.8296372890472412,-0.7681891322135925
p294,process,,46,46,1,post,post_odor,True,0.01740436628460884,1.1299148797988892,-0.7045966386795044
p294,process,,47,47,0,post,post_odor,True,-0.04603453725576401,0.9310213327407837,-0.8702526688575745
p294,process,,48,48,22,post,post_odor,True,0.06589488685131073,0.8928602337837219,-0.6177635788917542
p294,process,,49,49,10,post,post_odor,True,0.012236316688358784,0.5563898086547852,-0.6903939247131348
p294,process,,50,50,1,post,post_odor,True,-0.005405235104262829,1.2044581174850464,-0.8465946316719055
p294,process,,51,51,30,post,post_odor,True,-0.045439958572387695,0.8726802468299866,-0.8316656351089478
p294,process,,52,52,12,post,post_odor,True,-0.09712205827236176,1.3878833055496216,-0.8947187662124634
p294,process,,53,53,3,post,post_odor,True,0.22103923559188843,1.3556852340698242,-0.651409387588501
p294,process,,54,54,21,post,post_odor,True,0.27019381523132324,1.1607069969177246,-0.727011501789093
p294,process,,55,55,22,post,post_odor,True,-0.03225291520357132,1.0069092512130737,-0.8021701574325562
p294,process,,56,56,18,post,post_odor,True,0.16627247631549835,1.2570337057113647,-0.7490136623382568
p294,process,,57,57,30,post,post_odor,True,0.03143280744552612,1.1336430311203003,-0.6841898560523987
p294,process,,58,58,17,post,post_odor,True,0.02483520843088627,0.9974249005317688,-0.756480872631073
p294,process,,59,59,39,post,post_odor,True,-0.05470193922519684,1.2475948333740234,-1.0336962938308716
p294,process,,60,60,39,post,post_odor,True,0.21254779398441315,1.472541093826294,-0.614521324634552
p294,process,,61,61,17,post,post_odor,True,-0.013005949556827545,1.412759780883789,-0.9641781449317932
p294,process,,62,62,4,post,post_odor,True,0.04807112738490105,1.740231990814209,-0.9173406362533569
p313,process,,0,0,39,pre,post_odor,True,0.2054959535598755,2.9467175006866455,-2.984705924987793
p313,process,,1,1,17,pre,post_odor,True,-3.1388564109802246,2.39009165763855,-5.771457672119141
p313,process,,2,2,32,pre,post_odor,True,0.7949404716491699,4.065160274505615,-2.0453267097473145
p313,process,,3,3,32,pre,post_odor,True,0.7777835726737976,5.600453853607178,-2.017302989959717
p313,process,,4,4,30,pre,post_odor,True,0.661844789981842,4.588682651519775,-2.432903289794922
p313,process,,5,5,40,pre,post_odor,True,0.8265133500099182,3.4039406776428223,-1.6763643026351929
p313,process,,6,6,3,pre,post_odor,True,1.9665530920028687,4.55897855758667,-1.536437749862671
p313,process,,7,7,2,pre,post_odor,True,1.230743408203125,4.320156574249268,-0.7253143191337585
p313,process,,8,8,1,pre,post_odor,True,0.5753699541091919,4.688539028167725,-2.2780215740203857
p313,process,,9,9,4,pre,post_odor,True,1.6348576545715332,5.2821502685546875,-1.406565546989441
p313,process,,10,10,31,pre,post_odor,True,1.0794039964675903,6.290590286254883,-1.6576896905899048
p313,process,,11,11,21,pre,post_odor,True,-0.1382463127374649,3.509445905685425,-3.562831163406372
p313,process,,12,12,2,pre,post_odor,True,0.32448455691337585,3.238401412963867,-2.0818259716033936
p313,process,,13,13,39,pre,post_odor,True,-0.05835792049765587,2.937260389328003,-2.487891435623169
p313,process,,14,14,1,pre,post_odor,True,0.8857719302177429,4.906430721282959,-3.7662174701690674
p313,process,,15,15,12,pre,post_odor,True,0.898010790348053,4.800509929656982,-2.1313750743865967
p313,process,,16,16,22,pre,post_odor,True,0.5315178632736206,3.2888174057006836,-2.3710999488830566
p313,process,,17,17,10,pre,post_odor,True,1.0700584650039673,5.330942630767822,-2.1833508014678955
p313,process,,18,18,17,pre,post_odor,True,-0.4563036859035492,3.6758809089660645,-3.51947283744812
p313,process,,19,19,31,pre,post_odor,True,0.5651440024375916,2.71476149559021,-2.2594704627990723
p313,process,,20,20,30,pre,post_odor,True,0.9857779741287231,4.0012922286987305,-0.6455546021461487
p313,process,,21,21,12,pre,post_odor,True,0.9447013735771179,4.237151622772217,-1.490983009338379
p313,process,,22,22,22,pre,post_odor,True,-0.41073641180992126,2.0175414085388184,-2.8528459072113037
p313,process,,23,23,4,pre,post_odor,True,0.34066635370254517,3.3543972969055176,-1.9567033052444458
p313,process,,24,24,0,pre,post_odor,True,0.6244312524795532,5.144736289978027,-2.9813334941864014
p313,process,,25,25,3,pre,post_odor,True,0.6522278189659119,2.986455202102661,-1.8891783952713013
p313,process,,26,26,40,pre,post_odor,True,1.0276657342910767,4.505041122436523,-1.2702914476394653
p313,process,,27,27,10,pre,post_odor,True,-0.3116839528083801,3.1614158153533936,-2.076664924621582
p313,process,,28,28,21,pre,post_odor,True,1.407546877861023,5.807734966278076,-1.4178770780563354
p313,process,,29,29,18,pre,post_odor,True,0.8050789833068848,3.526801347732544,-2.162201166152954
p313,process,,30,30,18,pre,post_odor,True,0.8273071646690369,3.0979185104370117,-1.7505062818527222
p313,process,,31,31,0,pre,post_odor,True,0.9968793392181396,5.244034767150879,-2.345635175704956
p313,process,,32,32,12,post,post_odor,True,0.16325421631336212,1.5559831857681274,-1.2580622434616089
p313,process,,33,33,18,post,post_odor,True,0.1858568787574768,2.839421510696411,-1.0441527366638184
p313,process,,34,34,40,post,post_odor,True,0.02855997532606125,1.500592827796936,-1.2875341176986694
p313,process,,35,35,32,post,post_odor,True,-0.22444595396518707,1.6390115022659302,-1.130930781364441
p313,process,,36,36,31,post,post_odor,True,-0.041355255991220474,1.4863064289093018,-1.8151285648345947
p313,process,,37,37,0,post,post_odor,True,0.025252360850572586,1.5209236145019531,-1.1511486768722534
p313,process,,38,38,4,post,post_odor,True,0.09103228151798248,1.413581371307373,-1.2358113527297974
p313,process,,39,39,2,post,post_odor,True,0.44287532567977905,1.974860668182373,-1.097385048866272
p313,process,,40,40,3,post,post_odor,True,-0.013363548554480076,2.0990653038024902,-1.6596903800964355
p313,process,,41,41,21,post,post_odor,True,0.26725468039512634,2.0993833541870117,-0.7981538772583008
p313,process,,42,42,31,post,post_odor,True,0.06056893244385719,2.156949281692505,-1.3525906801223755
p313,process,,43,43,2,post,post_odor,True,0.24346119165420532,3.103123903274536,-1.263904333114624
p313,process,,44,44,32,post,post_odor,True,0.21579881012439728,2.148538827896118,-1.028233289718628
p313,process,,45,45,40,post,post_odor,True,0.09042628854513168,1.907647967338562,-1.3903048038482666
p313,process,,46,46,1,post,post_odor,True,0.33654922246932983,2.3081204891204834,-1.4805482625961304
p313,process,,47,47,0,post,post_odor,True,0.16949030756950378,1.7942191362380981,-1.0857313871383667
p313,process,,48,48,22,post,post_odor,True,0.5549929141998291,1.6686484813690186,-0.756841778755188
p313,process,,49,49,10,post,post_odor,True,0.047699086368083954,2.344844341278076,-1.8286267518997192
p313,process,,50,50,1,post,post_odor,True,-0.0006096947472542524,1.271546721458435,-1.172291874885559
p313,process,,51,51,30,post,post_odor,True,0.3531833291053772,2.2309000492095947,-1.2637438774108887
p313,process,,52,52,12,post,post_odor,True,0.15721817314624786,2.278351306915283,-1.2898080348968506
p313,process,,53,53,3,post,post_odor,True,0.5782359838485718,2.476811408996582,-0.8877766728401184
p313,process,,54,54,21,post,post_odor,True,0.62671959400177,2.7738707065582275,-1.3751806020736694
p313,process,,55,55,22,post,post_odor,True,0.15319716930389404,1.9249005317687988,-1.2039376497268677
p313,process,,56,56,18,post,post_odor,True,0.4588499963283539,2.2315025329589844,-1.0333642959594727
p313,process,,57,57,30,post,post_odor,True,0.2898416817188263,2.601982355117798,-0.9326930046081543
p313,process,,58,58,17,post,post_odor,True,0.7533737421035767,2.0136682987213135,-1.2359076738357544
p313,process,,59,59,39,post,post_odor,True,0.3042384684085846,2.115919589996338,-1.4067316055297852
p313,process,,60,60,39,post,post_odor,True,0.39960893988609314,2.230475902557373,-0.8930251002311707
p313,process,,61,61,17,post,post_odor,True,-0.20797736942768097,1.3428173065185547,-2.2275285720825195
p313,process,,62,62,4,post,post_odor,True,-0.19715970754623413,1.4145739078521729,-1.8649991750717163
p332,process,,0,0,39,pre,post_odor,True,0.3825491964817047,4.038150787353516,-2.55126690864563
p332,process,,1,1,17,pre,post_odor,True,-0.9493865370750427,3.2862565517425537,-4.278199672698975
p332,process,,2,2,32,pre,post_odor,True,1.4855492115020752,4.622254848480225,-0.8978101015090942
p332,process,,3,3,32,pre,post_odor,True,1.7730826139450073,6.402582168579102,-1.121585726737976
p332,process,,4,4,30,pre,post_odor,True,0.9900920391082764,4.249562740325928,-2.1653008460998535
p332,process,,5,5,40,pre,post_odor,True,0.23392672836780548,2.94345760345459,-2.8414804935455322
p332,process,,6,6,3,pre,post_odor,True,3.024383783340454,6.410069942474365,-1.6712356805801392
p332,process,,7,7,2,pre,post_odor,True,1.6491612195968628,4.119301795959473,-1.5266720056533813
p332,process,,8,8,1,pre,post_odor,True,1.114200234413147,5.125349044799805,-2.4702274799346924
p332,process,,9,9,4,pre,post_odor,True,2.1204442977905273,5.508867263793945,-0.2091338038444519
p332,process,,10,10,31,pre,post_odor,True,3.359405517578125,7.460921287536621,-0.8039449453353882
p332,process,,11,11,21,pre,post_odor,True,1.2120896577835083,4.272803783416748,-2.7841310501098633
p332,process,,12,12,2,pre,post_odor,True,0.5036834478378296,3.5592257976531982,-2.31089186668396
p332,process,,13,13,39,pre,post_odor,True,0.18625962734222412,2.901979446411133,-2.9604570865631104
p332,process,,14,14,1,pre,post_odor,True,0.48551201820373535,3.259908676147461,-1.8800162076950073
p332,process,,15,15,12,pre,post_odor,True,2.892838478088379,6.7011919021606445,-1.0847373008728027
p332,process,,16,16,22,pre,post_odor,True,3.6952483654022217,7.665629863739014,0.17853207886219025
p332,process,,17,17,10,pre,post_odor,True,1.6661053895950317,6.1190104484558105,-1.2387888431549072
p332,process,,18,18,17,pre,post_odor,True,1.6854552030563354,5.925222396850586,-1.7202993631362915
p332,process,,19,19,31,pre,post_odor,True,2.4054126739501953,5.928825378417969,-0.6558964848518372
p332,process,,20,20,30,pre,post_odor,True,1.6950438022613525,6.138006687164307,-0.9718058705329895
p332,process,,21,21,12,pre,post_odor,True,0.3216165602207184,3.240565538406372,-1.3793047666549683
p332,process,,22,22,22,pre,post_odor,True,0.7191643714904785,3.831540822982788,-1.66493558883667
p332,process,,23,23,4,pre,post_odor,True,-0.366119384765625,2.0796260833740234,-2.014791488647461
p332,process,,24,24,0,pre,post_odor,True,1.6000230312347412,6.118660926818848,-1.5737189054489136
p332,process,,25,25,3,pre,post_odor,True,0.4485875964164734,2.478234052658081,-2.3745293617248535
p332,process,,26,26,40,pre,post_odor,True,2.2576074600219727,4.499249458312988,-0.7880451679229736
p332,process,,27,27,10,pre,post_odor,True,0.16259032487869263,4.309727668762207,-2.035085916519165
p332,process,,28,28,21,pre,post_odor,True,1.8118149042129517,5.361603736877441,-0.7614293694496155
p332,process,,29,29,18,pre,post_odor,True,0.40405920147895813,2.6699788570404053,-1.366126537322998
p332,process,,30,30,18,pre,post_odor,True,-1.320194125175476,1.9393068552017212,-3.0562920570373535
p332,process,,31,31,0,pre,post_odor,True,0.8282836675643921,4.104135513305664,-1.6986370086669922
p332,process,,32,32,12,post,post_odor,True,0.08597565442323685,1.1464439630508423,-1.0619639158248901
p332,process,,33,33,18,post,post_odor,True,-0.011962681077420712,1.7442426681518555,-1.4219179153442383
p332,process,,34,34,40,post,post_odor,True,-0.16945430636405945,1.6242071390151978,-1.2239466905593872
p332,process,,35,35,32,post,post_odor,True,0.014783764258027077,2.247382402420044,-1.4081465005874634
p332,process,,36,36,31,post,post_odor,True,0.06849954277276993,1.2062742710113525,-1.008725881576538
p332,process,,37,37,0,post,post_odor,True,0.09827985614538193,1.7219319343566895,-1.1086231470108032
p332,process,,38,38,4,post,post_odor,True,-0.13699424266815186,1.2984411716461182,-1.4616128206253052
p332,process,,39,39,2,post,post_odor,True,-0.19382557272911072,0.8940454125404358,-1.3783975839614868
p332,process,,40,40,3,post,post_odor,True,-0.07665374875068665,1.1391023397445679,-0.9724026322364807
p332,process,,41,41,21,post,post_odor,True,0.11908433586359024,1.4882886409759521,-1.3889267444610596
p332,process,,42,42,31,post,post_odor,True,-0.2263733148574829,1.7703330516815186,-1.4697492122650146
p332,process,,43,43,2,post,post_odor,True,-0.2649545967578888,0.9743022322654724,-1.397657871246338
p332,process,,44,44,32,post,post_odor,True,0.06728748977184296,1.5769364833831787,-1.2121567726135254
p332,process,,45,45,40,post,post_odor,True,-0.1291823834180832,1.8558112382888794,-1.557434320449829
p332,process,,46,46,1,post,post_odor,True,-0.000736396701540798,1.7702618837356567,-1.6062533855438232
p332,process,,47,47,0,post,post_odor,True,0.1449143886566162,1.6403344869613647,-1.095615029335022
p332,process,,48,48,22,post,post_odor,True,-0.07760312408208847,1.3628342151641846,-1.4581443071365356
p332,process,,49,49,10,post,post_odor,True,0.13565751910209656,1.4939008951187134,-1.1657905578613281
p332,process,,50,50,1,post,post_odor,True,-0.15626105666160583,1.4434009790420532,-1.1566426753997803
p332,process,,51,51,30,post,post_odor,True,-0.2321816235780716,1.202610731124878,-1.1779216527938843
p332,process,,52,52,12,post,post_odor,True,0.04345137998461723,1.089504599571228,-1.2287131547927856
p332,process,,53,53,3,post,post_odor,True,0.32307595014572144,2.2099850177764893,-0.7666432857513428
p332,process,,54,54,21,post,post_odor,True,0.47905829548835754,2.5235252380371094,-0.9773619174957275
p332,process,,55,55,22,post,post_odor,True,0.1171288937330246,1.9695123434066772,-1.6836910247802734
p332,process,,56,56,18,post,post_odor,True,0.08694899082183838,2.016853094100952,-0.9467748999595642
p332,process,,57,57,30,post,post_odor,True,0.1408500224351883,1.7770994901657104,-1.1555861234664917
p332,process,,58,58,17,post,post_odor,True,-0.05315983667969704,1.196566104888916,-1.3299188613891602
p332,process,,59,59,39,post,post_odor,True,0.1741422414779663,1.1967806816101074,-0.8519083857536316
p332,process,,60,60,39,post,post_odor,True,0.15209375321865082,1.5499546527862549,-1.3379974365234375
p332,process,,61,61,17,post,post_odor,True,-0.041401106864213943,1.2741663455963135,-0.9439902305603027
p332,process,,62,62,4,post,post_odor,True,-0.056748516857624054,0.9539568424224854,-0.9280894994735718
p351,process,,0,0,39,pre,post_odor,True,-1.7278635501861572,1.736833095550537,-4.645827293395996
p351,process,,1,1,17,pre,post_odor,True,-3.2403903007507324,-0.4655085802078247,-5.398402690887451
p351,process,,2,2,32,pre,post_odor,True,1.80679190158844,4.377547264099121,-2.1115336418151855
p351,process,,3,3,32,pre,post_odor,True,-1.0942481756210327,2.9213461875915527,-4.684707164764404
p351,process,,4,4,30,pre,post_odor,True,0.18960870802402496,3.8450701236724854,-3.4405412673950195
p351,process,,5,5,40,pre,post_odor,True,1.4699971675872803,4.9101362228393555,-2.8531463146209717
p351,process,,6,6,3,pre,post_odor,True,-0.30504149198532104,2.7881102561950684,-2.3690524101257324
p351,process,,7,7,2,pre,post_odor,True,0.9351783394813538,5.001486301422119,-2.7779014110565186
p351,process,,8,8,1,pre,post_odor,True,-1.6667814254760742,0.9522718787193298,-4.2148051261901855
p351,process,,9,9,4,pre,post_odor,True,-0.5249344706535339,2.7533514499664307,-3.0405049324035645
p351,process,,10,10,31,pre,post_odor,True,-0.9653469324111938,2.6597721576690674,-4.167929649353027
p351,process,,11,11,21,pre,post_odor,True,-0.6666265726089478,2.2471742630004883,-2.818864583969116
p351,process,,12,12,2,pre,post_odor,True,-1.1239380836486816,1.9518123865127563,-3.24170184135437
p351,process,,13,13,39,pre,post_odor,True,-0.13844282925128937,2.700918197631836,-2.2281956672668457
p351,process,,14,14,1,pre,post_odor,True,-0.35907846689224243,3.0197441577911377,-2.0711052417755127
p351,process,,15,15,12,pre,post_odor,True,0.7253223657608032,2.7315025329589844,-1.9095395803451538
p351,process,,16,16,22,pre,post_odor,True,0.4471223056316376,5.355142116546631,-2.3479747772216797
p351,process,,17,17,10,pre,post_odor,True,-0.23839959502220154,2.270400047302246,-2.880512237548828
p351,process,,18,18,17,pre,post_odor,True,0.2836037576198578,4.213049411773682,-1.8841792345046997
p351,process,,19,19,31,pre,post_odor,True,-1.2896881103515625,0.6403021216392517,-2.9182844161987305
p351,process,,20,20,30,pre,post_odor,True,-0.7458094358444214,2.9903836250305176,-2.6234583854675293
p351,process,,21,21,12,pre,post_odor,True,0.35237106680870056,3.5282175540924072,-1.9504597187042236
p351,process,,22,22,22,pre,post_odor,True,0.23739780485630035,2.601872205734253,-1.518473505973816
p351,process,,23,23,4,pre,post_odor,True,0.6500896215438843,2.8220720291137695,-1.4778614044189453
p351,process,,24,24,0,pre,post_odor,True,1.798164963722229,3.9709839820861816,-1.3672739267349243
p351,process,,25,25,3,pre,post_odor,True,0.2611357271671295,2.2622015476226807,-1.5202032327651978
p351,process,,26,26,40,pre,post_odor,True,1.363899827003479,5.3172430992126465,-1.0560184717178345
p351,process,,27,27,10,pre,post_odor,True,1.8862773180007935,5.2122368812561035,-0.6884856224060059
p351,process,,28,28,21,pre,post_odor,True,1.0937358140945435,4.05155611038208,-1.0930581092834473
p351,process,,29,29,18,pre,post_odor,True,0.29727742075920105,2.9716296195983887,-2.1051321029663086
p351,process,,30,30,18,pre,post_odor,True,1.9753689765930176,5.317298889160156,-0.8719269037246704
p351,process,,31,31,0,pre,post_odor,True,0.17182788252830505,3.115478754043579,-2.265939950942993
p351,process,,32,32,12,post,post_odor,True,-0.06052277982234955,1.374609351158142,-1.2122364044189453
p351,process,,33,33,18,post,post_odor,True,0.18346890807151794,1.821198582649231,-1.078792691230774
p351,process,,34,34,40,post,post_odor,True,0.027565913274884224,1.679152488708496,-1.135324239730835
p351,process,,35,35,32,post,post_odor,True,-0.23238737881183624,1.682090401649475,-1.2161728143692017
p351,process,,36,36,31,post,post_odor,True,0.03722250834107399,2.464259147644043,-1.2425976991653442
p351,process,,37,37,0,post,post_odor,True,-0.02262553572654724,2.2951533794403076,-1.4713720083236694
p351,process,,38,38,4,post,post_odor,True,0.20186905562877655,1.6134401559829712,-1.0585839748382568
p351,process,,39,39,2,post,post_odor,True,-0.12945516407489777,1.198752522468567,-1.1451371908187866
p351,process,,40,40,3,post,post_odor,True,0.21898174285888672,2.021709442138672,-1.186267614364624
p351,process,,41,41,21,post,post_odor,True,0.4077681005001068,1.854472041130066,-0.9599697589874268
p351,process,,42,42,31,post,post_odor,True,-0.0046999817714095116,1.4284031391143799,-1.1916297674179077
p351,process,,43,43,2,post,post_odor,True,-0.10533612966537476,1.655565857887268,-1.0935899019241333
p351,process,,44,44,32,post,post_odor,True,0.02292303740978241,1.1911709308624268,-1.3639494180679321
p351,process,,45,45,40,post,post_odor,True,-0.11006190627813339,1.2282886505126953,-1.2269269227981567
p351,process,,46,46,1,post,post_odor,True,-0.02815215475857258,1.460267424583435,-1.2575453519821167
p351,process,,47,47,0,post,post_odor,True,0.20102737843990326,2.180248737335205,-1.2884749174118042
p351,process,,48,48,22,post,post_odor,True,0.14313137531280518,1.736788272857666,-0.9630140662193298
p351,process,,49,49,10,post,post_odor,True,-0.032913174480199814,1.9263948202133179,-1.093144178390503
p351,process,,50,50,1,post,post_odor,True,-0.09344137459993362,1.0435426235198975,-0.9903929829597473
p351,process,,51,51,30,post,post_odor,True,0.12746523320674896,1.8123277425765991,-1.1011459827423096
p351,process,,52,52,12,post,post_odor,True,0.055735740810632706,2.270036458969116,-1.2981308698654175
p351,process,,53,53,3,post,post_odor,True,0.10402511805295944,1.6887317895889282,-1.0579107999801636
p351,process,,54,54,21,post,post_odor,True,0.412124365568161,2.0348310470581055,-1.4145137071609497
p351,process,,55,55,22,post,post_odor,True,0.2036377340555191,1.7520079612731934,-1.4626853466033936
p351,process,,56,56,18,post,post_odor,True,0.25412818789482117,1.856602668762207,-0.8896222114562988
p351,process,,57,57,30,post,post_odor,True,0.42031461000442505,2.4273812770843506,-1.0230281352996826
p351,process,,58,58,17,post,post_odor,True,0.25454866886138916,2.5192904472351074,-1.0626680850982666
p351,process,,59,59,39,post,post_odor,True,0.07692476361989975,1.509743332862854,-1.2894768714904785
p351,process,,60,60,39,post,post_odor,True,0.24217648804187775,1.9577091932296753,-1.1071363687515259
p351,process,,61,61,17,post,post_odor,True,0.23035183548927307,1.81121826171875,-1.6316205263137817
p351,process,,62,62,4,post,post_odor,True,0.13862204551696777,2.2863965034484863,-0.9622459411621094
p370,process,,0,0,39,pre,post_odor,True,-0.34471815824508667,4.300470352172852,-4.981778621673584
p370,process,,1,1,17,pre,post_odor,True,-3.053288459777832,0.756244957447052,-5.59865665435791
p370,process,,2,2,32,pre,post_odor,True,1.5018255710601807,6.257448673248291,-1.6659600734710693
p370,process,,3,3,32,pre,post_odor,True,1.0622425079345703,7.297630310058594,-1.7666220664978027
p370,process,,4,4,30,pre,post_odor,True,0.5433937311172485,6.5273003578186035,-2.0496087074279785
p370,process,,5,5,40,pre,post_odor,True,-0.6197502613067627,3.3237221240997314,-3.490863561630249
p370,process,,6,6,3,pre,post_odor,True,1.3943395614624023,3.976624011993408,-1.119570255279541
p370,process,,7,7,2,pre,post_odor,True,1.6937718391418457,5.144358158111572,-0.3607487380504608
p370,process,,8,8,1,pre,post_odor,True,0.4716723561286926,4.086324691772461,-1.7006847858428955
p370,process,,9,9,4,pre,post_odor,True,0.9930806756019592,5.300478935241699,-1.2910219430923462
p370,process,,10,10,31,pre,post_odor,True,0.5832017064094543,3.52057147026062,-1.557800531387329
p370,process,,11,11,21,pre,post_odor,True,0.5674710869789124,4.86176872253418,-2.578280210494995
p370,process,,12,12,2,pre,post_odor,True,0.36255377531051636,3.6134560108184814,-2.3227651119232178
p370,process,,13,13,39,pre,post_odor,True,-0.17640775442123413,2.6377670764923096,-3.173835515975952
p370,process,,14,14,1,pre,post_odor,True,0.6405223608016968,4.117847442626953,-3.2538795471191406
p370,process,,15,15,12,pre,post_odor,True,0.3567332923412323,4.525816917419434,-2.561241388320923
p370,process,,16,16,22,pre,post_odor,True,-0.19130223989486694,3.6529147624969482,-2.508450746536255
p370,process,,17,17,10,pre,post_odor,True,0.7999541163444519,3.3784191608428955,-2.0882556438446045
p370,process,,18,18,17,pre,post_odor,True,-0.733801543712616,1.8366546630859375,-3.2347872257232666
p370,process,,19,19,31,pre,post_odor,True,0.46654012799263,4.330700397491455,-1.9805020093917847
p370,process,,20,20,30,pre,post_odor,True,0.7936248779296875,3.444471597671509,-2.1434905529022217
p370,process,,21,21,12,pre,post_odor,True,0.4236019253730774,5.335700988769531,-2.0960617065429688
p370,process,,22,22,22,pre,post_odor,True,-0.05818654224276543,2.699246883392334,-2.7757163047790527
p370,process,,23,23,4,pre,post_odor,True,0.20099645853042603,4.48740291595459,-1.8387386798858643
p370,process,,24,24,0,pre,post_odor,True,0.7554917931556702,4.909383296966553,-2.569493532180786
p370,process,,25,25,3,pre,post_odor,True,0.7414355278015137,3.841231107711792,-1.4753186702728271
p370,process,,26,26,40,pre,post_odor,True,0.02047637663781643,2.1510467529296875,-2.0376482009887695
p370,process,,27,27,10,pre,post_odor,True,0.19966886937618256,3.0764551162719727,-1.8534770011901855
p370,process,,28,28,21,pre,post_odor,True,0.8313692808151245,5.29891300201416,-1.594450831413269
p370,process,,29,29,18,pre,post_odor,True,0.3030553460121155,3.3132505416870117,-1.5931363105773926
p370,process,,30,30,18,pre,post_odor,True,-0.12273605912923813,2.357449531555176,-1.702343463897705
p370,process,,31,31,0,pre,post_odor,True,0.5285927057266235,3.0840036869049072,-1.6874513626098633
p370,process,,32,32,12,post,post_odor,True,0.2911202907562256,1.920488953590393,-1.1149413585662842
p370,process,,33,33,18,post,post_odor,True,0.10495380312204361,2.647259473800659,-1.3344199657440186
p370,process,,34,34,40,post,post_odor,True,-0.25063151121139526,1.1949833631515503,-1.4371525049209595
p370,process,,35,35,32,post,post_odor,True,-0.26255330443382263,1.1893197298049927,-1.4348223209381104
p370,process,,36,36,31,post,post_odor,True,0.11670196056365967,2.443154811859131,-1.0917787551879883
p370,process,,37,37,0,post,post_odor,True,0.16786812245845795,4.004730701446533,-1.0801327228546143
p370,process,,38,38,4,post,post_odor,True,0.3763137459754944,1.5248193740844727,-0.7334391474723816
p370,process,,39,39,2,post,post_odor,True,0.3130088746547699,1.9286669492721558,-0.9459545612335205
p370,process,,40,40,3,post,post_odor,True,0.17634999752044678,1.8330260515213013,-1.0688637495040894
p370,process,,41,41,21,post,post_odor,True,0.4111069440841675,1.7178759574890137,-1.1679543256759644
p370,process,,42,42,31,post,post_odor,True,0.01470582839101553,1.5846463441848755,-1.3070462942123413
p370,process,,43,43,2,post,post_odor,True,0.131389781832695,2.2977352142333984,-1.109376072883606
p370,process,,44,44,32,post,post_odor,True,-0.0772886723279953,2.650221586227417,-1.3082702159881592
p370,process,,45,45,40,post,post_odor,True,0.12343259900808334,1.6718748807907104,-1.0888508558273315
p370,process,,46,46,1,post,post_odor,True,-0.0814046859741211,2.141103744506836,-1.1847609281539917
p370,process,,47,47,0,post,post_odor,True,-0.10386953502893448,1.443934679031372,-1.072439432144165
p370,process,,48,48,22,post,post_odor,True,0.19114665687084198,2.423309326171875,-1.0300294160842896
p370,process,,49,49,10,post,post_odor,True,-0.005423222202807665,1.4352507591247559,-1.1996303796768188
p370,process,,50,50,1,post,post_odor,True,0.01299672294408083,1.2830020189285278,-1.1853638887405396
p370,process,,51,51,30,post,post_odor,True,0.010360108688473701,2.052098512649536,-1.1036590337753296
p370,process,,52,52,12,post,post_odor,True,0.17247332632541656,2.5196011066436768,-1.2728362083435059
p370,process,,53,53,3,post,post_odor,True,0.2176521122455597,2.2053208351135254,-1.0229872465133667
p370,process,,54,54,21,post,post_odor,True,0.533757209777832,2.9982240200042725,-0.8412225246429443
p370,process,,55,55,22,post,post_odor,True,0.25575730204582214,2.4001412391662598,-0.852718710899353
p370,process,,56,56,18,post,post_odor,True,-0.013253707438707352,2.261213541030884,-1.4649684429168701
p370,process,,57,57,30,post,post_odor,True,-0.0014773682923987508,1.8912135362625122,-1.3796191215515137
p370,process,,58,58,17,post,post_odor,True,0.5929184556007385,3.9322433471679688,-1.2098298072814941
p370,process,,59,59,39,post,post_odor,True,0.45438218116760254,2.264678478240967,-1.441121220588684
p370,process,,60,60,39,post,post_odor,True,0.7028145790100098,2.6766042709350586,-0.6231316328048706
p370,process,,61,61,17,post,post_odor,True,0.5628281831741333,3.0311856269836426,-1.5204776525497437
p370,process,,62,62,4,post,post_odor,True,-0.04653772711753845,2.390331506729126,-1.3309457302093506
p389,process,,0,0,39,pre,post_odor,True,-0.22753243148326874,4.284360885620117,-3.842768669128418
p389,process,,1,1,17,pre,post_odor,True,-0.43943658471107483,2.863323926925659,-2.952683687210083
p389,process,,2,2,32,pre,post_odor,True,1.4146051406860352,4.23392915725708,-1.3067302703857422
p389,process,,3,3,32,pre,post_odor,True,1.779152512550354,6.194183349609375,-1.9996592998504639
p389,process,,4,4,30,pre,post_odor,True,0.9518991112709045,4.454407215118408,-1.5840736627578735
p389,process,,5,5,40,pre,post_odor,True,0.4531209170818329,4.905762195587158,-2.5947108268737793
p389,process,,6,6,3,pre,post_odor,True,1.6121872663497925,4.860570430755615,-2.2807769775390625
p389,process,,7,7,2,pre,post_odor,True,1.9388294219970703,5.391313552856445,-1.850895643234253
p389,process,,8,8,1,pre,post_odor,True,0.6926380395889282,3.749969482421875,-2.5039238929748535
p389,process,,9,9,4,pre,post_odor,True,2.671257495880127,6.935434818267822,-0.919841468334198
p389,process,,10,10,31,pre,post_odor,True,2.7621963024139404,7.9656147956848145,-0.46650853753089905
p389,process,,11,11,21,pre,post_odor,True,0.2784751057624817,2.7678394317626953,-3.119044065475464
p389,process,,12,12,2,pre,post_odor,True,0.48123228549957275,3.367609739303589,-2.5353338718414307
p389,process,,13,13,39,pre,post_odor,True,-0.23796667158603668,2.571080207824707,-2.6871776580810547
p389,process,,14,14,1,pre,post_odor,True,0.3111722469329834,4.794842720031738,-4.356825351715088
p389,process,,15,15,12,pre,post_odor,True,2.0149197578430176,5.988008975982666,-1.4164313077926636
p389,process,,16,16,22,pre,post_odor,True,2.2566468715667725,6.334798336029053,-0.5001384615898132
p389,process,,17,17,10,pre,post_odor,True,1.3492708206176758,5.139826774597168,-1.0022438764572144
p389,process,,18,18,17,pre,post_odor,True,0.6840066909790039,3.4098052978515625,-1.860234260559082
p389,process,,19,19,31,pre,post_odor,True,1.1569255590438843,3.870556116104126,-1.380043625831604
p389,process,,20,20,30,pre,post_odor,True,0.27333053946495056,3.296483278274536,-1.9692898988723755
p389,process,,21,21,12,pre,post_odor,True,0.047559164464473724,2.4745397567749023,-1.5404934883117676
p389,process,,22,22,22,pre,post_odor,True,0.039892252534627914,2.0320918560028076,-1.66102135181427
p389,process,,23,23,4,pre,post_odor,True,0.22734881937503815,3.1697440147399902,-1.4992953538894653
p389,process,,24,24,0,pre,post_odor,True,0.32032936811447144,3.1794705390930176,-2.0658633708953857
p389,process,,25,25,3,pre,post_odor,True,0.04269620403647423,2.2503435611724854,-2.7491416931152344
p389,process,,26,26,40,pre,post_odor,True,1.0415016412734985,4.00006628036499,-1.5430527925491333
p389,process,,27,27,10,pre,post_odor,True,0.11409084498882294,3.037257671356201,-2.546743631362915
p389,process,,28,28,21,pre,post_odor,True,1.025538682937622,3.2348217964172363,-0.9194539189338684
p389,process,,29,29,18,pre,post_odor,True,0.058424267917871475,2.145130157470703,-1.6936031579971313
p389,process,,30,30,18,pre,post_odor,True,-0.543358325958252,1.4178283214569092,-1.7754151821136475
p389,process,,31,31,0,pre,post_odor,True,0.576129674911499,3.1663997173309326,-1.9458478689193726
p389,process,,32,32,12,post,post_odor,True,0.1662432700395584,1.4245835542678833,-0.7606796622276306
p389,process,,33,33,18,post,post_odor,True,0.04656726121902466,1.2853305339813232,-1.1612787246704102
p389,process,,34,34,40,post,post_odor,True,0.044384751468896866,2.253784656524658,-0.9583899974822998
p389,process,,35,35,32,post,post_odor,True,0.08177406340837479,1.5780415534973145,-0.9004822969436646
p389,process,,36,36,31,post,post_odor,True,0.028446730226278305,1.2655423879623413,-0.839222252368927
p389,process,,37,37,0,post,post_odor,True,-0.11794112622737885,1.1577004194259644,-1.1149104833602905
p389,process,,38,38,4,post,post_odor,True,0.008431871421635151,2.180546522140503,-0.9238765835762024
p389,process,,39,39,2,post,post_odor,True,-0.04859783127903938,1.0560293197631836,-0.8801789283752441
p389,process,,40,40,3,post,post_odor,True,0.03424511104822159,2.9917237758636475,-0.9312666654586792
p389,process,,41,41,21,post,post_odor,True,0.1462550014257431,2.175130605697632,-1.0417537689208984
p389,process,,42,42,31,post,post_odor,True,-0.15611563622951508,1.1269608736038208,-1.1608473062515259
p389,process,,43,43,2,post,post_odor,True,-0.09058021008968353,0.9699743986129761,-1.076892375946045
p389,process,,44,44,32,post,post_odor,True,0.2924743592739105,1.6478718519210815,-0.8638484477996826
p389,process,,45,45,40,post,post_odor,True,0.010623736307024956,2.38568115234375,-0.9048352241516113
p389,process,,46,46,1,post,post_odor,True,-0.1690780073404312,0.9674775004386902,-0.8935034275054932
p389,process,,47,47,0,post,post_odor,True,0.02645258419215679,1.5536253452301025,-1.0034266710281372
p389,process,,48,48,22,post,post_odor,True,-0.14473402500152588,0.6839682459831238,-1.0942083597183228
p389,process,,49,49,10,post,post_odor,True,-0.04809980466961861,1.0790199041366577,-1.007165551185608
p389,process,,50,50,1,post,post_odor,True,0.026385564357042313,2.0698468685150146,-1.0539287328720093
p389,process,,51,51,30,post,post_odor,True,-0.15289367735385895,1.6123661994934082,-1.08420991897583
p389,process,,52,52,12,post,post_odor,True,-0.10222754627466202,1.2763744592666626,-1.4622615575790405
p389,process,,53,53,3,post,post_odor,True,0.07558392733335495,1.1584473848342896,-1.1173609495162964
p389,process,,54,54,21,post,post_odor,True,0.01588621735572815,1.570928692817688,-0.9077805280685425
p389,process,,55,55,22,post,post_odor,True,0.1805320382118225,2.3293333053588867,-0.998776376247406
p389,process,,56,56,18,post,post_odor,True,-0.019659724086523056,1.7189048528671265,-1.1774433851242065
p389,process,,57,57,30,post,post_odor,True,0.13101878762245178,1.9566594362258911,-0.75991290807724
p389,process,,58,58,17,post,post_odor,True,0.10663232952356339,1.6142712831497192,-0.7561535835266113
p389,process,,59,59,39,post,post_odor,True,-0.08396658301353455,1.616996169090271,-1.1817933320999146
p389,process,,60,60,39,post,post_odor,True,0.18937094509601593,2.0524098873138428,-0.8563475608825684
p389,process,,61,61,17,post,post_odor,True,0.1358894258737564,1.2273247241973877,-0.9871551990509033
p389,process,,62,62,4,post,post_odor,True,-0.1387680023908615,1.2643249034881592,-1.377456784248352
p408,process,,0,0,39,pre,post_odor,True,-0.6029301285743713,3.705064058303833,-3.5383312702178955
p408,process,,1,1,17,pre,post_odor,True,-3.6454102993011475,-0.281640887260437,-6.40739631652832
p408,process,,2,2,32,pre,post_odor,True,1.2860466241836548,7.696228981018066,-1.8966587781906128
p408,process,,3,3,32,pre,post_odor,True,0.5022538900375366,6.250370979309082,-2.4146718978881836
p408,process,,4,4,30,pre,post_odor,True,0.17608222365379333,4.364144325256348,-2.931009531021118
p408,process,,5,5,40,pre,post_odor,True,-0.47114259004592896,3.7092502117156982,-2.4705970287323
p408,process,,6,6,3,pre,post_odor,True,1.8085678815841675,4.502216815948486,-0.18444553017616272
p408,process,,7,7,2,pre,post_odor,True,1.807447075843811,7.69349479675293,-1.1516793966293335
p408,process,,8,8,1,pre,post_odor,True,0.33871766924858093,3.441844940185547,-2.531939744949341
p408,process,,9,9,4,pre,post_odor,True,1.2234827280044556,5.030373573303223,-1.7170778512954712
p408,process,,10,10,31,pre,post_odor,True,1.3915283679962158,7.0251569747924805,-1.7269476652145386
p408,process,,11,11,21,pre,post_odor,True,0.03874802589416504,3.487873077392578,-3.227466583251953
p408,process,,12,12,2,pre,post_odor,True,0.6412016153335571,4.350513458251953,-1.9184883832931519
p408,process,,13,13,39,pre,post_odor,True,-0.41753724217414856,2.715768337249756,-2.6220338344573975
p408,process,,14,14,1,pre,post_odor,True,0.702334463596344,4.918467044830322,-1.6577448844909668
p408,process,,15,15,12,pre,post_odor,True,1.0686546564102173,5.412350177764893,-2.047415256500244
p408,process,,16,16,22,pre,post_odor,True,0.8270933628082275,3.46981143951416,-1.6940504312515259
p408,process,,17,17,10,pre,post_odor,True,1.2229052782058716,5.614925384521484,-1.8427274227142334
p408,process,,18,18,17,pre,post_odor,True,-0.8026694655418396,1.520700216293335,-3.0969982147216797
p408,process,,19,19,31,pre,post_odor,True,0.5102782249450684,4.062033176422119,-1.5833054780960083
p408,process,,20,20,30,pre,post_odor,True,1.4912383556365967,5.730971813201904,-1.3356456756591797
p408,process,,21,21,12,pre,post_odor,True,0.9581491947174072,4.03373384475708,-1.4358899593353271
p408,process,,22,22,22,pre,post_odor,True,-0.5071163177490234,2.2479398250579834,-2.690124273300171
p408,process,,23,23,4,pre,post_odor,True,-0.41136854887008667,3.5797390937805176,-3.0661373138427734
p408,process,,24,24,0,pre,post_odor,True,0.7200220823287964,4.25003719329834,-3.2431252002716064
p408,process,,25,25,3,pre,post_odor,True,-0.0341428779065609,2.818488597869873,-2.81062912940979
p408,process,,26,26,40,pre,post_odor,True,1.573087215423584,4.441202163696289,-1.8779085874557495
p408,process,,27,27,10,pre,post_odor,True,0.08523000776767731,4.315496444702148,-2.63919997215271
p408,process,,28,28,21,pre,post_odor,True,1.2954528331756592,5.953277111053467,-1.790852427482605
p408,process,,29,29,18,pre,post_odor,True,0.7575293183326721,5.356912136077881,-2.2116892337799072
p408,process,,30,30,18,pre,post_odor,True,-0.48891642689704895,1.7243878841400146,-3.0132617950439453
p408,process,,31,31,0,pre,post_odor,True,0.8628935813903809,4.314794540405273,-1.7731518745422363
p408,process,,32,32,12,post,post_odor,True,0.10479805618524551,1.1107107400894165,-0.6704601049423218
p408,process,,33,33,18,post,post_odor,True,-0.03386560454964638,1.8297044038772583,-0.8610132336616516
p408,process,,34,34,40,post,post_odor,True,-0.17942370474338531,0.9858148097991943,-1.2113021612167358
p408,process,,35,35,32,post,post_odor,True,0.08346810191869736,1.548772931098938,-1.109849214553833
p408,process,,36,36,31,post,post_odor,True,0.29936888813972473,1.4942163228988647,-0.7728238701820374
p408,process,,37,37,0,post,post_odor,True,0.05101994797587395,1.6535756587982178,-0.9940224885940552
p408,process,,38,38,4,post,post_odor,True,0.32916533946990967,1.704853892326355,-1.041256070137024
p408,process,,39,39,2,post,post_odor,True,0.1713060736656189,1.682089924812317,-0.9060665965080261
p408,process,,40,40,3,post,post_odor,True,0.024225646629929543,1.5331462621688843,-0.8306780457496643
p408,process,,41,41,21,post,post_odor,True,0.45951196551322937,2.315523624420166,-0.9559727311134338
p408,process,,42,42,31,post,post_odor,True,0.04330518841743469,1.503516674041748,-1.405437707901001
p408,process,,43,43,2,post,post_odor,True,0.1353013664484024,1.6450269222259521,-1.0725255012512207
p408,process,,44,44,32,post,post_odor,True,0.25487667322158813,1.3934564590454102,-0.8102583289146423
p408,process,,45,45,40,post,post_odor,True,0.034137893468141556,1.1405894756317139,-1.0188181400299072
p408,process,,46,46,1,post,post_odor,True,0.21084362268447876,2.199986457824707,-1.0375765562057495
p408,process,,47,47,0,post,post_odor,True,-0.03748292475938797,1.2439945936203003,-0.9709465503692627
p408,process,,48,48,22,post,post_odor,True,0.275015652179718,1.6213147640228271,-0.7608401775360107
p408,process,,49,49,10,post,post_odor,True,0.026737436652183533,2.5153043270111084,-1.1561565399169922
p408,process,,50,50,1,post,post_odor,True,-0.04186921566724777,1.3290399312973022,-1.0815045833587646
p408,process,,51,51,30,post,post_odor,True,0.24236378073692322,1.6354153156280518,-0.9818910360336304
p408,process,,52,52,12,post,post_odor,True,0.2569981515407562,1.9107240438461304,-0.858555257320404
p408,process,,53,53,3,post,post_odor,True,0.24909210205078125,1.8446789979934692,-0.7580089569091797
p408,process,,54,54,21,post,post_odor,True,0.5004129409790039,2.6727662086486816,-0.8099431991577148
p408,process,,55,55,22,post,post_odor,True,0.25361892580986023,1.4669530391693115,-0.8422185778617859
p408,process,,56,56,18,post,post_odor,True,-0.1039348691701889,1.203222393989563,-1.3328347206115723
p408,process,,57,57,30,post,post_odor,True,0.3186582326889038,1.8047595024108887,-0.7157446146011353
p408,process,,58,58,17,post,post_odor,True,0.18130794167518616,3.027226448059082,-0.8850000500679016
p408,process,,59,59,39,post,post_odor,True,-0.021666280925273895,0.8169330358505249,-1.0788170099258423
p408,process,,60,60,39,post,post_odor,True,0.07523202151060104,1.0101228952407837,-1.1376575231552124
p408,process,,61,61,17,post,post_odor,True,0.17055043578147888,2.6124300956726074,-1.0810823440551758
p408,process,,62,62,4,post,post_odor,True,-0.16822932660579681,1.7799651622772217,-1.597947597503662
p427,process,,0,0,39,pre,post_odor,True,-0.8072934150695801,2.017930269241333,-3.782559394836426
p427,process,,1,1,17,pre,post_odor,True,-2.389012098312378,-0.14834946393966675,-4.128905773162842
p427,process,,2,2,32,pre,post_odor,True,1.417362093925476,3.3838376998901367,-1.0907891988754272
p427,process,,3,3,32,pre,post_odor,True,-0.9881541132926941,2.27180552482605,-3.856015205383301
p427,process,,4,4,30,pre,post_odor,True,0.13403759896755219,3.991738796234131,-3.2925913333892822
p427,process,,5,5,40,pre,post_odor,True,1.5921982526779175,5.381079196929932,-1.5548001527786255
p427,process,,6,6,3,pre,post_odor,True,0.464517205953598,3.9382383823394775,-1.5470514297485352
p427,process,,7,7,2,pre,post_odor,True,0.5493831038475037,4.8919677734375,-2.837829351425171
p427,process,,8,8,1,pre,post_odor,True,-0.3618890047073364,2.7073726654052734,-2.472372531890869
p427,process,,9,9,4,pre,post_odor,True,0.7425011396408081,3.5718085765838623,-1.4639407396316528
p427,process,,10,10,31,pre,post_odor,True,-1.154856562614441,2.6384832859039307,-3.5967767238616943
p427,process,,11,11,21,pre,post_odor,True,0.06263771653175354,3.5818440914154053,-2.89563250541687
p427,process,,12,12,2,pre,post_odor,True,0.19272489845752716,3.839541435241699,-2.544451951980591
p427,process,,13,13,39,pre,post_odor,True,-0.5901237726211548,2.125368595123291,-2.9214322566986084
p427,process,,14,14,1,pre,post_odor,True,-0.5754498839378357,1.782946228981018,-3.340581178665161
p427,process,,15,15,12,pre,post_odor,True,0.9859607219696045,4.938249111175537,-1.4580553770065308
p427,process,,16,16,22,pre,post_odor,True,1.0647987127304077,5.169902801513672,-1.793208360671997
p427,process,,17,17,10,pre,post_odor,True,1.0309025049209595,6.497999668121338,-1.399152398109436
p427,process,,18,18,17,pre,post_odor,True,0.7750564217567444,4.186993598937988,-2.3300819396972656
p427,process,,19,19,31,pre,post_odor,True,-0.35086333751678467,2.960404872894287,-3.4890875816345215
p427,process,,20,20,30,pre,post_odor,True,-0.37355777621269226,3.1347098350524902,-2.641643762588501
p427,process,,21,21,12,pre,post_odor,True,0.8233128190040588,3.2577197551727295,-1.6080886125564575
p427,process,,22,22,22,pre,post_odor,True,0.11044292896986008,4.139006614685059,-1.9916296005249023
p427,process,,23,23,4,pre,post_odor,True,0.40529173612594604,3.5782790184020996,-1.8699915409088135
p427,process,,24,24,0,pre,post_odor,True,1.995357632637024,5.546256065368652,-1.804447889328003
p427,process,,25,25,3,pre,post_odor,True,0.01163394469767809,3.0136399269104004,-1.272039532661438
p427,process,,26,26,40,pre,post_odor,True,1.6777632236480713,5.029239177703857,-0.7439398169517517
p427,process,,27,27,10,pre,post_odor,True,0.7977829575538635,4.574128150939941,-1.8584715127944946
p427,process,,28,28,21,pre,post_odor,True,1.2707113027572632,4.382040023803711,-1.3600603342056274
p427,process,,29,29,18,pre,post_odor,True,0.14151932299137115,3.3008346557617188,-1.6963427066802979
p427,process,,30,30,18,pre,post_odor,True,1.2830005884170532,4.890742778778076,-0.7915508151054382
p427,process,,31,31,0,pre,post_odor,True,-0.05715826526284218,2.5493621826171875,-1.6756281852722168
p427,process,,32,32,12,post,post_odor,True,0.10562032461166382,0.9768190383911133,-0.5879302620887756
p427,process,,33,33,18,post,post_odor,True,0.12412154674530029,1.4726442098617554,-0.6679046750068665
p427,process,,34,34,40,post,post_odor,True,0.021205583587288857,0.8824194669723511,-0.9693976640701294
p427,process,,35,35,32,post,post_odor,True,0.0379038006067276,0.9863489866256714,-0.6882642507553101
p427,process,,36,36,31,post,post_odor,True,0.18456092476844788,1.513380765914917,-0.8445934653282166
p427,process,,37,37,0,post,post_odor,True,-0.10299380868673325,1.3695852756500244,-0.8267741799354553
p427,process,,38,38,4,post,post_odor,True,-0.11150718480348587,0.6327713131904602,-0.7838326096534729
p427,process,,39,39,2,post,post_odor,True,-0.15579994022846222,1.007246494293213,-0.8596140742301941
p427,process,,40,40,3,post,post_odor,True,0.025766829028725624,1.1385276317596436,-0.744040310382843
p427,process,,41,41,21,post,post_odor,True,0.3750954866409302,1.7159626483917236,-0.8267108201980591
p427,process,,42,42,31,post,post_odor,True,-0.12613463401794434,0.515921950340271,-0.9762363433837891
p427,process,,43,43,2,post,post_odor,True,0.02124887891113758,1.4416271448135376,-0.747397780418396
p427,process,,44,44,32,post,post_odor,True,0.027175169438123703,0.8549541234970093,-0.8523950576782227
p427,process,,45,45,40,post,post_odor,True,0.04291457682847977,1.628042459487915,-0.7000065445899963
p427,process,,46,46,1,post,post_odor,True,0.016039934009313583,0.9506747722625732,-0.9136572480201721
p427,process,,47,47,0,post,post_odor,True,0.2221175730228424,1.7811952829360962,-0.6644994616508484
p427,process,,48,48,22,post,post_odor,True,0.06280039995908737,1.1988643407821655,-1.084715723991394
p427,process,,49,49,10,post,post_odor,True,0.12145477533340454,1.1268091201782227,-0.6779800653457642
p427,process,,50,50,1,post,post_odor,True,0.08879823237657547,1.3672726154327393,-0.9024660587310791
p427,process,,51,51,30,post,post_odor,True,-0.348241925239563,0.8538117408752441,-1.1284977197647095
p427,process,,52,52,12,post,post_odor,True,0.16572891175746918,1.34959876537323,-0.6930425763130188
p427,process,,53,53,3,post,post_odor,True,0.08088691532611847,1.5861841440200806,-1.0521631240844727
p427,process,,54,54,21,post,post_odor,True,0.5579504370689392,2.3183579444885254,-0.712761402130127
p427,process,,55,55,22,post,post_odor,True,0.029900064691901207,1.0975383520126343,-0.6804646253585815
p427,process,,56,56,18,post,post_odor,True,-0.0181297454982996,1.1001722812652588,-0.8361034393310547
p427,process,,57,57,30,post,post_odor,True,0.264091819524765,1.7571914196014404,-0.5482550859451294
p427,process,,58,58,17,post,post_odor,True,0.11478538066148758,2.029561996459961,-1.100847601890564
p427,process,,59,59,39,post,post_odor,True,0.0007441745256073773,1.1923667192459106,-0.8102234601974487
p427,process,,60,60,39,post,post_odor,True,0.32105839252471924,1.7292393445968628,-0.7929239273071289
p427,process,,61,61,17,post,post_odor,True,0.24317163228988647,2.6365604400634766,-1.034102201461792
p427,process,,62,62,4,post,post_odor,True,-0.0676155686378479,1.7541344165802002,-1.1939388513565063
p446,process,,0,0,39,pre,post_odor,True,0.33031532168388367,2.838888168334961,-2.40265154838562
p446,process,,1,1,17,pre,post_odor,True,-0.28713253140449524,2.0631160736083984,-2.38726544380188
p446,process,,2,2,32,pre,post_odor,True,2.1139955520629883,4.8248610496521,-1.732542872428894
p446,process,,3,3,32,pre,post_odor,True,0.9970972537994385,3.3087337017059326,-1.417621374130249
p446,process,,4,4,30,pre,post_odor,True,0.15137428045272827,3.1762185096740723,-2.8113486766815186
p446,process,,5,5,40,pre,post_odor,True,-0.11507078260183334,2.4197871685028076,-3.4128847122192383
p446,process,,6,6,3,pre,post_odor,True,2.315429449081421,6.446951866149902,-1.676625370979309
p446,process,,7,7,2,pre,post_odor,True,0.947694718837738,5.2572784423828125,-2.0751166343688965
p446,process,,8,8,1,pre,post_odor,True,0.5753174424171448,3.245696783065796,-2.0434000492095947
p446,process,,9,9,4,pre,post_odor,True,1.7332754135131836,6.517434597015381,-1.2726342678070068
p446,process,,10,10,31,pre,post_odor,True,0.8769777417182922,4.148676872253418,-2.6844842433929443
p446,process,,11,11,21,pre,post_odor,True,0.4404434263706207,3.5296835899353027,-2.24137544631958
p446,process,,12,12,2,pre,post_odor,True,-0.21610495448112488,2.256809949874878,-3.4141831398010254
p446,process,,13,13,39,pre,post_odor,True,0.5496888160705566,4.40378999710083,-2.422114372253418
p446,process,,14,14,1,pre,post_odor,True,0.17867615818977356,2.724655866622925,-2.633960723876953
p446,process,,15,15,12,pre,post_odor,True,1.4952850341796875,5.706604957580566,-3.4551422595977783
p446,process,,16,16,22,pre,post_odor,True,1.8010038137435913,4.258507251739502,-0.5943092703819275
p446,process,,17,17,10,pre,post_odor,True,0.5513448715209961,4.645310401916504,-2.815917730331421
p446,process,,18,18,17,pre,post_odor,True,1.770169734954834,4.317470073699951,-0.09127617627382278
p446,process,,19,19,31,pre,post_odor,True,0.45104727149009705,3.975630760192871,-3.353541135787964
p446,process,,20,20,30,pre,post_odor,True,0.11984613537788391,3.8791098594665527,-1.2964059114456177
p446,process,,21,21,12,pre,post_odor,True,0.2629375159740448,4.3450093269348145,-2.1305692195892334
p446,process,,22,22,22,pre,post_odor,True,0.03330812230706215,2.7711522579193115,-3.022704601287842
p446,process,,23,23,4,pre,post_odor,True,-0.7998524308204651,2.3054323196411133,-3.056673526763916
p446,process,,24,24,0,pre,post_odor,True,0.6930853724479675,5.3887939453125,-3.187556505203247
p446,process,,25,25,3,pre,post_odor,True,-0.12235469371080399,2.769775390625,-2.4601361751556396
p446,process,,26,26,40,pre,post_odor,True,1.3363608121871948,3.806917190551758,-0.6526252031326294
p446,process,,27,27,10,pre,post_odor,True,-0.450158029794693,2.0536234378814697,-2.7061257362365723
p446,process,,28,28,21,pre,post_odor,True,1.0352697372436523,3.5915815830230713,-2.0645039081573486
p446,process,,29,29,18,pre,post_odor,True,0.8827345371246338,2.7741661071777344,-1.6290500164031982
p446,process,,30,30,18,pre,post_odor,True,-0.014470109716057777,2.4159250259399414,-1.8781100511550903
p446,process,,31,31,0,pre,post_odor,True,0.338649183511734,3.6766629219055176,-1.5729892253875732
p446,process,,32,32,12,post,post_odor,True,0.07553865760564804,1.61123526096344,-0.8493704199790955
p446,process,,33,33,18,post,post_odor,True,0.19741107523441315,1.1783359050750732,-0.6499869227409363
p446,process,,34,34,40,post,post_odor,True,0.05397079512476921,1.016117811203003,-0.8744276165962219
p446,process,,35,35,32,post,post_odor,True,-0.023089362308382988,0.9649904370307922,-0.8035227656364441
p446,process,,36,36,31,post,post_odor,True,0.16892215609550476,1.2467979192733765,-0.5796293616294861
p446,process,,37,37,0,post,post_odor,True,-0.11418330669403076,1.1217308044433594,-1.4478669166564941
p446,process,,38,38,4,post,post_odor,True,-0.13609690964221954,0.9599212408065796,-0.7515880465507507
p446,process,,39,39,2,post,post_odor,True,-0.07068490236997604,0.8083347678184509,-0.9394239783287048
p446,process,,40,40,3,post,post_odor,True,0.08975421637296677,1.04267418384552,-0.7943239808082581
p446,process,,41,41,21,post,post_odor,True,-0.0422038808465004,0.9167340993881226,-1.0463815927505493
p446,process,,42,42,31,post,post_odor,True,-0.0638049989938736,1.1285488605499268,-0.776807427406311
p446,process,,43,43,2,post,post_odor,True,-0.18579578399658203,0.6789658069610596,-1.0544378757476807
p446,process,,44,44,32,post,post_odor,True,0.08082541078329086,0.944736123085022,-0.8010210394859314
p446,process,,45,45,40,post,post_odor,True,0.1460564136505127,1.4446128606796265,-0.7349169850349426
p446,process,,46,46,1,post,post_odor,True,0.19076722860336304,1.3522552251815796,-0.9645340442657471
p446,process,,47,47,0,post,post_odor,True,0.053275756537914276,1.253458857536316,-1.1653071641921997
p446,process,,48,48,22,post,post_odor,True,0.0734017863869667,0.7836695909500122,-1.0562509298324585
p446,process,,49,49,10,post,post_odor,True,-0.16175030171871185,1.1695252656936646,-1.2728599309921265
p446,process,,50,50,1,post,post_odor,True,0.042077068239450455,1.3863589763641357,-0.8213323354721069
p446,process,,51,51,30,post,post_odor,True,-0.06838446855545044,0.8705081343650818,-0.8317323923110962
p446,process,,52,52,12,post,post_odor,True,0.07638586312532425,1.0131046772003174,-0.7012524008750916
p446,process,,53,53,3,post,post_odor,True,0.09615443646907806,1.0158723592758179,-0.883549153804779
p446,process,,54,54,21,post,post_odor,True,0.338095486164093,1.3853120803833008,-0.5048123598098755
p446,process,,55,55,22,post,post_odor,True,0.056198932230472565,1.2047057151794434,-0.9744731783866882
p446,process,,56,56,18,post,post_odor,True,0.050316259264945984,1.1788254976272583,-0.8131909370422363
p446,process,,57,57,30,post,post_odor,True,-0.05977802351117134,0.9221070408821106,-1.2183270454406738
p446,process,,58,58,17,post,post_odor,True,-0.06353043764829636,0.965824544429779,-0.9680618047714233
p446,process,,59,59,39,post,post_odor,True,0.04981643706560135,1.579058289527893,-0.7252233624458313
p446,process,,60,60,39,post,post_odor,True,0.22960007190704346,1.9035745859146118,-0.8671181201934814
p446,process,,61,61,17,post,post_odor,True,0.05395990237593651,0.9072604179382324,-0.8716970682144165
p446,process,,62,62,4,post,post_odor,True,-0.12747207283973694,0.9040665030479431,-0.8868459463119507
p465,process,,0,0,39,pre,post_odor,True,2.242058038711548,8.43363094329834,-2.2163238525390625
p465,process,,1,1,17,pre,post_odor,True,1.9407060146331787,8.370271682739258,-1.3978707790374756
p465,process,,2,2,32,pre,post_odor,True,1.7480549812316895,10.434377670288086,-1.4817005395889282
p465,process,,3,3,32,pre,post_odor,True,2.601022481918335,9.182595252990723,-2.395043134689331
p465,process,,4,4,30,pre,post_odor,True,1.6684123277664185,10.710041046142578,-2.550710439682007
p465,process,,5,5,40,pre,post_odor,True,1.1633156538009644,5.529739856719971,-2.998199224472046
p465,process,,6,6,3,pre,post_odor,True,3.9572036266326904,8.718140602111816,0.030643390491604805
p465,process,,7,7,2,pre,post_odor,True,2.857651710510254,9.741917610168457,-1.7638005018234253
p465,process,,8,8,1,pre,post_odor,True,0.8085125088691711,5.528526306152344,-2.6921141147613525
p465,process,,9,9,4,pre,post_odor,True,1.7514042854309082,5.129458904266357,-0.9395859241485596
p465,process,,10,10,31,pre,post_odor,True,2.406643867492676,10.10753345489502,-0.730922520160675
p465,process,,11,11,21,pre,post_odor,True,1.9103071689605713,7.673922061920166,-2.3927409648895264
p465,process,,12,12,2,pre,post_odor,True,0.2867036461830139,6.049114227294922,-2.8395259380340576
p465,process,,13,13,39,pre,post_odor,True,1.6136503219604492,5.590786933898926,-1.3226696252822876
p465,process,,14,14,1,pre,post_odor,True,1.2436538934707642,6.376752853393555,-2.3750760555267334
p465,process,,15,15,12,pre,post_odor,True,2.252671480178833,6.814903259277344,-0.6797457337379456
p465,process,,16,16,22,pre,post_odor,True,1.8607759475708008,8.754987716674805,-1.7093675136566162
p465,process,,17,17,10,pre,post_odor,True,1.4855632781982422,7.04583215713501,-1.4912124872207642
p465,process,,18,18,17,pre,post_odor,True,0.7359217405319214,4.132271766662598,-2.1665470600128174
p465,process,,19,19,31,pre,post_odor,True,1.201377272605896,4.540926456451416,-1.380057454109192
p465,process,,20,20,30,pre,post_odor,True,0.9186574816703796,4.917457580566406,-1.1649335622787476
p465,process,,21,21,12,pre,post_odor,True,0.5900056958198547,3.6894736289978027,-2.384276866912842
p465,process,,22,22,22,pre,post_odor,True,0.5959608554840088,4.395805835723877,-1.7081124782562256
p465,process,,23,23,4,pre,post_odor,True,0.37913042306900024,3.767583131790161,-1.9324012994766235
p465,process,,24,24,0,pre,post_odor,True,1.4519977569580078,5.206329345703125,-1.3440113067626953
p465,process,,25,25,3,pre,post_odor,True,0.5198357105255127,3.587942123413086,-2.3548738956451416
p465,process,,26,26,40,pre,post_odor,True,2.201829671859741,6.665959358215332,-1.1616804599761963
p465,process,,27,27,10,pre,post_odor,True,0.7482686042785645,5.193210601806641,-1.7536038160324097
p465,process,,28,28,21,pre,post_odor,True,2.9415552616119385,11.651847839355469,-0.9891901016235352
p465,process,,29,29,18,pre,post_odor,True,0.25472819805145264,5.700576305389404,-2.0476672649383545
p465,process,,30,30,18,pre,post_odor,True,0.17450477182865143,2.4832608699798584,-2.4358773231506348
p465,process,,31,31,0,pre,post_odor,True,1.0171090364456177,5.57717752456665,-1.3062411546707153
p465,process,,32,32,12,post,post_odor,True,0.09219840914011002,1.8047206401824951,-1.2146034240722656
p465,process,,33,33,18,post,post_odor,True,0.2298208475112915,2.265397548675537,-0.9492558836936951
p465,process,,34,34,40,post,post_odor,True,-0.13883152604103088,1.501477837562561,-1.1611952781677246
p465,process,,35,35,32,post,post_odor,True,-0.12706752121448517,2.3494603633880615,-1.1268608570098877
p465,process,,36,36,31,post,post_odor,True,-0.05532851442694664,1.6924364566802979,-1.0109639167785645
p465,process,,37,37,0,post,post_odor,True,0.21768644452095032,2.035991907119751,-0.7801468372344971
p465,process,,38,38,4,post,post_odor,True,0.32768818736076355,2.2897000312805176,-0.9501614570617676
p465,process,,39,39,2,post,post_odor,True,-0.08304187655448914,2.339320421218872,-1.3116991519927979
p465,process,,40,40,3,post,post_odor,True,0.10093703120946884,1.5495572090148926,-0.9467924237251282
p465,process,,41,41,21,post,post_odor,True,1.777401089668274,5.234849452972412,0.1678745448589325
p465,process,,42,42,31,post,post_odor,True,0.10324422270059586,1.331999659538269,-0.9931209087371826
p465,process,,43,43,2,post,post_odor,True,0.03911971300840378,1.537043571472168,-1.0673646926879883
p465,process,,44,44,32,post,post_odor,True,0.06135507673025131,1.6721055507659912,-0.8975061774253845
p465,process,,45,45,40,post,post_odor,True,0.020237581804394722,1.2253884077072144,-0.8777968287467957
p465,process,,46,46,1,post,post_odor,True,-0.12328526377677917,1.548256516456604,-1.0839687585830688
p465,process,,47,47,0,post,post_odor,True,-0.0867760106921196,1.0901459455490112,-0.8371239304542542
p465,process,,48,48,22,post,post_odor,True,-0.07663986086845398,0.9928810596466064,-0.9002197980880737
p465,process,,49,49,10,post,post_odor,True,-0.10421620309352875,2.1493098735809326,-1.0308104753494263
p465,process,,50,50,1,post,post_odor,True,-0.120533786714077,1.2937301397323608,-1.0653618574142456
p465,process,,51,51,30,post,post_odor,True,0.275640606880188,3.716386079788208,-1.0138720273971558
p465,process,,52,52,12,post,post_odor,True,0.032396893948316574,1.5844240188598633,-1.0462151765823364
p465,process,,53,53,3,post,post_odor,True,-0.13812404870986938,2.101346969604492,-1.2106913328170776
p465,process,,54,54,21,post,post_odor,True,1.3563014268875122,5.589057445526123,-0.8872507214546204
p465,process,,55,55,22,post,post_odor,True,-0.17776189744472504,1.7398029565811157,-1.2257040739059448
p465,process,,56,56,18,post,post_odor,True,0.11001864820718765,1.5080398321151733,-0.9975324869155884
p465,process,,57,57,30,post,post_odor,True,0.006206362973898649,2.6453254222869873,-1.0181330442428589
p465,process,,58,58,17,post,post_odor,True,0.10221242904663086,2.008655309677124,-0.991214394569397
p465,process,,59,59,39,post,post_odor,True,0.01730070821940899,1.4718661308288574,-1.115833044052124
p465,process,,60,60,39,post,post_odor,True,-0.10598985105752945,1.5795643329620361,-1.5309747457504272
p465,process,,61,61,17,post,post_odor,True,0.04612858220934868,2.05798602104187,-1.0574414730072021
p465,process,,62,62,4,post,post_odor,True,0.2723802924156189,2.563081741333008,-0.8959805965423584
p484,process,,0,0,39,pre,post_odor,True,0.7252064347267151,3.602201461791992,-1.6575291156768799
p484,process,,1,1,17,pre,post_odor,True,0.6079033017158508,3.7304532527923584,-1.872043251991272
p484,process,,2,2,32,pre,post_odor,True,1.3537282943725586,4.499825954437256,-2.223228931427002
p484,process,,3,3,32,pre,post_odor,True,1.15104079246521,5.070185661315918,-1.7797141075134277
p484,process,,4,4,30,pre,post_odor,True,0.8425424098968506,3.000603675842285,-2.356083393096924
p484,process,,5,5,40,pre,post_odor,True,0.3211338222026825,4.382044315338135,-2.9834892749786377
p484,process,,6,6,3,pre,post_odor,True,2.076324224472046,4.95521879196167,-0.9941397309303284
p484,process,,7,7,2,pre,post_odor,True,0.8095923662185669,3.9833858013153076,-1.1936513185501099
p484,process,,8,8,1,pre,post_odor,True,0.4937918186187744,4.229151725769043,-1.9690858125686646
p484,process,,9,9,4,pre,post_odor,True,1.2289650440216064,6.122320175170898,-1.601076364517212
p484,process,,10,10,31,pre,post_odor,True,1.2972012758255005,4.531371593475342,-1.7721551656723022
p484,process,,11,11,21,pre,post_odor,True,0.1028449684381485,3.0198371410369873,-2.43560791015625
p484,process,,12,12,2,pre,post_odor,True,0.6653206944465637,3.942958354949951,-2.3375349044799805
p484,process,,13,13,39,pre,post_odor,True,0.9574214220046997,4.929110527038574,-2.2031567096710205
p484,process,,14,14,1,pre,post_odor,True,0.014321353286504745,4.159768104553223,-2.1832356452941895
p484,process,,15,15,12,pre,post_odor,True,0.9694785475730896,4.8008904457092285,-2.7102417945861816
p484,process,,16,16,22,pre,post_odor,True,1.209902048110962,3.6890511512756348,-0.9904050230979919
p484,process,,17,17,10,pre,post_odor,True,1.30226469039917,4.8398027420043945,-1.3464683294296265
p484,process,,18,18,17,pre,post_odor,True,0.7242868542671204,4.474343299865723,-1.79221510887146
p484,process,,19,19,31,pre,post_odor,True,0.03531689941883087,2.7737534046173096,-1.8616746664047241
p484,process,,20,20,30,pre,post_odor,True,-0.043300166726112366,2.816579580307007,-1.7734366655349731
p484,process,,21,21,12,pre,post_odor,True,0.012494077906012535,2.928004264831543,-1.7689063549041748
p484,process,,22,22,22,pre,post_odor,True,0.15450255572795868,2.4977920055389404,-1.8956074714660645
p484,process,,23,23,4,pre,post_odor,True,-0.5129260420799255,3.336078405380249,-2.862764358520508
p484,process,,24,24,0,pre,post_odor,True,0.7035822868347168,5.77964973449707,-2.512366533279419
p484,process,,25,25,3,pre,post_odor,True,0.8135474920272827,3.932488441467285,-2.1389787197113037
p484,process,,26,26,40,pre,post_odor,True,2.124328374862671,6.649962425231934,-2.3067715167999268
p484,process,,27,27,10,pre,post_odor,True,-0.05103664472699165,3.3109254837036133,-3.9186432361602783
p484,process,,28,28,21,pre,post_odor,True,0.9635987281799316,4.675027847290039,-1.5445665121078491
p484,process,,29,29,18,pre,post_odor,True,0.5975779891014099,5.9772491455078125,-2.0738065242767334
p484,process,,30,30,18,pre,post_odor,True,-0.598579466342926,2.3209075927734375,-3.1555795669555664
p484,process,,31,31,0,pre,post_odor,True,0.15444345772266388,3.110358476638794,-3.157256841659546
p484,process,,32,32,12,post,post_odor,True,-0.1884404718875885,1.12874174118042,-1.0151634216308594
p484,process,,33,33,18,post,post_odor,True,-0.028400622308254242,1.2079594135284424,-1.2197222709655762
p484,process,,34,34,40,post,post_odor,True,-0.1753305047750473,1.2736579179763794,-1.1820478439331055
p484,process,,35,35,32,post,post_odor,True,-0.05712686479091644,1.7971218824386597,-1.1801353693008423
p484,process,,36,36,31,post,post_odor,True,-0.03025970049202442,1.3640987873077393,-1.2352813482284546
p484,process,,37,37,0,post,post_odor,True,0.10038306564092636,1.465462565422058,-1.1253494024276733
p484,process,,38,38,4,post,post_odor,True,-0.1301804780960083,0.8064303398132324,-1.0537813901901245
p484,process,,39,39,2,post,post_odor,True,-0.14561091363430023,1.8466029167175293,-1.3116315603256226
p484,process,,40,40,3,post,post_odor,True,-0.028822550550103188,1.2025717496871948,-1.4318598508834839
p484,process,,41,41,21,post,post_odor,True,-0.009253621101379395,1.5913158655166626,-1.1570391654968262
p484,process,,42,42,31,post,post_odor,True,-0.054724425077438354,1.1523947715759277,-1.4264129400253296
p484,process,,43,43,2,post,post_odor,True,-0.2496303915977478,1.0844277143478394,-1.3917323350906372
p484,process,,44,44,32,post,post_odor,True,-0.025533540174365044,1.7364442348480225,-1.5344419479370117
p484,process,,45,45,40,post,post_odor,True,0.028216373175382614,1.5973767042160034,-0.864546000957489
p484,process,,46,46,1,post,post_odor,True,0.04762222617864609,1.6822677850723267,-0.8781898617744446
p484,process,,47,47,0,post,post_odor,True,-0.23152752220630646,1.3406176567077637,-1.3771939277648926
p484,process,,48,48,22,post,post_odor,True,0.3604026138782501,3.416829824447632,-1.044519305229187
p484,process,,49,49,10,post,post_odor,True,0.05854414775967598,1.88752281665802,-0.8450512886047363
p484,process,,50,50,1,post,post_odor,True,-0.064434714615345,1.5039241313934326,-1.0155668258666992
p484,process,,51,51,30,post,post_odor,True,-0.031624991446733475,1.6923640966415405,-1.256739854812622
p484,process,,52,52,12,post,post_odor,True,0.27051812410354614,2.1924893856048584,-0.8123288750648499
p484,process,,53,53,3,post,post_odor,True,0.07656214386224747,1.932916522026062,-1.049410104751587
p484,process,,54,54,21,post,post_odor,True,0.5168890357017517,2.4183309078216553,-0.8917564749717712
p484,process,,55,55,22,post,post_odor,True,-0.1113431304693222,2.0835988521575928,-1.1689320802688599
p484,process,,56,56,18,post,post_odor,True,0.12102232873439789,1.8257827758789062,-1.2294822931289673
p484,process,,57,57,30,post,post_odor,True,0.14706335961818695,1.5948704481124878,-1.0394293069839478
p484,process,,58,58,17,post,post_odor,True,-0.0805501937866211,1.462823748588562,-1.4206596612930298
p484,process,,59,59,39,post,post_odor,True,0.040344782173633575,1.4867854118347168,-0.8379943370819092
p484,process,,60,60,39,post,post_odor,True,0.33820149302482605,2.153803825378418,-1.0803536176681519
p484,process,,61,61,17,post,post_odor,True,0.17581859230995178,2.104250192642212,-0.7445507645606995
p484,process,,62,62,4,post,post_odor,True,0.09516662359237671,1.6910390853881836,-1.0455418825149536
p503,process,,0,0,39,pre,post_odor,True,-0.19516296684741974,3.3397510051727295,-2.679938554763794
p503,process,,1,1,17,pre,post_odor,True,-2.2905592918395996,0.745440661907196,-5.436635494232178
p503,process,,2,2,32,pre,post_odor,True,0.22743770480155945,4.449301242828369,-2.6658642292022705
p503,process,,3,3,32,pre,post_odor,True,0.9265589714050293,5.541842460632324,-1.4192187786102295
p503,process,,4,4,30,pre,post_odor,True,0.05948159098625183,3.9716012477874756,-2.907618761062622
p503,process,,5,5,40,pre,post_odor,True,0.295261949300766,3.6587893962860107,-2.599278688430786
p503,process,,6,6,3,pre,post_odor,True,1.4952027797698975,5.017658233642578,-1.1130311489105225
p503,process,,7,7,2,pre,post_odor,True,1.3193517923355103,3.823608160018921,-0.9084715247154236
p503,process,,8,8,1,pre,post_odor,True,0.11840255558490753,2.815255880355835,-2.5378565788269043
p503,process,,9,9,4,pre,post_odor,True,1.4729397296905518,4.177534580230713,-0.6452170610427856
p503,process,,10,10,31,pre,post_odor,True,1.7725458145141602,7.485129356384277,-0.9153953194618225
p503,process,,11,11,21,pre,post_odor,True,0.14070722460746765,2.7935848236083984,-2.8102126121520996
p503,process,,12,12,2,pre,post_odor,True,0.40585851669311523,3.3314266204833984,-2.3067617416381836
p503,process,,13,13,39,pre,post_odor,True,0.3712703585624695,2.6449170112609863,-1.8570168018341064
p503,process,,14,14,1,pre,post_odor,True,0.9753619432449341,5.115300178527832,-1.856459140777588
p503,process,,15,15,12,pre,post_odor,True,1.443084716796875,7.033130168914795,-2.9377593994140625
p503,process,,16,16,22,pre,post_odor,True,1.777161955833435,4.385878086090088,-1.8407013416290283
p503,process,,17,17,10,pre,post_odor,True,0.4770752787590027,4.701026439666748,-2.501861810684204
p503,process,,18,18,17,pre,post_odor,True,0.6993833184242249,4.4407267570495605,-1.9568783044815063
p503,process,,19,19,31,pre,post_odor,True,1.297432541847229,5.684584140777588,-2.059896945953369
p503,process,,20,20,30,pre,post_odor,True,1.2520835399627686,7.914534091949463,-1.1643022298812866
p503,process,,21,21,12,pre,post_odor,True,0.439591646194458,3.374000310897827,-2.027317762374878
p503,process,,22,22,22,pre,post_odor,True,0.4133637249469757,3.5668649673461914,-1.2171820402145386
p503,process,,23,23,4,pre,post_odor,True,-0.515838086605072,3.9201600551605225,-2.3795056343078613
p503,process,,24,24,0,pre,post_odor,True,0.44076013565063477,5.257406711578369,-2.893937826156616
p503,process,,25,25,3,pre,post_odor,True,0.1329977810382843,2.6802122592926025,-2.3775904178619385
p503,process,,26,26,40,pre,post_odor,True,0.9719393849372864,4.19064998626709,-1.871427297592163
p503,process,,27,27,10,pre,post_odor,True,-0.35490480065345764,1.9893853664398193,-3.0724735260009766
p503,process,,28,28,21,pre,post_odor,True,1.0160726308822632,4.4787445068359375,-1.9606406688690186
p503,process,,29,29,18,pre,post_odor,True,0.7824815511703491,4.051570892333984,-1.4346760511398315
p503,process,,30,30,18,pre,post_odor,True,-0.2501193881034851,2.2448222637176514,-2.4568233489990234
p503,process,,31,31,0,pre,post_odor,True,0.8087279200553894,4.191483497619629,-1.9924637079238892
p503,process,,32,32,12,post,post_odor,True,-0.0004108016437385231,1.2928335666656494,-0.8468262553215027
p503,process,,33,33,18,post,post_odor,True,0.03161470219492912,1.6882504224777222,-1.24257230758667
p503,process,,34,34,40,post,post_odor,True,0.10778334736824036,1.1769829988479614,-1.1567625999450684
p503,process,,35,35,32,post,post_odor,True,-0.1224861741065979,0.6902832388877869,-0.8449268341064453
p503,process,,36,36,31,post,post_odor,True,0.10144997388124466,1.3002456426620483,-1.1208302974700928
p503,process,,37,37,0,post,post_odor,True,0.010480744764208794,1.1651809215545654,-1.2363967895507812
p503,process,,38,38,4,post,post_odor,True,0.04090723767876625,1.8961998224258423,-0.910153865814209
p503,process,,39,39,2,post,post_odor,True,0.2268599271774292,1.344765543937683,-0.7498964071273804
p503,process,,40,40,3,post,post_odor,True,0.2834928333759308,1.4370014667510986,-0.6665111184120178
p503,process,,41,41,21,post,post_odor,True,0.08670959621667862,1.4874240159988403,-1.0472124814987183
p503,process,,42,42,31,post,post_odor,True,-0.016141479834914207,1.747925043106079,-0.8839565515518188
p503,process,,43,43,2,post,post_odor,True,0.039254557341337204,1.400554895401001,-1.2389092445373535
p503,process,,44,44,32,post,post_odor,True,-0.034947074949741364,1.1909881830215454,-0.9812600016593933
p503,process,,45,45,40,post,post_odor,True,-0.009422429837286472,1.2500791549682617,-1.09679114818573
p503,process,,46,46,1,post,post_odor,True,-0.029174385592341423,2.0052483081817627,-1.7165954113006592
p503,process,,47,47,0,post,post_odor,True,0.11866763979196548,1.4632514715194702,-1.2529470920562744
p503,process,,48,48,22,post,post_odor,True,0.013873288407921791,1.1049166917800903,-1.1864970922470093
p503,process,,49,49,10,post,post_odor,True,-0.014390964061021805,1.0402050018310547,-1.1209080219268799
p503,process,,50,50,1,post,post_odor,True,-0.0028626504354178905,1.6198781728744507,-1.4408642053604126
p503,process,,51,51,30,post,post_odor,True,-0.12064261734485626,1.3428984880447388,-1.0681779384613037
p503,process,,52,52,12,post,post_odor,True,-0.05571521818637848,1.1339807510375977,-1.24800443649292
p503,process,,53,53,3,post,post_odor,True,-0.1302827149629593,1.331758737564087,-1.1527390480041504
p503,process,,54,54,21,post,post_odor,True,-0.004686955362558365,1.2296037673950195,-1.0577737092971802
p503,process,,55,55,22,post,post_odor,True,0.03372091054916382,1.1378980875015259,-0.8670544028282166
p503,process,,56,56,18,post,post_odor,True,0.13859903812408447,1.999919056892395,-0.9012850522994995
p503,process,,57,57,30,post,post_odor,True,-0.028764378279447556,1.080912470817566,-0.9506641626358032
p503,process,,58,58,17,post,post_odor,True,0.1211581826210022,2.584968328475952,-1.1662460565567017
p503,process,,59,59,39,post,post_odor,True,-0.1498594880104065,1.0631047487258911,-1.1864569187164307
p503,process,,60,60,39,post,post_odor,True,0.11504874378442764,1.3020110130310059,-1.1261675357818604
p503,process,,61,61,17,post,post_odor,True,0.15980859100818634,1.6367027759552002,-1.2498962879180908
p503,process,,62,62,4,post,post_odor,True,0.0903867557644844,1.436032772064209,-0.9979097843170166
p522,process,,0,0,39,pre,post_odor,True,0.16528156399726868,3.4275524616241455,-2.474656820297241
p522,process,,1,1,17,pre,post_odor,True,-0.47969889640808105,2.959568500518799,-4.116661548614502
p522,process,,2,2,32,pre,post_odor,True,0.34068283438682556,5.1545796394348145,-1.8440616130828857
p522,process,,3,3,32,pre,post_odor,True,0.6335012912750244,4.716211795806885,-2.268174409866333
p522,process,,4,4,30,pre,post_odor,True,0.23189498484134674,4.08706521987915,-2.4790961742401123
p522,process,,5,5,40,pre,post_odor,True,0.3217104971408844,4.182892799377441,-2.785231828689575
p522,process,,6,6,3,pre,post_odor,True,2.143691301345825,5.82329797744751,-0.6376187801361084
p522,process,,7,7,2,pre,post_odor,True,1.6855281591415405,5.3204755783081055,-1.3418720960617065
p522,process,,8,8,1,pre,post_odor,True,-0.010994146578013897,4.678071022033691,-2.7128188610076904
p522,process,,9,9,4,pre,post_odor,True,1.3806955814361572,5.743488311767578,-1.545177698135376
p522,process,,10,10,31,pre,post_odor,True,1.6836974620819092,6.133500099182129,-1.1018637418746948
p522,process,,11,11,21,pre,post_odor,True,1.229541301727295,4.507379055023193,-1.1686254739761353
p522,process,,12,12,2,pre,post_odor,True,0.1367301046848297,4.513579368591309,-2.4394383430480957
p522,process,,13,13,39,pre,post_odor,True,0.4425278902053833,6.590869426727295,-3.192730665206909
p522,process,,14,14,1,pre,post_odor,True,0.4838305413722992,4.2869110107421875,-2.9202911853790283
p522,process,,15,15,12,pre,post_odor,True,0.6661908030509949,5.018170356750488,-2.366170644760132
p522,process,,16,16,22,pre,post_odor,True,1.4968773126602173,5.988297939300537,-1.10689115524292
p522,process,,17,17,10,pre,post_odor,True,0.46384796500205994,3.222580671310425,-2.2272729873657227
p522,process,,18,18,17,pre,post_odor,True,1.5869289636611938,4.640661716461182,-1.9473481178283691
p522,process,,19,19,31,pre,post_odor,True,0.7303167581558228,3.4349560737609863,-1.9256436824798584
p522,process,,20,20,30,pre,post_odor,True,0.7715055346488953,4.375767230987549,-1.2785732746124268
p522,process,,21,21,12,pre,post_odor,True,0.4877137541770935,3.2187178134918213,-2.582301616668701
p522,process,,22,22,22,pre,post_odor,True,0.4021788537502289,3.409142255783081,-2.087291955947876
p522,process,,23,23,4,pre,post_odor,True,-0.3052886426448822,2.0717597007751465,-2.635037660598755
p522,process,,24,24,0,pre,post_odor,True,-0.07456149905920029,3.4791784286499023,-2.975093126296997
p522,process,,25,25,3,pre,post_odor,True,0.49444976449012756,4.4982404708862305,-2.455461263656616
p522,process,,26,26,40,pre,post_odor,True,0.7794772386550903,4.222466945648193,-2.5854804515838623
p522,process,,27,27,10,pre,post_odor,True,-0.6626409888267517,2.2636663913726807,-2.8587045669555664
p522,process,,28,28,21,pre,post_odor,True,1.4655797481536865,6.127618312835693,-1.956307291984558
p522,process,,29,29,18,pre,post_odor,True,0.8095253109931946,3.619978189468384,-1.3694798946380615
p522,process,,30,30,18,pre,post_odor,True,-0.7091109156608582,2.6391377449035645,-2.569791316986084
p522,process,,31,31,0,pre,post_odor,True,0.940338671207428,5.620609760284424,-2.817805528640747
p522,process,,32,32,12,post,post_odor,True,0.2585887014865875,3.4947752952575684,-0.9831191897392273
p522,process,,33,33,18,post,post_odor,True,0.0048740822821855545,1.929396629333496,-1.0910896062850952
p522,process,,34,34,40,post,post_odor,True,0.03970346227288246,1.4906549453735352,-0.9417771697044373
p522,process,,35,35,32,post,post_odor,True,-0.00048515989328734577,1.5543487071990967,-1.1286145448684692
p522,process,,36,36,31,post,post_odor,True,0.1289917230606079,1.5537739992141724,-0.6849123239517212
p522,process,,37,37,0,post,post_odor,True,0.11781676858663559,1.1150904893875122,-0.8512060046195984
p522,process,,38,38,4,post,post_odor,True,0.06713645905256271,1.3938196897506714,-0.8089002966880798
p522,process,,39,39,2,post,post_odor,True,-0.03931162878870964,1.3930264711380005,-1.0623879432678223
p522,process,,40,40,3,post,post_odor,True,-0.004736518021672964,1.1162221431732178,-0.8376244902610779
p522,process,,41,41,21,post,post_odor,True,0.498962938785553,2.645317792892456,-0.7645630240440369
p522,process,,42,42,31,post,post_odor,True,0.018187470734119415,1.568034052848816,-0.9673939347267151
p522,process,,43,43,2,post,post_odor,True,0.022501688450574875,1.0328019857406616,-1.0334694385528564
p522,process,,44,44,32,post,post_odor,True,-0.13090737164020538,0.9876205921173096,-0.9008627533912659
p522,process,,45,45,40,post,post_odor,True,0.14437086880207062,1.6626918315887451,-1.053274154663086
p522,process,,46,46,1,post,post_odor,True,0.05775229260325432,1.4493131637573242,-1.0667279958724976
p522,process,,47,47,0,post,post_odor,True,-0.0989137813448906,1.4012564420700073,-0.9665544033050537
p522,process,,48,48,22,post,post_odor,True,0.008179156109690666,1.1782495975494385,-0.7165350914001465
p522,process,,49,49,10,post,post_odor,True,0.062067143619060516,2.2939136028289795,-0.6553008556365967
p522,process,,50,50,1,post,post_odor,True,-0.06420695036649704,1.1194697618484497,-0.92786705493927
p522,process,,51,51,30,post,post_odor,True,0.0040598767809569836,1.2438749074935913,-0.8383970856666565
p522,process,,52,52,12,post,post_odor,True,0.08419229835271835,1.0689897537231445,-0.8366870284080505
p522,process,,53,53,3,post,post_odor,True,0.05972062423825264,0.9099041819572449,-0.9012817144393921
p522,process,,54,54,21,post,post_odor,True,0.13084274530410767,1.8039225339889526,-0.837557852268219
p522,process,,55,55,22,post,post_odor,True,0.11785959452390671,1.3014601469039917,-0.6207060813903809
p522,process,,56,56,18,post,post_odor,True,0.12244565784931183,1.0292620658874512,-0.5941157341003418
p522,process,,57,57,30,post,post_odor,True,0.021401938050985336,1.1884630918502808,-0.694058358669281
p522,process,,58,58,17,post,post_odor,True,0.11906122416257858,1.2363249063491821,-0.6592077016830444
p522,process,,59,59,39,post,post_odor,True,-0.04869760572910309,0.817539632320404,-0.815793514251709
p522,process,,60,60,39,post,post_odor,True,0.08270514011383057,1.0716243982315063,-0.6769540309906006
p522,process,,61,61,17,post,post_odor,True,0.16357558965682983,2.1256868839263916,-0.5565248131752014
p522,process,,62,62,4,post,post_odor,True,-0.049789972603321075,1.2067745923995972,-0.7683117389678955
p541,process,,0,0,39,pre,post_odor,True,0.13751845061779022,3.932631492614746,-3.156214952468872
p541,process,,1,1,17,pre,post_odor,True,-0.39934083819389343,2.026294708251953,-2.776167392730713
p541,process,,2,2,32,pre,post_odor,True,1.3705267906188965,3.9460196495056152,-1.07228422164917
p541,process,,3,3,32,pre,post_odor,True,0.5714706182479858,3.887162208557129,-1.3690135478973389
p541,process,,4,4,30,pre,post_odor,True,0.6467592716217041,4.899384021759033,-2.6571044921875
p541,process,,5,5,40,pre,post_odor,True,-0.10721287876367569,3.4225635528564453,-2.7462282180786133
p541,process,,6,6,3,pre,post_odor,True,1.5170230865478516,5.819841384887695,-1.323150873184204
p541,process,,7,7,2,pre,post_odor,True,1.2757244110107422,5.707192897796631,-1.7774044275283813
p541,process,,8,8,1,pre,post_odor,True,-0.29796117544174194,2.989362955093384,-2.1176557540893555
p541,process,,9,9,4,pre,post_odor,True,1.1938645839691162,4.605835914611816,-0.9924424290657043
p541,process,,10,10,31,pre,post_odor,True,0.8380369544029236,4.007463455200195,-1.6421709060668945
p541,process,,11,11,21,pre,post_odor,True,-0.12882749736309052,2.761566638946533,-2.8420753479003906
p541,process,,12,12,2,pre,post_odor,True,0.5733501315116882,3.1516776084899902,-2.1946229934692383
p541,process,,13,13,39,pre,post_odor,True,0.8817989230155945,3.9046578407287598,-1.466971516609192
p541,process,,14,14,1,pre,post_odor,True,-0.18726012110710144,1.5873219966888428,-2.560500383377075
p541,process,,15,15,12,pre,post_odor,True,0.7696276903152466,3.7515923976898193,-2.2409539222717285
p541,process,,16,16,22,pre,post_odor,True,2.297922134399414,4.933783054351807,-0.21836429834365845
p541,process,,17,17,10,pre,post_odor,True,1.4160223007202148,5.169412612915039,-1.5201495885849
p541,process,,18,18,17,pre,post_odor,True,1.3499854803085327,4.8784708976745605,-0.6052291989326477
p541,process,,19,19,31,pre,post_odor,True,-0.1226540207862854,1.803162932395935,-2.2416625022888184
p541,process,,20,20,30,pre,post_odor,True,0.05074416100978851,2.9434893131256104,-1.689602017402649
p541,process,,21,21,12,pre,post_odor,True,-0.06260406225919724,3.080108642578125,-2.319896936416626
p541,process,,22,22,22,pre,post_odor,True,-1.0817430019378662,2.2291147708892822,-2.9388837814331055
p541,process,,23,23,4,pre,post_odor,True,0.3150430917739868,3.606400728225708,-1.7701460123062134
p541,process,,24,24,0,pre,post_odor,True,-0.4334537386894226,3.49643874168396,-3.1564877033233643
p541,process,,25,25,3,pre,post_odor,True,-0.05503381788730621,2.8227596282958984,-3.354062557220459
p541,process,,26,26,40,pre,post_odor,True,1.6450903415679932,4.9904279708862305,-1.7791119813919067
p541,process,,27,27,10,pre,post_odor,True,-0.7369799017906189,2.227648973464966,-2.975560188293457
p541,process,,28,28,21,pre,post_odor,True,1.4240992069244385,6.177779197692871,-1.2037293910980225
p541,process,,29,29,18,pre,post_odor,True,0.37638556957244873,3.4388864040374756,-2.2032864093780518
p541,process,,30,30,18,pre,post_odor,True,-0.8542720675468445,2.1473121643066406,-3.755765676498413
p541,process,,31,31,0,pre,post_odor,True,0.7045873999595642,3.8476219177246094,-1.9466586112976074
p541,process,,32,32,12,post,post_odor,True,0.002261265181005001,1.621193289756775,-1.4400850534439087
p541,process,,33,33,18,post,post_odor,True,0.33024168014526367,2.5940732955932617,-1.1190826892852783
p541,process,,34,34,40,post,post_odor,True,-0.05695388466119766,1.5673378705978394,-1.324702262878418
p541,process,,35,35,32,post,post_odor,True,0.16453272104263306,2.7126502990722656,-2.147413492202759
p541,process,,36,36,31,post,post_odor,True,-0.11262806504964828,1.5653061866760254,-1.494974136352539
p541,process,,37,37,0,post,post_odor,True,-0.19642271101474762,1.421730875968933,-2.2815029621124268
p541,process,,38,38,4,post,post_odor,True,0.06021865829825401,1.7636082172393799,-1.337782621383667
p541,process,,39,39,2,post,post_odor,True,-0.19864459335803986,2.591956853866577,-1.952003836631775
p541,process,,40,40,3,post,post_odor,True,-0.03444961830973625,1.8115252256393433,-1.611043930053711
p541,process,,41,41,21,post,post_odor,True,0.1363249272108078,1.7929250001907349,-0.9481695294380188
p541,process,,42,42,31,post,post_odor,True,0.0036598776932805777,1.5598013401031494,-1.775031328201294
p541,process,,43,43,2,post,post_odor,True,-0.04580892249941826,1.9858826398849487,-1.447645664215088
p541,process,,44,44,32,post,post_odor,True,0.06675035506486893,3.0984349250793457,-1.9156498908996582
p541,process,,45,45,40,post,post_odor,True,-0.039427705109119415,2.2994256019592285,-1.7169091701507568
p541,process,,46,46,1,post,post_odor,True,-0.4819323718547821,1.5787514448165894,-1.8516780138015747
p541,process,,47,47,0,post,post_odor,True,0.10637953877449036,2.4649081230163574,-1.2972525358200073
p541,process,,48,48,22,post,post_odor,True,0.09816963225603104,1.645707368850708,-1.2541630268096924
p541,process,,49,49,10,post,post_odor,True,0.05910281464457512,2.0307395458221436,-1.0483787059783936
p541,process,,50,50,1,post,post_odor,True,-0.19510044157505035,1.6570242643356323,-1.5064585208892822
p541,process,,51,51,30,post,post_odor,True,0.049913275986909866,2.7188456058502197,-1.506706714630127
p541,process,,52,52,12,post,post_odor,True,0.22579479217529297,1.9995259046554565,-1.3365803956985474
p541,process,,53,53,3,post,post_odor,True,-0.032331373542547226,2.8332419395446777,-1.7920271158218384
p541,process,,54,54,21,post,post_odor,True,0.07346794009208679,2.856084108352661,-1.3164827823638916
p541,process,,55,55,22,post,post_odor,True,0.011285283602774143,1.6328142881393433,-1.7168890237808228
p541,process,,56,56,18,post,post_odor,True,-0.022081945091485977,1.2159168720245361,-1.3284425735473633
p541,process,,57,57,30,post,post_odor,True,0.07679013907909393,1.797541856765747,-1.5333415269851685
p541,process,,58,58,17,post,post_odor,True,0.1587708443403244,2.295578956604004,-1.258074402809143
p541,process,,59,59,39,post,post_odor,True,-0.0004969309084117413,1.7349566221237183,-1.5149863958358765
p541,process,,60,60,39,post,post_odor,True,0.11388935893774033,2.5209033489227295,-1.5061806440353394
p541,process,,61,61,17,post,post_odor,True,0.025499951094388962,1.9816099405288696,-1.1714755296707153
p541,process,,62,62,4,post,post_odor,True,0.014782638289034367,2.702836036682129,-1.3778859376907349
p560,process,,0,0,39,pre,post_odor,True,0.565193772315979,2.97704815864563,-2.5823419094085693
p560,process,,1,1,17,pre,post_odor,True,0.2538515627384186,2.910578727722168,-1.5792616605758667
p560,process,,2,2,32,pre,post_odor,True,2.273754596710205,4.907262325286865,-0.9767587780952454
p560,process,,3,3,32,pre,post_odor,True,1.8397828340530396,4.399223327636719,-1.1135470867156982
p560,process,,4,4,30,pre,post_odor,True,0.6284288763999939,2.8260409832000732,-2.983302354812622
p560,process,,5,5,40,pre,post_odor,True,-0.0715286135673523,2.8443660736083984,-3.689018964767456
p560,process,,6,6,3,pre,post_odor,True,2.298820734024048,5.989030838012695,-0.1304003894329071
p560,process,,7,7,2,pre,post_odor,True,2.135582685470581,4.638009071350098,-1.6628475189208984
p560,process,,8,8,1,pre,post_odor,True,0.1672445386648178,4.03948450088501,-1.8107447624206543
p560,process,,9,9,4,pre,post_odor,True,2.53537917137146,5.496793746948242,-1.1316404342651367
p560,process,,10,10,31,pre,post_odor,True,1.7178468704223633,4.0130205154418945,-0.5245022773742676
p560,process,,11,11,21,pre,post_odor,True,0.2924264669418335,3.7124345302581787,-1.9715790748596191
p560,process,,12,12,2,pre,post_odor,True,0.47799885272979736,2.394787311553955,-3.5664846897125244
p560,process,,13,13,39,pre,post_odor,True,1.398480772972107,3.386467933654785,-0.8636124134063721
p560,process,,14,14,1,pre,post_odor,True,1.0659539699554443,3.3842883110046387,-2.2135913372039795
p560,process,,15,15,12,pre,post_odor,True,1.20864999294281,4.624082565307617,-3.472533702850342
p560,process,,16,16,22,pre,post_odor,True,2.1982762813568115,7.011046409606934,-0.477627158164978
p560,process,,17,17,10,pre,post_odor,True,0.968525767326355,5.3673095703125,-3.5768685340881348
p560,process,,18,18,17,pre,post_odor,True,2.1528282165527344,5.213634967803955,-0.8285741806030273
p560,process,,19,19,31,pre,post_odor,True,0.06747975200414658,4.41439151763916,-3.1311168670654297
p560,process,,20,20,30,pre,post_odor,True,0.5263059139251709,3.900968551635742,-1.6839499473571777
p560,process,,21,21,12,pre,post_odor,True,-0.23484881222248077,2.651197910308838,-2.7391834259033203
p560,process,,22,22,22,pre,post_odor,True,0.48283401131629944,2.580821990966797,-2.109140634536743
p560,process,,23,23,4,pre,post_odor,True,-0.2926344871520996,2.5689609050750732,-3.001859426498413
p560,process,,24,24,0,pre,post_odor,True,0.003142282133921981,4.782096862792969,-3.5159852504730225
p560,process,,25,25,3,pre,post_odor,True,1.0511529445648193,4.41924524307251,-2.091536283493042
p560,process,,26,26,40,pre,post_odor,True,1.495456337928772,4.683591365814209,-0.6823776960372925
p560,process,,27,27,10,pre,post_odor,True,-0.9385583400726318,1.5240678787231445,-3.1427667140960693
p560,process,,28,28,21,pre,post_odor,True,2.1186985969543457,4.292710304260254,-0.49495482444763184
p560,process,,29,29,18,pre,post_odor,True,1.1290878057479858,3.688992738723755,-0.8801180720329285
p560,process,,30,30,18,pre,post_odor,True,-0.09343472868204117,2.714193105697632,-1.6203235387802124
p560,process,,31,31,0,pre,post_odor,True,0.9215882420539856,3.5604846477508545,-1.0968310832977295
p560,process,,32,32,12,post,post_odor,True,0.12242941558361053,1.1736122369766235,-0.5668487548828125
p560,process,,33,33,18,post,post_odor,True,0.03698255494236946,0.642120897769928,-0.6797406077384949
p560,process,,34,34,40,post,post_odor,True,0.03148511052131653,0.6076624989509583,-0.6477502584457397
p560,process,,35,35,32,post,post_odor,True,-0.05354444682598114,0.5907410979270935,-0.7065854072570801
p560,process,,36,36,31,post,post_odor,True,0.07775487005710602,0.8927181959152222,-0.4790566861629486
p560,process,,37,37,0,post,post_odor,True,-0.02486616000533104,0.8404796719551086,-0.9028640985488892
p560,process,,38,38,4,post,post_odor,True,0.09625090658664703,0.7894366383552551,-0.3866337239742279
p560,process,,39,39,2,post,post_odor,True,-0.03481021150946617,0.7117842435836792,-0.6435198783874512
p560,process,,40,40,3,post,post_odor,True,-0.020712293684482574,0.7013874650001526,-0.8811172842979431
p560,process,,41,41,21,post,post_odor,True,0.024007026106119156,0.8394855260848999,-0.5032764077186584
p560,process,,42,42,31,post,post_odor,True,0.0171540305018425,0.6949842572212219,-0.702894926071167
p560,process,,43,43,2,post,post_odor,True,-0.07392020523548126,0.6485729813575745,-0.6217353343963623
p560,process,,44,44,32,post,post_odor,True,0.051276080310344696,0.8585895895957947,-0.7455213069915771
p560,process,,45,45,40,post,post_odor,True,0.06287144869565964,0.8206983208656311,-0.6631996631622314
p560,process,,46,46,1,post,post_odor,True,-0.08801396936178207,0.43308570981025696,-0.7106789946556091
p560,process,,47,47,0,post,post_odor,True,0.06942140311002731,0.9588642120361328,-0.7077760100364685
p560,process,,48,48,22,post,post_odor,True,0.010649771429598331,0.6515821218490601,-0.5923413038253784
p560,process,,49,49,10,post,post_odor,True,-0.08819561451673508,0.8891907930374146,-0.6888824701309204
p560,process,,50,50,1,post,post_odor,True,-0.0907193273305893,0.6726955771446228,-0.7078359723091125
p560,process,,51,51,30,post,post_odor,True,-0.0031226908322423697,0.9076091051101685,-0.8345984220504761
p560,process,,52,52,12,post,post_odor,True,0.004126484040170908,0.601783275604248,-0.6589922308921814
p560,process,,53,53,3,post,post_odor,True,0.008907041512429714,1.1139832735061646,-0.6779258847236633
p560,process,,54,54,21,post,post_odor,True,0.049713458865880966,0.7145577073097229,-0.45421844720840454
p560,process,,55,55,22,post,post_odor,True,0.052826184779405594,1.0041329860687256,-0.8243718147277832
p560,process,,56,56,18,post,post_odor,True,-0.1272781789302826,0.651735246181488,-0.7916797995567322
p560,process,,57,57,30,post,post_odor,True,-0.10883084684610367,0.8570099472999573,-0.7285718321800232
p560,process,,58,58,17,post,post_odor,True,0.011849825270473957,0.7811801433563232,-0.547572910785675
p560,process,,59,59,39,post,post_odor,True,-0.007563366089016199,0.5612025856971741,-0.6054195761680603
p560,process,,60,60,39,post,post_odor,True,-0.0740455612540245,0.5032634139060974,-0.5996028184890747
p560,process,,61,61,17,post,post_odor,True,0.02004617266356945,0.8592784404754639,-0.794064462184906
p560,process,,62,62,4,post,post_odor,True,0.09694159030914307,0.9021040201187134,-0.5987069606781006
p578,process,,0,0,39,pre,post_odor,True,0.9408338069915771,6.0725016593933105,-1.953291893005371
p578,process,,1,1,17,pre,post_odor,True,0.9915874004364014,3.751779556274414,-2.4400691986083984
p578,process,,2,2,32,pre,post_odor,True,3.300180673599243,12.913467407226562,-1.1556589603424072
p578,process,,3,3,32,pre,post_odor,True,4.045340061187744,13.252896308898926,-1.3686763048171997
p578,process,,4,4,30,pre,post_odor,True,2.9321441650390625,11.991296768188477,-0.612044632434845
p578,process,,5,5,40,pre,post_odor,True,1.637807846069336,7.308579444885254,-3.5180561542510986
p578,process,,6,6,3,pre,post_odor,True,4.715821743011475,9.627304077148438,1.0837889909744263
p578,process,,7,7,2,pre,post_odor,True,3.170222282409668,8.657423973083496,-1.668123722076416
p578,process,,8,8,1,pre,post_odor,True,0.15906216204166412,3.3586254119873047,-3.7794673442840576
p578,process,,9,9,4,pre,post_odor,True,3.658595323562622,7.871372699737549,-0.6018996238708496
p578,process,,10,10,31,pre,post_odor,True,4.903056621551514,12.599924087524414,0.5890392065048218
p578,process,,11,11,21,pre,post_odor,True,2.7231905460357666,8.00556468963623,-0.9234328269958496
p578,process,,12,12,2,pre,post_odor,True,1.1431721448898315,4.336938381195068,-2.153186559677124
p578,process,,13,13,39,pre,post_odor,True,1.4978631734848022,5.563579082489014,-1.0260703563690186
p578,process,,14,14,1,pre,post_odor,True,1.9672248363494873,5.262538433074951,-0.4322272837162018
p578,process,,15,15,12,pre,post_odor,True,3.0225250720977783,7.0593791007995605,-1.4481196403503418
p578,process,,16,16,22,pre,post_odor,True,4.66886043548584,11.328832626342773,0.17310179769992828
p578,process,,17,17,10,pre,post_odor,True,2.195863962173462,6.381610870361328,-1.5613377094268799
p578,process,,18,18,17,pre,post_odor,True,3.015820264816284,5.906707286834717,0.38243845105171204
p578,process,,19,19,31,pre,post_odor,True,3.2717926502227783,10.07492733001709,-1.8001688718795776
p578,process,,20,20,30,pre,post_odor,True,3.1679840087890625,9.034673690795898,-0.1898811161518097
p578,process,,21,21,12,pre,post_odor,True,0.3539125919342041,3.242934465408325,-1.7164442539215088
p578,process,,22,22,22,pre,post_odor,True,1.4235377311706543,5.065470218658447,-1.0719965696334839
p578,process,,23,23,4,pre,post_odor,True,-0.13472194969654083,1.7626160383224487,-1.5944957733154297
p578,process,,24,24,0,pre,post_odor,True,1.2825263738632202,5.982154369354248,-1.6317342519760132
p578,process,,25,25,3,pre,post_odor,True,0.8437448143959045,4.778625965118408,-2.3016674518585205
p578,process,,26,26,40,pre,post_odor,True,2.489351749420166,8.06334114074707,-1.4068176746368408
p578,process,,27,27,10,pre,post_odor,True,0.1384572982788086,3.1309478282928467,-2.5611917972564697
p578,process,,28,28,21,pre,post_odor,True,3.674781084060669,6.804485321044922,0.1904592216014862
p578,process,,29,29,18,pre,post_odor,True,1.5529719591140747,4.391517162322998,-0.47491851449012756
p578,process,,30,30,18,pre,post_odor,True,0.15598121285438538,2.621375322341919,-1.9637197256088257
p578,process,,31,31,0,pre,post_odor,True,0.8912898302078247,4.029857635498047,-1.8385990858078003
p578,process,,32,32,12,post,post_odor,True,-0.05187317356467247,1.1587355136871338,-1.1517434120178223
p578,process,,33,33,18,post,post_odor,True,0.047670718282461166,1.2988282442092896,-1.1303400993347168
p578,process,,34,34,40,post,post_odor,True,0.19622522592544556,1.2285332679748535,-0.7074706554412842
p578,process,,35,35,32,post,post_odor,True,-0.09149850904941559,0.847479522228241,-1.1118606328964233
p578,process,,36,36,31,post,post_odor,True,0.12850062549114227,1.8036975860595703,-0.6578800082206726
p578,process,,37,37,0,post,post_odor,True,0.0036991676315665245,1.5937564373016357,-0.8135984539985657
p578,process,,38,38,4,post,post_odor,True,-0.1283593773841858,1.2189710140228271,-1.157952904701233
p578,process,,39,39,2,post,post_odor,True,-0.0034038389567285776,1.2862417697906494,-1.0646939277648926
p578,process,,40,40,3,post,post_odor,True,0.05872313678264618,1.1015567779541016,-0.8888639211654663
p578,process,,41,41,21,post,post_odor,True,1.061737060546875,2.7795281410217285,-0.16453181207180023
p578,process,,42,42,31,post,post_odor,True,0.05262881517410278,0.962594747543335,-1.127970576286316
p578,process,,43,43,2,post,post_odor,True,0.017424747347831726,1.036878228187561,-1.1147096157073975
p578,process,,44,44,32,post,post_odor,True,0.0876632034778595,1.4719045162200928,-1.0836890935897827
p578,process,,45,45,40,post,post_odor,True,0.008960491046309471,1.3972179889678955,-0.8504593372344971
p578,process,,46,46,1,post,post_odor,True,0.11114915460348129,1.4892910718917847,-1.4789255857467651
p578,process,,47,47,0,post,post_odor,True,0.1294146031141281,1.7485042810440063,-0.7094281315803528
p578,process,,48,48,22,post,post_odor,True,-0.07315927743911743,1.4100538492202759,-0.9891518950462341
p578,process,,49,49,10,post,post_odor,True,0.11074128746986389,0.9023350477218628,-0.9047507047653198
p578,process,,50,50,1,post,post_odor,True,-0.033377859741449356,1.3330703973770142,-1.0557653903961182
p578,process,,51,51,30,post,post_odor,True,-0.009521162137389183,1.3505016565322876,-0.9339655637741089
p578,process,,52,52,12,post,post_odor,True,-0.009533691219985485,1.1466903686523438,-0.9763750433921814
p578,process,,53,53,3,post,post_odor,True,0.0970204770565033,2.049736499786377,-1.0819188356399536
p578,process,,54,54,21,post,post_odor,True,0.955174446105957,2.6392974853515625,-0.30920207500457764
p578,process,,55,55,22,post,post_odor,True,0.10043097287416458,1.7512649297714233,-0.712832510471344
p578,process,,56,56,18,post,post_odor,True,0.09830565750598907,1.9581012725830078,-0.884483277797699
p578,process,,57,57,30,post,post_odor,True,0.09217663109302521,1.5520464181900024,-0.9387909173965454
p578,process,,58,58,17,post,post_odor,True,0.22566108405590057,1.1310118436813354,-0.526599109172821
p578,process,,59,59,39,post,post_odor,True,0.0021821155678480864,1.8050154447555542,-1.1119176149368286
p578,process,,60,60,39,post,post_odor,True,0.01177351363003254,1.163989543914795,-1.1158016920089722
p578,process,,61,61,17,post,post_odor,True,0.05865998938679695,1.347702980041504,-1.0997244119644165
p578,process,,62,62,4,post,post_odor,True,0.14582060277462006,1.6528059244155884,-1.1100142002105713
p597,process,,0,0,39,pre,post_odor,True,0.810602068901062,4.057307243347168,-2.3132410049438477
p597,process,,1,1,17,pre,post_odor,True,0.16931268572807312,3.47288179397583,-1.8440139293670654
p597,process,,2,2,32,pre,post_odor,True,2.56037974357605,7.782339572906494,-0.6618970632553101
p597,process,,3,3,32,pre,post_odor,True,2.009227752685547,5.313805103302002,-0.5748035311698914
p597,process,,4,4,30,pre,post_odor,True,1.2310011386871338,3.5481085777282715,-1.8173929452896118
p597,process,,5,5,40,pre,post_odor,True,0.7366653680801392,3.6166021823883057,-2.6697442531585693
p597,process,,6,6,3,pre,post_odor,True,3.387855052947998,7.432865619659424,0.020566333085298538
p597,process,,7,7,2,pre,post_odor,True,0.9366437792778015,3.345170259475708,-1.5294387340545654
p597,process,,8,8,1,pre,post_odor,True,1.2084829807281494,3.815504550933838,-1.576043963432312
p597,process,,9,9,4,pre,post_odor,True,2.2483389377593994,5.225753307342529,-0.25308507680892944
p597,process,,10,10,31,pre,post_odor,True,1.6110265254974365,4.118411540985107,-1.1174793243408203
p597,process,,11,11,21,pre,post_odor,True,0.1869410127401352,2.9493722915649414,-2.6565487384796143
p597,process,,12,12,2,pre,post_odor,True,0.5036492943763733,2.9542925357818604,-1.9463093280792236
p597,process,,13,13,39,pre,post_odor,True,1.2117558717727661,3.8681163787841797,-1.3928109407424927
p597,process,,14,14,1,pre,post_odor,True,0.08283959329128265,3.2046749591827393,-2.061941385269165
p597,process,,15,15,12,pre,post_odor,True,1.3905941247940063,5.510711193084717,-2.7165839672088623
p597,process,,16,16,22,pre,post_odor,True,2.2854506969451904,4.708066463470459,-0.8588941693305969
p597,process,,17,17,10,pre,post_odor,True,1.0666584968566895,6.198509216308594,-1.851735234260559
p597,process,,18,18,17,pre,post_odor,True,1.5027068853378296,5.775336742401123,-1.2771060466766357
p597,process,,19,19,31,pre,post_odor,True,0.2576131522655487,4.388833522796631,-2.6903486251831055
p597,process,,20,20,30,pre,post_odor,True,0.3401845395565033,2.5468955039978027,-1.0403259992599487
p597,process,,21,21,12,pre,post_odor,True,-0.06889472901821136,4.5837082862854,-2.3152859210968018
p597,process,,22,22,22,pre,post_odor,True,0.24339641630649567,2.594385862350464,-2.1075680255889893
p597,process,,23,23,4,pre,post_odor,True,-0.5134056806564331,2.003068208694458,-3.046173334121704
p597,process,,24,24,0,pre,post_odor,True,0.719607412815094,7.50457763671875,-2.9602081775665283
p597,process,,25,25,3,pre,post_odor,True,0.6097477078437805,4.109061241149902,-2.92039155960083
p597,process,,26,26,40,pre,post_odor,True,2.2417945861816406,5.835031032562256,-1.2094873189926147
p597,process,,27,27,10,pre,post_odor,True,-0.04650495573878288,2.787029266357422,-2.173389196395874
p597,process,,28,28,21,pre,post_odor,True,1.8058161735534668,5.983761787414551,-1.665087342262268
p597,process,,29,29,18,pre,post_odor,True,1.2584010362625122,3.6498396396636963,-0.6356708407402039
p597,process,,30,30,18,pre,post_odor,True,-0.6979549527168274,2.7162375450134277,-2.9163875579833984
p597,process,,31,31,0,pre,post_odor,True,0.6495558023452759,4.525552272796631,-2.9843833446502686
p597,process,,32,32,12,post,post_odor,True,-0.08662901818752289,1.0593546628952026,-1.3152296543121338
p597,process,,33,33,18,post,post_odor,True,0.016610458493232727,1.217123031616211,-0.9390932321548462
p597,process,,34,34,40,post,post_odor,True,-0.10098465532064438,0.99024897813797,-1.5817735195159912
p597,process,,35,35,32,post,post_odor,True,-0.05620577931404114,1.8908041715621948,-1.1400392055511475
p597,process,,36,36,31,post,post_odor,True,-0.19991345703601837,1.1914303302764893,-1.5270239114761353
p597,process,,37,37,0,post,post_odor,True,0.0801573097705841,1.6148205995559692,-1.0901093482971191
p597,process,,38,38,4,post,post_odor,True,0.04338402673602104,1.5537490844726562,-1.1831599473953247
p597,process,,39,39,2,post,post_odor,True,-0.22865428030490875,0.9309464693069458,-1.62460196018219
p597,process,,40,40,3,post,post_odor,True,-0.03141113370656967,1.2095433473587036,-1.3356845378875732
p597,process,,41,41,21,post,post_odor,True,-0.03747978433966637,1.1389100551605225,-1.3715906143188477
p597,process,,42,42,31,post,post_odor,True,-0.044733237475156784,1.4619755744934082,-1.2224295139312744
p597,process,,43,43,2,post,post_odor,True,-0.21092677116394043,1.2661044597625732,-1.336687684059143
p597,process,,44,44,32,post,post_odor,True,-0.04013807699084282,1.1358745098114014,-1.3010433912277222
p597,process,,45,45,40,post,post_odor,True,0.023488441482186317,1.723517894744873,-1.1525343656539917
p597,process,,46,46,1,post,post_odor,True,0.2970097064971924,1.8674371242523193,-0.8785006999969482
p597,process,,47,47,0,post,post_odor,True,-0.047542113810777664,1.1577438116073608,-1.3663818836212158
p597,process,,48,48,22,post,post_odor,True,0.17791615426540375,1.2496337890625,-1.354451298713684
p597,process,,49,49,10,post,post_odor,True,0.05698690190911293,1.2848634719848633,-1.4650617837905884
p597,process,,50,50,1,post,post_odor,True,-0.28090664744377136,1.0279966592788696,-1.0018230676651
p597,process,,51,51,30,post,post_odor,True,-0.009436724707484245,0.9953793287277222,-1.2693201303482056
p597,process,,52,52,12,post,post_odor,True,-0.03996380791068077,1.8110578060150146,-1.082106351852417
p597,process,,53,53,3,post,post_odor,True,-0.16247572004795074,1.3214306831359863,-1.1077224016189575
p597,process,,54,54,21,post,post_odor,True,0.07086771726608276,1.7134602069854736,-1.476184368133545
p597,process,,55,55,22,post,post_odor,True,0.2194756269454956,1.8463855981826782,-1.233298420906067
p597,process,,56,56,18,post,post_odor,True,0.11679304391145706,1.970192313194275,-1.2697887420654297
p597,process,,57,57,30,post,post_odor,True,0.03653090074658394,1.4011362791061401,-0.8872044086456299
p597,process,,58,58,17,post,post_odor,True,-0.010762352496385574,1.2917059659957886,-1.4421601295471191
p597,process,,59,59,39,post,post_odor,True,0.08076918125152588,1.2458677291870117,-1.1232045888900757
p597,process,,60,60,39,post,post_odor,True,0.3349236249923706,1.7224968671798706,-0.7384143471717834
p597,process,,61,61,17,post,post_odor,True,0.13846200704574585,1.7547755241394043,-0.9733436107635498
p597,process,,62,62,4,post,post_odor,True,-0.171127587556839,1.4664114713668823,-1.0231043100357056
p616,process,,0,0,39,pre,post_odor,True,0.6318122148513794,3.6355297565460205,-3.0328102111816406
p616,process,,1,1,17,pre,post_odor,True,-0.6699720621109009,5.691100597381592,-4.4562835693359375
p616,process,,2,2,32,pre,post_odor,True,0.8339845538139343,4.425351142883301,-2.0206284523010254
p616,process,,3,3,32,pre,post_odor,True,1.3464285135269165,6.1356072425842285,-2.0090863704681396
p616,process,,4,4,30,pre,post_odor,True,1.0088367462158203,5.688130855560303,-2.4308223724365234
p616,process,,5,5,40,pre,post_odor,True,0.26672303676605225,3.23264217376709,-3.1844944953918457
p616,process,,6,6,3,pre,post_odor,True,2.3070995807647705,6.533237457275391,-1.4218355417251587
p616,process,,7,7,2,pre,post_odor,True,1.9616769552230835,5.328718662261963,-1.3776702880859375
p616,process,,8,8,1,pre,post_odor,True,-0.6327217221260071,3.1453857421875,-3.2342886924743652
p616,process,,9,9,4,pre,post_odor,True,1.5779972076416016,6.358346939086914,-1.1508785486221313
p616,process,,10,10,31,pre,post_odor,True,2.260852336883545,6.106342315673828,-0.8792454600334167
p616,process,,11,11,21,pre,post_odor,True,1.0714197158813477,7.157873153686523,-1.5796422958374023
p616,process,,12,12,2,pre,post_odor,True,0.9828681349754333,4.767695903778076,-2.214674234390259
p616,process,,13,13,39,pre,post_odor,True,0.8403059840202332,4.490661144256592,-1.6141589879989624
p616,process,,14,14,1,pre,post_odor,True,0.579067587852478,4.180697441101074,-1.9960932731628418
p616,process,,15,15,12,pre,post_odor,True,2.2539100646972656,7.286989688873291,-1.4404994249343872
p616,process,,16,16,22,pre,post_odor,True,3.0036773681640625,6.150597095489502,-0.09106867760419846
p616,process,,17,17,10,pre,post_odor,True,0.8112469911575317,4.6608757972717285,-2.084315299987793
p616,process,,18,18,17,pre,post_odor,True,1.9003630876541138,6.007545471191406,-1.3445310592651367
p616,process,,19,19,31,pre,post_odor,True,1.6396288871765137,6.294676303863525,-1.8593053817749023
p616,process,,20,20,30,pre,post_odor,True,1.9683120250701904,6.59561824798584,-1.2162398099899292
p616,process,,21,21,12,pre,post_odor,True,-0.14820197224617004,1.8003175258636475,-2.019845962524414
p616,process,,22,22,22,pre,post_odor,True,1.0256223678588867,5.506166458129883,-0.9369728565216064
p616,process,,23,23,4,pre,post_odor,True,-0.13030479848384857,2.4883241653442383,-1.6043013334274292
p616,process,,24,24,0,pre,post_odor,True,0.07637714594602585,5.624560832977295,-3.9512388706207275
p616,process,,25,25,3,pre,post_odor,True,0.5437976717948914,4.312376499176025,-3.1433825492858887
p616,process,,26,26,40,pre,post_odor,True,2.0063936710357666,5.278371334075928,-1.098196029663086
p616,process,,27,27,10,pre,post_odor,True,-0.7404869794845581,3.7089755535125732,-3.3224754333496094
p616,process,,28,28,21,pre,post_odor,True,2.050560474395752,6.317312240600586,-4.210392951965332
p616,process,,29,29,18,pre,post_odor,True,1.1603829860687256,4.630990982055664,-1.5387437343597412
p616,process,,30,30,18,pre,post_odor,True,-1.3494579792022705,2.13222599029541,-3.327836275100708
p616,process,,31,31,0,pre,post_odor,True,1.0314799547195435,4.629971504211426,-2.3197712898254395
p616,process,,32,32,12,post,post_odor,True,0.03389204666018486,1.5608559846878052,-0.8815068006515503
p616,process,,33,33,18,post,post_odor,True,-0.03942675516009331,2.069596290588379,-0.9436376094818115
p616,process,,34,34,40,post,post_odor,True,0.028845759108662605,0.8201321363449097,-0.8567256331443787
p616,process,,35,35,32,post,post_odor,True,0.07355575263500214,1.7983591556549072,-0.9578279256820679
p616,process,,36,36,31,post,post_odor,True,-0.03962227329611778,1.0628602504730225,-1.1189106702804565
p616,process,,37,37,0,post,post_odor,True,-0.007995238527655602,1.4813669919967651,-0.9642807841300964
p616,process,,38,38,4,post,post_odor,True,-0.09644816070795059,1.4188203811645508,-1.2542678117752075
p616,process,,39,39,2,post,post_odor,True,0.010045387782156467,1.4364701509475708,-0.926710307598114
p616,process,,40,40,3,post,post_odor,True,0.036432456225156784,2.421201229095459,-0.9857915043830872
p616,process,,41,41,21,post,post_odor,True,0.12414337694644928,2.0224742889404297,-0.7989909052848816
p616,process,,42,42,31,post,post_odor,True,-0.040289461612701416,1.4369615316390991,-1.217672348022461
p616,process,,43,43,2,post,post_odor,True,0.005459585692733526,1.593396544456482,-0.9744246602058411
p616,process,,44,44,32,post,post_odor,True,-0.014203471131622791,1.195719838142395,-0.8628043532371521
p616,process,,45,45,40,post,post_odor,True,-0.03593314066529274,1.8315225839614868,-0.98749840259552
p616,process,,46,46,1,post,post_odor,True,-0.06877721846103668,1.2566763162612915,-1.0012704133987427
p616,process,,47,47,0,post,post_odor,True,-0.016853908076882362,2.089901924133301,-1.1480087041854858
p616,process,,48,48,22,post,post_odor,True,-0.14210402965545654,1.2810322046279907,-1.0770394802093506
p616,process,,49,49,10,post,post_odor,True,0.016321280971169472,1.861594796180725,-0.9849765300750732
p616,process,,50,50,1,post,post_odor,True,0.0804961547255516,1.4174855947494507,-0.7735053896903992
p616,process,,51,51,30,post,post_odor,True,-0.11015623807907104,1.436375379562378,-1.063706874847412
p616,process,,52,52,12,post,post_odor,True,0.043410524725914,1.373970627784729,-0.6874555945396423
p616,process,,53,53,3,post,post_odor,True,0.0923861637711525,1.6861653327941895,-0.7219390869140625
p616,process,,54,54,21,post,post_odor,True,-0.009678087197244167,1.2303457260131836,-1.0573753118515015
p616,process,,55,55,22,post,post_odor,True,-0.19641174376010895,1.014164686203003,-0.973610520362854
p616,process,,56,56,18,post,post_odor,True,-0.08986193686723709,0.8914425373077393,-0.9895360469818115
p616,process,,57,57,30,post,post_odor,True,0.18022161722183228,1.2455415725708008,-0.9712150692939758
p616,process,,58,58,17,post,post_odor,True,0.09111177176237106,1.9729939699172974,-0.9456824064254761
p616,process,,59,59,39,post,post_odor,True,0.020342502743005753,1.3153578042984009,-0.7316331267356873
p616,process,,60,60,39,post,post_odor,True,-0.03648747503757477,1.3708773851394653,-0.903556764125824
p616,process,,61,61,17,post,post_odor,True,0.09901531785726547,1.5126802921295166,-0.8216469883918762
p616,process,,62,62,4,post,post_odor,True,0.01632792316377163,1.2677494287490845,-0.7027203440666199
p635,process,,0,0,39,pre,post_odor,True,0.939192533493042,4.266334056854248,-2.8585331439971924
p635,process,,1,1,17,pre,post_odor,True,0.8953598737716675,6.542790412902832,-2.6554932594299316
p635,process,,2,2,32,pre,post_odor,True,0.46290579438209534,3.7884280681610107,-2.350895643234253
p635,process,,3,3,32,pre,post_odor,True,0.05344904214143753,5.499758243560791,-4.120823383331299
p635,process,,4,4,30,pre,post_odor,True,1.4469927549362183,5.983683109283447,-4.130648612976074
p635,process,,5,5,40,pre,post_odor,True,-0.4662091135978699,2.9751832485198975,-5.366183280944824
p635,process,,6,6,3,pre,post_odor,True,2.005796194076538,6.677742958068848,-1.7263456583023071
p635,process,,7,7,2,pre,post_odor,True,0.4210454821586609,4.381508827209473,-3.3610787391662598
p635,process,,8,8,1,pre,post_odor,True,0.7593465447425842,6.720615386962891,-2.9248600006103516
p635,process,,9,9,4,pre,post_odor,True,0.8175324201583862,4.670015811920166,-2.4507384300231934
p635,process,,10,10,31,pre,post_odor,True,1.3185510635375977,5.6173906326293945,-1.869523048400879
p635,process,,11,11,21,pre,post_odor,True,0.8725817203521729,4.457161903381348,-1.8127278089523315
p635,process,,12,12,2,pre,post_odor,True,-0.34481608867645264,2.7088518142700195,-2.299287796020508
p635,process,,13,13,39,pre,post_odor,True,0.20080925524234772,4.8187479972839355,-3.0574734210968018
p635,process,,14,14,1,pre,post_odor,True,0.5341038703918457,3.0929818153381348,-1.711977243423462
p635,process,,15,15,12,pre,post_odor,True,0.8706152439117432,4.059397220611572,-1.1753385066986084
p635,process,,16,16,22,pre,post_odor,True,0.9010099768638611,4.36448860168457,-1.1056714057922363
p635,process,,17,17,10,pre,post_odor,True,0.6957629323005676,4.178485870361328,-1.0603739023208618
p635,process,,18,18,17,pre,post_odor,True,0.24130497872829437,2.307276725769043,-1.6612406969070435
p635,process,,19,19,31,pre,post_odor,True,0.6756395697593689,3.2336795330047607,-1.387102723121643
p635,process,,20,20,30,pre,post_odor,True,0.35276204347610474,4.502641677856445,-1.4540172815322876
p635,process,,21,21,12,pre,post_odor,True,0.2090580314397812,2.2720725536346436,-1.8596842288970947
p635,process,,22,22,22,pre,post_odor,True,0.4889342784881592,4.447049140930176,-1.0786339044570923
p635,process,,23,23,4,pre,post_odor,True,0.45856773853302,2.4039816856384277,-0.9472725987434387
p635,process,,24,24,0,pre,post_odor,True,0.8677645921707153,3.6224324703216553,-1.1512869596481323
p635,process,,25,25,3,pre,post_odor,True,0.26705098152160645,2.4194324016571045,-2.0256152153015137
p635,process,,26,26,40,pre,post_odor,True,1.0880109071731567,5.318299770355225,-0.8169524073600769
p635,process,,27,27,10,pre,post_odor,True,0.2494843304157257,3.491279363632202,-1.3738957643508911
p635,process,,28,28,21,pre,post_odor,True,1.5825560092926025,5.972639083862305,-0.894555389881134
p635,process,,29,29,18,pre,post_odor,True,0.6830996870994568,2.8028650283813477,-0.8414686918258667
p635,process,,30,30,18,pre,post_odor,True,0.1916307955980301,1.9531340599060059,-1.2890970706939697
p635,process,,31,31,0,pre,post_odor,True,0.5735904574394226,2.9655611515045166,-1.2373652458190918
p635,process,,32,32,12,post,post_odor,True,0.07349979877471924,1.428898572921753,-0.8372258543968201
p635,process,,33,33,18,post,post_odor,True,0.06966482847929001,1.4304238557815552,-1.0526187419891357
p635,process,,34,34,40,post,post_odor,True,-0.0706256628036499,2.0198616981506348,-0.9343314170837402
p635,process,,35,35,32,post,post_odor,True,-0.007352457381784916,1.4972659349441528,-0.9020435810089111
p635,process,,36,36,31,post,post_odor,True,-0.0007831886759959161,1.3248302936553955,-0.9485466480255127
p635,process,,37,37,0,post,post_odor,True,0.07922901958227158,1.085054636001587,-0.9385395050048828
p635,process,,38,38,4,post,post_odor,True,0.1621004194021225,1.6097135543823242,-0.7240980863571167
p635,process,,39,39,2,post,post_odor,True,0.11123041063547134,1.8172904253005981,-0.9363465309143066
p635,process,,40,40,3,post,post_odor,True,0.13574422895908356,1.457722544670105,-0.8234903812408447
p635,process,,41,41,21,post,post_odor,True,1.0198471546173096,4.292267799377441,-0.7050985097885132
p635,process,,42,42,31,post,post_odor,True,0.021284453570842743,1.7492015361785889,-0.9205888509750366
p635,process,,43,43,2,post,post_odor,True,-0.19927433133125305,1.4602956771850586,-1.0878924131393433
p635,process,,44,44,32,post,post_odor,True,0.05919323116540909,1.9176137447357178,-0.9870833158493042
p635,process,,45,45,40,post,post_odor,True,-0.02165415696799755,1.3477540016174316,-0.8613678812980652
p635,process,,46,46,1,post,post_odor,True,0.06629655510187149,1.9128168821334839,-0.7140678763389587
p635,process,,47,47,0,post,post_odor,True,-0.10093295574188232,1.7022311687469482,-0.8745356798171997
p635,process,,48,48,22,post,post_odor,True,0.16547270119190216,1.7715184688568115,-0.9198583364486694
p635,process,,49,49,10,post,post_odor,True,-0.16142182052135468,1.2231014966964722,-0.9247081279754639
p635,process,,50,50,1,post,post_odor,True,0.18447521328926086,1.5824377536773682,-0.8049635291099548
p635,process,,51,51,30,post,post_odor,True,0.13824772834777832,1.2954132556915283,-0.9190547466278076
p635,process,,52,52,12,post,post_odor,True,0.038739319890737534,1.3233071565628052,-1.0201153755187988
p635,process,,53,53,3,post,post_odor,True,0.213337242603302,1.7360121011734009,-0.6141223311424255
p635,process,,54,54,21,post,post_odor,True,1.1052967309951782,4.1128950119018555,-0.49481672048568726
p635,process,,55,55,22,post,post_odor,True,0.055825088173151016,2.1007351875305176,-0.9666013717651367
p635,process,,56,56,18,post,post_odor,True,0.2317369431257248,2.051237106323242,-0.9226198196411133
p635,process,,57,57,30,post,post_odor,True,0.3460744321346283,2.121027946472168,-0.740519106388092
p635,process,,58,58,17,post,post_odor,True,0.22869491577148438,1.6860287189483643,-1.0927213430404663
p635,process,,59,59,39,post,post_odor,True,-0.05824395269155502,1.6073150634765625,-1.2203879356384277
p635,process,,60,60,39,post,post_odor,True,0.10716897994279861,1.9997215270996094,-1.2902361154556274
p635,process,,61,61,17,post,post_odor,True,-0.10022717714309692,1.2475616931915283,-1.1364306211471558
p635,process,,62,62,4,post,post_odor,True,-0.009926768019795418,2.0666937828063965,-1.5622594356536865
p654,process,,0,0,39,pre,post_odor,True,1.1582088470458984,3.778803586959839,-1.6564910411834717
p654,process,,1,1,17,pre,post_odor,True,-0.36429107189178467,2.566903591156006,-2.8914449214935303
p654,process,,2,2,32,pre,post_odor,True,1.2887250185012817,4.394104480743408,-1.75104558467865
p654,process,,3,3,32,pre,post_odor,True,0.6696165204048157,4.072906494140625,-1.7151556015014648
p654,process,,4,4,30,pre,post_odor,True,0.27194204926490784,4.501341342926025,-3.0556693077087402
p654,process,,5,5,40,pre,post_odor,True,0.049018848687410355,2.58862042427063,-3.2577433586120605
p654,process,,6,6,3,pre,post_odor,True,2.335357189178467,5.441849231719971,-0.16937269270420074
p654,process,,7,7,2,pre,post_odor,True,0.614473819732666,3.734550714492798,-2.4171595573425293
p654,process,,8,8,1,pre,post_odor,True,0.6963474154472351,3.4338316917419434,-1.73008131980896
p654,process,,9,9,4,pre,post_odor,True,1.5811173915863037,5.911938190460205,-1.5005186796188354
p654,process,,10,10,31,pre,post_odor,True,0.03710807487368584,3.9647555351257324,-2.261258363723755
p654,process,,11,11,21,pre,post_odor,True,0.3145393431186676,3.469620943069458,-1.818946361541748
p654,process,,12,12,2,pre,post_odor,True,0.020253969356417656,2.691276788711548,-2.775524377822876
p654,process,,13,13,39,pre,post_odor,True,0.39658182859420776,2.854321241378784,-1.7409391403198242
p654,process,,14,14,1,pre,post_odor,True,1.0980641841888428,3.934478521347046,-0.8096358180046082
p654,process,,15,15,12,pre,post_odor,True,0.7101150751113892,4.257017612457275,-3.0406768321990967
p654,process,,16,16,22,pre,post_odor,True,0.887448251247406,5.004358768463135,-1.8776699304580688
p654,process,,17,17,10,pre,post_odor,True,-0.07920455932617188,3.0857326984405518,-2.7470834255218506
p654,process,,18,18,17,pre,post_odor,True,1.4392147064208984,3.829723358154297,-1.8799039125442505
p654,process,,19,19,31,pre,post_odor,True,0.18851669132709503,2.482123613357544,-3.2507965564727783
p654,process,,20,20,30,pre,post_odor,True,-0.23641087114810944,2.5876047611236572,-2.523739814758301
p654,process,,21,21,12,pre,post_odor,True,-0.5030821561813354,2.8410019874572754,-3.1973044872283936
p654,process,,22,22,22,pre,post_odor,True,0.0034253171179443598,2.2561581134796143,-2.5883169174194336
p654,process,,23,23,4,pre,post_odor,True,-0.5622386336326599,4.192116737365723,-3.444263219833374
p654,process,,24,24,0,pre,post_odor,True,0.5702444911003113,4.491402626037598,-2.76092791557312
p654,process,,25,25,3,pre,post_odor,True,0.30735939741134644,2.61724853515625,-1.9781816005706787
p654,process,,26,26,40,pre,post_odor,True,0.6838359236717224,2.835791826248169,-2.075577974319458
p654,process,,27,27,10,pre,post_odor,True,-0.014116265811026096,2.265829086303711,-1.8738982677459717
p654,process,,28,28,21,pre,post_odor,True,0.6605498194694519,3.4031033515930176,-1.7920548915863037
p654,process,,29,29,18,pre,post_odor,True,0.11357733607292175,3.008843183517456,-2.2209970951080322
p654,process,,30,30,18,pre,post_odor,True,0.078141950070858,2.8169524669647217,-1.8241398334503174
p654,process,,31,31,0,pre,post_odor,True,0.3530544638633728,3.2661855220794678,-2.1609344482421875
p654,process,,32,32,12,post,post_odor,True,0.12011594325304031,0.8571906685829163,-0.6395735740661621
p654,process,,33,33,18,post,post_odor,True,0.14238138496875763,1.5478005409240723,-0.9183132648468018
p654,process,,34,34,40,post,post_odor,True,0.13882072269916534,1.510088324546814,-0.510402500629425
p654,process,,35,35,32,post,post_odor,True,-0.15006636083126068,1.227574110031128,-1.0161561965942383
p654,process,,36,36,31,post,post_odor,True,0.3602728843688965,2.022027015686035,-0.6989454030990601
p654,process,,37,37,0,post,post_odor,True,0.34755533933639526,2.12099552154541,-1.0954246520996094
p654,process,,38,38,4,post,post_odor,True,-0.0820656418800354,0.852721631526947,-1.302105188369751
p654,process,,39,39,2,post,post_odor,True,0.04488423466682434,0.8472555875778198,-0.8688639402389526
p654,process,,40,40,3,post,post_odor,True,-0.22603663802146912,0.8928640484809875,-1.1090224981307983
p654,process,,41,41,21,post,post_odor,True,0.2111109495162964,2.264211893081665,-0.6593397855758667
p654,process,,42,42,31,post,post_odor,True,0.10741524398326874,1.4242390394210815,-1.0683470964431763
p654,process,,43,43,2,post,post_odor,True,0.16399136185646057,1.8177733421325684,-0.9433676600456238
p654,process,,44,44,32,post,post_odor,True,0.005041066557168961,1.6713593006134033,-0.8677971363067627
p654,process,,45,45,40,post,post_odor,True,0.28501105308532715,2.0747525691986084,-0.8150876760482788
p654,process,,46,46,1,post,post_odor,True,0.2267376184463501,1.4998761415481567,-1.0942673683166504
p654,process,,47,47,0,post,post_odor,True,0.1433791071176529,1.3616774082183838,-0.8736748099327087
p654,process,,48,48,22,post,post_odor,True,0.13465739786624908,2.4098033905029297,-0.9985765814781189
p654,process,,49,49,10,post,post_odor,True,0.24753549695014954,1.74708890914917,-0.7650906443595886
p654,process,,50,50,1,post,post_odor,True,-0.021238382905721664,1.9287906885147095,-0.8840175271034241
p654,process,,51,51,30,post,post_odor,True,0.02805701456964016,1.498413324356079,-1.0846142768859863
p654,process,,52,52,12,post,post_odor,True,0.1400851160287857,2.044658899307251,-1.031242847442627
p654,process,,53,53,3,post,post_odor,True,0.19223010540008545,1.7858384847640991,-0.8320111036300659
p654,process,,54,54,21,post,post_odor,True,0.14482852816581726,1.9942861795425415,-1.0250049829483032
p654,process,,55,55,22,post,post_odor,True,-0.060838062316179276,1.2173495292663574,-0.8559468984603882
p654,process,,56,56,18,post,post_odor,True,0.3008018732070923,1.92479407787323,-0.9549606442451477
p654,process,,57,57,30,post,post_odor,True,0.04628154635429382,1.734868049621582,-0.7949625849723816
p654,process,,58,58,17,post,post_odor,True,-0.2748846113681793,1.2297453880310059,-1.1214661598205566
p654,process,,59,59,39,post,post_odor,True,-0.14190439879894257,1.4892078638076782,-1.1260215044021606
p654,process,,60,60,39,post,post_odor,True,0.05264860391616821,1.2149806022644043,-1.2632735967636108
p654,process,,61,61,17,post,post_odor,True,0.4490014910697937,2.1837425231933594,-1.5094045400619507
p654,process,,62,62,4,post,post_odor,True,-0.14086465537548065,1.2808719873428345,-1.062038540840149
p673,process,,0,0,39,pre,post_odor,True,0.41363993287086487,4.3751935958862305,-2.3268322944641113
p673,process,,1,1,17,pre,post_odor,True,0.1975255161523819,3.6520020961761475,-1.8234139680862427
p673,process,,2,2,32,pre,post_odor,True,0.6508142948150635,4.3268256187438965,-2.0101938247680664
p673,process,,3,3,32,pre,post_odor,True,0.8150456547737122,4.619572639465332,-1.4327911138534546
p673,process,,4,4,30,pre,post_odor,True,0.46580788493156433,3.0709195137023926,-1.4171444177627563
p673,process,,5,5,40,pre,post_odor,True,-0.126509428024292,3.7208316326141357,-2.2222790718078613
p673,process,,6,6,3,pre,post_odor,True,0.8136424422264099,4.061415672302246,-1.6281639337539673
p673,process,,7,7,2,pre,post_odor,True,0.3089791536331177,3.421741247177124,-1.875749945640564
p673,process,,8,8,1,pre,post_odor,True,0.35962095856666565,4.6149067878723145,-2.2302088737487793
p673,process,,9,9,4,pre,post_odor,True,1.0875946283340454,4.673006534576416,-1.618578553199768
p673,process,,10,10,31,pre,post_odor,True,0.7685523629188538,3.1558175086975098,-1.6465760469436646
p673,process,,11,11,21,pre,post_odor,True,0.24255883693695068,4.986391067504883,-2.116525173187256
p673,process,,12,12,2,pre,post_odor,True,0.46963202953338623,2.6482348442077637,-2.65907883644104
p673,process,,13,13,39,pre,post_odor,True,0.4664391279220581,4.833673477172852,-1.6994906663894653
p673,process,,14,14,1,pre,post_odor,True,0.09647685289382935,2.317188262939453,-2.0984811782836914
p673,process,,15,15,12,pre,post_odor,True,0.014272626489400864,3.094298839569092,-2.3249104022979736
p673,process,,16,16,22,pre,post_odor,True,1.1551586389541626,3.541947841644287,-1.7904402017593384
p673,process,,17,17,10,pre,post_odor,True,0.20486235618591309,3.5408780574798584,-1.8883886337280273
p673,process,,18,18,17,pre,post_odor,True,1.049903154373169,3.322744846343994,-1.0350942611694336
p673,process,,19,19,31,pre,post_odor,True,0.04581649973988533,2.4798336029052734,-2.0094618797302246
p673,process,,20,20,30,pre,post_odor,True,-0.1254451423883438,2.400845527648926,-1.9416446685791016
p673,process,,21,21,12,pre,post_odor,True,-0.3328770697116852,3.8735713958740234,-2.4594919681549072
p673,process,,22,22,22,pre,post_odor,True,-0.14099246263504028,2.210858106613159,-2.232051372528076
p673,process,,23,23,4,pre,post_odor,True,-0.030404914170503616,3.1703271865844727,-2.5680503845214844
p673,process,,24,24,0,pre,post_odor,True,-0.06464020162820816,3.344827651977539,-2.25803542137146
p673,process,,25,25,3,pre,post_odor,True,0.419046014547348,5.250429153442383,-2.509972333908081
p673,process,,26,26,40,pre,post_odor,True,1.2163821458816528,4.209813594818115,-1.5201908349990845
p673,process,,27,27,10,pre,post_odor,True,-0.33500906825065613,1.7796193361282349,-2.3422162532806396
p673,process,,28,28,21,pre,post_odor,True,1.0903016328811646,4.343479156494141,-1.6840460300445557
p673,process,,29,29,18,pre,post_odor,True,0.4770742952823639,5.675950527191162,-1.8533695936203003
p673,process,,30,30,18,pre,post_odor,True,-0.04562148079276085,4.0961527824401855,-2.848085641860962
p673,process,,31,31,0,pre,post_odor,True,0.38386908173561096,6.359847068786621,-2.199131488800049
p673,process,,32,32,12,post,post_odor,True,-0.08255112171173096,1.7865822315216064,-1.1542670726776123
p673,process,,33,33,18,post,post_odor,True,0.22341521084308624,2.355591058731079,-1.0861027240753174
p673,process,,34,34,40,post,post_odor,True,0.0387384407222271,1.6218043565750122,-1.1428031921386719
p673,process,,35,35,32,post,post_odor,True,-0.1797722429037094,1.3176321983337402,-1.2907577753067017
p673,process,,36,36,31,post,post_odor,True,-0.002324949251487851,1.654231309890747,-1.060178518295288
p673,process,,37,37,0,post,post_odor,True,0.0663641095161438,2.56514835357666,-1.3816850185394287
p673,process,,38,38,4,post,post_odor,True,0.2508212924003601,1.8492039442062378,-0.9335293769836426
p673,process,,39,39,2,post,post_odor,True,0.12279627472162247,1.8390090465545654,-1.3138911724090576
p673,process,,40,40,3,post,post_odor,True,0.11047270148992538,1.5615763664245605,-1.2235474586486816
p673,process,,41,41,21,post,post_odor,True,0.014749099500477314,1.9832398891448975,-1.541916012763977
p673,process,,42,42,31,post,post_odor,True,-0.1092551201581955,1.502825140953064,-1.3292254209518433
p673,process,,43,43,2,post,post_odor,True,-0.13495305180549622,1.1874748468399048,-1.2612112760543823
p673,process,,44,44,32,post,post_odor,True,-0.029575886204838753,1.4292641878128052,-1.243248462677002
p673,process,,45,45,40,post,post_odor,True,0.24530409276485443,1.6645969152450562,-1.0586413145065308
p673,process,,46,46,1,post,post_odor,True,0.08173146098852158,2.258286714553833,-1.2526609897613525
p673,process,,47,47,0,post,post_odor,True,-0.059460949152708054,1.6604124307632446,-1.2388811111450195
p673,process,,48,48,22,post,post_odor,True,0.18242262303829193,1.975383996963501,-1.2159148454666138
p673,process,,49,49,10,post,post_odor,True,0.017993537709116936,1.8724229335784912,-1.2491817474365234
p673,process,,50,50,1,post,post_odor,True,0.15436778962612152,1.9666574001312256,-1.6236634254455566
p673,process,,51,51,30,post,post_odor,True,0.06856726855039597,2.6672089099884033,-1.0695463418960571
p673,process,,52,52,12,post,post_odor,True,-0.21823494136333466,2.4311931133270264,-1.351369857788086
p673,process,,53,53,3,post,post_odor,True,0.18658997118473053,1.9492981433868408,-1.1508874893188477
p673,process,,54,54,21,post,post_odor,True,0.08267846703529358,1.9787145853042603,-1.466633677482605
p673,process,,55,55,22,post,post_odor,True,0.04166567698121071,1.5414717197418213,-1.1813266277313232
p673,process,,56,56,18,post,post_odor,True,0.2581087052822113,3.149397134780884,-1.0214736461639404
p673,process,,57,57,30,post,post_odor,True,0.07221170514822006,2.7762792110443115,-1.6139875650405884
p673,process,,58,58,17,post,post_odor,True,-0.21227554976940155,1.7243469953536987,-1.561387062072754
p673,process,,59,59,39,post,post_odor,True,-0.042083367705345154,1.2669519186019897,-1.5534619092941284
p673,process,,60,60,39,post,post_odor,True,-0.06244322657585144,2.8821752071380615,-1.1930269002914429
p673,process,,61,61,17,post,post_odor,True,-0.14069753885269165,1.1748090982437134,-1.2404109239578247
p673,process,,62,62,4,post,post_odor,True,-0.04391532018780708,1.336281657218933,-1.2285648584365845
p692,process,,0,0,39,pre,post_odor,True,0.510341465473175,3.4986205101013184,-2.4007606506347656
p692,process,,1,1,17,pre,post_odor,True,0.16062113642692566,3.4571707248687744,-2.5366299152374268
p692,process,,2,2,32,pre,post_odor,True,1.267090916633606,4.489884853363037,-1.3498680591583252
p692,process,,3,3,32,pre,post_odor,True,0.45039159059524536,4.4553608894348145,-3.4560232162475586
p692,process,,4,4,30,pre,post_odor,True,0.04931420087814331,3.0168864727020264,-2.4113657474517822
p692,process,,5,5,40,pre,post_odor,True,-0.09667342156171799,4.697596073150635,-2.6406447887420654
p692,process,,6,6,3,pre,post_odor,True,1.0534026622772217,5.6053972244262695,-1.83236563205719
p692,process,,7,7,2,pre,post_odor,True,0.40016970038414,6.099841117858887,-2.0811030864715576
p692,process,,8,8,1,pre,post_odor,True,0.02186594344675541,2.979802370071411,-2.1444694995880127
p692,process,,9,9,4,pre,post_odor,True,1.2648695707321167,6.454996585845947,-1.2159819602966309
p692,process,,10,10,31,pre,post_odor,True,0.6619587540626526,9.494559288024902,-1.9644219875335693
p692,process,,11,11,21,pre,post_odor,True,-0.5170472264289856,2.3709659576416016,-2.554957389831543
p692,process,,12,12,2,pre,post_odor,True,-0.21207645535469055,2.6728744506835938,-2.4967117309570312
p692,process,,13,13,39,pre,post_odor,True,0.1544559895992279,3.480299711227417,-1.7915040254592896
p692,process,,14,14,1,pre,post_odor,True,0.018666982650756836,3.1478116512298584,-3.3249409198760986
p692,process,,15,15,12,pre,post_odor,True,0.13012480735778809,3.8041884899139404,-2.629424810409546
p692,process,,16,16,22,pre,post_odor,True,0.2806730568408966,2.9065821170806885,-2.0972847938537598
p692,process,,17,17,10,pre,post_odor,True,0.23842696845531464,3.4294214248657227,-1.4417451620101929
p692,process,,18,18,17,pre,post_odor,True,0.6293118596076965,4.771916389465332,-1.3230351209640503
p692,process,,19,19,31,pre,post_odor,True,0.3244982063770294,4.146105766296387,-2.3912010192871094
p692,process,,20,20,30,pre,post_odor,True,0.067659892141819,2.60176420211792,-2.0495240688323975
p692,process,,21,21,12,pre,post_odor,True,-0.2848304212093353,2.2021923065185547,-3.1962528228759766
p692,process,,22,22,22,pre,post_odor,True,-0.23905539512634277,2.5532960891723633,-3.1155622005462646
p692,process,,23,23,4,pre,post_odor,True,-0.594940721988678,1.965620517730713,-3.4079012870788574
p692,process,,24,24,0,pre,post_odor,True,0.8747405409812927,4.573304653167725,-2.5264925956726074
p692,process,,25,25,3,pre,post_odor,True,0.15078268945217133,2.467026948928833,-1.7204713821411133
p692,process,,26,26,40,pre,post_odor,True,0.17641817033290863,3.5427253246307373,-2.272245168685913
p692,process,,27,27,10,pre,post_odor,True,-0.060273539274930954,2.201282024383545,-1.9613564014434814
p692,process,,28,28,21,pre,post_odor,True,0.010381408035755157,2.266819715499878,-2.9887521266937256
p692,process,,29,29,18,pre,post_odor,True,0.09426882117986679,1.9269707202911377,-1.3690131902694702
p692,process,,30,30,18,pre,post_odor,True,0.3239128291606903,2.070382833480835,-1.329023003578186
p692,process,,31,31,0,pre,post_odor,True,0.03820320963859558,2.5710947513580322,-1.8768151998519897
p692,process,,32,32,12,post,post_odor,True,0.15394526720046997,1.6148923635482788,-0.7202059030532837
p692,process,,33,33,18,post,post_odor,True,0.14352847635746002,1.4817312955856323,-0.7681776285171509
p692,process,,34,34,40,post,post_odor,True,-0.05359790474176407,1.530622124671936,-1.0204648971557617
p692,process,,35,35,32,post,post_odor,True,0.17860426008701324,2.954102039337158,-1.0187915563583374
p692,process,,36,36,31,post,post_odor,True,0.09054593741893768,1.975512146949768,-1.1473617553710938
p692,process,,37,37,0,post,post_odor,True,0.17577660083770752,1.545932650566101,-0.8910855650901794
p692,process,,38,38,4,post,post_odor,True,-0.1511460393667221,1.1783568859100342,-1.169394612312317
p692,process,,39,39,2,post,post_odor,True,0.028062984347343445,1.8602194786071777,-1.226830005645752
p692,process,,40,40,3,post,post_odor,True,-0.324084997177124,1.1833258867263794,-1.2699952125549316
p692,process,,41,41,21,post,post_odor,True,-0.21697886288166046,1.668303370475769,-1.6928492784500122
p692,process,,42,42,31,post,post_odor,True,-0.05868000537157059,2.2935588359832764,-1.4371057748794556
p692,process,,43,43,2,post,post_odor,True,-0.021819496527314186,1.9831616878509521,-1.318115472793579
p692,process,,44,44,32,post,post_odor,True,0.32916373014450073,3.385864496231079,-0.7003796696662903
p692,process,,45,45,40,post,post_odor,True,-0.05736267939209938,2.2974133491516113,-1.5017348527908325
p692,process,,46,46,1,post,post_odor,True,0.46897387504577637,2.313333034515381,-1.0916962623596191
p692,process,,47,47,0,post,post_odor,True,-0.06753639876842499,2.1813549995422363,-1.5546694993972778
p692,process,,48,48,22,post,post_odor,True,-0.0325893759727478,2.113900899887085,-1.6823407411575317
p692,process,,49,49,10,post,post_odor,True,0.02856745757162571,1.7302992343902588,-1.198767900466919
p692,process,,50,50,1,post,post_odor,True,-0.0837065652012825,2.042832136154175,-1.6801661252975464
p692,process,,51,51,30,post,post_odor,True,0.14878615736961365,3.746809244155884,-1.5737172365188599
p692,process,,52,52,12,post,post_odor,True,0.21129371225833893,2.126720666885376,-1.6026408672332764
p692,process,,53,53,3,post,post_odor,True,-0.03836456313729286,2.330291271209717,-1.9645079374313354
p692,process,,54,54,21,post,post_odor,True,-0.2531507909297943,1.1759881973266602,-1.8461530208587646
p692,process,,55,55,22,post,post_odor,True,0.1437031328678131,2.012150526046753,-1.2099308967590332
p692,process,,56,56,18,post,post_odor,True,0.5137556791305542,4.407498359680176,-1.0866055488586426
p692,process,,57,57,30,post,post_odor,True,0.32074692845344543,2.55825138092041,-1.5582689046859741
p692,process,,58,58,17,post,post_odor,True,-0.468240886926651,1.6377333402633667,-2.077864170074463
p692,process,,59,59,39,post,post_odor,True,-0.09064042568206787,2.008605480194092,-1.7313401699066162
p692,process,,60,60,39,post,post_odor,True,0.1702878773212433,2.6059112548828125,-1.3226803541183472
p692,process,,61,61,17,post,post_odor,True,0.6942836046218872,3.8535423278808594,-1.0741699934005737
p692,process,,62,62,4,post,post_odor,True,-0.033655960112810135,2.266573905944824,-1.9858002662658691
p711,process,,0,0,39,pre,post_odor,True,-0.2907712459564209,4.524807929992676,-5.889627456665039
p711,process,,1,1,17,pre,post_odor,True,0.5411887168884277,5.942953586578369,-3.0491862297058105
p711,process,,2,2,32,pre,post_odor,True,1.4142770767211914,5.786822319030762,-1.9851889610290527
p711,process,,3,3,32,pre,post_odor,True,1.0651174783706665,4.4004387855529785,-2.3886942863464355
p711,process,,4,4,30,pre,post_odor,True,0.4771713316440582,5.413924694061279,-1.7961375713348389
p711,process,,5,5,40,pre,post_odor,True,0.3996480703353882,4.4073967933654785,-2.6314520835876465
p711,process,,6,6,3,pre,post_odor,True,1.4393306970596313,3.9931836128234863,-1.4037386178970337
p711,process,,7,7,2,pre,post_odor,True,0.6171539425849915,5.3635101318359375,-2.862710475921631
p711,process,,8,8,1,pre,post_odor,True,0.7648160457611084,5.052381992340088,-1.5735722780227661
p711,process,,9,9,4,pre,post_odor,True,1.5994548797607422,4.512861251831055,-0.9445192813873291
p711,process,,10,10,31,pre,post_odor,True,0.85419762134552,5.786777496337891,-1.5253270864486694
p711,process,,11,11,21,pre,post_odor,True,-0.11306063085794449,3.6079630851745605,-2.4112205505371094
p711,process,,12,12,2,pre,post_odor,True,0.5348723530769348,3.7633743286132812,-1.8373054265975952
p711,process,,13,13,39,pre,post_odor,True,0.6479014754295349,3.3525187969207764,-1.5880519151687622
p711,process,,14,14,1,pre,post_odor,True,0.14492839574813843,3.1571967601776123,-1.7451797723770142
p711,process,,15,15,12,pre,post_odor,True,0.25511083006858826,2.937243700027466,-2.7725961208343506
p711,process,,16,16,22,pre,post_odor,True,1.105787992477417,4.21816349029541,-1.5100728273391724
p711,process,,17,17,10,pre,post_odor,True,0.2378697693347931,3.7540950775146484,-2.3724520206451416
p711,process,,18,18,17,pre,post_odor,True,1.3214339017868042,6.763269901275635,-1.365661859512329
p711,process,,19,19,31,pre,post_odor,True,0.002513307612389326,3.0568203926086426,-1.9324592351913452
p711,process,,20,20,30,pre,post_odor,True,-0.12598375976085663,1.8564939498901367,-1.6784509420394897
p711,process,,21,21,12,pre,post_odor,True,-0.05525420606136322,1.7904760837554932,-1.8309738636016846
p711,process,,22,22,22,pre,post_odor,True,-0.34219950437545776,2.9588351249694824,-2.0347189903259277
p711,process,,23,23,4,pre,post_odor,True,-0.27492034435272217,2.9441394805908203,-2.333728551864624
p711,process,,24,24,0,pre,post_odor,True,0.15777242183685303,3.7495789527893066,-2.6510469913482666
p711,process,,25,25,3,pre,post_odor,True,0.42189881205558777,2.946960210800171,-1.3112871646881104
p711,process,,26,26,40,pre,post_odor,True,1.3476444482803345,4.537825107574463,-1.4102225303649902
p711,process,,27,27,10,pre,post_odor,True,-0.12321025133132935,4.720341682434082,-1.8783178329467773
p711,process,,28,28,21,pre,post_odor,True,1.2259900569915771,3.5450439453125,-1.6001251935958862
p711,process,,29,29,18,pre,post_odor,True,0.9637594819068909,3.5730764865875244,-0.9713674187660217
p711,process,,30,30,18,pre,post_odor,True,-0.06472586840391159,2.028867483139038,-1.5193192958831787
p711,process,,31,31,0,pre,post_odor,True,0.6594899296760559,3.321492910385132,-1.327516794204712
p711,process,,32,32,12,post,post_odor,True,0.012060293927788734,0.8734736442565918,-0.822415292263031
p711,process,,33,33,18,post,post_odor,True,-0.047257985919713974,1.6520916223526,-1.5853880643844604
p711,process,,34,34,40,post,post_odor,True,-0.024206306785345078,1.4604231119155884,-1.1483674049377441
p711,process,,35,35,32,post,post_odor,True,-0.02046806924045086,1.0125054121017456,-1.3164490461349487
p711,process,,36,36,31,post,post_odor,True,-0.05750608444213867,1.6578561067581177,-1.0674296617507935
p711,process,,37,37,0,post,post_odor,True,0.19834916293621063,1.8645132780075073,-1.229763150215149
p711,process,,38,38,4,post,post_odor,True,-0.0012344636488705873,1.325889229774475,-1.07146418094635
p711,process,,39,39,2,post,post_odor,True,0.0037428485229611397,2.2776806354522705,-1.1384074687957764
p711,process,,40,40,3,post,post_odor,True,0.08449295163154602,1.5975918769836426,-1.0646237134933472
p711,process,,41,41,21,post,post_odor,True,0.15562187135219574,1.9738377332687378,-1.1149044036865234
p711,process,,42,42,31,post,post_odor,True,0.029253246262669563,1.8449428081512451,-1.0732972621917725
p711,process,,43,43,2,post,post_odor,True,0.06665188819169998,1.5574654340744019,-1.2118226289749146
p711,process,,44,44,32,post,post_odor,True,0.012897949665784836,2.0304312705993652,-1.4434596300125122
p711,process,,45,45,40,post,post_odor,True,0.11322634667158127,1.5716075897216797,-1.262575626373291
p711,process,,46,46,1,post,post_odor,True,0.02618941105902195,1.7849960327148438,-1.3720004558563232
p711,process,,47,47,0,post,post_odor,True,0.016679007560014725,1.6815030574798584,-1.1608681678771973
p711,process,,48,48,22,post,post_odor,True,0.2634561061859131,1.6066269874572754,-0.7792885899543762
p711,process,,49,49,10,post,post_odor,True,0.23952023684978485,2.2668938636779785,-0.9044882655143738
p711,process,,50,50,1,post,post_odor,True,0.09261836856603622,1.7044693231582642,-1.3839019536972046
p711,process,,51,51,30,post,post_odor,True,-0.0621870718896389,1.87351655960083,-1.0440119504928589
p711,process,,52,52,12,post,post_odor,True,0.15676085650920868,1.312371850013733,-1.2489933967590332
p711,process,,53,53,3,post,post_odor,True,-0.052147239446640015,1.6764111518859863,-1.3686684370040894
p711,process,,54,54,21,post,post_odor,True,0.038932740688323975,1.6506565809249878,-1.0379226207733154
p711,process,,55,55,22,post,post_odor,True,0.15892638266086578,2.317248582839966,-1.2090455293655396
p711,process,,56,56,18,post,post_odor,True,-0.05279161408543587,2.1079723834991455,-1.3914668560028076
p711,process,,57,57,30,post,post_odor,True,0.12076303362846375,2.131052017211914,-1.1111063957214355
p711,process,,58,58,17,post,post_odor,True,0.026200631633400917,2.620964288711548,-0.9966179132461548
p711,process,,59,59,39,post,post_odor,True,0.07437266409397125,2.171762228012085,-1.5465787649154663
p711,process,,60,60,39,post,post_odor,True,0.4247209131717682,2.096771717071533,-1.0487769842147827
p711,process,,61,61,17,post,post_odor,True,0.22118712961673737,1.9299811124801636,-1.1167590618133545
p711,process,,62,62,4,post,post_odor,True,0.23041974008083344,1.88459312915802,-1.352860450744629
p730,process,,0,0,39,pre,post_odor,True,0.05581236258149147,3.8999037742614746,-3.744853973388672
p730,process,,1,1,17,pre,post_odor,True,-0.9351871609687805,1.6153955459594727,-3.511482000350952
p730,process,,2,2,32,pre,post_odor,True,0.864366888999939,4.904767990112305,-1.5849487781524658
p730,process,,3,3,32,pre,post_odor,True,0.45857611298561096,3.7231216430664062,-2.628690242767334
p730,process,,4,4,30,pre,post_odor,True,0.1583050787448883,3.1672236919403076,-3.0954558849334717
p730,process,,5,5,40,pre,post_odor,True,0.03797578439116478,2.965104103088379,-2.3927645683288574
p730,process,,6,6,3,pre,post_odor,True,0.5246315002441406,3.817352056503296,-1.8046934604644775
p730,process,,7,7,2,pre,post_odor,True,0.19842050969600677,2.8443963527679443,-2.310595750808716
p730,process,,8,8,1,pre,post_odor,True,1.0335627794265747,4.035161972045898,-1.9484810829162598
p730,process,,9,9,4,pre,post_odor,True,1.4394601583480835,6.181887149810791,-1.1986788511276245
p730,process,,10,10,31,pre,post_odor,True,0.6464863419532776,3.7378714084625244,-1.6287858486175537
p730,process,,11,11,21,pre,post_odor,True,-0.03778627887368202,3.6136434078216553,-2.402113437652588
p730,process,,12,12,2,pre,post_odor,True,0.3943229019641876,5.21762228012085,-3.3467345237731934
p730,process,,13,13,39,pre,post_odor,True,0.3213759660720825,3.2238166332244873,-1.5544980764389038
p730,process,,14,14,1,pre,post_odor,True,0.356079638004303,3.454908847808838,-1.9679086208343506
p730,process,,15,15,12,pre,post_odor,True,1.0725460052490234,4.014639377593994,-2.0159966945648193
p730,process,,16,16,22,pre,post_odor,True,0.5762218832969666,3.601311683654785,-1.2786108255386353
p730,process,,17,17,10,pre,post_odor,True,0.9148535132408142,5.007577419281006,-2.220021963119507
p730,process,,18,18,17,pre,post_odor,True,0.1319694072008133,3.478301525115967,-2.8039450645446777
p730,process,,19,19,31,pre,post_odor,True,-0.22502663731575012,2.06779146194458,-2.0832972526550293
p730,process,,20,20,30,pre,post_odor,True,0.3083071708679199,4.904457092285156,-2.4899232387542725
p730,process,,21,21,12,pre,post_odor,True,-0.07256925851106644,2.6593868732452393,-1.9613333940505981
p730,process,,22,22,22,pre,post_odor,True,0.15210531651973724,3.164069414138794,-1.8988450765609741
p730,process,,23,23,4,pre,post_odor,True,0.00989281665533781,3.1444177627563477,-1.7218374013900757
p730,process,,24,24,0,pre,post_odor,True,0.2779219448566437,3.6057987213134766,-2.095452308654785
p730,process,,25,25,3,pre,post_odor,True,-0.39192649722099304,1.9021358489990234,-3.608356475830078
p730,process,,26,26,40,pre,post_odor,True,-0.05992623418569565,3.7371647357940674,-3.451793909072876
p730,process,,27,27,10,pre,post_odor,True,0.8101140856742859,3.892141580581665,-1.7108954191207886
p730,process,,28,28,21,pre,post_odor,True,0.5318934321403503,5.0889892578125,-2.215392589569092
p730,process,,29,29,18,pre,post_odor,True,0.08124667406082153,2.6610312461853027,-2.5491416454315186
p730,process,,30,30,18,pre,post_odor,True,-0.47064825892448425,3.0323305130004883,-3.2116286754608154
p730,process,,31,31,0,pre,post_odor,True,0.10058540105819702,2.1812617778778076,-2.0333151817321777
p730,process,,32,32,12,post,post_odor,True,0.007097987458109856,1.6077680587768555,-0.847983717918396
p730,process,,33,33,18,post,post_odor,True,-0.036491405218839645,1.5890337228775024,-1.0700323581695557
p730,process,,34,34,40,post,post_odor,True,-0.01623762957751751,2.4673209190368652,-1.1618314981460571
p730,process,,35,35,32,post,post_odor,True,0.021013999357819557,1.9391576051712036,-1.1795198917388916
p730,process,,36,36,31,post,post_odor,True,-0.004124554805457592,1.4688193798065186,-1.0599422454833984
p730,process,,37,37,0,post,post_odor,True,0.08670340478420258,1.6054099798202515,-1.2501033544540405
p730,process,,38,38,4,post,post_odor,True,-0.046861059963703156,1.481084942817688,-1.0711833238601685
p730,process,,39,39,2,post,post_odor,True,-0.011247701942920685,1.6268609762191772,-1.0229049921035767
p730,process,,40,40,3,post,post_odor,True,0.11960804462432861,1.8166533708572388,-0.9619578123092651
p730,process,,41,41,21,post,post_odor,True,0.06568269431591034,2.058385133743286,-1.232474446296692
p730,process,,42,42,31,post,post_odor,True,-0.17476454377174377,1.3085261583328247,-1.2553941011428833
p730,process,,43,43,2,post,post_odor,True,0.057024694979190826,1.5023630857467651,-1.1727765798568726
p730,process,,44,44,32,post,post_odor,True,-0.0014797518961131573,2.464486837387085,-1.1414570808410645
p730,process,,45,45,40,post,post_odor,True,0.007580567616969347,1.5605045557022095,-1.0517473220825195
p730,process,,46,46,1,post,post_odor,True,-0.03774930536746979,1.8038607835769653,-0.9758124351501465
p730,process,,47,47,0,post,post_odor,True,0.17212708294391632,2.0292747020721436,-1.101464033126831
p730,process,,48,48,22,post,post_odor,True,0.17566555738449097,2.4040093421936035,-1.0475139617919922
p730,process,,49,49,10,post,post_odor,True,-0.16715414822101593,1.4272924661636353,-1.3618638515472412
p730,process,,50,50,1,post,post_odor,True,-0.024973148480057716,1.2309393882751465,-0.9752877354621887
p730,process,,51,51,30,post,post_odor,True,-0.25251609086990356,1.6490039825439453,-1.3345527648925781
p730,process,,52,52,12,post,post_odor,True,0.04134981334209442,2.948892116546631,-1.4360570907592773
p730,process,,53,53,3,post,post_odor,True,-0.09775478392839432,1.4801539182662964,-1.219936490058899
p730,process,,54,54,21,post,post_odor,True,-0.0863773375749588,1.693845272064209,-1.452470302581787
p730,process,,55,55,22,post,post_odor,True,0.03883010894060135,1.4088921546936035,-1.4201887845993042
p730,process,,56,56,18,post,post_odor,True,-0.24921073019504547,1.1058460474014282,-1.3151906728744507
p730,process,,57,57,30,post,post_odor,True,0.019267188385128975,1.6343226432800293,-1.0891669988632202
p730,process,,58,58,17,post,post_odor,True,0.03459562361240387,1.9204882383346558,-1.199002742767334
p730,process,,59,59,39,post,post_odor,True,-0.007098105736076832,1.0886571407318115,-1.2732841968536377
p730,process,,60,60,39,post,post_odor,True,0.195449098944664,2.7132375240325928,-1.0889538526535034
p730,process,,61,61,17,post,post_odor,True,0.05224556475877762,1.809057354927063,-1.342180848121643
p730,process,,62,62,4,post,post_odor,True,0.20277082920074463,2.3396451473236084,-1.1607416868209839
p749,process,,0,0,39,pre,post_odor,True,-0.03735858201980591,3.435514450073242,-2.3670706748962402
p749,process,,1,1,17,pre,post_odor,True,-0.708061158657074,1.3975437879562378,-3.3105335235595703
p749,process,,2,2,32,pre,post_odor,True,1.2314813137054443,4.5415496826171875,-0.7404507398605347
p749,process,,3,3,32,pre,post_odor,True,1.2079941034317017,4.605362415313721,-0.6120604872703552
p749,process,,4,4,30,pre,post_odor,True,0.8764694333076477,3.618898630142212,-1.7114899158477783
p749,process,,5,5,40,pre,post_odor,True,0.5677037239074707,4.164462089538574,-3.387263774871826
p749,process,,6,6,3,pre,post_odor,True,0.9033581018447876,4.42636251449585,-1.8940681219100952
p749,process,,7,7,2,pre,post_odor,True,0.793315052986145,3.648498296737671,-2.08147931098938
p749,process,,8,8,1,pre,post_odor,True,0.6933546662330627,2.84958815574646,-1.133379578590393
p749,process,,9,9,4,pre,post_odor,True,2.163811206817627,4.537952423095703,-0.6955560445785522
p749,process,,10,10,31,pre,post_odor,True,0.5190779566764832,2.552124500274658,-1.6197301149368286
p749,process,,11,11,21,pre,post_odor,True,-0.2460879534482956,3.2642295360565186,-2.5215046405792236
p749,process,,12,12,2,pre,post_odor,True,0.13284441828727722,2.3957271575927734,-1.6754179000854492
p749,process,,13,13,39,pre,post_odor,True,0.5893260836601257,4.6613569259643555,-1.9216322898864746
p749,process,,14,14,1,pre,post_odor,True,0.1323390007019043,2.1910808086395264,-1.7139936685562134
p749,process,,15,15,12,pre,post_odor,True,1.4109867811203003,4.9577412605285645,-2.610895872116089
p749,process,,16,16,22,pre,post_odor,True,1.5663528442382812,4.2529215812683105,-1.4491442441940308
p749,process,,17,17,10,pre,post_odor,True,-0.18014323711395264,2.87534761428833,-4.367621898651123
p749,process,,18,18,17,pre,post_odor,True,1.2528356313705444,4.270473480224609,-1.3386805057525635
p749,process,,19,19,31,pre,post_odor,True,0.206727996468544,2.822181224822998,-2.8723042011260986
p749,process,,20,20,30,pre,post_odor,True,-0.05046951025724411,3.6090240478515625,-2.575319528579712
p749,process,,21,21,12,pre,post_odor,True,-0.5659363865852356,3.787550449371338,-2.8142130374908447
p749,process,,22,22,22,pre,post_odor,True,0.5742335319519043,3.376095771789551,-2.4624691009521484
p749,process,,23,23,4,pre,post_odor,True,-0.26280176639556885,2.3577020168304443,-2.3110878467559814
p749,process,,24,24,0,pre,post_odor,True,0.7837345004081726,4.454224109649658,-2.494251251220703
p749,process,,25,25,3,pre,post_odor,True,0.21961067616939545,3.667815685272217,-3.4739294052124023
p749,process,,26,26,40,pre,post_odor,True,0.36243483424186707,3.17379093170166,-2.263418436050415
p749,process,,27,27,10,pre,post_odor,True,0.5261476635932922,3.8214850425720215,-2.974273920059204
p749,process,,28,28,21,pre,post_odor,True,0.9040647745132446,4.008538722991943,-1.6733990907669067
p749,process,,29,29,18,pre,post_odor,True,0.4066440463066101,3.125213146209717,-2.3215701580047607
p749,process,,30,30,18,pre,post_odor,True,0.12304002791643143,4.093445301055908,-3.2655141353607178
p749,process,,31,31,0,pre,post_odor,True,0.5517213344573975,4.2058305740356445,-2.4883012771606445
p749,process,,32,32,12,post,post_odor,True,0.2880791425704956,1.8717362880706787,-0.6449159979820251
p749,process,,33,33,18,post,post_odor,True,0.20464065670967102,1.3690508604049683,-0.9791120886802673
p749,process,,34,34,40,post,post_odor,True,0.09617537260055542,1.023822546005249,-1.2028594017028809
p749,process,,35,35,32,post,post_odor,True,0.02326974645256996,0.9053480625152588,-1.1166056394577026
p749,process,,36,36,31,post,post_odor,True,-0.1891816258430481,1.0952630043029785,-1.0346925258636475
p749,process,,37,37,0,post,post_odor,True,-0.08749711513519287,1.1557577848434448,-1.0146883726119995
p749,process,,38,38,4,post,post_odor,True,-0.3182491958141327,0.7285931706428528,-1.129516363143921
p749,process,,39,39,2,post,post_odor,True,-0.3139994740486145,0.819815993309021,-1.1639302968978882
p749,process,,40,40,3,post,post_odor,True,-0.25293654203414917,0.8408947587013245,-1.2914141416549683
p749,process,,41,41,21,post,post_odor,True,0.4311653971672058,1.6132681369781494,-0.4355129599571228
p749,process,,42,42,31,post,post_odor,True,0.0682438537478447,0.975752055644989,-0.9154260754585266
p749,process,,43,43,2,post,post_odor,True,-0.1978251188993454,1.2389942407608032,-1.3827128410339355
p749,process,,44,44,32,post,post_odor,True,0.15799368917942047,1.8210245370864868,-1.5431413650512695
p749,process,,45,45,40,post,post_odor,True,-0.03719114884734154,1.4538829326629639,-0.980499804019928
p749,process,,46,46,1,post,post_odor,True,-0.03513830527663231,1.064884901046753,-0.8333576917648315
p749,process,,47,47,0,post,post_odor,True,0.10481559485197067,0.8381256461143494,-0.8033724427223206
p749,process,,48,48,22,post,post_odor,True,0.24535976350307465,1.2993807792663574,-0.8661317229270935
p749,process,,49,49,10,post,post_odor,True,0.13049159944057465,1.0420717000961304,-0.8902034163475037
p749,process,,50,50,1,post,post_odor,True,0.003367965342476964,0.9604838490486145,-1.0282621383666992
p749,process,,51,51,30,post,post_odor,True,-0.058693815022706985,0.909351646900177,-0.9429216384887695
p749,process,,52,52,12,post,post_odor,True,0.16370311379432678,1.4028525352478027,-0.6732483506202698
p749,process,,53,53,3,post,post_odor,True,-0.1710125356912613,0.6991552710533142,-1.3461631536483765
p749,process,,54,54,21,post,post_odor,True,0.4437576234340668,1.5818284749984741,-0.8783542513847351
p749,process,,55,55,22,post,post_odor,True,0.2468481808900833,1.2522239685058594,-0.7094963788986206
p749,process,,56,56,18,post,post_odor,True,0.1367022693157196,1.4455170631408691,-0.9731991291046143
p749,process,,57,57,30,post,post_odor,True,-0.12946900725364685,1.1878557205200195,-1.1044725179672241
p749,process,,58,58,17,post,post_odor,True,-0.014821558259427547,1.1405980587005615,-0.9142063856124878
p749,process,,59,59,39,post,post_odor,True,0.4852554500102997,1.621044635772705,-0.6053277254104614
p749,process,,60,60,39,post,post_odor,True,0.34854021668434143,2.174699068069458,-0.8712839484214783
p749,process,,61,61,17,post,post_odor,True,-0.11433101445436478,1.8390625715255737,-1.4239234924316406
p749,process,,62,62,4,post,post_odor,True,-0.08838746696710587,1.2914694547653198,-1.2832564115524292
p768,process,,0,0,39,pre,post_odor,True,0.920886218547821,4.356945991516113,-2.51924467086792
p768,process,,1,1,17,pre,post_odor,True,-0.20557241141796112,2.2784781455993652,-3.485220193862915
p768,process,,2,2,32,pre,post_odor,True,2.6856117248535156,7.37992525100708,-0.6601077318191528
p768,process,,3,3,32,pre,post_odor,True,2.2245514392852783,5.531632423400879,-1.8696215152740479
p768,process,,4,4,30,pre,post_odor,True,1.4987292289733887,5.326256275177002,-1.6408607959747314
p768,process,,5,5,40,pre,post_odor,True,-0.11828035116195679,4.319161891937256,-3.011565685272217
p768,process,,6,6,3,pre,post_odor,True,2.0991034507751465,5.04151725769043,-0.7350205779075623
p768,process,,7,7,2,pre,post_odor,True,0.9478930234909058,5.265115261077881,-1.1078424453735352
p768,process,,8,8,1,pre,post_odor,True,0.6104615330696106,3.449023485183716,-2.7972517013549805
p768,process,,9,9,4,pre,post_odor,True,2.402507781982422,6.953671932220459,-1.2379556894302368
p768,process,,10,10,31,pre,post_odor,True,3.2453808784484863,7.378742218017578,-0.028401678428053856
p768,process,,11,11,21,pre,post_odor,True,0.17446596920490265,5.526680946350098,-2.527031183242798
p768,process,,12,12,2,pre,post_odor,True,0.2699933648109436,3.720181703567505,-2.4169280529022217
p768,process,,13,13,39,pre,post_odor,True,0.44516387581825256,5.156022548675537,-2.9247515201568604
p768,process,,14,14,1,pre,post_odor,True,0.7439606785774231,4.937614917755127,-2.1804041862487793
p768,process,,15,15,12,pre,post_odor,True,1.5202001333236694,5.650992393493652,-2.2501354217529297
p768,process,,16,16,22,pre,post_odor,True,3.123394250869751,7.357987880706787,-0.43004491925239563
p768,process,,17,17,10,pre,post_odor,True,1.0711233615875244,3.8251097202301025,-1.325533151626587
p768,process,,18,18,17,pre,post_odor,True,0.8265765905380249,3.803370237350464,-1.3858751058578491
p768,process,,19,19,31,pre,post_odor,True,-0.11742794513702393,3.3316874504089355,-2.608957052230835
p768,process,,20,20,30,pre,post_odor,True,-0.25297337770462036,2.7354657649993896,-2.2540087699890137
p768,process,,21,21,12,pre,post_odor,True,-0.659039318561554,2.188654661178589,-2.3506457805633545
p768,process,,22,22,22,pre,post_odor,True,-0.45472806692123413,2.054034471511841,-2.3980252742767334
p768,process,,23,23,4,pre,post_odor,True,-0.004158342722803354,3.1172375679016113,-2.405594825744629
p768,process,,24,24,0,pre,post_odor,True,1.407020092010498,7.8317694664001465,-1.3094677925109863
p768,process,,25,25,3,pre,post_odor,True,0.5491752028465271,3.4083359241485596,-2.3048999309539795
p768,process,,26,26,40,pre,post_odor,True,1.1041028499603271,4.046478271484375,-1.7213881015777588
p768,process,,27,27,10,pre,post_odor,True,0.6717995405197144,3.4448623657226562,-1.961799144744873
p768,process,,28,28,21,pre,post_odor,True,0.4669380486011505,3.8918912410736084,-2.5441439151763916
p768,process,,29,29,18,pre,post_odor,True,0.04348749294877052,2.376734495162964,-2.092210531234741
p768,process,,30,30,18,pre,post_odor,True,-0.5975823998451233,0.844788670539856,-2.0265932083129883
p768,process,,31,31,0,pre,post_odor,True,0.21502995491027832,4.38218355178833,-1.8668360710144043
p768,process,,32,32,12,post,post_odor,True,0.05730942636728287,1.8767480850219727,-1.5092929601669312
p768,process,,33,33,18,post,post_odor,True,0.16882756352424622,2.155982494354248,-1.5254874229431152
p768,process,,34,34,40,post,post_odor,True,0.010875270701944828,1.6913453340530396,-1.2987117767333984
p768,process,,35,35,32,post,post_odor,True,-0.25543516874313354,1.2263050079345703,-1.326832890510559
p768,process,,36,36,31,post,post_odor,True,-0.017579996958374977,2.0980021953582764,-1.1911441087722778
p768,process,,37,37,0,post,post_odor,True,-0.08810390532016754,1.2509645223617554,-1.463007926940918
p768,process,,38,38,4,post,post_odor,True,0.11304536461830139,1.7713310718536377,-1.5637903213500977
p768,process,,39,39,2,post,post_odor,True,0.20401214063167572,1.7253470420837402,-1.0677707195281982
p768,process,,40,40,3,post,post_odor,True,-0.09193561226129532,1.6849130392074585,-1.4806742668151855
p768,process,,41,41,21,post,post_odor,True,-0.1731993705034256,1.4486972093582153,-1.5054997205734253
p768,process,,42,42,31,post,post_odor,True,0.15179918706417084,1.7235530614852905,-1.1610307693481445
p768,process,,43,43,2,post,post_odor,True,0.14262446761131287,1.5186262130737305,-1.0921553373336792
p768,process,,44,44,32,post,post_odor,True,0.08183740079402924,2.2387278079986572,-1.4417169094085693
p768,process,,45,45,40,post,post_odor,True,-0.11088830232620239,1.0865622758865356,-1.5409437417984009
p768,process,,46,46,1,post,post_odor,True,0.010988876223564148,1.5751354694366455,-0.9463098645210266
p768,process,,47,47,0,post,post_odor,True,-0.12765714526176453,1.0718231201171875,-1.223408818244934
p768,process,,48,48,22,post,post_odor,True,-0.09329145401716232,1.0585564374923706,-1.2490874528884888
p768,process,,49,49,10,post,post_odor,True,0.20995651185512543,2.5938973426818848,-1.0565414428710938
p768,process,,50,50,1,post,post_odor,True,0.08415573090314865,3.504701614379883,-1.4296040534973145
p768,process,,51,51,30,post,post_odor,True,0.2093563973903656,1.203971266746521,-0.9698771834373474
p768,process,,52,52,12,post,post_odor,True,0.2431534081697464,1.9372178316116333,-0.960509717464447
p768,process,,53,53,3,post,post_odor,True,0.15113139152526855,1.3045127391815186,-1.404731035232544
p768,process,,54,54,21,post,post_odor,True,0.14974866807460785,1.6336835622787476,-1.1659517288208008
p768,process,,55,55,22,post,post_odor,True,-0.07484857738018036,2.1642634868621826,-1.7116121053695679
p768,process,,56,56,18,post,post_odor,True,-0.07681992650032043,2.1684577465057373,-1.3257149457931519
p768,process,,57,57,30,post,post_odor,True,-0.07600954174995422,2.5373051166534424,-1.2455220222473145
p768,process,,58,58,17,post,post_odor,True,-0.1888105869293213,0.8084589242935181,-1.5586234331130981
p768,process,,59,59,39,post,post_odor,True,-0.044961269944906235,1.0650643110275269,-1.1674634218215942
p768,process,,60,60,39,post,post_odor,True,-0.03949066996574402,3.3347227573394775,-1.3340927362442017
p768,process,,61,61,17,post,post_odor,True,0.12791037559509277,1.7960922718048096,-1.124767780303955
p768,process,,62,62,4,post,post_odor,True,0.052656564861536026,1.1636180877685547,-1.201399803161621
p787,process,,0,0,39,pre,post_odor,True,0.4382565915584564,4.01143217086792,-2.3497698307037354
p787,process,,1,1,17,pre,post_odor,True,2.738844633102417,7.621992111206055,-1.6036155223846436
p787,process,,2,2,32,pre,post_odor,True,1.783828854560852,5.774288177490234,-2.1385724544525146
p787,process,,3,3,32,pre,post_odor,True,2.543755531311035,7.370225429534912,-1.2425569295883179
p787,process,,4,4,30,pre,post_odor,True,1.7748702764511108,8.332355499267578,-1.7953373193740845
p787,process,,5,5,40,pre,post_odor,True,0.9167388677597046,5.197025775909424,-3.172968864440918
p787,process,,6,6,3,pre,post_odor,True,1.2112988233566284,4.86136531829834,-1.1523061990737915
p787,process,,7,7,2,pre,post_odor,True,1.4122767448425293,5.958376884460449,-1.837904453277588
p787,process,,8,8,1,pre,post_odor,True,0.7567246556282043,7.373593807220459,-2.0634894371032715
p787,process,,9,9,4,pre,post_odor,True,1.202340841293335,4.901731491088867,-1.1218717098236084
p787,process,,10,10,31,pre,post_odor,True,1.9360158443450928,6.359489440917969,-2.263373374938965
p787,process,,11,11,21,pre,post_odor,True,2.435131072998047,7.530795097351074,-1.728081226348877
p787,process,,12,12,2,pre,post_odor,True,0.3342471122741699,3.7526140213012695,-3.362983465194702
p787,process,,13,13,39,pre,post_odor,True,-0.15967537462711334,2.688687801361084,-2.202239513397217
p787,process,,14,14,1,pre,post_odor,True,1.0460635423660278,5.158968448638916,-1.3694283962249756
p787,process,,15,15,12,pre,post_odor,True,1.421126127243042,6.187431335449219,-2.3206756114959717
p787,process,,16,16,22,pre,post_odor,True,1.096274971961975,5.18324613571167,-2.173347234725952
p787,process,,17,17,10,pre,post_odor,True,1.75251305103302,6.864634990692139,-0.6050487160682678
p787,process,,18,18,17,pre,post_odor,True,1.4287830591201782,5.588067531585693,-2.442687511444092
p787,process,,19,19,31,pre,post_odor,True,1.9215797185897827,9.394145965576172,-0.8048586845397949
p787,process,,20,20,30,pre,post_odor,True,1.2072978019714355,3.9201271533966064,-1.4561659097671509
p787,process,,21,21,12,pre,post_odor,True,1.1305392980575562,5.00639533996582,-1.5541478395462036
p787,process,,22,22,22,pre,post_odor,True,1.2041242122650146,4.912971019744873,-1.276114821434021
p787,process,,23,23,4,pre,post_odor,True,0.5738318562507629,3.526003360748291,-2.8498218059539795
p787,process,,24,24,0,pre,post_odor,True,1.6778682470321655,4.23301362991333,-1.7501161098480225
p787,process,,25,25,3,pre,post_odor,True,0.1462508738040924,4.051382541656494,-3.1673176288604736
p787,process,,26,26,40,pre,post_odor,True,1.9743856191635132,5.07639217376709,-2.108048677444458
p787,process,,27,27,10,pre,post_odor,True,0.7755593657493591,3.9131436347961426,-2.166999578475952
p787,process,,28,28,21,pre,post_odor,True,2.587355852127075,9.255712509155273,-1.275274395942688
p787,process,,29,29,18,pre,post_odor,True,1.7035030126571655,6.162268161773682,-0.9255838990211487
p787,process,,30,30,18,pre,post_odor,True,1.1733698844909668,4.538962364196777,-2.0569560527801514
p787,process,,31,31,0,pre,post_odor,True,2.160176992416382,5.50687313079834,-1.0281339883804321
p787,process,,32,32,12,post,post_odor,True,0.5406894683837891,3.1141140460968018,-1.1228445768356323
p787,process,,33,33,18,post,post_odor,True,1.0724925994873047,3.6332039833068848,-0.7732946276664734
p787,process,,34,34,40,post,post_odor,True,-0.08026160299777985,2.2743959426879883,-1.7602888345718384
p787,process,,35,35,32,post,post_odor,True,0.08565621078014374,2.0506553649902344,-1.3580241203308105
p787,process,,36,36,31,post,post_odor,True,-0.3244594931602478,1.5254162549972534,-1.59038245677948
p787,process,,37,37,0,post,post_odor,True,-0.18160203099250793,1.1231613159179688,-1.6169158220291138
p787,process,,38,38,4,post,post_odor,True,0.5507139563560486,1.9188987016677856,-1.3990380764007568
p787,process,,39,39,2,post,post_odor,True,0.4899658262729645,2.814150333404541,-0.8717597723007202
p787,process,,40,40,3,post,post_odor,True,0.4133581221103668,1.9717897176742554,-1.2955485582351685
p787,process,,41,41,21,post,post_odor,True,3.2169620990753174,6.4063239097595215,0.026107994839549065
p787,process,,42,42,31,post,post_odor,True,0.1658904105424881,2.2478458881378174,-1.6542413234710693
p787,process,,43,43,2,post,post_odor,True,0.01158794667571783,1.7297353744506836,-1.609305500984192
p787,process,,44,44,32,post,post_odor,True,-0.026568396016955376,1.772248387336731,-1.491820216178894
p787,process,,45,45,40,post,post_odor,True,-0.11326678842306137,1.5324387550354004,-1.4310579299926758
p787,process,,46,46,1,post,post_odor,True,0.07640077918767929,1.832545280456543,-0.9512247443199158
p787,process,,47,47,0,post,post_odor,True,0.015454779379069805,1.2174588441848755,-0.9594787359237671
p787,process,,48,48,22,post,post_odor,True,0.45533108711242676,1.9190826416015625,-0.9136425852775574
p787,process,,49,49,10,post,post_odor,True,-0.049303460866212845,1.4025018215179443,-1.2081114053726196
p787,process,,50,50,1,post,post_odor,True,0.022442882880568504,0.9092942476272583,-1.283896803855896
p787,process,,51,51,30,post,post_odor,True,0.7681053280830383,3.1766304969787598,-0.9281290769577026
p787,process,,52,52,12,post,post_odor,True,0.6987025737762451,2.997805118560791,-0.639866828918457
p787,process,,53,53,3,post,post_odor,True,0.9090186953544617,3.0072619915008545,-1.4890570640563965
p787,process,,54,54,21,post,post_odor,True,2.501849412918091,8.079366683959961,-0.9201564788818359
p787,process,,55,55,22,post,post_odor,True,0.18342451751232147,1.6927976608276367,-1.2178353071212769
p787,process,,56,56,18,post,post_odor,True,0.8403182625770569,3.4887866973876953,-0.558664083480835
p787,process,,57,57,30,post,post_odor,True,0.5065550208091736,2.1606876850128174,-0.7151292562484741
p787,process,,58,58,17,post,post_odor,True,0.44750797748565674,3.0508086681365967,-1.5081968307495117
p787,process,,59,59,39,post,post_odor,True,0.09498853981494904,1.4684360027313232,-1.4961578845977783
p787,process,,60,60,39,post,post_odor,True,0.07634563744068146,1.7734806537628174,-1.350969910621643
p787,process,,61,61,17,post,post_odor,True,0.7505172491073608,2.939225196838379,-1.6521011590957642
p787,process,,62,62,4,post,post_odor,True,0.20850856602191925,2.1520938873291016,-1.067991852760315
p806,process,,0,0,39,pre,post_odor,True,2.0359816551208496,4.414534091949463,-0.005937318783253431
p806,process,,1,1,17,pre,post_odor,True,1.942256212234497,4.238857746124268,-0.0946863442659378
p806,process,,2,2,32,pre,post_odor,True,2.5313472747802734,6.510370254516602,-0.4375190734863281
p806,process,,3,3,32,pre,post_odor,True,3.442422389984131,5.363132476806641,0.8883276581764221
p806,process,,4,4,30,pre,post_odor,True,1.4339404106140137,3.9499242305755615,-1.879993200302124
p806,process,,5,5,40,pre,post_odor,True,2.3140695095062256,6.850096702575684,-4.438826560974121
p806,process,,6,6,3,pre,post_odor,True,4.318541526794434,7.619375705718994,-0.18862605094909668
p806,process,,7,7,2,pre,post_odor,True,4.102947235107422,7.517265796661377,-1.7696083784103394
p806,process,,8,8,1,pre,post_odor,True,-1.08499276638031,0.7241644859313965,-2.76116943359375
p806,process,,9,9,4,pre,post_odor,True,4.1393656730651855,7.960667133331299,0.1774141788482666
p806,process,,10,10,31,pre,post_odor,True,3.879819631576538,8.67208194732666,-1.899621605873108
p806,process,,11,11,21,pre,post_odor,True,2.4018115997314453,5.950625896453857,-1.0147218704223633
p806,process,,12,12,2,pre,post_odor,True,1.0773909091949463,4.949405670166016,-3.686640501022339
p806,process,,13,13,39,pre,post_odor,True,3.7230849266052246,6.449695110321045,0.2688980996608734
p806,process,,14,14,1,pre,post_odor,True,1.6138036251068115,3.8244142532348633,-1.4006682634353638
p806,process,,15,15,12,pre,post_odor,True,2.4950454235076904,7.007846832275391,-3.4744527339935303
p806,process,,16,16,22,pre,post_odor,True,3.9545443058013916,7.80668306350708,-0.19334648549556732
p806,process,,17,17,10,pre,post_odor,True,-0.3655908703804016,3.6974287033081055,-4.751614093780518
p806,process,,18,18,17,pre,post_odor,True,5.481068134307861,8.383156776428223,2.890915870666504
p806,process,,19,19,31,pre,post_odor,True,-0.2235529124736786,2.69045090675354,-2.6080434322357178
p806,process,,20,20,30,pre,post_odor,True,-0.4474465847015381,1.8785302639007568,-2.4516677856445312
p806,process,,21,21,12,pre,post_odor,True,-1.2541261911392212,1.8229012489318848,-3.609341859817505
p806,process,,22,22,22,pre,post_odor,True,0.2576453685760498,2.6457314491271973,-1.941969394683838
p806,process,,23,23,4,pre,post_odor,True,-1.3153185844421387,1.3541679382324219,-2.9515528678894043
p806,process,,24,24,0,pre,post_odor,True,0.1857588142156601,4.020510673522949,-3.5074360370635986
p806,process,,25,25,3,pre,post_odor,True,2.303420305252075,5.353440284729004,-2.4291305541992188
p806,process,,26,26,40,pre,post_odor,True,3.201184034347534,6.545353412628174,-0.4570745527744293
p806,process,,27,27,10,pre,post_odor,True,-1.2215176820755005,0.7765512466430664,-3.7056446075439453
p806,process,,28,28,21,pre,post_odor,True,3.3470826148986816,6.800482273101807,-1.7812080383300781
p806,process,,29,29,18,pre,post_odor,True,0.5956109166145325,3.3540735244750977,-2.163923740386963
p806,process,,30,30,18,pre,post_odor,True,-1.3461581468582153,1.123999834060669,-3.7002272605895996
p806,process,,31,31,0,pre,post_odor,True,0.9883755445480347,3.182966470718384,-2.2016444206237793
p806,process,,32,32,12,post,post_odor,True,0.07877408713102341,0.597342312335968,-0.3357805907726288
p806,process,,33,33,18,post,post_odor,True,0.10207334160804749,0.7700996398925781,-0.5152884125709534
p806,process,,34,34,40,post,post_odor,True,-0.07291270047426224,0.49438801407814026,-0.5136451125144958
p806,process,,35,35,32,post,post_odor,True,0.1164177730679512,0.9666196703910828,-0.3459905982017517
p806,process,,36,36,31,post,post_odor,True,0.03281020000576973,0.7637879848480225,-0.521533727645874
p806,process,,37,37,0,post,post_odor,True,-0.05532943084836006,0.3193780481815338,-0.5028691291809082
p806,process,,38,38,4,post,post_odor,True,-0.03508102521300316,0.6289850473403931,-0.7259411811828613
p806,process,,39,39,2,post,post_odor,True,0.04026506841182709,0.441007137298584,-0.6621110439300537
p806,process,,40,40,3,post,post_odor,True,-0.005979008972644806,0.4791285991668701,-0.5093067288398743
p806,process,,41,41,21,post,post_odor,True,0.2204338014125824,0.8303700685501099,-0.5447764992713928
p806,process,,42,42,31,post,post_odor,True,0.039451126009225845,0.6417734026908875,-0.43010807037353516
p806,process,,43,43,2,post,post_odor,True,-0.004481372889131308,0.4223089814186096,-0.5468242168426514
p806,process,,44,44,32,post,post_odor,True,0.026853714138269424,0.6376230716705322,-0.4783410429954529
p806,process,,45,45,40,post,post_odor,True,0.12068460136651993,0.5371370911598206,-0.4043251574039459
p806,process,,46,46,1,post,post_odor,True,-0.058251988142728806,0.36738312244415283,-0.4607171416282654
p806,process,,47,47,0,post,post_odor,True,0.049320969730615616,0.5126134753227234,-0.3938947916030884
p806,process,,48,48,22,post,post_odor,True,0.0064744786359369755,0.824359655380249,-0.49378231167793274
p806,process,,49,49,10,post,post_odor,True,-0.018931740894913673,0.6490542888641357,-0.5692287683486938
p806,process,,50,50,1,post,post_odor,True,-0.10054469853639603,0.6606877446174622,-0.6901938915252686
p806,process,,51,51,30,post,post_odor,True,0.004826139658689499,0.4505801796913147,-0.5645349621772766
p806,process,,52,52,12,post,post_odor,True,0.038628216832876205,0.5235381722450256,-0.31294262409210205
p806,process,,53,53,3,post,post_odor,True,-0.08967310190200806,0.5207071900367737,-0.5935249328613281
p806,process,,54,54,21,post,post_odor,True,0.41026556491851807,0.9698131680488586,-0.4528951644897461
p806,process,,55,55,22,post,post_odor,True,0.039719246327877045,0.5772700309753418,-0.3865908682346344
p806,process,,56,56,18,post,post_odor,True,0.10620631277561188,0.7482678294181824,-0.5211750268936157
p806,process,,57,57,30,post,post_odor,True,0.006943918764591217,0.6472887396812439,-0.4598269760608673
p806,process,,58,58,17,post,post_odor,True,0.010091534815728664,0.5592203736305237,-0.5439525246620178
p806,process,,59,59,39,post,post_odor,True,0.03953047841787338,0.6423428058624268,-0.3918166160583496
p806,process,,60,60,39,post,post_odor,True,0.03350972384214401,0.6193281412124634,-0.5064229965209961
p806,process,,61,61,17,post,post_odor,True,0.014167149551212788,0.7645047307014465,-0.45416533946990967
p806,process,,62,62,4,post,post_odor,True,0.02142602950334549,0.6856032013893127,-0.7398379445075989
p825,process,,0,0,39,pre,post_odor,True,0.9867438673973083,3.8287391662597656,-2.677821159362793
p825,process,,1,1,17,pre,post_odor,True,2.1947405338287354,6.614967346191406,-1.880241870880127
p825,process,,2,2,32,pre,post_odor,True,1.9786248207092285,7.174900054931641,-2.4568228721618652
p825,process,,3,3,32,pre,post_odor,True,1.7891278266906738,6.350727081298828,-2.355877161026001
p825,process,,4,4,30,pre,post_odor,True,0.28536298871040344,3.355769157409668,-2.97571063041687
p825,process,,5,5,40,pre,post_odor,True,0.4191299080848694,6.143511772155762,-3.761683702468872
p825,process,,6,6,3,pre,post_odor,True,1.6849451065063477,5.012465000152588,-1.7337250709533691
p825,process,,7,7,2,pre,post_odor,True,1.7055281400680542,5.5792927742004395,-2.6225757598876953
p825,process,,8,8,1,pre,post_odor,True,0.41156652569770813,3.98146390914917,-2.7874789237976074
p825,process,,9,9,4,pre,post_odor,True,1.784967064857483,5.690324306488037,-1.0397050380706787
p825,process,,10,10,31,pre,post_odor,True,2.651803731918335,6.214388847351074,-1.0487561225891113
p825,process,,11,11,21,pre,post_odor,True,1.5080327987670898,5.229187488555908,-1.066702961921692
p825,process,,12,12,2,pre,post_odor,True,0.38017386198043823,3.0719194412231445,-2.533912420272827
p825,process,,13,13,39,pre,post_odor,True,1.3169126510620117,4.682489395141602,-1.0265899896621704
p825,process,,14,14,1,pre,post_odor,True,0.9008636474609375,3.06400203704834,-0.8337636590003967
p825,process,,15,15,12,pre,post_odor,True,1.5584357976913452,5.166537284851074,-2.658301591873169
p825,process,,16,16,22,pre,post_odor,True,2.3549671173095703,6.096500396728516,-0.6662887930870056
p825,process,,17,17,10,pre,post_odor,True,0.9209511876106262,6.8241286277771,-2.8074021339416504
p825,process,,18,18,17,pre,post_odor,True,2.474008560180664,5.4068779945373535,-0.194996640086174
p825,process,,19,19,31,pre,post_odor,True,0.8936007618904114,4.541275501251221,-2.322686195373535
p825,process,,20,20,30,pre,post_odor,True,0.5094756484031677,3.656130313873291,-1.7841622829437256
p825,process,,21,21,12,pre,post_odor,True,0.3028658628463745,3.749063014984131,-2.583773136138916
p825,process,,22,22,22,pre,post_odor,True,0.5577800869941711,3.321422576904297,-2.2058677673339844
p825,process,,23,23,4,pre,post_odor,True,-0.13549180328845978,3.2018074989318848,-2.346781015396118
p825,process,,24,24,0,pre,post_odor,True,0.4668957591056824,4.53213357925415,-2.201047658920288
p825,process,,25,25,3,pre,post_odor,True,0.831334114074707,4.216151714324951,-1.6438801288604736
p825,process,,26,26,40,pre,post_odor,True,0.6032715439796448,2.717580795288086,-1.602674126625061
p825,process,,27,27,10,pre,post_odor,True,-0.3194411098957062,1.5911262035369873,-2.0031330585479736
p825,process,,28,28,21,pre,post_odor,True,1.5924643278121948,5.04901647567749,-1.5515937805175781
p825,process,,29,29,18,pre,post_odor,True,1.1039080619812012,3.706303834915161,-1.4282753467559814
p825,process,,30,30,18,pre,post_odor,True,-0.1765858381986618,2.527855634689331,-2.6583895683288574
p825,process,,31,31,0,pre,post_odor,True,0.7495712637901306,4.567000389099121,-1.7734636068344116
p825,process,,32,32,12,post,post_odor,True,-0.06554398685693741,0.7994860410690308,-0.884993314743042
p825,process,,33,33,18,post,post_odor,True,0.18568538129329681,2.256727457046509,-0.8762827515602112
p825,process,,34,34,40,post,post_odor,True,0.03765539079904556,1.1378133296966553,-0.8933787941932678
p825,process,,35,35,32,post,post_odor,True,-0.05863741412758827,0.8004007935523987,-0.7134665846824646
p825,process,,36,36,31,post,post_odor,True,0.02346503734588623,1.0952873229980469,-1.0265918970108032
p825,process,,37,37,0,post,post_odor,True,-0.02822102978825569,1.0867127180099487,-0.6402720212936401
p825,process,,38,38,4,post,post_odor,True,-0.07784022390842438,1.130129337310791,-1.0350313186645508
p825,process,,39,39,2,post,post_odor,True,0.006205297075212002,1.075657844543457,-0.7110720872879028
p825,process,,40,40,3,post,post_odor,True,-0.0054722619242966175,0.8301962018013,-0.9843966364860535
p825,process,,41,41,21,post,post_odor,True,1.1205533742904663,3.4030582904815674,-0.23376646637916565
p825,process,,42,42,31,post,post_odor,True,-0.017046738415956497,1.135190486907959,-0.6463748216629028
p825,process,,43,43,2,post,post_odor,True,-0.012313258834183216,1.1911526918411255,-1.1521927118301392
p825,process,,44,44,32,post,post_odor,True,0.0028765015304088593,1.162558913230896,-0.7515273690223694
p825,process,,45,45,40,post,post_odor,True,0.06158801540732384,0.8690415024757385,-0.7343065142631531
p825,process,,46,46,1,post,post_odor,True,0.10685151070356369,0.9382131695747375,-0.8484413027763367
p825,process,,47,47,0,post,post_odor,True,-0.0835040882229805,0.8371067047119141,-0.9094377160072327
p825,process,,48,48,22,post,post_odor,True,0.02985317073762417,1.0892566442489624,-1.1069822311401367
p825,process,,49,49,10,post,post_odor,True,0.023760274052619934,0.7064046263694763,-0.8097758889198303
p825,process,,50,50,1,post,post_odor,True,-0.05634741857647896,0.8048739433288574,-0.9884635210037231
p825,process,,51,51,30,post,post_odor,True,-0.021318167448043823,1.1835353374481201,-0.8749287724494934
p825,process,,52,52,12,post,post_odor,True,0.07721513509750366,1.2388808727264404,-0.5910699963569641
p825,process,,53,53,3,post,post_odor,True,0.04726923629641533,1.2283657789230347,-0.8389624357223511
p825,process,,54,54,21,post,post_odor,True,1.516746997833252,3.7018043994903564,-0.4425612688064575
p825,process,,55,55,22,post,post_odor,True,0.005362960044294596,0.9583292603492737,-0.9220462441444397
p825,process,,56,56,18,post,post_odor,True,0.0661783441901207,1.130614995956421,-0.8231028914451599
p825,process,,57,57,30,post,post_odor,True,0.07229667901992798,1.2556612491607666,-0.7046642303466797
p825,process,,58,58,17,post,post_odor,True,-0.021613454446196556,0.6788551211357117,-0.7473776936531067
p825,process,,59,59,39,post,post_odor,True,0.039956409484148026,1.291887879371643,-0.7836672067642212
p825,process,,60,60,39,post,post_odor,True,-0.022752897813916206,0.83530193567276,-0.636959433555603
p825,process,,61,61,17,post,post_odor,True,-0.07266225665807724,1.143034815788269,-0.9117889404296875
p825,process,,62,62,4,post,post_odor,True,0.0560113824903965,0.8157185912132263,-0.4432571530342102
p844,process,,0,0,39,pre,post_odor,True,0.39101970195770264,3.028264284133911,-2.1758556365966797
p844,process,,1,1,17,pre,post_odor,True,0.30500611662864685,5.729952335357666,-2.9026286602020264
p844,process,,2,2,32,pre,post_odor,True,0.280870258808136,3.3338725566864014,-3.0064003467559814
p844,process,,3,3,32,pre,post_odor,True,0.7371802926063538,4.996433258056641,-2.535677433013916
p844,process,,4,4,30,pre,post_odor,True,-0.1252366304397583,3.2451469898223877,-4.443723201751709
p844,process,,5,5,40,pre,post_odor,True,0.1172930970788002,4.528100967407227,-3.1556923389434814
p844,process,,6,6,3,pre,post_odor,True,1.0463838577270508,4.415311813354492,-2.3673295974731445
p844,process,,7,7,2,pre,post_odor,True,0.21837811172008514,4.500359535217285,-3.5707452297210693
p844,process,,8,8,1,pre,post_odor,True,-0.10091488808393478,4.480151653289795,-3.06457781791687
p844,process,,9,9,4,pre,post_odor,True,0.5794612169265747,3.3863608837127686,-2.324598550796509
p844,process,,10,10,31,pre,post_odor,True,0.7241729497909546,3.819838285446167,-1.9487667083740234
p844,process,,11,11,21,pre,post_odor,True,0.499703973531723,4.654558181762695,-3.309574604034424
p844,process,,12,12,2,pre,post_odor,True,0.29200461506843567,3.895556688308716,-2.2896971702575684
p844,process,,13,13,39,pre,post_odor,True,0.5665180087089539,4.455446720123291,-1.744960069656372
p844,process,,14,14,1,pre,post_odor,True,0.5342079401016235,5.251051902770996,-2.144080877304077
p844,process,,15,15,12,pre,post_odor,True,0.527772843837738,4.88934850692749,-1.8618561029434204
p844,process,,16,16,22,pre,post_odor,True,0.4974290728569031,4.106965065002441,-1.7937883138656616
p844,process,,17,17,10,pre,post_odor,True,0.4593758285045624,4.2294135093688965,-2.303572416305542
p844,process,,18,18,17,pre,post_odor,True,1.0168405771255493,5.216005802154541,-1.2514125108718872
p844,process,,19,19,31,pre,post_odor,True,0.08528732508420944,4.068547248840332,-1.784530758857727
p844,process,,20,20,30,pre,post_odor,True,0.0643068328499794,2.462768793106079,-1.891737699508667
p844,process,,21,21,12,pre,post_odor,True,0.38732481002807617,3.057549238204956,-1.7467864751815796
p844,process,,22,22,22,pre,post_odor,True,0.002288524527102709,2.0543875694274902,-2.2291207313537598
p844,process,,23,23,4,pre,post_odor,True,-0.058674681931734085,3.3619794845581055,-2.101895809173584
p844,process,,24,24,0,pre,post_odor,True,0.38414135575294495,3.1629505157470703,-1.620297908782959
p844,process,,25,25,3,pre,post_odor,True,0.24362951517105103,2.8006350994110107,-1.9643652439117432
p844,process,,26,26,40,pre,post_odor,True,0.6133946180343628,4.309154510498047,-1.0589232444763184
p844,process,,27,27,10,pre,post_odor,True,-0.12888118624687195,3.007617950439453,-2.2106504440307617
p844,process,,28,28,21,pre,post_odor,True,0.5988010764122009,4.714785575866699,-1.812066674232483
p844,process,,29,29,18,pre,post_odor,True,0.5789650082588196,3.760488986968994,-1.8038690090179443
p844,process,,30,30,18,pre,post_odor,True,-0.25922560691833496,2.923969268798828,-2.2792551517486572
p844,process,,31,31,0,pre,post_odor,True,0.20001567900180817,2.8708274364471436,-3.3185195922851562
p844,process,,32,32,12,post,post_odor,True,-0.12695366144180298,2.258406400680542,-1.2221516370773315
p844,process,,33,33,18,post,post_odor,True,0.023042917251586914,1.6038700342178345,-1.1504485607147217
p844,process,,34,34,40,post,post_odor,True,-0.06563562154769897,2.142688274383545,-1.1797065734863281
p844,process,,35,35,32,post,post_odor,True,0.08751091361045837,1.6159107685089111,-1.5378398895263672
p844,process,,36,36,31,post,post_odor,True,-0.18891224265098572,0.8805738091468811,-1.4709892272949219
p844,process,,37,37,0,post,post_odor,True,0.10398130863904953,1.565183162689209,-1.2135926485061646
p844,process,,38,38,4,post,post_odor,True,0.5054857730865479,2.475414276123047,-1.262700080871582
p844,process,,39,39,2,post,post_odor,True,-0.32838892936706543,1.269140362739563,-1.3805088996887207
p844,process,,40,40,3,post,post_odor,True,0.0339336022734642,2.94038462638855,-1.5283005237579346
p844,process,,41,41,21,post,post_odor,True,0.7771419286727905,3.298935651779175,-1.6244741678237915
p844,process,,42,42,31,post,post_odor,True,-0.07023768872022629,3.031794548034668,-0.952029287815094
p844,process,,43,43,2,post,post_odor,True,0.12448523193597794,1.9404881000518799,-1.4417670965194702
p844,process,,44,44,32,post,post_odor,True,-0.07528337836265564,2.493067502975464,-1.6370803117752075
p844,process,,45,45,40,post,post_odor,True,-0.08862216770648956,2.144374370574951,-1.1920442581176758
p844,process,,46,46,1,post,post_odor,True,-0.16663098335266113,1.3506507873535156,-1.5027183294296265
p844,process,,47,47,0,post,post_odor,True,0.12020213901996613,2.9215214252471924,-1.4984588623046875
p844,process,,48,48,22,post,post_odor,True,-0.20062844455242157,1.1396292448043823,-1.4356948137283325
p844,process,,49,49,10,post,post_odor,True,-0.10114207118749619,1.3116620779037476,-1.4388926029205322
p844,process,,50,50,1,post,post_odor,True,-0.13241319358348846,1.7592614889144897,-1.5053507089614868
p844,process,,51,51,30,post,post_odor,True,-0.07912299782037735,1.5439850091934204,-1.2885032892227173
p844,process,,52,52,12,post,post_odor,True,-0.12612059712409973,1.0279285907745361,-1.2629733085632324
p844,process,,53,53,3,post,post_odor,True,-0.09821128845214844,1.4390382766723633,-1.043479323387146
p844,process,,54,54,21,post,post_odor,True,1.084112524986267,4.899921894073486,-1.1320439577102661
p844,process,,55,55,22,post,post_odor,True,0.06825554370880127,3.212284803390503,-1.4556869268417358
p844,process,,56,56,18,post,post_odor,True,0.44756168127059937,2.4127449989318848,-1.1206406354904175
p844,process,,57,57,30,post,post_odor,True,0.16255255043506622,1.473041296005249,-0.9911148548126221
p844,process,,58,58,17,post,post_odor,True,0.19494931399822235,1.7302395105361938,-1.2067443132400513
p844,process,,59,59,39,post,post_odor,True,-0.08512610197067261,1.4397625923156738,-1.2067735195159912
p844,process,,60,60,39,post,post_odor,True,0.25020837783813477,1.4033050537109375,-1.006732702255249
p844,process,,61,61,17,post,post_odor,True,-0.0693449079990387,1.0486037731170654,-1.1445039510726929
p844,process,,62,62,4,post,post_odor,True,0.009451302699744701,1.1783132553100586,-0.9489240646362305
p863,process,,0,0,39,pre,post_odor,True,0.37886035442352295,2.8311262130737305,-1.6618425846099854
p863,process,,1,1,17,pre,post_odor,True,-0.3966098129749298,1.4690366983413696,-2.727642059326172
p863,process,,2,2,32,pre,post_odor,True,1.069143295288086,3.1625993251800537,-1.2265615463256836
p863,process,,3,3,32,pre,post_odor,True,0.618747353553772,2.8162689208984375,-1.3409512042999268
p863,process,,4,4,30,pre,post_odor,True,0.4235784411430359,2.350555181503296,-2.442601203918457
p863,process,,5,5,40,pre,post_odor,True,-0.003444173838943243,3.6788651943206787,-3.413018226623535
p863,process,,6,6,3,pre,post_odor,True,2.046579360961914,4.897271633148193,-0.8182337880134583
p863,process,,7,7,2,pre,post_odor,True,0.5807412266731262,4.480929374694824,-2.7480556964874268
p863,process,,8,8,1,pre,post_odor,True,0.4368799328804016,3.143383026123047,-2.6690618991851807
p863,process,,9,9,4,pre,post_odor,True,1.8533481359481812,5.050253868103027,-1.6295421123504639
p863,process,,10,10,31,pre,post_odor,True,2.2688090801239014,5.095873832702637,-1.969605803489685
p863,process,,11,11,21,pre,post_odor,True,0.04132934287190437,2.4743213653564453,-3.105985164642334
p863,process,,12,12,2,pre,post_odor,True,0.6610377430915833,4.006917476654053,-1.8496425151824951
p863,process,,13,13,39,pre,post_odor,True,0.2107139229774475,2.4296317100524902,-1.9930438995361328
p863,process,,14,14,1,pre,post_odor,True,0.44260695576667786,4.056615829467773,-2.2329206466674805
p863,process,,15,15,12,pre,post_odor,True,1.5541881322860718,6.084715366363525,-2.9472155570983887
p863,process,,16,16,22,pre,post_odor,True,1.810529351234436,4.447752952575684,-0.6200828552246094
p863,process,,17,17,10,pre,post_odor,True,0.7216250896453857,4.249947547912598,-2.9848508834838867
p863,process,,18,18,17,pre,post_odor,True,2.4190948009490967,5.815581798553467,-0.8823117613792419
p863,process,,19,19,31,pre,post_odor,True,0.3386666476726532,2.8811116218566895,-1.8483302593231201
p863,process,,20,20,30,pre,post_odor,True,0.07279687374830246,3.6255388259887695,-1.4613265991210938
p863,process,,21,21,12,pre,post_odor,True,-0.42613494396209717,3.6912591457366943,-2.4594833850860596
p863,process,,22,22,22,pre,post_odor,True,-0.15332549810409546,2.5474367141723633,-2.462965965270996
p863,process,,23,23,4,pre,post_odor,True,-1.0623503923416138,2.338392734527588,-3.850084066390991
p863,process,,24,24,0,pre,post_odor,True,0.7482994794845581,5.519764423370361,-2.9848439693450928
p863,process,,25,25,3,pre,post_odor,True,0.5931569337844849,3.628431797027588,-2.041809320449829
p863,process,,26,26,40,pre,post_odor,True,1.3688907623291016,3.8062009811401367,-1.9924817085266113
p863,process,,27,27,10,pre,post_odor,True,0.3951072692871094,3.100149393081665,-2.000239610671997
p863,process,,28,28,21,pre,post_odor,True,1.8180073499679565,5.229059219360352,-0.9906660914421082
p863,process,,29,29,18,pre,post_odor,True,0.9329807758331299,3.7710816860198975,-0.9745440483093262
p863,process,,30,30,18,pre,post_odor,True,-0.9513132572174072,1.1477802991867065,-3.3335373401641846
p863,process,,31,31,0,pre,post_odor,True,0.9921396374702454,4.499342441558838,-1.7456871271133423
p863,process,,32,32,12,post,post_odor,True,-0.043878789991140366,1.1397850513458252,-0.9820188879966736
p863,process,,33,33,18,post,post_odor,True,0.15710407495498657,1.3193937540054321,-0.5052980184555054
p863,process,,34,34,40,post,post_odor,True,0.0668821781873703,1.5292599201202393,-0.4460812211036682
p863,process,,35,35,32,post,post_odor,True,-0.044775065034627914,1.162514567375183,-0.6796240210533142
p863,process,,36,36,31,post,post_odor,True,0.03652039170265198,1.2092394828796387,-0.7036916613578796
p863,process,,37,37,0,post,post_odor,True,-0.010295974090695381,0.9872211217880249,-0.6800907254219055
p863,process,,38,38,4,post,post_odor,True,0.04315187782049179,0.8445709347724915,-0.5960701107978821
p863,process,,39,39,2,post,post_odor,True,0.07151571661233902,0.8316808342933655,-0.8040992617607117
p863,process,,40,40,3,post,post_odor,True,0.06307894736528397,0.9430471658706665,-0.5100325345993042
p863,process,,41,41,21,post,post_odor,True,0.06851358711719513,1.2776248455047607,-0.8042187094688416
p863,process,,42,42,31,post,post_odor,True,-0.0052742185071110725,1.2635443210601807,-0.7273915410041809
p863,process,,43,43,2,post,post_odor,True,0.08814866095781326,1.0429245233535767,-0.7741638422012329
p863,process,,44,44,32,post,post_odor,True,-0.14156658947467804,0.7124114036560059,-0.7037868499755859
p863,process,,45,45,40,post,post_odor,True,0.11600209027528763,1.4094771146774292,-0.658710777759552
p863,process,,46,46,1,post,post_odor,True,-0.04354718700051308,1.0018696784973145,-0.7861891984939575
p863,process,,47,47,0,post,post_odor,True,0.08515375107526779,0.8775505423545837,-0.6134886145591736
p863,process,,48,48,22,post,post_odor,True,0.0009419684065505862,1.134827971458435,-0.8482915163040161
p863,process,,49,49,10,post,post_odor,True,-0.13263404369354248,1.4024944305419922,-0.8511802554130554
p863,process,,50,50,1,post,post_odor,True,0.18009746074676514,1.4259724617004395,-0.5861437916755676
p863,process,,51,51,30,post,post_odor,True,0.13564027845859528,1.512155532836914,-0.8924317955970764
p863,process,,52,52,12,post,post_odor,True,0.09474735707044601,1.2000197172164917,-0.8254043459892273
p863,process,,53,53,3,post,post_odor,True,-0.12261328846216202,0.9400321245193481,-0.8785216808319092
p863,process,,54,54,21,post,post_odor,True,-0.035426925867795944,1.2814139127731323,-1.0217548608779907
p863,process,,55,55,22,post,post_odor,True,0.020812014117836952,1.6686581373214722,-0.6898511648178101
p863,process,,56,56,18,post,post_odor,True,-0.005134305451065302,1.076005220413208,-0.7089207172393799
p863,process,,57,57,30,post,post_odor,True,-0.0706140398979187,0.8728196620941162,-1.082379937171936
p863,process,,58,58,17,post,post_odor,True,-0.04466266557574272,1.0866843461990356,-0.9110575318336487
p863,process,,59,59,39,post,post_odor,True,-0.034218739718198776,1.1204345226287842,-0.8558151721954346
p863,process,,60,60,39,post,post_odor,True,0.1621670424938202,1.4584428071975708,-1.051924467086792
p863,process,,61,61,17,post,post_odor,True,0.061648961156606674,1.1551780700683594,-0.9210037589073181
p863,process,,62,62,4,post,post_odor,True,-0.010751402005553246,1.1064133644104004,-0.8710506558418274
p882,process,,0,0,39,pre,post_odor,True,0.738409161567688,3.077660322189331,-1.071731448173523
p882,process,,1,1,17,pre,post_odor,True,0.4313659965991974,2.649820327758789,-2.1015071868896484
p882,process,,2,2,32,pre,post_odor,True,0.6857976913452148,3.574439287185669,-2.908433198928833
p882,process,,3,3,32,pre,post_odor,True,1.302309513092041,3.4047157764434814,-1.3195964097976685
p882,process,,4,4,30,pre,post_odor,True,0.45408865809440613,3.031359910964966,-1.763325810432434
p882,process,,5,5,40,pre,post_odor,True,0.842626690864563,4.487097263336182,-3.8081393241882324
p882,process,,6,6,3,pre,post_odor,True,1.703209400177002,3.864981174468994,-1.638460636138916
p882,process,,7,7,2,pre,post_odor,True,1.6640841960906982,5.047311305999756,-2.024644374847412
p882,process,,8,8,1,pre,post_odor,True,-0.005912112072110176,3.5152909755706787,-1.9838542938232422
p882,process,,9,9,4,pre,post_odor,True,2.19645357131958,5.772484302520752,-1.464132308959961
p882,process,,10,10,31,pre,post_odor,True,1.4026929140090942,3.844641923904419,-1.8077781200408936
p882,process,,11,11,21,pre,post_odor,True,0.8594511151313782,3.042764663696289,-1.213303804397583
p882,process,,12,12,2,pre,post_odor,True,0.5616932511329651,2.8505146503448486,-2.4546279907226562
p882,process,,13,13,39,pre,post_odor,True,1.6434133052825928,3.972348690032959,-0.8114973306655884
p882,process,,14,14,1,pre,post_odor,True,0.2044248729944229,2.98435378074646,-1.8212684392929077
p882,process,,15,15,12,pre,post_odor,True,0.7144491076469421,4.301139831542969,-3.63930606842041
p882,process,,16,16,22,pre,post_odor,True,1.8807594776153564,4.556498050689697,-1.5577499866485596
p882,process,,17,17,10,pre,post_odor,True,-0.2480621486902237,3.965240478515625,-3.498667001724243
p882,process,,18,18,17,pre,post_odor,True,2.6829872131347656,6.07224702835083,0.07613712549209595
p882,process,,19,19,31,pre,post_odor,True,-0.002369719324633479,2.6978440284729004,-2.4350640773773193
p882,process,,20,20,30,pre,post_odor,True,-0.3737667202949524,2.2996957302093506,-2.376950979232788
p882,process,,21,21,12,pre,post_odor,True,-0.6449205875396729,3.651594400405884,-2.964543581008911
p882,process,,22,22,22,pre,post_odor,True,0.24393515288829803,3.0147125720977783,-2.3807404041290283
p882,process,,23,23,4,pre,post_odor,True,-0.5906528830528259,1.7904483079910278,-3.219604015350342
p882,process,,24,24,0,pre,post_odor,True,-0.030566425994038582,3.302935838699341,-3.0157597064971924
p882,process,,25,25,3,pre,post_odor,True,0.37870359420776367,3.395021677017212,-2.9835686683654785
p882,process,,26,26,40,pre,post_odor,True,0.8542471528053284,2.892164707183838,-1.1805994510650635
p882,process,,27,27,10,pre,post_odor,True,-0.6152271032333374,1.5257259607315063,-3.739264488220215
p882,process,,28,28,21,pre,post_odor,True,1.44794762134552,3.9256396293640137,-0.2265327274799347
p882,process,,29,29,18,pre,post_odor,True,0.4476504623889923,3.2475905418395996,-2.5015792846679688
p882,process,,30,30,18,pre,post_odor,True,-0.5483880639076233,2.6824233531951904,-3.433811664581299
p882,process,,31,31,0,pre,post_odor,True,0.6166849136352539,4.2494730949401855,-2.8509154319763184
p882,process,,32,32,12,post,post_odor,True,0.10640709847211838,1.2500497102737427,-0.6477718949317932
p882,process,,33,33,18,post,post_odor,True,0.044927407056093216,1.1119030714035034,-0.8650587797164917
p882,process,,34,34,40,post,post_odor,True,-0.11477114260196686,0.6436651945114136,-0.7475695610046387
p882,process,,35,35,32,post,post_odor,True,0.15342526137828827,1.2221722602844238,-0.6348087191581726
p882,process,,36,36,31,post,post_odor,True,0.017843488603830338,0.9477378726005554,-0.8150262236595154
p882,process,,37,37,0,post,post_odor,True,0.011258103884756565,1.1098873615264893,-0.850060224533081
p882,process,,38,38,4,post,post_odor,True,-0.06492096185684204,0.7678326368331909,-0.7974716424942017
p882,process,,39,39,2,post,post_odor,True,0.10722265392541885,1.145513653755188,-0.8769645094871521
p882,process,,40,40,3,post,post_odor,True,-0.12480930984020233,0.6191526651382446,-0.6660029292106628
p882,process,,41,41,21,post,post_odor,True,0.02865540236234665,1.6190792322158813,-0.8093336820602417
p882,process,,42,42,31,post,post_odor,True,0.09856307506561279,0.8505203127861023,-0.7512952089309692
p882,process,,43,43,2,post,post_odor,True,-0.11271807551383972,0.8188103437423706,-0.9593719840049744
p882,process,,44,44,32,post,post_odor,True,-0.25194215774536133,0.6616357564926147,-1.0976691246032715
p882,process,,45,45,40,post,post_odor,True,0.04706369340419769,0.8315528035163879,-0.653240442276001
p882,process,,46,46,1,post,post_odor,True,-0.07031451910734177,0.9312918782234192,-0.9299487471580505
p882,process,,47,47,0,post,post_odor,True,0.10130760818719864,1.1220837831497192,-0.5707083344459534
p882,process,,48,48,22,post,post_odor,True,0.0661943256855011,0.8879981637001038,-0.6553131937980652
p882,process,,49,49,10,post,post_odor,True,-0.04730913043022156,0.8630313873291016,-0.7996322512626648
p882,process,,50,50,1,post,post_odor,True,-0.006173569709062576,0.7536382675170898,-0.7103450894355774
p882,process,,51,51,30,post,post_odor,True,0.10540326684713364,1.8026105165481567,-0.9846892356872559
p882,process,,52,52,12,post,post_odor,True,0.0800786241889,0.8756768107414246,-0.7252473831176758
p882,process,,53,53,3,post,post_odor,True,0.033489301800727844,0.8284675478935242,-0.7005836367607117
p882,process,,54,54,21,post,post_odor,True,0.3941246569156647,1.49727463722229,-0.722480058670044
p882,process,,55,55,22,post,post_odor,True,0.19708119332790375,1.1475809812545776,-0.6736001968383789
p882,process,,56,56,18,post,post_odor,True,0.028285803273320198,0.8251855373382568,-0.7016112208366394
p882,process,,57,57,30,post,post_odor,True,-0.14928126335144043,0.591173529624939,-1.080608606338501
p882,process,,58,58,17,post,post_odor,True,-0.11936990171670914,1.0192129611968994,-0.7332193851470947
p882,process,,59,59,39,post,post_odor,True,0.338736891746521,1.6828465461730957,-0.560850977897644
p882,process,,60,60,39,post,post_odor,True,-0.17109034955501556,0.793362557888031,-1.1128220558166504
p882,process,,61,61,17,post,post_odor,True,0.10630951076745987,1.3911137580871582,-0.9324144721031189
p882,process,,62,62,4,post,post_odor,True,-0.038582924753427505,1.1562920808792114,-1.1903390884399414
p901,process,,0,0,39,pre,post_odor,True,-0.3472665548324585,2.3758959770202637,-2.564297914505005
p901,process,,1,1,17,pre,post_odor,True,-1.0429598093032837,1.4999428987503052,-3.2017135620117188
p901,process,,2,2,32,pre,post_odor,True,0.46740031242370605,2.6236326694488525,-2.497267723083496
p901,process,,3,3,32,pre,post_odor,True,-0.30535054206848145,2.8815534114837646,-2.5696113109588623
p901,process,,4,4,30,pre,post_odor,True,-0.2342483550310135,2.784130334854126,-2.522211790084839
p901,process,,5,5,40,pre,post_odor,True,-0.8287519812583923,1.393100380897522,-3.0465147495269775
p901,process,,6,6,3,pre,post_odor,True,-0.44256478548049927,3.066182851791382,-2.5873589515686035
p901,process,,7,7,2,pre,post_odor,True,-0.2493252158164978,2.9242477416992188,-2.798755407333374
p901,process,,8,8,1,pre,post_odor,True,-0.04422115162014961,4.1964898109436035,-2.321854591369629
p901,process,,9,9,4,pre,post_odor,True,0.3780793845653534,5.511472225189209,-2.1586620807647705
p901,process,,10,10,31,pre,post_odor,True,-0.25595933198928833,2.9108662605285645,-2.7559380531311035
p901,process,,11,11,21,pre,post_odor,True,-0.34914761781692505,3.3416712284088135,-3.5108320713043213
p901,process,,12,12,2,pre,post_odor,True,-0.06739145517349243,2.0515196323394775,-2.250110387802124
p901,process,,13,13,39,pre,post_odor,True,-0.8194566369056702,3.120588541030884,-2.9424638748168945
p901,process,,14,14,1,pre,post_odor,True,-0.02285464107990265,3.405667543411255,-2.5120327472686768
p901,process,,15,15,12,pre,post_odor,True,0.3767683804035187,3.792539596557617,-2.7643120288848877
p901,process,,16,16,22,pre,post_odor,True,-0.34739312529563904,4.656205177307129,-3.991208076477051
p901,process,,17,17,10,pre,post_odor,True,-0.6022883057594299,2.5581488609313965,-3.4812979698181152
p901,process,,18,18,17,pre,post_odor,True,-0.1951732635498047,4.891973972320557,-3.6928553581237793
p901,process,,19,19,31,pre,post_odor,True,-0.38704076409339905,2.698551654815674,-2.8402884006500244
p901,process,,20,20,30,pre,post_odor,True,0.2388782501220703,3.3987081050872803,-3.3734025955200195
p901,process,,21,21,12,pre,post_odor,True,-0.5312255620956421,3.4652373790740967,-3.2549993991851807
p901,process,,22,22,22,pre,post_odor,True,0.13232560455799103,3.3386483192443848,-3.255005121231079
p901,process,,23,23,4,pre,post_odor,True,-0.8840638995170593,2.1598219871520996,-3.297494888305664
p901,process,,24,24,0,pre,post_odor,True,0.16897673904895782,3.4172568321228027,-2.358867883682251
p901,process,,25,25,3,pre,post_odor,True,-0.2926061153411865,4.568317413330078,-2.955361843109131
p901,process,,26,26,40,pre,post_odor,True,0.18433469533920288,2.968682050704956,-2.236170768737793
p901,process,,27,27,10,pre,post_odor,True,-0.24333854019641876,2.6422533988952637,-2.6828529834747314
p901,process,,28,28,21,pre,post_odor,True,-0.26191654801368713,4.386565685272217,-2.748384714126587
p901,process,,29,29,18,pre,post_odor,True,-0.19349458813667297,5.657811641693115,-2.7540621757507324
p901,process,,30,30,18,pre,post_odor,True,-0.5437822341918945,1.936816930770874,-3.1184751987457275
p901,process,,31,31,0,pre,post_odor,True,-0.02344737946987152,2.504690170288086,-2.503509759902954
p901,process,,32,32,12,post,post_odor,True,-0.1435542106628418,1.3642821311950684,-1.1985573768615723
p901,process,,33,33,18,post,post_odor,True,0.07253053039312363,1.5107858180999756,-1.276925802230835
p901,process,,34,34,40,post,post_odor,True,0.19266383349895477,1.6196271181106567,-0.8277344107627869
p901,process,,35,35,32,post,post_odor,True,0.11043769121170044,1.7502577304840088,-0.8866788744926453
p901,process,,36,36,31,post,post_odor,True,-0.12434320151805878,1.4030921459197998,-1.2960227727890015
p901,process,,37,37,0,post,post_odor,True,0.3331166207790375,1.263063669204712,-0.7790750861167908
p901,process,,38,38,4,post,post_odor,True,-0.38199612498283386,0.5608993768692017,-1.0970312356948853
p901,process,,39,39,2,post,post_odor,True,0.051864441484212875,2.2536990642547607,-0.8280190229415894
p901,process,,40,40,3,post,post_odor,True,-0.10670030862092972,1.6397899389266968,-1.2445403337478638
p901,process,,41,41,21,post,post_odor,True,0.23282335698604584,2.0888705253601074,-0.891419529914856
p901,process,,42,42,31,post,post_odor,True,0.02134588360786438,1.902707815170288,-1.1466890573501587
p901,process,,43,43,2,post,post_odor,True,0.07339345663785934,1.6715649366378784,-0.7767680883407593
p901,process,,44,44,32,post,post_odor,True,0.07454561442136765,2.842630624771118,-1.4123790264129639
p901,process,,45,45,40,post,post_odor,True,-0.018154224380850792,1.909690022468567,-1.2755998373031616
p901,process,,46,46,1,post,post_odor,True,-0.13010592758655548,1.8461626768112183,-1.2857741117477417
p901,process,,47,47,0,post,post_odor,True,0.01612657494843006,1.812788724899292,-1.0698935985565186
p901,process,,48,48,22,post,post_odor,True,0.15025140345096588,1.588215708732605,-0.8557319045066833
p901,process,,49,49,10,post,post_odor,True,-0.05268483608961105,1.6204668283462524,-1.0995255708694458
p901,process,,50,50,1,post,post_odor,True,-0.04691300168633461,1.8248234987258911,-1.1880146265029907
p901,process,,51,51,30,post,post_odor,True,0.1559257209300995,2.0562527179718018,-1.2087492942810059
p901,process,,52,52,12,post,post_odor,True,0.22204086184501648,1.7553579807281494,-0.9740583300590515
p901,process,,53,53,3,post,post_odor,True,0.06878028064966202,1.2063522338867188,-1.1448957920074463
p901,process,,54,54,21,post,post_odor,True,0.48814910650253296,2.273545265197754,-0.8208279609680176
p901,process,,55,55,22,post,post_odor,True,0.04882391169667244,1.3701814413070679,-0.9034530520439148
p901,process,,56,56,18,post,post_odor,True,0.11856438219547272,2.15321683883667,-1.2583422660827637
p901,process,,57,57,30,post,post_odor,True,0.009385290555655956,2.002129077911377,-0.9503353238105774
p901,process,,58,58,17,post,post_odor,True,0.2917163670063019,1.8427741527557373,-0.7887470722198486
p901,process,,59,59,39,post,post_odor,True,0.15831013023853302,2.2895989418029785,-1.1137863397598267
p901,process,,60,60,39,post,post_odor,True,0.12493356317281723,1.6593430042266846,-1.0486952066421509
p901,process,,61,61,17,post,post_odor,True,0.1386609971523285,1.038557529449463,-0.8869560360908508
p901,process,,62,62,4,post,post_odor,True,-0.3952585458755493,1.7290233373641968,-1.6818466186523438
p920,process,,0,0,39,pre,post_odor,True,1.1296586990356445,4.3733015060424805,-1.4560883045196533
p920,process,,1,1,17,pre,post_odor,True,1.2101800441741943,3.9429962635040283,-1.4491183757781982
p920,process,,2,2,32,pre,post_odor,True,1.238960862159729,5.434873580932617,-2.5487654209136963
p920,process,,3,3,32,pre,post_odor,True,1.5833959579467773,4.864611625671387,-1.0861961841583252
p920,process,,4,4,30,pre,post_odor,True,0.9562196731567383,4.710181713104248,-2.0784425735473633
p920,process,,5,5,40,pre,post_odor,True,0.9061545729637146,5.939549922943115,-1.9463924169540405
p920,process,,6,6,3,pre,post_odor,True,2.3129587173461914,6.489928245544434,-1.8892382383346558
p920,process,,7,7,2,pre,post_odor,True,1.7712665796279907,5.791398525238037,-1.3803695440292358
p920,process,,8,8,1,pre,post_odor,True,0.03655955567955971,3.965346097946167,-2.852891683578491
p920,process,,9,9,4,pre,post_odor,True,1.963180422782898,7.578498840332031,-1.950589895248413
p920,process,,10,10,31,pre,post_odor,True,1.0289514064788818,5.109168529510498,-2.4387247562408447
p920,process,,11,11,21,pre,post_odor,True,0.8947222828865051,4.225590229034424,-1.9760537147521973
p920,process,,12,12,2,pre,post_odor,True,0.40914684534072876,5.295177936553955,-2.395850658416748
p920,process,,13,13,39,pre,post_odor,True,1.374433159828186,5.4363603591918945,-1.9128332138061523
p920,process,,14,14,1,pre,post_odor,True,0.4954184591770172,3.899456024169922,-2.4864885807037354
p920,process,,15,15,12,pre,post_odor,True,1.4101238250732422,5.328685283660889,-2.8501217365264893
p920,process,,16,16,22,pre,post_odor,True,1.4422781467437744,5.416298866271973,-2.4781389236450195
p920,process,,17,17,10,pre,post_odor,True,-0.082520492374897,4.417498588562012,-2.8924801349639893
p920,process,,18,18,17,pre,post_odor,True,2.085278272628784,5.813976764678955,-0.5569913983345032
p920,process,,19,19,31,pre,post_odor,True,0.43263739347457886,4.502823829650879,-1.8607277870178223
p920,process,,20,20,30,pre,post_odor,True,-0.0033111292868852615,1.7453482151031494,-2.6042113304138184
p920,process,,21,21,12,pre,post_odor,True,-0.142278254032135,3.8876736164093018,-2.9362101554870605
p920,process,,22,22,22,pre,post_odor,True,0.0123307378962636,1.9284477233886719,-2.216096878051758
p920,process,,23,23,4,pre,post_odor,True,0.03709104657173157,2.6309590339660645,-1.980765461921692
p920,process,,24,24,0,pre,post_odor,True,0.09679911285638809,3.5012013912200928,-2.387263536453247
p920,process,,25,25,3,pre,post_odor,True,0.22743363678455353,3.8727481365203857,-2.57045841217041
p920,process,,26,26,40,pre,post_odor,True,0.5816086530685425,3.47647762298584,-2.4709720611572266
p920,process,,27,27,10,pre,post_odor,True,-0.3426128923892975,3.073129653930664,-3.4244439601898193
p920,process,,28,28,21,pre,post_odor,True,0.9427181482315063,5.169507026672363,-1.0943502187728882
p920,process,,29,29,18,pre,post_odor,True,0.5140020847320557,2.797008752822876,-1.4998860359191895
p920,process,,30,30,18,pre,post_odor,True,-0.03778957948088646,3.2081997394561768,-1.784312129020691
p920,process,,31,31,0,pre,post_odor,True,0.33381518721580505,2.520770788192749,-1.7173322439193726
p920,process,,32,32,12,post,post_odor,True,0.14038464426994324,2.0791661739349365,-0.9564317464828491
p920,process,,33,33,18,post,post_odor,True,-0.028968119993805885,1.794394612312317,-1.0915493965148926
p920,process,,34,34,40,post,post_odor,True,-0.05187017470598221,1.6615092754364014,-0.8416776657104492
p920,process,,35,35,32,post,post_odor,True,-0.0350114107131958,1.3009840250015259,-1.1678617000579834
p920,process,,36,36,31,post,post_odor,True,0.06973106414079666,1.9231939315795898,-0.995444655418396
p920,process,,37,37,0,post,post_odor,True,0.050531815737485886,1.5209698677062988,-0.9658299684524536
p920,process,,38,38,4,post,post_odor,True,0.0905129685997963,1.2230186462402344,-0.8215882182121277
p920,process,,39,39,2,post,post_odor,True,-0.244963601231575,0.6921207308769226,-1.2554877996444702
p920,process,,40,40,3,post,post_odor,True,0.12800391018390656,1.6947031021118164,-0.7603458166122437
p920,process,,41,41,21,post,post_odor,True,0.10172029584646225,1.4113954305648804,-1.1979323625564575
p920,process,,42,42,31,post,post_odor,True,-0.01636812463402748,1.2576751708984375,-0.9339150786399841
p920,process,,43,43,2,post,post_odor,True,0.005848472472280264,1.5228163003921509,-0.8193124532699585
p920,process,,44,44,32,post,post_odor,True,-0.15879857540130615,0.8400145769119263,-1.1238088607788086
p920,process,,45,45,40,post,post_odor,True,0.010045595467090607,1.7347445487976074,-0.988618016242981
p920,process,,46,46,1,post,post_odor,True,-0.05606570839881897,1.235421895980835,-1.1038225889205933
p920,process,,47,47,0,post,post_odor,True,-0.04421007260680199,1.516255497932434,-0.904943585395813
p920,process,,48,48,22,post,post_odor,True,0.09897447377443314,1.8933238983154297,-1.1963075399398804
p920,process,,49,49,10,post,post_odor,True,-0.1532416194677353,0.9381859302520752,-0.9479276537895203
p920,process,,50,50,1,post,post_odor,True,0.057768914848566055,1.223744511604309,-0.8535993099212646
p920,process,,51,51,30,post,post_odor,True,0.09580950438976288,1.7074850797653198,-0.8119730949401855
p920,process,,52,52,12,post,post_odor,True,0.05149173364043236,1.1930617094039917,-0.8842349052429199
p920,process,,53,53,3,post,post_odor,True,-0.11673076450824738,1.268808126449585,-1.0228676795959473
p920,process,,54,54,21,post,post_odor,True,0.2972252368927002,1.359594464302063,-0.7555364966392517
p920,process,,55,55,22,post,post_odor,True,0.006033515091985464,1.4886224269866943,-0.8443926572799683
p920,process,,56,56,18,post,post_odor,True,-0.15230831503868103,0.7640396952629089,-1.222952961921692
p920,process,,57,57,30,post,post_odor,True,-0.12820245325565338,1.0388758182525635,-1.015285849571228
p920,process,,58,58,17,post,post_odor,True,0.04225998744368553,0.9297021627426147,-0.6991164088249207
p920,process,,59,59,39,post,post_odor,True,0.19500257074832916,1.3050763607025146,-0.8771498799324036
p920,process,,60,60,39,post,post_odor,True,-0.04189458116889,1.6345373392105103,-1.0394710302352905
p920,process,,61,61,17,post,post_odor,True,0.16693145036697388,1.57236647605896,-0.9211578965187073
p920,process,,62,62,4,post,post_odor,True,0.12431474030017853,1.6243414878845215,-0.9482560157775879
p939,process,,0,0,39,pre,post_odor,True,4.930317401885986,10.127767562866211,0.687523365020752
p939,process,,1,1,17,pre,post_odor,True,1.7257357835769653,7.721789836883545,-2.1986777782440186
p939,process,,2,2,32,pre,post_odor,True,3.0679430961608887,10.093481063842773,-1.3932873010635376
p939,process,,3,3,32,pre,post_odor,True,2.317033052444458,6.779233455657959,-0.4599885046482086
p939,process,,4,4,30,pre,post_odor,True,1.9784984588623047,7.283455848693848,-1.5517302751541138
p939,process,,5,5,40,pre,post_odor,True,1.9185738563537598,8.430404663085938,-2.150989532470703
p939,process,,6,6,3,pre,post_odor,True,5.31890869140625,10.600631713867188,1.6045416593551636
p939,process,,7,7,2,pre,post_odor,True,2.7992773056030273,8.120448112487793,-1.0040837526321411
p939,process,,8,8,1,pre,post_odor,True,3.1112279891967773,5.794081687927246,-0.2865394353866577
p939,process,,9,9,4,pre,post_odor,True,4.845301151275635,10.308111190795898,-0.16374267637729645
p939,process,,10,10,31,pre,post_odor,True,3.059415817260742,8.345245361328125,0.1990531086921692
p939,process,,11,11,21,pre,post_odor,True,1.9955720901489258,7.325920581817627,-0.7371713519096375
p939,process,,12,12,2,pre,post_odor,True,1.9678657054901123,5.423348426818848,-1.289420247077942
p939,process,,13,13,39,pre,post_odor,True,3.893275737762451,8.246102333068848,-0.6788306832313538
p939,process,,14,14,1,pre,post_odor,True,3.5685508251190186,8.461201667785645,0.3111540675163269
p939,process,,15,15,12,pre,post_odor,True,2.602682590484619,7.600065231323242,0.12649224698543549
p939,process,,16,16,22,pre,post_odor,True,3.5147199630737305,12.79491901397705,-0.4752193093299866
p939,process,,17,17,10,pre,post_odor,True,3.3128483295440674,7.461197376251221,-0.11676689237356186
p939,process,,18,18,17,pre,post_odor,True,1.7197476625442505,4.865815162658691,-1.4268783330917358
p939,process,,19,19,31,pre,post_odor,True,2.197868824005127,5.2370524406433105,-1.1260334253311157
p939,process,,20,20,30,pre,post_odor,True,1.7905374765396118,11.177860260009766,-1.6246989965438843
p939,process,,21,21,12,pre,post_odor,True,0.40209633111953735,4.435190200805664,-2.7556779384613037
p939,process,,22,22,22,pre,post_odor,True,1.2464964389801025,5.300625324249268,-2.04227614402771
p939,process,,23,23,4,pre,post_odor,True,2.025912284851074,5.496982574462891,-1.4569638967514038
p939,process,,24,24,0,pre,post_odor,True,2.727907180786133,7.081128120422363,-2.5483055114746094
p939,process,,25,25,3,pre,post_odor,True,3.303422212600708,7.407529830932617,-0.7608672380447388
p939,process,,26,26,40,pre,post_odor,True,2.5041604042053223,4.814227104187012,0.05643041059374809
p939,process,,27,27,10,pre,post_odor,True,3.815650463104248,8.183244705200195,0.2489890605211258
p939,process,,28,28,21,pre,post_odor,True,2.4148457050323486,10.683710098266602,-0.32732781767845154
p939,process,,29,29,18,pre,post_odor,True,0.4247370958328247,3.8550684452056885,-1.9023444652557373
p939,process,,30,30,18,pre,post_odor,True,0.12842480838298798,3.4819281101226807,-1.6681671142578125
p939,process,,31,31,0,pre,post_odor,True,0.4435025751590729,3.3297441005706787,-1.8629728555679321
p939,process,,32,32,12,post,post_odor,True,-0.052297431975603104,2.506185293197632,-1.6141937971115112
p939,process,,33,33,18,post,post_odor,True,0.25884586572647095,2.2916204929351807,-1.2915650606155396
p939,process,,34,34,40,post,post_odor,True,-0.1334986537694931,2.2943010330200195,-1.5624953508377075
p939,process,,35,35,32,post,post_odor,True,-0.010934737510979176,1.91761314868927,-1.3790968656539917
p939,process,,36,36,31,post,post_odor,True,-0.07310324907302856,1.549976110458374,-1.845337986946106
p939,process,,37,37,0,post,post_odor,True,0.09642143547534943,3.2623090744018555,-1.7836655378341675
p939,process,,38,38,4,post,post_odor,True,0.0758698508143425,1.2591356039047241,-1.3105727434158325
p939,process,,39,39,2,post,post_odor,True,0.20263676345348358,2.8121373653411865,-1.151862621307373
p939,process,,40,40,3,post,post_odor,True,-0.18617182970046997,1.963086724281311,-1.8511773347854614
p939,process,,41,41,21,post,post_odor,True,0.2175271213054657,2.3661086559295654,-1.6899222135543823
p939,process,,42,42,31,post,post_odor,True,-0.11654193699359894,2.325218915939331,-1.5491061210632324
p939,process,,43,43,2,post,post_odor,True,-0.24675633013248444,0.9923539161682129,-2.165877342224121
p939,process,,44,44,32,post,post_odor,True,-0.18047146499156952,1.8751884698867798,-1.9024115800857544
p939,process,,45,45,40,post,post_odor,True,-0.3807547986507416,1.4009989500045776,-1.7924350500106812
p939,process,,46,46,1,post,post_odor,True,0.24583293497562408,2.9114084243774414,-1.6171598434448242
p939,process,,47,47,0,post,post_odor,True,-0.178195521235466,1.6864932775497437,-1.7789233922958374
p939,process,,48,48,22,post,post_odor,True,-0.32460564374923706,1.1992310285568237,-1.902655839920044
p939,process,,49,49,10,post,post_odor,True,-0.09899954497814178,2.0886125564575195,-2.0875091552734375
p939,process,,50,50,1,post,post_odor,True,0.09024857729673386,2.2996273040771484,-1.7900772094726562
p939,process,,51,51,30,post,post_odor,True,-0.01630980893969536,2.114363431930542,-1.7421154975891113
p939,process,,52,52,12,post,post_odor,True,-0.09297221899032593,1.8266336917877197,-1.4959686994552612
p939,process,,53,53,3,post,post_odor,True,0.019715571776032448,2.098991870880127,-1.8717035055160522
p939,process,,54,54,21,post,post_odor,True,0.0839940682053566,2.316253900527954,-1.4766852855682373
p939,process,,55,55,22,post,post_odor,True,0.002561290981248021,1.574499249458313,-1.3434548377990723
p939,process,,56,56,18,post,post_odor,True,0.23395375907421112,2.346560478210449,-1.3632432222366333
p939,process,,57,57,30,post,post_odor,True,-0.09414650499820709,2.7113163471221924,-1.5616763830184937
p939,process,,58,58,17,post,post_odor,True,-0.08126010745763779,1.52980637550354,-1.4964163303375244
p939,process,,59,59,39,post,post_odor,True,0.06502445787191391,1.9994075298309326,-1.7293494939804077
p939,process,,60,60,39,post,post_odor,True,0.2043864130973816,3.0302815437316895,-1.0058196783065796
p939,process,,61,61,17,post,post_odor,True,-0.0022067814134061337,1.5738246440887451,-1.0915807485580444
p939,process,,62,62,4,post,post_odor,True,-0.2538098096847534,1.1608983278274536,-2.0185680389404297
p958,process,,0,0,39,pre,post_odor,True,0.8936703205108643,3.613638401031494,-2.2754006385803223
p958,process,,1,1,17,pre,post_odor,True,0.17500224709510803,5.566774368286133,-3.924917697906494
p958,process,,2,2,32,pre,post_odor,True,1.0794932842254639,5.821516036987305,-2.3527121543884277
p958,process,,3,3,32,pre,post_odor,True,0.8272276520729065,4.485879898071289,-2.4758474826812744
p958,process,,4,4,30,pre,post_odor,True,-0.5641101598739624,3.509215831756592,-3.3964076042175293
p958,process,,5,5,40,pre,post_odor,True,0.2285308837890625,4.2454514503479,-3.7662580013275146
p958,process,,6,6,3,pre,post_odor,True,0.8621020317077637,5.363320350646973,-1.8646026849746704
p958,process,,7,7,2,pre,post_odor,True,0.237554669380188,4.835878849029541,-2.3886823654174805
p958,process,,8,8,1,pre,post_odor,True,-0.07400812953710556,3.2345211505889893,-3.430243730545044
p958,process,,9,9,4,pre,post_odor,True,0.6297017335891724,3.1865017414093018,-1.583949327468872
p958,process,,10,10,31,pre,post_odor,True,1.1672468185424805,5.224302291870117,-2.2127513885498047
p958,process,,11,11,21,pre,post_odor,True,0.17316627502441406,4.685552597045898,-2.605849266052246
p958,process,,12,12,2,pre,post_odor,True,-0.07963225990533829,3.1514132022857666,-2.9472949504852295
p958,process,,13,13,39,pre,post_odor,True,0.3186332881450653,3.0159294605255127,-2.387690782546997
p958,process,,14,14,1,pre,post_odor,True,0.0979328528046608,4.1431684494018555,-2.2839529514312744
p958,process,,15,15,12,pre,post_odor,True,1.2367711067199707,4.068521022796631,-0.8370354771614075
p958,process,,16,16,22,pre,post_odor,True,0.4442659616470337,2.8146681785583496,-1.5019469261169434
p958,process,,17,17,10,pre,post_odor,True,0.41487860679626465,3.5758609771728516,-2.2475805282592773
p958,process,,18,18,17,pre,post_odor,True,0.38933801651000977,3.6830062866210938,-2.2999260425567627
p958,process,,19,19,31,pre,post_odor,True,0.6224972605705261,4.065286159515381,-2.204497814178467
p958,process,,20,20,30,pre,post_odor,True,0.03859037533402443,2.286939859390259,-2.153454303741455
p958,process,,21,21,12,pre,post_odor,True,-0.21397751569747925,2.9404048919677734,-2.237738847732544
p958,process,,22,22,22,pre,post_odor,True,-0.24328897893428802,2.5155627727508545,-1.9875218868255615
p958,process,,23,23,4,pre,post_odor,True,-0.016692806035280228,2.311805009841919,-1.5454728603363037
p958,process,,24,24,0,pre,post_odor,True,0.8590388298034668,5.32245397567749,-1.6541494131088257
p958,process,,25,25,3,pre,post_odor,True,0.029607711359858513,1.8885916471481323,-2.0676333904266357
p958,process,,26,26,40,pre,post_odor,True,0.5140447616577148,3.3773574829101562,-1.4670825004577637
p958,process,,27,27,10,pre,post_odor,True,0.22444891929626465,3.86346697807312,-1.2009310722351074
p958,process,,28,28,21,pre,post_odor,True,0.40042272210121155,4.003705024719238,-1.7748335599899292
p958,process,,29,29,18,pre,post_odor,True,0.19188834726810455,2.560593843460083,-1.5322213172912598
p958,process,,30,30,18,pre,post_odor,True,-0.20390544831752777,2.8147335052490234,-1.8141376972198486
p958,process,,31,31,0,pre,post_odor,True,0.2642083168029785,3.327770709991455,-1.9428493976593018
p958,process,,32,32,12,post,post_odor,True,0.14043158292770386,2.4542624950408936,-1.1583791971206665
p958,process,,33,33,18,post,post_odor,True,0.1900474578142166,1.9275758266448975,-1.2317440509796143
p958,process,,34,34,40,post,post_odor,True,-0.03677891194820404,1.0859390497207642,-1.0911028385162354
p958,process,,35,35,32,post,post_odor,True,-0.1169685497879982,0.9899448156356812,-1.2456459999084473
p958,process,,36,36,31,post,post_odor,True,0.1135723814368248,2.3172190189361572,-1.0632822513580322
p958,process,,37,37,0,post,post_odor,True,-0.047341056168079376,2.7155213356018066,-1.3528475761413574
p958,process,,38,38,4,post,post_odor,True,0.01878257654607296,2.2523651123046875,-1.2355921268463135
p958,process,,39,39,2,post,post_odor,True,0.17683111131191254,2.2979369163513184,-1.2303205728530884
p958,process,,40,40,3,post,post_odor,True,-0.030745266005396843,1.6031359434127808,-0.9343206286430359
p958,process,,41,41,21,post,post_odor,True,0.6347028613090515,2.798546075820923,-1.2573683261871338
p958,process,,42,42,31,post,post_odor,True,-0.40545475482940674,0.6912148594856262,-1.3931869268417358
p958,process,,43,43,2,post,post_odor,True,0.19474953413009644,1.5444360971450806,-1.1924837827682495
p958,process,,44,44,32,post,post_odor,True,-0.10727643221616745,2.025822877883911,-1.6643314361572266
p958,process,,45,45,40,post,post_odor,True,-0.029457937926054,1.8678971529006958,-1.579947829246521
p958,process,,46,46,1,post,post_odor,True,-0.2089545726776123,2.332919120788574,-1.5601845979690552
p958,process,,47,47,0,post,post_odor,True,0.005488596856594086,1.998336911201477,-1.4990150928497314
p958,process,,48,48,22,post,post_odor,True,0.12856775522232056,2.2912449836730957,-1.5545302629470825
p958,process,,49,49,10,post,post_odor,True,-0.4070301055908203,1.8589484691619873,-1.7722680568695068
p958,process,,50,50,1,post,post_odor,True,0.07343258708715439,3.5264394283294678,-1.5417468547821045
p958,process,,51,51,30,post,post_odor,True,0.017910677939653397,2.161648988723755,-1.719515085220337
p958,process,,52,52,12,post,post_odor,True,-0.05021630972623825,2.228982925415039,-1.2805275917053223
p958,process,,53,53,3,post,post_odor,True,0.1270519196987152,2.635751724243164,-1.5200865268707275
p958,process,,54,54,21,post,post_odor,True,0.46243810653686523,3.8256723880767822,-1.2733192443847656
p958,process,,55,55,22,post,post_odor,True,-0.24569116532802582,1.541545033454895,-1.3617178201675415
p958,process,,56,56,18,post,post_odor,True,0.25290432572364807,1.9064152240753174,-1.6381217241287231
p958,process,,57,57,30,post,post_odor,True,-0.088411845266819,3.594867706298828,-1.8297549486160278
p958,process,,58,58,17,post,post_odor,True,0.023438438773155212,2.375244617462158,-1.60341215133667
p958,process,,59,59,39,post,post_odor,True,-0.22768644988536835,1.2274867296218872,-1.5274757146835327
p958,process,,60,60,39,post,post_odor,True,0.07637566328048706,1.2544190883636475,-1.0779712200164795
p958,process,,61,61,17,post,post_odor,True,0.32373473048210144,2.288268566131592,-1.3727227449417114
p958,process,,62,62,4,post,post_odor,True,0.11926285177469254,1.345397710800171,-1.219612717628479
p977,process,,0,0,39,pre,post_odor,True,4.4684739112854,11.150699615478516,-1.3067634105682373
p977,process,,1,1,17,pre,post_odor,True,2.3578054904937744,7.439293384552002,-2.682133197784424
p977,process,,2,2,32,pre,post_odor,True,0.43848010897636414,8.38718032836914,-2.511470317840576
p977,process,,3,3,32,pre,post_odor,True,0.9667169451713562,5.923617362976074,-1.9170032739639282
p977,process,,4,4,30,pre,post_odor,True,-1.7391901016235352,1.2636507749557495,-4.5607075691223145
p977,process,,5,5,40,pre,post_odor,True,1.1668946743011475,8.13180923461914,-3.602182388305664
p977,process,,6,6,3,pre,post_odor,True,1.5929524898529053,7.888222694396973,-2.6196799278259277
p977,process,,7,7,2,pre,post_odor,True,4.981572151184082,10.6884765625,0.2952529191970825
p977,process,,8,8,1,pre,post_odor,True,-2.035269260406494,1.58925199508667,-5.743109226226807
p977,process,,9,9,4,pre,post_odor,True,-0.10945732146501541,3.3353779315948486,-2.389791250228882
p977,process,,10,10,31,pre,post_odor,True,0.39444151520729065,7.740141868591309,-2.714808464050293
p977,process,,11,11,21,pre,post_odor,True,2.6525683403015137,6.631709575653076,-0.7803853154182434
p977,process,,12,12,2,pre,post_odor,True,3.1914849281311035,10.59789752960205,-1.2344831228256226
p977,process,,13,13,39,pre,post_odor,True,0.4054984152317047,5.167296409606934,-3.5908799171447754
p977,process,,14,14,1,pre,post_odor,True,-0.7216472029685974,4.102427959442139,-3.8160884380340576
p977,process,,15,15,12,pre,post_odor,True,-1.6268326044082642,1.4242056608200073,-5.248358726501465
p977,process,,16,16,22,pre,post_odor,True,0.8757075667381287,5.375222206115723,-2.536034345626831
p977,process,,17,17,10,pre,post_odor,True,-2.1743226051330566,1.8319587707519531,-6.222186088562012
p977,process,,18,18,17,pre,post_odor,True,-1.136394739151001,2.122532367706299,-3.4450063705444336
p977,process,,19,19,31,pre,post_odor,True,-0.748756468296051,3.570547342300415,-4.19404411315918
p977,process,,20,20,30,pre,post_odor,True,-0.8131018877029419,1.626584768295288,-3.5467162132263184
p977,process,,21,21,12,pre,post_odor,True,-0.2621467709541321,1.5781960487365723,-2.7870731353759766
p977,process,,22,22,22,pre,post_odor,True,-1.585343360900879,2.2026474475860596,-4.166257381439209
p977,process,,23,23,4,pre,post_odor,True,-0.31223076581954956,2.287311315536499,-1.7686175107955933
p977,process,,24,24,0,pre,post_odor,True,-0.03563689813017845,3.6236939430236816,-3.067323923110962
p977,process,,25,25,3,pre,post_odor,True,-4.051537990570068,0.05811617150902748,-7.167156219482422
p977,process,,26,26,40,pre,post_odor,True,-1.347769021987915,1.8717142343521118,-3.6510300636291504
p977,process,,27,27,10,pre,post_odor,True,-0.9280181527137756,1.6752829551696777,-2.5488510131835938
p977,process,,28,28,21,pre,post_odor,True,3.1902034282684326,8.802595138549805,-2.1095709800720215
p977,process,,29,29,18,pre,post_odor,True,-0.08101660758256912,1.9741758108139038,-2.10441517829895
p977,process,,30,30,18,pre,post_odor,True,0.37728065252304077,3.9094293117523193,-2.623717784881592
p977,process,,31,31,0,pre,post_odor,True,0.7304933667182922,3.4752936363220215,-1.4764671325683594
p977,process,,32,32,12,post,post_odor,True,0.1757449209690094,1.3465503454208374,-0.979617178440094
p977,process,,33,33,18,post,post_odor,True,0.013368779793381691,1.415892243385315,-1.4252984523773193
p977,process,,34,34,40,post,post_odor,True,-0.08995191007852554,1.5306313037872314,-1.0260851383209229
p977,process,,35,35,32,post,post_odor,True,-0.14387176930904388,1.123563528060913,-1.2948294878005981
p977,process,,36,36,31,post,post_odor,True,0.2429242581129074,1.5848290920257568,-1.3322526216506958
p977,process,,37,37,0,post,post_odor,True,0.06822939217090607,1.8270822763442993,-1.4384454488754272
p977,process,,38,38,4,post,post_odor,True,-0.1778940111398697,1.4439369440078735,-1.6512099504470825
p977,process,,39,39,2,post,post_odor,True,1.1541343927383423,2.5552523136138916,-0.907831072807312
p977,process,,40,40,3,post,post_odor,True,-0.018352000042796135,1.705578327178955,-1.1754964590072632
p977,process,,41,41,21,post,post_odor,True,1.8214980363845825,4.045281410217285,-0.5000953674316406
p977,process,,42,42,31,post,post_odor,True,0.07823622971773148,1.2154773473739624,-1.2367229461669922
p977,process,,43,43,2,post,post_odor,True,0.5852470397949219,1.923574686050415,-1.3411145210266113
p977,process,,44,44,32,post,post_odor,True,-0.09115836024284363,1.2411513328552246,-1.1143361330032349
p977,process,,45,45,40,post,post_odor,True,0.21531686186790466,1.6111085414886475,-1.508015513420105
p977,process,,46,46,1,post,post_odor,True,0.0288843996822834,1.225409984588623,-1.3294979333877563
p977,process,,47,47,0,post,post_odor,True,-0.2405238300561905,0.8444994688034058,-1.3443958759307861
p977,process,,48,48,22,post,post_odor,True,0.058037351816892624,1.2106186151504517,-1.1168720722198486
p977,process,,49,49,10,post,post_odor,True,0.25219064950942993,1.91788649559021,-0.9207572937011719
p977,process,,50,50,1,post,post_odor,True,0.5405594706535339,1.7899014949798584,-0.7098512053489685
p977,process,,51,51,30,post,post_odor,True,0.048481740057468414,1.4850411415100098,-1.2188318967819214
p977,process,,52,52,12,post,post_odor,True,-0.13274073600769043,1.744789958000183,-1.3242902755737305
p977,process,,53,53,3,post,post_odor,True,0.05091342702507973,1.3356261253356934,-1.2509191036224365
p977,process,,54,54,21,post,post_odor,True,0.6762399077415466,2.5040981769561768,-0.8829450011253357
p977,process,,55,55,22,post,post_odor,True,0.13645361363887787,1.3452577590942383,-1.2828443050384521
p977,process,,56,56,18,post,post_odor,True,0.5904531478881836,1.6948481798171997,-0.5562966465950012
p977,process,,57,57,30,post,post_odor,True,-0.013559937477111816,1.2919191122055054,-0.9531478881835938
p977,process,,58,58,17,post,post_odor,True,0.08198276162147522,1.4886606931686401,-1.1578302383422852
p977,process,,59,59,39,post,post_odor,True,0.06548319011926651,1.5083495378494263,-1.1855988502502441
p977,process,,60,60,39,post,post_odor,True,0.2611662745475769,1.6719248294830322,-1.37830650806427
p977,process,,61,61,17,post,post_odor,True,0.10045065730810165,1.1213834285736084,-0.5017853379249573
p977,process,,62,62,4,post,post_odor,True,0.22361302375793457,1.1417441368103027,-0.5836150050163269
p996,process,,0,0,39,pre,post_odor,True,0.5038009285926819,2.7482223510742188,-2.2416629791259766
p996,process,,1,1,17,pre,post_odor,True,0.7288232445716858,5.535792827606201,-2.4443438053131104
p996,process,,2,2,32,pre,post_odor,True,1.414926528930664,4.313512325286865,-1.2544111013412476
p996,process,,3,3,32,pre,post_odor,True,2.5299997329711914,5.910616874694824,-0.3646235764026642
p996,process,,4,4,30,pre,post_odor,True,0.15487904846668243,3.347257375717163,-3.6986987590789795
p996,process,,5,5,40,pre,post_odor,True,0.5826336741447449,4.909024238586426,-2.9081313610076904
p996,process,,6,6,3,pre,post_odor,True,2.5110137462615967,5.205071926116943,-1.4241292476654053
p996,process,,7,7,2,pre,post_odor,True,1.947530746459961,5.605438709259033,-0.9854803681373596
p996,process,,8,8,1,pre,post_odor,True,-0.6887449622154236,1.4769034385681152,-3.1424739360809326
p996,process,,9,9,4,pre,post_odor,True,1.798733115196228,5.389745712280273,-1.7762916088104248
p996,process,,10,10,31,pre,post_odor,True,3.2310950756073,7.101166248321533,0.15707331895828247
p996,process,,11,11,21,pre,post_odor,True,0.8724467158317566,3.4150733947753906,-1.1642295122146606
p996,process,,12,12,2,pre,post_odor,True,0.46362417936325073,3.442399501800537,-2.274894952774048
p996,process,,13,13,39,pre,post_odor,True,0.28314173221588135,2.7122015953063965,-2.5699398517608643
p996,process,,14,14,1,pre,post_odor,True,1.0446443557739258,4.775839328765869,-0.9865580797195435
p996,process,,15,15,12,pre,post_odor,True,1.746037483215332,5.6211771965026855,-2.0963902473449707
p996,process,,16,16,22,pre,post_odor,True,3.0714335441589355,6.160253524780273,-0.3585216999053955
p996,process,,17,17,10,pre,post_odor,True,1.5351392030715942,5.184990406036377,-1.403385877609253
p996,process,,18,18,17,pre,post_odor,True,2.200176954269409,4.512202739715576,-0.11644574999809265
p996,process,,19,19,31,pre,post_odor,True,2.542954444885254,9.59150218963623,-1.3512667417526245
p996,process,,20,20,30,pre,post_odor,True,-0.06159677729010582,3.2349660396575928,-2.3674168586730957
p996,process,,21,21,12,pre,post_odor,True,-0.10922069847583771,3.128213882446289,-2.055788040161133
p996,process,,22,22,22,pre,post_odor,True,-0.2980016767978668,2.807277202606201,-2.567551374435425
p996,process,,23,23,4,pre,post_odor,True,-0.8953566551208496,1.7719671726226807,-3.1111748218536377
p996,process,,24,24,0,pre,post_odor,True,1.4427512884140015,4.615574836730957,-1.2799311876296997
p996,process,,25,25,3,pre,post_odor,True,0.08615229278802872,2.6317689418792725,-3.520297050476074
p996,process,,26,26,40,pre,post_odor,True,1.7813161611557007,3.821538209915161,-1.5267502069473267
p996,process,,27,27,10,pre,post_odor,True,0.0889827162027359,2.225480318069458,-2.068455934524536
p996,process,,28,28,21,pre,post_odor,True,2.075908660888672,5.244657516479492,-0.7323746085166931
p996,process,,29,29,18,pre,post_odor,True,1.098563313484192,4.572168827056885,-0.8628588914871216
p996,process,,30,30,18,pre,post_odor,True,-2.033234119415283,1.5537490844726562,-5.053657054901123
p996,process,,31,31,0,pre,post_odor,True,0.7115182876586914,4.098202228546143,-1.9769315719604492
p996,process,,32,32,12,post,post_odor,True,0.10917743295431137,1.0062166452407837,-0.9393774271011353
p996,process,,33,33,18,post,post_odor,True,0.26890891790390015,1.4122484922409058,-1.0088995695114136
p996,process,,34,34,40,post,post_odor,True,0.0814201682806015,1.5619871616363525,-1.091097116470337
p996,process,,35,35,32,post,post_odor,True,-0.13010826706886292,0.9489046931266785,-1.3640546798706055
p996,process,,36,36,31,post,post_odor,True,0.08530895411968231,1.1224539279937744,-1.0266073942184448
p996,process,,37,37,0,post,post_odor,True,0.011164307594299316,1.3318395614624023,-0.9831784963607788
p996,process,,38,38,4,post,post_odor,True,0.07005387544631958,1.4092049598693848,-1.2184194326400757
p996,process,,39,39,2,post,post_odor,True,0.01372312568128109,1.244193434715271,-1.0666229724884033
p996,process,,40,40,3,post,post_odor,True,-0.09034513682126999,1.495685338973999,-1.201691746711731
p996,process,,41,41,21,post,post_odor,True,0.3978593945503235,2.1998097896575928,-1.1548659801483154
p996,process,,42,42,31,post,post_odor,True,-0.10769069194793701,1.850219488143921,-1.3899718523025513
p996,process,,43,43,2,post,post_odor,True,0.07423519343137741,1.3686691522598267,-1.0169174671173096
p996,process,,44,44,32,post,post_odor,True,0.018495116382837296,1.4068301916122437,-1.2139148712158203
p996,process,,45,45,40,post,post_odor,True,0.13144584000110626,1.3587318658828735,-0.8242598176002502
p996,process,,46,46,1,post,post_odor,True,0.06230385601520538,1.355508804321289,-0.8577684164047241
p996,process,,47,47,0,post,post_odor,True,-0.08045042306184769,1.026851773262024,-1.4092828035354614
p996,process,,48,48,22,post,post_odor,True,-0.00922320131212473,1.451654314994812,-1.057793140411377
p996,process,,49,49,10,post,post_odor,True,-0.0827186182141304,1.2813454866409302,-1.351054310798645
p996,process,,50,50,1,post,post_odor,True,-0.039368610829114914,1.1478489637374878,-0.9687213897705078
p996,process,,51,51,30,post,post_odor,True,-0.0961468294262886,1.9633796215057373,-1.268927812576294
p996,process,,52,52,12,post,post_odor,True,0.14046016335487366,1.753114104270935,-1.043135166168213
p996,process,,53,53,3,post,post_odor,True,0.07366970181465149,1.5923951864242554,-1.0884343385696411
p996,process,,54,54,21,post,post_odor,True,0.20212750136852264,1.794393539428711,-1.317339539527893
p996,process,,55,55,22,post,post_odor,True,-0.01156641822308302,1.5792863368988037,-1.2096405029296875
p996,process,,56,56,18,post,post_odor,True,0.029974201694130898,0.9849152565002441,-1.2035870552062988
p996,process,,57,57,30,post,post_odor,True,-0.3898758292198181,0.8162652850151062,-1.3981647491455078
p996,process,,58,58,17,post,post_odor,True,-0.024381738156080246,1.6981382369995117,-1.6835963726043701
p996,process,,59,59,39,post,post_odor,True,0.08780933171510696,1.363747477531433,-1.775477409362793
p996,process,,60,60,39,post,post_odor,True,-0.1770075261592865,1.2587183713912964,-1.7320098876953125
p996,process,,61,61,17,post,post_odor,True,0.6584428548812866,2.127960443496704,-1.092529058456421
p996,process,,62,62,4,post,post_odor,True,0.26171502470970154,1.4636726379394531,-1.413022756576538
p1015,process,,0,0,39,pre,post_odor,True,1.07485830783844,3.3485636711120605,-1.3273775577545166
p1015,process,,1,1,17,pre,post_odor,True,0.5862269401550293,2.966686248779297,-1.8765618801116943
p1015,process,,2,2,32,pre,post_odor,True,1.5329115390777588,5.286600112915039,-0.8474122881889343
p1015,process,,3,3,32,pre,post_odor,True,0.8676006197929382,3.550910234451294,-1.7210942506790161
p1015,process,,4,4,30,pre,post_odor,True,0.9716925621032715,3.7874608039855957,-1.7221325635910034
p1015,process,,5,5,40,pre,post_odor,True,-0.0953250378370285,2.6326751708984375,-2.9366307258605957
p1015,process,,6,6,3,pre,post_odor,True,1.7893495559692383,4.34207010269165,-1.4971532821655273
p1015,process,,7,7,2,pre,post_odor,True,1.5524256229400635,5.2211151123046875,-1.5188369750976562
p1015,process,,8,8,1,pre,post_odor,True,0.2979256212711334,3.1090712547302246,-2.176945209503174
p1015,process,,9,9,4,pre,post_odor,True,1.5359665155410767,4.377842903137207,-1.293358325958252
p1015,process,,10,10,31,pre,post_odor,True,0.9356920719146729,5.021744251251221,-1.9947832822799683
p1015,process,,11,11,21,pre,post_odor,True,-0.17409320175647736,2.6753056049346924,-2.419250726699829
p1015,process,,12,12,2,pre,post_odor,True,0.6342236995697021,4.9395341873168945,-2.725198745727539
p1015,process,,13,13,39,pre,post_odor,True,0.5841458439826965,4.320331573486328,-3.1357579231262207
p1015,process,,14,14,1,pre,post_odor,True,-0.07033799588680267,2.3754055500030518,-2.5659351348876953
p1015,process,,15,15,12,pre,post_odor,True,1.0749815702438354,5.641482353210449,-1.2586922645568848
p1015,process,,16,16,22,pre,post_odor,True,0.7729067206382751,5.26155424118042,-2.234215021133423
p1015,process,,17,17,10,pre,post_odor,True,1.0233447551727295,4.275899887084961,-2.054201364517212
p1015,process,,18,18,17,pre,post_odor,True,0.9391007423400879,5.413154602050781,-2.221060037612915
p1015,process,,19,19,31,pre,post_odor,True,0.5755264163017273,3.668992519378662,-2.372593402862549
p1015,process,,20,20,30,pre,post_odor,True,-0.001319929026067257,2.6142048835754395,-2.455673933029175
p1015,process,,21,21,12,pre,post_odor,True,0.25747597217559814,4.541771411895752,-2.2424416542053223
p1015,process,,22,22,22,pre,post_odor,True,0.22448474168777466,3.6001317501068115,-2.8234779834747314
p1015,process,,23,23,4,pre,post_odor,True,0.5321001410484314,4.44154691696167,-2.0426690578460693
p1015,process,,24,24,0,pre,post_odor,True,0.3352288007736206,4.364729404449463,-2.460949420928955
p1015,process,,25,25,3,pre,post_odor,True,0.7483511567115784,3.5247952938079834,-1.997493863105774
p1015,process,,26,26,40,pre,post_odor,True,1.029747724533081,4.752889156341553,-1.961693286895752
p1015,process,,27,27,10,pre,post_odor,True,0.7781849503517151,4.203131198883057,-2.232760190963745
p1015,process,,28,28,21,pre,post_odor,True,1.2084838151931763,4.026125907897949,-1.6584010124206543
p1015,process,,29,29,18,pre,post_odor,True,1.448911190032959,8.291727066040039,-1.5651319026947021
p1015,process,,30,30,18,pre,post_odor,True,-0.0968107208609581,5.586941719055176,-2.847832441329956
p1015,process,,31,31,0,pre,post_odor,True,0.7129715085029602,4.6798882484436035,-3.8702704906463623
p1015,process,,32,32,12,post,post_odor,True,1.1941097974777222,2.986046314239502,-0.6284213662147522
p1015,process,,33,33,18,post,post_odor,True,0.7347306609153748,2.2789502143859863,-1.1704738140106201
p1015,process,,34,34,40,post,post_odor,True,0.24268613755702972,2.0124905109405518,-1.198948860168457
p1015,process,,35,35,32,post,post_odor,True,0.32519909739494324,3.104954957962036,-1.2719453573226929
p1015,process,,36,36,31,post,post_odor,True,0.07490494102239609,1.8803818225860596,-1.3728044033050537
p1015,process,,37,37,0,post,post_odor,True,0.15329109132289886,1.5995362997055054,-1.3875974416732788
p1015,process,,38,38,4,post,post_odor,True,0.2489074468612671,1.7747952938079834,-0.998748779296875
p1015,process,,39,39,2,post,post_odor,True,0.46579307317733765,1.974372386932373,-0.8674491047859192
p1015,process,,40,40,3,post,post_odor,True,0.2052876204252243,2.3297083377838135,-0.9679393768310547
p1015,process,,41,41,21,post,post_odor,True,0.49587181210517883,2.0101070404052734,-0.6964502930641174
p1015,process,,42,42,31,post,post_odor,True,0.1555849015712738,1.6107287406921387,-0.8015366196632385
p1015,process,,43,43,2,post,post_odor,True,0.1992502063512802,2.445950746536255,-1.3504364490509033
p1015,process,,44,44,32,post,post_odor,True,0.07330933958292007,2.4449009895324707,-1.3286120891571045
p1015,process,,45,45,40,post,post_odor,True,-0.06696154177188873,1.0748766660690308,-1.6383941173553467
p1015,process,,46,46,1,post,post_odor,True,0.06402792036533356,1.596996784210205,-1.418241262435913
p1015,process,,47,47,0,post,post_odor,True,0.07003816217184067,2.202310800552368,-1.1381057500839233
p1015,process,,48,48,22,post,post_odor,True,-0.28386375308036804,1.2278507947921753,-1.360326886177063
p1015,process,,49,49,10,post,post_odor,True,-0.1291762739419937,1.3638561964035034,-0.9669297337532043
p1015,process,,50,50,1,post,post_odor,True,0.07733017206192017,1.297006368637085,-0.7987414598464966
p1015,process,,51,51,30,post,post_odor,True,0.12614640593528748,1.012599229812622,-1.0075055360794067
p1015,process,,52,52,12,post,post_odor,True,0.08590854704380035,1.4861373901367188,-1.0185351371765137
p1015,process,,53,53,3,post,post_odor,True,0.15363754332065582,1.2603610754013062,-0.736862301826477
p1015,process,,54,54,21,post,post_odor,True,0.25989091396331787,1.5008968114852905,-0.6584659218788147
p1015,process,,55,55,22,post,post_odor,True,-0.03169688582420349,1.2363866567611694,-1.2242014408111572
p1015,process,,56,56,18,post,post_odor,True,0.10404173284769058,1.0707000494003296,-1.1804542541503906
p1015,process,,57,57,30,post,post_odor,True,0.18499450385570526,1.2231340408325195,-0.677446722984314
p1015,process,,58,58,17,post,post_odor,True,0.2111680507659912,1.481995701789856,-1.1445680856704712
p1015,process,,59,59,39,post,post_odor,True,-0.09517871588468552,1.0199164152145386,-1.4888323545455933
p1015,process,,60,60,39,post,post_odor,True,0.4342808425426483,3.1100969314575195,-1.1733596324920654
p1015,process,,61,61,17,post,post_odor,True,-0.016622155904769897,1.404099941253662,-1.6027005910873413
p1015,process,,62,62,4,post,post_odor,True,-0.26288771629333496,1.396539330482483,-1.4812971353530884
p1034,process,,0,0,39,pre,post_odor,True,1.837403655052185,5.093529224395752,-0.8716768026351929
p1034,process,,1,1,17,pre,post_odor,True,3.7903430461883545,8.533172607421875,0.10135849565267563
p1034,process,,2,2,32,pre,post_odor,True,4.187576770782471,16.736183166503906,-0.6471144556999207
p1034,process,,3,3,32,pre,post_odor,True,5.226788520812988,14.616354942321777,-1.4112987518310547
p1034,process,,4,4,30,pre,post_odor,True,3.12451171875,10.356378555297852,-1.7505449056625366
p1034,process,,5,5,40,pre,post_odor,True,1.8980259895324707,5.370699405670166,-2.783998727798462
p1034,process,,6,6,3,pre,post_odor,True,4.336442947387695,10.390128135681152,-0.7879884839057922
p1034,process,,7,7,2,pre,post_odor,True,3.1476006507873535,6.993968486785889,-0.11836627870798111
p1034,process,,8,8,1,pre,post_odor,True,0.36236435174942017,6.018980979919434,-3.790351152420044
p1034,process,,9,9,4,pre,post_odor,True,4.333484649658203,9.514391899108887,-0.2943964898586273
p1034,process,,10,10,31,pre,post_odor,True,7.506489276885986,19.526533126831055,1.5310145616531372
p1034,process,,11,11,21,pre,post_odor,True,4.4263434410095215,12.005794525146484,-0.39304792881011963
p1034,process,,12,12,2,pre,post_odor,True,1.1427417993545532,4.38862943649292,-2.76800537109375
p1034,process,,13,13,39,pre,post_odor,True,1.7298803329467773,5.512787342071533,-0.4983047842979431
p1034,process,,14,14,1,pre,post_odor,True,3.122692108154297,7.142528533935547,-1.0499565601348877
p1034,process,,15,15,12,pre,post_odor,True,5.067601680755615,11.023845672607422,0.9415409564971924
p1034,process,,16,16,22,pre,post_odor,True,7.505511283874512,15.563375473022461,0.9043318033218384
p1034,process,,17,17,10,pre,post_odor,True,2.4470694065093994,7.5845441818237305,-0.01652747578918934
p1034,process,,18,18,17,pre,post_odor,True,5.653250217437744,8.558954238891602,2.514101505279541
p1034,process,,19,19,31,pre,post_odor,True,6.332631587982178,14.678138732910156,0.0214054137468338
p1034,process,,20,20,30,pre,post_odor,True,5.979720592498779,13.022825241088867,0.6210314631462097
p1034,process,,21,21,12,pre,post_odor,True,0.4537939429283142,3.831740617752075,-2.2143428325653076
p1034,process,,22,22,22,pre,post_odor,True,4.303349018096924,11.688318252563477,-1.0416364669799805
p1034,process,,23,23,4,pre,post_odor,True,0.7742438912391663,3.436359405517578,-1.4007428884506226
p1034,process,,24,24,0,pre,post_odor,True,1.460464596748352,6.721589088439941,-3.241084575653076
p1034,process,,25,25,3,pre,post_odor,True,1.8266781568527222,7.606728553771973,-1.4537506103515625
p1034,process,,26,26,40,pre,post_odor,True,2.5491394996643066,6.951080322265625,-0.9203134775161743
p1034,process,,27,27,10,pre,post_odor,True,-0.3488702178001404,3.573263645172119,-3.7538464069366455
p1034,process,,28,28,21,pre,post_odor,True,3.654309034347534,10.48730182647705,-1.052578091621399
p1034,process,,29,29,18,pre,post_odor,True,1.9841583967208862,4.513963222503662,-0.31360721588134766
p1034,process,,30,30,18,pre,post_odor,True,0.7264377474784851,3.718153238296509,-2.2842085361480713
p1034,process,,31,31,0,pre,post_odor,True,0.4750387966632843,3.5534932613372803,-1.7447741031646729
p1034,process,,32,32,12,post,post_odor,True,0.17008845508098602,1.903371810913086,-1.293136715888977
p1034,process,,33,33,18,post,post_odor,True,0.4521782398223877,2.4799211025238037,-0.7789074182510376
p1034,process,,34,34,40,post,post_odor,True,0.316476047039032,2.8959574699401855,-1.3378280401229858
p1034,process,,35,35,32,post,post_odor,True,0.4601670205593109,2.1243462562561035,-0.8861739039421082
p1034,process,,36,36,31,post,post_odor,True,0.3527541160583496,2.3110873699188232,-1.1727635860443115
p1034,process,,37,37,0,post,post_odor,True,-0.1885184347629547,1.3062916994094849,-1.172181487083435
p1034,process,,38,38,4,post,post_odor,True,0.2793962359428406,2.606783628463745,-1.0491524934768677
p1034,process,,39,39,2,post,post_odor,True,0.015957418829202652,1.9051017761230469,-1.4105727672576904
p1034,process,,40,40,3,post,post_odor,True,-0.027777040377259254,1.0873092412948608,-1.4840419292449951
p1034,process,,41,41,21,post,post_odor,True,4.741373538970947,9.589457511901855,1.2302074432373047
p1034,process,,42,42,31,post,post_odor,True,0.06978175789117813,1.402245283126831,-1.0626722574234009
p1034,process,,43,43,2,post,post_odor,True,-0.13431371748447418,1.9613016843795776,-1.2263683080673218
p1034,process,,44,44,32,post,post_odor,True,0.2233174443244934,1.6348705291748047,-1.40156090259552
p1034,process,,45,45,40,post,post_odor,True,0.06420651823282242,1.2152351140975952,-1.6944907903671265
p1034,process,,46,46,1,post,post_odor,True,0.038923751562833786,1.5024642944335938,-1.3803056478500366
p1034,process,,47,47,0,post,post_odor,True,-0.05870221555233002,1.9408549070358276,-1.6935755014419556
p1034,process,,48,48,22,post,post_odor,True,0.024150235578417778,1.42593514919281,-0.8957959413528442
p1034,process,,49,49,10,post,post_odor,True,0.07582791894674301,1.5559847354888916,-1.1860560178756714
p1034,process,,50,50,1,post,post_odor,True,0.13636189699172974,1.3826044797897339,-1.1392687559127808
p1034,process,,51,51,30,post,post_odor,True,0.32912829518318176,1.3992143869400024,-1.0305320024490356
p1034,process,,52,52,12,post,post_odor,True,0.07701665163040161,1.4748448133468628,-0.9985976815223694
p1034,process,,53,53,3,post,post_odor,True,0.15079878270626068,1.5443906784057617,-0.8117559552192688
p1034,process,,54,54,21,post,post_odor,True,3.7182419300079346,7.284012317657471,0.581009566783905
p1034,process,,55,55,22,post,post_odor,True,0.003046746365725994,1.3347746133804321,-1.7052990198135376
p1034,process,,56,56,18,post,post_odor,True,0.14225409924983978,1.4243642091751099,-0.7383472919464111
p1034,process,,57,57,30,post,post_odor,True,0.16153313219547272,1.745733618736267,-0.9991776347160339
p1034,process,,58,58,17,post,post_odor,True,0.07144954800605774,1.786670446395874,-1.2366952896118164
p1034,process,,59,59,39,post,post_odor,True,0.1311360001564026,1.8454828262329102,-0.6964068412780762
p1034,process,,60,60,39,post,post_odor,True,0.06613706797361374,0.8857482671737671,-0.8549914956092834
p1034,process,,61,61,17,post,post_odor,True,0.22513066232204437,1.5169179439544678,-0.8319449424743652
p1034,process,,62,62,4,post,post_odor,True,-0.006649462506175041,0.5577266812324524,-0.5979858040809631
p1053,process,,0,0,39,pre,post_odor,True,-0.13685910403728485,2.73000168800354,-2.685293197631836
p1053,process,,1,1,17,pre,post_odor,True,-0.17910978198051453,2.2926464080810547,-2.4305343627929688
p1053,process,,2,2,32,pre,post_odor,True,0.2257177084684372,3.0028274059295654,-1.6860918998718262
p1053,process,,3,3,32,pre,post_odor,True,-0.1280563473701477,2.470500946044922,-3.5686051845550537
p1053,process,,4,4,30,pre,post_odor,True,-0.009790518321096897,3.5178277492523193,-2.55065655708313
p1053,process,,5,5,40,pre,post_odor,True,-0.2955581843852997,1.4832792282104492,-2.4692678451538086
p1053,process,,6,6,3,pre,post_odor,True,0.27205318212509155,2.8296992778778076,-2.821916341781616
p1053,process,,7,7,2,pre,post_odor,True,0.009597502648830414,2.762739419937134,-2.3689446449279785
p1053,process,,8,8,1,pre,post_odor,True,-0.016208412125706673,3.3960607051849365,-2.2188169956207275
p1053,process,,9,9,4,pre,post_odor,True,0.3040940463542938,3.2356667518615723,-1.48917555809021
p1053,process,,10,10,31,pre,post_odor,True,0.5517890453338623,5.536802291870117,-2.1759088039398193
p1053,process,,11,11,21,pre,post_odor,True,0.05111825838685036,2.598039150238037,-2.3500242233276367
p1053,process,,12,12,2,pre,post_odor,True,-0.03681911900639534,3.8448050022125244,-2.7138304710388184
p1053,process,,13,13,39,pre,post_odor,True,0.4282979667186737,2.8263099193573,-2.1732840538024902
p1053,process,,14,14,1,pre,post_odor,True,0.4440822899341583,3.855698823928833,-1.9026484489440918
p1053,process,,15,15,12,pre,post_odor,True,0.8522245287895203,4.910098075866699,-1.8043841123580933
p1053,process,,16,16,22,pre,post_odor,True,0.2972871959209442,4.6670403480529785,-1.8613070249557495
p1053,process,,17,17,10,pre,post_odor,True,-0.483428418636322,2.167217969894409,-2.9338676929473877
p1053,process,,18,18,17,pre,post_odor,True,0.7123287320137024,4.556352615356445,-2.1546072959899902
p1053,process,,19,19,31,pre,post_odor,True,0.048867929726839066,5.776073455810547,-3.420647382736206
p1053,process,,20,20,30,pre,post_odor,True,-0.520038902759552,3.600386619567871,-2.6786134243011475
p1053,process,,21,21,12,pre,post_odor,True,-0.2749791741371155,1.8330756425857544,-2.7856414318084717
p1053,process,,22,22,22,pre,post_odor,True,0.2386837899684906,3.398170232772827,-2.261232852935791
p1053,process,,23,23,4,pre,post_odor,True,-0.16587182879447937,3.2819080352783203,-3.1923046112060547
p1053,process,,24,24,0,pre,post_odor,True,0.2732830047607422,5.1924357414245605,-2.1235764026641846
p1053,process,,25,25,3,pre,post_odor,True,0.16220620274543762,2.389983654022217,-3.3171370029449463
p1053,process,,26,26,40,pre,post_odor,True,0.4550982713699341,3.5707314014434814,-2.334611654281616
p1053,process,,27,27,10,pre,post_odor,True,-0.14015595614910126,2.3050525188446045,-2.6600069999694824
p1053,process,,28,28,21,pre,post_odor,True,0.43090423941612244,3.6169211864471436,-2.0044660568237305
p1053,process,,29,29,18,pre,post_odor,True,0.21095073223114014,3.5562257766723633,-2.4715113639831543
p1053,process,,30,30,18,pre,post_odor,True,-0.012200928293168545,3.3546879291534424,-1.9946318864822388
p1053,process,,31,31,0,pre,post_odor,True,0.40588176250457764,2.5838370323181152,-1.64254891872406
p1053,process,,32,32,12,post,post_odor,True,0.14526189863681793,2.985532283782959,-1.0997405052185059
p1053,process,,33,33,18,post,post_odor,True,0.14406396448612213,2.801637887954712,-1.172175407409668
p1053,process,,34,34,40,post,post_odor,True,0.052274275571107864,1.4301577806472778,-0.9234216213226318
p1053,process,,35,35,32,post,post_odor,True,-0.0007751572411507368,1.8717793226242065,-1.2249096632003784
p1053,process,,36,36,31,post,post_odor,True,0.032288808375597,2.2314538955688477,-1.1158205270767212
p1053,process,,37,37,0,post,post_odor,True,-0.1352653056383133,2.134244203567505,-1.261326551437378
p1053,process,,38,38,4,post,post_odor,True,-0.06668400019407272,1.7055829763412476,-1.2407699823379517
p1053,process,,39,39,2,post,post_odor,True,0.13097944855690002,1.4773600101470947,-0.9560616612434387
p1053,process,,40,40,3,post,post_odor,True,-0.0035679657012224197,1.45554780960083,-1.2261929512023926
p1053,process,,41,41,21,post,post_odor,True,0.20188824832439423,2.1368658542633057,-0.9103859066963196
p1053,process,,42,42,31,post,post_odor,True,0.1613542139530182,2.2333006858825684,-1.257138967514038
p1053,process,,43,43,2,post,post_odor,True,-0.0017913486808538437,1.5961425304412842,-1.2377609014511108
p1053,process,,44,44,32,post,post_odor,True,-0.19760940968990326,1.4330427646636963,-1.0528666973114014
p1053,process,,45,45,40,post,post_odor,True,0.2897827923297882,3.031235933303833,-0.8291664719581604
p1053,process,,46,46,1,post,post_odor,True,0.2382516711950302,2.419121265411377,-0.978169322013855
p1053,process,,47,47,0,post,post_odor,True,-0.007452989462763071,1.7364567518234253,-1.0763906240463257
p1053,process,,48,48,22,post,post_odor,True,0.15061135590076447,2.79868745803833,-1.0150359869003296
p1053,process,,49,49,10,post,post_odor,True,-0.16568702459335327,1.330154299736023,-1.2146072387695312
p1053,process,,50,50,1,post,post_odor,True,0.05501396581530571,1.8085428476333618,-1.2084566354751587
p1053,process,,51,51,30,post,post_odor,True,0.1088067889213562,2.3784825801849365,-0.9398779273033142
p1053,process,,52,52,12,post,post_odor,True,0.0950751081109047,1.7773679494857788,-1.142793893814087
p1053,process,,53,53,3,post,post_odor,True,-0.15187741816043854,1.2607975006103516,-1.3993862867355347
p1053,process,,54,54,21,post,post_odor,True,0.41444870829582214,2.1291465759277344,-1.1588263511657715
p1053,process,,55,55,22,post,post_odor,True,0.20115715265274048,2.124849557876587,-1.0570521354675293
p1053,process,,56,56,18,post,post_odor,True,-0.07217840105295181,1.5482513904571533,-0.9422765374183655
p1053,process,,57,57,30,post,post_odor,True,-0.03947532922029495,1.2622253894805908,-1.0458027124404907
p1053,process,,58,58,17,post,post_odor,True,0.0511355958878994,2.1332099437713623,-0.9413211345672607
p1053,process,,59,59,39,post,post_odor,True,0.16081540286540985,1.6880329847335815,-1.2454434633255005
p1053,process,,60,60,39,post,post_odor,True,-0.0067711579613387585,1.3210127353668213,-1.405739188194275
p1053,process,,61,61,17,post,post_odor,True,0.20199909806251526,2.09740948677063,-0.9869798421859741
p1053,process,,62,62,4,post,post_odor,True,0.2683773338794708,1.5845340490341187,-0.8457978367805481
p1072,process,,0,0,39,pre,post_odor,True,-0.41225266456604004,2.879244327545166,-2.4204862117767334
p1072,process,,1,1,17,pre,post_odor,True,-0.6209908127784729,3.0151143074035645,-3.217540979385376
p1072,process,,2,2,32,pre,post_odor,True,0.25132203102111816,3.5961272716522217,-2.0272655487060547
p1072,process,,3,3,32,pre,post_odor,True,0.31087449193000793,1.8220103979110718,-1.338168740272522
p1072,process,,4,4,30,pre,post_odor,True,-0.26515844464302063,2.0531418323516846,-1.977713942527771
p1072,process,,5,5,40,pre,post_odor,True,-0.08739109337329865,2.747032642364502,-2.3957126140594482
p1072,process,,6,6,3,pre,post_odor,True,0.6077589392662048,3.6602368354797363,-1.6819238662719727
p1072,process,,7,7,2,pre,post_odor,True,0.6387790441513062,4.510423183441162,-2.7211802005767822
p1072,process,,8,8,1,pre,post_odor,True,-0.029479851946234703,3.6573123931884766,-2.2318809032440186
p1072,process,,9,9,4,pre,post_odor,True,1.1128867864608765,4.261529445648193,-1.2779966592788696
p1072,process,,10,10,31,pre,post_odor,True,0.33717769384384155,3.220149517059326,-3.6511027812957764
p1072,process,,11,11,21,pre,post_odor,True,-0.11042430996894836,1.7969951629638672,-2.27983021736145
p1072,process,,12,12,2,pre,post_odor,True,-0.11790793389081955,3.160440444946289,-2.0490450859069824
p1072,process,,13,13,39,pre,post_odor,True,0.24237850308418274,3.359914541244507,-1.8992798328399658
p1072,process,,14,14,1,pre,post_odor,True,0.6836521625518799,3.7112011909484863,-1.7713524103164673
p1072,process,,15,15,12,pre,post_odor,True,0.2661904990673065,3.7091917991638184,-2.9114646911621094
p1072,process,,16,16,22,pre,post_odor,True,0.3982106149196625,4.5989766120910645,-2.253241777420044
p1072,process,,17,17,10,pre,post_odor,True,-0.18289923667907715,4.984588623046875,-3.676889181137085
p1072,process,,18,18,17,pre,post_odor,True,0.7967804670333862,3.6032660007476807,-2.4686131477355957
p1072,process,,19,19,31,pre,post_odor,True,-0.3907199501991272,4.609185218811035,-2.9987730979919434
p1072,process,,20,20,30,pre,post_odor,True,-0.639100193977356,3.0776448249816895,-2.941873788833618
p1072,process,,21,21,12,pre,post_odor,True,-0.4799608588218689,2.3495571613311768,-2.1970441341400146
p1072,process,,22,22,22,pre,post_odor,True,-0.2977376878261566,2.1987271308898926,-3.226271629333496
p1072,process,,23,23,4,pre,post_odor,True,-0.5333389043807983,1.7173094749450684,-2.970702648162842
p1072,process,,24,24,0,pre,post_odor,True,-0.4536767601966858,2.0198745727539062,-2.9065744876861572
p1072,process,,25,25,3,pre,post_odor,True,-0.17174184322357178,2.8563084602355957,-4.021872043609619
p1072,process,,26,26,40,pre,post_odor,True,-0.02156231924891472,2.9471375942230225,-2.138664722442627
p1072,process,,27,27,10,pre,post_odor,True,-0.3461790382862091,1.8607927560806274,-3.097642183303833
p1072,process,,28,28,21,pre,post_odor,True,0.3452472984790802,3.601330041885376,-2.0132856369018555
p1072,process,,29,29,18,pre,post_odor,True,0.6415640115737915,2.944808006286621,-2.014280080795288
p1072,process,,30,30,18,pre,post_odor,True,-0.08488757908344269,3.9796669483184814,-2.720792293548584
p1072,process,,31,31,0,pre,post_odor,True,-0.17099159955978394,2.0450339317321777,-2.759307384490967
p1072,process,,32,32,12,post,post_odor,True,0.15138250589370728,1.522615909576416,-1.33377206325531
p1072,process,,33,33,18,post,post_odor,True,0.05708876624703407,1.6315219402313232,-1.1851290464401245
p1072,process,,34,34,40,post,post_odor,True,0.38335320353507996,1.6906657218933105,-0.5267091989517212
p1072,process,,35,35,32,post,post_odor,True,0.27131250500679016,1.9029932022094727,-0.9559041261672974
p1072,process,,36,36,31,post,post_odor,True,-0.13497090339660645,1.2159230709075928,-1.2914727926254272
p1072,process,,37,37,0,post,post_odor,True,0.2564084529876709,1.3316123485565186,-0.8002527952194214
p1072,process,,38,38,4,post,post_odor,True,-0.42860129475593567,0.7856540679931641,-1.4267780780792236
p1072,process,,39,39,2,post,post_odor,True,0.3083280324935913,1.4660629034042358,-0.7039103507995605
p1072,process,,40,40,3,post,post_odor,True,-0.05667358264327049,0.9967999458312988,-1.187540888786316
p1072,process,,41,41,21,post,post_odor,True,0.2674301862716675,2.2229597568511963,-0.7160462737083435
p1072,process,,42,42,31,post,post_odor,True,0.23220477998256683,2.0724024772644043,-0.8837020397186279
p1072,process,,43,43,2,post,post_odor,True,0.08968666195869446,1.3534938097000122,-1.0102559328079224
p1072,process,,44,44,32,post,post_odor,True,0.14868053793907166,2.459331512451172,-1.0721659660339355
p1072,process,,45,45,40,post,post_odor,True,0.23548558354377747,1.5014218091964722,-1.0393357276916504
p1072,process,,46,46,1,post,post_odor,True,-0.04548191651701927,1.4370105266571045,-1.1798934936523438
p1072,process,,47,47,0,post,post_odor,True,0.11949125677347183,1.354703664779663,-0.755333423614502
p1072,process,,48,48,22,post,post_odor,True,-0.0016480146441608667,1.4801491498947144,-0.8794730305671692
p1072,process,,49,49,10,post,post_odor,True,0.18174175918102264,1.4436416625976562,-1.0537421703338623
p1072,process,,50,50,1,post,post_odor,True,-0.11853363364934921,1.4167723655700684,-1.202090859413147
p1072,process,,51,51,30,post,post_odor,True,0.2076023370027542,1.5521334409713745,-0.9601919054985046
p1072,process,,52,52,12,post,post_odor,True,-0.05639396607875824,1.3918044567108154,-1.0285160541534424
p1072,process,,53,53,3,post,post_odor,True,0.16632673144340515,1.6250320672988892,-1.041575312614441
p1072,process,,54,54,21,post,post_odor,True,0.6736055016517639,2.741884708404541,-0.8648124933242798
p1072,process,,55,55,22,post,post_odor,True,-0.07408801466226578,1.1486852169036865,-1.2481545209884644
p1072,process,,56,56,18,post,post_odor,True,0.25354519486427307,1.6699143648147583,-0.522529661655426
p1072,process,,57,57,30,post,post_odor,True,0.13334225118160248,1.3836570978164673,-1.1195411682128906
p1072,process,,58,58,17,post,post_odor,True,0.06261736899614334,1.4144551753997803,-0.942172110080719
p1072,process,,59,59,39,post,post_odor,True,0.4568663537502289,2.1211535930633545,-0.4078979194164276
p1072,process,,60,60,39,post,post_odor,True,0.011593636125326157,1.6639416217803955,-1.1607643365859985
p1072,process,,61,61,17,post,post_odor,True,0.05412919074296951,1.2208367586135864,-1.07466721534729
p1072,process,,62,62,4,post,post_odor,True,-0.2990395128726959,2.0927798748016357,-1.2587591409683228
p1091,process,,0,0,39,pre,post_odor,True,-0.03554874658584595,3.472404718399048,-2.4482805728912354
p1091,process,,1,1,17,pre,post_odor,True,-0.3120857775211334,1.9924384355545044,-2.8431718349456787
p1091,process,,2,2,32,pre,post_odor,True,0.18754613399505615,4.689090728759766,-1.7522673606872559
p1091,process,,3,3,32,pre,post_odor,True,0.14467626810073853,3.610275983810425,-2.2465128898620605
p1091,process,,4,4,30,pre,post_odor,True,0.20860886573791504,4.9390177726745605,-2.950904369354248
p1091,process,,5,5,40,pre,post_odor,True,-0.17118847370147705,2.2882909774780273,-3.053395986557007
p1091,process,,6,6,3,pre,post_odor,True,0.370719313621521,3.981214761734009,-2.487335443496704
p1091,process,,7,7,2,pre,post_odor,True,0.42337566614151,4.457282543182373,-3.1139657497406006
p1091,process,,8,8,1,pre,post_odor,True,0.6046295762062073,3.4604780673980713,-2.720477819442749
p1091,process,,9,9,4,pre,post_odor,True,0.9332072138786316,4.788909435272217,-2.3925247192382812
p1091,process,,10,10,31,pre,post_odor,True,0.762187659740448,4.822817325592041,-1.7499898672103882
p1091,process,,11,11,21,pre,post_odor,True,-0.18467235565185547,3.078435182571411,-2.5032060146331787
p1091,process,,12,12,2,pre,post_odor,True,0.10891278833150864,6.342530727386475,-3.262050151824951
p1091,process,,13,13,39,pre,post_odor,True,-0.5229964256286621,2.1217310428619385,-3.1503584384918213
p1091,process,,14,14,1,pre,post_odor,True,-0.043324943631887436,3.8140156269073486,-3.1519744396209717
p1091,process,,15,15,12,pre,post_odor,True,1.2690712213516235,4.797257423400879,-3.1878602504730225
p1091,process,,16,16,22,pre,post_odor,True,1.1981394290924072,7.055496692657471,-2.3085687160491943
p1091,process,,17,17,10,pre,post_odor,True,0.4125860333442688,5.1636962890625,-2.113954544067383
p1091,process,,18,18,17,pre,post_odor,True,1.1239396333694458,4.3556904792785645,-1.681727409362793
p1091,process,,19,19,31,pre,post_odor,True,-0.2324264794588089,2.2696895599365234,-2.259887933731079
p1091,process,,20,20,30,pre,post_odor,True,0.08789840340614319,4.116734504699707,-1.395936369895935
p1091,process,,21,21,12,pre,post_odor,True,-0.6750524044036865,1.2952697277069092,-2.5396130084991455
p1091,process,,22,22,22,pre,post_odor,True,0.4305760860443115,2.8468499183654785,-1.6352726221084595
p1091,process,,23,23,4,pre,post_odor,True,-0.7907940745353699,2.9535133838653564,-2.9480202198028564
p1091,process,,24,24,0,pre,post_odor,True,-0.010250942781567574,4.045528888702393,-3.033411741256714
p1091,process,,25,25,3,pre,post_odor,True,-0.8556060194969177,2.8417203426361084,-3.977245330810547
p1091,process,,26,26,40,pre,post_odor,True,0.6391111612319946,4.212947845458984,-2.3107686042785645
p1091,process,,27,27,10,pre,post_odor,True,-0.2782838046550751,3.2590928077697754,-4.098445892333984
p1091,process,,28,28,21,pre,post_odor,True,0.9082942008972168,5.545654296875,-2.1649558544158936
p1091,process,,29,29,18,pre,post_odor,True,1.0684947967529297,5.582342147827148,-1.061765432357788
p1091,process,,30,30,18,pre,post_odor,True,-0.7534724473953247,1.519667625427246,-3.486083745956421
p1091,process,,31,31,0,pre,post_odor,True,0.4114847779273987,3.8813958168029785,-1.6022684574127197
p1091,process,,32,32,12,post,post_odor,True,0.09483370184898376,1.5208786725997925,-1.080263376235962
p1091,process,,33,33,18,post,post_odor,True,-0.03385050594806671,1.3208067417144775,-1.211178183555603
p1091,process,,34,34,40,post,post_odor,True,0.11195909976959229,1.7788742780685425,-0.9103847742080688
p1091,process,,35,35,32,post,post_odor,True,-0.05593748018145561,1.4825724363327026,-1.0488529205322266
p1091,process,,36,36,31,post,post_odor,True,-0.17078591883182526,1.4857136011123657,-1.1671868562698364
p1091,process,,37,37,0,post,post_odor,True,-0.048841800540685654,1.2545737028121948,-1.1044666767120361
p1091,process,,38,38,4,post,post_odor,True,0.16825799643993378,1.7358051538467407,-0.6871582865715027
p1091,process,,39,39,2,post,post_odor,True,-0.00016072217840701342,1.4076542854309082,-0.8880476355552673
p1091,process,,40,40,3,post,post_odor,True,0.1772450953722,1.6974825859069824,-0.7167009115219116
p1091,process,,41,41,21,post,post_odor,True,-0.1654084175825119,0.9383817315101624,-1.0033080577850342
p1091,process,,42,42,31,post,post_odor,True,0.06565666943788528,1.2577930688858032,-0.9564537405967712
p1091,process,,43,43,2,post,post_odor,True,0.05043620988726616,1.7802939414978027,-0.8133419752120972
p1091,process,,44,44,32,post,post_odor,True,-0.24058951437473297,1.181728720664978,-1.0915374755859375
p1091,process,,45,45,40,post,post_odor,True,-0.08260693401098251,1.5615849494934082,-1.037501573562622
p1091,process,,46,46,1,post,post_odor,True,0.045775894075632095,1.6903703212738037,-0.9515300989151001
p1091,process,,47,47,0,post,post_odor,True,0.021379942074418068,1.2417411804199219,-1.0104341506958008
p1091,process,,48,48,22,post,post_odor,True,0.03753044456243515,1.3151440620422363,-1.0648232698440552
p1091,process,,49,49,10,post,post_odor,True,-0.05234258249402046,1.3464014530181885,-0.8987650275230408
p1091,process,,50,50,1,post,post_odor,True,-0.13676989078521729,1.1744989156723022,-0.9896718263626099
p1091,process,,51,51,30,post,post_odor,True,0.036302097141742706,1.2575706243515015,-0.6834741234779358
p1091,process,,52,52,12,post,post_odor,True,0.1173112541437149,1.342398762702942,-1.120605707168579
p1091,process,,53,53,3,post,post_odor,True,-0.032024774700403214,1.2977159023284912,-1.2071025371551514
p1091,process,,54,54,21,post,post_odor,True,0.22471816837787628,1.184450626373291,-0.7678000926971436
p1091,process,,55,55,22,post,post_odor,True,0.04706611856818199,1.7330800294876099,-0.9359593987464905
p1091,process,,56,56,18,post,post_odor,True,0.0904378667473793,1.4776880741119385,-0.9647752046585083
p1091,process,,57,57,30,post,post_odor,True,-0.01793944090604782,1.257010579109192,-0.815222978591919
p1091,process,,58,58,17,post,post_odor,True,-0.14788387715816498,1.6138237714767456,-1.2079288959503174
p1091,process,,59,59,39,post,post_odor,True,0.0582183301448822,1.9220285415649414,-1.006750226020813
p1091,process,,60,60,39,post,post_odor,True,-0.06253629177808762,1.6249650716781616,-1.4786444902420044
p1091,process,,61,61,17,post,post_odor,True,0.17414724826812744,1.3181889057159424,-1.2264384031295776
p1091,process,,62,62,4,post,post_odor,True,-0.06325139105319977,1.3605338335037231,-1.131630301475525
p1110,process,,0,0,39,pre,post_odor,True,0.19018296897411346,2.7050068378448486,-2.1083498001098633
p1110,process,,1,1,17,pre,post_odor,True,-0.06932578235864639,2.5594897270202637,-1.8092442750930786
p1110,process,,2,2,32,pre,post_odor,True,0.9625579118728638,3.887451648712158,-1.7776682376861572
p1110,process,,3,3,32,pre,post_odor,True,1.1583502292633057,4.545122146606445,-0.9853732585906982
p1110,process,,4,4,30,pre,post_odor,True,0.4055056869983673,2.8328099250793457,-1.9077976942062378
p1110,process,,5,5,40,pre,post_odor,True,0.12631924450397491,2.484595775604248,-3.9158012866973877
p1110,process,,6,6,3,pre,post_odor,True,1.5812324285507202,3.956972122192383,-0.5092262029647827
p1110,process,,7,7,2,pre,post_odor,True,1.0524306297302246,3.7940518856048584,-1.9364919662475586
p1110,process,,8,8,1,pre,post_odor,True,-0.16953261196613312,2.6152515411376953,-2.516146421432495
p1110,process,,9,9,4,pre,post_odor,True,1.9882980585098267,5.230692386627197,-1.084144949913025
p1110,process,,10,10,31,pre,post_odor,True,1.7489314079284668,5.288845539093018,-1.1435054540634155
p1110,process,,11,11,21,pre,post_odor,True,0.29085564613342285,3.3335185050964355,-2.4724197387695312
p1110,process,,12,12,2,pre,post_odor,True,0.04794348403811455,2.1460607051849365,-2.2867000102996826
p1110,process,,13,13,39,pre,post_odor,True,0.815661609172821,2.772094964981079,-0.9449802041053772
p1110,process,,14,14,1,pre,post_odor,True,0.6212528944015503,3.938490390777588,-1.6788101196289062
p1110,process,,15,15,12,pre,post_odor,True,1.1794298887252808,4.414687156677246,-3.2383599281311035
p1110,process,,16,16,22,pre,post_odor,True,1.5620052814483643,4.759239196777344,-1.478165626525879
p1110,process,,17,17,10,pre,post_odor,True,0.18662725389003754,4.683772563934326,-3.719303846359253
p1110,process,,18,18,17,pre,post_odor,True,1.971758246421814,5.936239242553711,-1.0000790357589722
p1110,process,,19,19,31,pre,post_odor,True,0.13945789635181427,3.5786335468292236,-2.9480550289154053
p1110,process,,20,20,30,pre,post_odor,True,-0.217840313911438,3.637331008911133,-2.5518240928649902
p1110,process,,21,21,12,pre,post_odor,True,-0.7977467179298401,2.309769868850708,-2.9664721488952637
p1110,process,,22,22,22,pre,post_odor,True,-0.1830335110425949,3.317129611968994,-2.5083253383636475
p1110,process,,23,23,4,pre,post_odor,True,-0.966191291809082,1.7091690301895142,-3.318175792694092
p1110,process,,24,24,0,pre,post_odor,True,0.48305290937423706,5.526818752288818,-3.2360999584198
p1110,process,,25,25,3,pre,post_odor,True,0.7921901941299438,4.2325825691223145,-2.574052095413208
p1110,process,,26,26,40,pre,post_odor,True,1.1921650171279907,4.51613712310791,-1.8029605150222778
p1110,process,,27,27,10,pre,post_odor,True,0.1349281668663025,3.8414618968963623,-1.785988211631775
p1110,process,,28,28,21,pre,post_odor,True,2.026607036590576,5.516897678375244,-0.8091450333595276
p1110,process,,29,29,18,pre,post_odor,True,1.0211316347122192,4.235794544219971,-3.180054187774658
p1110,process,,30,30,18,pre,post_odor,True,-0.5804484486579895,2.890111207962036,-3.4965388774871826
p1110,process,,31,31,0,pre,post_odor,True,0.8292679190635681,4.4642791748046875,-2.1055686473846436
p1110,process,,32,32,12,post,post_odor,True,0.2359229028224945,1.2882450819015503,-0.8711761832237244
p1110,process,,33,33,18,post,post_odor,True,0.0736878365278244,1.2192479372024536,-0.6355234980583191
p1110,process,,34,34,40,post,post_odor,True,-0.11206752061843872,1.0765495300292969,-0.9209446310997009
p1110,process,,35,35,32,post,post_odor,True,0.2263585329055786,1.1995733976364136,-0.6213917136192322
p1110,process,,36,36,31,post,post_odor,True,-0.049632586538791656,1.2167671918869019,-0.7995049357414246
p1110,process,,37,37,0,post,post_odor,True,-0.07048109918832779,1.1055893898010254,-1.0572770833969116
p1110,process,,38,38,4,post,post_odor,True,-0.13426339626312256,1.0030648708343506,-1.2102787494659424
p1110,process,,39,39,2,post,post_odor,True,-0.1514313668012619,0.6158453822135925,-0.7891835570335388
p1110,process,,40,40,3,post,post_odor,True,-0.03877793624997139,1.0253666639328003,-0.7589685916900635
p1110,process,,41,41,21,post,post_odor,True,0.03359147533774376,1.282321810722351,-0.9708491563796997
p1110,process,,42,42,31,post,post_odor,True,-0.04511226341128349,0.7022296786308289,-1.00698721408844
p1110,process,,43,43,2,post,post_odor,True,-0.0026068519800901413,0.7282343506813049,-0.9448718428611755
p1110,process,,44,44,32,post,post_odor,True,0.06997212767601013,1.0980498790740967,-0.6691004037857056
p1110,process,,45,45,40,post,post_odor,True,-0.007000047247856855,0.8907235264778137,-0.7890372276306152
p1110,process,,46,46,1,post,post_odor,True,-0.09413386136293411,1.152722716331482,-0.9232158660888672
p1110,process,,47,47,0,post,post_odor,True,0.10531770437955856,1.612453579902649,-0.6921082139015198
p1110,process,,48,48,22,post,post_odor,True,0.027643555775284767,1.323487401008606,-0.7863339781761169
p1110,process,,49,49,10,post,post_odor,True,-0.12629368901252747,0.8463294506072998,-1.0862932205200195
p1110,process,,50,50,1,post,post_odor,True,0.1293262243270874,1.2913434505462646,-0.880914032459259
p1110,process,,51,51,30,post,post_odor,True,0.09508029371500015,1.6938283443450928,-0.7170388698577881
p1110,process,,52,52,12,post,post_odor,True,0.08681826293468475,0.9511594772338867,-0.7657548189163208
p1110,process,,53,53,3,post,post_odor,True,0.09964200854301453,1.3376474380493164,-0.7373462915420532
p1110,process,,54,54,21,post,post_odor,True,0.24013279378414154,1.1377383470535278,-0.7058143019676208
p1110,process,,55,55,22,post,post_odor,True,-0.03497541323304176,0.9493128657341003,-0.7117704153060913
p1110,process,,56,56,18,post,post_odor,True,0.018448829650878906,1.085329294204712,-0.6358296871185303
p1110,process,,57,57,30,post,post_odor,True,-0.007594121620059013,0.720665454864502,-1.0499533414840698
p1110,process,,58,58,17,post,post_odor,True,-0.20254142582416534,0.5705826878547668,-1.0973845720291138
p1110,process,,59,59,39,post,post_odor,True,0.3264427185058594,1.3145498037338257,-0.5789766311645508
p1110,process,,60,60,39,post,post_odor,True,0.10008114576339722,1.8378373384475708,-0.7670904397964478
p1110,process,,61,61,17,post,post_odor,True,0.21714994311332703,1.3928749561309814,-0.8498689532279968
p1110,process,,62,62,4,post,post_odor,True,0.144034743309021,1.1531040668487549,-0.670439600944519
p1129,process,,0,0,39,pre,post_odor,True,-0.05075647309422493,3.005976915359497,-2.563734769821167
p1129,process,,1,1,17,pre,post_odor,True,-0.3999059200286865,2.638885974884033,-3.537433624267578
p1129,process,,2,2,32,pre,post_odor,True,2.2869575023651123,6.413719654083252,-1.3273717164993286
p1129,process,,3,3,32,pre,post_odor,True,3.167623519897461,5.97479248046875,-0.19523240625858307
p1129,process,,4,4,30,pre,post_odor,True,0.9038552045822144,4.171675205230713,-2.0165743827819824
p1129,process,,5,5,40,pre,post_odor,True,1.0861964225769043,4.5919508934021,-2.014127016067505
p1129,process,,6,6,3,pre,post_odor,True,3.633370876312256,9.15194034576416,-0.4178776443004608
p1129,process,,7,7,2,pre,post_odor,True,2.134134292602539,5.2808403968811035,-1.4704718589782715
p1129,process,,8,8,1,pre,post_odor,True,0.5169561505317688,4.455784797668457,-2.729501962661743
p1129,process,,9,9,4,pre,post_odor,True,3.0504891872406006,7.7558064460754395,-0.6697677373886108
p1129,process,,10,10,31,pre,post_odor,True,3.0273730754852295,5.590643405914307,1.0336800813674927
p1129,process,,11,11,21,pre,post_odor,True,1.5778149366378784,6.2361273765563965,-2.3198330402374268
p1129,process,,12,12,2,pre,post_odor,True,0.8555415868759155,5.488613605499268,-2.4058213233947754
p1129,process,,13,13,39,pre,post_odor,True,0.8774572610855103,4.556755065917969,-2.057035446166992
p1129,process,,14,14,1,pre,post_odor,True,1.946764588356018,6.150747299194336,-2.5482254028320312
p1129,process,,15,15,12,pre,post_odor,True,3.0582971572875977,6.6606340408325195,-1.411240577697754
p1129,process,,16,16,22,pre,post_odor,True,4.3432936668396,7.603113651275635,1.8103569746017456
p1129,process,,17,17,10,pre,post_odor,True,3.0013742446899414,6.99615478515625,-0.22164884209632874
p1129,process,,18,18,17,pre,post_odor,True,2.160871982574463,6.87105655670166,-0.9766402840614319
p1129,process,,19,19,31,pre,post_odor,True,-0.03197963163256645,2.4652562141418457,-2.5816078186035156
p1129,process,,20,20,30,pre,post_odor,True,0.048043183982372284,2.4127542972564697,-1.7688260078430176
p1129,process,,21,21,12,pre,post_odor,True,-0.4193653464317322,2.0057876110076904,-1.9787170886993408
p1129,process,,22,22,22,pre,post_odor,True,-0.45153164863586426,1.7371747493743896,-2.0185558795928955
p1129,process,,23,23,4,pre,post_odor,True,-0.37731054425239563,1.9250280857086182,-2.1047232151031494
p1129,process,,24,24,0,pre,post_odor,True,1.6418203115463257,8.416688919067383,-2.3891096115112305
p1129,process,,25,25,3,pre,post_odor,True,1.9756100177764893,5.598982810974121,-2.1050312519073486
p1129,process,,26,26,40,pre,post_odor,True,2.9412829875946045,7.256039619445801,-1.4930309057235718
p1129,process,,27,27,10,pre,post_odor,True,1.030217170715332,6.029709815979004,-1.7464523315429688
p1129,process,,28,28,21,pre,post_odor,True,1.6410969495773315,5.1267218589782715,-1.3948699235916138
p1129,process,,29,29,18,pre,post_odor,True,0.48053622245788574,2.5228161811828613,-1.455051302909851
p1129,process,,30,30,18,pre,post_odor,True,-1.3398659229278564,0.7788264155387878,-3.5556416511535645
p1129,process,,31,31,0,pre,post_odor,True,1.1858911514282227,5.405348300933838,-2.177976131439209
p1129,process,,32,32,12,post,post_odor,True,0.011502268724143505,1.0631332397460938,-1.0538297891616821
p1129,process,,33,33,18,post,post_odor,True,0.02148566022515297,1.8758628368377686,-1.052800178527832
p1129,process,,34,34,40,post,post_odor,True,-0.060315199196338654,1.0691189765930176,-1.097717523574829
p1129,process,,35,35,32,post,post_odor,True,0.12867139279842377,2.3749279975891113,-0.8545950055122375
p1129,process,,36,36,31,post,post_odor,True,0.002352470764890313,1.3570399284362793,-0.9761992692947388
p1129,process,,37,37,0,post,post_odor,True,0.1737285852432251,2.0792312622070312,-1.165183424949646
p1129,process,,38,38,4,post,post_odor,True,-0.15841250121593475,1.5947952270507812,-1.1374894380569458
p1129,process,,39,39,2,post,post_odor,True,0.0427740216255188,1.33364737033844,-0.8845154643058777
p1129,process,,40,40,3,post,post_odor,True,-0.02599833719432354,1.9576911926269531,-1.2323912382125854
p1129,process,,41,41,21,post,post_odor,True,0.24850384891033173,2.387986660003662,-1.2395291328430176
p1129,process,,42,42,31,post,post_odor,True,-0.0617782324552536,1.0022832155227661,-1.3092106580734253
p1129,process,,43,43,2,post,post_odor,True,-0.12196478992700577,1.2139065265655518,-0.9247984886169434
p1129,process,,44,44,32,post,post_odor,True,-0.07267120480537415,0.8792502284049988,-1.1332954168319702
p1129,process,,45,45,40,post,post_odor,True,0.038145557045936584,1.36796236038208,-0.9176973104476929
p1129,process,,46,46,1,post,post_odor,True,0.21149079501628876,1.3377470970153809,-0.7206809520721436
p1129,process,,47,47,0,post,post_odor,True,0.12453645467758179,2.166429042816162,-0.8170254826545715
p1129,process,,48,48,22,post,post_odor,True,0.052596092224121094,1.767440676689148,-0.9587398171424866
p1129,process,,49,49,10,post,post_odor,True,-0.02149132825434208,1.5763092041015625,-1.3702889680862427
p1129,process,,50,50,1,post,post_odor,True,-0.0003479903098195791,1.5768927335739136,-1.1132036447525024
p1129,process,,51,51,30,post,post_odor,True,-0.042736731469631195,0.9689114689826965,-0.8659459948539734
p1129,process,,52,52,12,post,post_odor,True,0.03740454837679863,1.5330320596694946,-1.3886033296585083
p1129,process,,53,53,3,post,post_odor,True,0.14672435820102692,1.1476317644119263,-0.7902963757514954
p1129,process,,54,54,21,post,post_odor,True,0.2556263208389282,1.8220661878585815,-0.7790135145187378
p1129,process,,55,55,22,post,post_odor,True,0.08315155655145645,1.8646373748779297,-0.9643889665603638
p1129,process,,56,56,18,post,post_odor,True,0.002227907767519355,1.2251166105270386,-0.8479712009429932
p1129,process,,57,57,30,post,post_odor,True,0.09928452968597412,1.3265866041183472,-0.945206344127655
p1129,process,,58,58,17,post,post_odor,True,-0.14017759263515472,0.9714316725730896,-1.0432329177856445
p1129,process,,59,59,39,post,post_odor,True,0.018420593813061714,1.183188557624817,-0.7278004884719849
p1129,process,,60,60,39,post,post_odor,True,0.03658326342701912,0.9175409078598022,-0.9763921499252319
p1129,process,,61,61,17,post,post_odor,True,0.17170384526252747,1.5134661197662354,-0.7770956158638
p1129,process,,62,62,4,post,post_odor,True,0.050700731575489044,0.9061568379402161,-0.9134559035301208
p1148,process,,0,0,39,pre,post_odor,True,2.2581894397735596,6.1137590408325195,-2.4300572872161865
p1148,process,,1,1,17,pre,post_odor,True,2.400794506072998,6.640986442565918,-0.9991515874862671
p1148,process,,2,2,32,pre,post_odor,True,5.574382305145264,12.44126033782959,0.3847033381462097
p1148,process,,3,3,32,pre,post_odor,True,7.946793556213379,13.95241641998291,3.102658271789551
p1148,process,,4,4,30,pre,post_odor,True,5.532305717468262,13.032611846923828,0.8174664974212646
p1148,process,,5,5,40,pre,post_odor,True,3.312924861907959,9.695219993591309,-3.896561622619629
p1148,process,,6,6,3,pre,post_odor,True,7.453347682952881,11.171819686889648,2.4741883277893066
p1148,process,,7,7,2,pre,post_odor,True,5.932863712310791,10.195917129516602,2.0299530029296875
p1148,process,,8,8,1,pre,post_odor,True,-0.33764681220054626,3.0281574726104736,-3.4469571113586426
p1148,process,,9,9,4,pre,post_odor,True,6.562926769256592,11.307183265686035,1.6839654445648193
p1148,process,,10,10,31,pre,post_odor,True,9.655008316040039,18.311748504638672,2.445406436920166
p1148,process,,11,11,21,pre,post_odor,True,4.578378200531006,11.889344215393066,-1.1774929761886597
p1148,process,,12,12,2,pre,post_odor,True,0.9606267809867859,3.681492328643799,-3.4637856483459473
p1148,process,,13,13,39,pre,post_odor,True,2.9879539012908936,6.69511604309082,-0.36217737197875977
p1148,process,,14,14,1,pre,post_odor,True,3.9992291927337646,8.336775779724121,0.11127811670303345
p1148,process,,15,15,12,pre,post_odor,True,5.385438442230225,10.13497543334961,1.4798189401626587
p1148,process,,16,16,22,pre,post_odor,True,7.426043510437012,13.504350662231445,2.717421293258667
p1148,process,,17,17,10,pre,post_odor,True,1.7724288702011108,5.933846473693848,-1.0207526683807373
p1148,process,,18,18,17,pre,post_odor,True,4.689609527587891,10.166271209716797,0.3001505434513092
p1148,process,,19,19,31,pre,post_odor,True,5.165003776550293,11.230387687683105,-0.08166766911745071
p1148,process,,20,20,30,pre,post_odor,True,5.438796520233154,10.60712718963623,1.2437087297439575
p1148,process,,21,21,12,pre,post_odor,True,0.4781641364097595,2.4194376468658447,-1.9449611902236938
p1148,process,,22,22,22,pre,post_odor,True,0.45579513907432556,4.30674409866333,-2.2794952392578125
p1148,process,,23,23,4,pre,post_odor,True,0.39731529355049133,2.4889259338378906,-1.8251674175262451
p1148,process,,24,24,0,pre,post_odor,True,1.8337371349334717,5.9582295417785645,-2.2567858695983887
p1148,process,,25,25,3,pre,post_odor,True,2.129326581954956,5.513187408447266,-1.1953600645065308
p1148,process,,26,26,40,pre,post_odor,True,2.8392412662506104,6.365956783294678,-0.6111045479774475
p1148,process,,27,27,10,pre,post_odor,True,-0.5038925409317017,2.0861873626708984,-3.572699546813965
p1148,process,,28,28,21,pre,post_odor,True,4.381561756134033,9.032964706420898,-1.2502350807189941
p1148,process,,29,29,18,pre,post_odor,True,1.0989243984222412,3.10569167137146,-1.6306121349334717
p1148,process,,30,30,18,pre,post_odor,True,0.24171815812587738,2.219130754470825,-1.9746499061584473
p1148,process,,31,31,0,pre,post_odor,True,0.7478334307670593,3.0317649841308594,-1.3385241031646729
p1148,process,,32,32,12,post,post_odor,True,0.1129905954003334,1.2306145429611206,-1.0612870454788208
p1148,process,,33,33,18,post,post_odor,True,0.2816631495952606,1.325698971748352,-0.6086832284927368
p1148,process,,34,34,40,post,post_odor,True,0.06298007071018219,1.6392769813537598,-1.103157639503479
p1148,process,,35,35,32,post,post_odor,True,0.38814979791641235,1.930859088897705,-1.1955420970916748
p1148,process,,36,36,31,post,post_odor,True,0.20825576782226562,1.4713362455368042,-0.8717061877250671
p1148,process,,37,37,0,post,post_odor,True,0.037287387996912,1.1639660596847534,-1.3147149085998535
p1148,process,,38,38,4,post,post_odor,True,0.18220973014831543,1.5254385471343994,-0.643218457698822
p1148,process,,39,39,2,post,post_odor,True,0.05543889105319977,0.9350400567054749,-1.080843448638916
p1148,process,,40,40,3,post,post_odor,True,0.3553250730037689,1.4990200996398926,-0.6540026068687439
p1148,process,,41,41,21,post,post_odor,True,2.6276795864105225,6.445210933685303,-0.006396664306521416
p1148,process,,42,42,31,post,post_odor,True,0.4971197247505188,2.167510509490967,-0.7245722413063049
p1148,process,,43,43,2,post,post_odor,True,0.015614890493452549,1.2611088752746582,-0.9914569854736328
p1148,process,,44,44,32,post,post_odor,True,0.26696842908859253,1.6080251932144165,-0.6384629011154175
p1148,process,,45,45,40,post,post_odor,True,0.19156336784362793,1.1426911354064941,-0.6727306246757507
p1148,process,,46,46,1,post,post_odor,True,0.0008821319206617773,0.9955751895904541,-1.253321886062622
p1148,process,,47,47,0,post,post_odor,True,0.05578675493597984,1.622340202331543,-1.1316945552825928
p1148,process,,48,48,22,post,post_odor,True,0.05274723097681999,1.139519214630127,-1.162073016166687
p1148,process,,49,49,10,post,post_odor,True,0.02159435860812664,1.603428602218628,-1.0949314832687378
p1148,process,,50,50,1,post,post_odor,True,0.11750262975692749,1.4163286685943604,-0.7491137981414795
p1148,process,,51,51,30,post,post_odor,True,0.31547585129737854,1.3687989711761475,-0.857395350933075
p1148,process,,52,52,12,post,post_odor,True,0.14445771276950836,1.1958690881729126,-0.657613217830658
p1148,process,,53,53,3,post,post_odor,True,0.13728934526443481,1.6378237009048462,-1.3743906021118164
p1148,process,,54,54,21,post,post_odor,True,1.981390357017517,4.4650044441223145,-0.4252717196941376
p1148,process,,55,55,22,post,post_odor,True,-0.08868473768234253,0.9268491864204407,-1.2705113887786865
p1148,process,,56,56,18,post,post_odor,True,0.244938924908638,1.2827777862548828,-0.8458025455474854
p1148,process,,57,57,30,post,post_odor,True,0.18081402778625488,1.9906208515167236,-0.832207202911377
p1148,process,,58,58,17,post,post_odor,True,0.008268564008176327,0.9028536081314087,-0.7884724736213684
p1148,process,,59,59,39,post,post_odor,True,-0.14957018196582794,1.0634843111038208,-1.214388132095337
p1148,process,,60,60,39,post,post_odor,True,0.21255609393119812,1.2186402082443237,-0.5396422147750854
p1148,process,,61,61,17,post,post_odor,True,0.042800482362508774,0.960634171962738,-0.548544704914093
p1148,process,,62,62,4,post,post_odor,True,0.0669364184141159,0.5839940905570984,-0.37136706709861755
p1167,process,,0,0,39,pre,post_odor,True,0.9140195846557617,4.380001068115234,-3.566079616546631
p1167,process,,1,1,17,pre,post_odor,True,1.040950059890747,4.969045639038086,-2.9785568714141846
p1167,process,,2,2,32,pre,post_odor,True,1.320717215538025,5.388943195343018,-1.989631175994873
p1167,process,,3,3,32,pre,post_odor,True,1.2109936475753784,4.729067325592041,-2.489362955093384
p1167,process,,4,4,30,pre,post_odor,True,1.2733628749847412,6.151867866516113,-1.4796611070632935
p1167,process,,5,5,40,pre,post_odor,True,0.4752216339111328,3.9260785579681396,-3.1286492347717285
p1167,process,,6,6,3,pre,post_odor,True,1.5934441089630127,3.4135570526123047,-1.9206818342208862
p1167,process,,7,7,2,pre,post_odor,True,1.3786375522613525,5.271754264831543,-3.9606404304504395
p1167,process,,8,8,1,pre,post_odor,True,0.6699752807617188,3.6808228492736816,-1.3437485694885254
p1167,process,,9,9,4,pre,post_odor,True,1.7308530807495117,4.5751423835754395,-1.849895715713501
p1167,process,,10,10,31,pre,post_odor,True,1.969834566116333,5.2635931968688965,-2.1865627765655518
p1167,process,,11,11,21,pre,post_odor,True,0.5672067999839783,3.373488187789917,-2.0146100521087646
p1167,process,,12,12,2,pre,post_odor,True,0.5638063549995422,4.566966533660889,-2.0754199028015137
p1167,process,,13,13,39,pre,post_odor,True,0.7086541652679443,4.0186591148376465,-2.0928497314453125
p1167,process,,14,14,1,pre,post_odor,True,1.0730409622192383,5.811901092529297,-2.2170250415802
p1167,process,,15,15,12,pre,post_odor,True,1.9392423629760742,5.845935344696045,-1.3887226581573486
p1167,process,,16,16,22,pre,post_odor,True,1.8719756603240967,5.984662055969238,-1.5628374814987183
p1167,process,,17,17,10,pre,post_odor,True,1.629265546798706,8.316288948059082,-1.5062144994735718
p1167,process,,18,18,17,pre,post_odor,True,0.6337626576423645,3.3788957595825195,-2.0443642139434814
p1167,process,,19,19,31,pre,post_odor,True,1.481035590171814,6.205788612365723,-1.9190521240234375
p1167,process,,20,20,30,pre,post_odor,True,1.4202739000320435,4.362522125244141,-0.799652636051178
p1167,process,,21,21,12,pre,post_odor,True,0.4113553464412689,3.2937209606170654,-2.306342124938965
p1167,process,,22,22,22,pre,post_odor,True,1.7295454740524292,3.8421823978424072,-0.7567412257194519
p1167,process,,23,23,4,pre,post_odor,True,1.1444205045700073,4.359405994415283,-0.6920531988143921
p1167,process,,24,24,0,pre,post_odor,True,1.355830192565918,3.7680087089538574,-1.4066898822784424
p1167,process,,25,25,3,pre,post_odor,True,0.6212165951728821,5.674847602844238,-2.3724005222320557
p1167,process,,26,26,40,pre,post_odor,True,1.2294772863388062,5.108892917633057,-1.832035779953003
p1167,process,,27,27,10,pre,post_odor,True,0.6914265155792236,4.263314723968506,-1.6060750484466553
p1167,process,,28,28,21,pre,post_odor,True,1.37638521194458,5.159842014312744,-1.9088011980056763
p1167,process,,29,29,18,pre,post_odor,True,0.6682722568511963,4.167163372039795,-2.035175085067749
p1167,process,,30,30,18,pre,post_odor,True,-0.5173541903495789,1.9446816444396973,-2.9190359115600586
p1167,process,,31,31,0,pre,post_odor,True,0.5685261487960815,3.451847791671753,-1.5228058099746704
p1167,process,,32,32,12,post,post_odor,True,-0.07213135063648224,1.3618299961090088,-1.1996703147888184
p1167,process,,33,33,18,post,post_odor,True,0.09098412841558456,1.2072283029556274,-0.8933785557746887
p1167,process,,34,34,40,post,post_odor,True,-0.39555823802948,0.864101767539978,-1.439554214477539
p1167,process,,35,35,32,post,post_odor,True,0.07617884874343872,1.1999746561050415,-1.372850775718689
p1167,process,,36,36,31,post,post_odor,True,-0.01839451491832733,1.6004774570465088,-1.1466628313064575
p1167,process,,37,37,0,post,post_odor,True,0.11188524961471558,1.4614757299423218,-0.9935289621353149
p1167,process,,38,38,4,post,post_odor,True,-0.023282501846551895,1.1724804639816284,-1.480989694595337
p1167,process,,39,39,2,post,post_odor,True,0.08190557360649109,2.7236599922180176,-1.2080684900283813
p1167,process,,40,40,3,post,post_odor,True,0.18505603075027466,2.096601963043213,-0.8110764026641846
p1167,process,,41,41,21,post,post_odor,True,1.23983633518219,3.6275930404663086,-0.45063549280166626
p1167,process,,42,42,31,post,post_odor,True,0.09917214512825012,1.9696924686431885,-0.8754140734672546
p1167,process,,43,43,2,post,post_odor,True,0.20455867052078247,1.8249726295471191,-0.847049355506897
p1167,process,,44,44,32,post,post_odor,True,-0.09142652899026871,1.0563230514526367,-0.7229958176612854
p1167,process,,45,45,40,post,post_odor,True,-0.10235745459794998,0.9890893697738647,-1.0213608741760254
p1167,process,,46,46,1,post,post_odor,True,0.08271113783121109,1.5596935749053955,-0.9048237800598145
p1167,process,,47,47,0,post,post_odor,True,0.2059899866580963,1.4705983400344849,-0.8922407627105713
p1167,process,,48,48,22,post,post_odor,True,0.021021265536546707,1.5252937078475952,-1.3557261228561401
p1167,process,,49,49,10,post,post_odor,True,7.126962736947462e-05,1.31302011013031,-0.9238432049751282
p1167,process,,50,50,1,post,post_odor,True,-0.02284451574087143,0.898597240447998,-1.0358645915985107
p1167,process,,51,51,30,post,post_odor,True,-0.08842460066080093,1.4164620637893677,-1.0655772686004639
p1167,process,,52,52,12,post,post_odor,True,0.32635191082954407,1.768937587738037,-0.7433678507804871
p1167,process,,53,53,3,post,post_odor,True,0.29392337799072266,1.7068889141082764,-0.7830013036727905
p1167,process,,54,54,21,post,post_odor,True,0.8968605399131775,3.3569254875183105,-0.7345592379570007
p1167,process,,55,55,22,post,post_odor,True,-0.1536986231803894,1.121288537979126,-1.1009598970413208
p1167,process,,56,56,18,post,post_odor,True,0.1329488456249237,1.8873233795166016,-1.2580317258834839
p1167,process,,57,57,30,post,post_odor,True,0.11632639169692993,1.3749829530715942,-1.0386368036270142
p1167,process,,58,58,17,post,post_odor,True,0.09838689863681793,1.6300121545791626,-1.1972968578338623
p1167,process,,59,59,39,post,post_odor,True,-0.010114231146872044,2.0939581394195557,-1.2516378164291382
p1167,process,,60,60,39,post,post_odor,True,0.2020256072282791,1.8802001476287842,-1.0979961156845093
p1167,process,,61,61,17,post,post_odor,True,-0.04796857386827469,1.6547281742095947,-1.3315527439117432
p1167,process,,62,62,4,post,post_odor,True,0.06091831251978874,1.8631033897399902,-1.1847559213638306
p1186,process,,0,0,39,pre,post_odor,True,0.08086632937192917,3.345810890197754,-2.6020991802215576
p1186,process,,1,1,17,pre,post_odor,True,0.15744423866271973,4.963742256164551,-2.431844472885132
p1186,process,,2,2,32,pre,post_odor,True,0.7636780142784119,3.8507635593414307,-2.2281792163848877
p1186,process,,3,3,32,pre,post_odor,True,0.756068229675293,4.221306800842285,-2.299128532409668
p1186,process,,4,4,30,pre,post_odor,True,0.09695849567651749,3.7391889095306396,-2.3216333389282227
p1186,process,,5,5,40,pre,post_odor,True,0.4395071566104889,3.9354493618011475,-2.9688308238983154
p1186,process,,6,6,3,pre,post_odor,True,0.9118164777755737,3.261195182800293,-1.8563352823257446
p1186,process,,7,7,2,pre,post_odor,True,1.0004684925079346,3.7095534801483154,-1.1624531745910645
p1186,process,,8,8,1,pre,post_odor,True,-0.20754991471767426,5.015709400177002,-3.351034641265869
p1186,process,,9,9,4,pre,post_odor,True,1.1589391231536865,4.052408695220947,-1.5204297304153442
p1186,process,,10,10,31,pre,post_odor,True,0.9935259222984314,5.079009056091309,-1.3266998529434204
p1186,process,,11,11,21,pre,post_odor,True,-0.025991108268499374,4.535644054412842,-2.7604117393493652
p1186,process,,12,12,2,pre,post_odor,True,0.1401594877243042,4.120186805725098,-2.546675443649292
p1186,process,,13,13,39,pre,post_odor,True,0.185893714427948,3.859060049057007,-2.7199795246124268
p1186,process,,14,14,1,pre,post_odor,True,0.9551448225975037,6.834461688995361,-1.569494605064392
p1186,process,,15,15,12,pre,post_odor,True,0.9017333984375,3.989915132522583,-3.1378531455993652
p1186,process,,16,16,22,pre,post_odor,True,1.3746378421783447,4.36390495300293,-1.5894122123718262
p1186,process,,17,17,10,pre,post_odor,True,0.3673759996891022,4.488456726074219,-2.5155766010284424
p1186,process,,18,18,17,pre,post_odor,True,0.9767104387283325,4.560652256011963,-2.500816822052002
p1186,process,,19,19,31,pre,post_odor,True,0.027062205597758293,3.8004441261291504,-2.0000104904174805
p1186,process,,20,20,30,pre,post_odor,True,-0.1443995088338852,2.4132637977600098,-1.9646451473236084
p1186,process,,21,21,12,pre,post_odor,True,-0.595092236995697,2.8224451541900635,-2.5441534519195557
p1186,process,,22,22,22,pre,post_odor,True,0.23138000071048737,2.473388910293579,-1.4651986360549927
p1186,process,,23,23,4,pre,post_odor,True,-0.4058682322502136,2.718064785003662,-1.9288218021392822
p1186,process,,24,24,0,pre,post_odor,True,0.060472272336483,3.9087212085723877,-2.310570478439331
p1186,process,,25,25,3,pre,post_odor,True,-0.30009081959724426,3.28658127784729,-4.176964282989502
p1186,process,,26,26,40,pre,post_odor,True,0.7297707200050354,3.224205493927002,-2.138286828994751
p1186,process,,27,27,10,pre,post_odor,True,-0.20312123000621796,2.4355528354644775,-2.217360734939575
p1186,process,,28,28,21,pre,post_odor,True,0.08641690760850906,2.4290573596954346,-3.058528184890747
p1186,process,,29,29,18,pre,post_odor,True,0.16286425292491913,3.330641746520996,-1.4560003280639648
p1186,process,,30,30,18,pre,post_odor,True,-0.4110322594642639,1.5330556631088257,-2.1782379150390625
p1186,process,,31,31,0,pre,post_odor,True,0.4123983085155487,3.7621378898620605,-1.6073391437530518
p1186,process,,32,32,12,post,post_odor,True,-0.1153729110956192,1.2620282173156738,-0.8540006279945374
p1186,process,,33,33,18,post,post_odor,True,-0.027094049379229546,1.4540631771087646,-0.7732776999473572
p1186,process,,34,34,40,post,post_odor,True,-0.14536884427070618,1.130953073501587,-1.0897912979125977
p1186,process,,35,35,32,post,post_odor,True,0.1792784184217453,1.7153418064117432,-0.7278523445129395
p1186,process,,36,36,31,post,post_odor,True,0.10574136674404144,1.5773835182189941,-0.7831390500068665
p1186,process,,37,37,0,post,post_odor,True,-0.044213734567165375,1.487055778503418,-1.0117301940917969
p1186,process,,38,38,4,post,post_odor,True,-0.21046793460845947,1.0706286430358887,-0.9734087586402893
p1186,process,,39,39,2,post,post_odor,True,0.12302529811859131,1.7976261377334595,-0.8999137878417969
p1186,process,,40,40,3,post,post_odor,True,0.01701004058122635,1.3094983100891113,-0.8717085123062134
p1186,process,,41,41,21,post,post_odor,True,0.5135948061943054,3.0629184246063232,-0.9190134406089783
p1186,process,,42,42,31,post,post_odor,True,0.1958988606929779,2.673997163772583,-0.9529104828834534
p1186,process,,43,43,2,post,post_odor,True,-0.1345987319946289,1.2850112915039062,-1.0549237728118896
p1186,process,,44,44,32,post,post_odor,True,-0.016752053052186966,1.1183207035064697,-0.8224184513092041
p1186,process,,45,45,40,post,post_odor,True,-0.029080355539917946,1.8836424350738525,-0.9147421717643738
p1186,process,,46,46,1,post,post_odor,True,0.18215888738632202,1.6061756610870361,-0.7339387536048889
p1186,process,,47,47,0,post,post_odor,True,-0.0388110987842083,1.5085233449935913,-1.1420413255691528
p1186,process,,48,48,22,post,post_odor,True,0.05496381223201752,0.9990260601043701,-0.8841499090194702
p1186,process,,49,49,10,post,post_odor,True,0.06343454122543335,1.622479796409607,-1.2061567306518555
p1186,process,,50,50,1,post,post_odor,True,-0.04026280343532562,1.5692898035049438,-0.9419146180152893
p1186,process,,51,51,30,post,post_odor,True,-0.17213229835033417,1.0127710103988647,-1.1316756010055542
p1186,process,,52,52,12,post,post_odor,True,0.07343731820583344,1.053428292274475,-0.7992166876792908
p1186,process,,53,53,3,post,post_odor,True,-0.015586573630571365,1.9270124435424805,-0.885748028755188
p1186,process,,54,54,21,post,post_odor,True,0.27713778614997864,2.3214380741119385,-1.0500669479370117
p1186,process,,55,55,22,post,post_odor,True,-0.045057717710733414,1.6278045177459717,-0.979720413684845
p1186,process,,56,56,18,post,post_odor,True,0.08328508585691452,1.2878555059432983,-0.8251696825027466
p1186,process,,57,57,30,post,post_odor,True,0.07388617843389511,1.5963256359100342,-0.9413090348243713
p1186,process,,58,58,17,post,post_odor,True,-0.08002182096242905,1.4993598461151123,-1.0109047889709473
p1186,process,,59,59,39,post,post_odor,True,-0.017249392345547676,2.4696855545043945,-1.0030796527862549
p1186,process,,60,60,39,post,post_odor,True,0.0017299418104812503,1.0475971698760986,-0.9556174874305725
p1186,process,,61,61,17,post,post_odor,True,0.055840760469436646,2.0803401470184326,-1.0689589977264404
p1186,process,,62,62,4,post,post_odor,True,-0.07190299779176712,1.6958019733428955,-1.0021264553070068
p1205,process,,0,0,39,pre,post_odor,True,1.202023983001709,5.321746349334717,-2.105706214904785
p1205,process,,1,1,17,pre,post_odor,True,0.5438799858093262,4.104192733764648,-2.3658199310302734
p1205,process,,2,2,32,pre,post_odor,True,1.0406389236450195,5.881226539611816,-3.019041061401367
p1205,process,,3,3,32,pre,post_odor,True,1.8947654962539673,5.307240009307861,-1.324578046798706
p1205,process,,4,4,30,pre,post_odor,True,1.1554676294326782,5.989045143127441,-3.0963900089263916
p1205,process,,5,5,40,pre,post_odor,True,1.4156560897827148,5.1359968185424805,-1.2849310636520386
p1205,process,,6,6,3,pre,post_odor,True,2.243997812271118,7.109982490539551,-1.3309462070465088
p1205,process,,7,7,2,pre,post_odor,True,2.119396209716797,6.634130954742432,-0.9172161221504211
p1205,process,,8,8,1,pre,post_odor,True,0.7555171847343445,4.826769828796387,-3.112391471862793
p1205,process,,9,9,4,pre,post_odor,True,1.5123366117477417,4.9394121170043945,-2.023049831390381
p1205,process,,10,10,31,pre,post_odor,True,1.6295119524002075,4.253690719604492,-1.0886226892471313
p1205,process,,11,11,21,pre,post_odor,True,1.0919013023376465,4.588226795196533,-2.395054578781128
p1205,process,,12,12,2,pre,post_odor,True,1.2503111362457275,7.242790699005127,-2.705087900161743
p1205,process,,13,13,39,pre,post_odor,True,0.8085857629776001,4.537067413330078,-2.2431623935699463
p1205,process,,14,14,1,pre,post_odor,True,1.4690860509872437,5.246284484863281,-0.557387113571167
p1205,process,,15,15,12,pre,post_odor,True,2.1662099361419678,5.260093688964844,-0.8802867531776428
p1205,process,,16,16,22,pre,post_odor,True,1.956266164779663,4.931501865386963,-1.1644529104232788
p1205,process,,17,17,10,pre,post_odor,True,2.3943002223968506,5.937028884887695,-1.279335379600525
p1205,process,,18,18,17,pre,post_odor,True,1.0794802904129028,3.7282464504241943,-1.942745327949524
p1205,process,,19,19,31,pre,post_odor,True,2.16121768951416,7.146574020385742,-0.3466794788837433
p1205,process,,20,20,30,pre,post_odor,True,1.229333519935608,3.1876261234283447,-1.4083507061004639
p1205,process,,21,21,12,pre,post_odor,True,0.6803091168403625,4.921020984649658,-2.4253592491149902
p1205,process,,22,22,22,pre,post_odor,True,1.7239190340042114,5.759582996368408,-0.9399874806404114
p1205,process,,23,23,4,pre,post_odor,True,1.0819315910339355,3.202061414718628,-1.8128424882888794
p1205,process,,24,24,0,pre,post_odor,True,1.6223706007003784,6.608627796173096,-2.0833230018615723
p1205,process,,25,25,3,pre,post_odor,True,0.6554507613182068,3.0275814533233643,-2.331969738006592
p1205,process,,26,26,40,pre,post_odor,True,1.2219359874725342,4.953529357910156,-1.346960186958313
p1205,process,,27,27,10,pre,post_odor,True,1.2285438776016235,5.370299816131592,-1.6538478136062622
p1205,process,,28,28,21,pre,post_odor,True,1.8205372095108032,5.916040897369385,-0.7282874584197998
p1205,process,,29,29,18,pre,post_odor,True,0.24449372291564941,3.008533000946045,-2.446805238723755
p1205,process,,30,30,18,pre,post_odor,True,-0.7976651787757874,1.657645344734192,-3.1704635620117188
p1205,process,,31,31,0,pre,post_odor,True,2.064434051513672,5.361231803894043,-0.9513611793518066
p1205,process,,32,32,12,post,post_odor,True,0.3310028612613678,3.3171637058258057,-1.3166351318359375
p1205,process,,33,33,18,post,post_odor,True,-0.01863102614879608,2.0829174518585205,-1.2591183185577393
p1205,process,,34,34,40,post,post_odor,True,0.04307909682393074,1.5159136056900024,-1.535473108291626
p1205,process,,35,35,32,post,post_odor,True,-0.16473302245140076,2.212674617767334,-1.181161642074585
p1205,process,,36,36,31,post,post_odor,True,0.08892709016799927,2.4805963039398193,-1.410522699356079
p1205,process,,37,37,0,post,post_odor,True,0.15692022442817688,1.3928064107894897,-1.4733078479766846
p1205,process,,38,38,4,post,post_odor,True,-0.05229240283370018,2.945739984512329,-1.3582028150558472
p1205,process,,39,39,2,post,post_odor,True,-4.42155433120206e-05,1.7778760194778442,-1.200239658355713
p1205,process,,40,40,3,post,post_odor,True,-0.09837507456541061,1.9296218156814575,-1.592069387435913
p1205,process,,41,41,21,post,post_odor,True,1.3873021602630615,5.171605587005615,-0.5531431436538696
p1205,process,,42,42,31,post,post_odor,True,0.09862260520458221,2.3484866619110107,-1.565826177597046
p1205,process,,43,43,2,post,post_odor,True,-0.04992373660206795,2.02124285697937,-1.5119340419769287
p1205,process,,44,44,32,post,post_odor,True,0.023180320858955383,2.044642925262451,-1.6138230562210083
p1205,process,,45,45,40,post,post_odor,True,-0.14328345656394958,2.7065987586975098,-1.579663872718811
p1205,process,,46,46,1,post,post_odor,True,-0.04875412955880165,1.854804277420044,-1.4120501279830933
p1205,process,,47,47,0,post,post_odor,True,-0.02988777868449688,2.257460832595825,-1.4999765157699585
p1205,process,,48,48,22,post,post_odor,True,0.18144935369491577,2.665755271911621,-1.4080549478530884
p1205,process,,49,49,10,post,post_odor,True,-0.15525265038013458,1.0506017208099365,-1.1363695859909058
p1205,process,,50,50,1,post,post_odor,True,-0.1930849552154541,2.382337808609009,-1.547153353691101
p1205,process,,51,51,30,post,post_odor,True,-0.22379536926746368,1.9570422172546387,-1.7402431964874268
p1205,process,,52,52,12,post,post_odor,True,-0.06896920502185822,1.1883695125579834,-1.1442058086395264
p1205,process,,53,53,3,post,post_odor,True,0.18866854906082153,2.6249711513519287,-1.3707084655761719
p1205,process,,54,54,21,post,post_odor,True,0.8118849992752075,4.375634670257568,-1.746628761291504
p1205,process,,55,55,22,post,post_odor,True,-0.08605046570301056,1.4830124378204346,-1.074653148651123
p1205,process,,56,56,18,post,post_odor,True,0.03184546157717705,2.7559823989868164,-1.655124545097351
p1205,process,,57,57,30,post,post_odor,True,0.06572476774454117,2.0585732460021973,-1.883219838142395
p1205,process,,58,58,17,post,post_odor,True,-0.018728578463196754,3.1594221591949463,-1.9263529777526855
p1205,process,,59,59,39,post,post_odor,True,0.32117989659309387,2.7525877952575684,-1.5646388530731201
p1205,process,,60,60,39,post,post_odor,True,0.02888883277773857,2.251836061477661,-1.5313009023666382
p1205,process,,61,61,17,post,post_odor,True,-0.24888794124126434,2.702394485473633,-1.4893076419830322
p1205,process,,62,62,4,post,post_odor,True,-0.11760138720273972,1.6329132318496704,-1.7451972961425781
p1224,process,,0,0,39,pre,post_odor,True,1.7383111715316772,6.25696325302124,-1.018787145614624
p1224,process,,1,1,17,pre,post_odor,True,0.743183970451355,5.28366756439209,-3.5457260608673096
p1224,process,,2,2,32,pre,post_odor,True,0.6981825828552246,4.985180854797363,-2.0246994495391846
p1224,process,,3,3,32,pre,post_odor,True,1.9521602392196655,5.048206329345703,-2.0675160884857178
p1224,process,,4,4,30,pre,post_odor,True,1.2438175678253174,4.685405254364014,-1.450003981590271
p1224,process,,5,5,40,pre,post_odor,True,2.146223783493042,6.7600531578063965,-2.9704623222351074
p1224,process,,6,6,3,pre,post_odor,True,2.915785551071167,7.335615634918213,-0.9620691537857056
p1224,process,,7,7,2,pre,post_odor,True,2.5765109062194824,6.384627342224121,-0.5169065594673157
p1224,process,,8,8,1,pre,post_odor,True,0.5889419317245483,4.264469146728516,-2.1894116401672363
p1224,process,,9,9,4,pre,post_odor,True,2.5349340438842773,7.655663967132568,-2.3006503582000732
p1224,process,,10,10,31,pre,post_odor,True,3.136732578277588,7.5395002365112305,-0.6618612408638
p1224,process,,11,11,21,pre,post_odor,True,1.13388192653656,5.1705498695373535,-2.783832550048828
p1224,process,,12,12,2,pre,post_odor,True,1.7549692392349243,4.956912040710449,-1.6917673349380493
p1224,process,,13,13,39,pre,post_odor,True,1.7989263534545898,6.008397102355957,-2.0352728366851807
p1224,process,,14,14,1,pre,post_odor,True,2.843756675720215,7.992077827453613,-1.6655762195587158
p1224,process,,15,15,12,pre,post_odor,True,2.2558281421661377,8.294755935668945,-0.7218305468559265
p1224,process,,16,16,22,pre,post_odor,True,2.836597442626953,6.778273582458496,-1.1732150316238403
p1224,process,,17,17,10,pre,post_odor,True,2.325490951538086,5.480111598968506,-0.47092846035957336
p1224,process,,18,18,17,pre,post_odor,True,2.7404277324676514,6.662899971008301,-0.9818174242973328
p1224,process,,19,19,31,pre,post_odor,True,2.746213436126709,6.609102725982666,-1.2059423923492432
p1224,process,,20,20,30,pre,post_odor,True,1.7690335512161255,6.355069637298584,-0.8401892781257629
p1224,process,,21,21,12,pre,post_odor,True,1.306278109550476,4.173525810241699,-1.3315808773040771
p1224,process,,22,22,22,pre,post_odor,True,2.072265148162842,4.96352481842041,-1.8117042779922485
p1224,process,,23,23,4,pre,post_odor,True,1.233698844909668,4.318976402282715,-1.9863150119781494
p1224,process,,24,24,0,pre,post_odor,True,1.9251831769943237,5.000498294830322,-0.9228967428207397
p1224,process,,25,25,3,pre,post_odor,True,0.8956229090690613,4.261104583740234,-2.101282835006714
p1224,process,,26,26,40,pre,post_odor,True,1.3772180080413818,4.5109357833862305,-2.437222957611084
p1224,process,,27,27,10,pre,post_odor,True,1.6541820764541626,5.095300674438477,-1.6001335382461548
p1224,process,,28,28,21,pre,post_odor,True,1.4151195287704468,4.950757026672363,-2.447866201400757
p1224,process,,29,29,18,pre,post_odor,True,0.6087572574615479,3.509293556213379,-3.092548131942749
p1224,process,,30,30,18,pre,post_odor,True,-0.4563870429992676,1.6969293355941772,-2.672292470932007
p1224,process,,31,31,0,pre,post_odor,True,1.7559072971343994,4.031394958496094,-0.24364756047725677
p1224,process,,32,32,12,post,post_odor,True,0.5535168051719666,2.0704052448272705,-0.6247661113739014
p1224,process,,33,33,18,post,post_odor,True,0.6470794677734375,2.41521954536438,-0.9370197653770447
p1224,process,,34,34,40,post,post_odor,True,0.10142802447080612,1.5773706436157227,-1.1266825199127197
p1224,process,,35,35,32,post,post_odor,True,0.2022552490234375,1.6841830015182495,-0.994357168674469
p1224,process,,36,36,31,post,post_odor,True,0.4452831447124481,2.0232021808624268,-1.202440619468689
p1224,process,,37,37,0,post,post_odor,True,0.008013556711375713,1.4735373258590698,-0.8745440244674683
p1224,process,,38,38,4,post,post_odor,True,0.13538013398647308,1.6829975843429565,-0.9449540972709656
p1224,process,,39,39,2,post,post_odor,True,-0.00428215553984046,2.0082995891571045,-1.2492575645446777
p1224,process,,40,40,3,post,post_odor,True,0.03811126574873924,1.2759472131729126,-0.9030942320823669
p1224,process,,41,41,21,post,post_odor,True,2.776805877685547,6.965702056884766,0.3789243698120117
p1224,process,,42,42,31,post,post_odor,True,-0.021182717755436897,1.4936679601669312,-0.947516143321991
p1224,process,,43,43,2,post,post_odor,True,0.050934650003910065,1.3371063470840454,-0.8596546649932861
p1224,process,,44,44,32,post,post_odor,True,-0.023632001131772995,1.3554710149765015,-1.2822681665420532
p1224,process,,45,45,40,post,post_odor,True,-0.1979828029870987,0.9372514486312866,-1.692794919013977
p1224,process,,46,46,1,post,post_odor,True,0.25871214270591736,1.7359590530395508,-0.7701126933097839
p1224,process,,47,47,0,post,post_odor,True,0.06806079298257828,1.524497628211975,-1.1907031536102295
p1224,process,,48,48,22,post,post_odor,True,-0.06977491080760956,1.1570435762405396,-1.2350889444351196
p1224,process,,49,49,10,post,post_odor,True,0.27324575185775757,1.8488795757293701,-0.802905261516571
p1224,process,,50,50,1,post,post_odor,True,-0.1005459576845169,1.2106813192367554,-1.4112306833267212
p1224,process,,51,51,30,post,post_odor,True,0.1625051647424698,2.1488664150238037,-1.3014121055603027
p1224,process,,52,52,12,post,post_odor,True,0.21801061928272247,1.590916395187378,-1.1918132305145264
p1224,process,,53,53,3,post,post_odor,True,0.22754241526126862,2.2102534770965576,-0.8250911235809326
p1224,process,,54,54,21,post,post_odor,True,2.4482827186584473,6.074227333068848,0.5547484159469604
p1224,process,,55,55,22,post,post_odor,True,0.1987251341342926,1.686569333076477,-0.9355939030647278
p1224,process,,56,56,18,post,post_odor,True,0.2336215078830719,2.077969551086426,-0.9872074127197266
p1224,process,,57,57,30,post,post_odor,True,0.0638500452041626,1.722304105758667,-1.63392972946167
p1224,process,,58,58,17,post,post_odor,True,0.38155198097229004,1.751158595085144,-0.7937293648719788
p1224,process,,59,59,39,post,post_odor,True,0.1379735916852951,0.9971062541007996,-0.7264217138290405
p1224,process,,60,60,39,post,post_odor,True,-0.022839779034256935,1.3022048473358154,-0.8855989575386047
p1224,process,,61,61,17,post,post_odor,True,0.16484962403774261,2.0952706336975098,-1.1064788103103638
p1224,process,,62,62,4,post,post_odor,True,0.19592444598674774,1.6421836614608765,-1.0054817199707031
p1243,process,,0,0,39,pre,post_odor,True,2.9435904026031494,6.616549015045166,-0.3674624264240265
p1243,process,,1,1,17,pre,post_odor,True,-0.7429664731025696,4.185515403747559,-4.366785049438477
p1243,process,,2,2,32,pre,post_odor,True,6.307441711425781,14.619412422180176,0.9922510385513306
p1243,process,,3,3,32,pre,post_odor,True,7.397467136383057,16.174022674560547,1.9171593189239502
p1243,process,,4,4,30,pre,post_odor,True,5.480118274688721,13.247515678405762,0.03276480361819267
p1243,process,,5,5,40,pre,post_odor,True,4.413852691650391,10.855707168579102,-1.6508736610412598
p1243,process,,6,6,3,pre,post_odor,True,5.515267848968506,9.245513916015625,2.1107897758483887
p1243,process,,7,7,2,pre,post_odor,True,4.825991630554199,7.583902359008789,-1.1138454675674438
p1243,process,,8,8,1,pre,post_odor,True,1.856429934501648,6.813931465148926,-2.666696071624756
p1243,process,,9,9,4,pre,post_odor,True,4.992674350738525,9.6274995803833,1.1432708501815796
p1243,process,,10,10,31,pre,post_odor,True,8.151936531066895,14.99203872680664,1.435166597366333
p1243,process,,11,11,21,pre,post_odor,True,2.0062975883483887,6.421411514282227,-1.5491235256195068
p1243,process,,12,12,2,pre,post_odor,True,2.065211534500122,6.124356269836426,-1.9848748445510864
p1243,process,,13,13,39,pre,post_odor,True,2.525890827178955,7.593957424163818,-1.2990821599960327
p1243,process,,14,14,1,pre,post_odor,True,5.370750904083252,12.742393493652344,0.3683863878250122
p1243,process,,15,15,12,pre,post_odor,True,6.630467414855957,12.072005271911621,2.0441136360168457
p1243,process,,16,16,22,pre,post_odor,True,5.229659080505371,10.519392967224121,1.041595458984375
p1243,process,,17,17,10,pre,post_odor,True,2.1429800987243652,7.568296909332275,-0.3803880512714386
p1243,process,,18,18,17,pre,post_odor,True,1.5685497522354126,5.779043674468994,-2.5463054180145264
p1243,process,,19,19,31,pre,post_odor,True,4.846181869506836,9.82128620147705,0.8239997029304504
p1243,process,,20,20,30,pre,post_odor,True,3.833411455154419,10.587767601013184,-0.27564120292663574
p1243,process,,21,21,12,pre,post_odor,True,0.7706745862960815,4.6558756828308105,-2.0398850440979004
p1243,process,,22,22,22,pre,post_odor,True,0.9277601838111877,3.900932550430298,-1.5650734901428223
p1243,process,,23,23,4,pre,post_odor,True,0.21252641081809998,2.036818742752075,-2.138831853866577
p1243,process,,24,24,0,pre,post_odor,True,3.1966514587402344,6.429917335510254,-2.077693223953247
p1243,process,,25,25,3,pre,post_odor,True,2.4782660007476807,6.392222881317139,-0.2592111825942993
p1243,process,,26,26,40,pre,post_odor,True,4.366929531097412,8.598716735839844,0.1673199087381363
p1243,process,,27,27,10,pre,post_odor,True,0.027945876121520996,2.594461679458618,-1.8679461479187012
p1243,process,,28,28,21,pre,post_odor,True,2.4011011123657227,5.695804595947266,-0.9291427135467529
p1243,process,,29,29,18,pre,post_odor,True,0.08237772434949875,2.0405685901641846,-1.5264804363250732
p1243,process,,30,30,18,pre,post_odor,True,-0.29192250967025757,1.8420398235321045,-3.350848913192749
p1243,process,,31,31,0,pre,post_odor,True,0.12019370496273041,2.2196216583251953,-1.8323651552200317
p1243,process,,32,32,12,post,post_odor,True,0.0006761948461644351,2.653214454650879,-2.086707353591919
p1243,process,,33,33,18,post,post_odor,True,0.04803108796477318,1.196190595626831,-0.7557474970817566
p1243,process,,34,34,40,post,post_odor,True,0.2679629921913147,2.485182523727417,-1.0914746522903442
p1243,process,,35,35,32,post,post_odor,True,0.2868959903717041,2.021296262741089,-1.1503229141235352
p1243,process,,36,36,31,post,post_odor,True,0.1818292886018753,2.276841640472412,-1.1961220502853394
p1243,process,,37,37,0,post,post_odor,True,-0.10910530388355255,1.4293665885925293,-1.2538396120071411
p1243,process,,38,38,4,post,post_odor,True,0.05092412233352661,1.409303069114685,-1.3925954103469849
p1243,process,,39,39,2,post,post_odor,True,-0.025341691449284554,1.501072883605957,-1.278807520866394
p1243,process,,40,40,3,post,post_odor,True,0.06350725889205933,1.8353122472763062,-1.396344780921936
p1243,process,,41,41,21,post,post_odor,True,2.0151333808898926,4.737002849578857,-0.10100508481264114
p1243,process,,42,42,31,post,post_odor,True,0.06253057718276978,1.5634092092514038,-1.1131596565246582
p1243,process,,43,43,2,post,post_odor,True,0.08809318393468857,1.8174481391906738,-1.066304326057434
p1243,process,,44,44,32,post,post_odor,True,0.22951480746269226,1.5599231719970703,-1.03949773311615
p1243,process,,45,45,40,post,post_odor,True,0.228284552693367,2.265941858291626,-1.1902533769607544
p1243,process,,46,46,1,post,post_odor,True,0.2940353453159332,3.188002347946167,-1.0228893756866455
p1243,process,,47,47,0,post,post_odor,True,0.05636199191212654,1.6105725765228271,-1.5463175773620605
p1243,process,,48,48,22,post,post_odor,True,-0.005115036386996508,1.4690216779708862,-1.013132929801941
p1243,process,,49,49,10,post,post_odor,True,-0.10686291754245758,1.3326019048690796,-1.099155068397522
p1243,process,,50,50,1,post,post_odor,True,-0.03517146036028862,1.2842979431152344,-1.0613203048706055
p1243,process,,51,51,30,post,post_odor,True,0.374739408493042,1.8234970569610596,-0.9899532198905945
p1243,process,,52,52,12,post,post_odor,True,-0.08648662269115448,1.4557052850723267,-1.7214350700378418
p1243,process,,53,53,3,post,post_odor,True,-0.04068796709179878,1.1323387622833252,-1.0299055576324463
p1243,process,,54,54,21,post,post_odor,True,1.4401699304580688,4.660778999328613,-1.0047324895858765
p1243,process,,55,55,22,post,post_odor,True,0.17487290501594543,1.531225562095642,-1.1035958528518677
p1243,process,,56,56,18,post,post_odor,True,0.19009780883789062,2.2827866077423096,-1.0910543203353882
p1243,process,,57,57,30,post,post_odor,True,0.06812947243452072,1.3378114700317383,-1.020403504371643
p1243,process,,58,58,17,post,post_odor,True,-0.007466075476258993,1.3603688478469849,-1.1696767807006836
p1243,process,,59,59,39,post,post_odor,True,0.05930326506495476,1.3814762830734253,-1.2846779823303223
p1243,process,,60,60,39,post,post_odor,True,0.013740576803684235,2.084961175918579,-0.8203088641166687
p1243,process,,61,61,17,post,post_odor,True,-0.03522780165076256,1.5009979009628296,-1.153226613998413
p1243,process,,62,62,4,post,post_odor,True,0.12330279499292374,2.0867769718170166,-1.024366855621338
p1261,process,,0,0,39,pre,post_odor,True,0.5768743753433228,4.030579566955566,-1.8636406660079956
p1261,process,,1,1,17,pre,post_odor,True,1.2820545434951782,4.981934547424316,-1.0530706644058228
p1261,process,,2,2,32,pre,post_odor,True,2.875344753265381,8.204663276672363,-1.2934426069259644
p1261,process,,3,3,32,pre,post_odor,True,3.3049800395965576,8.091265678405762,-0.8896368145942688
p1261,process,,4,4,30,pre,post_odor,True,1.821083426475525,6.850853443145752,-1.8580667972564697
p1261,process,,5,5,40,pre,post_odor,True,1.106675624847412,5.639776706695557,-3.033484697341919
p1261,process,,6,6,3,pre,post_odor,True,3.9556095600128174,9.028509140014648,-0.9554699659347534
p1261,process,,7,7,2,pre,post_odor,True,2.1233022212982178,5.498417854309082,-0.5619933605194092
p1261,process,,8,8,1,pre,post_odor,True,0.022142190486192703,5.904237747192383,-3.4142777919769287
p1261,process,,9,9,4,pre,post_odor,True,2.821035146713257,7.437129497528076,0.07079589366912842
p1261,process,,10,10,31,pre,post_odor,True,3.8017048835754395,7.777411460876465,-0.6354781985282898
p1261,process,,11,11,21,pre,post_odor,True,1.4960203170776367,5.713732719421387,-1.1296018362045288
p1261,process,,12,12,2,pre,post_odor,True,0.94212806224823,5.074259281158447,-2.0186398029327393
p1261,process,,13,13,39,pre,post_odor,True,1.2388657331466675,4.326902866363525,-1.4212892055511475
p1261,process,,14,14,1,pre,post_odor,True,1.1393989324569702,5.162343502044678,-2.770134925842285
p1261,process,,15,15,12,pre,post_odor,True,3.3506340980529785,8.150348663330078,0.0834374949336052
p1261,process,,16,16,22,pre,post_odor,True,3.8061814308166504,10.265592575073242,-0.29184335470199585
p1261,process,,17,17,10,pre,post_odor,True,1.3234494924545288,6.463456153869629,-1.9907362461090088
p1261,process,,18,18,17,pre,post_odor,True,2.932285785675049,7.582069396972656,0.16786161065101624
p1261,process,,19,19,31,pre,post_odor,True,1.587640404701233,6.339178562164307,-2.019253730773926
p1261,process,,20,20,30,pre,post_odor,True,2.503931999206543,6.558559894561768,-0.6119783520698547
p1261,process,,21,21,12,pre,post_odor,True,0.8451457023620605,4.524216175079346,-1.2970619201660156
p1261,process,,22,22,22,pre,post_odor,True,1.6755459308624268,7.290137767791748,-1.654525637626648
p1261,process,,23,23,4,pre,post_odor,True,0.09234733879566193,2.9637229442596436,-2.4484457969665527
p1261,process,,24,24,0,pre,post_odor,True,0.8632591962814331,7.225558757781982,-2.329695463180542
p1261,process,,25,25,3,pre,post_odor,True,0.47328758239746094,3.167127847671509,-2.701564311981201
p1261,process,,26,26,40,pre,post_odor,True,1.7279177904129028,5.6710405349731445,-1.7703880071640015
p1261,process,,27,27,10,pre,post_odor,True,-0.7614914178848267,3.010047197341919,-4.089985370635986
p1261,process,,28,28,21,pre,post_odor,True,1.891637921333313,6.146650791168213,-2.033717393875122
p1261,process,,29,29,18,pre,post_odor,True,1.9714215993881226,5.13126277923584,0.08169375360012054
p1261,process,,30,30,18,pre,post_odor,True,1.2712140083312988,3.572840690612793,-0.9942944645881653
p1261,process,,31,31,0,pre,post_odor,True,0.4451339840888977,3.411578416824341,-1.8570960760116577
p1261,process,,32,32,12,post,post_odor,True,-0.1325538158416748,1.017810344696045,-1.224224328994751
p1261,process,,33,33,18,post,post_odor,True,0.4758552014827728,2.4208807945251465,-0.6401883959770203
p1261,process,,34,34,40,post,post_odor,True,0.043986812233924866,1.2715210914611816,-1.099800944328308
p1261,process,,35,35,32,post,post_odor,True,0.02099929191172123,2.1599926948547363,-1.2129911184310913
p1261,process,,36,36,31,post,post_odor,True,0.3265206217765808,1.8396992683410645,-0.9400209188461304
p1261,process,,37,37,0,post,post_odor,True,0.08573389798402786,1.3100477457046509,-1.2099448442459106
p1261,process,,38,38,4,post,post_odor,True,0.3239545524120331,2.5785276889801025,-0.88752281665802
p1261,process,,39,39,2,post,post_odor,True,0.20319540798664093,1.9713516235351562,-0.929789125919342
p1261,process,,40,40,3,post,post_odor,True,0.32654717564582825,1.5989362001419067,-0.9801186919212341
p1261,process,,41,41,21,post,post_odor,True,2.9338080883026123,6.613802433013916,0.6038359999656677
p1261,process,,42,42,31,post,post_odor,True,0.12735743820667267,2.087419271469116,-1.1757830381393433
p1261,process,,43,43,2,post,post_odor,True,0.009555000811815262,1.8051739931106567,-1.208396315574646
p1261,process,,44,44,32,post,post_odor,True,0.05137920752167702,1.7202271223068237,-1.1238263845443726
p1261,process,,45,45,40,post,post_odor,True,0.15388134121894836,1.8603355884552002,-1.1381607055664062
p1261,process,,46,46,1,post,post_odor,True,-0.09117244929075241,1.3849083185195923,-1.216359257698059
p1261,process,,47,47,0,post,post_odor,True,-0.08463767915964127,1.392406940460205,-1.1583489179611206
p1261,process,,48,48,22,post,post_odor,True,0.18026141822338104,1.5853689908981323,-0.9970899224281311
p1261,process,,49,49,10,post,post_odor,True,-0.08098539710044861,1.078297734260559,-1.0346890687942505
p1261,process,,50,50,1,post,post_odor,True,0.057487767189741135,1.6039037704467773,-0.8714889883995056
p1261,process,,51,51,30,post,post_odor,True,0.3821185529232025,3.1799917221069336,-1.1845046281814575
p1261,process,,52,52,12,post,post_odor,True,-0.038242124021053314,1.0717008113861084,-1.1199955940246582
p1261,process,,53,53,3,post,post_odor,True,-0.12884068489074707,1.6402333974838257,-0.9149712920188904
p1261,process,,54,54,21,post,post_odor,True,2.228633165359497,5.866738319396973,0.38405561447143555
p1261,process,,55,55,22,post,post_odor,True,0.04263588786125183,0.7768186330795288,-1.0129834413528442
p1261,process,,56,56,18,post,post_odor,True,0.061608150601387024,1.408586025238037,-1.314570665359497
p1261,process,,57,57,30,post,post_odor,True,0.389519602060318,2.2404258251190186,-0.9554795026779175
p1261,process,,58,58,17,post,post_odor,True,0.17478635907173157,1.7700194120407104,-1.3425053358078003
p1261,process,,59,59,39,post,post_odor,True,0.07761246711015701,1.5849624872207642,-1.014509677886963
p1261,process,,60,60,39,post,post_odor,True,0.1854669600725174,1.6321239471435547,-0.9306800961494446
p1261,process,,61,61,17,post,post_odor,True,0.16356469690799713,1.3730381727218628,-1.0037132501602173
p1261,process,,62,62,4,post,post_odor,True,0.08438901603221893,1.3653579950332642,-0.8924959301948547
p1280,process,,0,0,39,pre,post_odor,True,1.1040951013565063,3.620469331741333,-1.3554601669311523
p1280,process,,1,1,17,pre,post_odor,True,1.3502918481826782,4.091025352478027,-1.6790486574172974
p1280,process,,2,2,32,pre,post_odor,True,2.4861669540405273,7.199596405029297,-1.589106798171997
p1280,process,,3,3,32,pre,post_odor,True,2.5396454334259033,6.33159875869751,-0.203399658203125
p1280,process,,4,4,30,pre,post_odor,True,1.837628722190857,7.401662826538086,-2.1755661964416504
p1280,process,,5,5,40,pre,post_odor,True,0.8823316693305969,5.137996196746826,-2.750009298324585
p1280,process,,6,6,3,pre,post_odor,True,3.70818829536438,9.619890213012695,0.8979511260986328
p1280,process,,7,7,2,pre,post_odor,True,2.00571346282959,6.606151580810547,-0.729576826095581
p1280,process,,8,8,1,pre,post_odor,True,0.5316750407218933,4.440876007080078,-3.140949010848999
p1280,process,,9,9,4,pre,post_odor,True,2.8627309799194336,7.182275772094727,-0.7982820272445679
p1280,process,,10,10,31,pre,post_odor,True,3.201390504837036,7.4311370849609375,-0.34181851148605347
p1280,process,,11,11,21,pre,post_odor,True,0.5913981199264526,4.602675437927246,-3.7965052127838135
p1280,process,,12,12,2,pre,post_odor,True,1.7154040336608887,4.880976676940918,-1.420780897140503
p1280,process,,13,13,39,pre,post_odor,True,1.2838189601898193,5.559208393096924,-1.7749812602996826
p1280,process,,14,14,1,pre,post_odor,True,1.1504895687103271,5.355100154876709,-2.095167636871338
p1280,process,,15,15,12,pre,post_odor,True,4.356731414794922,9.798123359680176,0.1255352795124054
p1280,process,,16,16,22,pre,post_odor,True,3.4908108711242676,6.819818496704102,0.6705018877983093
p1280,process,,17,17,10,pre,post_odor,True,2.0659687519073486,6.990207672119141,-0.5204822421073914
p1280,process,,18,18,17,pre,post_odor,True,3.1246821880340576,8.080365180969238,-0.39364778995513916
p1280,process,,19,19,31,pre,post_odor,True,2.407792091369629,8.258076667785645,-2.3662426471710205
p1280,process,,20,20,30,pre,post_odor,True,2.1793758869171143,4.956749439239502,-0.4531500041484833
p1280,process,,21,21,12,pre,post_odor,True,0.5069343447685242,3.810335636138916,-3.645780324935913
p1280,process,,22,22,22,pre,post_odor,True,2.389612913131714,5.553722381591797,-0.40937918424606323
p1280,process,,23,23,4,pre,post_odor,True,0.811153769493103,4.122066020965576,-1.0919667482376099
p1280,process,,24,24,0,pre,post_odor,True,1.491719126701355,7.473534107208252,-1.9445998668670654
p1280,process,,25,25,3,pre,post_odor,True,0.9005035758018494,3.817593574523926,-1.3560988903045654
p1280,process,,26,26,40,pre,post_odor,True,2.3772332668304443,6.330875873565674,-1.011967658996582
p1280,process,,27,27,10,pre,post_odor,True,-0.18742555379867554,3.312833786010742,-2.975670099258423
p1280,process,,28,28,21,pre,post_odor,True,1.1333404779434204,4.919773101806641,-1.9916863441467285
p1280,process,,29,29,18,pre,post_odor,True,2.0187299251556396,5.966536521911621,-0.8876723647117615
p1280,process,,30,30,18,pre,post_odor,True,1.047652244567871,3.6477274894714355,-1.7042521238327026
p1280,process,,31,31,0,pre,post_odor,True,0.476693332195282,3.031450033187866,-2.2893307209014893
p1280,process,,32,32,12,post,post_odor,True,-0.07988693565130234,1.1903096437454224,-1.1342142820358276
p1280,process,,33,33,18,post,post_odor,True,0.13172464072704315,1.4010114669799805,-1.187653660774231
p1280,process,,34,34,40,post,post_odor,True,0.061553169041872025,0.964902937412262,-1.370686650276184
p1280,process,,35,35,32,post,post_odor,True,-0.09163284301757812,1.1240342855453491,-0.9970332384109497
p1280,process,,36,36,31,post,post_odor,True,0.03948097303509712,1.5587968826293945,-1.1081793308258057
p1280,process,,37,37,0,post,post_odor,True,0.0955648347735405,1.221492052078247,-0.8782162070274353
p1280,process,,38,38,4,post,post_odor,True,0.21058598160743713,1.5763137340545654,-0.9382514953613281
p1280,process,,39,39,2,post,post_odor,True,0.0659441128373146,1.8593629598617554,-0.7243823409080505
p1280,process,,40,40,3,post,post_odor,True,0.00747434888035059,0.7803026437759399,-0.7918930053710938
p1280,process,,41,41,21,post,post_odor,True,2.50753116607666,6.709845066070557,0.07796932756900787
p1280,process,,42,42,31,post,post_odor,True,0.09983845055103302,1.352494716644287,-0.8982303142547607
p1280,process,,43,43,2,post,post_odor,True,0.020616106688976288,1.6275144815444946,-0.9510390162467957
p1280,process,,44,44,32,post,post_odor,True,0.03142397850751877,1.2465190887451172,-0.6279472708702087
p1280,process,,45,45,40,post,post_odor,True,-0.15703913569450378,0.9339491724967957,-1.109415888786316
p1280,process,,46,46,1,post,post_odor,True,-0.025274155661463737,1.4668662548065186,-0.9296075701713562
p1280,process,,47,47,0,post,post_odor,True,0.021716684103012085,1.7428817749023438,-0.7125906944274902
p1280,process,,48,48,22,post,post_odor,True,-0.014717922545969486,0.9140709042549133,-0.7403364181518555
p1280,process,,49,49,10,post,post_odor,True,0.0003536004514899105,1.3919323682785034,-0.8089178800582886
p1280,process,,50,50,1,post,post_odor,True,-0.03279568627476692,1.3797657489776611,-0.9461139440536499
p1280,process,,51,51,30,post,post_odor,True,0.26948437094688416,1.2846014499664307,-0.7920243740081787
p1280,process,,52,52,12,post,post_odor,True,0.1971239596605301,1.1145997047424316,-0.4507175385951996
p1280,process,,53,53,3,post,post_odor,True,0.09630880504846573,1.1479506492614746,-0.9993868470191956
p1280,process,,54,54,21,post,post_odor,True,1.6602047681808472,4.819649696350098,-0.27473077178001404
p1280,process,,55,55,22,post,post_odor,True,-0.07340472936630249,1.4545831680297852,-0.8390591740608215
p1280,process,,56,56,18,post,post_odor,True,0.11772871762514114,2.8283231258392334,-0.8139070868492126
p1280,process,,57,57,30,post,post_odor,True,0.22474993765354156,1.2766811847686768,-0.5478347539901733
p1280,process,,58,58,17,post,post_odor,True,0.13187657296657562,1.711649775505066,-0.7420008182525635
p1280,process,,59,59,39,post,post_odor,True,-0.061028774827718735,1.2720465660095215,-0.9144750833511353
p1280,process,,60,60,39,post,post_odor,True,0.010967842303216457,1.053208351135254,-0.8929080367088318
p1280,process,,61,61,17,post,post_odor,True,0.17994220554828644,1.215863585472107,-0.6090806126594543
p1280,process,,62,62,4,post,post_odor,True,0.034414563328027725,0.619428277015686,-0.8986240029335022
p1299,process,,0,0,39,pre,post_odor,True,1.9796202182769775,7.068935394287109,-1.9793843030929565
p1299,process,,1,1,17,pre,post_odor,True,-0.3803514242172241,3.1841540336608887,-2.7056663036346436
p1299,process,,2,2,32,pre,post_odor,True,3.576089859008789,10.306684494018555,-0.2311178594827652
p1299,process,,3,3,32,pre,post_odor,True,4.283923149108887,10.301319122314453,-0.7343223094940186
p1299,process,,4,4,30,pre,post_odor,True,4.188020706176758,10.651663780212402,-0.7633360028266907
p1299,process,,5,5,40,pre,post_odor,True,2.4384407997131348,6.652055263519287,-1.2061011791229248
p1299,process,,6,6,3,pre,post_odor,True,1.1189303398132324,5.827600955963135,-1.7126641273498535
p1299,process,,7,7,2,pre,post_odor,True,1.2627828121185303,4.756894588470459,-1.3424620628356934
p1299,process,,8,8,1,pre,post_odor,True,1.7469009160995483,8.794770240783691,-2.150404930114746
p1299,process,,9,9,4,pre,post_odor,True,0.9242467880249023,4.368258476257324,-0.9039501547813416
p1299,process,,10,10,31,pre,post_odor,True,3.057154417037964,9.155024528503418,-0.9343070983886719
p1299,process,,11,11,21,pre,post_odor,True,0.7381105422973633,3.3745691776275635,-2.3490452766418457
p1299,process,,12,12,2,pre,post_odor,True,0.5581690669059753,2.646627902984619,-2.0435688495635986
p1299,process,,13,13,39,pre,post_odor,True,1.4616557359695435,7.6989545822143555,-1.3021668195724487
p1299,process,,14,14,1,pre,post_odor,True,2.27172589302063,9.14641284942627,-1.2885315418243408
p1299,process,,15,15,12,pre,post_odor,True,2.6149559020996094,7.680034160614014,-0.7372493743896484
p1299,process,,16,16,22,pre,post_odor,True,0.435621440410614,3.4367775917053223,-2.2849583625793457
p1299,process,,17,17,10,pre,post_odor,True,-0.29731854796409607,2.494622230529785,-2.945791244506836
p1299,process,,18,18,17,pre,post_odor,True,1.2619571685791016,5.564103126525879,-1.2886346578598022
p1299,process,,19,19,31,pre,post_odor,True,0.0374024361371994,3.5208137035369873,-2.0453054904937744
p1299,process,,20,20,30,pre,post_odor,True,0.16083793342113495,4.5835652351379395,-2.116487503051758
p1299,process,,21,21,12,pre,post_odor,True,0.09335748851299286,4.925025939941406,-1.9360885620117188
p1299,process,,22,22,22,pre,post_odor,True,0.1056467816233635,3.9043796062469482,-2.605334520339966
p1299,process,,23,23,4,pre,post_odor,True,0.1058633029460907,2.661604166030884,-2.3651177883148193
p1299,process,,24,24,0,pre,post_odor,True,0.03942487761378288,2.472674608230591,-1.827779769897461
p1299,process,,25,25,3,pre,post_odor,True,0.42685386538505554,5.620444297790527,-1.9623095989227295
p1299,process,,26,26,40,pre,post_odor,True,1.4197176694869995,5.579108715057373,-1.1531323194503784
p1299,process,,27,27,10,pre,post_odor,True,0.052982546389102936,2.6519734859466553,-2.34189510345459
p1299,process,,28,28,21,pre,post_odor,True,0.7708188891410828,3.5200302600860596,-2.260842800140381
p1299,process,,29,29,18,pre,post_odor,True,0.025169117376208305,4.087420463562012,-1.9116380214691162
p1299,process,,30,30,18,pre,post_odor,True,-0.16391532123088837,2.7119364738464355,-2.2966551780700684
p1299,process,,31,31,0,pre,post_odor,True,-0.007095650304108858,3.52009654045105,-2.295198440551758
p1299,process,,32,32,12,post,post_odor,True,-0.083290696144104,1.5056848526000977,-1.2531315088272095
p1299,process,,33,33,18,post,post_odor,True,0.40711677074432373,1.8308870792388916,-1.121678352355957
p1299,process,,34,34,40,post,post_odor,True,-0.0006700754165649414,1.91379714012146,-1.346344232559204
p1299,process,,35,35,32,post,post_odor,True,-0.4029117524623871,1.8670235872268677,-1.8410991430282593
p1299,process,,36,36,31,post,post_odor,True,0.20557938516139984,2.211033582687378,-1.2294868230819702
p1299,process,,37,37,0,post,post_odor,True,-0.35903725028038025,1.3609317541122437,-1.422214388847351
p1299,process,,38,38,4,post,post_odor,True,-0.08748079091310501,2.446220636367798,-1.3269131183624268
p1299,process,,39,39,2,post,post_odor,True,-0.050116319209337234,1.987239122390747,-1.4571433067321777
p1299,process,,40,40,3,post,post_odor,True,0.1912645697593689,2.0330915451049805,-1.3829340934753418
p1299,process,,41,41,21,post,post_odor,True,0.3180158734321594,3.478339195251465,-1.4950940608978271
p1299,process,,42,42,31,post,post_odor,True,-0.0534532405436039,1.4723904132843018,-1.6012195348739624
p1299,process,,43,43,2,post,post_odor,True,0.177867591381073,2.1495206356048584,-1.1850007772445679
p1299,process,,44,44,32,post,post_odor,True,-0.08787477016448975,2.5957274436950684,-1.4069123268127441
p1299,process,,45,45,40,post,post_odor,True,0.11677682399749756,2.020528793334961,-1.1912591457366943
p1299,process,,46,46,1,post,post_odor,True,0.2273564636707306,2.1256489753723145,-1.2594197988510132
p1299,process,,47,47,0,post,post_odor,True,0.046297382563352585,3.4361321926116943,-1.3985505104064941
p1299,process,,48,48,22,post,post_odor,True,-0.05173506587743759,1.872759222984314,-1.1061136722564697
p1299,process,,49,49,10,post,post_odor,True,-0.0429205521941185,2.120734453201294,-1.5611240863800049
p1299,process,,50,50,1,post,post_odor,True,0.19968055188655853,1.9389679431915283,-1.2496384382247925
p1299,process,,51,51,30,post,post_odor,True,-0.1706705093383789,2.222203493118286,-1.3016890287399292
p1299,process,,52,52,12,post,post_odor,True,0.24588394165039062,2.340700626373291,-0.9958503842353821
p1299,process,,53,53,3,post,post_odor,True,-0.1171785369515419,1.2693884372711182,-1.2709118127822876
p1299,process,,54,54,21,post,post_odor,True,0.7182664275169373,2.667142629623413,-0.6027117371559143
p1299,process,,55,55,22,post,post_odor,True,0.10232935100793839,2.1171875,-0.8353233933448792
p1299,process,,56,56,18,post,post_odor,True,0.11885566264390945,1.6707340478897095,-1.0987941026687622
p1299,process,,57,57,30,post,post_odor,True,-0.03333495929837227,1.6997864246368408,-1.2315969467163086
p1299,process,,58,58,17,post,post_odor,True,0.04773816093802452,1.3756952285766602,-0.7485242486000061
p1299,process,,59,59,39,post,post_odor,True,0.30167078971862793,2.3981752395629883,-0.686825156211853
p1299,process,,60,60,39,post,post_odor,True,0.02193520963191986,1.2661030292510986,-0.7959490418434143
p1299,process,,61,61,17,post,post_odor,True,0.058824870735406876,1.710139274597168,-0.6971193552017212
p1299,process,,62,62,4,post,post_odor,True,0.043797120451927185,1.659178614616394,-0.6047256588935852
p1318,process,,0,0,39,pre,post_odor,True,1.65863037109375,5.41031551361084,-1.6221617460250854
p1318,process,,1,1,17,pre,post_odor,True,0.9082211256027222,3.833474636077881,-1.651915192604065
p1318,process,,2,2,32,pre,post_odor,True,0.8204347491264343,3.2172558307647705,-2.039210319519043
p1318,process,,3,3,32,pre,post_odor,True,1.754449486732483,4.988305568695068,-1.0905451774597168
p1318,process,,4,4,30,pre,post_odor,True,1.539538860321045,5.781031608581543,-2.4419891834259033
p1318,process,,5,5,40,pre,post_odor,True,1.274207353591919,4.905514717102051,-2.957329511642456
p1318,process,,6,6,3,pre,post_odor,True,2.0021557807922363,5.266098976135254,-0.6341931819915771
p1318,process,,7,7,2,pre,post_odor,True,1.1526124477386475,4.5973944664001465,-2.2028448581695557
p1318,process,,8,8,1,pre,post_odor,True,1.3405367136001587,5.529286861419678,-1.3076756000518799
p1318,process,,9,9,4,pre,post_odor,True,1.7764647006988525,5.459170341491699,-0.866231381893158
p1318,process,,10,10,31,pre,post_odor,True,1.2689098119735718,4.745850086212158,-1.2141002416610718
p1318,process,,11,11,21,pre,post_odor,True,0.5812873244285583,4.647974491119385,-2.653074264526367
p1318,process,,12,12,2,pre,post_odor,True,1.615604043006897,4.5574564933776855,-1.6551774740219116
p1318,process,,13,13,39,pre,post_odor,True,0.39347440004348755,4.354794502258301,-1.8328462839126587
p1318,process,,14,14,1,pre,post_odor,True,1.3461509943008423,5.090102195739746,-0.7607640027999878
p1318,process,,15,15,12,pre,post_odor,True,2.273158550262451,5.53585147857666,-0.8352312445640564
p1318,process,,16,16,22,pre,post_odor,True,1.8101048469543457,5.021586894989014,-1.488385558128357
p1318,process,,17,17,10,pre,post_odor,True,2.045055627822876,5.351412296295166,-1.0466879606246948
p1318,process,,18,18,17,pre,post_odor,True,0.6224701404571533,5.34498929977417,-2.6463775634765625
p1318,process,,19,19,31,pre,post_odor,True,2.7112724781036377,6.395084857940674,0.14037322998046875
p1318,process,,20,20,30,pre,post_odor,True,1.7491309642791748,4.880319118499756,-1.3849472999572754
p1318,process,,21,21,12,pre,post_odor,True,1.1890217065811157,4.065032005310059,-1.7535210847854614
p1318,process,,22,22,22,pre,post_odor,True,1.948555588722229,6.384495258331299,-0.9513980746269226
p1318,process,,23,23,4,pre,post_odor,True,1.691516399383545,4.85976505279541,-1.5446239709854126
p1318,process,,24,24,0,pre,post_odor,True,1.8694424629211426,5.014101028442383,-1.4454060792922974
p1318,process,,25,25,3,pre,post_odor,True,0.5984328985214233,5.233693599700928,-2.1276979446411133
p1318,process,,26,26,40,pre,post_odor,True,1.2081904411315918,4.916909694671631,-1.264954686164856
p1318,process,,27,27,10,pre,post_odor,True,2.6391122341156006,5.556198596954346,-1.5973131656646729
p1318,process,,28,28,21,pre,post_odor,True,1.7621444463729858,5.740329265594482,-0.37550318241119385
p1318,process,,29,29,18,pre,post_odor,True,-0.06165347248315811,3.1756742000579834,-2.895307779312134
p1318,process,,30,30,18,pre,post_odor,True,-0.9543322920799255,1.4294732809066772,-2.840437173843384
p1318,process,,31,31,0,pre,post_odor,True,1.2633627653121948,4.731844902038574,-1.0165044069290161
p1318,process,,32,32,12,post,post_odor,True,-0.13932879269123077,1.748139500617981,-1.0840860605239868
p1318,process,,33,33,18,post,post_odor,True,-0.04494062066078186,2.3511812686920166,-1.1986788511276245
p1318,process,,34,34,40,post,post_odor,True,-0.12829594314098358,1.4064210653305054,-1.3550776243209839
p1318,process,,35,35,32,post,post_odor,True,0.07393836230039597,2.2278265953063965,-1.1980538368225098
p1318,process,,36,36,31,post,post_odor,True,0.010088789276778698,1.6249300241470337,-1.1720942258834839
p1318,process,,37,37,0,post,post_odor,True,0.01009273063391447,1.8591668605804443,-1.129064917564392
p1318,process,,38,38,4,post,post_odor,True,-0.3628768026828766,0.7807875871658325,-1.1817872524261475
p1318,process,,39,39,2,post,post_odor,True,-0.06258808821439743,1.0614924430847168,-1.339704990386963
p1318,process,,40,40,3,post,post_odor,True,-0.06773364543914795,1.5007892847061157,-0.9889212846755981
p1318,process,,41,41,21,post,post_odor,True,2.037391424179077,5.287008285522461,-0.6741409301757812
p1318,process,,42,42,31,post,post_odor,True,-0.10706278681755066,2.2417092323303223,-1.0853209495544434
p1318,process,,43,43,2,post,post_odor,True,0.17368441820144653,2.224547863006592,-1.1232171058654785
p1318,process,,44,44,32,post,post_odor,True,0.09397386759519577,1.9023102521896362,-0.7606549263000488
p1318,process,,45,45,40,post,post_odor,True,-0.07324949651956558,1.3561137914657593,-1.0149275064468384
p1318,process,,46,46,1,post,post_odor,True,0.0028910087421536446,1.4864534139633179,-1.032143235206604
p1318,process,,47,47,0,post,post_odor,True,0.025622162967920303,1.8464860916137695,-1.323163628578186
p1318,process,,48,48,22,post,post_odor,True,-0.016154885292053223,1.9942318201065063,-1.2349518537521362
p1318,process,,49,49,10,post,post_odor,True,-0.06272220611572266,1.7629419565200806,-1.0048794746398926
p1318,process,,50,50,1,post,post_odor,True,0.06265232712030411,0.7977452874183655,-1.3142176866531372
p1318,process,,51,51,30,post,post_odor,True,-0.12595753371715546,1.5069825649261475,-1.1754611730575562
p1318,process,,52,52,12,post,post_odor,True,-0.013478956185281277,1.4005858898162842,-0.918364942073822
p1318,process,,53,53,3,post,post_odor,True,-0.13148172199726105,1.568399429321289,-1.3235960006713867
p1318,process,,54,54,21,post,post_odor,True,1.5506587028503418,4.584822654724121,-0.46847617626190186
p1318,process,,55,55,22,post,post_odor,True,-0.047336701303720474,1.9934113025665283,-1.1166832447052002
p1318,process,,56,56,18,post,post_odor,True,0.08194854110479355,1.4607601165771484,-1.1101301908493042
p1318,process,,57,57,30,post,post_odor,True,-0.0834796354174614,1.4223657846450806,-1.4481953382492065
p1318,process,,58,58,17,post,post_odor,True,0.1931370347738266,1.7886149883270264,-0.7122252583503723
p1318,process,,59,59,39,post,post_odor,True,0.014945970848202705,1.15322744846344,-1.1003086566925049
p1318,process,,60,60,39,post,post_odor,True,0.06162562221288681,1.469319224357605,-1.0474997758865356
p1318,process,,61,61,17,post,post_odor,True,-0.03267136961221695,1.3724454641342163,-0.9952746629714966
p1318,process,,62,62,4,post,post_odor,True,0.02518477477133274,1.6839178800582886,-0.9451416730880737
p1337,process,,0,0,39,pre,post_odor,True,0.4477773904800415,3.1629738807678223,-2.8402152061462402
p1337,process,,1,1,17,pre,post_odor,True,0.1725618839263916,2.7474958896636963,-1.9934660196304321
p1337,process,,2,2,32,pre,post_odor,True,-0.2781597077846527,1.9692295789718628,-2.515509605407715
p1337,process,,3,3,32,pre,post_odor,True,1.1696529388427734,5.004617214202881,-1.445617914199829
p1337,process,,4,4,30,pre,post_odor,True,0.5335075259208679,3.4276552200317383,-2.4171018600463867
p1337,process,,5,5,40,pre,post_odor,True,0.5208101272583008,3.8111817836761475,-3.367642402648926
p1337,process,,6,6,3,pre,post_odor,True,0.9858726859092712,4.193756103515625,-1.4810371398925781
p1337,process,,7,7,2,pre,post_odor,True,0.62004554271698,4.457189083099365,-2.0284476280212402
p1337,process,,8,8,1,pre,post_odor,True,0.08598919212818146,4.0674729347229,-3.1518499851226807
p1337,process,,9,9,4,pre,post_odor,True,0.9820162653923035,6.7058024406433105,-2.547069549560547
p1337,process,,10,10,31,pre,post_odor,True,0.9321887493133545,4.290998935699463,-2.513559103012085
p1337,process,,11,11,21,pre,post_odor,True,0.037253569811582565,3.1173148155212402,-2.9278063774108887
p1337,process,,12,12,2,pre,post_odor,True,0.32907161116600037,5.477665424346924,-2.736267566680908
p1337,process,,13,13,39,pre,post_odor,True,0.01727638952434063,3.525283098220825,-3.0760703086853027
p1337,process,,14,14,1,pre,post_odor,True,0.41217657923698425,5.014315605163574,-3.2266948223114014
p1337,process,,15,15,12,pre,post_odor,True,1.1046127080917358,5.361880302429199,-1.7841951847076416
p1337,process,,16,16,22,pre,post_odor,True,1.0028482675552368,4.873663902282715,-1.2693922519683838
p1337,process,,17,17,10,pre,post_odor,True,1.446097731590271,4.105731010437012,-1.1266785860061646
p1337,process,,18,18,17,pre,post_odor,True,1.309582233428955,5.549605846405029,-1.788564920425415
p1337,process,,19,19,31,pre,post_odor,True,0.5935267806053162,5.502569675445557,-2.993420362472534
p1337,process,,20,20,30,pre,post_odor,True,0.801495373249054,3.829880952835083,-2.5254037380218506
p1337,process,,21,21,12,pre,post_odor,True,0.5298847556114197,3.722935914993286,-2.5980722904205322
p1337,process,,22,22,22,pre,post_odor,True,0.4782581627368927,4.009228229522705,-2.618241310119629
p1337,process,,23,23,4,pre,post_odor,True,0.6171631217002869,3.0021862983703613,-2.2353997230529785
p1337,process,,24,24,0,pre,post_odor,True,0.9011167883872986,4.915599346160889,-1.6277040243148804
p1337,process,,25,25,3,pre,post_odor,True,0.5205841660499573,3.4612669944763184,-1.8866190910339355
p1337,process,,26,26,40,pre,post_odor,True,0.43021848797798157,2.961865186691284,-1.9915193319320679
p1337,process,,27,27,10,pre,post_odor,True,0.11018524318933487,3.0701706409454346,-2.6136672496795654
p1337,process,,28,28,21,pre,post_odor,True,0.44009438157081604,3.570605516433716,-1.9075021743774414
p1337,process,,29,29,18,pre,post_odor,True,-0.04555124416947365,1.5628809928894043,-2.3521904945373535
p1337,process,,30,30,18,pre,post_odor,True,0.33757448196411133,3.784792900085449,-1.5927752256393433
p1337,process,,31,31,0,pre,post_odor,True,0.583861231803894,3.0364227294921875,-1.3152538537979126
p1337,process,,32,32,12,post,post_odor,True,0.10695475339889526,1.6813093423843384,-0.7608708739280701
p1337,process,,33,33,18,post,post_odor,True,0.09639453142881393,1.9008290767669678,-0.9924196004867554
p1337,process,,34,34,40,post,post_odor,True,0.09004799276590347,1.245287299156189,-0.8931275606155396
p1337,process,,35,35,32,post,post_odor,True,-0.13111908733844757,1.1150500774383545,-1.1756973266601562
p1337,process,,36,36,31,post,post_odor,True,-0.002329018199816346,1.787422776222229,-0.8769345879554749
p1337,process,,37,37,0,post,post_odor,True,0.007172833662480116,2.037051200866699,-0.9849186539649963
p1337,process,,38,38,4,post,post_odor,True,0.19257286190986633,1.2796887159347534,-0.8184632658958435
p1337,process,,39,39,2,post,post_odor,True,-0.1146465539932251,0.8571487665176392,-1.0802866220474243
p1337,process,,40,40,3,post,post_odor,True,0.19666215777397156,1.1470125913619995,-1.1437454223632812
p1337,process,,41,41,21,post,post_odor,True,1.3587762117385864,3.165921449661255,-0.22225350141525269
p1337,process,,42,42,31,post,post_odor,True,-0.08533085137605667,2.357226848602295,-1.064078688621521
p1337,process,,43,43,2,post,post_odor,True,-0.08280420303344727,1.036546230316162,-1.0413464307785034
p1337,process,,44,44,32,post,post_odor,True,0.03271930664777756,1.5273491144180298,-0.9332002401351929
p1337,process,,45,45,40,post,post_odor,True,0.09995730966329575,1.2361811399459839,-0.9643602967262268
p1337,process,,46,46,1,post,post_odor,True,0.09912832826375961,2.094506025314331,-1.12116277217865
p1337,process,,47,47,0,post,post_odor,True,0.17719204723834991,1.5908128023147583,-0.9433136582374573
p1337,process,,48,48,22,post,post_odor,True,0.018626920878887177,1.3495713472366333,-0.9871803522109985
p1337,process,,49,49,10,post,post_odor,True,0.07386794686317444,1.816090703010559,-0.9605638384819031
p1337,process,,50,50,1,post,post_odor,True,0.10958345234394073,1.2860902547836304,-0.8059878945350647
p1337,process,,51,51,30,post,post_odor,True,0.19267886877059937,2.467897653579712,-0.9220225811004639
p1337,process,,52,52,12,post,post_odor,True,0.07394084334373474,1.6274137496948242,-0.8326563239097595
p1337,process,,53,53,3,post,post_odor,True,0.16994264721870422,1.2955617904663086,-0.9802433252334595
p1337,process,,54,54,21,post,post_odor,True,1.1795111894607544,3.5621113777160645,-0.8448781967163086
p1337,process,,55,55,22,post,post_odor,True,0.04518580064177513,1.409703016281128,-1.0660585165023804
p1337,process,,56,56,18,post,post_odor,True,0.17958964407444,1.8135900497436523,-0.776008665561676
p1337,process,,57,57,30,post,post_odor,True,0.26875126361846924,2.492072582244873,-0.7373383641242981
p1337,process,,58,58,17,post,post_odor,True,0.08610942214727402,1.1308507919311523,-1.1151326894760132
p1337,process,,59,59,39,post,post_odor,True,0.08787789195775986,2.1145005226135254,-0.7701165676116943
p1337,process,,60,60,39,post,post_odor,True,-0.03928503766655922,1.4031709432601929,-0.9944024085998535
p1337,process,,61,61,17,post,post_odor,True,-0.07131031155586243,1.4973151683807373,-0.8828116059303284
p1337,process,,62,62,4,post,post_odor,True,-0.01242850348353386,1.7068318128585815,-0.8321641087532043
p1356,process,,0,0,39,pre,post_odor,True,2.534207820892334,4.987747669219971,-0.39382848143577576
p1356,process,,1,1,17,pre,post_odor,True,2.4230334758758545,4.54292106628418,-0.35602399706840515
p1356,process,,2,2,32,pre,post_odor,True,3.9365813732147217,8.718548774719238,0.29714423418045044
p1356,process,,3,3,32,pre,post_odor,True,5.243773937225342,10.348392486572266,1.6747117042541504
p1356,process,,4,4,30,pre,post_odor,True,3.9592394828796387,8.165828704833984,0.5981950163841248
p1356,process,,5,5,40,pre,post_odor,True,3.346750497817993,6.712003707885742,-0.5169779062271118
p1356,process,,6,6,3,pre,post_odor,True,6.44731330871582,10.518651008605957,2.1754708290100098
p1356,process,,7,7,2,pre,post_odor,True,4.236846446990967,8.11825942993164,0.337427020072937
p1356,process,,8,8,1,pre,post_odor,True,3.1165995597839355,6.889647006988525,-1.420127272605896
p1356,process,,9,9,4,pre,post_odor,True,5.107390880584717,7.31061315536499,2.765510320663452
p1356,process,,10,10,31,pre,post_odor,True,6.907569408416748,12.451919555664062,2.6438183784484863
p1356,process,,11,11,21,pre,post_odor,True,2.886319875717163,6.184621334075928,-0.015839459374547005
p1356,process,,12,12,2,pre,post_odor,True,3.8296101093292236,6.2090888023376465,1.0700477361679077
p1356,process,,13,13,39,pre,post_odor,True,2.021960735321045,5.485806465148926,-1.101636528968811
p1356,process,,14,14,1,pre,post_odor,True,2.807933807373047,7.351862907409668,-0.9963884949684143
p1356,process,,15,15,12,pre,post_odor,True,7.084519863128662,13.740151405334473,2.035837411880493
p1356,process,,16,16,22,pre,post_odor,True,7.787569522857666,12.342948913574219,3.4455161094665527
p1356,process,,17,17,10,pre,post_odor,True,4.944637775421143,9.408689498901367,2.0834577083587646
p1356,process,,18,18,17,pre,post_odor,True,4.138538360595703,8.886341094970703,-0.22256316244602203
p1356,process,,19,19,31,pre,post_odor,True,8.657698631286621,17.167009353637695,1.8210992813110352
p1356,process,,20,20,30,pre,post_odor,True,3.855370044708252,8.779341697692871,0.8195210695266724
p1356,process,,21,21,12,pre,post_odor,True,3.4787962436676025,8.072427749633789,0.04962029308080673
p1356,process,,22,22,22,pre,post_odor,True,8.260376930236816,16.607025146484375,2.5566978454589844
p1356,process,,23,23,4,pre,post_odor,True,4.468959808349609,7.590964317321777,2.199949026107788
p1356,process,,24,24,0,pre,post_odor,True,4.686290264129639,10.027071952819824,0.4491349756717682
p1356,process,,25,25,3,pre,post_odor,True,3.922279119491577,8.23856258392334,-1.57481050491333
p1356,process,,26,26,40,pre,post_odor,True,4.498044967651367,9.717820167541504,1.3681548833847046
p1356,process,,27,27,10,pre,post_odor,True,3.444849729537964,9.670384407043457,0.3030696511268616
p1356,process,,28,28,21,pre,post_odor,True,5.265188217163086,10.454068183898926,1.3584940433502197
p1356,process,,29,29,18,pre,post_odor,True,3.821544647216797,6.902923107147217,1.2041841745376587
p1356,process,,30,30,18,pre,post_odor,True,-1.4920226335525513,0.8582354187965393,-3.377744197845459
p1356,process,,31,31,0,pre,post_odor,True,3.8840742111206055,8.134702682495117,-0.07700429111719131
p1356,process,,32,32,12,post,post_odor,True,0.41238540410995483,2.363373279571533,-1.3880102634429932
p1356,process,,33,33,18,post,post_odor,True,0.6399180293083191,2.0061333179473877,-0.7678683996200562
p1356,process,,34,34,40,post,post_odor,True,0.07886586338281631,1.4121354818344116,-1.0402368307113647
p1356,process,,35,35,32,post,post_odor,True,0.47932320833206177,1.8912183046340942,-0.7182934284210205
p1356,process,,36,36,31,post,post_odor,True,0.285702109336853,2.220993757247925,-1.0273587703704834
p1356,process,,37,37,0,post,post_odor,True,0.24273820221424103,1.4113930463790894,-1.0592396259307861
p1356,process,,38,38,4,post,post_odor,True,0.34298476576805115,1.6065665483474731,-0.5303575992584229
p1356,process,,39,39,2,post,post_odor,True,-0.06320702284574509,1.1856449842453003,-1.3225209712982178
p1356,process,,40,40,3,post,post_odor,True,0.18265891075134277,1.2439570426940918,-1.1834172010421753
p1356,process,,41,41,21,post,post_odor,True,2.348442792892456,4.232442855834961,0.43541744351387024
p1356,process,,42,42,31,post,post_odor,True,0.3344481289386749,2.039642095565796,-1.014003872871399
p1356,process,,43,43,2,post,post_odor,True,0.04592043161392212,1.211552381515503,-0.7075468301773071
p1356,process,,44,44,32,post,post_odor,True,0.4474847912788391,1.701350212097168,-0.4554567337036133
p1356,process,,45,45,40,post,post_odor,True,0.016512969508767128,1.3669297695159912,-1.0806338787078857
p1356,process,,46,46,1,post,post_odor,True,-0.053350239992141724,1.4294630289077759,-0.966303825378418
p1356,process,,47,47,0,post,post_odor,True,-0.1389887034893036,1.1241884231567383,-1.2563750743865967
p1356,process,,48,48,22,post,post_odor,True,0.2596628665924072,1.1821037530899048,-0.7022209763526917
p1356,process,,49,49,10,post,post_odor,True,-0.1653193086385727,1.3516520261764526,-1.7298091650009155
p1356,process,,50,50,1,post,post_odor,True,0.11898106336593628,0.9388445019721985,-0.8681039214134216
p1356,process,,51,51,30,post,post_odor,True,0.17933455109596252,1.615972638130188,-0.8037116527557373
p1356,process,,52,52,12,post,post_odor,True,0.04569563269615173,0.8828826546669006,-1.0769004821777344
p1356,process,,53,53,3,post,post_odor,True,0.20122723281383514,1.4141030311584473,-0.8379784226417542
p1356,process,,54,54,21,post,post_odor,True,1.4839564561843872,3.3891818523406982,-0.20198386907577515
p1356,process,,55,55,22,post,post_odor,True,0.40427836775779724,1.307492971420288,-0.6819087266921997
p1356,process,,56,56,18,post,post_odor,True,0.1991065889596939,1.342515230178833,-0.6614220142364502
p1356,process,,57,57,30,post,post_odor,True,0.04951693117618561,1.2704999446868896,-0.9665547609329224
p1356,process,,58,58,17,post,post_odor,True,0.3367503583431244,1.9711815118789673,-0.807454526424408
p1356,process,,59,59,39,post,post_odor,True,0.015274803154170513,1.0594478845596313,-0.732771635055542
p1356,process,,60,60,39,post,post_odor,True,0.07166476547718048,1.830763339996338,-0.8419312834739685
p1356,process,,61,61,17,post,post_odor,True,0.4024718701839447,1.6991947889328003,-0.49531012773513794
p1356,process,,62,62,4,post,post_odor,True,0.07142288237810135,1.2559982538223267,-0.9393894672393799
p1375,process,,0,0,39,pre,post_odor,True,4.059046268463135,12.049193382263184,-0.16425137221813202
p1375,process,,1,1,17,pre,post_odor,True,0.38823258876800537,5.360712051391602,-3.1196305751800537
p1375,process,,2,2,32,pre,post_odor,True,5.242555141448975,11.218754768371582,-0.14963674545288086
p1375,process,,3,3,32,pre,post_odor,True,5.061367988586426,13.448097229003906,-1.0454719066619873
p1375,process,,4,4,30,pre,post_odor,True,5.664013385772705,12.75570297241211,0.489236056804657
p1375,process,,5,5,40,pre,post_odor,True,3.444629192352295,11.915175437927246,-1.0701347589492798
p1375,process,,6,6,3,pre,post_odor,True,1.4034249782562256,5.2242255210876465,-1.711225152015686
p1375,process,,7,7,2,pre,post_odor,True,1.9690542221069336,5.303327560424805,-1.1530654430389404
p1375,process,,8,8,1,pre,post_odor,True,3.1926565170288086,14.101365089416504,-1.9577345848083496
p1375,process,,9,9,4,pre,post_odor,True,1.0466676950454712,4.331787586212158,-1.841273546218872
p1375,process,,10,10,31,pre,post_odor,True,4.996358394622803,13.018574714660645,-0.9627594947814941
p1375,process,,11,11,21,pre,post_odor,True,1.0366268157958984,4.680211544036865,-1.6701091527938843
p1375,process,,12,12,2,pre,post_odor,True,0.9213094711303711,5.192862510681152,-1.9698535203933716
p1375,process,,13,13,39,pre,post_odor,True,2.9648756980895996,6.830801963806152,-1.2012522220611572
p1375,process,,14,14,1,pre,post_odor,True,3.8085193634033203,12.329765319824219,-1.4612793922424316
p1375,process,,15,15,12,pre,post_odor,True,4.321084976196289,14.265564918518066,0.18221962451934814
p1375,process,,16,16,22,pre,post_odor,True,1.0217024087905884,5.403335094451904,-2.04360032081604
p1375,process,,17,17,10,pre,post_odor,True,0.19976158440113068,4.066154479980469,-1.5725289583206177
p1375,process,,18,18,17,pre,post_odor,True,1.4786914587020874,4.180139064788818,-2.34316086769104
p1375,process,,19,19,31,pre,post_odor,True,1.159741759300232,3.722454071044922,-1.6714506149291992
p1375,process,,20,20,30,pre,post_odor,True,1.0261551141738892,5.821073532104492,-2.23380708694458
p1375,process,,21,21,12,pre,post_odor,True,0.05258094146847725,3.698857307434082,-2.2536845207214355
p1375,process,,22,22,22,pre,post_odor,True,0.7036004662513733,4.5935378074646,-1.4338021278381348
p1375,process,,23,23,4,pre,post_odor,True,0.15443721413612366,2.5784363746643066,-2.082313060760498
p1375,process,,24,24,0,pre,post_odor,True,0.38185063004493713,4.271339416503906,-2.593883514404297
p1375,process,,25,25,3,pre,post_odor,True,0.4611429274082184,3.2581946849823,-2.805454730987549
p1375,process,,26,26,40,pre,post_odor,True,3.258953094482422,7.677005767822266,0.31397879123687744
p1375,process,,27,27,10,pre,post_odor,True,-0.2821275591850281,2.3803064823150635,-2.3959639072418213
p1375,process,,28,28,21,pre,post_odor,True,1.442684292793274,3.9934604167938232,-1.786277413368225
p1375,process,,29,29,18,pre,post_odor,True,-0.0469125360250473,2.0803451538085938,-1.6681342124938965
p1375,process,,30,30,18,pre,post_odor,True,-0.2652612328529358,2.79142427444458,-2.034297466278076
p1375,process,,31,31,0,pre,post_odor,True,0.32352325320243835,3.845935344696045,-2.383307695388794
p1375,process,,32,32,12,post,post_odor,True,-0.12706874310970306,2.0462982654571533,-1.4076894521713257
p1375,process,,33,33,18,post,post_odor,True,0.3145100176334381,3.650705337524414,-1.5350216627120972
p1375,process,,34,34,40,post,post_odor,True,-0.2385600209236145,1.4326331615447998,-1.6084558963775635
p1375,process,,35,35,32,post,post_odor,True,0.12730170786380768,2.981541395187378,-1.2610963582992554
p1375,process,,36,36,31,post,post_odor,True,0.3258007764816284,2.2539021968841553,-1.3008887767791748
p1375,process,,37,37,0,post,post_odor,True,0.25826963782310486,3.6474039554595947,-1.5807825326919556
p1375,process,,38,38,4,post,post_odor,True,0.34139853715896606,3.425152063369751,-1.2565380334854126
p1375,process,,39,39,2,post,post_odor,True,-0.08158757537603378,1.9100680351257324,-1.767513394355774
p1375,process,,40,40,3,post,post_odor,True,-0.15035712718963623,1.9349019527435303,-1.7176343202590942
p1375,process,,41,41,21,post,post_odor,True,0.28918319940567017,2.578856945037842,-1.5884507894515991
p1375,process,,42,42,31,post,post_odor,True,0.2957991659641266,2.1630067825317383,-1.5417548418045044
p1375,process,,43,43,2,post,post_odor,True,-0.0003651614242698997,3.136669397354126,-1.5638810396194458
p1375,process,,44,44,32,post,post_odor,True,0.3391437530517578,2.924516439437866,-1.8416571617126465
p1375,process,,45,45,40,post,post_odor,True,0.13576044142246246,2.402693748474121,-1.1164308786392212
p1375,process,,46,46,1,post,post_odor,True,-0.18891310691833496,2.5730433464050293,-1.857215166091919
p1375,process,,47,47,0,post,post_odor,True,0.08974453061819077,2.1711978912353516,-1.5172821283340454
p1375,process,,48,48,22,post,post_odor,True,-0.09070275723934174,2.9668126106262207,-2.1942050457000732
p1375,process,,49,49,10,post,post_odor,True,-0.301902711391449,1.878915548324585,-2.250185966491699
p1375,process,,50,50,1,post,post_odor,True,-0.29970934987068176,1.7703067064285278,-2.313188076019287
p1375,process,,51,51,30,post,post_odor,True,0.06546416133642197,1.9330791234970093,-1.7734789848327637
p1375,process,,52,52,12,post,post_odor,True,0.299063503742218,2.9015917778015137,-1.577073097229004
p1375,process,,53,53,3,post,post_odor,True,-0.03849880397319794,2.0020885467529297,-1.9979486465454102
p1375,process,,54,54,21,post,post_odor,True,0.4079594314098358,3.8058154582977295,-1.3346266746520996
p1375,process,,55,55,22,post,post_odor,True,0.005997875705361366,2.108772039413452,-1.53745698928833
p1375,process,,56,56,18,post,post_odor,True,-0.18650081753730774,1.4587340354919434,-1.4381065368652344
p1375,process,,57,57,30,post,post_odor,True,-0.021324316039681435,2.6290740966796875,-2.0934102535247803
p1375,process,,58,58,17,post,post_odor,True,0.11382646858692169,2.5121209621429443,-2.060861110687256
p1375,process,,59,59,39,post,post_odor,True,0.19710473716259003,1.6328259706497192,-1.3004263639450073
p1375,process,,60,60,39,post,post_odor,True,0.30146026611328125,2.37996244430542,-1.2404334545135498
p1375,process,,61,61,17,post,post_odor,True,-0.08098411560058594,1.268488883972168,-1.2361822128295898
p1375,process,,62,62,4,post,post_odor,True,0.18447113037109375,2.753848075866699,-1.2058558464050293
p1394,process,,0,0,39,pre,post_odor,True,0.7983542680740356,3.6114559173583984,-2.4886279106140137
p1394,process,,1,1,17,pre,post_odor,True,1.7002393007278442,6.201794624328613,-1.8222999572753906
p1394,process,,2,2,32,pre,post_odor,True,0.4251295328140259,3.000023603439331,-2.821011781692505
p1394,process,,3,3,32,pre,post_odor,True,1.247800588607788,4.767612934112549,-2.0517868995666504
p1394,process,,4,4,30,pre,post_odor,True,0.34870582818984985,4.451322078704834,-3.048767328262329
p1394,process,,5,5,40,pre,post_odor,True,0.8896474838256836,5.706948757171631,-3.014963388442993
p1394,process,,6,6,3,pre,post_odor,True,0.9300763607025146,5.8497724533081055,-2.0642755031585693
p1394,process,,7,7,2,pre,post_odor,True,0.39868736267089844,2.864622116088867,-1.9212499856948853
p1394,process,,8,8,1,pre,post_odor,True,-0.7999154925346375,2.0590357780456543,-3.1994080543518066
p1394,process,,9,9,4,pre,post_odor,True,1.3184576034545898,4.283993244171143,-1.2609531879425049
p1394,process,,10,10,31,pre,post_odor,True,2.0050125122070312,6.235956192016602,-1.4121439456939697
p1394,process,,11,11,21,pre,post_odor,True,0.45536643266677856,3.873197078704834,-2.859724283218384
p1394,process,,12,12,2,pre,post_odor,True,-0.11339477449655533,3.134777784347534,-2.9280881881713867
p1394,process,,13,13,39,pre,post_odor,True,1.1171586513519287,5.486429691314697,-1.5696274042129517
p1394,process,,14,14,1,pre,post_odor,True,0.9724221229553223,4.091678619384766,-1.9117730855941772
p1394,process,,15,15,12,pre,post_odor,True,1.9602878093719482,6.953076362609863,-1.4228895902633667
p1394,process,,16,16,22,pre,post_odor,True,1.300645112991333,6.877601146697998,-3.0992560386657715
p1394,process,,17,17,10,pre,post_odor,True,-0.25351682305336,3.98306941986084,-3.4208459854125977
p1394,process,,18,18,17,pre,post_odor,True,1.9980520009994507,5.815083026885986,-0.7857829332351685
p1394,process,,19,19,31,pre,post_odor,True,0.4783839285373688,4.66307258605957,-2.69098162651062
p1394,process,,20,20,30,pre,post_odor,True,0.48722732067108154,3.5393874645233154,-2.2435855865478516
p1394,process,,21,21,12,pre,post_odor,True,-0.2945941388607025,2.525749444961548,-2.1215250492095947
p1394,process,,22,22,22,pre,post_odor,True,0.574869692325592,4.673447608947754,-2.196251630783081
p1394,process,,23,23,4,pre,post_odor,True,0.2843584418296814,2.973675489425659,-3.237973928451538
p1394,process,,24,24,0,pre,post_odor,True,-0.10244080424308777,4.595392227172852,-4.313106536865234
p1394,process,,25,25,3,pre,post_odor,True,0.0012729261070489883,4.181645393371582,-2.853579044342041
p1394,process,,26,26,40,pre,post_odor,True,0.09113600105047226,3.0957303047180176,-3.904524564743042
p1394,process,,27,27,10,pre,post_odor,True,-0.19329772889614105,3.2775206565856934,-2.705980062484741
p1394,process,,28,28,21,pre,post_odor,True,-0.13588272035121918,3.9890809059143066,-3.2010324001312256
p1394,process,,29,29,18,pre,post_odor,True,0.2947578430175781,3.12227463722229,-2.581408977508545
p1394,process,,30,30,18,pre,post_odor,True,0.5389643311500549,3.297293186187744,-2.015543222427368
p1394,process,,31,31,0,pre,post_odor,True,-0.06859396398067474,3.92988920211792,-2.262862205505371
p1394,process,,32,32,12,post,post_odor,True,0.16967782378196716,1.754628300666809,-0.7396364212036133
p1394,process,,33,33,18,post,post_odor,True,0.5755197405815125,2.0567002296447754,-0.46825355291366577
p1394,process,,34,34,40,post,post_odor,True,0.0008812371524982154,0.9750619530677795,-1.1848633289337158
p1394,process,,35,35,32,post,post_odor,True,0.11695143580436707,1.5546537637710571,-0.7247176766395569
p1394,process,,36,36,31,post,post_odor,True,0.1319558173418045,1.6891586780548096,-0.8607518672943115
p1394,process,,37,37,0,post,post_odor,True,0.10693294554948807,2.4408578872680664,-0.8647452592849731
p1394,process,,38,38,4,post,post_odor,True,0.18345239758491516,1.4346668720245361,-0.6077892184257507
p1394,process,,39,39,2,post,post_odor,True,-0.017856677994132042,1.3266526460647583,-0.8308751583099365
p1394,process,,40,40,3,post,post_odor,True,0.03808283805847168,1.4808436632156372,-0.9346392750740051
p1394,process,,41,41,21,post,post_odor,True,1.5532070398330688,4.306050777435303,-0.29204264283180237
p1394,process,,42,42,31,post,post_odor,True,0.05343254283070564,1.1166861057281494,-0.9001726508140564
p1394,process,,43,43,2,post,post_odor,True,-0.031602952629327774,1.027748942375183,-0.7573811411857605
p1394,process,,44,44,32,post,post_odor,True,0.05843736603856087,1.5039498805999756,-0.8348973393440247
p1394,process,,45,45,40,post,post_odor,True,0.06277060508728027,1.09152090549469,-0.7290023565292358
p1394,process,,46,46,1,post,post_odor,True,0.15532654523849487,1.3661547899246216,-0.5953575968742371
p1394,process,,47,47,0,post,post_odor,True,0.03784627839922905,1.1449021100997925,-0.8216840624809265
p1394,process,,48,48,22,post,post_odor,True,0.13995952904224396,1.5974327325820923,-0.6904433369636536
p1394,process,,49,49,10,post,post_odor,True,0.037328146398067474,1.4743307828903198,-0.7437677383422852
p1394,process,,50,50,1,post,post_odor,True,0.06892425566911697,1.286346435546875,-1.0035618543624878
p1394,process,,51,51,30,post,post_odor,True,0.22258897125720978,1.6354039907455444,-0.8216094970703125
p1394,process,,52,52,12,post,post_odor,True,-0.03968137875199318,1.2392659187316895,-0.9189155101776123
p1394,process,,53,53,3,post,post_odor,True,-0.01772443950176239,1.4786577224731445,-0.8962746858596802
p1394,process,,54,54,21,post,post_odor,True,1.4058468341827393,4.153021335601807,-0.18442708253860474
p1394,process,,55,55,22,post,post_odor,True,0.11049465090036392,1.1456120014190674,-0.7228468060493469
p1394,process,,56,56,18,post,post_odor,True,0.10300439596176147,1.321210265159607,-0.8702090978622437
p1394,process,,57,57,30,post,post_odor,True,-0.03398559242486954,1.1708704233169556,-0.7434120178222656
p1394,process,,58,58,17,post,post_odor,True,0.15933066606521606,1.9122979640960693,-0.7774212956428528
p1394,process,,59,59,39,post,post_odor,True,0.07692986726760864,1.1463149785995483,-0.6829057931900024
p1394,process,,60,60,39,post,post_odor,True,0.14442308247089386,1.549601435661316,-0.7459861636161804
p1394,process,,61,61,17,post,post_odor,True,0.15785621106624603,1.25828218460083,-0.8984307050704956
p1394,process,,62,62,4,post,post_odor,True,0.056107450276613235,1.236006736755371,-0.767546534538269
p1413,process,,0,0,39,pre,post_odor,True,0.7010365724563599,3.2942709922790527,-1.2669050693511963
p1413,process,,1,1,17,pre,post_odor,True,1.3513014316558838,4.4376654624938965,-2.440061330795288
p1413,process,,2,2,32,pre,post_odor,True,0.9452781081199646,3.832636594772339,-1.5176447629928589
p1413,process,,3,3,32,pre,post_odor,True,0.9986419677734375,4.070520401000977,-1.6621350049972534
p1413,process,,4,4,30,pre,post_odor,True,0.22853215038776398,4.225550174713135,-2.3722074031829834
p1413,process,,5,5,40,pre,post_odor,True,0.593846321105957,3.855396032333374,-2.2670512199401855
p1413,process,,6,6,3,pre,post_odor,True,1.9778382778167725,4.731779098510742,-0.3637278974056244
p1413,process,,7,7,2,pre,post_odor,True,1.2403737306594849,5.186830520629883,-2.5847818851470947
p1413,process,,8,8,1,pre,post_odor,True,-0.19433709979057312,2.599374294281006,-3.4138295650482178
p1413,process,,9,9,4,pre,post_odor,True,2.1479947566986084,5.462879180908203,-1.0078829526901245
p1413,process,,10,10,31,pre,post_odor,True,2.040111541748047,6.056985855102539,-1.4733227491378784
p1413,process,,11,11,21,pre,post_odor,True,0.5186619758605957,3.8302204608917236,-2.397601842880249
p1413,process,,12,12,2,pre,post_odor,True,0.2049979567527771,3.672030448913574,-2.613792896270752
p1413,process,,13,13,39,pre,post_odor,True,0.5299379229545593,3.372133493423462,-2.1016745567321777
p1413,process,,14,14,1,pre,post_odor,True,1.418887734413147,5.151408672332764,-1.7549400329589844
p1413,process,,15,15,12,pre,post_odor,True,2.471599817276001,6.412410736083984,-1.0390335321426392
p1413,process,,16,16,22,pre,post_odor,True,2.5936572551727295,6.523514747619629,-1.3772722482681274
p1413,process,,17,17,10,pre,post_odor,True,0.026439933106303215,4.581955909729004,-3.838041305541992
p1413,process,,18,18,17,pre,post_odor,True,2.2778947353363037,6.228633880615234,-0.11913926899433136
p1413,process,,19,19,31,pre,post_odor,True,1.0811070203781128,7.1274800300598145,-1.940016508102417
p1413,process,,20,20,30,pre,post_odor,True,0.8490627408027649,4.277245044708252,-1.6959733963012695
p1413,process,,21,21,12,pre,post_odor,True,-0.5852503776550293,2.194249153137207,-2.912531852722168
p1413,process,,22,22,22,pre,post_odor,True,1.031184196472168,4.1826171875,-2.445525884628296
p1413,process,,23,23,4,pre,post_odor,True,0.16749761998653412,3.702399492263794,-3.134120464324951
p1413,process,,24,24,0,pre,post_odor,True,-0.2383861541748047,4.082612991333008,-2.9533755779266357
p1413,process,,25,25,3,pre,post_odor,True,0.4072762727737427,2.9241762161254883,-2.3932254314422607
p1413,process,,26,26,40,pre,post_odor,True,0.9706590175628662,5.38761043548584,-1.8405609130859375
p1413,process,,27,27,10,pre,post_odor,True,-0.4918929934501648,2.5966837406158447,-2.892462968826294
p1413,process,,28,28,21,pre,post_odor,True,1.2031883001327515,5.284506797790527,-1.1630871295928955
p1413,process,,29,29,18,pre,post_odor,True,1.4970006942749023,4.409050941467285,-1.1581026315689087
p1413,process,,30,30,18,pre,post_odor,True,0.33325719833374023,2.202054977416992,-2.5002849102020264
p1413,process,,31,31,0,pre,post_odor,True,0.24109505116939545,3.4891245365142822,-2.2277073860168457
p1413,process,,32,32,12,post,post_odor,True,0.03019772842526436,1.1957364082336426,-0.8633878827095032
p1413,process,,33,33,18,post,post_odor,True,0.2752155363559723,1.7849111557006836,-0.6890719532966614
p1413,process,,34,34,40,post,post_odor,True,0.1755383312702179,1.4044609069824219,-0.527891993522644
p1413,process,,35,35,32,post,post_odor,True,0.17177914083003998,1.5879262685775757,-0.4863119125366211
p1413,process,,36,36,31,post,post_odor,True,0.04477403312921524,0.9364346861839294,-0.7607871890068054
p1413,process,,37,37,0,post,post_odor,True,0.09385218471288681,1.3908439874649048,-0.863505482673645
p1413,process,,38,38,4,post,post_odor,True,0.05297752842307091,0.9559903740882874,-0.9615215063095093
p1413,process,,39,39,2,post,post_odor,True,0.12298749387264252,1.2898598909378052,-0.6618216037750244
p1413,process,,40,40,3,post,post_odor,True,0.060135748237371445,0.9616950154304504,-0.6370311379432678
p1413,process,,41,41,21,post,post_odor,True,1.4173163175582886,3.250397205352783,-0.14183029532432556
p1413,process,,42,42,31,post,post_odor,True,-0.13150128722190857,0.8004799485206604,-0.8922188878059387
p1413,process,,43,43,2,post,post_odor,True,-0.06971622258424759,0.9962542653083801,-0.8178632259368896
p1413,process,,44,44,32,post,post_odor,True,0.05570303276181221,0.9450430870056152,-0.8134680986404419
p1413,process,,45,45,40,post,post_odor,True,-0.1895153969526291,0.6495313048362732,-0.9276620149612427
p1413,process,,46,46,1,post,post_odor,True,-0.02315521240234375,0.9126282930374146,-0.8818756341934204
p1413,process,,47,47,0,post,post_odor,True,-0.017781516537070274,1.1450756788253784,-0.6868464946746826
p1413,process,,48,48,22,post,post_odor,True,0.0992719829082489,1.380058765411377,-0.7996726632118225
p1413,process,,49,49,10,post,post_odor,True,-0.011361381970345974,0.7269390225410461,-0.7600669264793396
p1413,process,,50,50,1,post,post_odor,True,0.09608832746744156,1.0210515260696411,-0.7233816385269165
p1413,process,,51,51,30,post,post_odor,True,0.06278357654809952,0.7669780850410461,-0.6359086632728577
p1413,process,,52,52,12,post,post_odor,True,-0.0038453848101198673,1.0110414028167725,-0.708209753036499
p1413,process,,53,53,3,post,post_odor,True,0.08280240744352341,0.8964539766311646,-0.9146722555160522
p1413,process,,54,54,21,post,post_odor,True,1.5143929719924927,3.846918821334839,-0.1654575765132904
p1413,process,,55,55,22,post,post_odor,True,0.0848521888256073,1.5259637832641602,-0.6581747531890869
p1413,process,,56,56,18,post,post_odor,True,0.15842929482460022,1.4917598962783813,-0.7273096442222595
p1413,process,,57,57,30,post,post_odor,True,0.05058475583791733,1.081295132637024,-0.6080306768417358
p1413,process,,58,58,17,post,post_odor,True,0.09574010968208313,1.3011243343353271,-0.6169223785400391
p1413,process,,59,59,39,post,post_odor,True,0.06465894728899002,1.1390416622161865,-0.5975984334945679
p1413,process,,60,60,39,post,post_odor,True,-0.0035099973902106285,1.5274518728256226,-0.7492162585258484
p1413,process,,61,61,17,post,post_odor,True,0.09567353874444962,1.033543586730957,-0.7062734961509705
p1413,process,,62,62,4,post,post_odor,True,-0.0761072188615799,0.7623957991600037,-0.8166577816009521
p1432,process,,0,0,39,pre,post_odor,True,1.3495900630950928,5.172150135040283,-1.8432624340057373
p1432,process,,1,1,17,pre,post_odor,True,1.2660516500473022,7.18230676651001,-2.0630390644073486
p1432,process,,2,2,32,pre,post_odor,True,1.5685261487960815,5.750433921813965,-2.053637981414795
p1432,process,,3,3,32,pre,post_odor,True,2.249155044555664,9.135748863220215,-1.7663676738739014
p1432,process,,4,4,30,pre,post_odor,True,0.9215722680091858,6.868597984313965,-2.3930742740631104
p1432,process,,5,5,40,pre,post_odor,True,0.4760195016860962,9.856427192687988,-3.315497636795044
p1432,process,,6,6,3,pre,post_odor,True,2.8677117824554443,6.540633201599121,-0.4550245702266693
p1432,process,,7,7,2,pre,post_odor,True,1.664680004119873,5.209487438201904,-0.6943256855010986
p1432,process,,8,8,1,pre,post_odor,True,-0.047833967953920364,4.934332370758057,-3.284144163131714
p1432,process,,9,9,4,pre,post_odor,True,2.277057647705078,6.4722089767456055,-1.2864750623703003
p1432,process,,10,10,31,pre,post_odor,True,2.695296049118042,7.402355670928955,-0.818979799747467
p1432,process,,11,11,21,pre,post_odor,True,1.1662524938583374,6.206242084503174,-2.6111631393432617
p1432,process,,12,12,2,pre,post_odor,True,0.6748102307319641,4.034933567047119,-2.2004165649414062
p1432,process,,13,13,39,pre,post_odor,True,0.49943602085113525,4.759851455688477,-2.2110767364501953
p1432,process,,14,14,1,pre,post_odor,True,2.1375977993011475,5.366514205932617,-0.8445270657539368
p1432,process,,15,15,12,pre,post_odor,True,2.608316421508789,6.126071453094482,-0.3026457130908966
p1432,process,,16,16,22,pre,post_odor,True,2.298685073852539,5.96222448348999,-1.4565820693969727
p1432,process,,17,17,10,pre,post_odor,True,1.3336904048919678,7.273202896118164,-1.352296233177185
p1432,process,,18,18,17,pre,post_odor,True,3.0500433444976807,9.289228439331055,-0.41883477568626404
p1432,process,,19,19,31,pre,post_odor,True,1.152708888053894,4.408071041107178,-2.1300764083862305
p1432,process,,20,20,30,pre,post_odor,True,1.2652102708816528,5.4196929931640625,-1.9137375354766846
p1432,process,,21,21,12,pre,post_odor,True,0.05671539530158043,2.9208123683929443,-2.4084694385528564
p1432,process,,22,22,22,pre,post_odor,True,0.7642824053764343,3.9474916458129883,-1.7415835857391357
p1432,process,,23,23,4,pre,post_odor,True,0.48247650265693665,2.649982213973999,-2.089503526687622
p1432,process,,24,24,0,pre,post_odor,True,-0.41362881660461426,3.8944406509399414,-2.8438308238983154
p1432,process,,25,25,3,pre,post_odor,True,0.7398489117622375,3.5214247703552246,-1.8634599447250366
p1432,process,,26,26,40,pre,post_odor,True,1.7151285409927368,6.697641849517822,-1.9355274438858032
p1432,process,,27,27,10,pre,post_odor,True,-0.5061934590339661,1.9710025787353516,-3.0416462421417236
p1432,process,,28,28,21,pre,post_odor,True,1.1190024614334106,4.360908508300781,-2.8614542484283447
p1432,process,,29,29,18,pre,post_odor,True,0.9134897589683533,6.359163284301758,-1.5631111860275269
p1432,process,,30,30,18,pre,post_odor,True,0.3703674376010895,4.960613250732422,-2.909250497817993
p1432,process,,31,31,0,pre,post_odor,True,0.7853469252586365,4.677385330200195,-1.9404107332229614
p1432,process,,32,32,12,post,post_odor,True,-0.0392904169857502,1.405614972114563,-1.0518898963928223
p1432,process,,33,33,18,post,post_odor,True,0.06849291175603867,2.204740524291992,-1.359131932258606
p1432,process,,34,34,40,post,post_odor,True,0.09507831186056137,1.7149852514266968,-0.9161020517349243
p1432,process,,35,35,32,post,post_odor,True,0.07310434430837631,1.7700899839401245,-1.0633538961410522
p1432,process,,36,36,31,post,post_odor,True,0.12677226960659027,2.618246555328369,-0.8883219957351685
p1432,process,,37,37,0,post,post_odor,True,0.1369287520647049,2.148144483566284,-0.9407534003257751
p1432,process,,38,38,4,post,post_odor,True,-0.12761437892913818,1.2706056833267212,-0.9149320721626282
p1432,process,,39,39,2,post,post_odor,True,-0.09439697116613388,1.7660794258117676,-1.130428671836853
p1432,process,,40,40,3,post,post_odor,True,0.21452711522579193,2.4964921474456787,-0.9866628646850586
p1432,process,,41,41,21,post,post_odor,True,0.7759108543395996,3.1094982624053955,-0.8593254685401917
p1432,process,,42,42,31,post,post_odor,True,0.04637659713625908,1.882300615310669,-1.0450502634048462
p1432,process,,43,43,2,post,post_odor,True,0.10577771067619324,2.743217706680298,-0.9961961507797241
p1432,process,,44,44,32,post,post_odor,True,0.11140349507331848,1.2714205980300903,-0.979938805103302
p1432,process,,45,45,40,post,post_odor,True,-0.31082600355148315,0.6226710677146912,-1.0157222747802734
p1432,process,,46,46,1,post,post_odor,True,0.044871825724840164,1.4658764600753784,-0.9167187809944153
p1432,process,,47,47,0,post,post_odor,True,-0.09182140231132507,1.1484490633010864,-1.0134869813919067
p1432,process,,48,48,22,post,post_odor,True,-0.14452309906482697,0.889531672000885,-0.9781689643859863
p1432,process,,49,49,10,post,post_odor,True,0.0828433483839035,1.4827672243118286,-0.9880096316337585
p1432,process,,50,50,1,post,post_odor,True,-0.054821744561195374,1.0917487144470215,-0.9451209306716919
p1432,process,,51,51,30,post,post_odor,True,-0.021775290369987488,2.308615207672119,-0.8982288837432861
p1432,process,,52,52,12,post,post_odor,True,0.012149980291724205,2.332073211669922,-1.0924004316329956
p1432,process,,53,53,3,post,post_odor,True,0.14528369903564453,1.2149522304534912,-0.9536459445953369
p1432,process,,54,54,21,post,post_odor,True,0.8697986006736755,3.0156302452087402,-0.657000720500946
p1432,process,,55,55,22,post,post_odor,True,0.04920550435781479,1.597816824913025,-1.1235766410827637
p1432,process,,56,56,18,post,post_odor,True,0.18323485553264618,1.9359955787658691,-0.9934605956077576
p1432,process,,57,57,30,post,post_odor,True,-0.06521063297986984,2.382030725479126,-1.0639073848724365
p1432,process,,58,58,17,post,post_odor,True,0.05002965033054352,1.7219141721725464,-0.8825044631958008
p1432,process,,59,59,39,post,post_odor,True,0.016314921900629997,1.2720140218734741,-1.0093071460723877
p1432,process,,60,60,39,post,post_odor,True,0.2483147382736206,1.913661003112793,-0.7507911324501038
p1432,process,,61,61,17,post,post_odor,True,0.059724096208810806,1.3376799821853638,-0.7944045066833496
p1432,process,,62,62,4,post,post_odor,True,0.10996529459953308,1.7406870126724243,-0.8145641684532166
p1451,process,,0,0,39,pre,post_odor,True,0.46590596437454224,3.647068977355957,-2.7455852031707764
p1451,process,,1,1,17,pre,post_odor,True,0.7373508214950562,3.9186270236968994,-1.8918143510818481
p1451,process,,2,2,32,pre,post_odor,True,1.2342677116394043,4.837441921234131,-2.0860869884490967
p1451,process,,3,3,32,pre,post_odor,True,2.245581865310669,5.794700622558594,-1.1677123308181763
p1451,process,,4,4,30,pre,post_odor,True,0.6264195442199707,3.986355781555176,-2.345388412475586
p1451,process,,5,5,40,pre,post_odor,True,0.5383564233779907,4.4007182121276855,-3.1597988605499268
p1451,process,,6,6,3,pre,post_odor,True,3.5589051246643066,6.69613790512085,-0.32807013392448425
p1451,process,,7,7,2,pre,post_odor,True,2.0320444107055664,5.130812168121338,-1.7817744016647339
p1451,process,,8,8,1,pre,post_odor,True,-0.31129658222198486,3.9892799854278564,-3.489647388458252
p1451,process,,9,9,4,pre,post_odor,True,3.0876901149749756,6.646686553955078,-0.7647619247436523
p1451,process,,10,10,31,pre,post_odor,True,4.024863243103027,8.560824394226074,-0.9920061826705933
p1451,process,,11,11,21,pre,post_odor,True,1.1950905323028564,6.863365173339844,-1.5193108320236206
p1451,process,,12,12,2,pre,post_odor,True,0.7136428952217102,4.749538898468018,-3.253262996673584
p1451,process,,13,13,39,pre,post_odor,True,0.8407707810401917,5.60195779800415,-1.8328089714050293
p1451,process,,14,14,1,pre,post_odor,True,1.4602575302124023,5.422084808349609,-2.0752530097961426
p1451,process,,15,15,12,pre,post_odor,True,3.5636401176452637,8.520454406738281,-0.6955955624580383
p1451,process,,16,16,22,pre,post_odor,True,3.7917320728302,8.807537078857422,-0.5742290616035461
p1451,process,,17,17,10,pre,post_odor,True,0.6670135259628296,7.307809352874756,-1.8783388137817383
p1451,process,,18,18,17,pre,post_odor,True,3.829745054244995,8.963196754455566,-1.377795934677124
p1451,process,,19,19,31,pre,post_odor,True,1.1894391775131226,4.02105188369751,-1.1643517017364502
p1451,process,,20,20,30,pre,post_odor,True,0.7539063096046448,4.036851406097412,-1.6200093030929565
p1451,process,,21,21,12,pre,post_odor,True,-0.3962450921535492,2.897697925567627,-2.0931434631347656
p1451,process,,22,22,22,pre,post_odor,True,0.6789439916610718,3.9680709838867188,-2.300276041030884
p1451,process,,23,23,4,pre,post_odor,True,-0.2994595468044281,1.6449027061462402,-2.243243932723999
p1451,process,,24,24,0,pre,post_odor,True,0.12782636284828186,5.081461429595947,-2.7752745151519775
p1451,process,,25,25,3,pre,post_odor,True,1.1587326526641846,4.104419231414795,-2.4082789421081543
p1451,process,,26,26,40,pre,post_odor,True,1.9235174655914307,6.1781392097473145,-1.1867249011993408
p1451,process,,27,27,10,pre,post_odor,True,-1.0998245477676392,2.2685084342956543,-3.2605650424957275
p1451,process,,28,28,21,pre,post_odor,True,1.6691341400146484,5.648677825927734,-2.358794927597046
p1451,process,,29,29,18,pre,post_odor,True,1.9910656213760376,5.6369948387146,-0.793294370174408
p1451,process,,30,30,18,pre,post_odor,True,0.41848284006118774,3.206244707107544,-1.6349815130233765
p1451,process,,31,31,0,pre,post_odor,True,1.5512948036193848,5.839892864227295,-1.4198342561721802
p1451,process,,32,32,12,post,post_odor,True,0.09872867912054062,2.018721103668213,-0.8130635619163513
p1451,process,,33,33,18,post,post_odor,True,0.10396265238523483,1.004698395729065,-0.8393012881278992
p1451,process,,34,34,40,post,post_odor,True,-0.0729108452796936,0.860690176486969,-0.9844987392425537
p1451,process,,35,35,32,post,post_odor,True,0.009272437542676926,0.8096399903297424,-0.8099163770675659
p1451,process,,36,36,31,post,post_odor,True,-0.09942366182804108,0.9351940751075745,-0.8372070789337158
p1451,process,,37,37,0,post,post_odor,True,0.0013977042399346828,1.1619106531143188,-0.9473389387130737
p1451,process,,38,38,4,post,post_odor,True,-0.131768599152565,1.5732135772705078,-1.0252320766448975
p1451,process,,39,39,2,post,post_odor,True,-0.14989690482616425,1.1730871200561523,-1.3037192821502686
p1451,process,,40,40,3,post,post_odor,True,0.012416224926710129,1.617729902267456,-1.0114208459854126
p1451,process,,41,41,21,post,post_odor,True,1.0151104927062988,2.3654632568359375,-0.3728511929512024
p1451,process,,42,42,31,post,post_odor,True,-0.010161485522985458,1.085697889328003,-0.9196895956993103
p1451,process,,43,43,2,post,post_odor,True,0.014543188735842705,1.1473307609558105,-0.811559796333313
p1451,process,,44,44,32,post,post_odor,True,-0.049288321286439896,0.9391884207725525,-0.8733139038085938
p1451,process,,45,45,40,post,post_odor,True,-0.025046221911907196,1.6689575910568237,-0.8361641764640808
p1451,process,,46,46,1,post,post_odor,True,0.02744351699948311,1.4767358303070068,-0.6708797216415405
p1451,process,,47,47,0,post,post_odor,True,0.07082817703485489,1.145957589149475,-0.9906402826309204
p1451,process,,48,48,22,post,post_odor,True,0.04146666079759598,1.451005458831787,-0.8399782776832581
p1451,process,,49,49,10,post,post_odor,True,-0.013644421473145485,1.2606143951416016,-0.7645590901374817
p1451,process,,50,50,1,post,post_odor,True,-0.1815587282180786,0.4355888068675995,-0.8127387166023254
p1451,process,,51,51,30,post,post_odor,True,0.11549089103937149,0.9438046813011169,-0.8185409903526306
p1451,process,,52,52,12,post,post_odor,True,0.1211467906832695,1.4432719945907593,-0.7456197738647461
p1451,process,,53,53,3,post,post_odor,True,0.0016336990520358086,1.8211970329284668,-0.7647778987884521
p1451,process,,54,54,21,post,post_odor,True,0.711117148399353,2.3386244773864746,-0.664344310760498
p1451,process,,55,55,22,post,post_odor,True,0.08822544664144516,1.1596317291259766,-0.8620608448982239
p1451,process,,56,56,18,post,post_odor,True,0.132936030626297,1.4234553575515747,-0.819186806678772
p1451,process,,57,57,30,post,post_odor,True,0.12565495073795319,1.2625056505203247,-0.7504962682723999
p1451,process,,58,58,17,post,post_odor,True,0.04079774394631386,1.0075955390930176,-0.9541963338851929
p1451,process,,59,59,39,post,post_odor,True,0.0735696330666542,1.2647874355316162,-0.6741266846656799
p1451,process,,60,60,39,post,post_odor,True,0.003448652336373925,1.319832682609558,-0.8669470548629761
p1451,process,,61,61,17,post,post_odor,True,0.014752093702554703,0.9620235562324524,-0.8153138160705566
p1451,process,,62,62,4,post,post_odor,True,0.07189249247312546,0.9114137887954712,-0.6994194984436035
p1470,process,,0,0,39,pre,post_odor,True,0.7255571484565735,3.908820152282715,-2.1769237518310547
p1470,process,,1,1,17,pre,post_odor,True,2.0283195972442627,5.891402721405029,-1.4477640390396118
p1470,process,,2,2,32,pre,post_odor,True,1.877220869064331,5.647292613983154,-2.2154626846313477
p1470,process,,3,3,32,pre,post_odor,True,2.9682133197784424,6.3948750495910645,-0.7714881300926208
p1470,process,,4,4,30,pre,post_odor,True,2.2978296279907227,8.300544738769531,-1.529024362564087
p1470,process,,5,5,40,pre,post_odor,True,1.1737037897109985,4.811622142791748,-2.388469696044922
p1470,process,,6,6,3,pre,post_odor,True,4.316404819488525,8.02428150177002,-0.1955309957265854
p1470,process,,7,7,2,pre,post_odor,True,2.9347331523895264,5.830496788024902,-0.6076442003250122
p1470,process,,8,8,1,pre,post_odor,True,0.2119148075580597,3.170297622680664,-2.2995617389678955
p1470,process,,9,9,4,pre,post_odor,True,3.973029375076294,7.654918193817139,0.6023832559585571
p1470,process,,10,10,31,pre,post_odor,True,3.888561725616455,7.862970352172852,-0.7713386416435242
p1470,process,,11,11,21,pre,post_odor,True,1.370354413986206,6.152365684509277,-2.2579376697540283
p1470,process,,12,12,2,pre,post_odor,True,0.47088706493377686,3.8607163429260254,-3.0567712783813477
p1470,process,,13,13,39,pre,post_odor,True,1.2033767700195312,4.561501502990723,-1.8241279125213623
p1470,process,,14,14,1,pre,post_odor,True,1.8364933729171753,6.713498592376709,-1.772287368774414
p1470,process,,15,15,12,pre,post_odor,True,3.5391788482666016,9.286925315856934,0.8422183394432068
p1470,process,,16,16,22,pre,post_odor,True,4.6006999015808105,8.929783821105957,-1.3350037336349487
p1470,process,,17,17,10,pre,post_odor,True,1.2329301834106445,6.0753960609436035,-1.4554128646850586
p1470,process,,18,18,17,pre,post_odor,True,3.2715041637420654,7.829721450805664,-1.0491684675216675
p1470,process,,19,19,31,pre,post_odor,True,2.1673591136932373,6.978715896606445,-2.428410053253174
p1470,process,,20,20,30,pre,post_odor,True,2.438765287399292,7.124545574188232,-0.9722780585289001
p1470,process,,21,21,12,pre,post_odor,True,0.03326379135251045,3.2377147674560547,-2.983712673187256
p1470,process,,22,22,22,pre,post_odor,True,1.2304428815841675,6.245434284210205,-2.666106939315796
p1470,process,,23,23,4,pre,post_odor,True,1.0592544078826904,3.564112663269043,-1.6402957439422607
p1470,process,,24,24,0,pre,post_odor,True,-0.08440530300140381,5.619721412658691,-3.8195924758911133
p1470,process,,25,25,3,pre,post_odor,True,1.3065128326416016,4.183701515197754,-3.3902273178100586
p1470,process,,26,26,40,pre,post_odor,True,1.2297872304916382,4.6093292236328125,-1.7567768096923828
p1470,process,,27,27,10,pre,post_odor,True,-0.6356279850006104,1.9790900945663452,-3.725839376449585
p1470,process,,28,28,21,pre,post_odor,True,1.9594978094100952,6.158661842346191,-1.2500669956207275
p1470,process,,29,29,18,pre,post_odor,True,2.377889394760132,5.382810592651367,-0.47260791063308716
p1470,process,,30,30,18,pre,post_odor,True,1.1566119194030762,4.312871932983398,-1.4102568626403809
p1470,process,,31,31,0,pre,post_odor,True,0.4864628314971924,3.1871178150177,-1.848286747932434
p1470,process,,32,32,12,post,post_odor,True,0.4581262171268463,2.665454626083374,-0.5614364147186279
p1470,process,,33,33,18,post,post_odor,True,0.8466830253601074,3.186272144317627,-0.5496608018875122
p1470,process,,34,34,40,post,post_odor,True,-0.0848131775856018,1.5539950132369995,-1.0675969123840332
p1470,process,,35,35,32,post,post_odor,True,0.2303236573934555,1.577978491783142,-0.80543053150177
p1470,process,,36,36,31,post,post_odor,True,0.27153655886650085,2.043092727661133,-0.6328794360160828
p1470,process,,37,37,0,post,post_odor,True,-0.014632327482104301,0.9456727504730225,-0.9520768523216248
p1470,process,,38,38,4,post,post_odor,True,0.15991072356700897,1.6953948736190796,-0.8105106949806213
p1470,process,,39,39,2,post,post_odor,True,0.27457359433174133,2.2212228775024414,-0.6370094418525696
p1470,process,,40,40,3,post,post_odor,True,0.31269946694374084,1.5929392576217651,-0.8615837097167969
p1470,process,,41,41,21,post,post_odor,True,1.2690428495407104,3.5170557498931885,-0.14649474620819092
p1470,process,,42,42,31,post,post_odor,True,0.0646093487739563,1.5356483459472656,-0.5783363580703735
p1470,process,,43,43,2,post,post_odor,True,-0.03276602551341057,1.4858548641204834,-1.0378851890563965
p1470,process,,44,44,32,post,post_odor,True,0.14552359282970428,1.401871681213379,-0.8907877802848816
p1470,process,,45,45,40,post,post_odor,True,-0.07201704382896423,1.130357027053833,-0.8861503601074219
p1470,process,,46,46,1,post,post_odor,True,0.08764153718948364,1.3449437618255615,-0.7853841185569763
p1470,process,,47,47,0,post,post_odor,True,-0.004724325146526098,1.5960921049118042,-0.8872199654579163
p1470,process,,48,48,22,post,post_odor,True,0.06424278020858765,1.4460041522979736,-0.6295023560523987
p1470,process,,49,49,10,post,post_odor,True,-0.10541608184576035,0.8871057033538818,-0.9792360067367554
p1470,process,,50,50,1,post,post_odor,True,0.18565791845321655,0.8545087575912476,-0.44693198800086975
p1470,process,,51,51,30,post,post_odor,True,0.23633481562137604,1.3246768712997437,-0.5308748483657837
p1470,process,,52,52,12,post,post_odor,True,0.04350529611110687,0.9973192811012268,-0.757129967212677
p1470,process,,53,53,3,post,post_odor,True,0.08414554595947266,1.5177123546600342,-0.9811748266220093
p1470,process,,54,54,21,post,post_odor,True,1.0787633657455444,2.8939714431762695,-0.48006078600883484
p1470,process,,55,55,22,post,post_odor,True,-0.029424253851175308,0.8611129522323608,-0.7263662219047546
p1470,process,,56,56,18,post,post_odor,True,0.3745870292186737,1.4785029888153076,-0.4412119388580322
p1470,process,,57,57,30,post,post_odor,True,0.0898929014801979,1.088538408279419,-0.556720495223999
p1470,process,,58,58,17,post,post_odor,True,0.3119089901447296,1.5171608924865723,-0.5004320740699768
p1470,process,,59,59,39,post,post_odor,True,0.11051736027002335,0.8556858897209167,-0.7729262113571167
p1470,process,,60,60,39,post,post_odor,True,0.04841846227645874,1.429664134979248,-0.6410775184631348
p1470,process,,61,61,17,post,post_odor,True,0.3703860342502594,2.0808422565460205,-0.5958061814308167
p1470,process,,62,62,4,post,post_odor,True,-0.05982513353228569,0.8975706100463867,-0.5941242575645447
p1489,process,,0,0,39,pre,post_odor,True,0.6108229160308838,3.111950635910034,-1.97678804397583
p1489,process,,1,1,17,pre,post_odor,True,2.1163246631622314,5.465679168701172,-1.250321388244629
p1489,process,,2,2,32,pre,post_odor,True,2.394874095916748,6.494957447052002,-0.1656675785779953
p1489,process,,3,3,32,pre,post_odor,True,2.8283090591430664,7.846828460693359,-1.2671661376953125
p1489,process,,4,4,30,pre,post_odor,True,0.9951465725898743,5.92012357711792,-2.6310384273529053
p1489,process,,5,5,40,pre,post_odor,True,0.8092778325080872,4.098603248596191,-2.3784267902374268
p1489,process,,6,6,3,pre,post_odor,True,3.5374364852905273,7.477728366851807,-0.5412967205047607
p1489,process,,7,7,2,pre,post_odor,True,2.3410110473632812,5.249340057373047,-1.5915862321853638
p1489,process,,8,8,1,pre,post_odor,True,0.20695577561855316,2.556680202484131,-3.388105630874634
p1489,process,,9,9,4,pre,post_odor,True,3.8045146465301514,8.332706451416016,0.08193554729223251
p1489,process,,10,10,31,pre,post_odor,True,3.5989205837249756,8.474852561950684,-1.5096886157989502
p1489,process,,11,11,21,pre,post_odor,True,0.7136743068695068,5.102141380310059,-3.2823948860168457
p1489,process,,12,12,2,pre,post_odor,True,0.623959481716156,3.7853472232818604,-2.144268035888672
p1489,process,,13,13,39,pre,post_odor,True,1.1575067043304443,4.577436923980713,-1.9030697345733643
p1489,process,,14,14,1,pre,post_odor,True,1.7994565963745117,4.590754985809326,-1.363359808921814
p1489,process,,15,15,12,pre,post_odor,True,3.3716862201690674,7.513060569763184,-2.2438809871673584
p1489,process,,16,16,22,pre,post_odor,True,4.36575984954834,9.74935245513916,-0.34352225065231323
p1489,process,,17,17,10,pre,post_odor,True,1.040245771408081,8.420439720153809,-1.9528717994689941
p1489,process,,18,18,17,pre,post_odor,True,2.9159605503082275,6.374516487121582,-0.8153542280197144
p1489,process,,19,19,31,pre,post_odor,True,2.7620344161987305,9.627723693847656,-1.579411268234253
p1489,process,,20,20,30,pre,post_odor,True,1.841331958770752,4.9914870262146,-1.4287725687026978
p1489,process,,21,21,12,pre,post_odor,True,-0.19898644089698792,3.483410120010376,-3.650848150253296
p1489,process,,22,22,22,pre,post_odor,True,1.8877065181732178,7.569488525390625,-1.4159557819366455
p1489,process,,23,23,4,pre,post_odor,True,1.174661636352539,3.704385757446289,-2.1612865924835205
p1489,process,,24,24,0,pre,post_odor,True,0.47240740060806274,5.371301174163818,-4.023740291595459
p1489,process,,25,25,3,pre,post_odor,True,0.678137481212616,4.6237077713012695,-1.7144014835357666
p1489,process,,26,26,40,pre,post_odor,True,1.669658899307251,4.099489688873291,-2.131953477859497
p1489,process,,27,27,10,pre,post_odor,True,-0.9269986748695374,2.7248198986053467,-3.13270902633667
p1489,process,,28,28,21,pre,post_odor,True,2.0249078273773193,7.728365421295166,-3.982720136642456
p1489,process,,29,29,18,pre,post_odor,True,3.210796594619751,5.663519382476807,0.43425601720809937
p1489,process,,30,30,18,pre,post_odor,True,1.2530484199523926,3.6708788871765137,-0.7170999646186829
p1489,process,,31,31,0,pre,post_odor,True,1.0198040008544922,4.305904388427734,-1.603384256362915
p1489,process,,32,32,12,post,post_odor,True,0.496086448431015,2.1469826698303223,-0.6071414351463318
p1489,process,,33,33,18,post,post_odor,True,1.140705943107605,2.582763671875,-0.5220482349395752
p1489,process,,34,34,40,post,post_odor,True,0.13520807027816772,1.986634612083435,-0.6766154170036316
p1489,process,,35,35,32,post,post_odor,True,0.5832546949386597,2.5178704261779785,-0.8073719143867493
p1489,process,,36,36,31,post,post_odor,True,0.626028835773468,2.804429054260254,-0.5613183379173279
p1489,process,,37,37,0,post,post_odor,True,0.07847900688648224,1.0878409147262573,-0.7033894062042236
p1489,process,,38,38,4,post,post_odor,True,0.46898728609085083,1.486504316329956,-0.6075004935264587
p1489,process,,39,39,2,post,post_odor,True,0.2325645089149475,1.7943000793457031,-0.7470967769622803
p1489,process,,40,40,3,post,post_odor,True,0.3779136836528778,1.7991424798965454,-0.6253628730773926
p1489,process,,41,41,21,post,post_odor,True,3.011080026626587,7.489288330078125,0.09455757588148117
p1489,process,,42,42,31,post,post_odor,True,0.5366519689559937,1.9667500257492065,-0.8290671110153198
p1489,process,,43,43,2,post,post_odor,True,0.11106614768505096,1.372811198234558,-0.6640990376472473
p1489,process,,44,44,32,post,post_odor,True,0.2664751708507538,2.199085235595703,-0.6905989050865173
p1489,process,,45,45,40,post,post_odor,True,0.13369795680046082,0.9583821892738342,-0.7301990985870361
p1489,process,,46,46,1,post,post_odor,True,0.11559327691793442,1.7263295650482178,-0.7174541354179382
p1489,process,,47,47,0,post,post_odor,True,0.010922170244157314,0.981785774230957,-0.9905855655670166
p1489,process,,48,48,22,post,post_odor,True,0.30226930975914,1.7790660858154297,-0.770930290222168
p1489,process,,49,49,10,post,post_odor,True,0.027967419475317,1.0838301181793213,-0.5608446598052979
p1489,process,,50,50,1,post,post_odor,True,0.026379477232694626,0.9990907907485962,-0.7574463486671448
p1489,process,,51,51,30,post,post_odor,True,0.8551310300827026,2.098759651184082,-0.3710024356842041
p1489,process,,52,52,12,post,post_odor,True,0.22504183650016785,1.3625829219818115,-0.9755754470825195
p1489,process,,53,53,3,post,post_odor,True,0.434368371963501,1.775264024734497,-0.25687259435653687
p1489,process,,54,54,21,post,post_odor,True,2.3544936180114746,5.71478271484375,0.17273710668087006
p1489,process,,55,55,22,post,post_odor,True,0.4383448660373688,1.391278624534607,-0.22275429964065552
p1489,process,,56,56,18,post,post_odor,True,0.42490968108177185,1.9305847883224487,-1.1440825462341309
p1489,process,,57,57,30,post,post_odor,True,0.41304343938827515,2.1049740314483643,-0.7204785346984863
p1489,process,,58,58,17,post,post_odor,True,0.45492565631866455,1.7474656105041504,-0.8094298243522644
p1489,process,,59,59,39,post,post_odor,True,0.04979581758379936,0.8968058228492737,-0.5213800668716431
p1489,process,,60,60,39,post,post_odor,True,-0.01562771573662758,0.7965842485427856,-0.7982895374298096
p1489,process,,61,61,17,post,post_odor,True,1.2116186618804932,3.8498494625091553,-0.3048931360244751
p1489,process,,62,62,4,post,post_odor,True,0.09264103323221207,1.0874440670013428,-0.806293785572052
p1508,process,,0,0,39,pre,post_odor,True,1.2954740524291992,4.418103218078613,-1.082069993019104
p1508,process,,1,1,17,pre,post_odor,True,2.582627534866333,6.266138553619385,-0.5444983839988708
p1508,process,,2,2,32,pre,post_odor,True,1.8811602592468262,5.363400459289551,-1.308609962463379
p1508,process,,3,3,32,pre,post_odor,True,1.934208869934082,4.650232791900635,-0.9576441645622253
p1508,process,,4,4,30,pre,post_odor,True,0.6945919990539551,4.536585807800293,-1.817866325378418
p1508,process,,5,5,40,pre,post_odor,True,1.1169682741165161,5.727126121520996,-3.4555583000183105
p1508,process,,6,6,3,pre,post_odor,True,3.1606249809265137,7.027634143829346,0.3330549895763397
p1508,process,,7,7,2,pre,post_odor,True,1.6911532878875732,5.5611958503723145,-2.846813440322876
p1508,process,,8,8,1,pre,post_odor,True,-0.14158044755458832,2.576183319091797,-3.131117820739746
p1508,process,,9,9,4,pre,post_odor,True,2.7174274921417236,6.7005295753479,-0.8086137771606445
p1508,process,,10,10,31,pre,post_odor,True,3.003889560699463,10.014439582824707,-1.2188535928726196
p1508,process,,11,11,21,pre,post_odor,True,0.629537045955658,4.098320960998535,-2.932436227798462
p1508,process,,12,12,2,pre,post_odor,True,0.9578569531440735,3.6353514194488525,-2.374847650527954
p1508,process,,13,13,39,pre,post_odor,True,1.19186532497406,3.2322654724121094,-0.9880619645118713
p1508,process,,14,14,1,pre,post_odor,True,1.1172502040863037,4.761127471923828,-1.2880390882492065
p1508,process,,15,15,12,pre,post_odor,True,2.744589328765869,6.563434600830078,-0.9780821800231934
p1508,process,,16,16,22,pre,post_odor,True,3.4651501178741455,7.694786071777344,0.00967455469071865
p1508,process,,17,17,10,pre,post_odor,True,1.1445484161376953,4.60565710067749,-2.446603775024414
p1508,process,,18,18,17,pre,post_odor,True,3.3608436584472656,6.556396007537842,0.0806526318192482
p1508,process,,19,19,31,pre,post_odor,True,2.1043646335601807,6.275637626647949,-0.5030639171600342
p1508,process,,20,20,30,pre,post_odor,True,0.7984073162078857,3.7304062843322754,-1.427436113357544
p1508,process,,21,21,12,pre,post_odor,True,0.9771733283996582,5.599730491638184,-2.6524791717529297
p1508,process,,22,22,22,pre,post_odor,True,1.890909194946289,5.2293243408203125,-2.2513155937194824
p1508,process,,23,23,4,pre,post_odor,True,0.2370302528142929,2.481555223464966,-1.8932056427001953
p1508,process,,24,24,0,pre,post_odor,True,0.6973138451576233,4.523159980773926,-2.7643001079559326
p1508,process,,25,25,3,pre,post_odor,True,0.9968619346618652,4.440496444702148,-1.8070435523986816
p1508,process,,26,26,40,pre,post_odor,True,1.604610800743103,5.482151985168457,-2.223888397216797
p1508,process,,27,27,10,pre,post_odor,True,-0.31776365637779236,1.645229458808899,-2.676382064819336
p1508,process,,28,28,21,pre,post_odor,True,1.1106990575790405,3.7529075145721436,-1.7230117321014404
p1508,process,,29,29,18,pre,post_odor,True,1.6995381116867065,3.568269729614258,-0.07808928936719894
p1508,process,,30,30,18,pre,post_odor,True,0.8557536602020264,3.1292552947998047,-1.3105748891830444
p1508,process,,31,31,0,pre,post_odor,True,0.8485639095306396,4.063924312591553,-1.2142568826675415
p1508,process,,32,32,12,post,post_odor,True,0.2517799437046051,1.3379735946655273,-0.5568169951438904
p1508,process,,33,33,18,post,post_odor,True,0.8057802319526672,2.55324649810791,-0.3225193917751312
p1508,process,,34,34,40,post,post_odor,True,-0.19884000718593597,0.8506470322608948,-0.8342781662940979
p1508,process,,35,35,32,post,post_odor,True,0.5299002528190613,2.8631112575531006,-0.8338117003440857
p1508,process,,36,36,31,post,post_odor,True,0.8409326672554016,3.0064306259155273,-0.5080820322036743
p1508,process,,37,37,0,post,post_odor,True,-0.04482926428318024,1.3690640926361084,-0.6654865741729736
p1508,process,,38,38,4,post,post_odor,True,0.19024106860160828,1.4428856372833252,-0.8612979054450989
p1508,process,,39,39,2,post,post_odor,True,0.08820593357086182,1.511411428451538,-0.8438307642936707
p1508,process,,40,40,3,post,post_odor,True,0.44648775458335876,2.654449939727783,-0.596737265586853
p1508,process,,41,41,21,post,post_odor,True,1.9782426357269287,4.631962299346924,0.019844355061650276
p1508,process,,42,42,31,post,post_odor,True,0.6247999668121338,2.2377333641052246,-0.44613417983055115
p1508,process,,43,43,2,post,post_odor,True,0.04254293814301491,1.0032038688659668,-1.0001044273376465
p1508,process,,44,44,32,post,post_odor,True,0.6614723205566406,2.4362943172454834,-0.5997155904769897
p1508,process,,45,45,40,post,post_odor,True,-0.05854656174778938,0.8315091133117676,-0.667762815952301
p1508,process,,46,46,1,post,post_odor,True,-0.10217829048633575,0.8046478033065796,-0.8908788561820984
p1508,process,,47,47,0,post,post_odor,True,0.05425693467259407,1.7473927736282349,-0.7038155198097229
p1508,process,,48,48,22,post,post_odor,True,0.5345434546470642,2.105588912963867,-0.5249384045600891
p1508,process,,49,49,10,post,post_odor,True,-0.09244775772094727,1.4226469993591309,-1.0211997032165527
p1508,process,,50,50,1,post,post_odor,True,-0.05805016681551933,0.7495498657226562,-1.0570697784423828
p1508,process,,51,51,30,post,post_odor,True,0.7188853621482849,2.218327283859253,-0.3576275706291199
p1508,process,,52,52,12,post,post_odor,True,0.07787317037582397,1.3402550220489502,-0.8163135051727295
p1508,process,,53,53,3,post,post_odor,True,0.2132013887166977,2.160445213317871,-0.6629229784011841
p1508,process,,54,54,21,post,post_odor,True,1.631629467010498,4.250145435333252,-0.6500700116157532
p1508,process,,55,55,22,post,post_odor,True,0.5139561295509338,2.523092269897461,-0.5101825594902039
p1508,process,,56,56,18,post,post_odor,True,0.6952564716339111,2.602067232131958,-0.5224520564079285
p1508,process,,57,57,30,post,post_odor,True,0.34121647477149963,1.7626426219940186,-0.5870122909545898
p1508,process,,58,58,17,post,post_odor,True,0.37960296869277954,1.5721207857131958,-1.0309817790985107
p1508,process,,59,59,39,post,post_odor,True,0.14447280764579773,1.1050974130630493,-0.48393604159355164
p1508,process,,60,60,39,post,post_odor,True,0.17627114057540894,1.1579829454421997,-0.4826527535915375
p1508,process,,61,61,17,post,post_odor,True,0.6223512887954712,1.7246736288070679,-0.38661453127861023
p1508,process,,62,62,4,post,post_odor,True,-0.006197557784616947,1.1089156866073608,-0.6853453516960144
p1527,process,,0,0,39,pre,post_odor,True,1.9494547843933105,4.643514633178711,-1.0073703527450562
p1527,process,,1,1,17,pre,post_odor,True,1.8958052396774292,8.1143798828125,-1.5851970911026
p1527,process,,2,2,32,pre,post_odor,True,2.0835537910461426,7.032401084899902,-1.808523178100586
p1527,process,,3,3,32,pre,post_odor,True,3.1285648345947266,9.031298637390137,-1.259903073310852
p1527,process,,4,4,30,pre,post_odor,True,2.731370449066162,8.037189483642578,-2.885751485824585
p1527,process,,5,5,40,pre,post_odor,True,2.09844708442688,7.2226104736328125,-1.8979402780532837
p1527,process,,6,6,3,pre,post_odor,True,4.28885555267334,8.676513671875,-0.5241878032684326
p1527,process,,7,7,2,pre,post_odor,True,3.446361541748047,7.829856872558594,-0.689944863319397
p1527,process,,8,8,1,pre,post_odor,True,0.3283691704273224,4.37101936340332,-3.8120012283325195
p1527,process,,9,9,4,pre,post_odor,True,3.0980849266052246,7.017000675201416,0.38004663586616516
p1527,process,,10,10,31,pre,post_odor,True,4.976591110229492,10.250946044921875,-0.5456728339195251
p1527,process,,11,11,21,pre,post_odor,True,2.5406525135040283,6.723511219024658,-0.9558334350585938
p1527,process,,12,12,2,pre,post_odor,True,2.2153854370117188,7.612914562225342,-1.1966452598571777
p1527,process,,13,13,39,pre,post_odor,True,2.8339152336120605,8.993308067321777,-0.10919761657714844
p1527,process,,14,14,1,pre,post_odor,True,2.4931209087371826,7.975706100463867,-1.0485402345657349
p1527,process,,15,15,12,pre,post_odor,True,4.625190258026123,9.569087982177734,0.8352407217025757
p1527,process,,16,16,22,pre,post_odor,True,2.8239073753356934,7.668819904327393,-1.3236467838287354
p1527,process,,17,17,10,pre,post_odor,True,1.2779611349105835,4.531575679779053,-1.4945449829101562
p1527,process,,18,18,17,pre,post_odor,True,2.2265729904174805,6.255674839019775,-1.2084981203079224
p1527,process,,19,19,31,pre,post_odor,True,1.8387502431869507,7.1742401123046875,-1.2198011875152588
p1527,process,,20,20,30,pre,post_odor,True,0.9396407008171082,4.634733200073242,-1.344783067703247
p1527,process,,21,21,12,pre,post_odor,True,0.3795575499534607,4.037045478820801,-1.8474007844924927
p1527,process,,22,22,22,pre,post_odor,True,0.5187080502510071,3.848271608352661,-2.0073485374450684
p1527,process,,23,23,4,pre,post_odor,True,0.6834374070167542,3.7543234825134277,-2.244062662124634
p1527,process,,24,24,0,pre,post_odor,True,1.319602370262146,7.087818622589111,-2.3565940856933594
p1527,process,,25,25,3,pre,post_odor,True,0.6897295713424683,3.637498140335083,-2.6643316745758057
p1527,process,,26,26,40,pre,post_odor,True,1.8436261415481567,5.90409517288208,-1.4390424489974976
p1527,process,,27,27,10,pre,post_odor,True,0.11358648538589478,2.510678291320801,-2.1914820671081543
p1527,process,,28,28,21,pre,post_odor,True,2.4539098739624023,6.292253494262695,-1.1339404582977295
p1527,process,,29,29,18,pre,post_odor,True,0.8715696334838867,3.713243007659912,-1.882166862487793
p1527,process,,30,30,18,pre,post_odor,True,0.2878624498844147,2.570950746536255,-3.5038816928863525
p1527,process,,31,31,0,pre,post_odor,True,-0.19522999227046967,3.06423282623291,-2.372830867767334
p1527,process,,32,32,12,post,post_odor,True,0.07007614523172379,2.3463590145111084,-1.5329188108444214
p1527,process,,33,33,18,post,post_odor,True,0.46109142899513245,2.830734968185425,-1.6451716423034668
p1527,process,,34,34,40,post,post_odor,True,0.31685227155685425,2.345576047897339,-1.5105183124542236
p1527,process,,35,35,32,post,post_odor,True,0.08501245826482773,2.000683307647705,-1.298885703086853
p1527,process,,36,36,31,post,post_odor,True,0.32430192828178406,2.6618142127990723,-1.5904395580291748
p1527,process,,37,37,0,post,post_odor,True,0.14955264329910278,2.261296510696411,-1.7872592210769653
p1527,process,,38,38,4,post,post_odor,True,0.39113327860832214,2.269582509994507,-1.2015752792358398
p1527,process,,39,39,2,post,post_odor,True,0.10219911485910416,2.0841121673583984,-1.035908818244934
p1527,process,,40,40,3,post,post_odor,True,0.24699194729328156,2.544282913208008,-1.6345423460006714
p1527,process,,41,41,21,post,post_odor,True,1.2213315963745117,3.7358009815216064,-1.341023325920105
p1527,process,,42,42,31,post,post_odor,True,0.3918924033641815,2.930189371109009,-1.1443217992782593
p1527,process,,43,43,2,post,post_odor,True,0.21606941521167755,3.804932117462158,-1.5166833400726318
p1527,process,,44,44,32,post,post_odor,True,0.2186872512102127,2.1702609062194824,-1.35039484500885
p1527,process,,45,45,40,post,post_odor,True,0.030606066808104515,1.2701170444488525,-1.4129836559295654
p1527,process,,46,46,1,post,post_odor,True,0.052345938980579376,1.448634147644043,-1.4603772163391113
p1527,process,,47,47,0,post,post_odor,True,0.09926095604896545,3.552159070968628,-1.1782068014144897
p1527,process,,48,48,22,post,post_odor,True,0.2409726083278656,2.276423692703247,-1.1481685638427734
p1527,process,,49,49,10,post,post_odor,True,-0.13932621479034424,1.910493016242981,-1.786628246307373
p1527,process,,50,50,1,post,post_odor,True,0.04093632474541664,1.8364026546478271,-1.2224780321121216
p1527,process,,51,51,30,post,post_odor,True,0.35726287961006165,2.912019729614258,-1.3837175369262695
p1527,process,,52,52,12,post,post_odor,True,-0.01428962778300047,2.1352756023406982,-1.5380171537399292
p1527,process,,53,53,3,post,post_odor,True,0.20443148910999298,2.625706911087036,-1.4352203607559204
p1527,process,,54,54,21,post,post_odor,True,0.9777933955192566,3.4665777683258057,-0.9561257362365723
p1527,process,,55,55,22,post,post_odor,True,-0.001739925006404519,2.3623149394989014,-1.1426740884780884
p1527,process,,56,56,18,post,post_odor,True,0.2243890017271042,2.6977529525756836,-1.7111332416534424
p1527,process,,57,57,30,post,post_odor,True,0.30140742659568787,2.8582849502563477,-1.1396338939666748
p1527,process,,58,58,17,post,post_odor,True,0.14749856293201447,2.594414710998535,-1.3724064826965332
p1527,process,,59,59,39,post,post_odor,True,-0.06696836650371552,1.1675779819488525,-1.5400222539901733
p1527,process,,60,60,39,post,post_odor,True,0.049524176865816116,2.180483102798462,-1.5224406719207764
p1527,process,,61,61,17,post,post_odor,True,0.3006298840045929,2.637173652648926,-1.2771064043045044
p1527,process,,62,62,4,post,post_odor,True,0.018979409709572792,1.9694992303848267,-1.1319266557693481
p1546,process,,0,0,39,pre,post_odor,True,-0.26570215821266174,4.196238040924072,-3.6771206855773926
p1546,process,,1,1,17,pre,post_odor,True,-0.652047336101532,2.3436896800994873,-4.38647985458374
p1546,process,,2,2,32,pre,post_odor,True,-0.061734315007925034,3.0246222019195557,-3.051163673400879
p1546,process,,3,3,32,pre,post_odor,True,0.15538711845874786,3.1264805793762207,-2.587947368621826
p1546,process,,4,4,30,pre,post_odor,True,-0.5376700758934021,1.67609703540802,-2.78182315826416
p1546,process,,5,5,40,pre,post_odor,True,-0.7191714644432068,2.056119203567505,-2.600203275680542
p1546,process,,6,6,3,pre,post_odor,True,0.71635901927948,3.5989694595336914,-1.4468348026275635
p1546,process,,7,7,2,pre,post_odor,True,-0.032278597354888916,3.502913475036621,-2.753471851348877
p1546,process,,8,8,1,pre,post_odor,True,0.2513907253742218,2.290017604827881,-1.7599080801010132
p1546,process,,9,9,4,pre,post_odor,True,0.9111312627792358,3.117037296295166,-1.1679599285125732
p1546,process,,10,10,31,pre,post_odor,True,1.517427921295166,4.513874530792236,-0.215799942612648
p1546,process,,11,11,21,pre,post_odor,True,-0.09703683108091354,1.9225833415985107,-1.940098762512207
p1546,process,,12,12,2,pre,post_odor,True,-0.1849265694618225,1.2336629629135132,-2.2729036808013916
p1546,process,,13,13,39,pre,post_odor,True,0.09857548028230667,1.9490077495574951,-2.1781117916107178
p1546,process,,14,14,1,pre,post_odor,True,0.08465117961168289,2.170518159866333,-2.237478733062744
p1546,process,,15,15,12,pre,post_odor,True,0.8690326809883118,3.484971284866333,-1.9972294569015503
p1546,process,,16,16,22,pre,post_odor,True,0.8708250522613525,2.881307363510132,-0.5803013443946838
p1546,process,,17,17,10,pre,post_odor,True,0.04741058498620987,3.032724380493164,-1.7697306871414185
p1546,process,,18,18,17,pre,post_odor,True,0.8788959980010986,2.9149253368377686,-1.0053467750549316
p1546,process,,19,19,31,pre,post_odor,True,0.34405845403671265,2.7063183784484863,-1.8257133960723877
p1546,process,,20,20,30,pre,post_odor,True,-0.00925868283957243,1.3998316526412964,-1.2429347038269043
p1546,process,,21,21,12,pre,post_odor,True,-0.024174675345420837,2.191331386566162,-2.2009329795837402
p1546,process,,22,22,22,pre,post_odor,True,0.24835941195487976,3.099956750869751,-1.6742066144943237
p1546,process,,23,23,4,pre,post_odor,True,0.07381944358348846,2.6882822513580322,-1.9898656606674194
p1546,process,,24,24,0,pre,post_odor,True,0.21644672751426697,4.634699821472168,-2.5698421001434326
p1546,process,,25,25,3,pre,post_odor,True,0.018333330750465393,2.177485466003418,-1.9365308284759521
p1546,process,,26,26,40,pre,post_odor,True,-0.34569889307022095,2.0937557220458984,-2.6111018657684326
p1546,process,,27,27,10,pre,post_odor,True,-0.48980575799942017,3.132436513900757,-3.0013697147369385
p1546,process,,28,28,21,pre,post_odor,True,0.660566508769989,4.254599094390869,-1.9818518161773682
p1546,process,,29,29,18,pre,post_odor,True,1.1450204849243164,5.438321590423584,-2.7749691009521484
p1546,process,,30,30,18,pre,post_odor,True,-0.6019388437271118,6.951725959777832,-5.7172088623046875
p1546,process,,31,31,0,pre,post_odor,True,0.6622433662414551,7.427163124084473,-4.409761428833008
p1546,process,,32,32,12,post,post_odor,True,0.39537227153778076,1.581087350845337,-1.5021623373031616
p1546,process,,33,33,18,post,post_odor,True,0.16739894449710846,1.5969465970993042,-0.906679630279541
p1546,process,,34,34,40,post,post_odor,True,0.04612499102950096,1.5477566719055176,-1.010239839553833
p1546,process,,35,35,32,post,post_odor,True,0.04858136177062988,1.0598479509353638,-1.103747844696045
p1546,process,,36,36,31,post,post_odor,True,0.010036320425570011,1.2213236093521118,-1.1957231760025024
p1546,process,,37,37,0,post,post_odor,True,-0.057510629296302795,1.223306655883789,-1.3441027402877808
p1546,process,,38,38,4,post,post_odor,True,-0.16926026344299316,1.7196717262268066,-1.1637557744979858
p1546,process,,39,39,2,post,post_odor,True,0.019172873347997665,1.7242720127105713,-0.7336302995681763
p1546,process,,40,40,3,post,post_odor,True,-0.06597352027893066,1.3987282514572144,-1.0835226774215698
p1546,process,,41,41,21,post,post_odor,True,1.606850266456604,6.276652812957764,-0.601728618144989
p1546,process,,42,42,31,post,post_odor,True,-0.04173975810408592,1.2108747959136963,-0.9322482347488403
p1546,process,,43,43,2,post,post_odor,True,-0.05376675724983215,0.8580014109611511,-1.038017749786377
p1546,process,,44,44,32,post,post_odor,True,-0.06344417482614517,1.209662675857544,-0.8433794379234314
p1546,process,,45,45,40,post,post_odor,True,-0.05879669636487961,1.514825463294983,-1.0498006343841553
p1546,process,,46,46,1,post,post_odor,True,-0.0068747722543776035,1.0668799877166748,-1.0864607095718384
p1546,process,,47,47,0,post,post_odor,True,0.08691348135471344,1.18324613571167,-0.9386240243911743
p1546,process,,48,48,22,post,post_odor,True,-0.0896005854010582,1.0482672452926636,-1.055073857307434
p1546,process,,49,49,10,post,post_odor,True,0.050813931971788406,1.1993540525436401,-0.7829262614250183
p1546,process,,50,50,1,post,post_odor,True,-0.123133584856987,1.5212068557739258,-0.8554672002792358
p1546,process,,51,51,30,post,post_odor,True,0.017101513221859932,1.1927388906478882,-1.0828514099121094
p1546,process,,52,52,12,post,post_odor,True,0.06101499870419502,0.8978700041770935,-0.904790997505188
p1546,process,,53,53,3,post,post_odor,True,0.030966969206929207,1.1256405115127563,-0.7935475707054138
p1546,process,,54,54,21,post,post_odor,True,1.1136168241500854,4.139016151428223,-0.536697506904602
p1546,process,,55,55,22,post,post_odor,True,-0.05844388157129288,0.8014057874679565,-0.8527418971061707
p1546,process,,56,56,18,post,post_odor,True,0.10756158083677292,1.245943307876587,-0.8152044415473938
p1546,process,,57,57,30,post,post_odor,True,0.11678219586610794,1.0255262851715088,-0.8899440169334412
p1546,process,,58,58,17,post,post_odor,True,0.07371249794960022,1.4193423986434937,-0.8778815269470215
p1546,process,,59,59,39,post,post_odor,True,0.00760367326438427,1.372043251991272,-1.2365907430648804
p1546,process,,60,60,39,post,post_odor,True,0.11367211490869522,1.5033193826675415,-0.8245149850845337
p1546,process,,61,61,17,post,post_odor,True,-0.10117437690496445,1.4329768419265747,-1.3833509683609009
p1546,process,,62,62,4,post,post_odor,True,-0.27396827936172485,1.214164137840271,-1.468351125717163
p1565,process,,0,0,39,pre,post_odor,True,-0.030239248648285866,2.0650012493133545,-2.406700849533081
p1565,process,,1,1,17,pre,post_odor,True,1.1419442892074585,4.752503395080566,-1.430821418762207
p1565,process,,2,2,32,pre,post_odor,True,0.4683323800563812,4.313065052032471,-2.9728641510009766
p1565,process,,3,3,32,pre,post_odor,True,0.730150043964386,4.298258304595947,-1.929212212562561
p1565,process,,4,4,30,pre,post_odor,True,0.4082837998867035,3.7763254642486572,-1.9909288883209229
p1565,process,,5,5,40,pre,post_odor,True,0.5464981198310852,3.374804973602295,-2.8295466899871826
p1565,process,,6,6,3,pre,post_odor,True,1.500243067741394,4.845188140869141,-1.1709630489349365
p1565,process,,7,7,2,pre,post_odor,True,1.39181387424469,4.86535120010376,-0.8926141858100891
p1565,process,,8,8,1,pre,post_odor,True,0.08562690764665604,3.4613633155822754,-2.512352466583252
p1565,process,,9,9,4,pre,post_odor,True,1.4315248727798462,4.393012523651123,-1.041331171989441
p1565,process,,10,10,31,pre,post_odor,True,1.727158784866333,5.011508464813232,-1.665879487991333
p1565,process,,11,11,21,pre,post_odor,True,0.23646128177642822,1.9802625179290771,-2.634066343307495
p1565,process,,12,12,2,pre,post_odor,True,0.0002447647275403142,3.115739107131958,-3.326274871826172
p1565,process,,13,13,39,pre,post_odor,True,1.1170610189437866,4.995466709136963,-2.25235915184021
p1565,process,,14,14,1,pre,post_odor,True,1.2109954357147217,5.963250160217285,-1.3727489709854126
p1565,process,,15,15,12,pre,post_odor,True,1.1880855560302734,5.177937030792236,-2.916707992553711
p1565,process,,16,16,22,pre,post_odor,True,1.469918966293335,4.767270088195801,-2.160567283630371
p1565,process,,17,17,10,pre,post_odor,True,0.3043173849582672,4.351153373718262,-2.43036150932312
p1565,process,,18,18,17,pre,post_odor,True,1.0974634885787964,4.198002815246582,-1.7685824632644653
p1565,process,,19,19,31,pre,post_odor,True,0.7135078310966492,3.629279851913452,-2.1053874492645264
p1565,process,,20,20,30,pre,post_odor,True,0.13934111595153809,4.459954738616943,-2.0699713230133057
p1565,process,,21,21,12,pre,post_odor,True,0.14175273478031158,4.322616100311279,-3.1911561489105225
p1565,process,,22,22,22,pre,post_odor,True,1.2249903678894043,4.965460300445557,-1.6664315462112427
p1565,process,,23,23,4,pre,post_odor,True,0.30398890376091003,3.188225269317627,-2.6353983879089355
p1565,process,,24,24,0,pre,post_odor,True,-0.18698684871196747,5.343257427215576,-3.664483070373535
p1565,process,,25,25,3,pre,post_odor,True,0.3074339032173157,5.647589206695557,-2.933943748474121
p1565,process,,26,26,40,pre,post_odor,True,1.1433274745941162,4.370180130004883,-1.6105668544769287
p1565,process,,27,27,10,pre,post_odor,True,-0.10096413642168045,3.234504222869873,-2.1435587406158447
p1565,process,,28,28,21,pre,post_odor,True,1.1684801578521729,4.422399044036865,-1.1229135990142822
p1565,process,,29,29,18,pre,post_odor,True,0.9565003514289856,3.8640949726104736,-1.6515971422195435
p1565,process,,30,30,18,pre,post_odor,True,0.5288112759590149,3.570084810256958,-1.9915764331817627
p1565,process,,31,31,0,pre,post_odor,True,0.3033047914505005,3.1369411945343018,-2.0886118412017822
p1565,process,,32,32,12,post,post_odor,True,0.16669069230556488,1.3472837209701538,-1.0125571489334106
p1565,process,,33,33,18,post,post_odor,True,0.6731624007225037,2.251012086868286,-0.3834835886955261
p1565,process,,34,34,40,post,post_odor,True,0.07862893491983414,1.5867211818695068,-1.248030424118042
p1565,process,,35,35,32,post,post_odor,True,0.31443679332733154,2.307295322418213,-0.8851323127746582
p1565,process,,36,36,31,post,post_odor,True,0.15031804144382477,1.9945532083511353,-0.9705407619476318
p1565,process,,37,37,0,post,post_odor,True,-0.017693767324090004,1.7741851806640625,-1.4357430934906006
p1565,process,,38,38,4,post,post_odor,True,-0.12530960142612457,1.9749044179916382,-1.1226263046264648
p1565,process,,39,39,2,post,post_odor,True,0.038941580802202225,1.537754774093628,-1.2815470695495605
p1565,process,,40,40,3,post,post_odor,True,0.07237506657838821,1.5144996643066406,-1.3094743490219116
p1565,process,,41,41,21,post,post_odor,True,1.73562490940094,7.283965110778809,-0.8790337443351746
p1565,process,,42,42,31,post,post_odor,True,0.20561213791370392,2.5310990810394287,-1.1894259452819824
p1565,process,,43,43,2,post,post_odor,True,0.17344532907009125,2.5597527027130127,-1.0408879518508911
p1565,process,,44,44,32,post,post_odor,True,0.20279133319854736,1.8329401016235352,-1.218029260635376
p1565,process,,45,45,40,post,post_odor,True,0.08575111627578735,1.615966558456421,-0.9049647450447083
p1565,process,,46,46,1,post,post_odor,True,0.2179652750492096,2.5227105617523193,-0.7680076360702515
p1565,process,,47,47,0,post,post_odor,True,0.12772712111473083,1.9175257682800293,-1.075600504875183
p1565,process,,48,48,22,post,post_odor,True,0.4313184320926666,2.614354133605957,-1.281172752380371
p1565,process,,49,49,10,post,post_odor,True,-0.10371612757444382,1.4804695844650269,-1.4015415906906128
p1565,process,,50,50,1,post,post_odor,True,0.08455066382884979,1.7948778867721558,-0.7147355079650879
p1565,process,,51,51,30,post,post_odor,True,0.16325236856937408,1.772947072982788,-0.9315235018730164
p1565,process,,52,52,12,post,post_odor,True,0.17580920457839966,1.8693746328353882,-1.0920188426971436
p1565,process,,53,53,3,post,post_odor,True,0.21555010974407196,2.084771156311035,-0.6764841079711914
p1565,process,,54,54,21,post,post_odor,True,1.3031792640686035,3.7009644508361816,-0.6142187118530273
p1565,process,,55,55,22,post,post_odor,True,0.2939315736293793,1.918035626411438,-0.9777341485023499
p1565,process,,56,56,18,post,post_odor,True,0.05432787910103798,2.6839404106140137,-1.3209766149520874
p1565,process,,57,57,30,post,post_odor,True,0.3638184368610382,1.820224642753601,-1.162972092628479
p1565,process,,58,58,17,post,post_odor,True,0.13642382621765137,1.7474979162216187,-1.153681993484497
p1565,process,,59,59,39,post,post_odor,True,0.03693019226193428,2.9033639430999756,-1.276114821434021
p1565,process,,60,60,39,post,post_odor,True,0.04847928136587143,1.1603752374649048,-1.0046814680099487
p1565,process,,61,61,17,post,post_odor,True,0.23060937225818634,1.7763818502426147,-0.8970547914505005
p1565,process,,62,62,4,post,post_odor,True,0.016259649768471718,1.2032970190048218,-0.7997296452522278
p1584,process,,0,0,39,pre,post_odor,True,0.1996273398399353,3.3552205562591553,-2.381483793258667
p1584,process,,1,1,17,pre,post_odor,True,0.09791924059391022,3.8717715740203857,-3.4028425216674805
p1584,process,,2,2,32,pre,post_odor,True,1.440442681312561,4.922367095947266,-1.975403070449829
p1584,process,,3,3,32,pre,post_odor,True,1.2392078638076782,4.337739944458008,-2.108882427215576
p1584,process,,4,4,30,pre,post_odor,True,1.2643604278564453,4.625511169433594,-2.4472131729125977
p1584,process,,5,5,40,pre,post_odor,True,0.8688741326332092,2.9385008811950684,-2.2034287452697754
p1584,process,,6,6,3,pre,post_odor,True,1.4130414724349976,5.762738227844238,-1.1918681859970093
p1584,process,,7,7,2,pre,post_odor,True,0.38816192746162415,3.463775157928467,-2.3140223026275635
p1584,process,,8,8,1,pre,post_odor,True,0.7920376658439636,3.2150447368621826,-1.4380125999450684
p1584,process,,9,9,4,pre,post_odor,True,1.2090682983398438,5.270148754119873,-1.4352904558181763
p1584,process,,10,10,31,pre,post_odor,True,2.1059045791625977,5.79643440246582,-0.7885056734085083
p1584,process,,11,11,21,pre,post_odor,True,1.5461151599884033,7.504706859588623,-2.215057134628296
p1584,process,,12,12,2,pre,post_odor,True,0.8137394785881042,3.066150665283203,-2.1642565727233887
p1584,process,,13,13,39,pre,post_odor,True,0.6639421582221985,5.353832244873047,-2.7290406227111816
p1584,process,,14,14,1,pre,post_odor,True,-0.7633135914802551,3.7093453407287598,-4.252590656280518
p1584,process,,15,15,12,pre,post_odor,True,1.5711647272109985,5.073703289031982,-1.6757957935333252
p1584,process,,16,16,22,pre,post_odor,True,2.102386474609375,4.90281867980957,-2.171781063079834
p1584,process,,17,17,10,pre,post_odor,True,0.888768196105957,4.374671459197998,-1.8765590190887451
p1584,process,,18,18,17,pre,post_odor,True,2.198350429534912,6.550506114959717,-0.7458148002624512
p1584,process,,19,19,31,pre,post_odor,True,2.244960308074951,4.163319110870361,-1.5731735229492188
p1584,process,,20,20,30,pre,post_odor,True,2.4172451496124268,6.487432956695557,-0.6862137317657471
p1584,process,,21,21,12,pre,post_odor,True,0.0008949018083512783,2.870486259460449,-2.973247766494751
p1584,process,,22,22,22,pre,post_odor,True,2.3174850940704346,6.573166847229004,-0.7833926677703857
p1584,process,,23,23,4,pre,post_odor,True,0.7855226993560791,2.7487640380859375,-2.4319820404052734
p1584,process,,24,24,0,pre,post_odor,True,0.3967040479183197,5.37856912612915,-2.6315438747406006
p1584,process,,25,25,3,pre,post_odor,True,0.2072470784187317,3.7264645099639893,-2.29906964302063
p1584,process,,26,26,40,pre,post_odor,True,1.39669668674469,3.6923279762268066,-1.2781765460968018
p1584,process,,27,27,10,pre,post_odor,True,0.582611620426178,3.661013603210449,-2.598133087158203
p1584,process,,28,28,21,pre,post_odor,True,1.503391981124878,5.511775970458984,-1.658050298690796
p1584,process,,29,29,18,pre,post_odor,True,0.6304388642311096,5.460845470428467,-1.9647932052612305
p1584,process,,30,30,18,pre,post_odor,True,0.8793464303016663,3.679781198501587,-1.4675246477127075
p1584,process,,31,31,0,pre,post_odor,True,0.23054054379463196,4.221981525421143,-2.957254648208618
p1584,process,,32,32,12,post,post_odor,True,0.2007402926683426,1.296936273574829,-0.9797441363334656
p1584,process,,33,33,18,post,post_odor,True,0.21976341307163239,1.5520178079605103,-0.8737030029296875
p1584,process,,34,34,40,post,post_odor,True,0.2311069518327713,1.6696395874023438,-1.004292368888855
p1584,process,,35,35,32,post,post_odor,True,0.37072354555130005,1.6435524225234985,-0.9146052598953247
p1584,process,,36,36,31,post,post_odor,True,-0.0994863212108612,0.8939541578292847,-1.271313190460205
p1584,process,,37,37,0,post,post_odor,True,-0.022149542346596718,1.4149705171585083,-0.9430360794067383
p1584,process,,38,38,4,post,post_odor,True,-0.1343139261007309,1.0340899229049683,-1.200429916381836
p1584,process,,39,39,2,post,post_odor,True,0.5076413154602051,2.1118950843811035,-0.8610772490501404
p1584,process,,40,40,3,post,post_odor,True,0.19528226554393768,1.4727832078933716,-0.7866083979606628
p1584,process,,41,41,21,post,post_odor,True,0.7577899694442749,3.037677526473999,-0.5833009481430054
p1584,process,,42,42,31,post,post_odor,True,0.18892256915569305,1.7055104970932007,-0.9347476959228516
p1584,process,,43,43,2,post,post_odor,True,0.743034303188324,2.7417545318603516,-0.27535727620124817
p1584,process,,44,44,32,post,post_odor,True,-0.1359250396490097,0.6397636532783508,-1.3035321235656738
p1584,process,,45,45,40,post,post_odor,True,0.34306788444519043,2.464254140853882,-0.9834790825843811
p1584,process,,46,46,1,post,post_odor,True,0.0020760847255587578,1.0164941549301147,-0.8281181454658508
p1584,process,,47,47,0,post,post_odor,True,0.004024902358651161,0.9165878891944885,-0.952806293964386
p1584,process,,48,48,22,post,post_odor,True,0.06829596310853958,1.4154387712478638,-1.1949236392974854
p1584,process,,49,49,10,post,post_odor,True,-0.07197973877191544,1.0120809078216553,-0.9728667140007019
p1584,process,,50,50,1,post,post_odor,True,-0.03602328151464462,1.3096202611923218,-1.103131890296936
p1584,process,,51,51,30,post,post_odor,True,-0.02905321680009365,1.1559209823608398,-1.07619047164917
p1584,process,,52,52,12,post,post_odor,True,0.145769402384758,1.3891510963439941,-0.7783138751983643
p1584,process,,53,53,3,post,post_odor,True,0.5118358731269836,1.868113398551941,-0.7575780153274536
p1584,process,,54,54,21,post,post_odor,True,0.4998929500579834,1.9989206790924072,-0.7869858145713806
p1584,process,,55,55,22,post,post_odor,True,-0.011751517653465271,1.3928965330123901,-1.000717282295227
p1584,process,,56,56,18,post,post_odor,True,0.06552613526582718,1.5606430768966675,-0.9836795926094055
p1584,process,,57,57,30,post,post_odor,True,0.04911215975880623,1.3620970249176025,-0.7331640720367432
p1584,process,,58,58,17,post,post_odor,True,-0.06449806690216064,0.6066794395446777,-0.7376033067703247
p1584,process,,59,59,39,post,post_odor,True,0.20433728396892548,1.581122875213623,-0.4513772130012512
p1584,process,,60,60,39,post,post_odor,True,0.2886204123497009,1.3815780878067017,-0.4584708511829376
p1584,process,,61,61,17,post,post_odor,True,0.01915832608938217,0.7657584547996521,-0.5345271825790405
p1584,process,,62,62,4,post,post_odor,True,0.05636966601014137,0.6786789894104004,-0.31244006752967834
