unit_id,unit_type,group_id,trial_id,trial_index,odor_id,block,epoch,available,response_mean_z,response_peak_positive_z,response_peak_negative_z
s1,soma,,0,0,39,pre,odor,True,2.132148504257202,5.694502830505371,-1.795180320739746
s1,soma,,1,1,17,pre,odor,True,-4.690028667449951,0.760907769203186,-10.1715087890625
s1,soma,,2,2,32,pre,odor,True,6.999154567718506,11.92454719543457,-0.038015250116586685
s1,soma,,3,3,32,pre,odor,True,10.629782676696777,15.851767539978027,-3.2417423725128174
s1,soma,,4,4,30,pre,odor,True,6.388176918029785,13.958684921264648,-3.578516721725464
s1,soma,,5,5,40,pre,odor,True,2.8317606449127197,7.7124409675598145,-1.390123724937439
s1,soma,,6,6,3,pre,odor,True,4.7680583000183105,8.929644584655762,0.03422825038433075
s1,soma,,7,7,2,pre,odor,True,4.010687351226807,7.8307785987854,-0.9298269152641296
s1,soma,,8,8,1,pre,odor,True,2.7125983238220215,5.519690990447998,-2.35321307182312
s1,soma,,9,9,4,pre,odor,True,1.7654829025268555,5.944902420043945,-3.1728973388671875
s1,soma,,10,10,31,pre,odor,True,2.2920069694519043,8.640223503112793,-3.6674859523773193
s1,soma,,11,11,21,pre,odor,True,6.781705379486084,11.917991638183594,-1.672151803970337
s1,soma,,12,12,2,pre,odor,True,0.4243115782737732,3.3323652744293213,-2.065840244293213
s1,soma,,13,13,39,pre,odor,True,-1.1937164068222046,3.028061866760254,-4.977921009063721
s1,soma,,14,14,1,pre,odor,True,2.726234197616577,7.659168720245361,-3.7088143825531006
s1,soma,,15,15,12,pre,odor,True,-2.320857524871826,4.899472236633301,-6.376800537109375
s1,soma,,16,16,22,pre,odor,True,0.7644485235214233,6.652387619018555,-3.0429210662841797
s1,soma,,17,17,10,pre,odor,True,1.9862581491470337,9.541606903076172,-3.6828463077545166
s1,soma,,18,18,17,pre,odor,True,-1.2920747995376587,3.1302199363708496,-5.664853096008301
s1,soma,,19,19,31,pre,odor,True,-1.0595965385437012,1.2221776247024536,-4.438418388366699
s1,soma,,20,20,30,pre,odor,True,0.07219672203063965,2.0883734226226807,-2.2424750328063965
s1,soma,,21,21,12,pre,odor,True,1.0737102031707764,4.24013090133667,-0.8825710415840149
s1,soma,,22,22,22,pre,odor,True,-0.043358925729990005,1.6472222805023193,-2.05265474319458
s1,soma,,23,23,4,pre,odor,True,2.089768171310425,4.696353912353516,-1.7755482196807861
s1,soma,,24,24,0,pre,odor,True,3.360733985900879,9.854110717773438,-2.8744213581085205
s1,soma,,25,25,3,pre,odor,True,2.78635835647583,6.084037780761719,-2.293508768081665
s1,soma,,26,26,40,pre,odor,True,-0.5137549042701721,6.3813700675964355,-5.891584873199463
s1,soma,,27,27,10,pre,odor,True,3.165364980697632,4.98199462890625,-2.061619281768799
s1,soma,,28,28,21,pre,odor,True,4.919272422790527,8.271101951599121,-0.7724902033805847
s1,soma,,29,29,18,pre,odor,True,-1.643405556678772,1.7860196828842163,-4.051416397094727
s1,soma,,30,30,18,pre,odor,True,-2.693232297897339,-0.8691695332527161,-4.7977190017700195
s1,soma,,31,31,0,pre,odor,True,3.0810658931732178,6.620715618133545,-1.1692285537719727
s1,soma,,32,32,12,post,odor,True,1.7559598684310913,4.144949436187744,-1.1314202547073364
s1,soma,,33,33,18,post,odor,True,1.130298376083374,3.3772482872009277,-0.8770467042922974
s1,soma,,34,34,40,post,odor,True,0.46819889545440674,2.3368723392486572,-0.9072873592376709
s1,soma,,35,35,32,post,odor,True,0.4019492268562317,1.4856592416763306,-1.1636461019515991
s1,soma,,36,36,31,post,odor,True,0.4208056628704071,1.583936095237732,-1.1303247213363647
s1,soma,,37,37,0,post,odor,True,0.6313223242759705,1.6476143598556519,-0.5938321948051453
s1,soma,,38,38,4,post,odor,True,1.6196434497833252,3.4152626991271973,-1.370843768119812
s1,soma,,39,39,2,post,odor,True,1.1438603401184082,2.9103453159332275,-1.0514684915542603
s1,soma,,40,40,3,post,odor,True,1.8564715385437012,3.641340970993042,-0.40377315878868103
s1,soma,,41,41,21,post,odor,True,2.3809654712677,6.40906286239624,-2.536060094833374
s1,soma,,42,42,31,post,odor,True,0.7571697235107422,1.8656511306762695,-0.5487258434295654
s1,soma,,43,43,2,post,odor,True,0.9185219407081604,2.5555317401885986,-1.2445274591445923
s1,soma,,44,44,32,post,odor,True,0.8312858939170837,2.1303317546844482,-0.883841872215271
s1,soma,,45,45,40,post,odor,True,0.33775508403778076,2.307194471359253,-0.7779918909072876
s1,soma,,46,46,1,post,odor,True,0.20562826097011566,1.5456771850585938,-0.8546142578125
s1,soma,,47,47,0,post,odor,True,0.2493349015712738,1.5463570356369019,-0.8668829798698425
s1,soma,,48,48,22,post,odor,True,0.8123341202735901,1.9073071479797363,-0.6316413879394531
s1,soma,,49,49,10,post,odor,True,0.1912074089050293,1.5914057493209839,-0.7963477969169617
s1,soma,,50,50,1,post,odor,True,0.07760399580001831,1.5872547626495361,-0.9446876049041748
s1,soma,,51,51,30,post,odor,True,1.1710927486419678,2.665975570678711,-1.8385828733444214
s1,soma,,52,52,12,post,odor,True,1.54460608959198,4.683813095092773,-1.2066538333892822
s1,soma,,53,53,3,post,odor,True,1.2313276529312134,3.038593053817749,-0.867339551448822
s1,soma,,54,54,21,post,odor,True,3.21899676322937,8.2721529006958,-2.0662143230438232
s1,soma,,55,55,22,post,odor,True,0.774569034576416,2.361689329147339,-1.6537623405456543
s1,soma,,56,56,18,post,odor,True,0.9855124950408936,3.128480911254883,-2.3951876163482666
s1,soma,,57,57,30,post,odor,True,1.8101483583450317,4.269336700439453,-0.5562589764595032
s1,soma,,58,58,17,post,odor,True,0.27370354533195496,2.660944938659668,-1.6853327751159668
s1,soma,,59,59,39,post,odor,True,0.051645126193761826,1.2443358898162842,-1.5312639474868774
s1,soma,,60,60,39,post,odor,True,0.6313169002532959,2.7113006114959717,-1.0215709209442139
s1,soma,,61,61,17,post,odor,True,0.3734903335571289,1.953678011894226,-1.6049388647079468
s1,soma,,62,62,4,post,odor,True,0.6593318581581116,2.536785364151001,-1.5883362293243408
s23,soma,,0,0,39,pre,odor,True,1.3958536386489868,3.934791088104248,-2.7131595611572266
s23,soma,,1,1,17,pre,odor,True,0.919097900390625,6.390992641448975,-2.3009495735168457
s23,soma,,2,2,32,pre,odor,True,3.4451770782470703,7.175705909729004,-0.03107975609600544
s23,soma,,3,3,32,pre,odor,True,1.4060311317443848,4.575932502746582,-1.3188170194625854
s23,soma,,4,4,30,pre,odor,True,1.2471305131912231,3.9071009159088135,-2.1295671463012695
s23,soma,,5,5,40,pre,odor,True,0.7537125945091248,3.738509178161621,-3.063307762145996
s23,soma,,6,6,3,pre,odor,True,4.2702178955078125,7.804199695587158,-1.1768267154693604
s23,soma,,7,7,2,pre,odor,True,2.15436053276062,5.164891242980957,-2.7602410316467285
s23,soma,,8,8,1,pre,odor,True,0.965984046459198,3.8487260341644287,-1.7448172569274902
s23,soma,,9,9,4,pre,odor,True,4.345947742462158,8.250831604003906,-1.922558069229126
s23,soma,,10,10,31,pre,odor,True,2.313279867172241,6.065764904022217,-1.67147696018219
s23,soma,,11,11,21,pre,odor,True,0.9827861189842224,4.718665599822998,-3.4761264324188232
s23,soma,,12,12,2,pre,odor,True,0.1781696379184723,2.4079253673553467,-1.8586523532867432
s23,soma,,13,13,39,pre,odor,True,-1.0240659713745117,1.9637006521224976,-4.038311958312988
s23,soma,,14,14,1,pre,odor,True,1.059728980064392,3.082643747329712,-0.8343226909637451
s23,soma,,15,15,12,pre,odor,True,2.721343994140625,11.555559158325195,-2.8012425899505615
s23,soma,,16,16,22,pre,odor,True,2.5004868507385254,6.325737476348877,-1.8747633695602417
s23,soma,,17,17,10,pre,odor,True,5.9053120613098145,11.909649848937988,-3.196439743041992
s23,soma,,18,18,17,pre,odor,True,-0.8194018602371216,6.294248104095459,-5.942178726196289
s23,soma,,19,19,31,pre,odor,True,1.9004154205322266,5.951663970947266,-1.2309519052505493
s23,soma,,20,20,30,pre,odor,True,0.6539247035980225,3.2201149463653564,-2.1849260330200195
s23,soma,,21,21,12,pre,odor,True,1.51699960231781,5.266880989074707,-1.3517025709152222
s23,soma,,22,22,22,pre,odor,True,3.542484760284424,6.71164083480835,-1.5241597890853882
s23,soma,,23,23,4,pre,odor,True,1.6798207759857178,4.783926010131836,-0.37928760051727295
s23,soma,,24,24,0,pre,odor,True,-0.15653355419635773,3.377039670944214,-4.681769371032715
s23,soma,,25,25,3,pre,odor,True,1.5939456224441528,4.352552890777588,-1.4187246561050415
s23,soma,,26,26,40,pre,odor,True,-0.8944759964942932,2.848896026611328,-4.4798502922058105
s23,soma,,27,27,10,pre,odor,True,2.1952357292175293,4.244292736053467,-2.6497385501861572
s23,soma,,28,28,21,pre,odor,True,1.380733847618103,4.1992597579956055,-2.173764944076538
s23,soma,,29,29,18,pre,odor,True,1.0343995094299316,3.7535367012023926,-1.6063569784164429
s23,soma,,30,30,18,pre,odor,True,-2.248382091522217,-0.388820081949234,-4.115965843200684
s23,soma,,31,31,0,pre,odor,True,-0.2022903859615326,2.9150686264038086,-3.033952236175537
s23,soma,,32,32,12,post,odor,True,0.041191015392541885,0.6912859082221985,-0.7569200992584229
s23,soma,,33,33,18,post,odor,True,0.33090072870254517,1.3449093103408813,-0.8962476253509521
s23,soma,,34,34,40,post,odor,True,0.08498022705316544,1.046296238899231,-0.6503472328186035
s23,soma,,35,35,32,post,odor,True,0.2809686064720154,1.2850971221923828,-0.8685793280601501
s23,soma,,36,36,31,post,odor,True,0.18278419971466064,1.231804609298706,-0.5473355650901794
s23,soma,,37,37,0,post,odor,True,-0.046753644943237305,0.9260374903678894,-0.8052180409431458
s23,soma,,38,38,4,post,odor,True,0.04844267666339874,0.742428183555603,-0.5090595483779907
s23,soma,,39,39,2,post,odor,True,0.004076238255947828,1.1616933345794678,-0.6997265815734863
s23,soma,,40,40,3,post,odor,True,0.09130335599184036,0.9743613004684448,-0.45838621258735657
s23,soma,,41,41,21,post,odor,True,0.8815472722053528,2.0716161727905273,-0.38046547770500183
s23,soma,,42,42,31,post,odor,True,0.09435926377773285,1.0658766031265259,-0.7128286361694336
s23,soma,,43,43,2,post,odor,True,-0.016568560153245926,0.53387850522995,-0.6857621669769287
s23,soma,,44,44,32,post,odor,True,0.22788071632385254,1.2184944152832031,-0.6726480722427368
s23,soma,,45,45,40,post,odor,True,0.06771323084831238,0.8496187925338745,-0.8071064949035645
s23,soma,,46,46,1,post,odor,True,0.019629700109362602,0.815180778503418,-0.596532940864563
s23,soma,,47,47,0,post,odor,True,0.02313205413520336,0.7027745246887207,-0.6200569868087769
s23,soma,,48,48,22,post,odor,True,0.10475796461105347,1.1891127824783325,-0.6153074502944946
s23,soma,,49,49,10,post,odor,True,-0.008073790930211544,0.6725479364395142,-0.6661772131919861
s23,soma,,50,50,1,post,odor,True,-0.049599334597587585,0.5844851136207581,-0.6555406451225281
s23,soma,,51,51,30,post,odor,True,0.1950387954711914,1.0957423448562622,-0.673222541809082
s23,soma,,52,52,12,post,odor,True,0.019765682518482208,0.7332100868225098,-0.6619272828102112
s23,soma,,53,53,3,post,odor,True,0.05639389529824257,0.7758914828300476,-0.6072816848754883
s23,soma,,54,54,21,post,odor,True,0.8522117137908936,1.7857928276062012,-0.4566960632801056
s23,soma,,55,55,22,post,odor,True,0.23202764987945557,1.2964500188827515,-0.5147978067398071
s23,soma,,56,56,18,post,odor,True,0.11811280995607376,0.625174880027771,-0.44106683135032654
s23,soma,,57,57,30,post,odor,True,0.1990976333618164,0.9116020798683167,-0.503445029258728
s23,soma,,58,58,17,post,odor,True,0.16407510638237,0.7657791972160339,-0.363932341337204
s23,soma,,59,59,39,post,odor,True,0.0006533262203447521,0.5996086597442627,-0.5493239760398865
s23,soma,,60,60,39,post,odor,True,0.03628912940621376,0.6549851894378662,-0.5631198287010193
s23,soma,,61,61,17,post,odor,True,0.26245811581611633,1.2117418050765991,-0.6680511236190796
s23,soma,,62,62,4,post,odor,True,0.02067641168832779,0.7285664081573486,-0.6268652677536011
s46,soma,,0,0,39,pre,odor,True,-0.7197768092155457,2.874403715133667,-4.299337387084961
s46,soma,,1,1,17,pre,odor,True,-0.6334123015403748,2.4208130836486816,-4.973909854888916
s46,soma,,2,2,32,pre,odor,True,3.9855072498321533,7.577822685241699,0.4410913288593292
s46,soma,,3,3,32,pre,odor,True,4.199681758880615,7.938023090362549,-1.897477149963379
s46,soma,,4,4,30,pre,odor,True,3.1351540088653564,7.9818620681762695,-1.3511765003204346
s46,soma,,5,5,40,pre,odor,True,-0.7718382477760315,2.5798532962799072,-3.6737053394317627
s46,soma,,6,6,3,pre,odor,True,-0.8971481323242188,2.1822147369384766,-5.208681106567383
s46,soma,,7,7,2,pre,odor,True,0.551366925239563,4.377993106842041,-3.210470676422119
s46,soma,,8,8,1,pre,odor,True,2.079115152359009,6.681168079376221,-2.183168411254883
s46,soma,,9,9,4,pre,odor,True,0.7566311359405518,4.922698020935059,-3.4171929359436035
s46,soma,,10,10,31,pre,odor,True,2.963233470916748,8.28628158569336,-2.329691171646118
s46,soma,,11,11,21,pre,odor,True,-1.2122619152069092,2.2164692878723145,-5.81242036819458
s46,soma,,12,12,2,pre,odor,True,-0.38764914870262146,3.0009331703186035,-3.098780632019043
s46,soma,,13,13,39,pre,odor,True,-2.3883614540100098,1.6047159433364868,-6.251334190368652
s46,soma,,14,14,1,pre,odor,True,1.3546446561813354,5.380621433258057,-2.1988236904144287
s46,soma,,15,15,12,pre,odor,True,1.9210237264633179,7.047121047973633,-3.0580036640167236
s46,soma,,16,16,22,pre,odor,True,3.011464834213257,8.981773376464844,-1.8348413705825806
s46,soma,,17,17,10,pre,odor,True,4.013921737670898,8.824962615966797,-1.4454618692398071
s46,soma,,18,18,17,pre,odor,True,-1.5735994577407837,1.9502185583114624,-6.998115539550781
s46,soma,,19,19,31,pre,odor,True,1.6355400085449219,5.143810272216797,-1.8150782585144043
s46,soma,,20,20,30,pre,odor,True,0.459157794713974,3.666849374771118,-1.9411908388137817
s46,soma,,21,21,12,pre,odor,True,-1.0698001384735107,2.70487642288208,-3.437699317932129
s46,soma,,22,22,22,pre,odor,True,1.415521502494812,4.798166275024414,-1.6527388095855713
s46,soma,,23,23,4,pre,odor,True,-1.1551010608673096,2.0014536380767822,-3.8822638988494873
s46,soma,,24,24,0,pre,odor,True,-0.48063674569129944,3.4285717010498047,-5.8894171714782715
s46,soma,,25,25,3,pre,odor,True,-2.7796504497528076,1.8921982049942017,-7.6014180183410645
s46,soma,,26,26,40,pre,odor,True,-0.18924382328987122,3.7935328483581543,-4.828845977783203
s46,soma,,27,27,10,pre,odor,True,4.055638790130615,7.445071220397949,-0.15631377696990967
s46,soma,,28,28,21,pre,odor,True,0.12928788363933563,4.988245487213135,-3.3233680725097656
s46,soma,,29,29,18,pre,odor,True,0.4418379068374634,2.7539379596710205,-2.9668400287628174
s46,soma,,30,30,18,pre,odor,True,-0.7114914655685425,1.4761706590652466,-2.9659154415130615
s46,soma,,31,31,0,pre,odor,True,-1.4875086545944214,0.7754995822906494,-3.5913264751434326
s46,soma,,32,32,12,post,odor,True,0.4619351625442505,1.9044880867004395,-0.47056058049201965
s46,soma,,33,33,18,post,odor,True,-0.231221541762352,0.7534818649291992,-1.2801339626312256
s46,soma,,34,34,40,post,odor,True,0.0699431300163269,1.0514774322509766,-0.7605476975440979
s46,soma,,35,35,32,post,odor,True,-0.1453777402639389,0.89373379945755,-1.1599868535995483
s46,soma,,36,36,31,post,odor,True,0.22205299139022827,1.386672854423523,-0.4980258047580719
s46,soma,,37,37,0,post,odor,True,0.22663593292236328,1.856134057044983,-0.8597234487533569
s46,soma,,38,38,4,post,odor,True,0.11175759881734848,1.3790967464447021,-1.0332125425338745
s46,soma,,39,39,2,post,odor,True,0.15458112955093384,0.9027524590492249,-0.9022570848464966
s46,soma,,40,40,3,post,odor,True,0.18336141109466553,0.9979450702667236,-0.6422283053398132
s46,soma,,41,41,21,post,odor,True,0.23520535230636597,2.1557235717773438,-0.7745542526245117
s46,soma,,42,42,31,post,odor,True,0.3391251862049103,1.334589958190918,-1.5536772012710571
s46,soma,,43,43,2,post,odor,True,0.08493634313344955,1.0606337785720825,-0.8445585370063782
s46,soma,,44,44,32,post,odor,True,0.1906612068414688,1.218168020248413,-0.7694752216339111
s46,soma,,45,45,40,post,odor,True,-0.013749759644269943,1.370865821838379,-0.9210861325263977
s46,soma,,46,46,1,post,odor,True,-0.05193974822759628,0.5538145899772644,-0.9283396005630493
s46,soma,,47,47,0,post,odor,True,0.16099245846271515,1.2919107675552368,-0.6803853511810303
s46,soma,,48,48,22,post,odor,True,-0.06783142685890198,1.3303755521774292,-1.2598093748092651
s46,soma,,49,49,10,post,odor,True,0.33636876940727234,1.5639417171478271,-1.2517777681350708
s46,soma,,50,50,1,post,odor,True,0.01975921168923378,0.8463178277015686,-1.1389058828353882
s46,soma,,51,51,30,post,odor,True,0.04539479687809944,1.50849187374115,-0.9915717244148254
s46,soma,,52,52,12,post,odor,True,0.43219247460365295,1.6224923133850098,-0.9024737477302551
s46,soma,,53,53,3,post,odor,True,0.37056589126586914,1.665825366973877,-0.4508369266986847
s46,soma,,54,54,21,post,odor,True,0.6289360523223877,2.2058472633361816,-0.8314307332038879
s46,soma,,55,55,22,post,odor,True,0.5870677828788757,2.1601476669311523,-0.5939671397209167
s46,soma,,56,56,18,post,odor,True,-0.09397019445896149,1.6506513357162476,-1.0864561796188354
s46,soma,,57,57,30,post,odor,True,0.08075832575559616,0.9821805357933044,-1.0363328456878662
s46,soma,,58,58,17,post,odor,True,0.030539754778146744,1.1496778726577759,-1.2282445430755615
s46,soma,,59,59,39,post,odor,True,0.18352122604846954,1.3116766214370728,-1.2781598567962646
s46,soma,,60,60,39,post,odor,True,0.07953714579343796,1.0291260480880737,-1.018345832824707
s46,soma,,61,61,17,post,odor,True,0.13635994493961334,1.2428728342056274,-0.6394433975219727
s46,soma,,62,62,4,post,odor,True,-0.07415856420993805,1.074491262435913,-1.170535922050476
s68,soma,,0,0,39,pre,odor,True,8.051706314086914,20.233089447021484,-2.9096338748931885
s68,soma,,1,1,17,pre,odor,True,-2.1246724128723145,0.29605135321617126,-4.032618045806885
s68,soma,,2,2,32,pre,odor,True,20.043432235717773,29.740581512451172,2.9216272830963135
s68,soma,,3,3,32,pre,odor,True,19.133743286132812,28.565649032592773,-1.8619271516799927
s68,soma,,4,4,30,pre,odor,True,26.1362361907959,38.77033233642578,-0.23886698484420776
s68,soma,,5,5,40,pre,odor,True,9.811921119689941,23.11297035217285,-2.3384788036346436
s68,soma,,6,6,3,pre,odor,True,0.5587660074234009,5.8209757804870605,-3.3714542388916016
s68,soma,,7,7,2,pre,odor,True,2.328360080718994,7.107736587524414,-0.5145087242126465
s68,soma,,8,8,1,pre,odor,True,15.743314743041992,32.42143249511719,-2.974489688873291
s68,soma,,9,9,4,pre,odor,True,1.532192349433899,5.834677219390869,-1.6518001556396484
s68,soma,,10,10,31,pre,odor,True,5.6957573890686035,15.84455680847168,0.4255041480064392
s68,soma,,11,11,21,pre,odor,True,-3.3725638389587402,0.060978565365076065,-6.1501545906066895
s68,soma,,12,12,2,pre,odor,True,2.206932783126831,4.53762149810791,-0.8891621232032776
s68,soma,,13,13,39,pre,odor,True,8.438028335571289,15.233918190002441,-2.2597193717956543
s68,soma,,14,14,1,pre,odor,True,21.446529388427734,36.6146240234375,-2.4324958324432373
s68,soma,,15,15,12,pre,odor,True,4.559887409210205,21.95688247680664,-3.344984769821167
s68,soma,,16,16,22,pre,odor,True,0.6925995349884033,5.160316467285156,-2.3280186653137207
s68,soma,,17,17,10,pre,odor,True,1.024221658706665,3.9621524810791016,-1.963531494140625
s68,soma,,18,18,17,pre,odor,True,1.6553313732147217,5.847860813140869,-1.4447263479232788
s68,soma,,19,19,31,pre,odor,True,0.23260420560836792,7.138435363769531,-3.8551900386810303
s68,soma,,20,20,30,pre,odor,True,0.7790132164955139,4.822501182556152,-1.0948193073272705
s68,soma,,21,21,12,pre,odor,True,-0.9199842810630798,2.0512218475341797,-3.5405335426330566
s68,soma,,22,22,22,pre,odor,True,-0.8499963283538818,2.23091983795166,-2.9762799739837646
s68,soma,,23,23,4,pre,odor,True,-0.6200097799301147,0.801365077495575,-3.09635066986084
s68,soma,,24,24,0,pre,odor,True,0.1114886999130249,4.631187438964844,-3.8700990676879883
s68,soma,,25,25,3,pre,odor,True,-0.9912819266319275,3.0356810092926025,-2.993173837661743
s68,soma,,26,26,40,pre,odor,True,1.0042057037353516,10.800329208374023,-4.884203910827637
s68,soma,,27,27,10,pre,odor,True,-1.8755213022232056,1.4060825109481812,-4.920137882232666
s68,soma,,28,28,21,pre,odor,True,-0.05007416754961014,3.1529784202575684,-3.6397130489349365
s68,soma,,29,29,18,pre,odor,True,-0.9854921698570251,1.9971176385879517,-4.064576625823975
s68,soma,,30,30,18,pre,odor,True,0.4776606559753418,3.2208592891693115,-2.2696266174316406
s68,soma,,31,31,0,pre,odor,True,-0.4410891532897949,2.7498912811279297,-2.4869132041931152
s68,soma,,32,32,12,post,odor,True,-0.13779626786708832,1.1050686836242676,-1.324306607246399
s68,soma,,33,33,18,post,odor,True,0.6419329047203064,2.0517735481262207,-0.724497377872467
s68,soma,,34,34,40,post,odor,True,0.31116798520088196,1.6901215314865112,-0.627962589263916
s68,soma,,35,35,32,post,odor,True,-0.07410816848278046,1.3142781257629395,-1.2491400241851807
s68,soma,,36,36,31,post,odor,True,-0.04352741315960884,1.4127109050750732,-2.0417065620422363
s68,soma,,37,37,0,post,odor,True,-0.16959644854068756,0.9753472805023193,-1.2220643758773804
s68,soma,,38,38,4,post,odor,True,-0.013366318307816982,1.3393101692199707,-1.5232841968536377
s68,soma,,39,39,2,post,odor,True,-0.11092657595872879,0.9744477272033691,-1.2403589487075806
s68,soma,,40,40,3,post,odor,True,0.013512889854609966,1.4114718437194824,-0.997771680355072
s68,soma,,41,41,21,post,odor,True,0.9992851614952087,2.524839162826538,-0.6129183173179626
s68,soma,,42,42,31,post,odor,True,0.12386004626750946,1.6797899007797241,-1.2350443601608276
s68,soma,,43,43,2,post,odor,True,-0.0032273961696773767,1.1819534301757812,-1.1862953901290894
s68,soma,,44,44,32,post,odor,True,0.062292855232954025,1.389553189277649,-1.1234097480773926
s68,soma,,45,45,40,post,odor,True,-0.0725381076335907,1.4974443912506104,-1.1550768613815308
s68,soma,,46,46,1,post,odor,True,-0.2441505789756775,1.0668606758117676,-1.1288162469863892
s68,soma,,47,47,0,post,odor,True,-0.020506421104073524,1.4022777080535889,-0.8826368451118469
s68,soma,,48,48,22,post,odor,True,-0.037554774433374405,1.4357290267944336,-1.2348498106002808
s68,soma,,49,49,10,post,odor,True,0.18077866733074188,1.1418321132659912,-1.2562918663024902
s68,soma,,50,50,1,post,odor,True,0.02269519492983818,0.8674455881118774,-1.0625908374786377
s68,soma,,51,51,30,post,odor,True,0.19798310101032257,1.1395717859268188,-0.8016444444656372
s68,soma,,52,52,12,post,odor,True,0.0949251800775528,1.1226671934127808,-1.0717737674713135
s68,soma,,53,53,3,post,odor,True,0.14195124804973602,1.4959970712661743,-0.6426054239273071
s68,soma,,54,54,21,post,odor,True,0.6221483945846558,2.287649631500244,-0.7059665322303772
s68,soma,,55,55,22,post,odor,True,-0.02353927679359913,1.3497648239135742,-1.1400251388549805
s68,soma,,56,56,18,post,odor,True,0.20481286942958832,1.0965055227279663,-0.6596023440361023
s68,soma,,57,57,30,post,odor,True,0.03418871760368347,1.024657964706421,-1.1268751621246338
s68,soma,,58,58,17,post,odor,True,-0.20512086153030396,1.3508844375610352,-1.1410640478134155
s68,soma,,59,59,39,post,odor,True,-0.00519487913697958,0.8125280737876892,-1.1070467233657837
s68,soma,,60,60,39,post,odor,True,0.14135976135730743,1.2293282747268677,-0.7831181287765503
s68,soma,,61,61,17,post,odor,True,0.11769849807024002,1.394742727279663,-0.7819119095802307
s68,soma,,62,62,4,post,odor,True,0.20659597218036652,1.061267375946045,-0.45794323086738586
s90,soma,,0,0,39,pre,odor,True,0.34463581442832947,6.148220539093018,-3.6029982566833496
s90,soma,,1,1,17,pre,odor,True,-1.9999140501022339,3.5157277584075928,-7.421955108642578
s90,soma,,2,2,32,pre,odor,True,12.948501586914062,18.83768081665039,1.3554705381393433
s90,soma,,3,3,32,pre,odor,True,13.936683654785156,21.5625057220459,-1.1057648658752441
s90,soma,,4,4,30,pre,odor,True,14.02927017211914,19.7147274017334,1.8951177597045898
s90,soma,,5,5,40,pre,odor,True,1.1949903964996338,5.4700446128845215,-2.525810956954956
s90,soma,,6,6,3,pre,odor,True,4.660421371459961,13.056631088256836,-2.044252395629883
s90,soma,,7,7,2,pre,odor,True,3.407367706298828,11.385107040405273,-4.486542701721191
s90,soma,,8,8,1,pre,odor,True,2.64296555519104,6.1752705574035645,-2.275157928466797
s90,soma,,9,9,4,pre,odor,True,5.692285060882568,12.57481861114502,-3.701277017593384
s90,soma,,10,10,31,pre,odor,True,6.481175422668457,21.081239700317383,-2.622191905975342
s90,soma,,11,11,21,pre,odor,True,0.1691736876964569,5.82411527633667,-5.569910049438477
s90,soma,,12,12,2,pre,odor,True,1.574748158454895,5.408909320831299,-2.6379482746124268
s90,soma,,13,13,39,pre,odor,True,-0.03508506342768669,3.2402091026306152,-4.173972129821777
s90,soma,,14,14,1,pre,odor,True,4.301299095153809,10.275162696838379,-0.38399171829223633
s90,soma,,15,15,12,pre,odor,True,1.221535563468933,7.2255449295043945,-2.505105495452881
s90,soma,,16,16,22,pre,odor,True,3.0369551181793213,14.964802742004395,-2.507399082183838
s90,soma,,17,17,10,pre,odor,True,4.134848117828369,11.830252647399902,-2.5366930961608887
s90,soma,,18,18,17,pre,odor,True,-1.8454340696334839,0.2769644260406494,-3.253518581390381
s90,soma,,19,19,31,pre,odor,True,3.1958632469177246,8.912559509277344,-1.7373874187469482
s90,soma,,20,20,30,pre,odor,True,2.401693105697632,7.975742816925049,-1.4374744892120361
s90,soma,,21,21,12,pre,odor,True,0.31240391731262207,2.7345802783966064,-0.8463395833969116
s90,soma,,22,22,22,pre,odor,True,0.4636595547199249,2.7988665103912354,-0.9130548238754272
s90,soma,,23,23,4,pre,odor,True,-0.11726006120443344,0.9739277362823486,-1.2361218929290771
s90,soma,,24,24,0,pre,odor,True,1.5321060419082642,5.076728820800781,-2.2057104110717773
s90,soma,,25,25,3,pre,odor,True,-0.3405151963233948,4.56683349609375,-3.143368721008301
s90,soma,,26,26,40,pre,odor,True,-1.5517975091934204,1.1944384574890137,-3.7125675678253174
s90,soma,,27,27,10,pre,odor,True,1.667572021484375,5.317887783050537,-1.9446157217025757
s90,soma,,28,28,21,pre,odor,True,-2.051546335220337,-0.2543187439441681,-4.357830047607422
s90,soma,,29,29,18,pre,odor,True,-0.07383892685174942,0.8058062195777893,-1.03583562374115
s90,soma,,30,30,18,pre,odor,True,-0.8589529395103455,-0.09230130910873413,-1.5232656002044678
s90,soma,,31,31,0,pre,odor,True,0.3650035858154297,2.173346519470215,-0.9764571785926819
s90,soma,,32,32,12,post,odor,True,-0.015190054662525654,0.5218842029571533,-0.7062806487083435
s90,soma,,33,33,18,post,odor,True,0.05502793937921524,0.8504502177238464,-0.5209921002388
s90,soma,,34,34,40,post,odor,True,0.09489279985427856,0.5929793119430542,-0.4590771794319153
s90,soma,,35,35,32,post,odor,True,-0.018019048497080803,0.7648738026618958,-0.7479274272918701
s90,soma,,36,36,31,post,odor,True,-0.11788264662027359,1.0570279359817505,-0.7415262460708618
s90,soma,,37,37,0,post,odor,True,-0.09770137816667557,0.38686999678611755,-0.667212188243866
s90,soma,,38,38,4,post,odor,True,-0.02165094017982483,0.8747106194496155,-0.6361414194107056
s90,soma,,39,39,2,post,odor,True,-0.05651150271296501,0.48924705386161804,-0.5752800703048706
s90,soma,,40,40,3,post,odor,True,-0.02616823837161064,0.9376180768013,-0.5643415451049805
s90,soma,,41,41,21,post,odor,True,-0.047939956188201904,0.6108553409576416,-0.5772708654403687
s90,soma,,42,42,31,post,odor,True,-0.005338327959179878,0.6733995676040649,-0.6582431793212891
s90,soma,,43,43,2,post,odor,True,0.040514133870601654,0.8536103367805481,-0.593369722366333
s90,soma,,44,44,32,post,odor,True,-0.0546853244304657,0.6900410056114197,-0.5506577491760254
s90,soma,,45,45,40,post,odor,True,0.011117091402411461,0.5505799651145935,-0.5034388899803162
s90,soma,,46,46,1,post,odor,True,0.0008614521939307451,0.7408564686775208,-0.5045750737190247
s90,soma,,47,47,0,post,odor,True,-0.010953884571790695,0.7584785223007202,-0.4841035306453705
s90,soma,,48,48,22,post,odor,True,0.102815181016922,0.8216930031776428,-0.5132055282592773
s90,soma,,49,49,10,post,odor,True,0.03555954247713089,0.7560590505599976,-0.4327795207500458
s90,soma,,50,50,1,post,odor,True,-0.1690216213464737,0.40360334515571594,-0.6650679707527161
s90,soma,,51,51,30,post,odor,True,0.08411475270986557,0.7482877373695374,-0.5667358636856079
s90,soma,,52,52,12,post,odor,True,-0.05050387606024742,0.701638400554657,-0.617831826210022
s90,soma,,53,53,3,post,odor,True,0.019232062622904778,0.6322177052497864,-0.5922988057136536
s90,soma,,54,54,21,post,odor,True,-0.1322847306728363,0.5828794240951538,-0.5839706659317017
s90,soma,,55,55,22,post,odor,True,-0.008635235950350761,0.747640073299408,-0.49155372381210327
s90,soma,,56,56,18,post,odor,True,0.08180487155914307,0.6318169832229614,-0.6109187602996826
s90,soma,,57,57,30,post,odor,True,0.018333332613110542,0.6847991347312927,-0.8345221281051636
s90,soma,,58,58,17,post,odor,True,0.09077947586774826,0.8961321711540222,-0.7734339237213135
s90,soma,,59,59,39,post,odor,True,0.03167339786887169,0.856427013874054,-0.5846081972122192
s90,soma,,60,60,39,post,odor,True,0.11641499400138855,1.0207185745239258,-0.573758602142334
s90,soma,,61,61,17,post,odor,True,0.020664354786276817,1.3509414196014404,-0.7414398789405823
s90,soma,,62,62,4,post,odor,True,-0.047336991876363754,0.6475418210029602,-0.6757258176803589
s112,soma,,0,0,39,pre,odor,True,4.000628471374512,11.502087593078613,-2.7877113819122314
s112,soma,,1,1,17,pre,odor,True,-2.6728734970092773,2.404603958129883,-5.36519718170166
s112,soma,,2,2,32,pre,odor,True,2.557541847229004,8.565950393676758,-3.2315170764923096
s112,soma,,3,3,32,pre,odor,True,0.44635704159736633,4.97967529296875,-3.0229599475860596
s112,soma,,4,4,30,pre,odor,True,7.785356044769287,17.37912368774414,-4.1604437828063965
s112,soma,,5,5,40,pre,odor,True,1.8126345872879028,8.091943740844727,-3.5451431274414062
s112,soma,,6,6,3,pre,odor,True,5.022983074188232,15.753683090209961,-2.5589542388916016
s112,soma,,7,7,2,pre,odor,True,8.225260734558105,16.55359649658203,-2.19374680519104
s112,soma,,8,8,1,pre,odor,True,6.98073148727417,18.042896270751953,-3.358808755874634
s112,soma,,9,9,4,pre,odor,True,11.39053726196289,20.85093116760254,-4.7379021644592285
s112,soma,,10,10,31,pre,odor,True,-1.8306318521499634,3.785400867462158,-6.444765090942383
s112,soma,,11,11,21,pre,odor,True,0.1892220824956894,7.29758358001709,-5.128152370452881
s112,soma,,12,12,2,pre,odor,True,3.8471548557281494,13.715181350708008,-3.4030401706695557
s112,soma,,13,13,39,pre,odor,True,3.199266195297241,8.875582695007324,-0.9608293175697327
s112,soma,,14,14,1,pre,odor,True,6.885190486907959,16.665735244750977,-3.2528939247131348
s112,soma,,15,15,12,pre,odor,True,2.618377923965454,12.407801628112793,-3.209350824356079
s112,soma,,16,16,22,pre,odor,True,0.6565797328948975,6.103352069854736,-3.20786452293396
s112,soma,,17,17,10,pre,odor,True,1.9259282350540161,7.109318733215332,-1.7559971809387207
s112,soma,,18,18,17,pre,odor,True,-0.7981303930282593,2.749652624130249,-3.595613479614258
s112,soma,,19,19,31,pre,odor,True,-0.9472883939743042,1.830854892730713,-4.284722805023193
s112,soma,,20,20,30,pre,odor,True,-0.45554596185684204,3.3952178955078125,-4.211390495300293
s112,soma,,21,21,12,pre,odor,True,-0.4451926648616791,2.6821787357330322,-4.577475547790527
s112,soma,,22,22,22,pre,odor,True,0.24955326318740845,3.4084253311157227,-2.5666959285736084
s112,soma,,23,23,4,pre,odor,True,0.2514270842075348,2.857558012008667,-3.852447032928467
s112,soma,,24,24,0,pre,odor,True,0.6686151623725891,4.978865623474121,-2.4080374240875244
s112,soma,,25,25,3,pre,odor,True,1.1206682920455933,8.922029495239258,-4.4403395652771
s112,soma,,26,26,40,pre,odor,True,-0.8007685542106628,3.0542471408843994,-3.622694492340088
s112,soma,,27,27,10,pre,odor,True,1.6194192171096802,6.469460487365723,-2.9018983840942383
s112,soma,,28,28,21,pre,odor,True,-0.7218741774559021,2.2324092388153076,-4.308229446411133
s112,soma,,29,29,18,pre,odor,True,-0.46234333515167236,0.8477961421012878,-2.8433966636657715
s112,soma,,30,30,18,pre,odor,True,-1.4447351694107056,0.41657882928848267,-3.4040277004241943
s112,soma,,31,31,0,pre,odor,True,-0.4567241966724396,1.1891770362854004,-1.9772216081619263
s112,soma,,32,32,12,post,odor,True,-0.10024852305650711,0.41575050354003906,-0.593621551990509
s112,soma,,33,33,18,post,odor,True,0.020927367731928825,0.9768826961517334,-0.4704056680202484
s112,soma,,34,34,40,post,odor,True,0.04067756235599518,1.0091983079910278,-0.5837763547897339
s112,soma,,35,35,32,post,odor,True,0.01088676042854786,0.6515750885009766,-0.6699492931365967
s112,soma,,36,36,31,post,odor,True,-0.030656330287456512,0.4140503406524658,-0.3075036108493805
s112,soma,,37,37,0,post,odor,True,0.0955633744597435,0.7478458285331726,-0.35215914249420166
s112,soma,,38,38,4,post,odor,True,-0.09305207431316376,0.5023438334465027,-0.7119120955467224
s112,soma,,39,39,2,post,odor,True,0.02777254953980446,0.554918646812439,-0.4674549102783203
s112,soma,,40,40,3,post,odor,True,0.010188671760261059,0.8618984222412109,-0.6373942494392395
s112,soma,,41,41,21,post,odor,True,0.7428231835365295,1.7180582284927368,-0.4856144189834595
s112,soma,,42,42,31,post,odor,True,0.00490190414711833,0.5365506410598755,-0.36085814237594604
s112,soma,,43,43,2,post,odor,True,0.008070043288171291,0.6616024374961853,-0.5874634981155396
s112,soma,,44,44,32,post,odor,True,0.0674252063035965,0.622304379940033,-0.4499674439430237
s112,soma,,45,45,40,post,odor,True,-0.14401519298553467,0.3704833984375,-0.593561053276062
s112,soma,,46,46,1,post,odor,True,-0.07329881191253662,0.4270818829536438,-0.5947780609130859
s112,soma,,47,47,0,post,odor,True,-0.10180134326219559,0.42543068528175354,-0.47212666273117065
s112,soma,,48,48,22,post,odor,True,0.039551276713609695,0.6689817309379578,-0.44830548763275146
s112,soma,,49,49,10,post,odor,True,0.04792139679193497,0.6647139191627502,-0.5299411416053772
s112,soma,,50,50,1,post,odor,True,0.011574849486351013,0.5058693289756775,-0.5971214771270752
s112,soma,,51,51,30,post,odor,True,0.12156425416469574,0.6187579035758972,-0.38643500208854675
s112,soma,,52,52,12,post,odor,True,-0.033021993935108185,0.5522803068161011,-0.6810982823371887
s112,soma,,53,53,3,post,odor,True,-0.034228499978780746,0.5278366804122925,-0.43073269724845886
s112,soma,,54,54,21,post,odor,True,0.5264552235603333,1.1537779569625854,-0.21576723456382751
s112,soma,,55,55,22,post,odor,True,-0.02250755950808525,0.37562692165374756,-0.46864035725593567
s112,soma,,56,56,18,post,odor,True,0.03158217668533325,0.4789397716522217,-0.3717162609100342
s112,soma,,57,57,30,post,odor,True,-0.021495090797543526,0.44172579050064087,-0.3603460490703583
s112,soma,,58,58,17,post,odor,True,0.04303882643580437,0.46211808919906616,-0.36968278884887695
s112,soma,,59,59,39,post,odor,True,0.004054590594023466,0.4993288218975067,-0.3940390944480896
s112,soma,,60,60,39,post,odor,True,0.010956579819321632,0.40414929389953613,-0.20034468173980713
s112,soma,,61,61,17,post,odor,True,-0.01809912919998169,0.3584723472595215,-0.2763368487358093
s112,soma,,62,62,4,post,odor,True,-0.01493757776916027,0.24032339453697205,-0.14914509654045105
s135,soma,,0,0,39,pre,odor,True,0.37017160654067993,3.1295511722564697,-3.333385944366455
s135,soma,,1,1,17,pre,odor,True,0.11704305559396744,3.5245161056518555,-2.178405523300171
s135,soma,,2,2,32,pre,odor,True,2.3382458686828613,5.1884307861328125,0.7246851921081543
s135,soma,,3,3,32,pre,odor,True,2.8441641330718994,5.910831928253174,-1.0311598777770996
s135,soma,,4,4,30,pre,odor,True,1.712754249572754,4.183709621429443,-1.0805336236953735
s135,soma,,5,5,40,pre,odor,True,0.9524471759796143,3.729790210723877,-2.408170700073242
s135,soma,,6,6,3,pre,odor,True,1.9971116781234741,5.432854652404785,-2.929273843765259
s135,soma,,7,7,2,pre,odor,True,1.9164594411849976,5.0326738357543945,-2.5948498249053955
s135,soma,,8,8,1,pre,odor,True,0.38568979501724243,3.2577154636383057,-3.671334981918335
s135,soma,,9,9,4,pre,odor,True,2.773954153060913,6.426458835601807,-0.9060604572296143
s135,soma,,10,10,31,pre,odor,True,2.3292298316955566,5.923341751098633,-3.1347711086273193
s135,soma,,11,11,21,pre,odor,True,1.1908063888549805,4.434718608856201,-2.293308973312378
s135,soma,,12,12,2,pre,odor,True,2.1296064853668213,5.5003204345703125,-0.2248721867799759
s135,soma,,13,13,39,pre,odor,True,0.8373545408248901,4.196275234222412,-1.986978530883789
s135,soma,,14,14,1,pre,odor,True,0.4180752635002136,3.481374740600586,-3.047919750213623
s135,soma,,15,15,12,pre,odor,True,1.552106261253357,4.3698344230651855,-2.123021364212036
s135,soma,,16,16,22,pre,odor,True,3.7777671813964844,7.926098346710205,0.448618084192276
s135,soma,,17,17,10,pre,odor,True,3.5357651710510254,7.91476583480835,-1.7520538568496704
s135,soma,,18,18,17,pre,odor,True,-0.4324178695678711,3.7890515327453613,-4.170154571533203
s135,soma,,19,19,31,pre,odor,True,2.555734157562256,5.314211845397949,-1.305800199508667
s135,soma,,20,20,30,pre,odor,True,0.33074480295181274,5.020659446716309,-2.7855844497680664
s135,soma,,21,21,12,pre,odor,True,0.47132816910743713,3.9826245307922363,-2.9589223861694336
s135,soma,,22,22,22,pre,odor,True,3.2166268825531006,5.927565574645996,-1.773949384689331
s135,soma,,23,23,4,pre,odor,True,-0.30261990427970886,3.373276710510254,-2.9471192359924316
s135,soma,,24,24,0,pre,odor,True,-0.9293838739395142,3.0274438858032227,-5.650988578796387
s135,soma,,25,25,3,pre,odor,True,0.4591327905654907,3.559128999710083,-2.4490957260131836
s135,soma,,26,26,40,pre,odor,True,-0.12279414385557175,3.648606538772583,-3.967491865158081
s135,soma,,27,27,10,pre,odor,True,0.3980378806591034,2.995302677154541,-2.048325300216675
s135,soma,,28,28,21,pre,odor,True,2.0305566787719727,5.095753192901611,-0.8947128653526306
s135,soma,,29,29,18,pre,odor,True,0.10356920212507248,2.0948092937469482,-1.6169496774673462
s135,soma,,30,30,18,pre,odor,True,-2.4962081909179688,0.057671912014484406,-5.214265823364258
s135,soma,,31,31,0,pre,odor,True,0.9004183411598206,4.244949817657471,-1.8847006559371948
s135,soma,,32,32,12,post,odor,True,0.04936646297574043,0.9627829790115356,-1.0037752389907837
s135,soma,,33,33,18,post,odor,True,0.17387506365776062,1.009775161743164,-0.7148855924606323
s135,soma,,34,34,40,post,odor,True,0.008183163590729237,0.9719491004943848,-0.787213146686554
s135,soma,,35,35,32,post,odor,True,0.004868492018431425,0.9186065196990967,-0.8407089114189148
s135,soma,,36,36,31,post,odor,True,-0.06917811185121536,0.8599901795387268,-0.9541873335838318
s135,soma,,37,37,0,post,odor,True,0.06027058884501457,0.8372834920883179,-0.9410246014595032
s135,soma,,38,38,4,post,odor,True,-0.0013758620480075479,0.8702540993690491,-0.672764778137207
s135,soma,,39,39,2,post,odor,True,0.004627794958651066,1.0470608472824097,-0.719661295413971
s135,soma,,40,40,3,post,odor,True,-0.03468230366706848,0.8128960132598877,-0.6727441549301147
s135,soma,,41,41,21,post,odor,True,2.615722417831421,5.758551120758057,-0.349644273519516
s135,soma,,42,42,31,post,odor,True,0.06626977771520615,0.9092438817024231,-0.660679817199707
s135,soma,,43,43,2,post,odor,True,0.0019195532659068704,0.8748467564582825,-1.0785609483718872
s135,soma,,44,44,32,post,odor,True,0.017401115968823433,0.7635861039161682,-0.9343389272689819
s135,soma,,45,45,40,post,odor,True,0.09357748180627823,0.928780198097229,-0.5019447803497314
s135,soma,,46,46,1,post,odor,True,-0.004715627525001764,0.9525350332260132,-1.1288560628890991
s135,soma,,47,47,0,post,odor,True,-0.05384812504053116,0.6998934149742126,-0.8251352310180664
s135,soma,,48,48,22,post,odor,True,0.07802469283342361,0.8345639109611511,-0.703244686126709
s135,soma,,49,49,10,post,odor,True,-0.04409148171544075,0.5904052257537842,-0.853538453578949
s135,soma,,50,50,1,post,odor,True,0.19144921004772186,1.566494345664978,-0.47191518545150757
s135,soma,,51,51,30,post,odor,True,0.11736161261796951,0.9017319083213806,-0.6763614416122437
s135,soma,,52,52,12,post,odor,True,-0.048220083117485046,1.097969889640808,-0.5716059803962708
s135,soma,,53,53,3,post,odor,True,0.10798787325620651,0.8785756230354309,-0.7600130438804626
s135,soma,,54,54,21,post,odor,True,2.0393717288970947,5.3190531730651855,-0.9101807475090027
s135,soma,,55,55,22,post,odor,True,0.02774876169860363,0.9187935590744019,-0.708503246307373
s135,soma,,56,56,18,post,odor,True,0.03291742503643036,0.9142730832099915,-0.7439514398574829
s135,soma,,57,57,30,post,odor,True,0.15672796964645386,1.1794630289077759,-0.4782731533050537
s135,soma,,58,58,17,post,odor,True,0.1436702162027359,1.0116256475448608,-0.4448743164539337
s135,soma,,59,59,39,post,odor,True,0.02054436504840851,1.0166997909545898,-0.8214455246925354
s135,soma,,60,60,39,post,odor,True,0.03532997518777847,0.7082601189613342,-0.6074206233024597
s135,soma,,61,61,17,post,odor,True,0.10267270356416702,0.7534096837043762,-0.6753263473510742
s135,soma,,62,62,4,post,odor,True,-0.10535593330860138,0.9130042195320129,-0.6929838061332703
s157,soma,,0,0,39,pre,odor,True,2.32895565032959,10.650793075561523,-3.672973394393921
s157,soma,,1,1,17,pre,odor,True,-1.2259314060211182,3.3484346866607666,-6.949846267700195
s157,soma,,2,2,32,pre,odor,True,6.988265514373779,13.72623062133789,-1.7120200395584106
s157,soma,,3,3,32,pre,odor,True,5.979846000671387,11.604780197143555,-3.296262741088867
s157,soma,,4,4,30,pre,odor,True,6.148958206176758,11.506553649902344,-0.7335141897201538
s157,soma,,5,5,40,pre,odor,True,-0.8590853214263916,2.494312286376953,-5.518672943115234
s157,soma,,6,6,3,pre,odor,True,2.031132221221924,6.61922025680542,-2.347663640975952
s157,soma,,7,7,2,pre,odor,True,1.0434530973434448,5.982193946838379,-4.286990642547607
s157,soma,,8,8,1,pre,odor,True,3.50667142868042,9.923840522766113,-3.0289087295532227
s157,soma,,9,9,4,pre,odor,True,2.2966723442077637,7.848084926605225,-2.1095845699310303
s157,soma,,10,10,31,pre,odor,True,6.4016900062561035,12.823500633239746,-0.6315648555755615
s157,soma,,11,11,21,pre,odor,True,4.7012038230896,10.264116287231445,-3.1049036979675293
s157,soma,,12,12,2,pre,odor,True,-0.12794587016105652,3.250110626220703,-3.803499937057495
s157,soma,,13,13,39,pre,odor,True,-1.2169941663742065,3.394169807434082,-5.209812164306641
s157,soma,,14,14,1,pre,odor,True,4.029062271118164,9.276496887207031,-1.65023934841156
s157,soma,,15,15,12,pre,odor,True,3.105397939682007,7.941405773162842,-1.9460269212722778
s157,soma,,16,16,22,pre,odor,True,4.661303520202637,9.27652359008789,-0.4117293059825897
s157,soma,,17,17,10,pre,odor,True,3.5841665267944336,7.654318809509277,-1.1072108745574951
s157,soma,,18,18,17,pre,odor,True,-2.005183696746826,2.8607709407806396,-5.836145877838135
s157,soma,,19,19,31,pre,odor,True,5.636973857879639,10.296125411987305,-2.5875213146209717
s157,soma,,20,20,30,pre,odor,True,6.219162940979004,12.235316276550293,-1.65998375415802
s157,soma,,21,21,12,pre,odor,True,-0.19232451915740967,1.7422798871994019,-2.836650848388672
s157,soma,,22,22,22,pre,odor,True,3.4775710105895996,7.426914691925049,-0.09905028343200684
s157,soma,,23,23,4,pre,odor,True,-0.098085917532444,2.500206232070923,-2.03922963142395
s157,soma,,24,24,0,pre,odor,True,0.736058235168457,5.179852485656738,-4.233091354370117
s157,soma,,25,25,3,pre,odor,True,0.7560475468635559,5.345187187194824,-2.4899277687072754
s157,soma,,26,26,40,pre,odor,True,-0.9919269680976868,1.9944154024124146,-3.6508264541625977
s157,soma,,27,27,10,pre,odor,True,4.038931369781494,9.137941360473633,-2.195134162902832
s157,soma,,28,28,21,pre,odor,True,5.204944133758545,11.03757095336914,-0.38847455382347107
s157,soma,,29,29,18,pre,odor,True,0.09126506745815277,2.375584840774536,-2.1186904907226562
s157,soma,,30,30,18,pre,odor,True,-1.5365967750549316,1.1599464416503906,-3.427379846572876
s157,soma,,31,31,0,pre,odor,True,-0.6794414520263672,1.0589628219604492,-3.7435309886932373
s157,soma,,32,32,12,post,odor,True,0.13704635202884674,1.3661233186721802,-0.7190436720848083
s157,soma,,33,33,18,post,odor,True,0.11151459813117981,0.9107965230941772,-0.8474505543708801
s157,soma,,34,34,40,post,odor,True,0.08289264142513275,1.0222758054733276,-0.5756453275680542
s157,soma,,35,35,32,post,odor,True,0.1922232061624527,1.003251314163208,-0.6230644583702087
s157,soma,,36,36,31,post,odor,True,0.11848670244216919,1.2527626752853394,-0.7843132615089417
s157,soma,,37,37,0,post,odor,True,-0.04649082571268082,1.2715288400650024,-0.809593677520752
s157,soma,,38,38,4,post,odor,True,0.020662985742092133,1.3378583192825317,-1.0849820375442505
s157,soma,,39,39,2,post,odor,True,0.07323385775089264,1.280604362487793,-0.6446276307106018
s157,soma,,40,40,3,post,odor,True,0.0007154573686420918,1.342136025428772,-0.7350082397460938
s157,soma,,41,41,21,post,odor,True,3.2649502754211426,6.012350082397461,-0.8427191972732544
s157,soma,,42,42,31,post,odor,True,0.2531510293483734,0.9153857827186584,-0.8688951730728149
s157,soma,,43,43,2,post,odor,True,0.04003358632326126,0.8090226054191589,-0.7398720979690552
s157,soma,,44,44,32,post,odor,True,0.042479582130908966,0.9462025165557861,-0.6791477799415588
s157,soma,,45,45,40,post,odor,True,0.0389280803501606,0.6465355157852173,-1.3192464113235474
s157,soma,,46,46,1,post,odor,True,-0.04161614924669266,0.8877323269844055,-1.2367650270462036
s157,soma,,47,47,0,post,odor,True,-0.08559481799602509,0.7619433403015137,-0.8731783032417297
s157,soma,,48,48,22,post,odor,True,0.13598144054412842,1.2404371500015259,-0.910861074924469
s157,soma,,49,49,10,post,odor,True,0.008570489473640919,0.7167011499404907,-0.6977549195289612
s157,soma,,50,50,1,post,odor,True,0.035376083105802536,0.8618646264076233,-0.6547560691833496
s157,soma,,51,51,30,post,odor,True,0.2603040039539337,1.0664124488830566,-0.39504703879356384
s157,soma,,52,52,12,post,odor,True,0.03274945542216301,0.5995859503746033,-0.6931700706481934
s157,soma,,53,53,3,post,odor,True,0.07036963850259781,0.9345113635063171,-0.6086028218269348
s157,soma,,54,54,21,post,odor,True,2.279667854309082,4.345130920410156,-0.6742550134658813
s157,soma,,55,55,22,post,odor,True,0.005402883514761925,0.867912232875824,-0.7459550499916077
s157,soma,,56,56,18,post,odor,True,0.12540507316589355,0.7335551977157593,-0.6932157874107361
s157,soma,,57,57,30,post,odor,True,0.06527268141508102,0.5761572122573853,-0.5417092442512512
s157,soma,,58,58,17,post,odor,True,0.1226399764418602,0.8670896887779236,-0.3636053204536438
s157,soma,,59,59,39,post,odor,True,0.013550017029047012,0.5036283135414124,-0.32206249237060547
s157,soma,,60,60,39,post,odor,True,0.016492895781993866,0.4179367125034332,-0.446870893239975
s157,soma,,61,61,17,post,odor,True,0.033377036452293396,0.4213055372238159,-0.23243625462055206
s157,soma,,62,62,4,post,odor,True,0.04279755800962448,0.3622773587703705,-0.20442825555801392
s179,soma,,0,0,39,pre,odor,True,-0.3644273579120636,9.713170051574707,-2.7452163696289062
s179,soma,,1,1,17,pre,odor,True,-0.6267087459564209,2.9519619941711426,-3.070864200592041
s179,soma,,2,2,32,pre,odor,True,19.222976684570312,27.535400390625,0.10215451568365097
s179,soma,,3,3,32,pre,odor,True,21.092870712280273,26.910736083984375,-0.700795590877533
s179,soma,,4,4,30,pre,odor,True,4.304541110992432,12.294649124145508,-1.2719690799713135
s179,soma,,5,5,40,pre,odor,True,0.7274497747421265,6.471135139465332,-2.827017068862915
s179,soma,,6,6,3,pre,odor,True,3.3967628479003906,10.852950096130371,-2.04500150680542
s179,soma,,7,7,2,pre,odor,True,3.370793104171753,9.661310195922852,-2.58935284614563
s179,soma,,8,8,1,pre,odor,True,1.4124959707260132,4.9768900871276855,-1.4012174606323242
s179,soma,,9,9,4,pre,odor,True,3.2576751708984375,5.721545219421387,-1.1609563827514648
s179,soma,,10,10,31,pre,odor,True,22.53703498840332,32.19951629638672,-1.377187728881836
s179,soma,,11,11,21,pre,odor,True,2.976165533065796,8.33818244934082,-3.744131088256836
s179,soma,,12,12,2,pre,odor,True,1.793936014175415,5.394654750823975,-1.4662225246429443
s179,soma,,13,13,39,pre,odor,True,-0.9337893724441528,2.2308335304260254,-4.717193603515625
s179,soma,,14,14,1,pre,odor,True,1.6145144701004028,5.356321334838867,-1.7659696340560913
s179,soma,,15,15,12,pre,odor,True,3.934762716293335,14.855020523071289,-1.7118462324142456
s179,soma,,16,16,22,pre,odor,True,23.363929748535156,35.937347412109375,-0.10967037081718445
s179,soma,,17,17,10,pre,odor,True,3.3283066749572754,8.76584243774414,-1.287572979927063
s179,soma,,18,18,17,pre,odor,True,-0.8635284900665283,2.4923977851867676,-3.2460625171661377
s179,soma,,19,19,31,pre,odor,True,20.854595184326172,31.69630241394043,-1.9773788452148438
s179,soma,,20,20,30,pre,odor,True,-0.18840157985687256,1.878901481628418,-2.1485159397125244
s179,soma,,21,21,12,pre,odor,True,-0.15405802428722382,2.2405688762664795,-1.9316222667694092
s179,soma,,22,22,22,pre,odor,True,20.354801177978516,29.148696899414062,-0.3295590877532959
s179,soma,,23,23,4,pre,odor,True,-0.7106537222862244,1.5556831359863281,-2.882718563079834
s179,soma,,24,24,0,pre,odor,True,0.07571987807750702,5.934516429901123,-4.6716461181640625
s179,soma,,25,25,3,pre,odor,True,-0.5582737922668457,10.152189254760742,-6.028685092926025
s179,soma,,26,26,40,pre,odor,True,-0.2768874764442444,2.5466108322143555,-2.0777997970581055
s179,soma,,27,27,10,pre,odor,True,2.216827154159546,6.273880481719971,-2.850085735321045
s179,soma,,28,28,21,pre,odor,True,2.8475282192230225,10.345690727233887,-1.804840087890625
s179,soma,,29,29,18,pre,odor,True,0.000700422388035804,2.5811169147491455,-2.531364679336548
s179,soma,,30,30,18,pre,odor,True,-1.0020514726638794,1.5833535194396973,-2.7331340312957764
s179,soma,,31,31,0,pre,odor,True,0.0173522736877203,2.938542366027832,-2.6759541034698486
s179,soma,,32,32,12,post,odor,True,-0.13594573736190796,1.6084239482879639,-1.2433711290359497
s179,soma,,33,33,18,post,odor,True,0.11641954630613327,1.8455073833465576,-0.9078998565673828
s179,soma,,34,34,40,post,odor,True,0.1257181316614151,2.0253098011016846,-1.3415720462799072
s179,soma,,35,35,32,post,odor,True,0.0842360183596611,1.8999290466308594,-1.1455564498901367
s179,soma,,36,36,31,post,odor,True,0.12359391152858734,1.6461255550384521,-1.1808574199676514
s179,soma,,37,37,0,post,odor,True,0.2036532759666443,1.3348199129104614,-1.5095248222351074
s179,soma,,38,38,4,post,odor,True,0.013844519853591919,1.7816694974899292,-1.5663825273513794
s179,soma,,39,39,2,post,odor,True,0.013576381839811802,2.125617265701294,-1.4486818313598633
s179,soma,,40,40,3,post,odor,True,0.1623309701681137,1.4724711179733276,-0.8717742562294006
s179,soma,,41,41,21,post,odor,True,1.5578323602676392,3.4966342449188232,-0.6407064199447632
s179,soma,,42,42,31,post,odor,True,0.15020953118801117,1.5522867441177368,-1.3595309257507324
s179,soma,,43,43,2,post,odor,True,0.07541998475790024,2.0356392860412598,-1.5511635541915894
s179,soma,,44,44,32,post,odor,True,0.1260065883398056,1.3352954387664795,-0.9080066680908203
s179,soma,,45,45,40,post,odor,True,-0.08821641653776169,1.6019935607910156,-1.3963696956634521
s179,soma,,46,46,1,post,odor,True,0.006121383048593998,1.4363837242126465,-1.387895107269287
s179,soma,,47,47,0,post,odor,True,0.15238112211227417,2.2455506324768066,-0.8629984259605408
s179,soma,,48,48,22,post,odor,True,0.003320848336443305,1.575523853302002,-1.0983327627182007
s179,soma,,49,49,10,post,odor,True,-0.1870826780796051,0.7581683397293091,-1.0534552335739136
s179,soma,,50,50,1,post,odor,True,0.08108124881982803,1.3860676288604736,-0.9936738610267639
s179,soma,,51,51,30,post,odor,True,0.012054439634084702,1.3337883949279785,-1.168160319328308
s179,soma,,52,52,12,post,odor,True,-0.07144851982593536,0.9575857520103455,-1.1462782621383667
s179,soma,,53,53,3,post,odor,True,0.015243335627019405,1.2887376546859741,-1.1976194381713867
s179,soma,,54,54,21,post,odor,True,0.7834774255752563,2.5061967372894287,-0.6145064830780029
s179,soma,,55,55,22,post,odor,True,-0.0730317160487175,2.1669938564300537,-1.636857032775879
s179,soma,,56,56,18,post,odor,True,-0.08920343965291977,1.128235936164856,-1.2983137369155884
s179,soma,,57,57,30,post,odor,True,0.21636563539505005,1.4754066467285156,-0.6836941242218018
s179,soma,,58,58,17,post,odor,True,0.1794673353433609,1.3225138187408447,-1.012820839881897
s179,soma,,59,59,39,post,odor,True,0.19287902116775513,1.9305803775787354,-1.2099969387054443
s179,soma,,60,60,39,post,odor,True,0.021530957892537117,1.2281270027160645,-0.9600279927253723
s179,soma,,61,61,17,post,odor,True,0.10538743436336517,1.360840082168579,-1.0725278854370117
s179,soma,,62,62,4,post,odor,True,-0.03694089502096176,1.0419164896011353,-1.0058971643447876
s202,soma,,0,0,39,pre,odor,True,-1.3227983713150024,0.9929025173187256,-4.076691150665283
s202,soma,,1,1,17,pre,odor,True,-1.1715162992477417,1.247022032737732,-3.124755859375
s202,soma,,2,2,32,pre,odor,True,6.792697906494141,9.860336303710938,0.3291892111301422
s202,soma,,3,3,32,pre,odor,True,5.958127975463867,8.141947746276855,-2.098970413208008
s202,soma,,4,4,30,pre,odor,True,3.112614631652832,7.25705623626709,-0.08582452684640884
s202,soma,,5,5,40,pre,odor,True,1.1092236042022705,3.860921859741211,-2.873746395111084
s202,soma,,6,6,3,pre,odor,True,3.9864537715911865,9.817444801330566,-1.3956639766693115
s202,soma,,7,7,2,pre,odor,True,4.092843532562256,7.038206577301025,-0.36316731572151184
s202,soma,,8,8,1,pre,odor,True,0.15407006442546844,3.137843132019043,-3.084343910217285
s202,soma,,9,9,4,pre,odor,True,2.234560251235962,4.919494152069092,-0.17584696412086487
s202,soma,,10,10,31,pre,odor,True,7.391031265258789,10.02750015258789,-0.41525718569755554
s202,soma,,11,11,21,pre,odor,True,2.9047467708587646,7.04849100112915,-3.222884178161621
s202,soma,,12,12,2,pre,odor,True,2.759681224822998,5.1668267250061035,0.07540418207645416
s202,soma,,13,13,39,pre,odor,True,0.5883735418319702,3.3592679500579834,-2.8051397800445557
s202,soma,,14,14,1,pre,odor,True,2.337745428085327,6.096225738525391,-0.23212532699108124
s202,soma,,15,15,12,pre,odor,True,3.1963610649108887,10.924121856689453,-2.892749786376953
s202,soma,,16,16,22,pre,odor,True,7.691777229309082,11.075952529907227,-1.5014569759368896
s202,soma,,17,17,10,pre,odor,True,4.089974880218506,7.768728733062744,-1.8227059841156006
s202,soma,,18,18,17,pre,odor,True,0.9292868375778198,2.9831395149230957,-2.2021822929382324
s202,soma,,19,19,31,pre,odor,True,6.308164119720459,8.401861190795898,-2.2805185317993164
s202,soma,,20,20,30,pre,odor,True,0.722192108631134,4.8773193359375,-2.1222243309020996
s202,soma,,21,21,12,pre,odor,True,0.4797057807445526,2.907560348510742,-2.1717443466186523
s202,soma,,22,22,22,pre,odor,True,8.855533599853516,11.23571491241455,-1.099507451057434
s202,soma,,23,23,4,pre,odor,True,-0.7146854400634766,2.2062058448791504,-2.9344029426574707
s202,soma,,24,24,0,pre,odor,True,-2.223815679550171,3.3783087730407715,-8.100998878479004
s202,soma,,25,25,3,pre,odor,True,0.8289225697517395,4.765842914581299,-2.672154664993286
s202,soma,,26,26,40,pre,odor,True,-1.6733834743499756,3.3313586711883545,-5.975087642669678
s202,soma,,27,27,10,pre,odor,True,0.8873087763786316,3.0285909175872803,-1.7414623498916626
s202,soma,,28,28,21,pre,odor,True,4.423518657684326,7.949352741241455,0.34017685055732727
s202,soma,,29,29,18,pre,odor,True,2.429983377456665,4.836838245391846,-2.0622715950012207
s202,soma,,30,30,18,pre,odor,True,0.874213457107544,3.3484582901000977,-1.0883277654647827
s202,soma,,31,31,0,pre,odor,True,-0.20630496740341187,3.066526412963867,-2.302091121673584
s202,soma,,32,32,12,post,odor,True,0.5570719838142395,1.4661980867385864,-0.604134738445282
s202,soma,,33,33,18,post,odor,True,0.7289796471595764,2.460052013397217,-0.4422043263912201
s202,soma,,34,34,40,post,odor,True,0.18168458342552185,0.8575921058654785,-0.7112100720405579
s202,soma,,35,35,32,post,odor,True,0.7558320164680481,2.667928457260132,-0.6410039663314819
s202,soma,,36,36,31,post,odor,True,0.9767447113990784,3.264742374420166,-0.27746865153312683
s202,soma,,37,37,0,post,odor,True,0.028305189684033394,0.7135074138641357,-0.6375996470451355
s202,soma,,38,38,4,post,odor,True,-0.09163682162761688,0.5373490452766418,-0.5859906077384949
s202,soma,,39,39,2,post,odor,True,0.17374572157859802,1.004431128501892,-0.568687915802002
s202,soma,,40,40,3,post,odor,True,0.1228717640042305,1.5768587589263916,-0.698939859867096
s202,soma,,41,41,21,post,odor,True,7.024001121520996,10.10619068145752,-0.5393020510673523
s202,soma,,42,42,31,post,odor,True,0.6487680077552795,1.879494309425354,-0.3240317702293396
s202,soma,,43,43,2,post,odor,True,0.0769987404346466,0.7919235825538635,-0.3819112479686737
s202,soma,,44,44,32,post,odor,True,0.511773407459259,1.2530196905136108,-0.6449589729309082
s202,soma,,45,45,40,post,odor,True,0.13222776353359222,1.068130612373352,-0.4101550281047821
s202,soma,,46,46,1,post,odor,True,0.0015108546940609813,0.931543231010437,-0.6961538195610046
s202,soma,,47,47,0,post,odor,True,0.22174929082393646,1.0312923192977905,-0.34224656224250793
s202,soma,,48,48,22,post,odor,True,0.50002121925354,1.7905187606811523,-0.37821486592292786
s202,soma,,49,49,10,post,odor,True,-0.08595821261405945,0.7717214822769165,-0.7540750503540039
s202,soma,,50,50,1,post,odor,True,0.24316997826099396,1.1632952690124512,-0.3042055666446686
s202,soma,,51,51,30,post,odor,True,0.24943096935749054,1.2321252822875977,-0.32136568427085876
s202,soma,,52,52,12,post,odor,True,-0.14378510415554047,0.445556640625,-0.7831381559371948
s202,soma,,53,53,3,post,odor,True,-0.06413651257753372,0.4697679579257965,-0.8178900480270386
s202,soma,,54,54,21,post,odor,True,5.799210548400879,9.21912670135498,-0.5903732180595398
s202,soma,,55,55,22,post,odor,True,0.30774444341659546,1.8096468448638916,-0.6640313267707825
s202,soma,,56,56,18,post,odor,True,0.35201704502105713,1.0296299457550049,-0.4599663019180298
s202,soma,,57,57,30,post,odor,True,0.3731275200843811,1.6850939989089966,-0.4365694522857666
s202,soma,,58,58,17,post,odor,True,0.19034706056118011,1.6481629610061646,-0.5450730323791504
s202,soma,,59,59,39,post,odor,True,0.02341935597360134,0.5613338947296143,-0.5277437567710876
s202,soma,,60,60,39,post,odor,True,-0.21766234934329987,0.49322524666786194,-0.8276001214981079
s202,soma,,61,61,17,post,odor,True,-0.08102777600288391,0.44746947288513184,-0.6204492449760437
s202,soma,,62,62,4,post,odor,True,0.028045548126101494,0.8304575085639954,-0.44307395815849304
s224,soma,,0,0,39,pre,odor,True,0.17065013945102692,4.11967134475708,-2.6705517768859863
s224,soma,,1,1,17,pre,odor,True,4.167883396148682,9.9033842086792,-2.0412561893463135
s224,soma,,2,2,32,pre,odor,True,3.5784857273101807,7.682298183441162,-0.3309859335422516
s224,soma,,3,3,32,pre,odor,True,6.413525104522705,9.723824501037598,-3.3713552951812744
s224,soma,,4,4,30,pre,odor,True,3.5408990383148193,7.712650299072266,-0.26622945070266724
s224,soma,,5,5,40,pre,odor,True,0.8251733779907227,5.857619762420654,-1.295588731765747
s224,soma,,6,6,3,pre,odor,True,6.99733304977417,12.162611961364746,-0.32910066843032837
s224,soma,,7,7,2,pre,odor,True,3.492196559906006,6.705991268157959,-2.441528558731079
s224,soma,,8,8,1,pre,odor,True,0.845854640007019,3.5843019485473633,-3.514843225479126
s224,soma,,9,9,4,pre,odor,True,2.8693153858184814,7.292489051818848,-2.135050058364868
s224,soma,,10,10,31,pre,odor,True,7.4340410232543945,12.649099349975586,-2.2296299934387207
s224,soma,,11,11,21,pre,odor,True,4.583832740783691,8.688596725463867,-1.9863464832305908
s224,soma,,12,12,2,pre,odor,True,1.7543350458145142,5.115227699279785,-1.0202170610427856
s224,soma,,13,13,39,pre,odor,True,-3.9007132053375244,-1.079616904258728,-6.793558597564697
s224,soma,,14,14,1,pre,odor,True,2.954545736312866,6.644637584686279,0.10153762996196747
s224,soma,,15,15,12,pre,odor,True,8.218199729919434,15.475568771362305,-1.1331298351287842
s224,soma,,16,16,22,pre,odor,True,7.935215950012207,11.095924377441406,-1.3737879991531372
s224,soma,,17,17,10,pre,odor,True,5.687980651855469,10.561446189880371,-0.7536685466766357
s224,soma,,18,18,17,pre,odor,True,3.1394598484039307,9.066498756408691,-2.864736318588257
s224,soma,,19,19,31,pre,odor,True,5.548924446105957,9.984197616577148,-0.5307168364524841
s224,soma,,20,20,30,pre,odor,True,5.624577045440674,10.202827453613281,-2.14298939704895
s224,soma,,21,21,12,pre,odor,True,1.4285205602645874,4.48889684677124,-1.3642847537994385
s224,soma,,22,22,22,pre,odor,True,6.495689868927002,10.984692573547363,0.08904164284467697
s224,soma,,23,23,4,pre,odor,True,2.4086952209472656,5.41797399520874,-0.2519785761833191
s224,soma,,24,24,0,pre,odor,True,-1.9801119565963745,1.692399024963379,-6.077942371368408
s224,soma,,25,25,3,pre,odor,True,0.6493557691574097,4.330864906311035,-1.534740686416626
s224,soma,,26,26,40,pre,odor,True,-2.3850955963134766,1.947676658630371,-6.885741233825684
s224,soma,,27,27,10,pre,odor,True,2.89656925201416,5.263500690460205,-0.23266109824180603
s224,soma,,28,28,21,pre,odor,True,7.025854587554932,10.896608352661133,1.874650001525879
s224,soma,,29,29,18,pre,odor,True,4.157200336456299,7.098933219909668,-3.004992723464966
s224,soma,,30,30,18,pre,odor,True,3.6332716941833496,6.509035587310791,-5.3390703201293945
s224,soma,,31,31,0,pre,odor,True,-1.173832654953003,0.659145712852478,-3.0518500804901123
s224,soma,,32,32,12,post,odor,True,0.9473132491111755,2.6933987140655518,-0.7921766042709351
s224,soma,,33,33,18,post,odor,True,2.9989984035491943,5.2036452293396,-0.8671141266822815
s224,soma,,34,34,40,post,odor,True,0.21823474764823914,1.2325208187103271,-1.0723958015441895
s224,soma,,35,35,32,post,odor,True,0.6507993936538696,2.750826835632324,-0.478081077337265
s224,soma,,36,36,31,post,odor,True,0.9308407306671143,2.3488621711730957,-0.43762457370758057
s224,soma,,37,37,0,post,odor,True,-0.014551004394888878,0.8976597785949707,-1.028731346130371
s224,soma,,38,38,4,post,odor,True,0.35861653089523315,1.8040926456451416,-0.9407826066017151
s224,soma,,39,39,2,post,odor,True,1.3724592924118042,3.4135029315948486,-0.4901826083660126
s224,soma,,40,40,3,post,odor,True,0.9881844520568848,2.6775662899017334,-1.0823546648025513
s224,soma,,41,41,21,post,odor,True,6.382689952850342,11.605116844177246,-1.2868179082870483
s224,soma,,42,42,31,post,odor,True,0.22108064591884613,1.234081745147705,-0.44725942611694336
s224,soma,,43,43,2,post,odor,True,0.32093146443367004,1.5292693376541138,-0.8325288891792297
s224,soma,,44,44,32,post,odor,True,0.2607092559337616,1.2569564580917358,-0.6348387002944946
s224,soma,,45,45,40,post,odor,True,-0.07889362424612045,0.9304618835449219,-0.9480847716331482
s224,soma,,46,46,1,post,odor,True,-0.0067296624183654785,1.0227465629577637,-0.7244343757629395
s224,soma,,47,47,0,post,odor,True,0.14209342002868652,1.1164309978485107,-0.8650978207588196
s224,soma,,48,48,22,post,odor,True,0.19377386569976807,1.0071921348571777,-0.47544264793395996
s224,soma,,49,49,10,post,odor,True,0.13266238570213318,0.9397872686386108,-0.6509105563163757
s224,soma,,50,50,1,post,odor,True,0.029997438192367554,1.1253695487976074,-0.7023842930793762
s224,soma,,51,51,30,post,odor,True,0.5092707276344299,1.8545817136764526,-0.4665053188800812
s224,soma,,52,52,12,post,odor,True,0.26169919967651367,0.989768922328949,-0.4205702245235443
s224,soma,,53,53,3,post,odor,True,0.19646421074867249,1.1749738454818726,-0.7657796740531921
s224,soma,,54,54,21,post,odor,True,4.383513927459717,7.678773403167725,-0.6755881309509277
s224,soma,,55,55,22,post,odor,True,0.12477768957614899,0.9183123111724854,-0.6428958773612976
s224,soma,,56,56,18,post,odor,True,0.6746183037757874,1.5881476402282715,-0.4938303232192993
s224,soma,,57,57,30,post,odor,True,0.6493688225746155,2.5865986347198486,-0.6441147923469543
s224,soma,,58,58,17,post,odor,True,0.2971935570240021,1.2210469245910645,-0.7080580592155457
s224,soma,,59,59,39,post,odor,True,0.12076506018638611,0.8394337892532349,-0.5768811702728271
s224,soma,,60,60,39,post,odor,True,0.055377017706632614,0.6032377481460571,-0.4668242335319519
s224,soma,,61,61,17,post,odor,True,0.11413112282752991,0.7567436099052429,-0.6170330047607422
s224,soma,,62,62,4,post,odor,True,0.145381361246109,0.76997309923172,-0.3525475263595581
p246,process,,0,0,39,pre,odor,True,-0.5702155232429504,2.715085029602051,-3.191427707672119
p246,process,,1,1,17,pre,odor,True,-0.3935747742652893,4.046806812286377,-2.2787320613861084
p246,process,,2,2,32,pre,odor,True,0.5954587459564209,7.153382301330566,-1.6863683462142944
p246,process,,3,3,32,pre,odor,True,0.6088917255401611,4.168778896331787,-1.0513120889663696
p246,process,,4,4,30,pre,odor,True,0.6195823550224304,4.4727091789245605,-1.2377543449401855
p246,process,,5,5,40,pre,odor,True,-0.33478492498397827,3.1279473304748535,-1.307229995727539
p246,process,,6,6,3,pre,odor,True,-0.1065300852060318,3.174433708190918,-1.2739810943603516
p246,process,,7,7,2,pre,odor,True,0.07684224843978882,3.859985589981079,-1.5712919235229492
p246,process,,8,8,1,pre,odor,True,-0.08713626861572266,4.254986763000488,-1.2305611371994019
p246,process,,9,9,4,pre,odor,True,0.28614097833633423,4.519974231719971,-0.9452905058860779
p246,process,,10,10,31,pre,odor,True,0.6603335738182068,4.383193492889404,-1.0008131265640259
p246,process,,11,11,21,pre,odor,True,-0.26528531312942505,3.2737927436828613,-1.4675514698028564
p246,process,,12,12,2,pre,odor,True,-0.08787328004837036,3.0903632640838623,-1.1422303915023804
p246,process,,13,13,39,pre,odor,True,0.2236534059047699,2.5993895530700684,-1.0296416282653809
p246,process,,14,14,1,pre,odor,True,0.5006056427955627,4.780571937561035,-1.0118513107299805
p246,process,,15,15,12,pre,odor,True,0.28583863377571106,4.893182754516602,-0.8710249662399292
p246,process,,16,16,22,pre,odor,True,0.20874974131584167,2.8509390354156494,-1.1893141269683838
p246,process,,17,17,10,pre,odor,True,0.11418010294437408,3.8682360649108887,-1.365846872329712
p246,process,,18,18,17,pre,odor,True,0.011516670696437359,4.166271686553955,-1.1263293027877808
p246,process,,19,19,31,pre,odor,True,0.6422983407974243,6.579843044281006,-1.1616374254226685
p246,process,,20,20,30,pre,odor,True,0.7230955362319946,3.706531286239624,-1.1324279308319092
p246,process,,21,21,12,pre,odor,True,0.009461828507483006,2.1056697368621826,-1.3182300329208374
p246,process,,22,22,22,pre,odor,True,0.1580558866262436,2.771528720855713,-0.9608951807022095
p246,process,,23,23,4,pre,odor,True,-0.07578759640455246,2.4627459049224854,-1.183161973953247
p246,process,,24,24,0,pre,odor,True,0.19958417117595673,6.286832809448242,-1.0348471403121948
p246,process,,25,25,3,pre,odor,True,-0.36971616744995117,1.9998852014541626,-1.5216847658157349
p246,process,,26,26,40,pre,odor,True,-0.04071855545043945,1.9522310495376587,-0.6509308218955994
p246,process,,27,27,10,pre,odor,True,-0.11317333579063416,2.5458712577819824,-1.0334092378616333
p246,process,,28,28,21,pre,odor,True,-0.1449272781610489,3.0326528549194336,-0.8905132412910461
p246,process,,29,29,18,pre,odor,True,0.09501457214355469,2.0332515239715576,-0.6290246248245239
p246,process,,30,30,18,pre,odor,True,-0.12682124972343445,1.5966166257858276,-0.7977949380874634
p246,process,,31,31,0,pre,odor,True,0.13370615243911743,2.146822214126587,-1.0494310855865479
p246,process,,32,32,12,post,odor,True,-0.08239880949258804,1.8734345436096191,-0.6328111886978149
p246,process,,33,33,18,post,odor,True,-0.25000011920928955,0.9803540110588074,-0.674574077129364
p246,process,,34,34,40,post,odor,True,-0.003370691556483507,1.5964231491088867,-0.5435590744018555
p246,process,,35,35,32,post,odor,True,-0.39903613924980164,2.7210681438446045,-1.0203901529312134
p246,process,,36,36,31,post,odor,True,-0.1186390146613121,1.711449384689331,-0.676934003829956
p246,process,,37,37,0,post,odor,True,0.06507840007543564,2.626121759414673,-0.5192710757255554
p246,process,,38,38,4,post,odor,True,-0.02419547364115715,2.390082359313965,-0.8123054504394531
p246,process,,39,39,2,post,odor,True,-0.016772083938121796,2.7686307430267334,-0.7779322862625122
p246,process,,40,40,3,post,odor,True,-0.03917946293950081,3.3477940559387207,-0.6576225757598877
p246,process,,41,41,21,post,odor,True,0.10288883745670319,2.787001132965088,-0.8525673747062683
p246,process,,42,42,31,post,odor,True,-0.06509149819612503,3.9971039295196533,-0.9061192274093628
p246,process,,43,43,2,post,odor,True,-0.10599838197231293,2.7550480365753174,-0.9825544953346252
p246,process,,44,44,32,post,odor,True,-0.19230036437511444,1.9984313249588013,-1.1512260437011719
p246,process,,45,45,40,post,odor,True,-0.11155954003334045,2.161776065826416,-0.8880388140678406
p246,process,,46,46,1,post,odor,True,-0.28264951705932617,1.2660304307937622,-0.945581316947937
p246,process,,47,47,0,post,odor,True,-0.09885852783918381,1.986892819404602,-0.8270336389541626
p246,process,,48,48,22,post,odor,True,0.23536841571331024,3.8029346466064453,-0.6028942465782166
p246,process,,49,49,10,post,odor,True,-0.34262290596961975,4.210444927215576,-1.1167103052139282
p246,process,,50,50,1,post,odor,True,0.13975901901721954,5.057356834411621,-0.7842772603034973
p246,process,,51,51,30,post,odor,True,-0.3002009093761444,3.137206792831421,-1.268852710723877
p246,process,,52,52,12,post,odor,True,-0.42898738384246826,1.8235576152801514,-1.2163794040679932
p246,process,,53,53,3,post,odor,True,-0.37922224402427673,3.8052337169647217,-1.0073299407958984
p246,process,,54,54,21,post,odor,True,0.2690599262714386,3.3751885890960693,-0.5512015223503113
p246,process,,55,55,22,post,odor,True,-0.04486158490180969,2.3137800693511963,-0.9206435084342957
p246,process,,56,56,18,post,odor,True,0.12402978539466858,4.445371150970459,-0.7059786915779114
p246,process,,57,57,30,post,odor,True,-0.050923071801662445,2.9415555000305176,-0.9187327027320862
p246,process,,58,58,17,post,odor,True,-0.06032101437449455,2.1457440853118896,-1.1107439994812012
p246,process,,59,59,39,post,odor,True,0.313957542181015,4.11557674407959,-0.9728373885154724
p246,process,,60,60,39,post,odor,True,0.006544959265738726,2.4638803005218506,-0.7884474992752075
p246,process,,61,61,17,post,odor,True,0.19826561212539673,5.2931718826293945,-0.8988986015319824
p246,process,,62,62,4,post,odor,True,0.12361038476228714,4.387859344482422,-0.8626474142074585
p269,process,,0,0,39,pre,odor,True,0.05498695373535156,3.3557181358337402,-2.3280251026153564
p269,process,,1,1,17,pre,odor,True,-0.9922266602516174,1.3122812509536743,-3.7002689838409424
p269,process,,2,2,32,pre,odor,True,0.7261813879013062,4.646105766296387,-2.1136314868927
p269,process,,3,3,32,pre,odor,True,0.15263287723064423,3.976585626602173,-2.1480894088745117
p269,process,,4,4,30,pre,odor,True,0.3429155647754669,2.738684892654419,-2.807661771774292
p269,process,,5,5,40,pre,odor,True,0.12993961572647095,5.098628044128418,-2.8492867946624756
p269,process,,6,6,3,pre,odor,True,0.6358709335327148,3.0414671897888184,-2.2633767127990723
p269,process,,7,7,2,pre,odor,True,1.2644073963165283,4.969587802886963,-2.1747546195983887
p269,process,,8,8,1,pre,odor,True,0.4419999420642853,3.581573963165283,-2.1329944133758545
p269,process,,9,9,4,pre,odor,True,1.1675628423690796,6.459157943725586,-1.6981052160263062
p269,process,,10,10,31,pre,odor,True,1.3419286012649536,4.387377738952637,-1.593002438545227
p269,process,,11,11,21,pre,odor,True,-0.1357615441083908,3.2678098678588867,-3.70452880859375
p269,process,,12,12,2,pre,odor,True,1.0025207996368408,3.4074742794036865,-1.9840888977050781
p269,process,,13,13,39,pre,odor,True,-0.20274363458156586,2.134453773498535,-2.70527720451355
p269,process,,14,14,1,pre,odor,True,0.4189722239971161,3.2242493629455566,-2.6300430297851562
p269,process,,15,15,12,pre,odor,True,0.7663844227790833,4.7282843589782715,-1.6779522895812988
p269,process,,16,16,22,pre,odor,True,1.2328242063522339,4.227283954620361,-1.8173272609710693
p269,process,,17,17,10,pre,odor,True,1.4940019845962524,5.5676984786987305,-2.5450775623321533
p269,process,,18,18,17,pre,odor,True,0.5078586339950562,3.942564010620117,-2.647331953048706
p269,process,,19,19,31,pre,odor,True,0.44423139095306396,3.0865559577941895,-1.619516134262085
p269,process,,20,20,30,pre,odor,True,-0.11000284552574158,3.466125249862671,-2.337831974029541
p269,process,,21,21,12,pre,odor,True,-0.3523131310939789,2.29229474067688,-3.2445919513702393
p269,process,,22,22,22,pre,odor,True,0.7160376906394958,3.3544464111328125,-2.479010820388794
p269,process,,23,23,4,pre,odor,True,-0.26480618119239807,1.780155897140503,-1.9963738918304443
p269,process,,24,24,0,pre,odor,True,-0.5330272316932678,6.380185604095459,-4.480113983154297
p269,process,,25,25,3,pre,odor,True,-0.4255051910877228,3.358623743057251,-3.653172254562378
p269,process,,26,26,40,pre,odor,True,-0.3471793234348297,3.6161413192749023,-4.024053573608398
p269,process,,27,27,10,pre,odor,True,0.2715054750442505,4.428238868713379,-3.0731635093688965
p269,process,,28,28,21,pre,odor,True,0.31029701232910156,3.853325366973877,-2.440882682800293
p269,process,,29,29,18,pre,odor,True,0.324474036693573,2.586002826690674,-1.1639963388442993
p269,process,,30,30,18,pre,odor,True,-1.0991946458816528,1.466807246208191,-2.694836378097534
p269,process,,31,31,0,pre,odor,True,0.5994958281517029,4.098746299743652,-2.337580680847168
p269,process,,32,32,12,post,odor,True,0.17207832634449005,1.791967749595642,-0.6392347812652588
p269,process,,33,33,18,post,odor,True,0.1596868932247162,1.945082426071167,-1.1425669193267822
p269,process,,34,34,40,post,odor,True,0.06684274971485138,1.112396240234375,-0.7476944923400879
p269,process,,35,35,32,post,odor,True,-0.07082243263721466,0.8418788909912109,-0.8060978651046753
p269,process,,36,36,31,post,odor,True,0.07073663920164108,1.2142301797866821,-0.7298475503921509
p269,process,,37,37,0,post,odor,True,-0.012868767604231834,3.0236101150512695,-1.0230963230133057
p269,process,,38,38,4,post,odor,True,0.111390620470047,1.2232630252838135,-1.0413686037063599
p269,process,,39,39,2,post,odor,True,-0.09116911888122559,1.516065239906311,-1.053120493888855
p269,process,,40,40,3,post,odor,True,-0.011922216974198818,1.128954291343689,-0.8952189087867737
p269,process,,41,41,21,post,odor,True,0.08613329380750656,2.042043685913086,-0.982936680316925
p269,process,,42,42,31,post,odor,True,0.13806502521038055,1.3652819395065308,-0.9409136772155762
p269,process,,43,43,2,post,odor,True,-0.21935175359249115,1.3933221101760864,-1.3036375045776367
p269,process,,44,44,32,post,odor,True,0.06557674705982208,1.8236141204833984,-0.9960459470748901
p269,process,,45,45,40,post,odor,True,0.04524786397814751,1.0989855527877808,-0.9289922118186951
p269,process,,46,46,1,post,odor,True,-0.07277215272188187,2.3924896717071533,-0.9348717927932739
p269,process,,47,47,0,post,odor,True,-0.019476335495710373,1.8291891813278198,-0.9891923069953918
p269,process,,48,48,22,post,odor,True,-0.018373802304267883,1.6224640607833862,-1.0508216619491577
p269,process,,49,49,10,post,odor,True,-0.09370454400777817,1.4126925468444824,-0.7811316847801208
p269,process,,50,50,1,post,odor,True,-0.01863870583474636,1.0212260484695435,-1.2853299379348755
p269,process,,51,51,30,post,odor,True,0.18653447926044464,2.364696741104126,-0.7058208584785461
p269,process,,52,52,12,post,odor,True,0.07040663063526154,1.3360401391983032,-0.9369891285896301
p269,process,,53,53,3,post,odor,True,0.15042845904827118,1.8955787420272827,-0.782285213470459
p269,process,,54,54,21,post,odor,True,-0.08253850042819977,1.392332911491394,-1.032194972038269
p269,process,,55,55,22,post,odor,True,-0.189798042178154,1.1935572624206543,-1.2526487112045288
p269,process,,56,56,18,post,odor,True,0.11922971904277802,1.400671362876892,-0.7615659236907959
p269,process,,57,57,30,post,odor,True,0.1217765361070633,1.1881294250488281,-1.0804803371429443
p269,process,,58,58,17,post,odor,True,0.08150135725736618,2.8636183738708496,-1.086005449295044
p269,process,,59,59,39,post,odor,True,-0.1510683298110962,1.1060092449188232,-0.8836370706558228
p269,process,,60,60,39,post,odor,True,0.02454475313425064,1.6890350580215454,-1.1008362770080566
p269,process,,61,61,17,post,odor,True,0.14923402667045593,3.086407423019409,-0.8416696190834045
p269,process,,62,62,4,post,odor,True,0.08429107069969177,1.5288257598876953,-0.7877693772315979
p291,process,,0,0,39,pre,odor,True,-0.7893028855323792,1.8503663539886475,-3.668485164642334
p291,process,,1,1,17,pre,odor,True,-0.6496832966804504,4.122225761413574,-2.815035581588745
p291,process,,2,2,32,pre,odor,True,-1.2195082902908325,1.5212888717651367,-4.185197353363037
p291,process,,3,3,32,pre,odor,True,-0.660676121711731,2.7953295707702637,-3.219742774963379
p291,process,,4,4,30,pre,odor,True,1.9561100006103516,6.356955051422119,-1.2506402730941772
p291,process,,5,5,40,pre,odor,True,0.22232624888420105,2.779369592666626,-2.8775668144226074
p291,process,,6,6,3,pre,odor,True,0.282146692276001,2.746854543685913,-2.412010669708252
p291,process,,7,7,2,pre,odor,True,1.389420747756958,5.695814609527588,-1.5616376399993896
p291,process,,8,8,1,pre,odor,True,0.40553873777389526,4.863495826721191,-1.6240615844726562
p291,process,,9,9,4,pre,odor,True,1.586830496788025,6.96157169342041,-2.5452592372894287
p291,process,,10,10,31,pre,odor,True,0.17689554393291473,2.6947267055511475,-2.0781288146972656
p291,process,,11,11,21,pre,odor,True,-0.5445831418037415,2.567173719406128,-3.078855514526367
p291,process,,12,12,2,pre,odor,True,0.3343595862388611,3.916455030441284,-2.788480043411255
p291,process,,13,13,39,pre,odor,True,-0.4312141239643097,2.329724073410034,-2.7909555435180664
p291,process,,14,14,1,pre,odor,True,0.6516714692115784,3.7748851776123047,-1.747605800628662
p291,process,,15,15,12,pre,odor,True,0.8845312595367432,4.258932113647461,-1.3099945783615112
p291,process,,16,16,22,pre,odor,True,0.5798442363739014,2.2496068477630615,-1.715255618095398
p291,process,,17,17,10,pre,odor,True,1.4164530038833618,4.094616413116455,-1.4213529825210571
p291,process,,18,18,17,pre,odor,True,-0.03115130588412285,1.4245951175689697,-2.418429374694824
p291,process,,19,19,31,pre,odor,True,1.1026499271392822,3.471362352371216,-0.8057639598846436
p291,process,,20,20,30,pre,odor,True,0.32306498289108276,3.0784289836883545,-2.3320960998535156
p291,process,,21,21,12,pre,odor,True,0.26654335856437683,3.0741770267486572,-1.3880994319915771
p291,process,,22,22,22,pre,odor,True,0.4297105371952057,3.1201171875,-1.7573134899139404
p291,process,,23,23,4,pre,odor,True,0.7574107050895691,3.1344988346099854,-1.3512120246887207
p291,process,,24,24,0,pre,odor,True,0.13700836896896362,3.82915997505188,-2.914987802505493
p291,process,,25,25,3,pre,odor,True,-0.5299128890037537,2.640852212905884,-3.1810641288757324
p291,process,,26,26,40,pre,odor,True,-0.11867208778858185,2.8665671348571777,-3.243901014328003
p291,process,,27,27,10,pre,odor,True,1.1149706840515137,5.975318908691406,-2.752082586288452
p291,process,,28,28,21,pre,odor,True,-1.0273041725158691,1.6734883785247803,-2.7279019355773926
p291,process,,29,29,18,pre,odor,True,-0.2755288779735565,1.816269874572754,-2.7337231636047363
p291,process,,30,30,18,pre,odor,True,0.15248209238052368,4.091648101806641,-2.6775946617126465
p291,process,,31,31,0,pre,odor,True,0.42892375588417053,2.871516466140747,-3.021557569503784
p291,process,,32,32,12,post,odor,True,0.18157149851322174,2.4613771438598633,-1.2082188129425049
p291,process,,33,33,18,post,odor,True,0.09422571212053299,1.9752241373062134,-1.1972023248672485
p291,process,,34,34,40,post,odor,True,0.20400655269622803,2.2594854831695557,-0.8740978240966797
p291,process,,35,35,32,post,odor,True,0.2249956876039505,1.717437505722046,-1.0005857944488525
p291,process,,36,36,31,post,odor,True,-0.12054204195737839,1.4989595413208008,-1.5373001098632812
p291,process,,37,37,0,post,odor,True,0.0332021489739418,1.8007538318634033,-0.9960084557533264
p291,process,,38,38,4,post,odor,True,0.1044728010892868,1.8675402402877808,-1.5397831201553345
p291,process,,39,39,2,post,odor,True,-0.08295321464538574,1.8656114339828491,-1.5388438701629639
p291,process,,40,40,3,post,odor,True,0.08320779353380203,1.6202865839004517,-1.299013614654541
p291,process,,41,41,21,post,odor,True,0.12740232050418854,1.637154221534729,-1.2933118343353271
p291,process,,42,42,31,post,odor,True,0.13748623430728912,2.5440914630889893,-1.1759519577026367
p291,process,,43,43,2,post,odor,True,-0.059570714831352234,1.4474345445632935,-1.121396541595459
p291,process,,44,44,32,post,odor,True,-0.05788163095712662,1.5531483888626099,-1.435408353805542
p291,process,,45,45,40,post,odor,True,0.16793620586395264,2.548253297805786,-1.3390638828277588
p291,process,,46,46,1,post,odor,True,0.16012123227119446,1.5778640508651733,-1.2519577741622925
p291,process,,47,47,0,post,odor,True,0.21041832864284515,1.6649436950683594,-1.0089702606201172
p291,process,,48,48,22,post,odor,True,0.06855936348438263,1.1743652820587158,-1.0129575729370117
p291,process,,49,49,10,post,odor,True,0.10521622747182846,1.6231073141098022,-1.3214726448059082
p291,process,,50,50,1,post,odor,True,0.0786048173904419,1.6099133491516113,-1.0636169910430908
p291,process,,51,51,30,post,odor,True,0.21502716839313507,1.379472017288208,-1.3089321851730347
p291,process,,52,52,12,post,odor,True,-0.08310986310243607,2.412632465362549,-1.3276909589767456
p291,process,,53,53,3,post,odor,True,0.14797186851501465,2.3903391361236572,-1.2793222665786743
p291,process,,54,54,21,post,odor,True,0.05296112596988678,1.597339391708374,-1.3643217086791992
p291,process,,55,55,22,post,odor,True,-0.2787221670150757,1.7094486951828003,-1.4039299488067627
p291,process,,56,56,18,post,odor,True,0.07476270943880081,1.6444411277770996,-1.0959889888763428
p291,process,,57,57,30,post,odor,True,0.2194240242242813,1.7303684949874878,-1.041101336479187
p291,process,,58,58,17,post,odor,True,0.15434204041957855,1.8970848321914673,-1.2577952146530151
p291,process,,59,59,39,post,odor,True,-0.23144008219242096,1.7900816202163696,-1.5317132472991943
p291,process,,60,60,39,post,odor,True,0.02261047437787056,1.2815028429031372,-1.4372774362564087
p291,process,,61,61,17,post,odor,True,-0.05617821216583252,2.210071563720703,-1.0882360935211182
p291,process,,62,62,4,post,odor,True,0.0821223258972168,1.3765971660614014,-0.7310025691986084
p313,process,,0,0,39,pre,odor,True,0.04620707407593727,3.0825133323669434,-3.7564969062805176
p313,process,,1,1,17,pre,odor,True,-2.1221985816955566,2.0010557174682617,-4.838898658752441
p313,process,,2,2,32,pre,odor,True,2.950181245803833,5.715513229370117,0.5872059464454651
p313,process,,3,3,32,pre,odor,True,2.6370837688446045,7.458100318908691,-1.4567440748214722
p313,process,,4,4,30,pre,odor,True,2.453568935394287,6.34031867980957,-1.2478481531143188
p313,process,,5,5,40,pre,odor,True,0.5934968590736389,4.091443061828613,-2.352936029434204
p313,process,,6,6,3,pre,odor,True,0.12413276731967926,2.970113754272461,-2.5840718746185303
p313,process,,7,7,2,pre,odor,True,1.0456453561782837,5.208284378051758,-2.5074734687805176
p313,process,,8,8,1,pre,odor,True,-0.29032468795776367,2.720149040222168,-3.4635813236236572
p313,process,,9,9,4,pre,odor,True,0.8932303786277771,4.277533531188965,-1.2804840803146362
p313,process,,10,10,31,pre,odor,True,0.9454905390739441,7.013942241668701,-2.809386968612671
p313,process,,11,11,21,pre,odor,True,-1.3084455728530884,1.4333527088165283,-3.546492338180542
p313,process,,12,12,2,pre,odor,True,1.480196475982666,4.191920280456543,-1.5146530866622925
p313,process,,13,13,39,pre,odor,True,0.7698478102684021,3.401418685913086,-2.2173123359680176
p313,process,,14,14,1,pre,odor,True,0.5895791053771973,4.769631385803223,-2.8763070106506348
p313,process,,15,15,12,pre,odor,True,0.5944352746009827,4.469983100891113,-2.738389253616333
p313,process,,16,16,22,pre,odor,True,0.18248073756694794,3.389747381210327,-2.508220672607422
p313,process,,17,17,10,pre,odor,True,1.7933145761489868,6.824609756469727,-2.0526463985443115
p313,process,,18,18,17,pre,odor,True,0.8631006479263306,4.910238265991211,-1.9173928499221802
p313,process,,19,19,31,pre,odor,True,0.46378055214881897,3.4553864002227783,-2.7974965572357178
p313,process,,20,20,30,pre,odor,True,0.35938605666160583,4.387903690338135,-2.3680734634399414
p313,process,,21,21,12,pre,odor,True,1.342522382736206,4.319761276245117,-1.1638767719268799
p313,process,,22,22,22,pre,odor,True,0.22856658697128296,4.158247947692871,-1.9452342987060547
p313,process,,23,23,4,pre,odor,True,-0.14689819514751434,3.0442698001861572,-2.4870457649230957
p313,process,,24,24,0,pre,odor,True,-0.14883869886398315,4.275378704071045,-3.647433280944824
p313,process,,25,25,3,pre,odor,True,-0.3722483813762665,3.2175424098968506,-3.097161293029785
p313,process,,26,26,40,pre,odor,True,0.05921235680580139,3.0889294147491455,-3.111604928970337
p313,process,,27,27,10,pre,odor,True,-0.4546622633934021,2.806182622909546,-3.336697816848755
p313,process,,28,28,21,pre,odor,True,-0.8349494934082031,1.847248911857605,-2.908581495285034
p313,process,,29,29,18,pre,odor,True,0.3416714370250702,3.0877251625061035,-2.2064385414123535
p313,process,,30,30,18,pre,odor,True,0.8422684073448181,4.774277210235596,-2.2290549278259277
p313,process,,31,31,0,pre,odor,True,0.5230449438095093,6.526028633117676,-2.0816903114318848
p313,process,,32,32,12,post,odor,True,0.10796811431646347,1.9255586862564087,-1.453377604484558
p313,process,,33,33,18,post,odor,True,0.0829067975282669,1.5360878705978394,-1.338189959526062
p313,process,,34,34,40,post,odor,True,-0.02140721119940281,1.8165744543075562,-1.3455424308776855
p313,process,,35,35,32,post,odor,True,0.10184979438781738,1.6189590692520142,-1.42052161693573
p313,process,,36,36,31,post,odor,True,-0.17532013356685638,1.6197643280029297,-1.472769856452942
p313,process,,37,37,0,post,odor,True,0.06795799732208252,2.0001516342163086,-1.744775414466858
p313,process,,38,38,4,post,odor,True,0.14374099671840668,1.9579023122787476,-0.9670849442481995
p313,process,,39,39,2,post,odor,True,0.4683920443058014,2.2998948097229004,-1.1210644245147705
p313,process,,40,40,3,post,odor,True,0.13107888400554657,2.123642921447754,-1.0854570865631104
p313,process,,41,41,21,post,odor,True,0.18034259974956512,2.3787729740142822,-1.1215866804122925
p313,process,,42,42,31,post,odor,True,0.44103002548217773,1.8590450286865234,-0.9080218076705933
p313,process,,43,43,2,post,odor,True,-0.07897312939167023,2.7558352947235107,-1.7462928295135498
p313,process,,44,44,32,post,odor,True,0.10992267727851868,1.5765562057495117,-1.4157615900039673
p313,process,,45,45,40,post,odor,True,0.11978893727064133,2.4295642375946045,-1.1035574674606323
p313,process,,46,46,1,post,odor,True,0.1539076566696167,2.329646110534668,-1.4660292863845825
p313,process,,47,47,0,post,odor,True,-0.2943083941936493,1.2512236833572388,-2.082152843475342
p313,process,,48,48,22,post,odor,True,0.5947863459587097,2.1006124019622803,-1.193805456161499
p313,process,,49,49,10,post,odor,True,0.10258801281452179,2.2565596103668213,-1.488358497619629
p313,process,,50,50,1,post,odor,True,-0.14479176700115204,1.6110762357711792,-1.3677302598953247
p313,process,,51,51,30,post,odor,True,0.199435293674469,1.9877986907958984,-1.041194200515747
p313,process,,52,52,12,post,odor,True,0.16131897270679474,1.6650431156158447,-1.4902937412261963
p313,process,,53,53,3,post,odor,True,0.338056743144989,1.997881293296814,-0.9815089106559753
p313,process,,54,54,21,post,odor,True,0.13313864171504974,1.9929827451705933,-1.4943777322769165
p313,process,,55,55,22,post,odor,True,0.6288981437683105,2.394653797149658,-0.9944609999656677
p313,process,,56,56,18,post,odor,True,0.052678462117910385,1.5884736776351929,-1.6499234437942505
p313,process,,57,57,30,post,odor,True,0.41975975036621094,2.6527442932128906,-1.0472052097320557
p313,process,,58,58,17,post,odor,True,0.37698492407798767,3.448396921157837,-1.196212649345398
p313,process,,59,59,39,post,odor,True,0.10340980440378189,1.0779354572296143,-1.084920883178711
p313,process,,60,60,39,post,odor,True,0.09813039749860764,1.7426910400390625,-1.1742033958435059
p313,process,,61,61,17,post,odor,True,-0.31830671429634094,1.1116782426834106,-1.7925117015838623
p313,process,,62,62,4,post,odor,True,0.09598544239997864,2.7232956886291504,-1.7031540870666504
p335,process,,0,0,39,pre,odor,True,-1.0025532245635986,2.315157413482666,-4.283421516418457
p335,process,,1,1,17,pre,odor,True,-1.5248699188232422,0.7880388498306274,-4.420644760131836
p335,process,,2,2,32,pre,odor,True,0.8850924372673035,5.834652900695801,-2.2428970336914062
p335,process,,3,3,32,pre,odor,True,-1.6623144149780273,3.4212849140167236,-4.190353870391846
p335,process,,4,4,30,pre,odor,True,3.427133798599243,7.629427433013916,-1.4794039726257324
p335,process,,5,5,40,pre,odor,True,0.8712178468704224,4.068190574645996,-3.074540615081787
p335,process,,6,6,3,pre,odor,True,2.512350559234619,6.333178520202637,-1.3955086469650269
p335,process,,7,7,2,pre,odor,True,0.40942496061325073,5.082265853881836,-2.321945905685425
p335,process,,8,8,1,pre,odor,True,-0.652176022529602,3.534461736679077,-2.5842909812927246
p335,process,,9,9,4,pre,odor,True,2.978544235229492,8.395583152770996,-1.3394672870635986
p335,process,,10,10,31,pre,odor,True,-1.3097113370895386,1.3940651416778564,-3.2059104442596436
p335,process,,11,11,21,pre,odor,True,-0.08578477799892426,5.030561923980713,-3.704453468322754
p335,process,,12,12,2,pre,odor,True,-0.10887783020734787,2.8042843341827393,-2.832430362701416
p335,process,,13,13,39,pre,odor,True,-0.08423198759555817,3.068040370941162,-3.3890907764434814
p335,process,,14,14,1,pre,odor,True,-0.4459356963634491,3.851614236831665,-2.528245449066162
p335,process,,15,15,12,pre,odor,True,0.4319591820240021,3.509659767150879,-2.9588422775268555
p335,process,,16,16,22,pre,odor,True,1.0586577653884888,5.090474605560303,-1.9280054569244385
p335,process,,17,17,10,pre,odor,True,1.3546497821807861,5.2447309494018555,-1.2956503629684448
p335,process,,18,18,17,pre,odor,True,0.4917263388633728,2.4475834369659424,-1.8949164152145386
p335,process,,19,19,31,pre,odor,True,0.7035888433456421,3.405810832977295,-1.9678680896759033
p335,process,,20,20,30,pre,odor,True,-0.1760810762643814,2.0502941608428955,-2.701636552810669
p335,process,,21,21,12,pre,odor,True,-0.2711907625198364,2.275944709777832,-1.8690662384033203
p335,process,,22,22,22,pre,odor,True,0.02892850711941719,2.8165900707244873,-2.197117567062378
p335,process,,23,23,4,pre,odor,True,0.8359425663948059,3.1883840560913086,-1.9403306245803833
p335,process,,24,24,0,pre,odor,True,0.7954928874969482,4.316997528076172,-2.0608205795288086
p335,process,,25,25,3,pre,odor,True,2.013425588607788,6.014471530914307,-0.5794559717178345
p335,process,,26,26,40,pre,odor,True,0.4221265912055969,3.0175106525421143,-1.8178637027740479
p335,process,,27,27,10,pre,odor,True,0.35909825563430786,3.6370036602020264,-1.7642388343811035
p335,process,,28,28,21,pre,odor,True,-0.18561819195747375,2.7384417057037354,-2.1371705532073975
p335,process,,29,29,18,pre,odor,True,0.37623903155326843,2.4024081230163574,-1.4532370567321777
p335,process,,30,30,18,pre,odor,True,0.06276115775108337,2.181387186050415,-0.9670080542564392
p335,process,,31,31,0,pre,odor,True,0.4795841574668884,2.319366931915283,-1.329160451889038
p335,process,,32,32,12,post,odor,True,0.0705491378903389,1.7394074201583862,-0.8058494329452515
p335,process,,33,33,18,post,odor,True,0.097270168364048,1.2075550556182861,-0.7938042879104614
p335,process,,34,34,40,post,odor,True,-0.08002573251724243,1.4464776515960693,-1.5030046701431274
p335,process,,35,35,32,post,odor,True,-0.031389787793159485,1.4314100742340088,-1.2944563627243042
p335,process,,36,36,31,post,odor,True,0.056972701102495193,1.035165548324585,-0.9701107740402222
p335,process,,37,37,0,post,odor,True,-0.22683578729629517,1.6089935302734375,-1.1832859516143799
p335,process,,38,38,4,post,odor,True,0.14667731523513794,1.6957569122314453,-0.7961056232452393
p335,process,,39,39,2,post,odor,True,0.18899351358413696,1.6882197856903076,-0.8417252898216248
p335,process,,40,40,3,post,odor,True,0.1849784404039383,2.1390440464019775,-0.890325665473938
p335,process,,41,41,21,post,odor,True,0.12072272598743439,1.6985313892364502,-1.2449204921722412
p335,process,,42,42,31,post,odor,True,-0.012041701935231686,1.4030998945236206,-0.9647879004478455
p335,process,,43,43,2,post,odor,True,0.20080497860908508,1.556054949760437,-0.7550872564315796
p335,process,,44,44,32,post,odor,True,0.012930738739669323,1.4558515548706055,-0.864501953125
p335,process,,45,45,40,post,odor,True,-0.17754270136356354,0.832510769367218,-1.225868582725525
p335,process,,46,46,1,post,odor,True,0.2385590374469757,1.7875885963439941,-0.7432474493980408
p335,process,,47,47,0,post,odor,True,0.22216051816940308,1.9402647018432617,-0.9182669520378113
p335,process,,48,48,22,post,odor,True,0.17917202413082123,1.7636442184448242,-1.002997636795044
p335,process,,49,49,10,post,odor,True,0.20447050034999847,1.234925389289856,-0.9466095566749573
p335,process,,50,50,1,post,odor,True,-0.05313120037317276,1.0975327491760254,-0.9475996494293213
p335,process,,51,51,30,post,odor,True,-0.22277849912643433,1.3902320861816406,-1.7410608530044556
p335,process,,52,52,12,post,odor,True,0.06499522179365158,0.9439606666564941,-1.085908055305481
p335,process,,53,53,3,post,odor,True,0.06720075011253357,2.000441789627075,-1.2017419338226318
p335,process,,54,54,21,post,odor,True,0.19095394015312195,1.803011178970337,-1.090263843536377
p335,process,,55,55,22,post,odor,True,0.2427271604537964,1.9191817045211792,-1.1352463960647583
p335,process,,56,56,18,post,odor,True,0.01970798708498478,1.027811884880066,-1.319785237312317
p335,process,,57,57,30,post,odor,True,0.2744466960430145,2.071392297744751,-1.1784511804580688
p335,process,,58,58,17,post,odor,True,0.1417974978685379,1.7519328594207764,-1.0755114555358887
p335,process,,59,59,39,post,odor,True,0.28486761450767517,2.035747528076172,-0.9323954582214355
p335,process,,60,60,39,post,odor,True,0.0855410024523735,1.1994657516479492,-1.1648709774017334
p335,process,,61,61,17,post,odor,True,-0.24718087911605835,1.5621825456619263,-1.183239459991455
p335,process,,62,62,4,post,odor,True,-0.04677660018205643,1.9460915327072144,-1.420149326324463
p358,process,,0,0,39,pre,odor,True,-0.1936241090297699,4.094738006591797,-2.490572929382324
p358,process,,1,1,17,pre,odor,True,-1.7047901153564453,0.3237282931804657,-4.173878192901611
p358,process,,2,2,32,pre,odor,True,3.0725762844085693,6.117491245269775,0.4714706838130951
p358,process,,3,3,32,pre,odor,True,3.562811851501465,6.924696445465088,-1.4692143201828003
p358,process,,4,4,30,pre,odor,True,2.8346776962280273,5.650444030761719,-0.2945716679096222
p358,process,,5,5,40,pre,odor,True,0.4991770088672638,4.241426944732666,-1.9797285795211792
p358,process,,6,6,3,pre,odor,True,0.33601903915405273,3.4813458919525146,-2.6567068099975586
p358,process,,7,7,2,pre,odor,True,0.6121547818183899,3.6212849617004395,-1.9023542404174805
p358,process,,8,8,1,pre,odor,True,0.8490417003631592,3.476813554763794,-1.4902307987213135
p358,process,,9,9,4,pre,odor,True,0.820809006690979,4.599379062652588,-1.5648759603500366
p358,process,,10,10,31,pre,odor,True,2.5466907024383545,7.001917362213135,-1.204569935798645
p358,process,,11,11,21,pre,odor,True,-0.7921611070632935,2.7538487911224365,-3.317876100540161
p358,process,,12,12,2,pre,odor,True,0.663335919380188,3.7000555992126465,-1.1821277141571045
p358,process,,13,13,39,pre,odor,True,0.23153355717658997,4.64169454574585,-3.3195996284484863
p358,process,,14,14,1,pre,odor,True,0.7189709544181824,4.291284084320068,-2.5921337604522705
p358,process,,15,15,12,pre,odor,True,0.8450497388839722,5.423409938812256,-2.33379864692688
p358,process,,16,16,22,pre,odor,True,0.9793974161148071,4.664331912994385,-2.7583494186401367
p358,process,,17,17,10,pre,odor,True,1.6697179079055786,6.559044361114502,-1.9289028644561768
p358,process,,18,18,17,pre,odor,True,-0.4187723994255066,2.4102671146392822,-2.7385599613189697
p358,process,,19,19,31,pre,odor,True,2.8656797409057617,6.103353023529053,-0.41594263911247253
p358,process,,20,20,30,pre,odor,True,2.2890915870666504,6.874809265136719,-1.7750030755996704
p358,process,,21,21,12,pre,odor,True,-0.1163441464304924,2.5872836112976074,-2.4049179553985596
p358,process,,22,22,22,pre,odor,True,0.5326285362243652,2.935901403427124,-2.067643880844116
p358,process,,23,23,4,pre,odor,True,-0.6764580607414246,1.6731188297271729,-2.550694704055786
p358,process,,24,24,0,pre,odor,True,-0.24622903764247894,4.871762275695801,-3.6182289123535156
p358,process,,25,25,3,pre,odor,True,-0.8635750412940979,1.8131670951843262,-4.341047763824463
p358,process,,26,26,40,pre,odor,True,-0.4904375374317169,2.6938016414642334,-3.5642948150634766
p358,process,,27,27,10,pre,odor,True,-0.2883332073688507,2.228802442550659,-2.4240753650665283
p358,process,,28,28,21,pre,odor,True,-0.49608588218688965,4.675836563110352,-3.8141536712646484
p358,process,,29,29,18,pre,odor,True,0.1183733120560646,2.7171661853790283,-2.0130770206451416
p358,process,,30,30,18,pre,odor,True,-1.099524736404419,1.1261059045791626,-2.513214111328125
p358,process,,31,31,0,pre,odor,True,0.3083580732345581,3.1458513736724854,-3.09323787689209
p358,process,,32,32,12,post,odor,True,0.2076534926891327,2.294877052307129,-0.8177453875541687
p358,process,,33,33,18,post,odor,True,-0.09354344010353088,1.1496169567108154,-1.057041049003601
p358,process,,34,34,40,post,odor,True,-0.060484521090984344,1.3984942436218262,-1.0551629066467285
p358,process,,35,35,32,post,odor,True,0.03998711332678795,1.0930063724517822,-0.7945489287376404
p358,process,,36,36,31,post,odor,True,-0.01906661130487919,1.4397457838058472,-1.2213987112045288
p358,process,,37,37,0,post,odor,True,0.07000137120485306,3.0135796070098877,-1.074876308441162
p358,process,,38,38,4,post,odor,True,0.17048391699790955,1.30106782913208,-0.8623217344284058
p358,process,,39,39,2,post,odor,True,-0.018535567447543144,1.5254848003387451,-1.2534071207046509
p358,process,,40,40,3,post,odor,True,-0.23962658643722534,1.603904366493225,-1.2055665254592896
p358,process,,41,41,21,post,odor,True,0.008507991209626198,1.7369415760040283,-1.052242636680603
p358,process,,42,42,31,post,odor,True,-0.16718003153800964,2.1002233028411865,-1.2160366773605347
p358,process,,43,43,2,post,odor,True,0.19715163111686707,1.4966944456100464,-0.5889056324958801
p358,process,,44,44,32,post,odor,True,-0.09829135984182358,1.4453821182250977,-1.1618252992630005
p358,process,,45,45,40,post,odor,True,0.18999023735523224,1.5877339839935303,-0.9777979254722595
p358,process,,46,46,1,post,odor,True,-0.006494214292615652,1.2847100496292114,-1.0341988801956177
p358,process,,47,47,0,post,odor,True,0.10533388704061508,1.768539547920227,-1.0806055068969727
p358,process,,48,48,22,post,odor,True,-0.0110548734664917,0.9870104193687439,-1.2469033002853394
p358,process,,49,49,10,post,odor,True,-0.002215069718658924,1.521235704421997,-1.0816915035247803
p358,process,,50,50,1,post,odor,True,-0.048098012804985046,1.4868298768997192,-1.231785535812378
p358,process,,51,51,30,post,odor,True,0.021627066656947136,1.6952171325683594,-1.1571255922317505
p358,process,,52,52,12,post,odor,True,-0.09640534967184067,1.7607210874557495,-1.1450332403182983
p358,process,,53,53,3,post,odor,True,0.06053479388356209,2.2162702083587646,-0.8147668838500977
p358,process,,54,54,21,post,odor,True,0.02182265929877758,1.6270127296447754,-1.0600712299346924
p358,process,,55,55,22,post,odor,True,0.05234583094716072,1.4770137071609497,-1.1174818277359009
p358,process,,56,56,18,post,odor,True,-0.09573617577552795,1.1052286624908447,-1.0503629446029663
p358,process,,57,57,30,post,odor,True,0.23056992888450623,1.617246389389038,-0.7178846001625061
p358,process,,58,58,17,post,odor,True,0.16520412266254425,1.8672242164611816,-0.6191539764404297
p358,process,,59,59,39,post,odor,True,-0.016019724309444427,1.1348960399627686,-0.8230167627334595
p358,process,,60,60,39,post,odor,True,-0.09170810878276825,0.893010139465332,-0.8597079515457153
p358,process,,61,61,17,post,odor,True,0.026399055495858192,1.2573680877685547,-0.8879113793373108
p358,process,,62,62,4,post,odor,True,0.21181996166706085,1.7136200666427612,-0.6458535194396973
p380,process,,0,0,39,pre,odor,True,0.138240247964859,4.171452522277832,-2.8003056049346924
p380,process,,1,1,17,pre,odor,True,-0.7755337953567505,4.056849956512451,-3.147601842880249
p380,process,,2,2,32,pre,odor,True,1.808327078819275,4.863582611083984,-0.8581224083900452
p380,process,,3,3,32,pre,odor,True,3.039804220199585,7.721574783325195,-0.407275915145874
p380,process,,4,4,30,pre,odor,True,2.3030731678009033,4.808346271514893,-0.9055143594741821
p380,process,,5,5,40,pre,odor,True,0.4913969039916992,4.3220086097717285,-1.9480245113372803
p380,process,,6,6,3,pre,odor,True,0.8090418577194214,4.6978583335876465,-1.5250974893569946
p380,process,,7,7,2,pre,odor,True,0.853228747844696,5.098857402801514,-1.3815481662750244
p380,process,,8,8,1,pre,odor,True,0.06944210827350616,4.079409122467041,-2.9523401260375977
p380,process,,9,9,4,pre,odor,True,0.8958705067634583,7.137848377227783,-1.7892872095108032
p380,process,,10,10,31,pre,odor,True,2.907952308654785,7.633535385131836,-0.8051620125770569
p380,process,,11,11,21,pre,odor,True,-0.05490658059716225,2.8173868656158447,-2.5376577377319336
p380,process,,12,12,2,pre,odor,True,1.2417796850204468,4.610926628112793,-2.276005268096924
p380,process,,13,13,39,pre,odor,True,0.42234930396080017,4.8065996170043945,-2.748645067214966
p380,process,,14,14,1,pre,odor,True,0.6666116714477539,4.912800312042236,-2.076373815536499
p380,process,,15,15,12,pre,odor,True,0.9604167342185974,6.02358341217041,-1.616533875465393
p380,process,,16,16,22,pre,odor,True,1.4143187999725342,5.561156749725342,-2.5820071697235107
p380,process,,17,17,10,pre,odor,True,1.603441834449768,4.994278907775879,-2.5262227058410645
p380,process,,18,18,17,pre,odor,True,1.040373682975769,4.473273754119873,-1.7674380540847778
p380,process,,19,19,31,pre,odor,True,2.307204484939575,7.280387878417969,-1.1779615879058838
p380,process,,20,20,30,pre,odor,True,2.789659023284912,7.384728908538818,-1.247817039489746
p380,process,,21,21,12,pre,odor,True,0.24616505205631256,2.804713487625122,-3.1583380699157715
p380,process,,22,22,22,pre,odor,True,0.5277281999588013,3.4819207191467285,-2.206392288208008
p380,process,,23,23,4,pre,odor,True,-0.41931629180908203,2.5219364166259766,-3.0051722526550293
p380,process,,24,24,0,pre,odor,True,-0.3736562430858612,3.4258720874786377,-3.6808133125305176
p380,process,,25,25,3,pre,odor,True,0.3372099995613098,4.858094692230225,-2.85150408744812
p380,process,,26,26,40,pre,odor,True,-0.0408029779791832,3.6177330017089844,-2.864480495452881
p380,process,,27,27,10,pre,odor,True,-0.573302686214447,2.6211934089660645,-4.022683620452881
p380,process,,28,28,21,pre,odor,True,0.301015704870224,4.045241355895996,-2.445103883743286
p380,process,,29,29,18,pre,odor,True,0.22618088126182556,3.6532695293426514,-1.6231833696365356
p380,process,,30,30,18,pre,odor,True,-0.8183759450912476,0.874488115310669,-2.148223638534546
p380,process,,31,31,0,pre,odor,True,0.14154650270938873,3.065065383911133,-1.8750981092453003
p380,process,,32,32,12,post,odor,True,0.021151090040802956,1.8546570539474487,-0.7363137006759644
p380,process,,33,33,18,post,odor,True,-0.05177309364080429,1.347931146621704,-0.8350222706794739
p380,process,,34,34,40,post,odor,True,0.17753739655017853,1.3975216150283813,-0.6888713836669922
p380,process,,35,35,32,post,odor,True,-0.08309145271778107,1.0386621952056885,-0.8101668357849121
p380,process,,36,36,31,post,odor,True,-0.006772186141461134,1.0819344520568848,-0.8137023448944092
p380,process,,37,37,0,post,odor,True,0.1347780078649521,1.580490231513977,-0.8917042016983032
p380,process,,38,38,4,post,odor,True,-0.08053439110517502,1.5569583177566528,-1.089784860610962
p380,process,,39,39,2,post,odor,True,0.033718593418598175,1.5766360759735107,-1.013597011566162
p380,process,,40,40,3,post,odor,True,-3.4409411455271766e-05,1.1131335496902466,-1.1519149541854858
p380,process,,41,41,21,post,odor,True,0.10564696788787842,1.6477192640304565,-0.8516654372215271
p380,process,,42,42,31,post,odor,True,-0.11360117048025131,2.5551347732543945,-1.1068776845932007
p380,process,,43,43,2,post,odor,True,-0.007344493642449379,1.4610826969146729,-1.3466765880584717
p380,process,,44,44,32,post,odor,True,-0.2642351984977722,0.7842904329299927,-1.3537763357162476
p380,process,,45,45,40,post,odor,True,-0.0015743409749120474,2.0184481143951416,-1.3725062608718872
p380,process,,46,46,1,post,odor,True,-0.043287020176649094,1.658721685409546,-1.2627263069152832
p380,process,,47,47,0,post,odor,True,0.09030203521251678,1.3230921030044556,-0.7584777474403381
p380,process,,48,48,22,post,odor,True,0.10303674638271332,1.9969792366027832,-0.9419611692428589
p380,process,,49,49,10,post,odor,True,0.14893636107444763,2.0067310333251953,-0.9580621719360352
p380,process,,50,50,1,post,odor,True,-0.11104469001293182,1.5428471565246582,-1.2935823202133179
p380,process,,51,51,30,post,odor,True,-0.1281990259885788,1.073172688484192,-1.153162956237793
p380,process,,52,52,12,post,odor,True,-0.1309506893157959,1.586876630783081,-1.0987457036972046
p380,process,,53,53,3,post,odor,True,0.0701763704419136,0.9528951644897461,-0.9353532195091248
p380,process,,54,54,21,post,odor,True,0.20085324347019196,1.9187697172164917,-1.1390225887298584
p380,process,,55,55,22,post,odor,True,0.34332743287086487,2.018515110015869,-0.9015794396400452
p380,process,,56,56,18,post,odor,True,-0.008198258467018604,1.419601321220398,-1.0876045227050781
p380,process,,57,57,30,post,odor,True,-0.12813681364059448,0.9469704031944275,-1.061718463897705
p380,process,,58,58,17,post,odor,True,-0.09445548057556152,0.8426383137702942,-1.1212519407272339
p380,process,,59,59,39,post,odor,True,0.1514563411474228,1.2066797018051147,-0.5396472811698914
p380,process,,60,60,39,post,odor,True,-0.03902077674865723,1.589022159576416,-0.85493004322052
p380,process,,61,61,17,post,odor,True,0.026206662878394127,1.2822620868682861,-0.9908185601234436
p380,process,,62,62,4,post,odor,True,0.09118834137916565,1.5969394445419312,-0.7990623712539673
p402,process,,0,0,39,pre,odor,True,0.00473962165415287,3.734813928604126,-3.1192524433135986
p402,process,,1,1,17,pre,odor,True,-0.9493688344955444,2.160968780517578,-3.654824733734131
p402,process,,2,2,32,pre,odor,True,3.4928977489471436,8.899033546447754,0.48203906416893005
p402,process,,3,3,32,pre,odor,True,3.644084930419922,8.61168384552002,-1.7762941122055054
p402,process,,4,4,30,pre,odor,True,3.4654765129089355,6.8981146812438965,-0.019385797902941704
p402,process,,5,5,40,pre,odor,True,0.7141952514648438,6.329107284545898,-3.2816548347473145
p402,process,,6,6,3,pre,odor,True,2.085737705230713,5.482454776763916,-1.3068417310714722
p402,process,,7,7,2,pre,odor,True,1.6340901851654053,4.768050193786621,-1.249154806137085
p402,process,,8,8,1,pre,odor,True,1.1957659721374512,6.486175537109375,-2.8774821758270264
p402,process,,9,9,4,pre,odor,True,2.661372184753418,8.374323844909668,-0.5655773282051086
p402,process,,10,10,31,pre,odor,True,3.009856700897217,8.785813331604004,-1.2137680053710938
p402,process,,11,11,21,pre,odor,True,2.548205852508545,7.321500778198242,-2.118612051010132
p402,process,,12,12,2,pre,odor,True,0.8558086156845093,5.344507694244385,-2.240037202835083
p402,process,,13,13,39,pre,odor,True,0.45367342233657837,3.1352226734161377,-2.1763553619384766
p402,process,,14,14,1,pre,odor,True,1.9943139553070068,7.015391826629639,-1.202797293663025
p402,process,,15,15,12,pre,odor,True,1.8291609287261963,7.478992938995361,-1.4741069078445435
p402,process,,16,16,22,pre,odor,True,2.500354528427124,5.7835283279418945,-0.8036106824874878
p402,process,,17,17,10,pre,odor,True,2.633289098739624,9.573184967041016,-2.0079903602600098
p402,process,,18,18,17,pre,odor,True,-0.3576692044734955,2.8334755897521973,-2.454083204269409
p402,process,,19,19,31,pre,odor,True,3.034590244293213,6.308843612670898,-0.6689836382865906
p402,process,,20,20,30,pre,odor,True,2.2511963844299316,6.294143199920654,-1.7020376920700073
p402,process,,21,21,12,pre,odor,True,0.04608713090419769,2.593385934829712,-1.88865327835083
p402,process,,22,22,22,pre,odor,True,1.9841653108596802,5.501971244812012,-0.7886199951171875
p402,process,,23,23,4,pre,odor,True,0.25352612137794495,1.95870041847229,-1.618715524673462
p402,process,,24,24,0,pre,odor,True,0.16689901053905487,3.7688443660736084,-4.251042366027832
p402,process,,25,25,3,pre,odor,True,0.7519907355308533,4.280633926391602,-3.358833074569702
p402,process,,26,26,40,pre,odor,True,0.780629575252533,4.888116359710693,-1.2803754806518555
p402,process,,27,27,10,pre,odor,True,0.43871480226516724,2.1841444969177246,-1.2514737844467163
p402,process,,28,28,21,pre,odor,True,2.0926833152770996,4.743241786956787,-0.3648682236671448
p402,process,,29,29,18,pre,odor,True,-0.04930131882429123,1.6070737838745117,-1.8443403244018555
p402,process,,30,30,18,pre,odor,True,-0.33042579889297485,1.370043396949768,-1.634530782699585
p402,process,,31,31,0,pre,odor,True,0.38258886337280273,2.8680670261383057,-1.424196481704712
p402,process,,32,32,12,post,odor,True,-0.06699792295694351,1.314391016960144,-1.2282910346984863
p402,process,,33,33,18,post,odor,True,0.3401188254356384,2.082969903945923,-1.2663968801498413
p402,process,,34,34,40,post,odor,True,-0.0992845669388771,1.2488248348236084,-1.2598912715911865
p402,process,,35,35,32,post,odor,True,0.148777037858963,1.6550222635269165,-1.0496065616607666
p402,process,,36,36,31,post,odor,True,-0.010167185217142105,1.7322508096694946,-0.9854461550712585
p402,process,,37,37,0,post,odor,True,0.07193754613399506,1.4017424583435059,-1.3021125793457031
p402,process,,38,38,4,post,odor,True,0.014816434122622013,1.4434858560562134,-1.1275806427001953
p402,process,,39,39,2,post,odor,True,0.10796701163053513,2.103818893432617,-1.095704197883606
p402,process,,40,40,3,post,odor,True,0.09431971609592438,2.203704357147217,-1.4157984256744385
p402,process,,41,41,21,post,odor,True,1.4290053844451904,3.496242046356201,-0.8479204177856445
p402,process,,42,42,31,post,odor,True,-0.1335550844669342,2.916903018951416,-1.6087855100631714
p402,process,,43,43,2,post,odor,True,0.25417935848236084,1.7576539516448975,-1.1457240581512451
p402,process,,44,44,32,post,odor,True,0.1808800995349884,1.3973493576049805,-0.9940592050552368
p402,process,,45,45,40,post,odor,True,-0.056010711938142776,2.003960132598877,-1.8507492542266846
p402,process,,46,46,1,post,odor,True,-0.10019214451313019,1.5869090557098389,-1.2869690656661987
p402,process,,47,47,0,post,odor,True,0.14730268716812134,1.687670350074768,-1.6567652225494385
p402,process,,48,48,22,post,odor,True,0.02155832014977932,1.4489312171936035,-1.3861629962921143
p402,process,,49,49,10,post,odor,True,0.11430317908525467,3.28027081489563,-1.842812180519104
p402,process,,50,50,1,post,odor,True,0.12396592646837234,1.6902387142181396,-1.5353349447250366
p402,process,,51,51,30,post,odor,True,0.10811925679445267,1.9194047451019287,-1.206372857093811
p402,process,,52,52,12,post,odor,True,-0.030931200832128525,2.3812665939331055,-1.4725878238677979
p402,process,,53,53,3,post,odor,True,0.05443059653043747,2.047896146774292,-1.6723397970199585
p402,process,,54,54,21,post,odor,True,1.092449426651001,3.3829293251037598,-1.5852341651916504
p402,process,,55,55,22,post,odor,True,-0.14405813813209534,1.3851362466812134,-1.8385729789733887
p402,process,,56,56,18,post,odor,True,0.054664529860019684,2.312498092651367,-1.1140685081481934
p402,process,,57,57,30,post,odor,True,0.2740086317062378,1.682847023010254,-0.9404422640800476
p402,process,,58,58,17,post,odor,True,0.24710720777511597,1.4899777173995972,-0.8989381194114685
p402,process,,59,59,39,post,odor,True,0.11576207727193832,2.000399351119995,-1.1860986948013306
p402,process,,60,60,39,post,odor,True,-0.1824665069580078,1.7829471826553345,-1.2578189373016357
p402,process,,61,61,17,post,odor,True,-0.019217854365706444,1.9567521810531616,-1.0849723815917969
p402,process,,62,62,4,post,odor,True,-0.08499594777822495,2.229321002960205,-1.5545655488967896
p425,process,,0,0,39,pre,odor,True,3.818049430847168,11.585611343383789,-4.312313079833984
p425,process,,1,1,17,pre,odor,True,1.7212092876434326,6.687556743621826,-2.633378028869629
p425,process,,2,2,32,pre,odor,True,11.591940879821777,19.60772705078125,0.7838485240936279
p425,process,,3,3,32,pre,odor,True,12.018906593322754,19.88528060913086,-2.718057155609131
p425,process,,4,4,30,pre,odor,True,12.492544174194336,18.08087921142578,3.043241262435913
p425,process,,5,5,40,pre,odor,True,4.883477210998535,13.797484397888184,-1.8271138668060303
p425,process,,6,6,3,pre,odor,True,11.578733444213867,22.309009552001953,-1.5351067781448364
p425,process,,7,7,2,pre,odor,True,5.282536506652832,11.671527862548828,-5.051657676696777
p425,process,,8,8,1,pre,odor,True,3.194559335708618,7.364198684692383,-0.9515479207038879
p425,process,,9,9,4,pre,odor,True,9.907195091247559,18.617706298828125,-2.8752737045288086
p425,process,,10,10,31,pre,odor,True,12.323822021484375,21.088565826416016,-1.3841360807418823
p425,process,,11,11,21,pre,odor,True,9.534924507141113,17.219640731811523,-1.5172039270401
p425,process,,12,12,2,pre,odor,True,3.5697669982910156,8.704523086547852,-2.539099931716919
p425,process,,13,13,39,pre,odor,True,5.9927449226379395,11.936948776245117,-1.9801805019378662
p425,process,,14,14,1,pre,odor,True,4.499029159545898,8.559065818786621,-2.0323989391326904
p425,process,,15,15,12,pre,odor,True,5.520456314086914,13.968289375305176,-1.1174603700637817
p425,process,,16,16,22,pre,odor,True,13.366369247436523,22.77272605895996,-1.2958331108093262
p425,process,,17,17,10,pre,odor,True,5.973094463348389,13.061476707458496,-1.3148813247680664
p425,process,,18,18,17,pre,odor,True,0.45007050037384033,2.618976354598999,-1.4817403554916382
p425,process,,19,19,31,pre,odor,True,11.059955596923828,16.725452423095703,-1.2347663640975952
p425,process,,20,20,30,pre,odor,True,9.392579078674316,15.8021240234375,-0.7749101519584656
p425,process,,21,21,12,pre,odor,True,0.8925716876983643,3.1911492347717285,-1.024741530418396
p425,process,,22,22,22,pre,odor,True,10.223176956176758,15.028453826904297,-0.5708407759666443
p425,process,,23,23,4,pre,odor,True,-0.14220240712165833,2.027053117752075,-1.7221485376358032
p425,process,,24,24,0,pre,odor,True,0.562665581703186,3.55961012840271,-2.796637773513794
p425,process,,25,25,3,pre,odor,True,5.371118545532227,12.227978706359863,-2.4192209243774414
p425,process,,26,26,40,pre,odor,True,1.4267033338546753,8.642376899719238,-2.258500337600708
p425,process,,27,27,10,pre,odor,True,1.8090285062789917,6.235748767852783,-1.5321720838546753
p425,process,,28,28,21,pre,odor,True,8.145225524902344,11.87774658203125,0.9007986187934875
p425,process,,29,29,18,pre,odor,True,1.0068849325180054,2.9723708629608154,-1.1307350397109985
p425,process,,30,30,18,pre,odor,True,-1.4309871196746826,-0.19320985674858093,-2.5483717918395996
p425,process,,31,31,0,pre,odor,True,-0.11112189292907715,1.6393972635269165,-1.8063814640045166
p425,process,,32,32,12,post,odor,True,0.12545612454414368,0.858594536781311,-0.3604932129383087
p425,process,,33,33,18,post,odor,True,0.10556440055370331,0.7650636434555054,-0.5488942265510559
p425,process,,34,34,40,post,odor,True,0.13962480425834656,0.8785292506217957,-0.49942177534103394
p425,process,,35,35,32,post,odor,True,0.40088891983032227,1.3263394832611084,-0.4365319311618805
p425,process,,36,36,31,post,odor,True,0.2658940553665161,1.3837904930114746,-0.4923020899295807
p425,process,,37,37,0,post,odor,True,-0.04297490417957306,1.2374576330184937,-0.7266480922698975
p425,process,,38,38,4,post,odor,True,0.028137486428022385,0.7404437065124512,-0.6534868478775024
p425,process,,39,39,2,post,odor,True,0.2257421314716339,0.8161888122558594,-0.5816121101379395
p425,process,,40,40,3,post,odor,True,-0.008540286682546139,0.8289780616760254,-0.6240326166152954
p425,process,,41,41,21,post,odor,True,1.8053048849105835,2.9778409004211426,-0.4643373489379883
p425,process,,42,42,31,post,odor,True,0.02591651678085327,0.811211109161377,-0.5609261989593506
p425,process,,43,43,2,post,odor,True,-0.045333247631788254,1.140331506729126,-0.7125880122184753
p425,process,,44,44,32,post,odor,True,0.34156671166419983,1.493888020515442,-0.33573994040489197
p425,process,,45,45,40,post,odor,True,0.10700574517250061,0.9310973286628723,-0.4177517890930176
p425,process,,46,46,1,post,odor,True,0.01796988770365715,0.7210785150527954,-0.5725239515304565
p425,process,,47,47,0,post,odor,True,-0.035502757877111435,0.5134633779525757,-0.792871356010437
p425,process,,48,48,22,post,odor,True,0.10734162479639053,0.8839581608772278,-0.6229802966117859
p425,process,,49,49,10,post,odor,True,0.06114425137639046,0.7625324726104736,-0.6470062136650085
p425,process,,50,50,1,post,odor,True,-0.030301349237561226,0.46606728434562683,-0.4456786811351776
p425,process,,51,51,30,post,odor,True,0.10627365857362747,1.168174147605896,-0.4070015549659729
p425,process,,52,52,12,post,odor,True,0.03720174729824066,0.9928659200668335,-0.42554834485054016
p425,process,,53,53,3,post,odor,True,0.06143873557448387,0.5695443153381348,-0.43726029992103577
p425,process,,54,54,21,post,odor,True,0.9291810393333435,2.0043530464172363,-0.2415793389081955
p425,process,,55,55,22,post,odor,True,0.13114391267299652,0.8120584487915039,-0.6706615686416626
p425,process,,56,56,18,post,odor,True,0.12000931054353714,0.9135875105857849,-0.5072706937789917
p425,process,,57,57,30,post,odor,True,0.1998533308506012,1.1288071870803833,-0.5932644009590149
p425,process,,58,58,17,post,odor,True,0.11663231253623962,0.9228376746177673,-0.8479610681533813
p425,process,,59,59,39,post,odor,True,0.05128052830696106,0.7045242190361023,-0.4528607428073883
p425,process,,60,60,39,post,odor,True,-0.04622330516576767,0.481618195772171,-0.4256925582885742
p425,process,,61,61,17,post,odor,True,0.013381186872720718,0.4461475610733032,-0.37526464462280273
p425,process,,62,62,4,post,odor,True,0.025703879073262215,0.3320040702819824,-0.11971954256296158
p447,process,,0,0,39,pre,odor,True,-1.300736665725708,3.197343111038208,-4.660471439361572
p447,process,,1,1,17,pre,odor,True,0.6205734610557556,3.331346035003662,-1.5321975946426392
p447,process,,2,2,32,pre,odor,True,0.8851292133331299,4.451655864715576,-2.111114025115967
p447,process,,3,3,32,pre,odor,True,-1.0213310718536377,1.3475537300109863,-3.196281671524048
p447,process,,4,4,30,pre,odor,True,-2.3322298526763916,-0.5597855448722839,-4.5766448974609375
p447,process,,5,5,40,pre,odor,True,-1.3765546083450317,1.0204282999038696,-4.123568534851074
p447,process,,6,6,3,pre,odor,True,-0.9347171187400818,3.191981315612793,-3.656583786010742
p447,process,,7,7,2,pre,odor,True,0.4649324119091034,3.272918462753296,-2.3657755851745605
p447,process,,8,8,1,pre,odor,True,0.23053127527236938,3.6459078788757324,-3.152390480041504
p447,process,,9,9,4,pre,odor,True,-0.395494282245636,2.751821517944336,-2.5716652870178223
p447,process,,10,10,31,pre,odor,True,-1.703899621963501,0.619542121887207,-3.329369068145752
p447,process,,11,11,21,pre,odor,True,-0.7845489978790283,1.6258313655853271,-3.372982978820801
p447,process,,12,12,2,pre,odor,True,-0.6771276593208313,1.3459700345993042,-2.819739818572998
p447,process,,13,13,39,pre,odor,True,0.38536641001701355,3.7816550731658936,-2.162980318069458
p447,process,,14,14,1,pre,odor,True,-0.0038272899109870195,1.5602471828460693,-1.5542699098587036
p447,process,,15,15,12,pre,odor,True,-0.19281063973903656,2.9214625358581543,-2.9252943992614746
p447,process,,16,16,22,pre,odor,True,-0.7982136607170105,1.6965513229370117,-2.984781265258789
p447,process,,17,17,10,pre,odor,True,-0.39693954586982727,6.004036903381348,-4.64929723739624
p447,process,,18,18,17,pre,odor,True,1.0211985111236572,3.85135817527771,-1.5605003833770752
p447,process,,19,19,31,pre,odor,True,0.6367297768592834,3.906986713409424,-1.4563512802124023
p447,process,,20,20,30,pre,odor,True,0.3372821807861328,2.809136390686035,-1.8268623352050781
p447,process,,21,21,12,pre,odor,True,-0.5906149744987488,1.3686041831970215,-3.472297430038452
p447,process,,22,22,22,pre,odor,True,0.761787474155426,3.9981307983398438,-1.9960647821426392
p447,process,,23,23,4,pre,odor,True,0.5116826295852661,3.361576795578003,-2.9966726303100586
p447,process,,24,24,0,pre,odor,True,-0.036033499985933304,5.001569747924805,-3.969196319580078
p447,process,,25,25,3,pre,odor,True,-3.1831307411193848,0.7143872380256653,-6.219215393066406
p447,process,,26,26,40,pre,odor,True,-0.11887754499912262,2.4357621669769287,-2.789015054702759
p447,process,,27,27,10,pre,odor,True,0.7212060689926147,4.110256671905518,-1.9149507284164429
p447,process,,28,28,21,pre,odor,True,0.21970880031585693,3.3992412090301514,-3.057560682296753
p447,process,,29,29,18,pre,odor,True,-1.3312114477157593,1.8106696605682373,-3.20804762840271
p447,process,,30,30,18,pre,odor,True,-0.9054005146026611,1.1073880195617676,-2.698150634765625
p447,process,,31,31,0,pre,odor,True,1.3998774290084839,4.001298904418945,-0.8072656393051147
p447,process,,32,32,12,post,odor,True,0.14951857924461365,0.8840170502662659,-1.2724952697753906
p447,process,,33,33,18,post,odor,True,0.14369364082813263,1.3334838151931763,-0.819575846195221
p447,process,,34,34,40,post,odor,True,0.16463381052017212,1.0331859588623047,-0.7725124359130859
p447,process,,35,35,32,post,odor,True,-0.13868246972560883,0.7129889130592346,-0.9690645933151245
p447,process,,36,36,31,post,odor,True,-0.09878125041723251,0.41181498765945435,-0.7702962756156921
p447,process,,37,37,0,post,odor,True,0.0879901573061943,1.8675012588500977,-1.3213015794754028
p447,process,,38,38,4,post,odor,True,0.19730690121650696,1.2523084878921509,-0.5855188369750977
p447,process,,39,39,2,post,odor,True,-0.022590091452002525,1.2994771003723145,-0.8658030033111572
p447,process,,40,40,3,post,odor,True,0.09484902769327164,1.4429203271865845,-0.740877628326416
p447,process,,41,41,21,post,odor,True,-0.16558513045310974,1.2304421663284302,-1.4913561344146729
p447,process,,42,42,31,post,odor,True,-0.09566778689622879,1.57333505153656,-0.9476695656776428
p447,process,,43,43,2,post,odor,True,0.050105854868888855,1.011505365371704,-0.6896179914474487
p447,process,,44,44,32,post,odor,True,0.03972027450799942,0.7919692397117615,-0.7336230278015137
p447,process,,45,45,40,post,odor,True,-0.011361116543412209,1.063884973526001,-0.7870036363601685
p447,process,,46,46,1,post,odor,True,1.091774344444275,2.3764822483062744,-0.1806831657886505
p447,process,,47,47,0,post,odor,True,-0.14368760585784912,1.3091928958892822,-1.8300573825836182
p447,process,,48,48,22,post,odor,True,0.1500612050294876,0.9747105836868286,-0.8311775326728821
p447,process,,49,49,10,post,odor,True,-0.1775083839893341,0.6896944046020508,-0.8092819452285767
p447,process,,50,50,1,post,odor,True,0.23107947409152985,1.150450587272644,-0.7380036115646362
p447,process,,51,51,30,post,odor,True,0.1261076033115387,1.2634655237197876,-0.9477932453155518
p447,process,,52,52,12,post,odor,True,-0.04320104792714119,0.6724521517753601,-0.9671302437782288
p447,process,,53,53,3,post,odor,True,0.449444442987442,1.6639612913131714,-0.58018958568573
p447,process,,54,54,21,post,odor,True,0.44745969772338867,1.598885416984558,-0.8264554142951965
p447,process,,55,55,22,post,odor,True,-0.033621370792388916,0.7399172186851501,-1.0829039812088013
p447,process,,56,56,18,post,odor,True,0.6178731322288513,2.4557836055755615,-0.8728306889533997
p447,process,,57,57,30,post,odor,True,0.6081709861755371,2.2289929389953613,-0.28584834933280945
p447,process,,58,58,17,post,odor,True,0.2790181338787079,2.0098319053649902,-0.7404523491859436
p447,process,,59,59,39,post,odor,True,-0.10832518339157104,1.247191309928894,-0.7426074743270874
p447,process,,60,60,39,post,odor,True,0.13772407174110413,1.1155543327331543,-0.8128674626350403
p447,process,,61,61,17,post,odor,True,0.032113902270793915,0.8524048924446106,-0.6382516026496887
p447,process,,62,62,4,post,odor,True,-0.29188036918640137,0.6586920619010925,-0.8899907469749451
p469,process,,0,0,39,pre,odor,True,-0.2659197449684143,2.133293867111206,-2.5656538009643555
p469,process,,1,1,17,pre,odor,True,-0.31246188282966614,3.5093746185302734,-2.7780959606170654
p469,process,,2,2,32,pre,odor,True,0.8894334435462952,3.3931775093078613,-1.3177727460861206
p469,process,,3,3,32,pre,odor,True,0.7499738931655884,3.392533779144287,-2.1951258182525635
p469,process,,4,4,30,pre,odor,True,0.3058222532272339,3.4687485694885254,-2.721437454223633
p469,process,,5,5,40,pre,odor,True,0.5263845920562744,4.090676784515381,-1.4765262603759766
p469,process,,6,6,3,pre,odor,True,0.30889174342155457,5.054166793823242,-2.6866295337677
p469,process,,7,7,2,pre,odor,True,0.5969820618629456,6.236070156097412,-2.914076566696167
p469,process,,8,8,1,pre,odor,True,0.2605416476726532,3.059908628463745,-2.445636034011841
p469,process,,9,9,4,pre,odor,True,0.9329487085342407,4.424378871917725,-1.7609878778457642
p469,process,,10,10,31,pre,odor,True,0.5798115134239197,3.4317479133605957,-2.08695387840271
p469,process,,11,11,21,pre,odor,True,-0.3216193616390228,2.7801826000213623,-3.785360813140869
p469,process,,12,12,2,pre,odor,True,0.2678036689758301,3.1946604251861572,-3.5970561504364014
p469,process,,13,13,39,pre,odor,True,0.2154201865196228,3.6340091228485107,-2.1336567401885986
p469,process,,14,14,1,pre,odor,True,-0.38167959451675415,2.078026294708252,-2.8177554607391357
p469,process,,15,15,12,pre,odor,True,1.4162474870681763,6.981203079223633,-2.644969940185547
p469,process,,16,16,22,pre,odor,True,0.9801055192947388,4.915561199188232,-1.6727441549301147
p469,process,,17,17,10,pre,odor,True,2.0276596546173096,8.522687911987305,-1.6176071166992188
p469,process,,18,18,17,pre,odor,True,0.018540410324931145,3.5712575912475586,-2.8567750453948975
p469,process,,19,19,31,pre,odor,True,0.2994801700115204,3.3062851428985596,-1.7084578275680542
p469,process,,20,20,30,pre,odor,True,0.25463032722473145,4.305455684661865,-1.478518009185791
p469,process,,21,21,12,pre,odor,True,-0.48061782121658325,2.8089139461517334,-2.7976131439208984
p469,process,,22,22,22,pre,odor,True,0.09562645852565765,3.71614933013916,-2.153156280517578
p469,process,,23,23,4,pre,odor,True,-0.6793872117996216,2.3917429447174072,-2.6530632972717285
p469,process,,24,24,0,pre,odor,True,0.6137912273406982,6.983591079711914,-2.768404483795166
p469,process,,25,25,3,pre,odor,True,-0.7411295771598816,2.5828745365142822,-3.250936985015869
p469,process,,26,26,40,pre,odor,True,0.5710051655769348,2.9194319248199463,-1.6627662181854248
p469,process,,27,27,10,pre,odor,True,0.44359734654426575,3.775254964828491,-2.096803665161133
p469,process,,28,28,21,pre,odor,True,-0.9942512512207031,2.4833860397338867,-4.160874843597412
p469,process,,29,29,18,pre,odor,True,0.12040463835000992,2.4200246334075928,-1.7979704141616821
p469,process,,30,30,18,pre,odor,True,-0.22619634866714478,1.4394922256469727,-1.8629283905029297
p469,process,,31,31,0,pre,odor,True,-0.12877260148525238,1.9434821605682373,-2.2626070976257324
p469,process,,32,32,12,post,odor,True,-0.024163037538528442,0.9523768424987793,-1.4585641622543335
p469,process,,33,33,18,post,odor,True,0.18539182841777802,1.7903087139129639,-0.8539747595787048
p469,process,,34,34,40,post,odor,True,0.04806320741772652,1.370124340057373,-1.0689380168914795
p469,process,,35,35,32,post,odor,True,-0.11383242905139923,0.977076530456543,-0.9326716065406799
p469,process,,36,36,31,post,odor,True,0.04542963579297066,0.9089491367340088,-0.9808955192565918
p469,process,,37,37,0,post,odor,True,-0.09679966419935226,0.9915310144424438,-1.4366856813430786
p469,process,,38,38,4,post,odor,True,-0.013839044608175755,1.0538010597229004,-0.9834966063499451
p469,process,,39,39,2,post,odor,True,0.015367621555924416,1.9467437267303467,-0.9111371040344238
p469,process,,40,40,3,post,odor,True,-0.07882557809352875,1.8209829330444336,-1.044103980064392
p469,process,,41,41,21,post,odor,True,0.005612942390143871,1.3572064638137817,-0.9479471445083618
p469,process,,42,42,31,post,odor,True,0.17960116267204285,1.8167250156402588,-1.0933465957641602
p469,process,,43,43,2,post,odor,True,0.005926488898694515,1.1030079126358032,-1.1153998374938965
p469,process,,44,44,32,post,odor,True,0.00035243056481704116,1.259528636932373,-0.8964502811431885
p469,process,,45,45,40,post,odor,True,0.011379823088645935,1.5111204385757446,-1.2859104871749878
p469,process,,46,46,1,post,odor,True,0.2762335538864136,1.8080408573150635,-0.9256412386894226
p469,process,,47,47,0,post,odor,True,0.08833619207143784,1.9029861688613892,-0.7224547863006592
p469,process,,48,48,22,post,odor,True,0.032703232020139694,1.075293779373169,-1.0737597942352295
p469,process,,49,49,10,post,odor,True,-0.15660645067691803,1.2840235233306885,-1.2318742275238037
p469,process,,50,50,1,post,odor,True,-0.01051153615117073,1.5416263341903687,-1.0727317333221436
p469,process,,51,51,30,post,odor,True,0.041196949779987335,1.738763451576233,-1.2574509382247925
p469,process,,52,52,12,post,odor,True,0.005434049293398857,0.9015592336654663,-1.0537803173065186
p469,process,,53,53,3,post,odor,True,0.21252396702766418,1.771315097808838,-1.1215134859085083
p469,process,,54,54,21,post,odor,True,-0.06044016033411026,1.0417943000793457,-1.2888513803482056
p469,process,,55,55,22,post,odor,True,-0.028315983712673187,0.9743860363960266,-1.165927529335022
p469,process,,56,56,18,post,odor,True,0.05757041275501251,1.330478549003601,-1.111613392829895
p469,process,,57,57,30,post,odor,True,0.03937619924545288,1.2583712339401245,-1.298283338546753
p469,process,,58,58,17,post,odor,True,0.01606643944978714,1.13139009475708,-1.110518217086792
p469,process,,59,59,39,post,odor,True,-0.09368878602981567,1.0741831064224243,-1.0951062440872192
p469,process,,60,60,39,post,odor,True,-0.03710579499602318,0.8888827562332153,-1.4292207956314087
p469,process,,61,61,17,post,odor,True,0.03417284041643143,1.7145612239837646,-1.1871321201324463
p469,process,,62,62,4,post,odor,True,-0.10757841169834137,0.917671799659729,-1.3329790830612183
p492,process,,0,0,39,pre,odor,True,-1.0469266176223755,2.3824503421783447,-4.475606918334961
p492,process,,1,1,17,pre,odor,True,-2.8023769855499268,1.9406204223632812,-6.383723735809326
p492,process,,2,2,32,pre,odor,True,4.718362331390381,9.909592628479004,1.9585719108581543
p492,process,,3,3,32,pre,odor,True,5.465999603271484,9.545431137084961,-1.7794095277786255
p492,process,,4,4,30,pre,odor,True,4.190821647644043,8.615904808044434,0.057921070605516434
p492,process,,5,5,40,pre,odor,True,0.25065845251083374,3.9874684810638428,-2.3443028926849365
p492,process,,6,6,3,pre,odor,True,1.7558982372283936,4.198033809661865,-0.5011803507804871
p492,process,,7,7,2,pre,odor,True,2.0092501640319824,5.830565452575684,-3.5311639308929443
p492,process,,8,8,1,pre,odor,True,0.118165023624897,4.4143877029418945,-2.531980276107788
p492,process,,9,9,4,pre,odor,True,2.3727521896362305,6.016218185424805,-2.157484292984009
p492,process,,10,10,31,pre,odor,True,4.2061848640441895,10.745802879333496,-0.9941756725311279
p492,process,,11,11,21,pre,odor,True,0.4965446889400482,3.339939594268799,-2.483187437057495
p492,process,,12,12,2,pre,odor,True,1.2599879503250122,4.149404525756836,-1.6153483390808105
p492,process,,13,13,39,pre,odor,True,0.5692831873893738,5.080224514007568,-3.265211343765259
p492,process,,14,14,1,pre,odor,True,0.6019718050956726,4.533604621887207,-1.46869695186615
p492,process,,15,15,12,pre,odor,True,1.1121793985366821,5.854757308959961,-2.5597214698791504
p492,process,,16,16,22,pre,odor,True,2.6519739627838135,7.184894561767578,-1.480458378791809
p492,process,,17,17,10,pre,odor,True,3.4468629360198975,8.638017654418945,-1.4630004167556763
p492,process,,18,18,17,pre,odor,True,0.040632862597703934,2.502777099609375,-2.40834641456604
p492,process,,19,19,31,pre,odor,True,3.0707452297210693,7.171285629272461,-0.6661720871925354
p492,process,,20,20,30,pre,odor,True,3.019254684448242,9.007061004638672,-0.9625479578971863
p492,process,,21,21,12,pre,odor,True,0.38471153378486633,2.5806026458740234,-1.0970189571380615
p492,process,,22,22,22,pre,odor,True,1.2027220726013184,4.483239650726318,-1.59217369556427
p492,process,,23,23,4,pre,odor,True,-0.11549686640501022,2.240457534790039,-1.8916802406311035
p492,process,,24,24,0,pre,odor,True,-0.5851535201072693,4.339112281799316,-4.725016117095947
p492,process,,25,25,3,pre,odor,True,-0.6874383091926575,2.5585033893585205,-4.3692426681518555
p492,process,,26,26,40,pre,odor,True,-0.6523728966712952,4.1236677169799805,-3.7424609661102295
p492,process,,27,27,10,pre,odor,True,0.20329846441745758,4.5176591873168945,-2.9057064056396484
p492,process,,28,28,21,pre,odor,True,0.36310744285583496,3.4020721912384033,-2.4630792140960693
p492,process,,29,29,18,pre,odor,True,0.22632797062397003,3.5136592388153076,-1.8403394222259521
p492,process,,30,30,18,pre,odor,True,-1.0597341060638428,1.2308012247085571,-2.6434085369110107
p492,process,,31,31,0,pre,odor,True,0.3569891154766083,5.044747829437256,-2.575479745864868
p492,process,,32,32,12,post,odor,True,0.022400572896003723,1.2811813354492188,-0.9622306227684021
p492,process,,33,33,18,post,odor,True,0.02222236804664135,1.5484709739685059,-0.7801185846328735
p492,process,,34,34,40,post,odor,True,-0.08643661439418793,1.2843198776245117,-1.216328740119934
p492,process,,35,35,32,post,odor,True,-0.03421410918235779,1.0253584384918213,-1.3656344413757324
p492,process,,36,36,31,post,odor,True,-0.010428134351968765,1.1166919469833374,-0.7595112919807434
p492,process,,37,37,0,post,odor,True,-0.05214746668934822,1.383258581161499,-0.7786413431167603
p492,process,,38,38,4,post,odor,True,-0.054551586508750916,1.3287382125854492,-1.3169218301773071
p492,process,,39,39,2,post,odor,True,0.02138335630297661,1.0751211643218994,-0.7275197505950928
p492,process,,40,40,3,post,odor,True,0.05184555426239967,1.8465665578842163,-1.0534054040908813
p492,process,,41,41,21,post,odor,True,0.567988395690918,1.944735050201416,-0.7167525887489319
p492,process,,42,42,31,post,odor,True,0.06535033881664276,1.4486525058746338,-1.009360432624817
p492,process,,43,43,2,post,odor,True,0.06704152375459671,0.7375533580780029,-1.0437517166137695
p492,process,,44,44,32,post,odor,True,-0.09532521665096283,1.9740185737609863,-1.3375537395477295
p492,process,,45,45,40,post,odor,True,0.06928840279579163,1.4289826154708862,-0.8073869347572327
p492,process,,46,46,1,post,odor,True,0.1438225507736206,1.3398945331573486,-0.8868962526321411
p492,process,,47,47,0,post,odor,True,0.044305868446826935,1.4473110437393188,-1.1167179346084595
p492,process,,48,48,22,post,odor,True,0.12402526289224625,1.4302273988723755,-0.801835834980011
p492,process,,49,49,10,post,odor,True,0.1248241513967514,1.4653871059417725,-0.9802185893058777
p492,process,,50,50,1,post,odor,True,0.04874451085925102,1.1788910627365112,-0.9196913242340088
p492,process,,51,51,30,post,odor,True,0.1313706338405609,1.141660213470459,-0.8991540670394897
p492,process,,52,52,12,post,odor,True,0.26978373527526855,1.3718293905258179,-0.7421736717224121
p492,process,,53,53,3,post,odor,True,0.08258367329835892,1.3603092432022095,-0.7208189964294434
p492,process,,54,54,21,post,odor,True,0.5215011239051819,1.718727707862854,-0.6602118015289307
p492,process,,55,55,22,post,odor,True,0.08809826523065567,1.6225568056106567,-0.9249435663223267
p492,process,,56,56,18,post,odor,True,0.06504960358142853,1.4365991353988647,-0.7143888473510742
p492,process,,57,57,30,post,odor,True,0.004863617941737175,0.9590088725090027,-1.2488676309585571
p492,process,,58,58,17,post,odor,True,0.14259159564971924,1.0091420412063599,-0.9070611596107483
p492,process,,59,59,39,post,odor,True,0.03653129190206528,1.444196105003357,-1.0028785467147827
p492,process,,60,60,39,post,odor,True,-0.030521374195814133,0.8617478013038635,-1.0111479759216309
p492,process,,61,61,17,post,odor,True,0.09008952975273132,1.4022891521453857,-0.7863397598266602
p492,process,,62,62,4,post,odor,True,0.057467762380838394,1.6868318319320679,-0.8381410837173462
p514,process,,0,0,39,pre,odor,True,0.11128517985343933,3.211796998977661,-1.5637890100479126
p514,process,,1,1,17,pre,odor,True,-0.2973703444004059,2.219144582748413,-2.0012388229370117
p514,process,,2,2,32,pre,odor,True,4.858911037445068,9.438215255737305,-1.3182560205459595
p514,process,,3,3,32,pre,odor,True,5.57540225982666,11.261720657348633,-1.4681665897369385
p514,process,,4,4,30,pre,odor,True,-0.08545996993780136,2.8696913719177246,-3.1643292903900146
p514,process,,5,5,40,pre,odor,True,-2.0390267372131348,0.856546938419342,-4.404599666595459
p514,process,,6,6,3,pre,odor,True,1.689348816871643,7.083535671234131,-2.638418436050415
p514,process,,7,7,2,pre,odor,True,1.1003586053848267,4.470427989959717,-2.990736961364746
p514,process,,8,8,1,pre,odor,True,0.3977852463722229,4.589075088500977,-1.6617079973220825
p514,process,,9,9,4,pre,odor,True,-0.43117961287498474,1.525406837463379,-2.88743257522583
p514,process,,10,10,31,pre,odor,True,3.6105868816375732,7.513576984405518,0.14030341804027557
p514,process,,11,11,21,pre,odor,True,-0.7619284987449646,2.737517833709717,-3.1892778873443604
p514,process,,12,12,2,pre,odor,True,2.3962204456329346,7.081113815307617,-0.7237885594367981
p514,process,,13,13,39,pre,odor,True,0.2363663762807846,3.8256657123565674,-3.010364055633545
p514,process,,14,14,1,pre,odor,True,-0.1645539402961731,5.296579360961914,-3.3041911125183105
p514,process,,15,15,12,pre,odor,True,0.5307943224906921,5.634981155395508,-2.7278969287872314
p514,process,,16,16,22,pre,odor,True,3.920926570892334,10.985163688659668,-2.158724308013916
p514,process,,17,17,10,pre,odor,True,0.343097060918808,3.672475576400757,-3.427016019821167
p514,process,,18,18,17,pre,odor,True,1.4174257516860962,5.820565700531006,-1.3483188152313232
p514,process,,19,19,31,pre,odor,True,4.048367023468018,7.306148529052734,0.2524622678756714
p514,process,,20,20,30,pre,odor,True,-1.5865278244018555,2.9192121028900146,-4.530100345611572
p514,process,,21,21,12,pre,odor,True,0.26449277997016907,4.458956241607666,-3.732412815093994
p514,process,,22,22,22,pre,odor,True,3.032299041748047,7.089083671569824,-2.043975591659546
p514,process,,23,23,4,pre,odor,True,-0.05282209813594818,4.131545066833496,-2.602876901626587
p514,process,,24,24,0,pre,odor,True,-0.10659521818161011,3.0631492137908936,-2.115257978439331
p514,process,,25,25,3,pre,odor,True,1.7966017723083496,8.31378173828125,-2.4496889114379883
p514,process,,26,26,40,pre,odor,True,-1.0969566106796265,2.5111398696899414,-4.492562770843506
p514,process,,27,27,10,pre,odor,True,-0.7719265818595886,2.0881855487823486,-3.6230435371398926
p514,process,,28,28,21,pre,odor,True,0.8426677584648132,4.150298118591309,-2.094064235687256
p514,process,,29,29,18,pre,odor,True,-0.6886975169181824,1.7263292074203491,-2.554852247238159
p514,process,,30,30,18,pre,odor,True,-0.185562402009964,3.0176148414611816,-3.51454758644104
p514,process,,31,31,0,pre,odor,True,-0.3994387984275818,2.0900166034698486,-2.907466411590576
p514,process,,32,32,12,post,odor,True,-0.07780124247074127,1.1894104480743408,-1.4638112783432007
p514,process,,33,33,18,post,odor,True,0.422249436378479,1.8511085510253906,-0.7010951638221741
p514,process,,34,34,40,post,odor,True,0.02368983067572117,1.8535336256027222,-1.4038676023483276
p514,process,,35,35,32,post,odor,True,0.05542870610952377,1.7723462581634521,-1.185409665107727
p514,process,,36,36,31,post,odor,True,0.11990131437778473,1.5288825035095215,-1.0777735710144043
p514,process,,37,37,0,post,odor,True,-0.1021014079451561,1.1533294916152954,-1.0986683368682861
p514,process,,38,38,4,post,odor,True,0.06561911851167679,1.266393780708313,-1.1249312162399292
p514,process,,39,39,2,post,odor,True,0.20712365210056305,1.3207775354385376,-0.9290136694908142
p514,process,,40,40,3,post,odor,True,0.09723704308271408,1.3026448488235474,-1.0040221214294434
p514,process,,41,41,21,post,odor,True,0.9214730858802795,3.259232521057129,-0.696757435798645
p514,process,,42,42,31,post,odor,True,0.07334674894809723,1.7727220058441162,-1.0447609424591064
p514,process,,43,43,2,post,odor,True,-0.02262463979423046,1.53267502784729,-1.0811394453048706
p514,process,,44,44,32,post,odor,True,0.35833773016929626,1.334535837173462,-0.8626287579536438
p514,process,,45,45,40,post,odor,True,-0.10986721515655518,1.05521559715271,-0.8506871461868286
p514,process,,46,46,1,post,odor,True,0.09180186688899994,1.0824954509735107,-0.6330046653747559
p514,process,,47,47,0,post,odor,True,-0.04717846214771271,1.1571718454360962,-0.7435672283172607
p514,process,,48,48,22,post,odor,True,0.05530405044555664,0.874169647693634,-0.6750606894493103
p514,process,,49,49,10,post,odor,True,0.11938130110502243,1.1089892387390137,-0.7685579657554626
p514,process,,50,50,1,post,odor,True,0.03992900252342224,1.2868400812149048,-0.6991686820983887
p514,process,,51,51,30,post,odor,True,0.15248142182826996,1.4227375984191895,-0.648553729057312
p514,process,,52,52,12,post,odor,True,0.1003829762339592,0.9217216968536377,-0.5413775444030762
p514,process,,53,53,3,post,odor,True,-0.02449887990951538,1.1412827968597412,-0.947942852973938
p514,process,,54,54,21,post,odor,True,0.6871092915534973,2.026096820831299,-0.4914359748363495
p514,process,,55,55,22,post,odor,True,-0.04511092230677605,0.9399649500846863,-1.0357110500335693
p514,process,,56,56,18,post,odor,True,0.03834371641278267,0.8532675504684448,-0.725404679775238
p514,process,,57,57,30,post,odor,True,0.11040801554918289,1.6021795272827148,-0.8303190469741821
p514,process,,58,58,17,post,odor,True,0.03213675692677498,1.3876616954803467,-0.6788232922554016
p514,process,,59,59,39,post,odor,True,0.03996983543038368,1.2659324407577515,-0.6885573267936707
p514,process,,60,60,39,post,odor,True,-0.0443023219704628,0.8050272464752197,-0.5833050608634949
p514,process,,61,61,17,post,odor,True,0.003367809811607003,1.0939210653305054,-0.6081726551055908
p514,process,,62,62,4,post,odor,True,-0.011857252568006516,0.7408846020698547,-0.5664836764335632
p536,process,,0,0,39,pre,odor,True,0.5514588952064514,4.237502574920654,-1.4346120357513428
p536,process,,1,1,17,pre,odor,True,1.1855833530426025,4.45698356628418,-2.403520345687866
p536,process,,2,2,32,pre,odor,True,2.3913581371307373,6.476126670837402,0.15253329277038574
p536,process,,3,3,32,pre,odor,True,1.5897852182388306,5.889676094055176,-1.6503098011016846
p536,process,,4,4,30,pre,odor,True,0.980366051197052,3.680964231491089,-1.0866490602493286
p536,process,,5,5,40,pre,odor,True,1.2566841840744019,6.161125659942627,-2.566209316253662
p536,process,,6,6,3,pre,odor,True,2.5250024795532227,6.384927749633789,-0.29626232385635376
p536,process,,7,7,2,pre,odor,True,2.7326364517211914,6.843421936035156,-0.6099717617034912
p536,process,,8,8,1,pre,odor,True,0.22617115080356598,1.910860538482666,-2.0795581340789795
p536,process,,9,9,4,pre,odor,True,2.5285987854003906,4.961831092834473,-1.1034433841705322
p536,process,,10,10,31,pre,odor,True,0.5831372737884521,4.47025203704834,-2.790640354156494
p536,process,,11,11,21,pre,odor,True,1.089036464691162,5.2794904708862305,-2.818603992462158
p536,process,,12,12,2,pre,odor,True,0.9447503089904785,3.4233999252319336,-2.2739617824554443
p536,process,,13,13,39,pre,odor,True,1.5100401639938354,5.604788780212402,-2.1524646282196045
p536,process,,14,14,1,pre,odor,True,1.2165552377700806,4.041075706481934,-1.4726054668426514
p536,process,,15,15,12,pre,odor,True,1.6341286897659302,5.817478179931641,-2.0977070331573486
p536,process,,16,16,22,pre,odor,True,1.8078912496566772,6.079469203948975,-2.127100944519043
p536,process,,17,17,10,pre,odor,True,3.093594551086426,7.003065586090088,-1.1822632551193237
p536,process,,18,18,17,pre,odor,True,1.3067855834960938,5.827967643737793,-2.6755614280700684
p536,process,,19,19,31,pre,odor,True,0.588482141494751,3.399951457977295,-1.4304803609848022
p536,process,,20,20,30,pre,odor,True,0.22045817971229553,2.7435481548309326,-1.8066179752349854
p536,process,,21,21,12,pre,odor,True,-0.5308366417884827,2.7820444107055664,-2.5181996822357178
p536,process,,22,22,22,pre,odor,True,0.7753099203109741,2.8427722454071045,-1.873008370399475
p536,process,,23,23,4,pre,odor,True,-0.5161588191986084,1.9991670846939087,-3.0569980144500732
p536,process,,24,24,0,pre,odor,True,-0.7685393691062927,5.154277324676514,-6.147608757019043
p536,process,,25,25,3,pre,odor,True,-0.40722766518592834,3.2037413120269775,-2.555326223373413
p536,process,,26,26,40,pre,odor,True,0.5644689798355103,4.541966915130615,-2.942673683166504
p536,process,,27,27,10,pre,odor,True,1.2540568113327026,4.388582706451416,-1.8913700580596924
p536,process,,28,28,21,pre,odor,True,-0.1651369333267212,3.2043020725250244,-4.350218296051025
p536,process,,29,29,18,pre,odor,True,0.47012749314308167,3.672734498977661,-2.214393377304077
p536,process,,30,30,18,pre,odor,True,-1.3489511013031006,0.16173987090587616,-2.88036847114563
p536,process,,31,31,0,pre,odor,True,0.4515346884727478,5.10134744644165,-2.1703567504882812
p536,process,,32,32,12,post,odor,True,0.16464866697788239,1.1140010356903076,-0.884739339351654
p536,process,,33,33,18,post,odor,True,0.2222367227077484,1.6400084495544434,-0.9339693784713745
p536,process,,34,34,40,post,odor,True,-0.022274089977145195,1.1440614461898804,-0.8707237243652344
p536,process,,35,35,32,post,odor,True,0.14643290638923645,0.9984308481216431,-0.6277590394020081
p536,process,,36,36,31,post,odor,True,0.06802726536989212,1.1765282154083252,-0.5994041562080383
p536,process,,37,37,0,post,odor,True,0.031071800738573074,1.3533029556274414,-0.9044336676597595
p536,process,,38,38,4,post,odor,True,-0.08315540105104446,0.9250632524490356,-1.0327861309051514
p536,process,,39,39,2,post,odor,True,0.09859085828065872,1.0313104391098022,-0.7809872031211853
p536,process,,40,40,3,post,odor,True,0.29359474778175354,1.2894670963287354,-0.6009538769721985
p536,process,,41,41,21,post,odor,True,0.06773412972688675,0.9495225548744202,-1.0232040882110596
p536,process,,42,42,31,post,odor,True,0.1292627900838852,1.1424275636672974,-0.6257341504096985
p536,process,,43,43,2,post,odor,True,-0.06134975701570511,0.9433741569519043,-1.0276800394058228
p536,process,,44,44,32,post,odor,True,-0.006251305807381868,1.3142504692077637,-0.7288935780525208
p536,process,,45,45,40,post,odor,True,0.1787111759185791,1.4283872842788696,-1.0944026708602905
p536,process,,46,46,1,post,odor,True,0.38914698362350464,1.3470510244369507,-0.3889017105102539
p536,process,,47,47,0,post,odor,True,-0.13539153337478638,1.6185659170150757,-1.0545212030410767
p536,process,,48,48,22,post,odor,True,-0.014155198819935322,0.7048277258872986,-0.8880882263183594
p536,process,,49,49,10,post,odor,True,0.0602758452296257,1.2620928287506104,-0.832843005657196
p536,process,,50,50,1,post,odor,True,0.20481574535369873,1.2034187316894531,-0.6376842856407166
p536,process,,51,51,30,post,odor,True,0.06250742077827454,1.163075566291809,-0.760104775428772
p536,process,,52,52,12,post,odor,True,-0.031043697148561478,0.5469372868537903,-0.7160875201225281
p536,process,,53,53,3,post,odor,True,0.3072625994682312,1.1806224584579468,-0.6312609910964966
p536,process,,54,54,21,post,odor,True,0.018732089549303055,0.901262104511261,-0.8496561646461487
p536,process,,55,55,22,post,odor,True,-0.018920695409178734,1.1633118391036987,-1.0865416526794434
p536,process,,56,56,18,post,odor,True,0.18383009731769562,0.9301051497459412,-0.7631802558898926
p536,process,,57,57,30,post,odor,True,0.3076784312725067,1.5952361822128296,-0.9734576344490051
p536,process,,58,58,17,post,odor,True,0.04095027968287468,1.3352502584457397,-1.1507648229599
p536,process,,59,59,39,post,odor,True,-0.028927695006132126,0.9653103351593018,-0.710790753364563
p536,process,,60,60,39,post,odor,True,-0.03084474988281727,0.8973536491394043,-0.9480768442153931
p536,process,,61,61,17,post,odor,True,0.13875077664852142,1.3707687854766846,-0.7610306143760681
p536,process,,62,62,4,post,odor,True,-0.1192108690738678,1.248866319656372,-0.974527895450592
p558,process,,0,0,39,pre,odor,True,0.25192490220069885,3.7306926250457764,-2.679779529571533
p558,process,,1,1,17,pre,odor,True,-1.11326003074646,3.104489326477051,-4.023857116699219
p558,process,,2,2,32,pre,odor,True,2.1229124069213867,5.926990985870361,-0.8457107543945312
p558,process,,3,3,32,pre,odor,True,1.016318440437317,3.7108206748962402,-1.8159524202346802
p558,process,,4,4,30,pre,odor,True,0.49448201060295105,3.1474602222442627,-1.8247331380844116
p558,process,,5,5,40,pre,odor,True,1.1896271705627441,5.493225574493408,-1.6949695348739624
p558,process,,6,6,3,pre,odor,True,1.4349229335784912,5.896021366119385,-1.976681113243103
p558,process,,7,7,2,pre,odor,True,2.254753589630127,5.90927791595459,-1.6553887128829956
p558,process,,8,8,1,pre,odor,True,0.24676336348056793,3.0952603816986084,-1.7155332565307617
p558,process,,9,9,4,pre,odor,True,2.212066888809204,5.607476711273193,-0.9469559788703918
p558,process,,10,10,31,pre,odor,True,0.2626001834869385,4.5043182373046875,-2.5605413913726807
p558,process,,11,11,21,pre,odor,True,-0.02567782811820507,3.733642339706421,-2.7699878215789795
p558,process,,12,12,2,pre,odor,True,0.33858799934387207,3.5891404151916504,-2.7167201042175293
p558,process,,13,13,39,pre,odor,True,0.6667658686637878,3.114231824874878,-1.947429895401001
p558,process,,14,14,1,pre,odor,True,0.7829142808914185,5.370559215545654,-1.588235855102539
p558,process,,15,15,12,pre,odor,True,1.6944338083267212,5.9791789054870605,-2.009913682937622
p558,process,,16,16,22,pre,odor,True,1.4414759874343872,6.428391933441162,-2.1885170936584473
p558,process,,17,17,10,pre,odor,True,2.2909083366394043,8.515348434448242,-2.5025908946990967
p558,process,,18,18,17,pre,odor,True,0.27117374539375305,2.947017192840576,-2.6349055767059326
p558,process,,19,19,31,pre,odor,True,0.20520588755607605,2.5721828937530518,-1.561765432357788
p558,process,,20,20,30,pre,odor,True,-0.3999236226081848,1.5758525133132935,-2.719123363494873
p558,process,,21,21,12,pre,odor,True,-0.637631893157959,2.1711347103118896,-2.7854652404785156
p558,process,,22,22,22,pre,odor,True,0.45074033737182617,3.291046380996704,-1.5548969507217407
p558,process,,23,23,4,pre,odor,True,-0.8862596750259399,1.5689386129379272,-3.2484829425811768
p558,process,,24,24,0,pre,odor,True,-1.5737229585647583,3.9127094745635986,-4.890361785888672
p558,process,,25,25,3,pre,odor,True,-0.5175153017044067,2.842423439025879,-4.040360927581787
p558,process,,26,26,40,pre,odor,True,0.11351824551820755,5.260087966918945,-2.9355897903442383
p558,process,,27,27,10,pre,odor,True,0.46954581141471863,5.96058464050293,-3.1529085636138916
p558,process,,28,28,21,pre,odor,True,-0.13639535009860992,5.556228160858154,-3.374575614929199
p558,process,,29,29,18,pre,odor,True,0.5117155909538269,3.775686264038086,-2.392298698425293
p558,process,,30,30,18,pre,odor,True,-0.867484986782074,1.6998766660690308,-3.0023975372314453
p558,process,,31,31,0,pre,odor,True,-0.3219258189201355,3.861614942550659,-2.8024635314941406
p558,process,,32,32,12,post,odor,True,0.09894873946905136,1.7731157541275024,-1.025184154510498
p558,process,,33,33,18,post,odor,True,0.10068109631538391,1.6195158958435059,-1.5140925645828247
p558,process,,34,34,40,post,odor,True,0.06232753023505211,1.2760741710662842,-0.8485500812530518
p558,process,,35,35,32,post,odor,True,0.016712307929992676,1.5702741146087646,-0.8369453549385071
p558,process,,36,36,31,post,odor,True,0.24048833549022675,1.5848453044891357,-0.9917860627174377
p558,process,,37,37,0,post,odor,True,0.20754875242710114,1.0997272729873657,-0.6653938889503479
p558,process,,38,38,4,post,odor,True,0.14825130999088287,1.606289267539978,-0.7834646701812744
p558,process,,39,39,2,post,odor,True,-0.010354534722864628,1.7433825731277466,-0.9780424237251282
p558,process,,40,40,3,post,odor,True,-0.008782671764492989,1.15448796749115,-0.8771762251853943
p558,process,,41,41,21,post,odor,True,0.06155068799853325,1.7696534395217896,-0.8423083424568176
p558,process,,42,42,31,post,odor,True,0.04018465429544449,2.8521602153778076,-0.8307976126670837
p558,process,,43,43,2,post,odor,True,0.05247025936841965,1.3668488264083862,-0.944809079170227
p558,process,,44,44,32,post,odor,True,0.1523655652999878,1.6394894123077393,-0.9339480996131897
p558,process,,45,45,40,post,odor,True,0.19011268019676208,1.4707190990447998,-0.8667657375335693
p558,process,,46,46,1,post,odor,True,-0.02859668806195259,1.2123541831970215,-0.9666644334793091
p558,process,,47,47,0,post,odor,True,0.214909628033638,1.5332679748535156,-0.9971129894256592
p558,process,,48,48,22,post,odor,True,-0.19975323975086212,1.5439465045928955,-1.3616273403167725
p558,process,,49,49,10,post,odor,True,0.27735435962677,2.3296585083007812,-0.6094986200332642
p558,process,,50,50,1,post,odor,True,0.11846524477005005,1.3499151468276978,-0.7867653369903564
p558,process,,51,51,30,post,odor,True,-0.067820705473423,1.1992073059082031,-1.2259236574172974
p558,process,,52,52,12,post,odor,True,0.018230605870485306,1.5381218194961548,-1.307752251625061
p558,process,,53,53,3,post,odor,True,0.12197259068489075,1.0088399648666382,-0.9648371338844299
p558,process,,54,54,21,post,odor,True,0.08563132584095001,1.6293537616729736,-0.9429725408554077
p558,process,,55,55,22,post,odor,True,0.18381614983081818,1.5291001796722412,-1.0878288745880127
p558,process,,56,56,18,post,odor,True,0.08131654560565948,1.9933083057403564,-0.8939999341964722
p558,process,,57,57,30,post,odor,True,-0.12088610231876373,1.0336942672729492,-0.9445112943649292
p558,process,,58,58,17,post,odor,True,0.009495898149907589,2.122089385986328,-1.1358983516693115
p558,process,,59,59,39,post,odor,True,0.08757968991994858,1.2493793964385986,-1.3771672248840332
p558,process,,60,60,39,post,odor,True,-0.016141250729560852,1.354489803314209,-1.3607310056686401
p558,process,,61,61,17,post,odor,True,0.023757755756378174,1.5959340333938599,-0.9591898322105408
p558,process,,62,62,4,post,odor,True,0.03543415665626526,1.7903435230255127,-0.8472385406494141
p581,process,,0,0,39,pre,odor,True,0.05193578451871872,4.536378860473633,-3.328326940536499
p581,process,,1,1,17,pre,odor,True,-0.8224145174026489,5.616514205932617,-3.4828948974609375
p581,process,,2,2,32,pre,odor,True,10.030054092407227,19.92681121826172,1.014938473701477
p581,process,,3,3,32,pre,odor,True,10.381272315979004,18.28619384765625,-0.9155163168907166
p581,process,,4,4,30,pre,odor,True,3.8440349102020264,9.90799331665039,-0.6796578168869019
p581,process,,5,5,40,pre,odor,True,0.9344517588615417,6.8903889656066895,-3.6314127445220947
p581,process,,6,6,3,pre,odor,True,4.308196067810059,10.387347221374512,-0.5743649005889893
p581,process,,7,7,2,pre,odor,True,2.778296947479248,7.787265777587891,-1.5230414867401123
p581,process,,8,8,1,pre,odor,True,0.3868783414363861,4.221469402313232,-2.5258681774139404
p581,process,,9,9,4,pre,odor,True,2.2169320583343506,6.411866664886475,-1.4551801681518555
p581,process,,10,10,31,pre,odor,True,7.753513813018799,14.085502624511719,-0.7380657196044922
p581,process,,11,11,21,pre,odor,True,3.494981288909912,10.105574607849121,-1.4183576107025146
p581,process,,12,12,2,pre,odor,True,1.5399351119995117,4.8581013679504395,-1.5318853855133057
p581,process,,13,13,39,pre,odor,True,0.788189172744751,4.187366485595703,-2.3616020679473877
p581,process,,14,14,1,pre,odor,True,0.5396140813827515,4.328826904296875,-1.9530069828033447
p581,process,,15,15,12,pre,odor,True,2.434298038482666,8.91523551940918,-1.3545094728469849
p581,process,,16,16,22,pre,odor,True,6.528671741485596,13.487096786499023,-1.1287295818328857
p581,process,,17,17,10,pre,odor,True,1.0214375257492065,4.522839069366455,-2.046751022338867
p581,process,,18,18,17,pre,odor,True,0.49141234159469604,2.6319851875305176,-1.398655891418457
p581,process,,19,19,31,pre,odor,True,5.655444145202637,10.896718978881836,0.059259939938783646
p581,process,,20,20,30,pre,odor,True,0.42629480361938477,3.4733574390411377,-1.2424397468566895
p581,process,,21,21,12,pre,odor,True,0.4149232804775238,4.115981101989746,-1.5178545713424683
p581,process,,22,22,22,pre,odor,True,4.02645206451416,8.895465850830078,-0.06110391765832901
p581,process,,23,23,4,pre,odor,True,0.09754291921854019,2.920496940612793,-1.8663009405136108
p581,process,,24,24,0,pre,odor,True,-0.9267686605453491,2.5790438652038574,-3.595041036605835
p581,process,,25,25,3,pre,odor,True,0.9546747803688049,3.890937328338623,-1.8703230619430542
p581,process,,26,26,40,pre,odor,True,-0.015947647392749786,2.898900270462036,-2.9124765396118164
p581,process,,27,27,10,pre,odor,True,-0.09530141949653625,2.210582971572876,-2.197840690612793
p581,process,,28,28,21,pre,odor,True,2.6851205825805664,5.530517578125,-1.694178581237793
p581,process,,29,29,18,pre,odor,True,0.41261863708496094,3.310654401779175,-2.061011552810669
p581,process,,30,30,18,pre,odor,True,-0.07421516627073288,1.8202871084213257,-2.0627245903015137
p581,process,,31,31,0,pre,odor,True,0.21209798753261566,3.7132272720336914,-1.6591517925262451
p581,process,,32,32,12,post,odor,True,0.18956680595874786,1.9772361516952515,-1.1022218465805054
p581,process,,33,33,18,post,odor,True,0.25552240014076233,2.6027495861053467,-0.8852899670600891
p581,process,,34,34,40,post,odor,True,-0.012832965701818466,1.4271254539489746,-0.8740425109863281
p581,process,,35,35,32,post,odor,True,0.13846614956855774,2.1638622283935547,-0.8623937368392944
p581,process,,36,36,31,post,odor,True,0.16264916956424713,1.3569828271865845,-1.172864317893982
p581,process,,37,37,0,post,odor,True,0.09833160042762756,1.9918031692504883,-0.9859897494316101
p581,process,,38,38,4,post,odor,True,-0.002014074707403779,2.287976026535034,-1.083229660987854
p581,process,,39,39,2,post,odor,True,0.13327208161354065,1.4784332513809204,-1.0398213863372803
p581,process,,40,40,3,post,odor,True,-0.0017575600650161505,1.2950708866119385,-1.0158361196517944
p581,process,,41,41,21,post,odor,True,1.742661714553833,4.592054843902588,-0.4124533236026764
p581,process,,42,42,31,post,odor,True,0.25172093510627747,2.4084715843200684,-0.9579178690910339
p581,process,,43,43,2,post,odor,True,0.06371025741100311,1.1880557537078857,-0.8390523791313171
p581,process,,44,44,32,post,odor,True,0.12479311972856522,2.2599921226501465,-1.0128566026687622
p581,process,,45,45,40,post,odor,True,-0.12322426587343216,1.2198618650436401,-1.2366278171539307
p581,process,,46,46,1,post,odor,True,-0.1339089423418045,1.265799641609192,-1.3325269222259521
p581,process,,47,47,0,post,odor,True,0.050916433334350586,1.987472653388977,-1.003386378288269
p581,process,,48,48,22,post,odor,True,-0.1362389624118805,2.1586766242980957,-1.192997694015503
p581,process,,49,49,10,post,odor,True,0.08240493386983871,1.2240219116210938,-1.364333987236023
p581,process,,50,50,1,post,odor,True,0.04878132790327072,1.6291441917419434,-1.1294649839401245
p581,process,,51,51,30,post,odor,True,0.16838937997817993,2.4440243244171143,-1.1599020957946777
p581,process,,52,52,12,post,odor,True,0.04698784276843071,1.3246287107467651,-0.9261083006858826
p581,process,,53,53,3,post,odor,True,0.100486621260643,2.108184576034546,-1.2339918613433838
p581,process,,54,54,21,post,odor,True,0.9631863236427307,3.1242246627807617,-0.8850950002670288
p581,process,,55,55,22,post,odor,True,0.22048944234848022,2.30971360206604,-0.9531050324440002
p581,process,,56,56,18,post,odor,True,0.10155227780342102,1.8042328357696533,-0.7350435256958008
p581,process,,57,57,30,post,odor,True,0.04293933883309364,1.1951955556869507,-1.1111729145050049
p581,process,,58,58,17,post,odor,True,0.053636763244867325,1.4514122009277344,-1.0756932497024536
p581,process,,59,59,39,post,odor,True,0.0769343301653862,1.644573450088501,-0.9811258316040039
p581,process,,60,60,39,post,odor,True,0.12828484177589417,1.5230693817138672,-0.9101658463478088
p581,process,,61,61,17,post,odor,True,0.04572935774922371,1.171185851097107,-0.8682244420051575
p581,process,,62,62,4,post,odor,True,0.07262932509183884,1.2743128538131714,-0.6806345582008362
p603,process,,0,0,39,pre,odor,True,0.8923435211181641,4.673375129699707,-2.7483580112457275
p603,process,,1,1,17,pre,odor,True,0.9423345923423767,5.527762413024902,-2.069075107574463
p603,process,,2,2,32,pre,odor,True,2.752791404724121,6.1834330558776855,-0.8587841987609863
p603,process,,3,3,32,pre,odor,True,0.8635585904121399,4.275661945343018,-2.783520221710205
p603,process,,4,4,30,pre,odor,True,0.6993882656097412,3.1406092643737793,-2.3186309337615967
p603,process,,5,5,40,pre,odor,True,0.3956335484981537,3.7874791622161865,-2.464329481124878
p603,process,,6,6,3,pre,odor,True,0.8673183917999268,3.845660924911499,-1.7535425424575806
p603,process,,7,7,2,pre,odor,True,0.5446174740791321,4.695537090301514,-3.551887273788452
p603,process,,8,8,1,pre,odor,True,0.2769346535205841,2.7920305728912354,-2.533237934112549
p603,process,,9,9,4,pre,odor,True,0.8914312720298767,4.093352317810059,-2.332615613937378
p603,process,,10,10,31,pre,odor,True,1.3458143472671509,4.746524810791016,-2.0056941509246826
p603,process,,11,11,21,pre,odor,True,-0.09611178189516068,4.921151638031006,-2.4789083003997803
p603,process,,12,12,2,pre,odor,True,0.4713687598705292,4.244248867034912,-1.9584296941757202
p603,process,,13,13,39,pre,odor,True,-0.44612056016921997,2.2851853370666504,-3.3692879676818848
p603,process,,14,14,1,pre,odor,True,0.6634302735328674,3.7885093688964844,-1.6136820316314697
p603,process,,15,15,12,pre,odor,True,0.9461638331413269,6.3056440353393555,-2.5919549465179443
p603,process,,16,16,22,pre,odor,True,1.2692019939422607,4.1787872314453125,-1.0265675783157349
p603,process,,17,17,10,pre,odor,True,1.2424466609954834,3.97666597366333,-2.173011541366577
p603,process,,18,18,17,pre,odor,True,0.21438874304294586,3.5753378868103027,-2.5651309490203857
p603,process,,19,19,31,pre,odor,True,1.189281940460205,4.047246932983398,-1.1960794925689697
p603,process,,20,20,30,pre,odor,True,1.552034616470337,5.158684730529785,-1.4096711874008179
p603,process,,21,21,12,pre,odor,True,-0.6876000165939331,2.372966766357422,-3.090765953063965
p603,process,,22,22,22,pre,odor,True,0.9436777234077454,3.5952649116516113,-1.7730592489242554
p603,process,,23,23,4,pre,odor,True,-0.24095509946346283,3.0750114917755127,-2.7545688152313232
p603,process,,24,24,0,pre,odor,True,-0.675826370716095,2.77103328704834,-3.6544764041900635
p603,process,,25,25,3,pre,odor,True,0.28632253408432007,2.528534412384033,-2.1084866523742676
p603,process,,26,26,40,pre,odor,True,-0.65752774477005,2.5115315914154053,-3.52489972114563
p603,process,,27,27,10,pre,odor,True,1.227167010307312,4.5709228515625,-1.639795184135437
p603,process,,28,28,21,pre,odor,True,0.09583795070648193,4.15774393081665,-3.79764986038208
p603,process,,29,29,18,pre,odor,True,0.16585518419742584,2.9308841228485107,-1.880761742591858
p603,process,,30,30,18,pre,odor,True,-0.39952993392944336,3.546766519546509,-2.538975477218628
p603,process,,31,31,0,pre,odor,True,0.0894908457994461,1.8183878660202026,-3.3978359699249268
p603,process,,32,32,12,post,odor,True,0.27154940366744995,1.8422011137008667,-0.8515376448631287
p603,process,,33,33,18,post,odor,True,-0.1298195719718933,1.193320870399475,-1.1803005933761597
p603,process,,34,34,40,post,odor,True,0.10007848590612411,1.2097376585006714,-1.0773917436599731
p603,process,,35,35,32,post,odor,True,1.1319559812545776,3.5673394203186035,-0.570263147354126
p603,process,,36,36,31,post,odor,True,0.12039768695831299,2.018908977508545,-1.147617220878601
p603,process,,37,37,0,post,odor,True,-0.15549704432487488,2.0079896450042725,-1.2928053140640259
p603,process,,38,38,4,post,odor,True,-0.0735093504190445,1.1844351291656494,-1.084373116493225
p603,process,,39,39,2,post,odor,True,0.18287378549575806,1.728436827659607,-0.9074605703353882
p603,process,,40,40,3,post,odor,True,0.0949273407459259,2.1230123043060303,-1.062309741973877
p603,process,,41,41,21,post,odor,True,0.37113070487976074,2.5282371044158936,-0.7384979128837585
p603,process,,42,42,31,post,odor,True,0.4045158922672272,2.1599879264831543,-0.7848679423332214
p603,process,,43,43,2,post,odor,True,0.048515912145376205,1.9582575559616089,-1.4963302612304688
p603,process,,44,44,32,post,odor,True,0.5712906718254089,2.208812952041626,-0.5821470618247986
p603,process,,45,45,40,post,odor,True,0.03787022456526756,1.6708043813705444,-0.955456018447876
p603,process,,46,46,1,post,odor,True,-0.13423357903957367,1.1996374130249023,-1.050647258758545
p603,process,,47,47,0,post,odor,True,0.11224640160799026,1.899605393409729,-1.145092487335205
p603,process,,48,48,22,post,odor,True,-0.18989819288253784,1.3767306804656982,-1.2473872900009155
p603,process,,49,49,10,post,odor,True,-0.048073623329401016,1.4122544527053833,-1.4860854148864746
p603,process,,50,50,1,post,odor,True,0.0800553560256958,2.1969923973083496,-0.9904791116714478
p603,process,,51,51,30,post,odor,True,0.33217206597328186,1.5179420709609985,-0.8608397245407104
p603,process,,52,52,12,post,odor,True,0.10191137343645096,1.722459316253662,-1.3383610248565674
p603,process,,53,53,3,post,odor,True,-0.0032811290584504604,1.5315155982971191,-1.0889841318130493
p603,process,,54,54,21,post,odor,True,0.410464882850647,2.00874924659729,-1.1010668277740479
p603,process,,55,55,22,post,odor,True,0.057614438235759735,2.1651320457458496,-0.8996162414550781
p603,process,,56,56,18,post,odor,True,-0.07449579983949661,1.6462173461914062,-1.23438560962677
p603,process,,57,57,30,post,odor,True,0.04776758328080177,1.9521472454071045,-1.2675529718399048
p603,process,,58,58,17,post,odor,True,-0.01861167699098587,1.5466355085372925,-0.9413500428199768
p603,process,,59,59,39,post,odor,True,-0.011684686876833439,1.2034270763397217,-0.9674761891365051
p603,process,,60,60,39,post,odor,True,0.016329415142536163,1.2218211889266968,-0.9475443959236145
p603,process,,61,61,17,post,odor,True,0.005442047957330942,1.5426346063613892,-0.9684343934059143
p603,process,,62,62,4,post,odor,True,0.0949677899479866,1.1302402019500732,-0.5148598551750183
p625,process,,0,0,39,pre,odor,True,-0.6644116640090942,1.487762451171875,-3.3690552711486816
p625,process,,1,1,17,pre,odor,True,-0.9268481135368347,1.9417136907577515,-4.12256383895874
p625,process,,2,2,32,pre,odor,True,2.5538556575775146,6.439751625061035,0.3482584059238434
p625,process,,3,3,32,pre,odor,True,1.7981650829315186,3.8148438930511475,-1.6755694150924683
p625,process,,4,4,30,pre,odor,True,1.2086915969848633,3.8935723304748535,-1.1931793689727783
p625,process,,5,5,40,pre,odor,True,0.7319870591163635,3.4153010845184326,-3.239290475845337
p625,process,,6,6,3,pre,odor,True,1.7174744606018066,5.808677673339844,-1.391450047492981
p625,process,,7,7,2,pre,odor,True,2.440810203552246,4.4917778968811035,-1.2579078674316406
p625,process,,8,8,1,pre,odor,True,-0.14447040855884552,1.5812909603118896,-2.281106948852539
p625,process,,9,9,4,pre,odor,True,2.542964220046997,5.51186466217041,-0.25190889835357666
p625,process,,10,10,31,pre,odor,True,1.3967247009277344,5.548283576965332,-2.8013157844543457
p625,process,,11,11,21,pre,odor,True,-0.07210340350866318,3.1485464572906494,-5.727156162261963
p625,process,,12,12,2,pre,odor,True,1.1549164056777954,3.0391852855682373,-0.9767103791236877
p625,process,,13,13,39,pre,odor,True,0.43728718161582947,3.1215577125549316,-2.3127801418304443
p625,process,,14,14,1,pre,odor,True,0.8898470401763916,3.522602081298828,-1.5230799913406372
p625,process,,15,15,12,pre,odor,True,0.9124053120613098,4.43650484085083,-2.999051570892334
p625,process,,16,16,22,pre,odor,True,1.930690050125122,5.847781181335449,-2.965545654296875
p625,process,,17,17,10,pre,odor,True,3.0199077129364014,6.438971042633057,-1.1527073383331299
p625,process,,18,18,17,pre,odor,True,0.7754949927330017,5.601393222808838,-3.500920295715332
p625,process,,19,19,31,pre,odor,True,0.4506658911705017,3.069073438644409,-1.3487318754196167
p625,process,,20,20,30,pre,odor,True,-0.3418571949005127,2.2366936206817627,-2.3702428340911865
p625,process,,21,21,12,pre,odor,True,-0.9054459929466248,1.918469786643982,-3.318554401397705
p625,process,,22,22,22,pre,odor,True,0.513195276260376,3.3444247245788574,-2.0304207801818848
p625,process,,23,23,4,pre,odor,True,-0.9545101523399353,1.7053180932998657,-3.0864193439483643
p625,process,,24,24,0,pre,odor,True,-1.8512204885482788,2.378051280975342,-6.658782958984375
p625,process,,25,25,3,pre,odor,True,0.6570746898651123,4.022836208343506,-2.2735235691070557
p625,process,,26,26,40,pre,odor,True,-0.293307900428772,5.153167724609375,-5.0349440574646
p625,process,,27,27,10,pre,odor,True,1.0381065607070923,4.008059501647949,-3.143882989883423
p625,process,,28,28,21,pre,odor,True,0.3020975589752197,4.019859313964844,-3.76417875289917
p625,process,,29,29,18,pre,odor,True,0.3528323769569397,3.5747077465057373,-2.4509260654449463
p625,process,,30,30,18,pre,odor,True,-1.2315304279327393,1.6487658023834229,-2.619540214538574
p625,process,,31,31,0,pre,odor,True,-0.21241241693496704,4.062961101531982,-2.341398239135742
p625,process,,32,32,12,post,odor,True,0.1229013055562973,1.0087954998016357,-0.5645714998245239
p625,process,,33,33,18,post,odor,True,0.2420811653137207,1.2375099658966064,-0.6999322175979614
p625,process,,34,34,40,post,odor,True,-0.051147036254405975,0.602586030960083,-0.5830974578857422
p625,process,,35,35,32,post,odor,True,0.22038252651691437,1.3756431341171265,-0.7180231809616089
p625,process,,36,36,31,post,odor,True,-0.043444376438856125,0.78757244348526,-0.9922836422920227
p625,process,,37,37,0,post,odor,True,0.18948881328105927,1.303026556968689,-0.7934368252754211
p625,process,,38,38,4,post,odor,True,-0.1858908236026764,0.7108383178710938,-0.7065489888191223
p625,process,,39,39,2,post,odor,True,0.2386528104543686,1.2744241952896118,-0.5412361025810242
p625,process,,40,40,3,post,odor,True,-0.11005964130163193,0.611629068851471,-0.8091326355934143
p625,process,,41,41,21,post,odor,True,0.437457412481308,1.992755651473999,-0.969201385974884
p625,process,,42,42,31,post,odor,True,-0.00046933384146541357,1.4807668924331665,-0.7741611003875732
p625,process,,43,43,2,post,odor,True,0.05994865670800209,0.9518610835075378,-0.6254138350486755
p625,process,,44,44,32,post,odor,True,0.044361427426338196,0.6550108790397644,-0.6401426792144775
p625,process,,45,45,40,post,odor,True,0.24546417593955994,2.004409074783325,-0.539845883846283
p625,process,,46,46,1,post,odor,True,0.1904575526714325,1.5645755529403687,-0.7635984420776367
p625,process,,47,47,0,post,odor,True,0.017260057851672173,1.544586420059204,-0.5184428095817566
p625,process,,48,48,22,post,odor,True,0.09877841919660568,0.8413056135177612,-0.591044008731842
p625,process,,49,49,10,post,odor,True,0.028779668733477592,0.7701882719993591,-0.4838331639766693
p625,process,,50,50,1,post,odor,True,0.09446126222610474,0.9713250398635864,-0.6990064382553101
p625,process,,51,51,30,post,odor,True,-0.09894800186157227,0.5737309455871582,-0.7270787954330444
p625,process,,52,52,12,post,odor,True,-0.09156321734189987,0.7865723967552185,-0.7547870874404907
p625,process,,53,53,3,post,odor,True,0.15555121004581451,0.9293801784515381,-0.4848654270172119
p625,process,,54,54,21,post,odor,True,-0.04745284467935562,0.621986448764801,-0.8655565977096558
p625,process,,55,55,22,post,odor,True,0.34801924228668213,2.754286766052246,-0.5779690742492676
p625,process,,56,56,18,post,odor,True,0.06121540442109108,1.0868998765945435,-0.682979941368103
p625,process,,57,57,30,post,odor,True,-0.04542100429534912,1.2216465473175049,-1.2079280614852905
p625,process,,58,58,17,post,odor,True,0.03391902893781662,0.8757819533348083,-0.7689113020896912
p625,process,,59,59,39,post,odor,True,-0.058268118649721146,1.2099225521087646,-0.8509818911552429
p625,process,,60,60,39,post,odor,True,-0.008938552811741829,0.922774612903595,-0.5897720456123352
p625,process,,61,61,17,post,odor,True,0.03206212818622589,0.945065975189209,-0.7588768005371094
p625,process,,62,62,4,post,odor,True,-0.06770999729633331,0.71733158826828,-0.8107182383537292
p648,process,,0,0,39,pre,odor,True,-0.6977671980857849,1.507921576499939,-3.6549410820007324
p648,process,,1,1,17,pre,odor,True,-1.1668230295181274,2.094756603240967,-3.381622314453125
p648,process,,2,2,32,pre,odor,True,1.6580333709716797,3.680169105529785,-0.773257315158844
p648,process,,3,3,32,pre,odor,True,1.3335916996002197,5.296163082122803,-1.8498923778533936
p648,process,,4,4,30,pre,odor,True,0.821344256401062,3.582855701446533,-1.528580904006958
p648,process,,5,5,40,pre,odor,True,0.314555823802948,3.6212220191955566,-3.026167392730713
p648,process,,6,6,3,pre,odor,True,1.1502293348312378,4.546142101287842,-1.8819279670715332
p648,process,,7,7,2,pre,odor,True,2.1685519218444824,4.94574499130249,-0.40161851048469543
p648,process,,8,8,1,pre,odor,True,0.42270946502685547,2.909832239151001,-2.0379021167755127
p648,process,,9,9,4,pre,odor,True,2.109891414642334,5.619812965393066,-0.41800928115844727
p648,process,,10,10,31,pre,odor,True,1.0825847387313843,6.22447395324707,-2.3083319664001465
p648,process,,11,11,21,pre,odor,True,-0.1504012495279312,2.4666850566864014,-3.7951929569244385
p648,process,,12,12,2,pre,odor,True,1.0520586967468262,3.9203219413757324,-0.9366369843482971
p648,process,,13,13,39,pre,odor,True,1.2946956157684326,4.717836856842041,-1.5879793167114258
p648,process,,14,14,1,pre,odor,True,0.4784314036369324,3.997164726257324,-1.349161148071289
p648,process,,15,15,12,pre,odor,True,1.6462923288345337,6.220241546630859,-2.8072614669799805
p648,process,,16,16,22,pre,odor,True,2.044590950012207,5.594600677490234,-2.8308091163635254
p648,process,,17,17,10,pre,odor,True,3.1584320068359375,6.3740034103393555,-1.0969904661178589
p648,process,,18,18,17,pre,odor,True,-0.029735060408711433,3.709383487701416,-3.1739437580108643
p648,process,,19,19,31,pre,odor,True,0.4842991530895233,3.1538827419281006,-1.8175530433654785
p648,process,,20,20,30,pre,odor,True,-0.2964397668838501,2.272925615310669,-2.096665620803833
p648,process,,21,21,12,pre,odor,True,-0.7103213667869568,1.7212761640548706,-3.0804007053375244
p648,process,,22,22,22,pre,odor,True,0.13718287646770477,3.025160789489746,-2.288698434829712
p648,process,,23,23,4,pre,odor,True,-0.7841230034828186,1.5237594842910767,-2.4655723571777344
p648,process,,24,24,0,pre,odor,True,-1.0370311737060547,3.0487282276153564,-5.226624488830566
p648,process,,25,25,3,pre,odor,True,0.25843849778175354,3.9024994373321533,-2.8438305854797363
p648,process,,26,26,40,pre,odor,True,-0.8368958234786987,3.68497896194458,-3.95884108543396
p648,process,,27,27,10,pre,odor,True,0.9997516870498657,5.6570210456848145,-1.4494425058364868
p648,process,,28,28,21,pre,odor,True,0.33750593662261963,4.501372337341309,-2.805478572845459
p648,process,,29,29,18,pre,odor,True,0.4630488157272339,3.6770660877227783,-1.3147953748703003
p648,process,,30,30,18,pre,odor,True,-1.0732992887496948,0.27910086512565613,-2.484272003173828
p648,process,,31,31,0,pre,odor,True,-0.20057815313339233,1.765978217124939,-2.997756004333496
p648,process,,32,32,12,post,odor,True,0.00520407734438777,0.7472869753837585,-0.5742965340614319
p648,process,,33,33,18,post,odor,True,0.08741144090890884,1.1083025932312012,-0.6623306274414062
p648,process,,34,34,40,post,odor,True,-0.1949508935213089,0.9413225650787354,-1.1147496700286865
p648,process,,35,35,32,post,odor,True,0.09210169315338135,1.0775415897369385,-0.6212374567985535
p648,process,,36,36,31,post,odor,True,0.035491496324539185,0.982870876789093,-0.8281998634338379
p648,process,,37,37,0,post,odor,True,-0.04035649076104164,0.7261032462120056,-0.6942317485809326
p648,process,,38,38,4,post,odor,True,0.12791502475738525,1.055121898651123,-0.6536867618560791
p648,process,,39,39,2,post,odor,True,-0.06439066678285599,0.630229115486145,-0.8542855381965637
p648,process,,40,40,3,post,odor,True,-0.018646856769919395,1.2334636449813843,-0.8959958553314209
p648,process,,41,41,21,post,odor,True,0.15138377249240875,0.9733965396881104,-0.6916869282722473
p648,process,,42,42,31,post,odor,True,-0.06900394707918167,0.962501585483551,-0.7514325380325317
p648,process,,43,43,2,post,odor,True,-0.04962737113237381,1.1705812215805054,-0.7036917209625244
p648,process,,44,44,32,post,odor,True,-0.15845848619937897,0.8295803070068359,-0.8568061590194702
p648,process,,45,45,40,post,odor,True,-0.05410023406147957,0.9197896718978882,-0.6438297033309937
p648,process,,46,46,1,post,odor,True,-0.06936554610729218,0.764018714427948,-0.8367377519607544
p648,process,,47,47,0,post,odor,True,-0.006499167997390032,0.8407831788063049,-0.6569005250930786
p648,process,,48,48,22,post,odor,True,-0.013241177424788475,0.6230067014694214,-0.7877674102783203
p648,process,,49,49,10,post,odor,True,0.08627505600452423,0.9008266925811768,-0.854810893535614
p648,process,,50,50,1,post,odor,True,0.020730752497911453,0.9006038308143616,-0.5926726460456848
p648,process,,51,51,30,post,odor,True,-0.01138973142951727,0.6938999891281128,-0.6227009892463684
p648,process,,52,52,12,post,odor,True,0.025525156408548355,0.8842519521713257,-0.5818970799446106
p648,process,,53,53,3,post,odor,True,0.07228394597768784,0.6974120140075684,-0.6069048643112183
p648,process,,54,54,21,post,odor,True,0.15038694441318512,1.6495695114135742,-0.5823698043823242
p648,process,,55,55,22,post,odor,True,-0.05344255641102791,0.9393007159233093,-0.5864610075950623
p648,process,,56,56,18,post,odor,True,-0.04545570909976959,1.3061256408691406,-1.0054473876953125
p648,process,,57,57,30,post,odor,True,-0.056824084371328354,1.1535884141921997,-0.8374322652816772
p648,process,,58,58,17,post,odor,True,0.04294190555810928,0.7333751320838928,-0.6765652298927307
p648,process,,59,59,39,post,odor,True,0.11777722835540771,1.6864415407180786,-0.5964625477790833
p648,process,,60,60,39,post,odor,True,-0.07656142115592957,0.9930015206336975,-0.880246639251709
p648,process,,61,61,17,post,odor,True,0.1331091970205307,1.4035980701446533,-0.7971144318580627
p648,process,,62,62,4,post,odor,True,0.06085275858640671,1.0120402574539185,-0.8112204670906067
p670,process,,0,0,39,pre,odor,True,1.0986448526382446,5.749032020568848,-2.9683353900909424
p670,process,,1,1,17,pre,odor,True,0.012122496031224728,3.1827356815338135,-2.401357889175415
p670,process,,2,2,32,pre,odor,True,5.46768856048584,8.660277366638184,2.6618895530700684
p670,process,,3,3,32,pre,odor,True,5.540611743927002,8.43687915802002,-1.544753074645996
p670,process,,4,4,30,pre,odor,True,4.823242664337158,8.370617866516113,1.885111689567566
p670,process,,5,5,40,pre,odor,True,2.4380345344543457,6.191962242126465,-3.132859468460083
p670,process,,6,6,3,pre,odor,True,4.370119094848633,7.655715465545654,-1.7947299480438232
p670,process,,7,7,2,pre,odor,True,5.107658386230469,8.070920944213867,-1.6111394166946411
p670,process,,8,8,1,pre,odor,True,1.0742594003677368,4.765102863311768,-2.5280349254608154
p670,process,,9,9,4,pre,odor,True,4.807702541351318,8.825984954833984,0.08753879368305206
p670,process,,10,10,31,pre,odor,True,5.62221097946167,9.53757095336914,0.6341652274131775
p670,process,,11,11,21,pre,odor,True,4.644098281860352,7.814717769622803,-1.6533466577529907
p670,process,,12,12,2,pre,odor,True,2.806492328643799,7.2661452293396,-1.38386070728302
p670,process,,13,13,39,pre,odor,True,2.5740840435028076,5.503881931304932,0.33771708607673645
p670,process,,14,14,1,pre,odor,True,2.7364003658294678,6.107463836669922,-0.14510546624660492
p670,process,,15,15,12,pre,odor,True,2.935861825942993,6.691995620727539,-2.299614429473877
p670,process,,16,16,22,pre,odor,True,6.3150715827941895,12.963622093200684,0.2843470573425293
p670,process,,17,17,10,pre,odor,True,4.751370906829834,8.610953330993652,-1.2178038358688354
p670,process,,18,18,17,pre,odor,True,0.9751893281936646,5.191889762878418,-2.370670795440674
p670,process,,19,19,31,pre,odor,True,5.6631622314453125,9.286922454833984,-0.8107089996337891
p670,process,,20,20,30,pre,odor,True,4.535749435424805,7.993685722351074,-0.6709862947463989
p670,process,,21,21,12,pre,odor,True,1.4524881839752197,4.788486480712891,-0.6104474067687988
p670,process,,22,22,22,pre,odor,True,4.116379261016846,7.371958255767822,-2.0650761127471924
p670,process,,23,23,4,pre,odor,True,0.5190505385398865,3.5128207206726074,-1.7452369928359985
p670,process,,24,24,0,pre,odor,True,-0.0863441750407219,5.07544469833374,-4.95674467086792
p670,process,,25,25,3,pre,odor,True,1.3198845386505127,4.501038551330566,-2.960944890975952
p670,process,,26,26,40,pre,odor,True,1.4538949728012085,4.753323078155518,-2.0842013359069824
p670,process,,27,27,10,pre,odor,True,1.3812081813812256,3.9554333686828613,-2.582092523574829
p670,process,,28,28,21,pre,odor,True,3.410444974899292,6.359353065490723,-0.183974489569664
p670,process,,29,29,18,pre,odor,True,1.7609323263168335,4.341832637786865,-0.6671504974365234
p670,process,,30,30,18,pre,odor,True,-0.05583164468407631,1.8231900930404663,-1.3532668352127075
p670,process,,31,31,0,pre,odor,True,0.7232564091682434,3.464759349822998,-1.4007185697555542
p670,process,,32,32,12,post,odor,True,0.4297828674316406,1.50093674659729,-0.2714799642562866
p670,process,,33,33,18,post,odor,True,0.9790823459625244,2.214750051498413,-0.14458349347114563
p670,process,,34,34,40,post,odor,True,-0.10304424911737442,0.813933789730072,-1.1248992681503296
p670,process,,35,35,32,post,odor,True,-0.08600515872240067,0.9485589265823364,-0.910555362701416
p670,process,,36,36,31,post,odor,True,0.049290936440229416,0.6076595187187195,-0.6325488686561584
p670,process,,37,37,0,post,odor,True,0.07143601775169373,1.0230847597122192,-0.653549313545227
p670,process,,38,38,4,post,odor,True,0.3875093460083008,1.6005232334136963,-0.5219106078147888
p670,process,,39,39,2,post,odor,True,0.5515238046646118,1.9007760286331177,-0.43163424730300903
p670,process,,40,40,3,post,odor,True,0.21916316449642181,1.2383184432983398,-0.7315434217453003
p670,process,,41,41,21,post,odor,True,3.700685501098633,7.059115409851074,-0.6687742471694946
p670,process,,42,42,31,post,odor,True,0.06902170926332474,0.7831758856773376,-0.6832019090652466
p670,process,,43,43,2,post,odor,True,0.18437784910202026,0.9388219118118286,-0.35213300585746765
p670,process,,44,44,32,post,odor,True,0.047023117542266846,1.0797744989395142,-0.6949663758277893
p670,process,,45,45,40,post,odor,True,-0.00010732225200626999,0.877845048904419,-0.8931785225868225
p670,process,,46,46,1,post,odor,True,0.10666633397340775,1.2879215478897095,-0.6909695863723755
p670,process,,47,47,0,post,odor,True,0.22939327359199524,1.3748267889022827,-0.5061445236206055
p670,process,,48,48,22,post,odor,True,0.06821319460868835,1.0041099786758423,-0.6164401769638062
p670,process,,49,49,10,post,odor,True,0.05473411828279495,1.3945554494857788,-0.774357259273529
p670,process,,50,50,1,post,odor,True,0.05442316457629204,0.9428655505180359,-0.7420166730880737
p670,process,,51,51,30,post,odor,True,0.8838533163070679,2.7380619049072266,-0.4852879047393799
p670,process,,52,52,12,post,odor,True,0.031028594821691513,1.0833545923233032,-0.9801177382469177
p670,process,,53,53,3,post,odor,True,0.4909497797489166,2.317260503768921,-0.6456912159919739
p670,process,,54,54,21,post,odor,True,3.5665042400360107,6.315502643585205,-0.4229452311992645
p670,process,,55,55,22,post,odor,True,0.020936980843544006,1.5446817874908447,-0.7362624406814575
p670,process,,56,56,18,post,odor,True,0.7835754752159119,2.2134084701538086,-0.6042318344116211
p670,process,,57,57,30,post,odor,True,0.6922181844711304,2.0525319576263428,-0.44855302572250366
p670,process,,58,58,17,post,odor,True,0.4052430987358093,1.4256095886230469,-0.49471113085746765
p670,process,,59,59,39,post,odor,True,-0.08537142723798752,1.0352431535720825,-0.8918684720993042
p670,process,,60,60,39,post,odor,True,0.032550618052482605,1.0557864904403687,-0.660470187664032
p670,process,,61,61,17,post,odor,True,0.4165983200073242,1.3082232475280762,-0.34073972702026367
p670,process,,62,62,4,post,odor,True,-0.049159761518239975,0.631142795085907,-0.6526098847389221
p692,process,,0,0,39,pre,odor,True,0.20694071054458618,2.6326262950897217,-2.2457313537597656
p692,process,,1,1,17,pre,odor,True,-0.25112384557724,2.418654203414917,-3.6008079051971436
p692,process,,2,2,32,pre,odor,True,1.0913686752319336,5.145787239074707,-1.4396716356277466
p692,process,,3,3,32,pre,odor,True,0.7482454776763916,3.828500986099243,-1.8909369707107544
p692,process,,4,4,30,pre,odor,True,1.0598281621932983,4.972825527191162,-1.6693904399871826
p692,process,,5,5,40,pre,odor,True,0.8230088949203491,5.870606899261475,-3.3640284538269043
p692,process,,6,6,3,pre,odor,True,0.3236387372016907,3.4547083377838135,-2.094931125640869
p692,process,,7,7,2,pre,odor,True,0.8387627601623535,4.398923873901367,-1.8760114908218384
p692,process,,8,8,1,pre,odor,True,-0.018608171492815018,4.19480562210083,-3.27303147315979
p692,process,,9,9,4,pre,odor,True,0.9437410235404968,4.519185543060303,-1.8564331531524658
p692,process,,10,10,31,pre,odor,True,0.6762887239456177,3.231031656265259,-2.137221574783325
p692,process,,11,11,21,pre,odor,True,-0.3791637718677521,3.375002145767212,-2.923992395401001
p692,process,,12,12,2,pre,odor,True,0.815667986869812,6.105096817016602,-1.860116720199585
p692,process,,13,13,39,pre,odor,True,0.16080981492996216,3.696913719177246,-2.202235698699951
p692,process,,14,14,1,pre,odor,True,-0.17110349237918854,2.808335304260254,-2.2823281288146973
p692,process,,15,15,12,pre,odor,True,-0.06104876846075058,5.6255879402160645,-2.327014684677124
p692,process,,16,16,22,pre,odor,True,0.47850146889686584,3.312448024749756,-2.265397071838379
p692,process,,17,17,10,pre,odor,True,0.9994069337844849,3.807307004928589,-1.250388264656067
p692,process,,18,18,17,pre,odor,True,0.439013808965683,3.9841129779815674,-1.3095623254776
p692,process,,19,19,31,pre,odor,True,0.4902583956718445,3.8224587440490723,-1.8022758960723877
p692,process,,20,20,30,pre,odor,True,0.3841298520565033,4.168478012084961,-2.4856760501861572
p692,process,,21,21,12,pre,odor,True,-0.38508883118629456,3.8661081790924072,-3.0986785888671875
p692,process,,22,22,22,pre,odor,True,0.1597122997045517,2.6187942028045654,-2.587085008621216
p692,process,,23,23,4,pre,odor,True,-0.4371383786201477,2.28889799118042,-2.805900812149048
p692,process,,24,24,0,pre,odor,True,-0.20006819069385529,4.475854396820068,-3.5819101333618164
p692,process,,25,25,3,pre,odor,True,0.24261608719825745,4.351672649383545,-2.643361806869507
p692,process,,26,26,40,pre,odor,True,-0.17082923650741577,3.226374626159668,-2.4260528087615967
p692,process,,27,27,10,pre,odor,True,0.4477875828742981,3.1493422985076904,-2.048736095428467
p692,process,,28,28,21,pre,odor,True,-0.001042743562720716,3.0698137283325195,-2.0742568969726562
p692,process,,29,29,18,pre,odor,True,0.18711437284946442,2.173283576965332,-1.419185996055603
p692,process,,30,30,18,pre,odor,True,0.04785621538758278,3.4085700511932373,-1.3245511054992676
p692,process,,31,31,0,pre,odor,True,0.4818132519721985,5.294388771057129,-1.1316258907318115
p692,process,,32,32,12,post,odor,True,0.17767874896526337,1.1532976627349854,-0.8322628736495972
p692,process,,33,33,18,post,odor,True,0.05402292311191559,1.24895441532135,-1.0466926097869873
p692,process,,34,34,40,post,odor,True,-0.05287148058414459,1.372609257698059,-0.9338969588279724
p692,process,,35,35,32,post,odor,True,-0.054595980793237686,1.772371530532837,-1.0350979566574097
p692,process,,36,36,31,post,odor,True,0.07727187871932983,1.9570937156677246,-1.2215481996536255
p692,process,,37,37,0,post,odor,True,0.47517210245132446,2.0152194499969482,-1.0295336246490479
p692,process,,38,38,4,post,odor,True,0.20428545773029327,1.6360832452774048,-1.1779683828353882
p692,process,,39,39,2,post,odor,True,-0.07856568694114685,1.9315321445465088,-1.2432106733322144
p692,process,,40,40,3,post,odor,True,-0.4372885525226593,0.9360584020614624,-1.667264461517334
p692,process,,41,41,21,post,odor,True,0.43121662735939026,3.122314691543579,-1.1691088676452637
p692,process,,42,42,31,post,odor,True,0.24701890349388123,1.7657893896102905,-1.2043371200561523
p692,process,,43,43,2,post,odor,True,-0.01126320194453001,2.1108756065368652,-1.445146918296814
p692,process,,44,44,32,post,odor,True,0.501706600189209,3.345947265625,-1.0044457912445068
p692,process,,45,45,40,post,odor,True,0.21012578904628754,1.7825686931610107,-0.7631134986877441
p692,process,,46,46,1,post,odor,True,0.4504548907279968,2.4705405235290527,-0.891355574131012
p692,process,,47,47,0,post,odor,True,0.13791733980178833,2.078529119491577,-1.1515980958938599
p692,process,,48,48,22,post,odor,True,-0.1586628407239914,2.191190242767334,-1.5803163051605225
p692,process,,49,49,10,post,odor,True,0.15409816801548004,3.6202409267425537,-1.1790910959243774
p692,process,,50,50,1,post,odor,True,0.31002068519592285,2.0288186073303223,-1.685675859451294
p692,process,,51,51,30,post,odor,True,-0.1836249828338623,1.9919943809509277,-1.7688003778457642
p692,process,,52,52,12,post,odor,True,0.24737916886806488,2.872361660003662,-1.803058385848999
p692,process,,53,53,3,post,odor,True,0.2786347568035126,2.073193073272705,-1.0551871061325073
p692,process,,54,54,21,post,odor,True,-0.2728296220302582,1.0178296566009521,-1.7044975757598877
p692,process,,55,55,22,post,odor,True,0.4079410433769226,3.0231711864471436,-1.2466574907302856
p692,process,,56,56,18,post,odor,True,-0.027799583971500397,1.970976710319519,-1.7728021144866943
p692,process,,57,57,30,post,odor,True,0.2860874831676483,1.8673609495162964,-1.6226509809494019
p692,process,,58,58,17,post,odor,True,-0.09394712001085281,2.2480878829956055,-2.044485092163086
p692,process,,59,59,39,post,odor,True,0.13389568030834198,2.0900838375091553,-1.7397323846817017
p692,process,,60,60,39,post,odor,True,0.3858945369720459,3.538972854614258,-1.8697949647903442
p692,process,,61,61,17,post,odor,True,0.724596381187439,2.8984549045562744,-0.9203769564628601
p692,process,,62,62,4,post,odor,True,-0.09044241905212402,2.8374929428100586,-1.9275007247924805
p714,process,,0,0,39,pre,odor,True,0.2423238754272461,4.942765712738037,-2.7680435180664062
p714,process,,1,1,17,pre,odor,True,-0.5495510697364807,3.9999117851257324,-3.2904229164123535
p714,process,,2,2,32,pre,odor,True,0.7509428262710571,4.7955217361450195,-2.6231136322021484
p714,process,,3,3,32,pre,odor,True,0.1775871366262436,3.2942371368408203,-2.3167011737823486
p714,process,,4,4,30,pre,odor,True,-0.05112477391958237,3.767798900604248,-2.370119333267212
p714,process,,5,5,40,pre,odor,True,0.20196478068828583,4.673358917236328,-2.4423413276672363
p714,process,,6,6,3,pre,odor,True,0.7642943263053894,4.202291011810303,-1.3219956159591675
p714,process,,7,7,2,pre,odor,True,1.0388355255126953,4.44844388961792,-1.4622880220413208
p714,process,,8,8,1,pre,odor,True,-0.2187400609254837,2.748133897781372,-2.357914686203003
p714,process,,9,9,4,pre,odor,True,1.474196434020996,5.657917022705078,-1.1428146362304688
p714,process,,10,10,31,pre,odor,True,0.522682785987854,4.767448902130127,-1.0524109601974487
p714,process,,11,11,21,pre,odor,True,-0.23535850644111633,3.2736947536468506,-2.3685712814331055
p714,process,,12,12,2,pre,odor,True,0.16761942207813263,3.521468162536621,-1.3955484628677368
p714,process,,13,13,39,pre,odor,True,0.19132040441036224,2.8872509002685547,-1.8650996685028076
p714,process,,14,14,1,pre,odor,True,0.31590554118156433,3.419471502304077,-1.4547196626663208
p714,process,,15,15,12,pre,odor,True,0.5825923681259155,4.089130401611328,-1.3005610704421997
p714,process,,16,16,22,pre,odor,True,0.17235037684440613,2.98964524269104,-1.1058602333068848
p714,process,,17,17,10,pre,odor,True,0.9843703508377075,3.9526970386505127,-1.3119392395019531
p714,process,,18,18,17,pre,odor,True,-0.1870003044605255,2.0413386821746826,-1.8345813751220703
p714,process,,19,19,31,pre,odor,True,0.29342642426490784,2.6049644947052,-1.0430471897125244
p714,process,,20,20,30,pre,odor,True,0.20024512708187103,3.406395435333252,-1.3114112615585327
p714,process,,21,21,12,pre,odor,True,-0.03737880289554596,1.9094606637954712,-1.6137186288833618
p714,process,,22,22,22,pre,odor,True,-0.0137943709269166,4.403410911560059,-1.7354987859725952
p714,process,,23,23,4,pre,odor,True,-0.18002861738204956,2.6973800659179688,-1.477933406829834
p714,process,,24,24,0,pre,odor,True,-0.42534494400024414,1.8480339050292969,-2.339510202407837
p714,process,,25,25,3,pre,odor,True,-0.4559863209724426,2.030916452407837,-2.849130868911743
p714,process,,26,26,40,pre,odor,True,-0.4416917562484741,2.4351978302001953,-2.2074315547943115
p714,process,,27,27,10,pre,odor,True,0.5218759775161743,4.062109470367432,-1.8059686422348022
p714,process,,28,28,21,pre,odor,True,-0.3382478654384613,3.4995100498199463,-1.9497039318084717
p714,process,,29,29,18,pre,odor,True,-0.11337602138519287,1.6964924335479736,-1.4677140712738037
p714,process,,30,30,18,pre,odor,True,-0.39802631735801697,1.372834324836731,-1.2527846097946167
p714,process,,31,31,0,pre,odor,True,0.27513572573661804,3.229055404663086,-1.4330235719680786
p714,process,,32,32,12,post,odor,True,0.173517644405365,2.2876086235046387,-0.7933863401412964
p714,process,,33,33,18,post,odor,True,0.03552220016717911,2.864654541015625,-0.9017899632453918
p714,process,,34,34,40,post,odor,True,0.11287069320678711,2.805429697036743,-0.7721693515777588
p714,process,,35,35,32,post,odor,True,0.060554880648851395,3.1988322734832764,-0.8402482867240906
p714,process,,36,36,31,post,odor,True,0.10417592525482178,1.77022123336792,-0.8738594055175781
p714,process,,37,37,0,post,odor,True,-0.07854495942592621,3.192995309829712,-1.068759799003601
p714,process,,38,38,4,post,odor,True,0.10064046829938889,2.2571756839752197,-1.129307508468628
p714,process,,39,39,2,post,odor,True,-0.1895860880613327,1.1959834098815918,-1.1829980611801147
p714,process,,40,40,3,post,odor,True,-0.2624727785587311,2.2267239093780518,-1.2400966882705688
p714,process,,41,41,21,post,odor,True,0.15322434902191162,2.3603382110595703,-1.028085708618164
p714,process,,42,42,31,post,odor,True,0.316754013299942,3.392751693725586,-0.9050540924072266
p714,process,,43,43,2,post,odor,True,0.4108354151248932,2.1997971534729004,-0.7703375220298767
p714,process,,44,44,32,post,odor,True,-0.06703487783670425,1.5685888528823853,-1.2291202545166016
p714,process,,45,45,40,post,odor,True,-0.15284542739391327,1.3950053453445435,-1.382859706878662
p714,process,,46,46,1,post,odor,True,0.2340022325515747,3.4935708045959473,-0.8318079710006714
p714,process,,47,47,0,post,odor,True,0.09117711335420609,1.5157890319824219,-0.9879201650619507
p714,process,,48,48,22,post,odor,True,-0.18123282492160797,2.0076913833618164,-1.2971404790878296
p714,process,,49,49,10,post,odor,True,-0.14259439706802368,3.790846109390259,-1.173235297203064
p714,process,,50,50,1,post,odor,True,-0.1023256927728653,5.129213809967041,-1.184313178062439
p714,process,,51,51,30,post,odor,True,-0.010283587500452995,2.8127341270446777,-1.2891765832901
p714,process,,52,52,12,post,odor,True,-0.05162668600678444,2.380502462387085,-0.9879623651504517
p714,process,,53,53,3,post,odor,True,0.14792124927043915,2.475050449371338,-1.1032824516296387
p714,process,,54,54,21,post,odor,True,-0.07611984759569168,2.5014808177948,-1.4092247486114502
p714,process,,55,55,22,post,odor,True,-0.1759466677904129,1.8234083652496338,-1.0337176322937012
p714,process,,56,56,18,post,odor,True,0.08494318276643753,2.8892719745635986,-0.9209102988243103
p714,process,,57,57,30,post,odor,True,0.05143291503190994,1.9637101888656616,-1.1663395166397095
p714,process,,58,58,17,post,odor,True,-0.04471828043460846,2.006136894226074,-1.1884609460830688
p714,process,,59,59,39,post,odor,True,-0.08926418423652649,1.5081422328948975,-1.2650715112686157
p714,process,,60,60,39,post,odor,True,0.05047014355659485,3.4898831844329834,-1.0221027135849
p714,process,,61,61,17,post,odor,True,-0.1070319339632988,1.5205010175704956,-1.2049413919448853
p714,process,,62,62,4,post,odor,True,0.08493515849113464,2.471614360809326,-1.0041080713272095
p737,process,,0,0,39,pre,odor,True,-1.3339312076568604,2.92468523979187,-3.961219549179077
p737,process,,1,1,17,pre,odor,True,-2.7894346714019775,0.03237156197428703,-5.2217631340026855
p737,process,,2,2,32,pre,odor,True,0.3656812906265259,4.2295098304748535,-2.6413803100585938
p737,process,,3,3,32,pre,odor,True,-0.7397032380104065,2.330477476119995,-3.482922077178955
p737,process,,4,4,30,pre,odor,True,-1.6853723526000977,3.6432321071624756,-4.651530742645264
p737,process,,5,5,40,pre,odor,True,0.13277609646320343,5.107150077819824,-2.9547929763793945
p737,process,,6,6,3,pre,odor,True,0.000763051793910563,2.5734524726867676,-3.035203456878662
p737,process,,7,7,2,pre,odor,True,0.7791305780410767,3.989910840988159,-1.8215848207473755
p737,process,,8,8,1,pre,odor,True,-0.35796669125556946,3.5465354919433594,-3.408111572265625
p737,process,,9,9,4,pre,odor,True,1.4939087629318237,6.575461387634277,-1.5794423818588257
p737,process,,10,10,31,pre,odor,True,-0.01896384358406067,2.2103731632232666,-1.6006323099136353
p737,process,,11,11,21,pre,odor,True,-0.9359256029129028,3.2480998039245605,-3.484769105911255
p737,process,,12,12,2,pre,odor,True,-0.12278823554515839,3.056736707687378,-3.15840220451355
p737,process,,13,13,39,pre,odor,True,0.8524108529090881,3.6400134563446045,-1.5505223274230957
p737,process,,14,14,1,pre,odor,True,-0.4084775745868683,2.510586738586426,-3.0929784774780273
p737,process,,15,15,12,pre,odor,True,0.6096962690353394,5.012448787689209,-1.81033456325531
p737,process,,16,16,22,pre,odor,True,0.17408394813537598,3.2845535278320312,-2.1892967224121094
p737,process,,17,17,10,pre,odor,True,1.6095287799835205,5.399916648864746,-2.054126739501953
p737,process,,18,18,17,pre,odor,True,-0.6558418273925781,1.942285418510437,-2.71421480178833
p737,process,,19,19,31,pre,odor,True,-0.4715858995914459,2.6037023067474365,-2.515958786010742
p737,process,,20,20,30,pre,odor,True,-0.43723300099372864,1.9453449249267578,-1.806972861289978
p737,process,,21,21,12,pre,odor,True,-0.5493035316467285,2.239065408706665,-2.4770216941833496
p737,process,,22,22,22,pre,odor,True,-0.6478782892227173,1.3347156047821045,-2.0255672931671143
p737,process,,23,23,4,pre,odor,True,-0.3301808536052704,1.548904299736023,-1.9783746004104614
p737,process,,24,24,0,pre,odor,True,-0.8351860046386719,2.779552936553955,-3.9698691368103027
p737,process,,25,25,3,pre,odor,True,-0.5647487044334412,4.086692810058594,-2.7618236541748047
p737,process,,26,26,40,pre,odor,True,-0.3822433650493622,3.1370415687561035,-2.639725923538208
p737,process,,27,27,10,pre,odor,True,0.847472071647644,5.662536144256592,-3.946444034576416
p737,process,,28,28,21,pre,odor,True,-1.1814485788345337,2.498579263687134,-2.9283387660980225
p737,process,,29,29,18,pre,odor,True,0.11342867463827133,1.8520605564117432,-1.2624379396438599
p737,process,,30,30,18,pre,odor,True,-0.5622830986976624,0.8312435150146484,-1.455161213874817
p737,process,,31,31,0,pre,odor,True,0.18397895991802216,3.761498212814331,-2.040609359741211
p737,process,,32,32,12,post,odor,True,0.0806642696261406,1.3031175136566162,-0.8465386629104614
p737,process,,33,33,18,post,odor,True,-0.05109202116727829,1.2808582782745361,-0.9210897088050842
p737,process,,34,34,40,post,odor,True,0.3172142505645752,1.7634719610214233,-0.8809215426445007
p737,process,,35,35,32,post,odor,True,-0.21271531283855438,0.9961820840835571,-1.4052143096923828
p737,process,,36,36,31,post,odor,True,0.21372312307357788,1.7117832899093628,-0.9437354207038879
p737,process,,37,37,0,post,odor,True,0.0017496227519586682,1.803598403930664,-0.8567457795143127
p737,process,,38,38,4,post,odor,True,0.043217048048973083,1.4726158380508423,-0.8562799692153931
p737,process,,39,39,2,post,odor,True,0.08645638823509216,1.381178617477417,-0.7385034561157227
p737,process,,40,40,3,post,odor,True,0.08324981480836868,1.3378181457519531,-0.9097402691841125
p737,process,,41,41,21,post,odor,True,-0.06228746101260185,1.4070682525634766,-0.873815655708313
p737,process,,42,42,31,post,odor,True,0.1702365279197693,2.116163492202759,-0.8553430438041687
p737,process,,43,43,2,post,odor,True,-0.08342203497886658,1.0473289489746094,-0.9598568081855774
p737,process,,44,44,32,post,odor,True,-0.1883462518453598,1.9125006198883057,-1.1466199159622192
p737,process,,45,45,40,post,odor,True,0.14119650423526764,2.1439743041992188,-1.006974458694458
p737,process,,46,46,1,post,odor,True,-0.13233761489391327,2.0819835662841797,-0.9550410509109497
p737,process,,47,47,0,post,odor,True,0.06285299360752106,1.7837117910385132,-0.9578955769538879
p737,process,,48,48,22,post,odor,True,0.07722637802362442,1.8680428266525269,-1.4573115110397339
p737,process,,49,49,10,post,odor,True,0.26463666558265686,2.12550950050354,-0.878061830997467
p737,process,,50,50,1,post,odor,True,0.2631223797798157,1.4346461296081543,-0.9982901215553284
p737,process,,51,51,30,post,odor,True,0.1179393082857132,1.7458869218826294,-1.0242843627929688
p737,process,,52,52,12,post,odor,True,-0.08584905415773392,1.3153122663497925,-0.9314082264900208
p737,process,,53,53,3,post,odor,True,-0.11410511285066605,1.9255322217941284,-1.522721529006958
p737,process,,54,54,21,post,odor,True,0.15003792941570282,1.7007107734680176,-0.8517471551895142
p737,process,,55,55,22,post,odor,True,0.11059103906154633,1.9914603233337402,-1.344911813735962
p737,process,,56,56,18,post,odor,True,0.03189820051193237,1.4681521654129028,-1.3813166618347168
p737,process,,57,57,30,post,odor,True,-0.32613781094551086,0.9958160519599915,-1.5670686960220337
p737,process,,58,58,17,post,odor,True,0.1556662917137146,2.1100642681121826,-1.0333788394927979
p737,process,,59,59,39,post,odor,True,-0.13851910829544067,1.2672690153121948,-1.2191811800003052
p737,process,,60,60,39,post,odor,True,0.07145088165998459,2.398433208465576,-0.9885442852973938
p737,process,,61,61,17,post,odor,True,-0.01612447388470173,1.2335044145584106,-1.0521442890167236
p737,process,,62,62,4,post,odor,True,0.05733592063188553,1.503735065460205,-1.0403826236724854
p759,process,,0,0,39,pre,odor,True,-0.22255371510982513,5.837795734405518,-4.600780963897705
p759,process,,1,1,17,pre,odor,True,-1.2391897439956665,2.324091672897339,-4.034511566162109
p759,process,,2,2,32,pre,odor,True,5.749939441680908,10.165498733520508,0.45974546670913696
p759,process,,3,3,32,pre,odor,True,4.031101226806641,8.70679759979248,-2.3714239597320557
p759,process,,4,4,30,pre,odor,True,4.39271354675293,9.75324535369873,0.08730430155992508
p759,process,,5,5,40,pre,odor,True,1.7745754718780518,8.080961227416992,-1.206146240234375
p759,process,,6,6,3,pre,odor,True,1.6476339101791382,6.0361409187316895,-1.6430714130401611
p759,process,,7,7,2,pre,odor,True,2.046173334121704,7.512172222137451,-1.5027977228164673
p759,process,,8,8,1,pre,odor,True,1.6237835884094238,5.530785083770752,-1.712144136428833
p759,process,,9,9,4,pre,odor,True,3.641695261001587,9.036529541015625,-1.2271435260772705
p759,process,,10,10,31,pre,odor,True,2.205231189727783,6.91853141784668,-0.7751990556716919
p759,process,,11,11,21,pre,odor,True,1.2517987489700317,4.178605079650879,-1.687563419342041
p759,process,,12,12,2,pre,odor,True,0.7401579022407532,4.222555160522461,-1.092598557472229
p759,process,,13,13,39,pre,odor,True,0.6110798716545105,3.8129351139068604,-2.935647487640381
p759,process,,14,14,1,pre,odor,True,1.0767089128494263,4.5922651290893555,-1.660186529159546
p759,process,,15,15,12,pre,odor,True,1.5912723541259766,5.737102508544922,-2.265839099884033
p759,process,,16,16,22,pre,odor,True,2.1303961277008057,8.61722469329834,-0.8897303342819214
p759,process,,17,17,10,pre,odor,True,1.9615648984909058,6.637084484100342,-1.2759506702423096
p759,process,,18,18,17,pre,odor,True,-0.11542963981628418,4.12924337387085,-2.0017333030700684
p759,process,,19,19,31,pre,odor,True,2.019399404525757,6.505209445953369,-0.691159725189209
p759,process,,20,20,30,pre,odor,True,0.43358924984931946,2.356639862060547,-2.140245199203491
p759,process,,21,21,12,pre,odor,True,0.07222877442836761,2.1615047454833984,-1.5363341569900513
p759,process,,22,22,22,pre,odor,True,0.8054166436195374,3.2479019165039062,-1.5019562244415283
p759,process,,23,23,4,pre,odor,True,0.014903600327670574,2.2205798625946045,-1.6359599828720093
p759,process,,24,24,0,pre,odor,True,0.4367665946483612,2.936920642852783,-3.261960983276367
p759,process,,25,25,3,pre,odor,True,0.7829179167747498,6.3235554695129395,-2.731411933898926
p759,process,,26,26,40,pre,odor,True,-0.0707356259226799,2.679424524307251,-3.4255762100219727
p759,process,,27,27,10,pre,odor,True,1.1985909938812256,6.4562907218933105,-3.332165002822876
p759,process,,28,28,21,pre,odor,True,-0.09727512300014496,3.5350115299224854,-3.944645404815674
p759,process,,29,29,18,pre,odor,True,0.5469498634338379,4.466919422149658,-2.0115787982940674
p759,process,,30,30,18,pre,odor,True,-0.48972660303115845,1.716663122177124,-1.885755181312561
p759,process,,31,31,0,pre,odor,True,-0.09863658994436264,4.831564903259277,-2.7700586318969727
p759,process,,32,32,12,post,odor,True,0.07578393816947937,1.7886531352996826,-1.2287837266921997
p759,process,,33,33,18,post,odor,True,0.023191025480628014,2.1277871131896973,-1.226637363433838
p759,process,,34,34,40,post,odor,True,0.1319764256477356,3.2164692878723145,-0.9285090565681458
p759,process,,35,35,32,post,odor,True,0.11938829720020294,2.10321044921875,-1.1123055219650269
p759,process,,36,36,31,post,odor,True,0.022448766976594925,1.6494861841201782,-1.1068626642227173
p759,process,,37,37,0,post,odor,True,-0.014159605838358402,1.6867707967758179,-1.4070903062820435
p759,process,,38,38,4,post,odor,True,0.20284403860569,2.315359592437744,-1.058774709701538
p759,process,,39,39,2,post,odor,True,0.022756606340408325,1.4373451471328735,-1.2335785627365112
p759,process,,40,40,3,post,odor,True,-0.07564475387334824,1.5238194465637207,-1.1287286281585693
p759,process,,41,41,21,post,odor,True,1.0363116264343262,3.0705225467681885,-1.179916501045227
p759,process,,42,42,31,post,odor,True,0.15858381986618042,1.394471287727356,-0.9910311102867126
p759,process,,43,43,2,post,odor,True,0.13960637152194977,1.8515567779541016,-1.0200012922286987
p759,process,,44,44,32,post,odor,True,0.08390753716230392,1.923174500465393,-1.513656497001648
p759,process,,45,45,40,post,odor,True,0.1886725276708603,1.8775687217712402,-1.0529848337173462
p759,process,,46,46,1,post,odor,True,0.13475018739700317,1.9471598863601685,-1.1268086433410645
p759,process,,47,47,0,post,odor,True,0.0481317900121212,1.3431776762008667,-1.1750777959823608
p759,process,,48,48,22,post,odor,True,0.2222895473241806,1.9088388681411743,-0.9035645127296448
p759,process,,49,49,10,post,odor,True,0.0414581298828125,1.7714036703109741,-1.0998449325561523
p759,process,,50,50,1,post,odor,True,0.05274539813399315,2.2227702140808105,-1.0592963695526123
p759,process,,51,51,30,post,odor,True,0.16346946358680725,1.887715458869934,-0.7842245101928711
p759,process,,52,52,12,post,odor,True,-0.12231914699077606,1.8442652225494385,-1.4840893745422363
p759,process,,53,53,3,post,odor,True,0.15879057347774506,1.7960461378097534,-0.9248600006103516
p759,process,,54,54,21,post,odor,True,0.9933825135231018,3.8758907318115234,-1.0314010381698608
p759,process,,55,55,22,post,odor,True,0.026278827339410782,1.337575912475586,-0.8805392980575562
p759,process,,56,56,18,post,odor,True,-0.3826349079608917,0.8965075016021729,-1.4037649631500244
p759,process,,57,57,30,post,odor,True,0.23860567808151245,1.5702388286590576,-1.090410828590393
p759,process,,58,58,17,post,odor,True,0.031699009239673615,3.066007137298584,-1.141983151435852
p759,process,,59,59,39,post,odor,True,0.0911303237080574,1.9468486309051514,-1.652543544769287
p759,process,,60,60,39,post,odor,True,0.004096755757927895,1.8247251510620117,-1.426012396812439
p759,process,,61,61,17,post,odor,True,0.26514124870300293,2.2250492572784424,-1.3833880424499512
p759,process,,62,62,4,post,odor,True,-0.2166949063539505,1.9328290224075317,-2.0936248302459717
p781,process,,0,0,39,pre,odor,True,2.0517890453338623,6.7238945960998535,-1.6674550771713257
p781,process,,1,1,17,pre,odor,True,0.38013899326324463,5.660589218139648,-1.6861392259597778
p781,process,,2,2,32,pre,odor,True,7.797153472900391,12.177330017089844,-0.28064432740211487
p781,process,,3,3,32,pre,odor,True,8.796991348266602,12.860098838806152,-0.2839038670063019
p781,process,,4,4,30,pre,odor,True,7.627948760986328,15.39257526397705,1.0206047296524048
p781,process,,5,5,40,pre,odor,True,2.8797481060028076,8.254097938537598,-1.8226978778839111
p781,process,,6,6,3,pre,odor,True,6.1316351890563965,12.826640129089355,-1.6471288204193115
p781,process,,7,7,2,pre,odor,True,5.305126190185547,11.274737358093262,-1.6795612573623657
p781,process,,8,8,1,pre,odor,True,3.9593870639801025,10.215405464172363,-0.531538188457489
p781,process,,9,9,4,pre,odor,True,5.976095676422119,10.111560821533203,-2.936514139175415
p781,process,,10,10,31,pre,odor,True,7.409144401550293,15.318841934204102,-0.23500491678714752
p781,process,,11,11,21,pre,odor,True,7.999142169952393,15.357131958007812,-1.6088647842407227
p781,process,,12,12,2,pre,odor,True,3.694305181503296,7.9295477867126465,-0.6980484127998352
p781,process,,13,13,39,pre,odor,True,1.504002332687378,4.374058723449707,-1.9550689458847046
p781,process,,14,14,1,pre,odor,True,3.877089500427246,9.438345909118652,-1.0081298351287842
p781,process,,15,15,12,pre,odor,True,4.098821640014648,10.102263450622559,-1.981099009513855
p781,process,,16,16,22,pre,odor,True,6.864542007446289,13.597859382629395,-0.5983730554580688
p781,process,,17,17,10,pre,odor,True,5.438536643981934,14.544010162353516,-2.597862482070923
p781,process,,18,18,17,pre,odor,True,0.22129283845424652,3.715662717819214,-2.3684656620025635
p781,process,,19,19,31,pre,odor,True,5.512148380279541,10.525348663330078,-0.5749971866607666
p781,process,,20,20,30,pre,odor,True,4.927267551422119,12.358333587646484,-1.7879302501678467
p781,process,,21,21,12,pre,odor,True,0.8889899253845215,4.063044548034668,-2.057101011276245
p781,process,,22,22,22,pre,odor,True,5.340216159820557,12.65713119506836,-1.0171679258346558
p781,process,,23,23,4,pre,odor,True,1.8226362466812134,5.588415145874023,-1.4932050704956055
p781,process,,24,24,0,pre,odor,True,1.773148775100708,8.38623046875,-3.92848801612854
p781,process,,25,25,3,pre,odor,True,2.756619930267334,6.735130786895752,-2.173379421234131
p781,process,,26,26,40,pre,odor,True,1.6158653497695923,6.342465877532959,-1.8797059059143066
p781,process,,27,27,10,pre,odor,True,2.6730027198791504,7.556162357330322,-2.6743407249450684
p781,process,,28,28,21,pre,odor,True,7.012673377990723,12.074028968811035,-1.231865406036377
p781,process,,29,29,18,pre,odor,True,0.7869036197662354,3.8316028118133545,-2.008668899536133
p781,process,,30,30,18,pre,odor,True,-0.9902017116546631,2.2858030796051025,-3.2974395751953125
p781,process,,31,31,0,pre,odor,True,2.1870639324188232,7.772071838378906,-2.945401191711426
p781,process,,32,32,12,post,odor,True,0.5875326991081238,2.5983622074127197,-1.3367812633514404
p781,process,,33,33,18,post,odor,True,0.560974657535553,2.766038417816162,-1.2898521423339844
p781,process,,34,34,40,post,odor,True,0.2857147753238678,3.0645272731781006,-1.1733027696609497
p781,process,,35,35,32,post,odor,True,0.12577734887599945,2.813110828399658,-1.3350967168807983
p781,process,,36,36,31,post,odor,True,-0.048411134630441666,1.485848069190979,-1.6131247282028198
p781,process,,37,37,0,post,odor,True,0.17798997461795807,1.4577627182006836,-0.9462345838546753
p781,process,,38,38,4,post,odor,True,0.384264200925827,1.7661042213439941,-0.7847247123718262
p781,process,,39,39,2,post,odor,True,0.946537435054779,3.127640724182129,-1.1102008819580078
p781,process,,40,40,3,post,odor,True,0.6086824536323547,3.0348260402679443,-1.134548306465149
p781,process,,41,41,21,post,odor,True,5.679545879364014,10.410475730895996,-0.17833593487739563
p781,process,,42,42,31,post,odor,True,-0.057922761887311935,1.355161428451538,-1.3638238906860352
p781,process,,43,43,2,post,odor,True,0.5260538458824158,2.96596097946167,-0.7792035937309265
p781,process,,44,44,32,post,odor,True,-0.0694260522723198,1.3113312721252441,-1.3075212240219116
p781,process,,45,45,40,post,odor,True,-0.18580926954746246,1.0150095224380493,-1.32243013381958
p781,process,,46,46,1,post,odor,True,-0.15509295463562012,1.0689390897750854,-1.3370145559310913
p781,process,,47,47,0,post,odor,True,0.010006699711084366,1.4934591054916382,-1.0421857833862305
p781,process,,48,48,22,post,odor,True,0.20730003714561462,1.272170901298523,-0.8134989142417908
p781,process,,49,49,10,post,odor,True,0.10035686194896698,1.8443478345870972,-0.8398863077163696
p781,process,,50,50,1,post,odor,True,0.21737010776996613,1.485913634300232,-0.879523754119873
p781,process,,51,51,30,post,odor,True,0.7326710820198059,2.465306043624878,-0.7379891276359558
p781,process,,52,52,12,post,odor,True,0.396709680557251,2.2949559688568115,-1.0070871114730835
p781,process,,53,53,3,post,odor,True,0.6596822142601013,3.244096279144287,-0.2774437963962555
p781,process,,54,54,21,post,odor,True,4.50922966003418,8.620448112487793,-0.7472324371337891
p781,process,,55,55,22,post,odor,True,0.27608686685562134,1.5802377462387085,-0.8184327483177185
p781,process,,56,56,18,post,odor,True,0.7603091597557068,3.753774881362915,-0.8952704071998596
p781,process,,57,57,30,post,odor,True,0.879736602306366,3.860480546951294,-0.944834291934967
p781,process,,58,58,17,post,odor,True,0.38023990392684937,2.4519007205963135,-0.8603883385658264
p781,process,,59,59,39,post,odor,True,-0.058526165783405304,1.3211829662322998,-1.0864741802215576
p781,process,,60,60,39,post,odor,True,-0.1793413758277893,0.890417218208313,-1.3044532537460327
p781,process,,61,61,17,post,odor,True,0.35010895133018494,2.349236249923706,-1.0156121253967285
p781,process,,62,62,4,post,odor,True,0.25392693281173706,1.623533010482788,-0.6754550933837891
p804,process,,0,0,39,pre,odor,True,1.210504412651062,5.473330974578857,-4.098498821258545
p804,process,,1,1,17,pre,odor,True,-0.7168779969215393,4.55391263961792,-3.424990177154541
p804,process,,2,2,32,pre,odor,True,5.065168857574463,10.934906959533691,0.640487551689148
p804,process,,3,3,32,pre,odor,True,4.747337341308594,10.528386116027832,-1.1683073043823242
p804,process,,4,4,30,pre,odor,True,3.969226360321045,10.849091529846191,0.12749198079109192
p804,process,,5,5,40,pre,odor,True,2.056007146835327,7.021180629730225,-1.5489755868911743
p804,process,,6,6,3,pre,odor,True,2.652040958404541,8.350960731506348,-0.7887533903121948
p804,process,,7,7,2,pre,odor,True,2.7271504402160645,7.565712928771973,-1.629189133644104
p804,process,,8,8,1,pre,odor,True,1.349068284034729,5.281525135040283,-1.6850048303604126
p804,process,,9,9,4,pre,odor,True,2.6284542083740234,6.322945594787598,-0.8017030954360962
p804,process,,10,10,31,pre,odor,True,2.8056623935699463,7.634467601776123,-0.921423077583313
p804,process,,11,11,21,pre,odor,True,2.148467779159546,7.1546430587768555,-1.738783836364746
p804,process,,12,12,2,pre,odor,True,1.3063477277755737,5.134482383728027,-1.6897993087768555
p804,process,,13,13,39,pre,odor,True,0.5988613963127136,3.6871557235717773,-1.8053070306777954
p804,process,,14,14,1,pre,odor,True,1.2464334964752197,3.435764789581299,-1.1731085777282715
p804,process,,15,15,12,pre,odor,True,1.4345946311950684,5.132046699523926,-1.1560471057891846
p804,process,,16,16,22,pre,odor,True,1.9784128665924072,6.094714164733887,-1.3039435148239136
p804,process,,17,17,10,pre,odor,True,1.6372545957565308,5.397351264953613,-1.6798797845840454
p804,process,,18,18,17,pre,odor,True,0.7706595659255981,5.20438814163208,-1.4500670433044434
p804,process,,19,19,31,pre,odor,True,1.5094269514083862,5.7399115562438965,-1.303070306777954
p804,process,,20,20,30,pre,odor,True,1.8838272094726562,5.178142070770264,-0.8471206426620483
p804,process,,21,21,12,pre,odor,True,0.5964564085006714,3.9528918266296387,-1.0705437660217285
p804,process,,22,22,22,pre,odor,True,1.4338922500610352,5.24720573425293,-0.9297845959663391
p804,process,,23,23,4,pre,odor,True,0.4516809284687042,3.9154884815216064,-1.8632373809814453
p804,process,,24,24,0,pre,odor,True,0.49458783864974976,4.466466426849365,-2.32342791557312
p804,process,,25,25,3,pre,odor,True,1.2279123067855835,3.582444190979004,-1.7091448307037354
p804,process,,26,26,40,pre,odor,True,0.6945607662200928,4.241206645965576,-2.4126319885253906
p804,process,,27,27,10,pre,odor,True,1.4233620166778564,4.639926910400391,-1.2030000686645508
p804,process,,28,28,21,pre,odor,True,2.4760494232177734,7.303027629852295,-1.1177253723144531
p804,process,,29,29,18,pre,odor,True,0.3767189681529999,3.316319227218628,-2.045353412628174
p804,process,,30,30,18,pre,odor,True,-0.4090457260608673,2.4909815788269043,-2.3018832206726074
p804,process,,31,31,0,pre,odor,True,0.8362672328948975,4.66570520401001,-1.6602184772491455
p804,process,,32,32,12,post,odor,True,0.07288724929094315,2.316769599914551,-1.4336484670639038
p804,process,,33,33,18,post,odor,True,0.17631587386131287,2.207604169845581,-1.2858035564422607
p804,process,,34,34,40,post,odor,True,0.0570533461868763,2.8120384216308594,-1.048221230506897
p804,process,,35,35,32,post,odor,True,0.08690270781517029,2.554774284362793,-1.2506792545318604
p804,process,,36,36,31,post,odor,True,0.0788775309920311,2.582590341567993,-1.1741310358047485
p804,process,,37,37,0,post,odor,True,0.1148797944188118,1.8784812688827515,-1.0141263008117676
p804,process,,38,38,4,post,odor,True,0.08874806016683578,1.6788772344589233,-1.0238561630249023
p804,process,,39,39,2,post,odor,True,0.13333696126937866,1.777671456336975,-1.0362366437911987
p804,process,,40,40,3,post,odor,True,0.11106617003679276,1.235790491104126,-1.0273394584655762
p804,process,,41,41,21,post,odor,True,2.0128068923950195,6.0033040046691895,-0.8194765448570251
p804,process,,42,42,31,post,odor,True,-0.13648949563503265,2.179163932800293,-1.256373405456543
p804,process,,43,43,2,post,odor,True,0.15629158914089203,1.1618602275848389,-0.8399635553359985
p804,process,,44,44,32,post,odor,True,-0.0063398550264537334,3.7092788219451904,-1.1599674224853516
p804,process,,45,45,40,post,odor,True,-0.16693204641342163,1.503495693206787,-1.1388623714447021
p804,process,,46,46,1,post,odor,True,0.20059780776500702,1.934402346611023,-0.965607762336731
p804,process,,47,47,0,post,odor,True,0.027890892699360847,1.6783915758132935,-0.8674139976501465
p804,process,,48,48,22,post,odor,True,0.1137513741850853,1.830366611480713,-1.0983220338821411
p804,process,,49,49,10,post,odor,True,-0.007990345358848572,1.5804216861724854,-0.8885522484779358
p804,process,,50,50,1,post,odor,True,-0.007226007059216499,1.6999863386154175,-1.0894982814788818
p804,process,,51,51,30,post,odor,True,0.2846336364746094,1.5701974630355835,-1.033484935760498
p804,process,,52,52,12,post,odor,True,0.09778005629777908,2.9948275089263916,-0.8068819046020508
p804,process,,53,53,3,post,odor,True,0.13373367488384247,1.7632609605789185,-0.9159843325614929
p804,process,,54,54,21,post,odor,True,2.1915624141693115,5.906448841094971,-1.1489061117172241
p804,process,,55,55,22,post,odor,True,-0.0946299210190773,1.2662410736083984,-1.3311457633972168
p804,process,,56,56,18,post,odor,True,0.010509412735700607,1.6156647205352783,-1.4230132102966309
p804,process,,57,57,30,post,odor,True,0.17298118770122528,3.0135045051574707,-1.3387401103973389
p804,process,,58,58,17,post,odor,True,-0.06791238486766815,1.814551591873169,-1.8694477081298828
p804,process,,59,59,39,post,odor,True,0.17339369654655457,2.0502588748931885,-1.1278018951416016
p804,process,,60,60,39,post,odor,True,0.032095301896333694,1.5776958465576172,-1.103332757949829
p804,process,,61,61,17,post,odor,True,0.20144039392471313,2.0983169078826904,-1.201331377029419
p804,process,,62,62,4,post,odor,True,0.32655495405197144,2.2195162773132324,-0.7180205583572388
p826,process,,0,0,39,pre,odor,True,0.07577577233314514,2.2573421001434326,-3.2197439670562744
p826,process,,1,1,17,pre,odor,True,-0.7523000240325928,2.0178794860839844,-3.6322014331817627
p826,process,,2,2,32,pre,odor,True,1.0260518789291382,4.4115447998046875,-1.8518638610839844
p826,process,,3,3,32,pre,odor,True,0.804082989692688,3.728625774383545,-1.424267053604126
p826,process,,4,4,30,pre,odor,True,0.597856342792511,3.119077205657959,-1.8659180402755737
p826,process,,5,5,40,pre,odor,True,0.4014334976673126,2.8974385261535645,-2.528815507888794
p826,process,,6,6,3,pre,odor,True,0.5506566762924194,3.7565391063690186,-1.3465770483016968
p826,process,,7,7,2,pre,odor,True,0.7023471593856812,4.127948760986328,-1.9860153198242188
p826,process,,8,8,1,pre,odor,True,-0.04094015061855316,2.8540334701538086,-3.186278820037842
p826,process,,9,9,4,pre,odor,True,1.2361255884170532,5.741392135620117,-1.086057424545288
p826,process,,10,10,31,pre,odor,True,1.1961607933044434,3.4742047786712646,-1.481612205505371
p826,process,,11,11,21,pre,odor,True,0.7398290038108826,3.877291440963745,-2.012958526611328
p826,process,,12,12,2,pre,odor,True,0.23195573687553406,2.9648969173431396,-2.2305469512939453
p826,process,,13,13,39,pre,odor,True,0.22830796241760254,3.607811689376831,-2.0935723781585693
p826,process,,14,14,1,pre,odor,True,0.5179370641708374,3.4224705696105957,-1.966260552406311
p826,process,,15,15,12,pre,odor,True,0.8878374695777893,4.065755367279053,-2.086670398712158
p826,process,,16,16,22,pre,odor,True,0.8379918336868286,4.3354315757751465,-2.0909817218780518
p826,process,,17,17,10,pre,odor,True,2.137054920196533,5.082633972167969,-0.6608308553695679
p826,process,,18,18,17,pre,odor,True,0.3761581778526306,3.575857639312744,-1.6432856321334839
p826,process,,19,19,31,pre,odor,True,0.7749745845794678,3.5085699558258057,-1.3302676677703857
p826,process,,20,20,30,pre,odor,True,0.4046306908130646,3.2192726135253906,-2.200892925262451
p826,process,,21,21,12,pre,odor,True,0.32883647084236145,2.3050377368927,-2.8158106803894043
p826,process,,22,22,22,pre,odor,True,0.5137041211128235,2.8076043128967285,-2.756028890609741
p826,process,,23,23,4,pre,odor,True,0.24721279740333557,2.5741283893585205,-2.192690372467041
p826,process,,24,24,0,pre,odor,True,-0.39408642053604126,2.900545358657837,-3.5604074001312256
p826,process,,25,25,3,pre,odor,True,0.5382472276687622,2.5722274780273438,-2.064704418182373
p826,process,,26,26,40,pre,odor,True,-0.19295471906661987,2.120558261871338,-1.8662059307098389
p826,process,,27,27,10,pre,odor,True,0.6287306547164917,2.9452645778656006,-2.0307486057281494
p826,process,,28,28,21,pre,odor,True,1.2187986373901367,4.215222358703613,-1.3497880697250366
p826,process,,29,29,18,pre,odor,True,0.5887278914451599,3.1440000534057617,-1.6734956502914429
p826,process,,30,30,18,pre,odor,True,-0.25217798352241516,3.7734286785125732,-1.8868746757507324
p826,process,,31,31,0,pre,odor,True,0.3337678909301758,4.874666690826416,-2.7822530269622803
p826,process,,32,32,12,post,odor,True,0.1897152215242386,2.3392467498779297,-1.0599746704101562
p826,process,,33,33,18,post,odor,True,-0.0580553263425827,2.0764076709747314,-1.5407923460006714
p826,process,,34,34,40,post,odor,True,0.05113977566361427,2.0563888549804688,-1.4940593242645264
p826,process,,35,35,32,post,odor,True,0.24974173307418823,2.8302597999572754,-1.3319308757781982
p826,process,,36,36,31,post,odor,True,-0.19714787602424622,1.4308831691741943,-1.8534200191497803
p826,process,,37,37,0,post,odor,True,-0.2136690765619278,2.529412031173706,-1.8638731241226196
p826,process,,38,38,4,post,odor,True,0.039002858102321625,2.401404857635498,-1.6228586435317993
p826,process,,39,39,2,post,odor,True,0.09959721565246582,2.2735092639923096,-1.3853825330734253
p826,process,,40,40,3,post,odor,True,-0.2477540820837021,2.0860867500305176,-1.6623859405517578
p826,process,,41,41,21,post,odor,True,0.6874662637710571,2.653095245361328,-0.9092321991920471
p826,process,,42,42,31,post,odor,True,0.2581692636013031,2.0782277584075928,-1.198296070098877
p826,process,,43,43,2,post,odor,True,-0.06858786195516586,2.1682629585266113,-1.806854248046875
p826,process,,44,44,32,post,odor,True,-0.06608586013317108,1.3940531015396118,-1.6467221975326538
p826,process,,45,45,40,post,odor,True,-0.191016286611557,1.132503628730774,-2.1068408489227295
p826,process,,46,46,1,post,odor,True,0.23055332899093628,3.100797414779663,-1.5939627885818481
p826,process,,47,47,0,post,odor,True,-0.1629887968301773,1.711417555809021,-1.7233612537384033
p826,process,,48,48,22,post,odor,True,-0.20766723155975342,1.6859338283538818,-1.4225413799285889
p826,process,,49,49,10,post,odor,True,-0.04130474478006363,1.9048168659210205,-1.5530564785003662
p826,process,,50,50,1,post,odor,True,0.1739276647567749,3.5186188220977783,-1.5527873039245605
p826,process,,51,51,30,post,odor,True,0.4952715337276459,2.5789971351623535,-1.1749789714813232
p826,process,,52,52,12,post,odor,True,0.21313072741031647,2.112276554107666,-1.0291080474853516
p826,process,,53,53,3,post,odor,True,-0.21361501514911652,2.417191982269287,-1.5760515928268433
p826,process,,54,54,21,post,odor,True,0.7825578451156616,3.171679735183716,-1.3081982135772705
p826,process,,55,55,22,post,odor,True,0.03901095315814018,2.0014023780822754,-1.5706582069396973
p826,process,,56,56,18,post,odor,True,0.018087858334183693,1.8177058696746826,-1.2831501960754395
p826,process,,57,57,30,post,odor,True,0.26698124408721924,2.262925148010254,-1.435289740562439
p826,process,,58,58,17,post,odor,True,0.5417198538780212,3.4706363677978516,-1.1012108325958252
p826,process,,59,59,39,post,odor,True,0.17160336673259735,2.5063998699188232,-1.4302958250045776
p826,process,,60,60,39,post,odor,True,-0.051897257566452026,1.7251715660095215,-1.4876487255096436
p826,process,,61,61,17,post,odor,True,0.21279345452785492,1.9041887521743774,-0.9541135430335999
p826,process,,62,62,4,post,odor,True,0.09631169587373734,1.8349778652191162,-1.1647244691848755
p848,process,,0,0,39,pre,odor,True,-0.37794801592826843,3.9879446029663086,-3.468489170074463
p848,process,,1,1,17,pre,odor,True,0.7220512628555298,4.324422836303711,-3.1853175163269043
p848,process,,2,2,32,pre,odor,True,3.74389386177063,12.723134994506836,-0.1959582269191742
p848,process,,3,3,32,pre,odor,True,4.321103096008301,10.54609203338623,-0.6986393332481384
p848,process,,4,4,30,pre,odor,True,3.73459792137146,7.515058994293213,-1.2226746082305908
p848,process,,5,5,40,pre,odor,True,0.9048582911491394,7.829134941101074,-1.956089973449707
p848,process,,6,6,3,pre,odor,True,1.1831284761428833,8.656980514526367,-1.857429027557373
p848,process,,7,7,2,pre,odor,True,0.5139913558959961,3.357348680496216,-2.462977170944214
p848,process,,8,8,1,pre,odor,True,0.8092969059944153,7.136533260345459,-2.0301058292388916
p848,process,,9,9,4,pre,odor,True,1.666023850440979,6.705893039703369,-1.9718660116195679
p848,process,,10,10,31,pre,odor,True,2.0485098361968994,8.050063133239746,-1.1359483003616333
p848,process,,11,11,21,pre,odor,True,0.9554362893104553,7.955339431762695,-2.0577611923217773
p848,process,,12,12,2,pre,odor,True,1.0449821949005127,8.905502319335938,-2.0876524448394775
p848,process,,13,13,39,pre,odor,True,2.3758339881896973,8.037782669067383,-1.2437210083007812
p848,process,,14,14,1,pre,odor,True,2.0279641151428223,7.50338077545166,-2.2033591270446777
p848,process,,15,15,12,pre,odor,True,1.9828927516937256,8.06556224822998,-1.4847412109375
p848,process,,16,16,22,pre,odor,True,3.0886175632476807,13.800512313842773,-1.8805681467056274
p848,process,,17,17,10,pre,odor,True,4.27072286605835,10.729105949401855,-1.8380157947540283
p848,process,,18,18,17,pre,odor,True,1.438308596611023,5.776167869567871,-2.1836555004119873
p848,process,,19,19,31,pre,odor,True,1.889989972114563,6.013613700866699,-0.9660300612449646
p848,process,,20,20,30,pre,odor,True,0.5660883784294128,3.202791452407837,-1.5255285501480103
p848,process,,21,21,12,pre,odor,True,-0.17051264643669128,2.226289987564087,-2.4916110038757324
p848,process,,22,22,22,pre,odor,True,0.9531381130218506,4.51597261428833,-1.284924864768982
p848,process,,23,23,4,pre,odor,True,-0.040214601904153824,2.984163522720337,-2.1050565242767334
p848,process,,24,24,0,pre,odor,True,-0.11736822128295898,3.05155611038208,-2.711005687713623
p848,process,,25,25,3,pre,odor,True,-0.25657781958580017,3.0549912452697754,-2.1138429641723633
p848,process,,26,26,40,pre,odor,True,-0.2843921482563019,1.6875920295715332,-1.7846623659133911
p848,process,,27,27,10,pre,odor,True,-0.04011227563023567,2.111842393875122,-2.2378218173980713
p848,process,,28,28,21,pre,odor,True,0.3909589648246765,3.914792776107788,-1.8964122533798218
p848,process,,29,29,18,pre,odor,True,0.1938357949256897,1.9455463886260986,-1.0580899715423584
p848,process,,30,30,18,pre,odor,True,-0.36347898840904236,1.7996156215667725,-1.2837979793548584
p848,process,,31,31,0,pre,odor,True,-0.008551203645765781,3.0868849754333496,-1.8365776538848877
p848,process,,32,32,12,post,odor,True,-0.15028886497020721,1.4589427709579468,-1.070530652999878
p848,process,,33,33,18,post,odor,True,-0.05367877706885338,1.4124622344970703,-1.0159269571304321
p848,process,,34,34,40,post,odor,True,0.08826616406440735,1.3246783018112183,-0.9043877124786377
p848,process,,35,35,32,post,odor,True,0.025022398680448532,2.2535908222198486,-0.8965000510215759
p848,process,,36,36,31,post,odor,True,0.041288912296295166,1.345328688621521,-0.9494462609291077
p848,process,,37,37,0,post,odor,True,0.24939973652362823,1.7995978593826294,-0.8463701605796814
p848,process,,38,38,4,post,odor,True,0.01209739688783884,1.1528987884521484,-0.8088163137435913
p848,process,,39,39,2,post,odor,True,0.030886542052030563,1.1300023794174194,-0.9839620590209961
p848,process,,40,40,3,post,odor,True,-0.12626691162586212,1.2462371587753296,-1.2155565023422241
p848,process,,41,41,21,post,odor,True,0.10217676311731339,1.334908366203308,-0.9329384565353394
p848,process,,42,42,31,post,odor,True,0.08240871131420135,1.5459437370300293,-0.9962541460990906
p848,process,,43,43,2,post,odor,True,0.045468542724847794,1.7431774139404297,-0.8608109951019287
p848,process,,44,44,32,post,odor,True,-0.018514031544327736,1.3922266960144043,-0.9217316508293152
p848,process,,45,45,40,post,odor,True,-0.34123659133911133,0.9204751253128052,-1.1235283613204956
p848,process,,46,46,1,post,odor,True,0.03731296584010124,1.7647799253463745,-0.9237404465675354
p848,process,,47,47,0,post,odor,True,0.17329032719135284,2.089357852935791,-0.9832025766372681
p848,process,,48,48,22,post,odor,True,0.03951890766620636,1.5754483938217163,-1.0302730798721313
p848,process,,49,49,10,post,odor,True,-0.10118362307548523,1.8926188945770264,-0.9554041028022766
p848,process,,50,50,1,post,odor,True,0.10646066814661026,1.3498135805130005,-0.9627217054367065
p848,process,,51,51,30,post,odor,True,0.1482284963130951,1.4830304384231567,-0.9857156276702881
p848,process,,52,52,12,post,odor,True,0.0031794975511729717,1.7675597667694092,-0.913910448551178
p848,process,,53,53,3,post,odor,True,-0.30796924233436584,1.0589542388916016,-1.1448675394058228
p848,process,,54,54,21,post,odor,True,0.05103851109743118,1.6664501428604126,-0.9502596855163574
p848,process,,55,55,22,post,odor,True,0.014003152959048748,1.4371938705444336,-0.9282513856887817
p848,process,,56,56,18,post,odor,True,-0.054205555468797684,1.1200116872787476,-1.0703924894332886
p848,process,,57,57,30,post,odor,True,0.10626928508281708,1.529464602470398,-0.9116528034210205
p848,process,,58,58,17,post,odor,True,-0.022280195727944374,1.2735801935195923,-1.0915426015853882
p848,process,,59,59,39,post,odor,True,0.0466766357421875,1.461684226989746,-1.1601144075393677
p848,process,,60,60,39,post,odor,True,0.08945152908563614,1.318149447441101,-0.6845506429672241
p848,process,,61,61,17,post,odor,True,0.12384431809186935,1.9528857469558716,-0.869359016418457
p848,process,,62,62,4,post,odor,True,-0.07062406837940216,1.9940775632858276,-0.9499026536941528
p871,process,,0,0,39,pre,odor,True,0.6166738271713257,4.880720138549805,-2.5441832542419434
p871,process,,1,1,17,pre,odor,True,-1.0779273509979248,1.365681529045105,-3.920271635055542
p871,process,,2,2,32,pre,odor,True,1.8890838623046875,6.087871551513672,-0.6288362145423889
p871,process,,3,3,32,pre,odor,True,2.3356740474700928,4.560208320617676,-2.5437510013580322
p871,process,,4,4,30,pre,odor,True,2.646632432937622,5.911374092102051,-0.3376288115978241
p871,process,,5,5,40,pre,odor,True,1.4253153800964355,6.793594837188721,-2.5929794311523438
p871,process,,6,6,3,pre,odor,True,2.9286744594573975,7.033295631408691,-1.996819019317627
p871,process,,7,7,2,pre,odor,True,3.407057285308838,6.817934513092041,-2.521888017654419
p871,process,,8,8,1,pre,odor,True,1.9450509548187256,5.640533447265625,-1.5985265970230103
p871,process,,9,9,4,pre,odor,True,2.948960542678833,7.573011875152588,-2.0781238079071045
p871,process,,10,10,31,pre,odor,True,2.0070621967315674,5.083526611328125,-1.145715594291687
p871,process,,11,11,21,pre,odor,True,0.6243354082107544,4.709770679473877,-3.2495219707489014
p871,process,,12,12,2,pre,odor,True,2.2668519020080566,6.249505519866943,-1.4107316732406616
p871,process,,13,13,39,pre,odor,True,1.8792458772659302,4.917916774749756,-1.5319905281066895
p871,process,,14,14,1,pre,odor,True,1.8437449932098389,4.982956886291504,-2.0581419467926025
p871,process,,15,15,12,pre,odor,True,2.187681198120117,5.795517444610596,-1.6224825382232666
p871,process,,16,16,22,pre,odor,True,2.072309970855713,8.242218017578125,-1.0960514545440674
p871,process,,17,17,10,pre,odor,True,2.1366941928863525,6.0236310958862305,-2.6813151836395264
p871,process,,18,18,17,pre,odor,True,-0.07345183193683624,2.598081588745117,-3.4082584381103516
p871,process,,19,19,31,pre,odor,True,1.6079678535461426,4.07785177230835,-1.5161484479904175
p871,process,,20,20,30,pre,odor,True,1.4872435331344604,3.9993155002593994,-0.9116079807281494
p871,process,,21,21,12,pre,odor,True,0.6324512958526611,4.014063835144043,-2.4806783199310303
p871,process,,22,22,22,pre,odor,True,1.0527985095977783,3.691230058670044,-1.8343932628631592
p871,process,,23,23,4,pre,odor,True,1.234487771987915,5.138845920562744,-2.5052971839904785
p871,process,,24,24,0,pre,odor,True,-0.6179934144020081,4.654840469360352,-3.9608945846557617
p871,process,,25,25,3,pre,odor,True,1.4930529594421387,5.21422004699707,-2.336303949356079
p871,process,,26,26,40,pre,odor,True,0.5475804805755615,4.7351884841918945,-2.8375072479248047
p871,process,,27,27,10,pre,odor,True,2.0462331771850586,5.844031810760498,-1.7616196870803833
p871,process,,28,28,21,pre,odor,True,0.15144169330596924,3.5668253898620605,-3.921041488647461
p871,process,,29,29,18,pre,odor,True,0.8510689735412598,3.446228504180908,-0.979584276676178
p871,process,,30,30,18,pre,odor,True,-0.7598943710327148,0.8028941750526428,-2.068371295928955
p871,process,,31,31,0,pre,odor,True,0.9071435928344727,5.088991641998291,-2.343876361846924
p871,process,,32,32,12,post,odor,True,0.052342429757118225,1.3272786140441895,-1.1522871255874634
p871,process,,33,33,18,post,odor,True,0.3713248670101166,1.9201003313064575,-1.0519537925720215
p871,process,,34,34,40,post,odor,True,-0.13037937879562378,0.9945652484893799,-1.397330403327942
p871,process,,35,35,32,post,odor,True,-0.2034785896539688,0.8930503129959106,-1.4919390678405762
p871,process,,36,36,31,post,odor,True,-0.08130735158920288,0.8396100401878357,-1.0036038160324097
p871,process,,37,37,0,post,odor,True,0.06934862583875656,1.263700008392334,-1.1797759532928467
p871,process,,38,38,4,post,odor,True,-0.05641069635748863,1.2663319110870361,-1.0565237998962402
p871,process,,39,39,2,post,odor,True,0.15932923555374146,1.3077423572540283,-1.3198589086532593
p871,process,,40,40,3,post,odor,True,0.19356460869312286,2.0525596141815186,-1.0878889560699463
p871,process,,41,41,21,post,odor,True,0.5462501049041748,2.33294415473938,-0.8571717739105225
p871,process,,42,42,31,post,odor,True,-0.17864370346069336,1.0977810621261597,-1.2233426570892334
p871,process,,43,43,2,post,odor,True,0.11676070094108582,1.6206034421920776,-0.9771057367324829
p871,process,,44,44,32,post,odor,True,0.05280861258506775,1.1111676692962646,-1.0127700567245483
p871,process,,45,45,40,post,odor,True,-0.10494180023670197,1.3488918542861938,-1.1162561178207397
p871,process,,46,46,1,post,odor,True,0.10624106973409653,1.2568327188491821,-0.8444435000419617
p871,process,,47,47,0,post,odor,True,0.06648929417133331,1.1695481538772583,-1.074934720993042
p871,process,,48,48,22,post,odor,True,0.221587672829628,2.0774924755096436,-0.6938076019287109
p871,process,,49,49,10,post,odor,True,-0.30652257800102234,0.705231785774231,-1.068881869316101
p871,process,,50,50,1,post,odor,True,0.025611281394958496,1.438973307609558,-1.178805947303772
p871,process,,51,51,30,post,odor,True,0.2306625097990036,1.899204969406128,-1.034224271774292
p871,process,,52,52,12,post,odor,True,-0.11522024124860764,1.080053687095642,-1.1184182167053223
p871,process,,53,53,3,post,odor,True,-0.1351412832736969,1.2328077554702759,-1.3466593027114868
p871,process,,54,54,21,post,odor,True,0.6869078278541565,2.713646411895752,-0.43234649300575256
p871,process,,55,55,22,post,odor,True,-0.020755309611558914,1.1310451030731201,-1.1425580978393555
p871,process,,56,56,18,post,odor,True,-0.026005515828728676,1.4580851793289185,-0.9781548380851746
p871,process,,57,57,30,post,odor,True,0.051646891981363297,0.8707785606384277,-1.2661296129226685
p871,process,,58,58,17,post,odor,True,0.029827388003468513,1.5942342281341553,-1.0441136360168457
p871,process,,59,59,39,post,odor,True,-0.010940170846879482,1.6070727109909058,-1.0167123079299927
p871,process,,60,60,39,post,odor,True,-0.00035931315505877137,1.6115251779556274,-1.3593974113464355
p871,process,,61,61,17,post,odor,True,0.2823428809642792,1.9354321956634521,-0.6089670062065125
p871,process,,62,62,4,post,odor,True,0.006597509607672691,1.141083002090454,-1.0330225229263306
p893,process,,0,0,39,pre,odor,True,-0.5283677577972412,4.2490363121032715,-4.675049304962158
p893,process,,1,1,17,pre,odor,True,-1.726145625114441,3.2242746353149414,-4.893905162811279
p893,process,,2,2,32,pre,odor,True,2.209714651107788,6.109530925750732,-1.193847417831421
p893,process,,3,3,32,pre,odor,True,2.5528571605682373,6.919632911682129,-1.2880713939666748
p893,process,,4,4,30,pre,odor,True,0.9890329837799072,4.359353065490723,-2.463927984237671
p893,process,,5,5,40,pre,odor,True,0.14459848403930664,9.109163284301758,-3.7471039295196533
p893,process,,6,6,3,pre,odor,True,1.0651624202728271,6.4637532234191895,-1.4087426662445068
p893,process,,7,7,2,pre,odor,True,1.7400869131088257,4.183770179748535,-2.2792680263519287
p893,process,,8,8,1,pre,odor,True,0.42150765657424927,3.6775364875793457,-2.8608813285827637
p893,process,,9,9,4,pre,odor,True,-0.44705116748809814,2.21209454536438,-2.735841751098633
p893,process,,10,10,31,pre,odor,True,0.03291571885347366,2.617406129837036,-2.1301238536834717
p893,process,,11,11,21,pre,odor,True,0.6879953742027283,4.64359188079834,-1.715735673904419
p893,process,,12,12,2,pre,odor,True,1.585497260093689,6.207907676696777,-1.8640687465667725
p893,process,,13,13,39,pre,odor,True,0.3445294201374054,4.026230812072754,-3.508575677871704
p893,process,,14,14,1,pre,odor,True,-0.01967563107609749,3.5415117740631104,-3.2484545707702637
p893,process,,15,15,12,pre,odor,True,0.2770695984363556,3.9060745239257812,-2.2537763118743896
p893,process,,16,16,22,pre,odor,True,0.7350499033927917,3.4681129455566406,-1.6685571670532227
p893,process,,17,17,10,pre,odor,True,-0.3571062386035919,2.5678868293762207,-2.8093910217285156
p893,process,,18,18,17,pre,odor,True,-0.09618842601776123,1.965628981590271,-3.0903780460357666
p893,process,,19,19,31,pre,odor,True,-0.5064269304275513,3.172192335128784,-1.949975848197937
p893,process,,20,20,30,pre,odor,True,-0.04232585057616234,2.794440507888794,-3.5225791931152344
p893,process,,21,21,12,pre,odor,True,0.0909467563033104,2.9161694049835205,-2.052870035171509
p893,process,,22,22,22,pre,odor,True,0.7793536186218262,5.036140441894531,-1.8357689380645752
p893,process,,23,23,4,pre,odor,True,0.043341848999261856,2.085258960723877,-2.381209373474121
p893,process,,24,24,0,pre,odor,True,0.003081777598708868,3.6116092205047607,-2.5890908241271973
p893,process,,25,25,3,pre,odor,True,-0.6505422592163086,2.628889560699463,-2.902846336364746
p893,process,,26,26,40,pre,odor,True,-0.24532723426818848,1.6025201082229614,-2.5749645233154297
p893,process,,27,27,10,pre,odor,True,0.8276739716529846,4.244010925292969,-0.9874916672706604
p893,process,,28,28,21,pre,odor,True,-0.2667710781097412,3.8438327312469482,-4.286188125610352
p893,process,,29,29,18,pre,odor,True,-0.18006055057048798,2.982558250427246,-2.45686411857605
p893,process,,30,30,18,pre,odor,True,-0.533677339553833,2.1549794673919678,-2.1941144466400146
p893,process,,31,31,0,pre,odor,True,0.6308857798576355,3.558168888092041,-2.2581489086151123
p893,process,,32,32,12,post,odor,True,0.1486378163099289,1.2389650344848633,-1.1471515893936157
p893,process,,33,33,18,post,odor,True,0.22255703806877136,2.054948091506958,-1.0782523155212402
p893,process,,34,34,40,post,odor,True,0.03449229896068573,1.3733466863632202,-0.976640522480011
p893,process,,35,35,32,post,odor,True,-0.09649281203746796,1.4435592889785767,-1.0674694776535034
p893,process,,36,36,31,post,odor,True,0.24732279777526855,2.39933180809021,-1.1609326601028442
p893,process,,37,37,0,post,odor,True,0.20046690106391907,1.7375593185424805,-0.8897481560707092
p893,process,,38,38,4,post,odor,True,-0.10041393339633942,1.8717539310455322,-1.6739035844802856
p893,process,,39,39,2,post,odor,True,-0.01924755796790123,2.0611379146575928,-1.180566430091858
p893,process,,40,40,3,post,odor,True,-0.05000916123390198,1.7797895669937134,-1.180163025856018
p893,process,,41,41,21,post,odor,True,0.900342583656311,2.2190310955047607,-0.6105136275291443
p893,process,,42,42,31,post,odor,True,-0.13981987535953522,1.6200511455535889,-1.4278408288955688
p893,process,,43,43,2,post,odor,True,-0.12698276340961456,1.889960765838623,-1.4441213607788086
p893,process,,44,44,32,post,odor,True,-0.050171077251434326,1.2312476634979248,-1.106589913368225
p893,process,,45,45,40,post,odor,True,0.08711965382099152,1.6950294971466064,-1.1570144891738892
p893,process,,46,46,1,post,odor,True,0.19949987530708313,2.0665829181671143,-1.0441759824752808
p893,process,,47,47,0,post,odor,True,0.02173539251089096,1.4993757009506226,-1.3479970693588257
p893,process,,48,48,22,post,odor,True,0.015390561893582344,2.4099409580230713,-1.2473524808883667
p893,process,,49,49,10,post,odor,True,0.1922917366027832,2.3860762119293213,-1.1653223037719727
p893,process,,50,50,1,post,odor,True,-0.030853021889925003,1.5390667915344238,-1.2459908723831177
p893,process,,51,51,30,post,odor,True,0.10579165071249008,1.6280090808868408,-1.1286486387252808
p893,process,,52,52,12,post,odor,True,0.08624330908060074,1.9067813158035278,-1.5883020162582397
p893,process,,53,53,3,post,odor,True,-0.17813263833522797,0.983995258808136,-1.6297178268432617
p893,process,,54,54,21,post,odor,True,0.5752543210983276,3.06494140625,-1.8317707777023315
p893,process,,55,55,22,post,odor,True,0.005903353914618492,1.5764976739883423,-2.1741366386413574
p893,process,,56,56,18,post,odor,True,0.3196263313293457,2.753727674484253,-1.1534758806228638
p893,process,,57,57,30,post,odor,True,0.05681922286748886,2.3878390789031982,-1.4366533756256104
p893,process,,58,58,17,post,odor,True,-0.09947200119495392,1.5321910381317139,-1.4005831480026245
p893,process,,59,59,39,post,odor,True,-0.12605617940425873,1.3315906524658203,-1.2273119688034058
p893,process,,60,60,39,post,odor,True,0.04219499230384827,1.4484671354293823,-1.00641667842865
p893,process,,61,61,17,post,odor,True,-0.0908292606472969,0.9790604114532471,-1.173496961593628
p893,process,,62,62,4,post,odor,True,-0.08834123611450195,0.8446754813194275,-1.230071783065796
p915,process,,0,0,39,pre,odor,True,-0.09197039902210236,4.271440029144287,-2.598871946334839
p915,process,,1,1,17,pre,odor,True,0.06297048181295395,3.72198748588562,-2.1262784004211426
p915,process,,2,2,32,pre,odor,True,2.4417126178741455,7.373754024505615,-0.9814557433128357
p915,process,,3,3,32,pre,odor,True,3.290747880935669,8.526338577270508,-2.361273765563965
p915,process,,4,4,30,pre,odor,True,1.427960753440857,5.844661235809326,-1.6364716291427612
p915,process,,5,5,40,pre,odor,True,-0.20234791934490204,2.543381690979004,-3.392462968826294
p915,process,,6,6,3,pre,odor,True,0.7306841611862183,4.331865310668945,-2.1767334938049316
p915,process,,7,7,2,pre,odor,True,1.856846809387207,5.476200580596924,-0.7634268999099731
p915,process,,8,8,1,pre,odor,True,0.2759858965873718,3.0538504123687744,-2.8928394317626953
p915,process,,9,9,4,pre,odor,True,0.9343864321708679,3.8386635780334473,-2.6441147327423096
p915,process,,10,10,31,pre,odor,True,2.2886784076690674,7.614016532897949,-0.9655982851982117
p915,process,,11,11,21,pre,odor,True,0.9476178288459778,4.964749336242676,-1.7769135236740112
p915,process,,12,12,2,pre,odor,True,0.9212558269500732,4.335587024688721,-1.7333552837371826
p915,process,,13,13,39,pre,odor,True,-0.43849658966064453,2.4232873916625977,-3.6147470474243164
p915,process,,14,14,1,pre,odor,True,0.3376031219959259,3.2377076148986816,-2.208320140838623
p915,process,,15,15,12,pre,odor,True,-0.06227889284491539,2.7478041648864746,-3.171576976776123
p915,process,,16,16,22,pre,odor,True,1.8382914066314697,5.667740821838379,-1.3061388731002808
p915,process,,17,17,10,pre,odor,True,0.8885898590087891,3.7170495986938477,-1.5383460521697998
p915,process,,18,18,17,pre,odor,True,-0.6758747696876526,3.189221143722534,-2.621441602706909
p915,process,,19,19,31,pre,odor,True,0.8834009170532227,3.890380620956421,-2.169478416442871
p915,process,,20,20,30,pre,odor,True,0.40567338466644287,3.957152843475342,-1.9842991828918457
p915,process,,21,21,12,pre,odor,True,0.07815486937761307,1.8811254501342773,-1.535451054573059
p915,process,,22,22,22,pre,odor,True,1.7119117975234985,5.3717570304870605,-1.1167012453079224
p915,process,,23,23,4,pre,odor,True,-0.013051552698016167,3.6712825298309326,-2.0764660835266113
p915,process,,24,24,0,pre,odor,True,-0.3867279887199402,3.2551214694976807,-3.3846473693847656
p915,process,,25,25,3,pre,odor,True,-1.1468173265457153,1.393174648284912,-3.7860469818115234
p915,process,,26,26,40,pre,odor,True,-0.5471296310424805,2.898088216781616,-2.4405605792999268
p915,process,,27,27,10,pre,odor,True,0.0006663243402726948,2.1782772541046143,-2.7249653339385986
p915,process,,28,28,21,pre,odor,True,0.17510385811328888,2.6893625259399414,-2.2992701530456543
p915,process,,29,29,18,pre,odor,True,-0.1863655000925064,3.243518590927124,-2.1780447959899902
p915,process,,30,30,18,pre,odor,True,-0.14856423437595367,2.70257830619812,-2.0515730381011963
p915,process,,31,31,0,pre,odor,True,0.7348420023918152,3.446958303451538,-1.9979522228240967
p915,process,,32,32,12,post,odor,True,0.17473003268241882,2.280627727508545,-1.2393732070922852
p915,process,,33,33,18,post,odor,True,0.31278085708618164,2.2008426189422607,-0.7786433100700378
p915,process,,34,34,40,post,odor,True,0.0334026999771595,2.0850696563720703,-1.3289601802825928
p915,process,,35,35,32,post,odor,True,-0.10026303678750992,2.041292428970337,-1.3913118839263916
p915,process,,36,36,31,post,odor,True,-0.033872608095407486,1.5685839653015137,-1.5610370635986328
p915,process,,37,37,0,post,odor,True,0.016295412555336952,2.8684957027435303,-1.2739399671554565
p915,process,,38,38,4,post,odor,True,-0.1027824804186821,1.4923951625823975,-1.3815945386886597
p915,process,,39,39,2,post,odor,True,0.160460963845253,2.155283212661743,-1.320026159286499
p915,process,,40,40,3,post,odor,True,0.1530902087688446,1.9908874034881592,-1.5468616485595703
p915,process,,41,41,21,post,odor,True,0.505270779132843,2.8864870071411133,-1.4716678857803345
p915,process,,42,42,31,post,odor,True,0.34428802132606506,2.3981406688690186,-1.1766960620880127
p915,process,,43,43,2,post,odor,True,0.10738660395145416,1.5304323434829712,-1.3119107484817505
p915,process,,44,44,32,post,odor,True,-0.059943389147520065,2.018246650695801,-1.390324354171753
p915,process,,45,45,40,post,odor,True,-0.11807861179113388,1.7751375436782837,-1.8147101402282715
p915,process,,46,46,1,post,odor,True,0.15589706599712372,2.230090379714966,-1.0834616422653198
p915,process,,47,47,0,post,odor,True,0.09697801619768143,1.7965257167816162,-1.3828402757644653
p915,process,,48,48,22,post,odor,True,-0.09221863001585007,1.7108980417251587,-1.4293928146362305
p915,process,,49,49,10,post,odor,True,-0.029679642990231514,1.3780276775360107,-1.8049466609954834
p915,process,,50,50,1,post,odor,True,-0.13747455179691315,1.362641453742981,-1.5585170984268188
p915,process,,51,51,30,post,odor,True,0.005495788995176554,1.6148135662078857,-1.6209287643432617
p915,process,,52,52,12,post,odor,True,0.3689558804035187,2.583313465118408,-1.859153389930725
p915,process,,53,53,3,post,odor,True,0.2650706470012665,2.2543299198150635,-1.4051874876022339
p915,process,,54,54,21,post,odor,True,0.9796939492225647,4.332147121429443,-1.0805033445358276
p915,process,,55,55,22,post,odor,True,0.23343870043754578,2.260453462600708,-1.4235173463821411
p915,process,,56,56,18,post,odor,True,-0.33980414271354675,2.9626545906066895,-1.4097601175308228
p915,process,,57,57,30,post,odor,True,-0.2607997953891754,2.9687612056732178,-1.97113835811615
p915,process,,58,58,17,post,odor,True,0.2858963906764984,2.2734498977661133,-1.719490647315979
p915,process,,59,59,39,post,odor,True,0.09448418021202087,3.2257137298583984,-1.8725707530975342
p915,process,,60,60,39,post,odor,True,-0.08868502825498581,2.274409770965576,-2.173405885696411
p915,process,,61,61,17,post,odor,True,-0.3990090489387512,2.37551212310791,-1.5355732440948486
p915,process,,62,62,4,post,odor,True,0.4910796284675598,3.783273220062256,-2.0116171836853027
p937,process,,0,0,39,pre,odor,True,0.0024880794808268547,3.7348079681396484,-2.686171293258667
p937,process,,1,1,17,pre,odor,True,0.053637996315956116,3.46182918548584,-2.252208948135376
p937,process,,2,2,32,pre,odor,True,2.0399279594421387,5.727542400360107,-1.8636815547943115
p937,process,,3,3,32,pre,odor,True,2.312192916870117,6.449718952178955,-2.6671648025512695
p937,process,,4,4,30,pre,odor,True,1.3033301830291748,4.342190742492676,-1.3473268747329712
p937,process,,5,5,40,pre,odor,True,1.0713683366775513,4.703437328338623,-2.2176096439361572
p937,process,,6,6,3,pre,odor,True,1.9268664121627808,5.392644882202148,-0.9266689419746399
p937,process,,7,7,2,pre,odor,True,1.9350802898406982,5.622401714324951,-1.840082049369812
p937,process,,8,8,1,pre,odor,True,0.7460792064666748,3.8776979446411133,-1.902579665184021
p937,process,,9,9,4,pre,odor,True,2.3585093021392822,5.548950672149658,-0.5462218523025513
p937,process,,10,10,31,pre,odor,True,2.9711499214172363,8.093570709228516,-0.9743268489837646
p937,process,,11,11,21,pre,odor,True,0.4000566601753235,2.8790340423583984,-2.5881705284118652
p937,process,,12,12,2,pre,odor,True,0.8237428069114685,3.9214322566986084,-1.8240357637405396
p937,process,,13,13,39,pre,odor,True,0.32728898525238037,4.038370132446289,-2.4594767093658447
p937,process,,14,14,1,pre,odor,True,0.6135397553443909,5.516869068145752,-2.960235595703125
p937,process,,15,15,12,pre,odor,True,0.9284156560897827,4.032057762145996,-1.8522708415985107
p937,process,,16,16,22,pre,odor,True,1.7266833782196045,7.1665239334106445,-2.6604182720184326
p937,process,,17,17,10,pre,odor,True,1.9466570615768433,6.121772766113281,-1.7224441766738892
p937,process,,18,18,17,pre,odor,True,0.0010223847348242998,4.130350589752197,-2.9411096572875977
p937,process,,19,19,31,pre,odor,True,2.4244470596313477,6.350200653076172,-1.1613166332244873
p937,process,,20,20,30,pre,odor,True,-0.5944239497184753,2.087136745452881,-2.7844464778900146
p937,process,,21,21,12,pre,odor,True,-0.5299625396728516,3.2162835597991943,-3.005094051361084
p937,process,,22,22,22,pre,odor,True,0.17410078644752502,3.227545976638794,-2.872267723083496
p937,process,,23,23,4,pre,odor,True,-0.23404398560523987,1.9500058889389038,-1.979944109916687
p937,process,,24,24,0,pre,odor,True,0.3477466404438019,3.3735902309417725,-2.566253662109375
p937,process,,25,25,3,pre,odor,True,-0.008372005075216293,2.6899070739746094,-2.7432141304016113
p937,process,,26,26,40,pre,odor,True,-0.31508490443229675,3.855907917022705,-3.788142681121826
p937,process,,27,27,10,pre,odor,True,0.3868136703968048,3.059291124343872,-2.5599911212921143
p937,process,,28,28,21,pre,odor,True,0.08539474010467529,3.677112102508545,-2.513211965560913
p937,process,,29,29,18,pre,odor,True,0.39232927560806274,2.5279266834259033,-1.369001030921936
p937,process,,30,30,18,pre,odor,True,-1.6829020977020264,0.3364776074886322,-3.3992371559143066
p937,process,,31,31,0,pre,odor,True,0.5059774518013,5.670084476470947,-2.305462121963501
p937,process,,32,32,12,post,odor,True,0.20972459018230438,1.5603173971176147,-0.9280950427055359
p937,process,,33,33,18,post,odor,True,0.3370712995529175,3.0826051235198975,-1.0012061595916748
p937,process,,34,34,40,post,odor,True,-0.017871033400297165,2.061274766921997,-1.3716691732406616
p937,process,,35,35,32,post,odor,True,0.01248570904135704,1.3269375562667847,-0.9872095584869385
p937,process,,36,36,31,post,odor,True,0.18542899191379547,1.5988496541976929,-0.8704610466957092
p937,process,,37,37,0,post,odor,True,0.007984025403857231,1.236523151397705,-1.215279221534729
p937,process,,38,38,4,post,odor,True,0.12330528348684311,2.2213258743286133,-1.1202847957611084
p937,process,,39,39,2,post,odor,True,-0.0004849961260333657,1.6420375108718872,-1.2174713611602783
p937,process,,40,40,3,post,odor,True,0.09602861851453781,2.2586607933044434,-1.0898628234863281
p937,process,,41,41,21,post,odor,True,0.44840431213378906,2.142240047454834,-1.1859135627746582
p937,process,,42,42,31,post,odor,True,0.05836906284093857,2.5513150691986084,-1.2904576063156128
p937,process,,43,43,2,post,odor,True,-0.14203251898288727,1.9191406965255737,-1.3039308786392212
p937,process,,44,44,32,post,odor,True,0.007762821391224861,1.7186694145202637,-1.2084254026412964
p937,process,,45,45,40,post,odor,True,0.10908419638872147,1.2398182153701782,-1.5661262273788452
p937,process,,46,46,1,post,odor,True,-0.03612509369850159,1.2737725973129272,-1.2799807786941528
p937,process,,47,47,0,post,odor,True,0.12647727131843567,1.478472352027893,-1.4927480220794678
p937,process,,48,48,22,post,odor,True,-0.043599482625722885,1.0649030208587646,-1.154967188835144
p937,process,,49,49,10,post,odor,True,0.08500324189662933,1.292218804359436,-1.332651138305664
p937,process,,50,50,1,post,odor,True,-0.0029945876449346542,1.5697556734085083,-1.5591328144073486
p937,process,,51,51,30,post,odor,True,-0.05900561809539795,1.7352720499038696,-1.2095879316329956
p937,process,,52,52,12,post,odor,True,0.12303577363491058,2.139812707901001,-1.4335352182388306
p937,process,,53,53,3,post,odor,True,0.10093479603528976,1.8565702438354492,-1.4653997421264648
p937,process,,54,54,21,post,odor,True,0.3970355987548828,1.830422043800354,-0.8438992500305176
p937,process,,55,55,22,post,odor,True,0.1459268182516098,1.7226203680038452,-1.6555211544036865
p937,process,,56,56,18,post,odor,True,-0.1627340316772461,1.668177604675293,-1.2796638011932373
p937,process,,57,57,30,post,odor,True,0.1389557421207428,2.0709431171417236,-1.5706291198730469
p937,process,,58,58,17,post,odor,True,0.1375802755355835,2.062856912612915,-1.2769620418548584
p937,process,,59,59,39,post,odor,True,0.3014484643936157,1.982280969619751,-1.0362440347671509
p937,process,,60,60,39,post,odor,True,-0.03449346870183945,1.7662690877914429,-1.3051587343215942
p937,process,,61,61,17,post,odor,True,0.36250680685043335,2.6723804473876953,-1.5999308824539185
p937,process,,62,62,4,post,odor,True,-0.009498493745923042,1.871148943901062,-1.2396942377090454
p960,process,,0,0,39,pre,odor,True,-0.29747799038887024,3.3820981979370117,-2.392442226409912
p960,process,,1,1,17,pre,odor,True,-0.4129723310470581,5.157562732696533,-3.4915215969085693
p960,process,,2,2,32,pre,odor,True,3.6897761821746826,8.004897117614746,-0.1774505078792572
p960,process,,3,3,32,pre,odor,True,4.853734970092773,9.03551197052002,-0.9356618523597717
p960,process,,4,4,30,pre,odor,True,0.957349419593811,4.167465686798096,-2.922590494155884
p960,process,,5,5,40,pre,odor,True,0.39016154408454895,3.7615015506744385,-1.9748363494873047
p960,process,,6,6,3,pre,odor,True,1.985859990119934,5.783770561218262,-1.9926713705062866
p960,process,,7,7,2,pre,odor,True,2.157381772994995,6.715961933135986,-2.7292842864990234
p960,process,,8,8,1,pre,odor,True,0.5157705545425415,3.4270215034484863,-2.155928373336792
p960,process,,9,9,4,pre,odor,True,2.29636812210083,6.627729892730713,-1.3852121829986572
p960,process,,10,10,31,pre,odor,True,3.787220001220703,8.801276206970215,-1.1698274612426758
p960,process,,11,11,21,pre,odor,True,0.637069582939148,4.773431777954102,-1.964698076248169
p960,process,,12,12,2,pre,odor,True,1.0192149877548218,5.872390270233154,-1.825186848640442
p960,process,,13,13,39,pre,odor,True,0.6322749853134155,2.952737808227539,-1.975732684135437
p960,process,,14,14,1,pre,odor,True,0.6712237000465393,3.9195868968963623,-1.6925773620605469
p960,process,,15,15,12,pre,odor,True,1.0938913822174072,5.080880641937256,-2.1576507091522217
p960,process,,16,16,22,pre,odor,True,2.8114356994628906,10.40157413482666,-2.4996824264526367
p960,process,,17,17,10,pre,odor,True,2.6847245693206787,7.493929862976074,-1.065829873085022
p960,process,,18,18,17,pre,odor,True,0.14989665150642395,2.438363552093506,-2.66420316696167
p960,process,,19,19,31,pre,odor,True,3.1683614253997803,6.958048343658447,-2.2162837982177734
p960,process,,20,20,30,pre,odor,True,-0.17091619968414307,3.2342257499694824,-2.341545820236206
p960,process,,21,21,12,pre,odor,True,-0.24647696316242218,2.5539305210113525,-2.3841300010681152
p960,process,,22,22,22,pre,odor,True,0.5092548131942749,2.5367398262023926,-1.3685704469680786
p960,process,,23,23,4,pre,odor,True,-0.3472188413143158,2.018996477127075,-2.2451915740966797
p960,process,,24,24,0,pre,odor,True,1.0913289785385132,4.23564338684082,-2.342193841934204
p960,process,,25,25,3,pre,odor,True,-1.3523449897766113,2.1126163005828857,-3.8238320350646973
p960,process,,26,26,40,pre,odor,True,-0.09385363012552261,3.4029107093811035,-2.9856786727905273
p960,process,,27,27,10,pre,odor,True,0.5682794451713562,2.6759438514709473,-2.451997756958008
p960,process,,28,28,21,pre,odor,True,0.07596996426582336,3.277520179748535,-2.546746253967285
p960,process,,29,29,18,pre,odor,True,0.39396438002586365,2.721426486968994,-1.3169035911560059
p960,process,,30,30,18,pre,odor,True,-1.5930243730545044,-0.18671274185180664,-3.0255069732666016
p960,process,,31,31,0,pre,odor,True,0.05980217084288597,3.643846273422241,-2.4745211601257324
p960,process,,32,32,12,post,odor,True,-0.002057751640677452,1.087386965751648,-0.8538745641708374
p960,process,,33,33,18,post,odor,True,0.0034948037937283516,1.2695086002349854,-1.146094799041748
p960,process,,34,34,40,post,odor,True,0.1241559162735939,1.5365891456604004,-1.1209288835525513
p960,process,,35,35,32,post,odor,True,-0.07475166767835617,1.2229678630828857,-1.032236099243164
p960,process,,36,36,31,post,odor,True,0.04653945565223694,1.5656293630599976,-1.2007405757904053
p960,process,,37,37,0,post,odor,True,0.2202465534210205,1.5217938423156738,-1.0462656021118164
p960,process,,38,38,4,post,odor,True,0.11945545673370361,1.5940264463424683,-1.0275448560714722
p960,process,,39,39,2,post,odor,True,0.07178571075201035,1.466302514076233,-1.4349502325057983
p960,process,,40,40,3,post,odor,True,0.16491645574569702,1.3961398601531982,-1.2924445867538452
p960,process,,41,41,21,post,odor,True,0.7029179334640503,2.4088094234466553,-1.4044883251190186
p960,process,,42,42,31,post,odor,True,-0.030401907861232758,1.4553025960922241,-1.1708240509033203
p960,process,,43,43,2,post,odor,True,0.04090478643774986,1.179772138595581,-1.7635573148727417
p960,process,,44,44,32,post,odor,True,0.168148472905159,2.0234174728393555,-0.843031108379364
p960,process,,45,45,40,post,odor,True,-0.07973657548427582,1.1469635963439941,-1.1942037343978882
p960,process,,46,46,1,post,odor,True,0.04316772148013115,1.5884125232696533,-1.5547242164611816
p960,process,,47,47,0,post,odor,True,0.13144800066947937,1.9336168766021729,-1.173728346824646
p960,process,,48,48,22,post,odor,True,0.03706813603639603,1.568361759185791,-1.3468122482299805
p960,process,,49,49,10,post,odor,True,0.0284174345433712,1.13106369972229,-1.6167758703231812
p960,process,,50,50,1,post,odor,True,0.0046722423285245895,2.010256767272949,-1.253404140472412
p960,process,,51,51,30,post,odor,True,0.0637957900762558,1.8470762968063354,-1.6580450534820557
p960,process,,52,52,12,post,odor,True,0.19923913478851318,1.6401835680007935,-0.8129791021347046
p960,process,,53,53,3,post,odor,True,0.02237819880247116,1.2887386083602905,-1.3844144344329834
p960,process,,54,54,21,post,odor,True,0.6335188746452332,3.0102458000183105,-1.0149039030075073
p960,process,,55,55,22,post,odor,True,-0.3083617389202118,1.3593039512634277,-2.205904722213745
p960,process,,56,56,18,post,odor,True,0.10180743783712387,1.65309476852417,-1.586942434310913
p960,process,,57,57,30,post,odor,True,-0.00427277060225606,2.1137547492980957,-1.264299750328064
p960,process,,58,58,17,post,odor,True,0.06347876042127609,2.757411241531372,-1.4982904195785522
p960,process,,59,59,39,post,odor,True,0.25933489203453064,1.7806899547576904,-0.7668785452842712
p960,process,,60,60,39,post,odor,True,-0.04883762449026108,1.8063474893569946,-1.65737783908844
p960,process,,61,61,17,post,odor,True,0.0009729884914122522,2.7187306880950928,-2.052495241165161
p960,process,,62,62,4,post,odor,True,-0.1505851298570633,1.7636662721633911,-1.5236834287643433
p982,process,,0,0,39,pre,odor,True,0.10094550997018814,3.3127965927124023,-2.5766823291778564
p982,process,,1,1,17,pre,odor,True,-1.1149892807006836,2.14052152633667,-5.2132182121276855
p982,process,,2,2,32,pre,odor,True,0.8674401640892029,4.77466344833374,-2.5030856132507324
p982,process,,3,3,32,pre,odor,True,2.7985308170318604,9.002272605895996,-0.7049307823181152
p982,process,,4,4,30,pre,odor,True,0.5340719223022461,3.8303873538970947,-2.406083583831787
p982,process,,5,5,40,pre,odor,True,1.6862378120422363,4.926244735717773,-1.1812713146209717
p982,process,,6,6,3,pre,odor,True,1.2779985666275024,5.018378257751465,-3.1650991439819336
p982,process,,7,7,2,pre,odor,True,0.8232166767120361,4.64428186416626,-1.3796424865722656
p982,process,,8,8,1,pre,odor,True,0.8193854093551636,7.083432197570801,-3.6338284015655518
p982,process,,9,9,4,pre,odor,True,1.3987150192260742,5.295831680297852,-3.240762233734131
p982,process,,10,10,31,pre,odor,True,2.191828966140747,6.566854476928711,-1.2698227167129517
p982,process,,11,11,21,pre,odor,True,0.46181052923202515,4.56386137008667,-3.5822360515594482
p982,process,,12,12,2,pre,odor,True,-0.03547827899456024,3.18650484085083,-2.7887091636657715
p982,process,,13,13,39,pre,odor,True,0.40238624811172485,3.1625008583068848,-3.138011932373047
p982,process,,14,14,1,pre,odor,True,0.8487631678581238,3.887255907058716,-2.0967965126037598
p982,process,,15,15,12,pre,odor,True,0.4395589232444763,3.939284324645996,-2.617196798324585
p982,process,,16,16,22,pre,odor,True,1.1544125080108643,5.630834102630615,-1.9492655992507935
p982,process,,17,17,10,pre,odor,True,1.5791113376617432,5.07916784286499,-1.4417744874954224
p982,process,,18,18,17,pre,odor,True,-0.22072704136371613,3.6745028495788574,-3.028665781021118
p982,process,,19,19,31,pre,odor,True,1.592284083366394,6.0231451988220215,-0.9266066551208496
p982,process,,20,20,30,pre,odor,True,-0.15103116631507874,2.6422231197357178,-2.9590511322021484
p982,process,,21,21,12,pre,odor,True,0.07095064967870712,2.6832923889160156,-2.2164146900177
p982,process,,22,22,22,pre,odor,True,0.5283079147338867,5.509819030761719,-2.091233491897583
p982,process,,23,23,4,pre,odor,True,0.23855629563331604,3.972538471221924,-2.3980629444122314
p982,process,,24,24,0,pre,odor,True,0.9989081025123596,5.067853927612305,-1.6849415302276611
p982,process,,25,25,3,pre,odor,True,0.27663668990135193,3.751096248626709,-2.5137031078338623
p982,process,,26,26,40,pre,odor,True,0.30685484409332275,3.295901298522949,-2.73305606842041
p982,process,,27,27,10,pre,odor,True,0.47221672534942627,5.205329895019531,-2.720723867416382
p982,process,,28,28,21,pre,odor,True,0.10349021106958389,3.2935945987701416,-2.525200366973877
p982,process,,29,29,18,pre,odor,True,0.7198850512504578,2.9968552589416504,-1.0210438966751099
p982,process,,30,30,18,pre,odor,True,-1.4002588987350464,0.6689799427986145,-2.96008038520813
p982,process,,31,31,0,pre,odor,True,0.2972143888473511,3.3305652141571045,-2.056533098220825
p982,process,,32,32,12,post,odor,True,0.081454336643219,2.118760347366333,-1.6543011665344238
p982,process,,33,33,18,post,odor,True,0.12370534986257553,2.1544628143310547,-1.4221185445785522
p982,process,,34,34,40,post,odor,True,-0.07616253197193146,2.121117353439331,-1.364877700805664
p982,process,,35,35,32,post,odor,True,-0.05051511898636818,1.5631593465805054,-1.1806299686431885
p982,process,,36,36,31,post,odor,True,-0.009592176415026188,1.3481401205062866,-1.0930407047271729
p982,process,,37,37,0,post,odor,True,-0.12309712916612625,0.8892701268196106,-1.0138236284255981
p982,process,,38,38,4,post,odor,True,-0.03632308542728424,1.1942387819290161,-0.9889840483665466
p982,process,,39,39,2,post,odor,True,0.05727774277329445,2.568856954574585,-1.284482479095459
p982,process,,40,40,3,post,odor,True,0.0821160078048706,1.6989978551864624,-1.156724452972412
p982,process,,41,41,21,post,odor,True,0.558169960975647,2.3927502632141113,-1.1099721193313599
p982,process,,42,42,31,post,odor,True,0.1345650851726532,1.8114745616912842,-0.8772330284118652
p982,process,,43,43,2,post,odor,True,0.004904844332486391,1.2607219219207764,-0.8215734362602234
p982,process,,44,44,32,post,odor,True,0.09004729986190796,1.9147460460662842,-0.9674914479255676
p982,process,,45,45,40,post,odor,True,0.16325542330741882,1.2832282781600952,-0.7984349131584167
p982,process,,46,46,1,post,odor,True,0.11096995323896408,2.3391666412353516,-1.0617493391036987
p982,process,,47,47,0,post,odor,True,-0.03530573472380638,2.8316404819488525,-1.1253986358642578
p982,process,,48,48,22,post,odor,True,-0.01677125133574009,1.1522245407104492,-1.070303201675415
p982,process,,49,49,10,post,odor,True,0.01906372793018818,2.0499753952026367,-1.105176568031311
p982,process,,50,50,1,post,odor,True,-0.0862872526049614,1.0316951274871826,-1.2408156394958496
p982,process,,51,51,30,post,odor,True,0.005815895739942789,2.1977169513702393,-1.4813090562820435
p982,process,,52,52,12,post,odor,True,0.26507604122161865,1.8598774671554565,-0.6051815748214722
p982,process,,53,53,3,post,odor,True,0.12338650226593018,1.6428265571594238,-1.250752568244934
p982,process,,54,54,21,post,odor,True,0.43684735894203186,3.8138339519500732,-1.272822380065918
p982,process,,55,55,22,post,odor,True,-0.17404121160507202,1.6102615594863892,-1.3016653060913086
p982,process,,56,56,18,post,odor,True,0.0947633907198906,1.9423112869262695,-0.9355162382125854
p982,process,,57,57,30,post,odor,True,0.1488438993692398,2.794567584991455,-1.2160284519195557
p982,process,,58,58,17,post,odor,True,0.23648104071617126,2.508629322052002,-1.3593828678131104
p982,process,,59,59,39,post,odor,True,0.2613235116004944,2.431044578552246,-0.8797988891601562
p982,process,,60,60,39,post,odor,True,0.07165002822875977,2.2052597999572754,-1.3739991188049316
p982,process,,61,61,17,post,odor,True,-0.20272299647331238,2.0133135318756104,-1.9214980602264404
p982,process,,62,62,4,post,odor,True,0.041655950248241425,1.9629451036453247,-1.4258737564086914
p1004,process,,0,0,39,pre,odor,True,-0.8966485261917114,1.2171361446380615,-3.240917444229126
p1004,process,,1,1,17,pre,odor,True,-1.4403846263885498,1.3466743230819702,-4.1264472007751465
p1004,process,,2,2,32,pre,odor,True,1.110460877418518,4.08034610748291,-1.1409231424331665
p1004,process,,3,3,32,pre,odor,True,0.9051356315612793,3.6075735092163086,-1.659105896949768
p1004,process,,4,4,30,pre,odor,True,0.2868095338344574,3.0676660537719727,-2.0981974601745605
p1004,process,,5,5,40,pre,odor,True,0.3053770363330841,3.157914161682129,-2.5620462894439697
p1004,process,,6,6,3,pre,odor,True,0.5446791052818298,2.699144124984741,-2.2246711254119873
p1004,process,,7,7,2,pre,odor,True,1.4990594387054443,3.8354332447052,-1.4266283512115479
p1004,process,,8,8,1,pre,odor,True,0.2511327564716339,2.171785354614258,-1.9993529319763184
p1004,process,,9,9,4,pre,odor,True,1.959434151649475,5.27280855178833,-0.4743005335330963
p1004,process,,10,10,31,pre,odor,True,0.6129575967788696,3.897289514541626,-2.710360050201416
p1004,process,,11,11,21,pre,odor,True,-0.15592226386070251,2.3654868602752686,-3.1534152030944824
p1004,process,,12,12,2,pre,odor,True,0.31419551372528076,3.450864791870117,-2.6616876125335693
p1004,process,,13,13,39,pre,odor,True,0.23124685883522034,2.8412792682647705,-2.5408151149749756
p1004,process,,14,14,1,pre,odor,True,0.15581035614013672,3.783486843109131,-2.2461957931518555
p1004,process,,15,15,12,pre,odor,True,0.3884305953979492,6.462798595428467,-2.894519329071045
p1004,process,,16,16,22,pre,odor,True,0.8808542490005493,4.739048957824707,-4.063858509063721
p1004,process,,17,17,10,pre,odor,True,1.9470372200012207,5.452931880950928,-2.6076133251190186
p1004,process,,18,18,17,pre,odor,True,-0.12194877117872238,4.2054033279418945,-2.5691170692443848
p1004,process,,19,19,31,pre,odor,True,0.32133758068084717,3.6717894077301025,-2.4003820419311523
p1004,process,,20,20,30,pre,odor,True,-0.6358472108840942,1.5480092763900757,-2.803891181945801
p1004,process,,21,21,12,pre,odor,True,-0.6028648614883423,3.743638515472412,-2.6597468852996826
p1004,process,,22,22,22,pre,odor,True,-0.7126747369766235,3.091214656829834,-2.6245298385620117
p1004,process,,23,23,4,pre,odor,True,-1.2682183980941772,2.635256767272949,-3.4125688076019287
p1004,process,,24,24,0,pre,odor,True,-1.4118218421936035,2.035508871078491,-5.0327959060668945
p1004,process,,25,25,3,pre,odor,True,-0.0961388424038887,3.286250352859497,-3.1517493724823
p1004,process,,26,26,40,pre,odor,True,-0.7360511422157288,2.4566988945007324,-4.148997783660889
p1004,process,,27,27,10,pre,odor,True,0.3469047546386719,2.504838228225708,-1.8348718881607056
p1004,process,,28,28,21,pre,odor,True,-0.3088689148426056,2.3650929927825928,-3.3039512634277344
p1004,process,,29,29,18,pre,odor,True,-0.25249984860420227,2.165637969970703,-2.031860828399658
p1004,process,,30,30,18,pre,odor,True,-1.5763797760009766,1.3211413621902466,-3.3413031101226807
p1004,process,,31,31,0,pre,odor,True,-0.2043207585811615,2.249948501586914,-3.140794515609741
p1004,process,,32,32,12,post,odor,True,-0.008189558051526546,1.2953599691390991,-1.3533450365066528
p1004,process,,33,33,18,post,odor,True,0.3033010959625244,2.081941843032837,-0.9039063453674316
p1004,process,,34,34,40,post,odor,True,-0.04719279706478119,1.1003443002700806,-1.11764395236969
p1004,process,,35,35,32,post,odor,True,0.030014511197805405,1.3079458475112915,-1.0718841552734375
p1004,process,,36,36,31,post,odor,True,0.002079988131299615,1.0539723634719849,-0.8341372609138489
p1004,process,,37,37,0,post,odor,True,0.015328636392951012,0.9450037479400635,-0.8435565233230591
p1004,process,,38,38,4,post,odor,True,0.011179627850651741,1.9486937522888184,-0.9251911044120789
p1004,process,,39,39,2,post,odor,True,-0.035929564386606216,0.824068546295166,-0.8306756615638733
p1004,process,,40,40,3,post,odor,True,0.2028273344039917,1.616133451461792,-0.6995477080345154
p1004,process,,41,41,21,post,odor,True,0.3140682876110077,1.5578709840774536,-0.6858415007591248
p1004,process,,42,42,31,post,odor,True,0.05668054148554802,1.0238455533981323,-1.0523046255111694
p1004,process,,43,43,2,post,odor,True,-0.05231611430644989,0.7695574760437012,-0.8955350518226624
p1004,process,,44,44,32,post,odor,True,-0.009440816007554531,1.0070123672485352,-0.7915847301483154
p1004,process,,45,45,40,post,odor,True,0.15481212735176086,1.704404592514038,-1.0012094974517822
p1004,process,,46,46,1,post,odor,True,-0.18324245512485504,1.157775640487671,-1.1925535202026367
p1004,process,,47,47,0,post,odor,True,0.0862615630030632,1.2736074924468994,-0.8816410303115845
p1004,process,,48,48,22,post,odor,True,0.11339223384857178,2.1546030044555664,-0.8893880844116211
p1004,process,,49,49,10,post,odor,True,0.055579524487257004,2.0358211994171143,-1.1155341863632202
p1004,process,,50,50,1,post,odor,True,0.20923663675785065,1.4818700551986694,-0.698338508605957
p1004,process,,51,51,30,post,odor,True,0.27002856135368347,1.7878220081329346,-1.157287836074829
p1004,process,,52,52,12,post,odor,True,-0.05356060341000557,0.9644132852554321,-0.9516427516937256
p1004,process,,53,53,3,post,odor,True,-0.049676649272441864,1.5456315279006958,-0.8508756160736084
p1004,process,,54,54,21,post,odor,True,0.2176062911748886,1.3916341066360474,-0.6035006642341614
p1004,process,,55,55,22,post,odor,True,0.09964314848184586,1.1141036748886108,-0.8148767352104187
p1004,process,,56,56,18,post,odor,True,0.12800198793411255,1.077235221862793,-0.8389573693275452
p1004,process,,57,57,30,post,odor,True,0.12852728366851807,1.2628933191299438,-0.8952889442443848
p1004,process,,58,58,17,post,odor,True,-0.14771772921085358,0.7304487228393555,-0.8604799509048462
p1004,process,,59,59,39,post,odor,True,0.3279880881309509,1.4303722381591797,-0.7601205706596375
p1004,process,,60,60,39,post,odor,True,-0.11031682789325714,2.1975135803222656,-0.9501715302467346
p1004,process,,61,61,17,post,odor,True,0.16393518447875977,2.08614182472229,-1.1589794158935547
p1004,process,,62,62,4,post,odor,True,-0.017609765753149986,1.0445306301116943,-1.1103124618530273
p1027,process,,0,0,39,pre,odor,True,-1.0195448398590088,1.6194065809249878,-4.779356002807617
p1027,process,,1,1,17,pre,odor,True,-1.0917422771453857,3.791017770767212,-4.337623119354248
p1027,process,,2,2,32,pre,odor,True,2.39849591255188,4.706106185913086,-0.7392122149467468
p1027,process,,3,3,32,pre,odor,True,2.872093677520752,6.7066216468811035,-1.4721981287002563
p1027,process,,4,4,30,pre,odor,True,0.5032364130020142,3.202854871749878,-2.745673656463623
p1027,process,,5,5,40,pre,odor,True,1.383663296699524,4.05324649810791,-2.1564643383026123
p1027,process,,6,6,3,pre,odor,True,3.0545613765716553,6.810324668884277,-1.3551446199417114
p1027,process,,7,7,2,pre,odor,True,2.1039817333221436,6.707291603088379,-1.9454851150512695
p1027,process,,8,8,1,pre,odor,True,0.3420087397098541,3.675006628036499,-1.8601406812667847
p1027,process,,9,9,4,pre,odor,True,2.8809895515441895,7.704784870147705,-1.7339389324188232
p1027,process,,10,10,31,pre,odor,True,3.626051425933838,9.01911735534668,-0.9655640721321106
p1027,process,,11,11,21,pre,odor,True,-0.2836233675479889,3.394002676010132,-3.5226399898529053
p1027,process,,12,12,2,pre,odor,True,0.5049777626991272,2.7644665241241455,-2.042459487915039
p1027,process,,13,13,39,pre,odor,True,0.7922778725624084,3.5672857761383057,-1.5282748937606812
p1027,process,,14,14,1,pre,odor,True,0.6287975907325745,3.2619423866271973,-1.9828970432281494
p1027,process,,15,15,12,pre,odor,True,1.1999399662017822,6.444629669189453,-2.4813530445098877
p1027,process,,16,16,22,pre,odor,True,2.543001413345337,7.536955833435059,-1.6682285070419312
p1027,process,,17,17,10,pre,odor,True,3.234494209289551,7.79172420501709,-1.8852260112762451
p1027,process,,18,18,17,pre,odor,True,0.9833590388298035,4.779055595397949,-1.907249093055725
p1027,process,,19,19,31,pre,odor,True,3.340132236480713,7.684930324554443,-1.3959410190582275
p1027,process,,20,20,30,pre,odor,True,-0.8454176783561707,1.2557904720306396,-2.8565356731414795
p1027,process,,21,21,12,pre,odor,True,-0.3014180064201355,2.1535346508026123,-1.8543161153793335
p1027,process,,22,22,22,pre,odor,True,0.8490022420883179,3.883056402206421,-1.4438235759735107
p1027,process,,23,23,4,pre,odor,True,0.22714945673942566,3.776728868484497,-2.075667142868042
p1027,process,,24,24,0,pre,odor,True,0.1909884214401245,4.690924167633057,-3.0640201568603516
p1027,process,,25,25,3,pre,odor,True,-0.17252162098884583,2.9265289306640625,-2.237783193588257
p1027,process,,26,26,40,pre,odor,True,0.04361030086874962,4.441653728485107,-2.944631576538086
p1027,process,,27,27,10,pre,odor,True,0.34312593936920166,3.857635021209717,-3.2343804836273193
p1027,process,,28,28,21,pre,odor,True,-0.20349794626235962,3.198237180709839,-2.674072027206421
p1027,process,,29,29,18,pre,odor,True,0.33842265605926514,3.0199193954467773,-1.6169013977050781
p1027,process,,30,30,18,pre,odor,True,-1.7432496547698975,0.1305403709411621,-3.4890847206115723
p1027,process,,31,31,0,pre,odor,True,-0.4255978465080261,3.447247266769409,-3.3945581912994385
p1027,process,,32,32,12,post,odor,True,-0.02657909505069256,1.3114805221557617,-1.1694538593292236
p1027,process,,33,33,18,post,odor,True,-0.029595859348773956,1.8148730993270874,-1.1063050031661987
p1027,process,,34,34,40,post,odor,True,0.07699648290872574,1.755629301071167,-1.377484917640686
p1027,process,,35,35,32,post,odor,True,0.17985783517360687,1.41378653049469,-0.6792410612106323
p1027,process,,36,36,31,post,odor,True,-0.011030090041458607,1.7378160953521729,-1.1776639223098755
p1027,process,,37,37,0,post,odor,True,0.009498869068920612,1.5255125761032104,-1.342761516571045
p1027,process,,38,38,4,post,odor,True,0.14632567763328552,2.041700839996338,-0.9361278414726257
p1027,process,,39,39,2,post,odor,True,0.006284838542342186,1.233849287033081,-1.0187844038009644
p1027,process,,40,40,3,post,odor,True,0.023031683638691902,2.2856993675231934,-1.2776645421981812
p1027,process,,41,41,21,post,odor,True,0.7247780561447144,2.899798631668091,-0.39744117856025696
p1027,process,,42,42,31,post,odor,True,0.06354694068431854,0.9569428563117981,-1.2354531288146973
p1027,process,,43,43,2,post,odor,True,-0.08345486223697662,1.0905133485794067,-1.3921771049499512
p1027,process,,44,44,32,post,odor,True,0.13172701001167297,1.397364616394043,-0.9494308233261108
p1027,process,,45,45,40,post,odor,True,0.07499822229146957,1.7775626182556152,-1.1175427436828613
p1027,process,,46,46,1,post,odor,True,-0.009132178500294685,1.522125244140625,-1.1816835403442383
p1027,process,,47,47,0,post,odor,True,-0.20835207402706146,1.1528595685958862,-1.222164273262024
p1027,process,,48,48,22,post,odor,True,0.057087600231170654,1.9057409763336182,-1.1055265665054321
p1027,process,,49,49,10,post,odor,True,-0.1438390165567398,1.1856510639190674,-1.301957607269287
p1027,process,,50,50,1,post,odor,True,-0.07966501265764236,1.863305926322937,-1.3552954196929932
p1027,process,,51,51,30,post,odor,True,0.173866406083107,2.3686485290527344,-1.0417560338974
p1027,process,,52,52,12,post,odor,True,0.01584162749350071,1.087037444114685,-1.0931892395019531
p1027,process,,53,53,3,post,odor,True,0.08497129380702972,1.3948103189468384,-0.8969201445579529
p1027,process,,54,54,21,post,odor,True,0.7837167382240295,2.4327166080474854,-0.7045751214027405
p1027,process,,55,55,22,post,odor,True,0.04242336004972458,1.7609139680862427,-1.3574318885803223
p1027,process,,56,56,18,post,odor,True,-0.031090017408132553,1.8032146692276,-1.5576000213623047
p1027,process,,57,57,30,post,odor,True,-0.07337144762277603,1.546441674232483,-1.5705010890960693
p1027,process,,58,58,17,post,odor,True,-0.31631991267204285,0.67274409532547,-1.7606779336929321
p1027,process,,59,59,39,post,odor,True,-0.03636181727051735,2.308236598968506,-1.2783681154251099
p1027,process,,60,60,39,post,odor,True,-0.16738714277744293,1.7145147323608398,-1.5724331140518188
p1027,process,,61,61,17,post,odor,True,0.10311558842658997,1.5402040481567383,-1.058417797088623
p1027,process,,62,62,4,post,odor,True,-0.10936056822538376,1.6275063753128052,-1.2334524393081665
p1049,process,,0,0,39,pre,odor,True,-0.6874991059303284,1.9147454500198364,-3.8583881855010986
p1049,process,,1,1,17,pre,odor,True,-0.6290522217750549,3.3241028785705566,-2.8801207542419434
p1049,process,,2,2,32,pre,odor,True,0.6036891341209412,4.3414692878723145,-2.3056108951568604
p1049,process,,3,3,32,pre,odor,True,1.308958649635315,6.37340784072876,-2.0713448524475098
p1049,process,,4,4,30,pre,odor,True,0.2751757502555847,5.1642327308654785,-2.4260685443878174
p1049,process,,5,5,40,pre,odor,True,0.14272578060626984,4.106906890869141,-2.398991584777832
p1049,process,,6,6,3,pre,odor,True,1.1481443643569946,4.003410816192627,-1.4761848449707031
p1049,process,,7,7,2,pre,odor,True,0.9382390975952148,4.630484104156494,-1.5800232887268066
p1049,process,,8,8,1,pre,odor,True,0.7718361616134644,5.267404079437256,-2.599268913269043
p1049,process,,9,9,4,pre,odor,True,1.0379267930984497,5.928945541381836,-1.9540225267410278
p1049,process,,10,10,31,pre,odor,True,1.4831595420837402,4.734884738922119,-1.3567166328430176
p1049,process,,11,11,21,pre,odor,True,-0.298517107963562,2.626819372177124,-2.985081195831299
p1049,process,,12,12,2,pre,odor,True,0.12718188762664795,3.454799175262451,-2.1616082191467285
p1049,process,,13,13,39,pre,odor,True,0.36567339301109314,5.246482849121094,-1.7581924200057983
p1049,process,,14,14,1,pre,odor,True,0.2571708559989929,2.6424052715301514,-2.494563341140747
p1049,process,,15,15,12,pre,odor,True,0.6045309901237488,5.283472537994385,-1.7291593551635742
p1049,process,,16,16,22,pre,odor,True,1.4452800750732422,7.536133289337158,-1.6849545240402222
p1049,process,,17,17,10,pre,odor,True,1.913130283355713,6.604375839233398,-0.8886806964874268
p1049,process,,18,18,17,pre,odor,True,0.024791773408651352,5.30533504486084,-2.1937952041625977
p1049,process,,19,19,31,pre,odor,True,1.6152209043502808,5.125363826751709,-1.8861628770828247
p1049,process,,20,20,30,pre,odor,True,0.2298952341079712,3.3575384616851807,-1.7286256551742554
p1049,process,,21,21,12,pre,odor,True,-0.28100287914276123,3.902249336242676,-2.09096097946167
p1049,process,,22,22,22,pre,odor,True,0.6030322313308716,4.038024425506592,-1.5845186710357666
p1049,process,,23,23,4,pre,odor,True,0.12763337790966034,2.696098804473877,-2.1794426441192627
p1049,process,,24,24,0,pre,odor,True,0.38069480657577515,5.125124931335449,-3.6314339637756348
p1049,process,,25,25,3,pre,odor,True,0.35934484004974365,3.2038302421569824,-3.0048108100891113
p1049,process,,26,26,40,pre,odor,True,-0.21484677493572235,3.620588779449463,-2.479632616043091
p1049,process,,27,27,10,pre,odor,True,0.13723106682300568,3.166672945022583,-2.156236171722412
p1049,process,,28,28,21,pre,odor,True,-0.3405681550502777,2.6875786781311035,-3.1108875274658203
p1049,process,,29,29,18,pre,odor,True,0.30536437034606934,2.3080074787139893,-1.5194072723388672
p1049,process,,30,30,18,pre,odor,True,-0.9142040610313416,0.503068208694458,-2.2311367988586426
p1049,process,,31,31,0,pre,odor,True,-0.18036024272441864,3.866281509399414,-2.644472360610962
p1049,process,,32,32,12,post,odor,True,0.04477471113204956,1.2842116355895996,-0.9502267241477966
p1049,process,,33,33,18,post,odor,True,0.10076313465833664,1.8365848064422607,-0.9152742624282837
p1049,process,,34,34,40,post,odor,True,-0.0447416715323925,2.8276352882385254,-1.3531441688537598
p1049,process,,35,35,32,post,odor,True,-0.11289484798908234,2.023801565170288,-1.3033769130706787
p1049,process,,36,36,31,post,odor,True,0.11022227257490158,2.83571720123291,-0.9392653107643127
p1049,process,,37,37,0,post,odor,True,0.4252791702747345,2.855916738510132,-0.8154069781303406
p1049,process,,38,38,4,post,odor,True,-0.0741252675652504,1.867378830909729,-1.4022578001022339
p1049,process,,39,39,2,post,odor,True,0.3939782679080963,2.539950132369995,-0.7890522480010986
p1049,process,,40,40,3,post,odor,True,0.03354296833276749,1.6288944482803345,-1.4722893238067627
p1049,process,,41,41,21,post,odor,True,0.22092585265636444,2.1903445720672607,-1.3936892747879028
p1049,process,,42,42,31,post,odor,True,-0.20120540261268616,1.2106255292892456,-1.5293939113616943
p1049,process,,43,43,2,post,odor,True,0.07625516504049301,2.088639736175537,-1.4902491569519043
p1049,process,,44,44,32,post,odor,True,-0.20350947976112366,2.3401219844818115,-1.5703465938568115
p1049,process,,45,45,40,post,odor,True,-0.01573355123400688,1.8685225248336792,-1.1313103437423706
p1049,process,,46,46,1,post,odor,True,0.26557058095932007,1.9153763055801392,-1.5450565814971924
p1049,process,,47,47,0,post,odor,True,-0.2944496273994446,1.5119044780731201,-1.58352792263031
p1049,process,,48,48,22,post,odor,True,-0.06446530669927597,1.9901236295700073,-1.1307218074798584
p1049,process,,49,49,10,post,odor,True,0.08131388574838638,1.7639291286468506,-1.0875345468521118
p1049,process,,50,50,1,post,odor,True,-0.0409892201423645,1.40142023563385,-1.1395848989486694
p1049,process,,51,51,30,post,odor,True,0.06733441352844238,1.2966101169586182,-1.1055543422698975
p1049,process,,52,52,12,post,odor,True,-0.11564414948225021,1.951695442199707,-1.1939741373062134
p1049,process,,53,53,3,post,odor,True,-0.08814430981874466,1.362007975578308,-1.6238021850585938
p1049,process,,54,54,21,post,odor,True,0.37754008173942566,2.6245298385620117,-1.4673693180084229
p1049,process,,55,55,22,post,odor,True,0.24269889295101166,2.101133346557617,-1.4517310857772827
p1049,process,,56,56,18,post,odor,True,0.1986313760280609,1.5229448080062866,-1.18191659450531
p1049,process,,57,57,30,post,odor,True,0.052082791924476624,1.9084193706512451,-1.6428881883621216
p1049,process,,58,58,17,post,odor,True,0.06522945314645767,2.5143868923187256,-1.2520543336868286
p1049,process,,59,59,39,post,odor,True,-0.15203173458576202,2.2906060218811035,-1.437726616859436
p1049,process,,60,60,39,post,odor,True,0.02870699018239975,1.3095520734786987,-1.1905051469802856
p1049,process,,61,61,17,post,odor,True,0.05513631924986839,1.4655532836914062,-1.1523406505584717
p1049,process,,62,62,4,post,odor,True,0.1441761702299118,1.6842387914657593,-1.3454078435897827
p1071,process,,0,0,39,pre,odor,True,-0.5347384810447693,3.662074089050293,-3.5612924098968506
p1071,process,,1,1,17,pre,odor,True,-0.3310926854610443,3.0018279552459717,-2.626530408859253
p1071,process,,2,2,32,pre,odor,True,0.7563526034355164,3.643627405166626,-1.3802944421768188
p1071,process,,3,3,32,pre,odor,True,1.191110610961914,5.726943492889404,-2.543886184692383
p1071,process,,4,4,30,pre,odor,True,0.5173358917236328,3.0566303730010986,-3.288966655731201
p1071,process,,5,5,40,pre,odor,True,0.4195084571838379,3.3734161853790283,-2.421536684036255
p1071,process,,6,6,3,pre,odor,True,0.7169575095176697,3.8848159313201904,-2.1655707359313965
p1071,process,,7,7,2,pre,odor,True,0.7061668634414673,3.883357524871826,-1.699432611465454
p1071,process,,8,8,1,pre,odor,True,0.050082847476005554,2.752009630203247,-2.651395559310913
p1071,process,,9,9,4,pre,odor,True,0.8506672978401184,3.048520088195801,-1.679699182510376
p1071,process,,10,10,31,pre,odor,True,2.30025315284729,6.393276214599609,-0.8148171901702881
p1071,process,,11,11,21,pre,odor,True,-0.35199788212776184,3.4714841842651367,-3.1922736167907715
p1071,process,,12,12,2,pre,odor,True,0.12048529833555222,4.108165740966797,-2.5135505199432373
p1071,process,,13,13,39,pre,odor,True,0.03923823684453964,4.555816173553467,-2.229282855987549
p1071,process,,14,14,1,pre,odor,True,0.5091630220413208,3.922771692276001,-2.325740098953247
p1071,process,,15,15,12,pre,odor,True,0.8365437984466553,5.133988857269287,-2.867741346359253
p1071,process,,16,16,22,pre,odor,True,1.7973662614822388,5.410917282104492,-1.223479151725769
p1071,process,,17,17,10,pre,odor,True,2.1152021884918213,6.718172073364258,-1.3451286554336548
p1071,process,,18,18,17,pre,odor,True,0.44099855422973633,4.4891157150268555,-1.8908042907714844
p1071,process,,19,19,31,pre,odor,True,2.1133720874786377,4.550699710845947,-0.697356104850769
p1071,process,,20,20,30,pre,odor,True,0.09551788121461868,2.5591065883636475,-2.0571606159210205
p1071,process,,21,21,12,pre,odor,True,-0.35040122270584106,3.1087281703948975,-2.122100353240967
p1071,process,,22,22,22,pre,odor,True,0.9525316953659058,3.368363857269287,-1.6754200458526611
p1071,process,,23,23,4,pre,odor,True,0.3391217589378357,3.341660976409912,-2.2934794425964355
p1071,process,,24,24,0,pre,odor,True,-0.4108477532863617,3.5413758754730225,-4.57943868637085
p1071,process,,25,25,3,pre,odor,True,0.006266126409173012,2.1167526245117188,-2.6095454692840576
p1071,process,,26,26,40,pre,odor,True,0.11725285649299622,2.577130079269409,-2.008668899536133
p1071,process,,27,27,10,pre,odor,True,0.6570737361907959,2.787769317626953,-1.7486424446105957
p1071,process,,28,28,21,pre,odor,True,-0.3211173117160797,3.0233771800994873,-2.3188560009002686
p1071,process,,29,29,18,pre,odor,True,0.7416915893554688,2.986514091491699,-1.1952316761016846
p1071,process,,30,30,18,pre,odor,True,-1.495527982711792,0.5468201041221619,-2.9641165733337402
p1071,process,,31,31,0,pre,odor,True,-0.1917930245399475,3.0589871406555176,-2.6829428672790527
p1071,process,,32,32,12,post,odor,True,0.2550644278526306,1.9483509063720703,-0.811800479888916
p1071,process,,33,33,18,post,odor,True,0.22341011464595795,2.217226266860962,-0.8162981867790222
p1071,process,,34,34,40,post,odor,True,-0.026141531765460968,1.6318652629852295,-1.161662220954895
p1071,process,,35,35,32,post,odor,True,0.12392626702785492,1.8399090766906738,-0.9601582884788513
p1071,process,,36,36,31,post,odor,True,0.024372311308979988,1.3072761297225952,-1.0820902585983276
p1071,process,,37,37,0,post,odor,True,0.15875712037086487,2.443915367126465,-1.1749651432037354
p1071,process,,38,38,4,post,odor,True,-0.16496631503105164,1.2901883125305176,-1.11759352684021
p1071,process,,39,39,2,post,odor,True,0.030818186700344086,1.756138801574707,-1.112207293510437
p1071,process,,40,40,3,post,odor,True,0.018754025921225548,1.6003928184509277,-1.3285192251205444
p1071,process,,41,41,21,post,odor,True,0.5152170658111572,2.491577386856079,-0.6333167552947998
p1071,process,,42,42,31,post,odor,True,-0.2351573407649994,1.445444107055664,-1.1786803007125854
p1071,process,,43,43,2,post,odor,True,0.09475943446159363,1.268947720527649,-0.9523075819015503
p1071,process,,44,44,32,post,odor,True,0.09394554048776627,2.0216972827911377,-1.090267539024353
p1071,process,,45,45,40,post,odor,True,0.1469956785440445,1.7446120977401733,-0.7958263158798218
p1071,process,,46,46,1,post,odor,True,-0.08253298699855804,1.4219753742218018,-1.3121191263198853
p1071,process,,47,47,0,post,odor,True,0.03563270345330238,1.5746328830718994,-1.1464651823043823
p1071,process,,48,48,22,post,odor,True,0.02857041358947754,1.5864179134368896,-1.0153534412384033
p1071,process,,49,49,10,post,odor,True,-0.06766226142644882,2.0386104583740234,-1.2748818397521973
p1071,process,,50,50,1,post,odor,True,-0.0707312673330307,1.3148150444030762,-1.2103530168533325
p1071,process,,51,51,30,post,odor,True,-0.11769015341997147,1.6542930603027344,-1.0779476165771484
p1071,process,,52,52,12,post,odor,True,0.028908589854836464,1.3401880264282227,-1.0677207708358765
p1071,process,,53,53,3,post,odor,True,-0.16843223571777344,1.1674563884735107,-1.2867647409439087
p1071,process,,54,54,21,post,odor,True,0.6291048526763916,3.251925230026245,-0.913469135761261
p1071,process,,55,55,22,post,odor,True,0.12450885027647018,1.4694328308105469,-0.9684518575668335
p1071,process,,56,56,18,post,odor,True,0.1644536554813385,2.387770891189575,-0.7832049131393433
p1071,process,,57,57,30,post,odor,True,-0.005357223097234964,1.6832475662231445,-1.0458544492721558
p1071,process,,58,58,17,post,odor,True,0.0654110535979271,1.4569686651229858,-1.0915242433547974
p1071,process,,59,59,39,post,odor,True,-0.1299973428249359,2.1179428100585938,-1.2331774234771729
p1071,process,,60,60,39,post,odor,True,0.018734222277998924,3.270456552505493,-0.9532991647720337
p1071,process,,61,61,17,post,odor,True,-0.13517144322395325,1.4132659435272217,-1.3637218475341797
p1071,process,,62,62,4,post,odor,True,0.08911938220262527,2.5904502868652344,-1.0670959949493408
p1093,process,,0,0,39,pre,odor,True,-0.0855846107006073,3.804741621017456,-3.0107240676879883
p1093,process,,1,1,17,pre,odor,True,-0.9864930510520935,1.597129225730896,-3.506962299346924
p1093,process,,2,2,32,pre,odor,True,2.0266151428222656,4.554716110229492,-0.40206125378608704
p1093,process,,3,3,32,pre,odor,True,1.4058178663253784,4.211352348327637,-1.8612349033355713
p1093,process,,4,4,30,pre,odor,True,0.8579937219619751,3.4297852516174316,-1.8778220415115356
p1093,process,,5,5,40,pre,odor,True,0.518559455871582,3.265652656555176,-2.8193039894104004
p1093,process,,6,6,3,pre,odor,True,0.8926023840904236,3.3831231594085693,-2.480839490890503
p1093,process,,7,7,2,pre,odor,True,2.310514450073242,5.639803886413574,-0.7760984897613525
p1093,process,,8,8,1,pre,odor,True,0.184266597032547,3.2095155715942383,-3.1642754077911377
p1093,process,,9,9,4,pre,odor,True,2.2761690616607666,4.683895111083984,-1.6537929773330688
p1093,process,,10,10,31,pre,odor,True,0.3307833969593048,4.243926048278809,-4.594318389892578
p1093,process,,11,11,21,pre,odor,True,-0.15919972956180573,2.0864944458007812,-3.432985305786133
p1093,process,,12,12,2,pre,odor,True,1.0092459917068481,2.7881035804748535,-1.0106055736541748
p1093,process,,13,13,39,pre,odor,True,0.45775333046913147,3.7281415462493896,-2.1671195030212402
p1093,process,,14,14,1,pre,odor,True,0.8781585097312927,2.7149267196655273,-2.279733419418335
p1093,process,,15,15,12,pre,odor,True,0.23078948259353638,4.024089813232422,-4.882730960845947
p1093,process,,16,16,22,pre,odor,True,1.2429306507110596,6.512211322784424,-3.6963584423065186
p1093,process,,17,17,10,pre,odor,True,2.2597429752349854,5.3991594314575195,-1.9955369234085083
p1093,process,,18,18,17,pre,odor,True,-0.9901136755943298,2.671733856201172,-5.7946391105651855
p1093,process,,19,19,31,pre,odor,True,-0.01024271734058857,3.619917631149292,-3.001145601272583
p1093,process,,20,20,30,pre,odor,True,-1.3333196640014648,1.7424668073654175,-3.840991258621216
p1093,process,,21,21,12,pre,odor,True,-1.5751429796218872,1.7633708715438843,-5.044449806213379
p1093,process,,22,22,22,pre,odor,True,-0.28418177366256714,3.9307734966278076,-3.4842958450317383
p1093,process,,23,23,4,pre,odor,True,-1.5367985963821411,3.0607757568359375,-4.065086364746094
p1093,process,,24,24,0,pre,odor,True,-1.8876657485961914,1.7100580930709839,-5.812635898590088
p1093,process,,25,25,3,pre,odor,True,0.028578361496329308,3.3122873306274414,-2.5590317249298096
p1093,process,,26,26,40,pre,odor,True,-1.6286102533340454,2.791119337081909,-6.055220127105713
p1093,process,,27,27,10,pre,odor,True,0.5573379993438721,3.2131266593933105,-1.6109445095062256
p1093,process,,28,28,21,pre,odor,True,0.08089366555213928,3.0114076137542725,-2.9474544525146484
p1093,process,,29,29,18,pre,odor,True,-0.36528995633125305,2.5347025394439697,-3.002683639526367
p1093,process,,30,30,18,pre,odor,True,-1.4093297719955444,0.9017563462257385,-2.6164443492889404
p1093,process,,31,31,0,pre,odor,True,-0.6730690002441406,1.1968541145324707,-3.6403214931488037
p1093,process,,32,32,12,post,odor,True,0.32817956805229187,2.2592978477478027,-0.7353017330169678
p1093,process,,33,33,18,post,odor,True,0.3036558926105499,1.6527044773101807,-0.9244008660316467
p1093,process,,34,34,40,post,odor,True,0.5245349407196045,1.7115882635116577,-0.7507936954498291
p1093,process,,35,35,32,post,odor,True,0.16943146288394928,1.1185939311981201,-0.5778197646141052
p1093,process,,36,36,31,post,odor,True,0.3367358148097992,1.1962097883224487,-0.5062793493270874
p1093,process,,37,37,0,post,odor,True,0.1581980288028717,1.235915184020996,-0.7832985520362854
p1093,process,,38,38,4,post,odor,True,-0.10933037102222443,1.2061651945114136,-1.046280026435852
p1093,process,,39,39,2,post,odor,True,-0.01351923681795597,1.0777639150619507,-0.8251921534538269
p1093,process,,40,40,3,post,odor,True,0.10927680879831314,1.6207189559936523,-0.7963852882385254
p1093,process,,41,41,21,post,odor,True,0.6695215702056885,1.9741204977035522,-0.3729255795478821
p1093,process,,42,42,31,post,odor,True,0.03214845433831215,1.4085028171539307,-1.0229226350784302
p1093,process,,43,43,2,post,odor,True,-0.07657846808433533,0.6138098239898682,-0.9880619049072266
p1093,process,,44,44,32,post,odor,True,0.48036929965019226,1.8572585582733154,-0.2725134789943695
p1093,process,,45,45,40,post,odor,True,0.06499305367469788,1.1868815422058105,-0.7629975080490112
p1093,process,,46,46,1,post,odor,True,-0.029137806966900826,1.2722434997558594,-0.8665542006492615
p1093,process,,47,47,0,post,odor,True,0.25520217418670654,1.4994184970855713,-0.5446386337280273
p1093,process,,48,48,22,post,odor,True,0.11431208997964859,1.0977805852890015,-0.82715904712677
p1093,process,,49,49,10,post,odor,True,0.4148619472980499,1.637099266052246,-0.3609960079193115
p1093,process,,50,50,1,post,odor,True,-0.026594357565045357,1.1403039693832397,-0.9962952136993408
p1093,process,,51,51,30,post,odor,True,-0.22237509489059448,1.2352267503738403,-1.0184838771820068
p1093,process,,52,52,12,post,odor,True,0.10124757885932922,1.0868326425552368,-0.9246029853820801
p1093,process,,53,53,3,post,odor,True,0.08761678636074066,1.3373976945877075,-0.7183147072792053
p1093,process,,54,54,21,post,odor,True,0.6640006303787231,1.744063138961792,-0.23318558931350708
p1093,process,,55,55,22,post,odor,True,0.06343620270490646,1.5453230142593384,-0.6847270727157593
p1093,process,,56,56,18,post,odor,True,0.36958977580070496,1.4400533437728882,-0.8711519241333008
p1093,process,,57,57,30,post,odor,True,0.06779199838638306,0.8612779974937439,-1.1283540725708008
p1093,process,,58,58,17,post,odor,True,0.14683033525943756,1.712019920349121,-0.7372132539749146
p1093,process,,59,59,39,post,odor,True,0.679937481880188,1.813403844833374,-0.683003306388855
p1093,process,,60,60,39,post,odor,True,0.04028749093413353,1.2564767599105835,-0.7643494009971619
p1093,process,,61,61,17,post,odor,True,0.15352071821689606,1.3153380155563354,-0.91286700963974
p1093,process,,62,62,4,post,odor,True,-0.054175302386283875,1.2742695808410645,-1.1873376369476318
p1116,process,,0,0,39,pre,odor,True,1.005058765411377,4.988713264465332,-3.1749515533447266
p1116,process,,1,1,17,pre,odor,True,1.0222996473312378,5.529757976531982,-3.1508023738861084
p1116,process,,2,2,32,pre,odor,True,1.304577112197876,7.354381084442139,-2.5495874881744385
p1116,process,,3,3,32,pre,odor,True,1.7971770763397217,5.436169147491455,-2.4976649284362793
p1116,process,,4,4,30,pre,odor,True,2.4811103343963623,6.3129167556762695,-0.8211591839790344
p1116,process,,5,5,40,pre,odor,True,1.210770606994629,4.28870153427124,-3.2437744140625
p1116,process,,6,6,3,pre,odor,True,2.033902406692505,6.638862133026123,-1.9142309427261353
p1116,process,,7,7,2,pre,odor,True,1.6317121982574463,6.084208011627197,-1.539855718612671
p1116,process,,8,8,1,pre,odor,True,1.1679871082305908,5.142010688781738,-1.5445830821990967
p1116,process,,9,9,4,pre,odor,True,2.1004772186279297,6.295551300048828,-1.0661498308181763
p1116,process,,10,10,31,pre,odor,True,2.2197797298431396,6.224199295043945,-2.21879243850708
p1116,process,,11,11,21,pre,odor,True,1.868677020072937,6.200646877288818,-1.4730626344680786
p1116,process,,12,12,2,pre,odor,True,1.8778282403945923,5.949805736541748,-1.8539352416992188
p1116,process,,13,13,39,pre,odor,True,1.8768689632415771,5.75103235244751,-2.263328790664673
p1116,process,,14,14,1,pre,odor,True,1.6144874095916748,5.764225006103516,-1.7223281860351562
p1116,process,,15,15,12,pre,odor,True,2.256564140319824,5.221642017364502,-1.0773850679397583
p1116,process,,16,16,22,pre,odor,True,2.164562940597534,6.442534446716309,-1.5712037086486816
p1116,process,,17,17,10,pre,odor,True,2.3388285636901855,5.8682684898376465,-3.261157274246216
p1116,process,,18,18,17,pre,odor,True,0.9086195826530457,4.063692569732666,-2.2252166271209717
p1116,process,,19,19,31,pre,odor,True,2.3162124156951904,5.934039115905762,-1.3833897113800049
p1116,process,,20,20,30,pre,odor,True,2.112398862838745,4.404177665710449,-1.588860034942627
p1116,process,,21,21,12,pre,odor,True,0.960059642791748,4.148500442504883,-2.4237070083618164
p1116,process,,22,22,22,pre,odor,True,1.7301123142242432,3.859144687652588,-0.36596983671188354
p1116,process,,23,23,4,pre,odor,True,1.6371041536331177,5.557582855224609,-1.5065604448318481
p1116,process,,24,24,0,pre,odor,True,1.5845787525177002,5.699048042297363,-0.7813009023666382
p1116,process,,25,25,3,pre,odor,True,0.5705803632736206,4.652409553527832,-2.300274133682251
p1116,process,,26,26,40,pre,odor,True,0.8226787447929382,3.7942187786102295,-2.1129913330078125
p1116,process,,27,27,10,pre,odor,True,0.5864437222480774,3.5515642166137695,-2.249701976776123
p1116,process,,28,28,21,pre,odor,True,1.959487795829773,5.106008052825928,-0.5164995193481445
p1116,process,,29,29,18,pre,odor,True,0.010682301595807076,2.686567544937134,-2.597752809524536
p1116,process,,30,30,18,pre,odor,True,-0.06225355714559555,3.713454246520996,-2.032244920730591
p1116,process,,31,31,0,pre,odor,True,0.7443148493766785,4.266636848449707,-1.6113758087158203
p1116,process,,32,32,12,post,odor,True,0.18587307631969452,1.7565709352493286,-1.1238996982574463
p1116,process,,33,33,18,post,odor,True,0.15550591051578522,1.5692310333251953,-1.2169475555419922
p1116,process,,34,34,40,post,odor,True,-0.136321023106575,1.7220690250396729,-1.4076189994812012
p1116,process,,35,35,32,post,odor,True,-0.0037742406129837036,1.2426122426986694,-1.0173470973968506
p1116,process,,36,36,31,post,odor,True,0.28346189856529236,1.6794991493225098,-0.9766086339950562
p1116,process,,37,37,0,post,odor,True,0.09443922340869904,1.8523085117340088,-1.4143331050872803
p1116,process,,38,38,4,post,odor,True,-0.05483559891581535,1.3222520351409912,-1.3907300233840942
p1116,process,,39,39,2,post,odor,True,0.020816005766391754,1.2697097063064575,-1.2418235540390015
p1116,process,,40,40,3,post,odor,True,-0.1949593424797058,1.6203625202178955,-1.0928902626037598
p1116,process,,41,41,21,post,odor,True,3.111133098602295,6.314554691314697,-0.881499171257019
p1116,process,,42,42,31,post,odor,True,-0.063217394053936,1.3801460266113281,-1.0024652481079102
p1116,process,,43,43,2,post,odor,True,-0.012584876269102097,1.9771541357040405,-1.0520098209381104
p1116,process,,44,44,32,post,odor,True,-0.0008024763083085418,1.5588433742523193,-0.9593261480331421
p1116,process,,45,45,40,post,odor,True,-0.0805988609790802,1.1684232950210571,-1.3692426681518555
p1116,process,,46,46,1,post,odor,True,-0.0021618069149553776,1.4084577560424805,-1.0294002294540405
p1116,process,,47,47,0,post,odor,True,-0.02439448982477188,1.5700961351394653,-1.0157722234725952
p1116,process,,48,48,22,post,odor,True,0.23250922560691833,1.6620606184005737,-0.6283048391342163
p1116,process,,49,49,10,post,odor,True,-0.09002932161092758,1.3771541118621826,-1.068813443183899
p1116,process,,50,50,1,post,odor,True,-0.07938956469297409,1.336650013923645,-1.214501142501831
p1116,process,,51,51,30,post,odor,True,0.12119698524475098,1.4936033487319946,-0.9575631618499756
p1116,process,,52,52,12,post,odor,True,-0.07574282586574554,1.326016902923584,-1.1397720575332642
p1116,process,,53,53,3,post,odor,True,0.02193700149655342,1.513689398765564,-1.1239789724349976
p1116,process,,54,54,21,post,odor,True,1.736928939819336,4.5339508056640625,-0.6925011277198792
p1116,process,,55,55,22,post,odor,True,-0.08421509712934494,1.2848656177520752,-1.3585270643234253
p1116,process,,56,56,18,post,odor,True,-0.05742641165852547,1.893067479133606,-1.4648548364639282
p1116,process,,57,57,30,post,odor,True,0.04617714136838913,1.2353606224060059,-1.007191777229309
p1116,process,,58,58,17,post,odor,True,-0.12392168492078781,1.363828182220459,-1.1766934394836426
p1116,process,,59,59,39,post,odor,True,0.17468561232089996,2.345008611679077,-0.9628080725669861
p1116,process,,60,60,39,post,odor,True,-0.02804384008049965,1.6978484392166138,-1.215705394744873
p1116,process,,61,61,17,post,odor,True,0.11887404322624207,3.420466423034668,-1.0784807205200195
p1116,process,,62,62,4,post,odor,True,-0.11372984945774078,1.3852869272232056,-1.1604150533676147
p1138,process,,0,0,39,pre,odor,True,0.35669198632240295,4.565744400024414,-2.965420722961426
p1138,process,,1,1,17,pre,odor,True,-1.0135136842727661,2.236414909362793,-4.05975341796875
p1138,process,,2,2,32,pre,odor,True,1.70505690574646,4.988563537597656,-1.667499303817749
p1138,process,,3,3,32,pre,odor,True,1.2652558088302612,4.365238666534424,-1.319117784500122
p1138,process,,4,4,30,pre,odor,True,1.6551787853240967,5.099825859069824,-0.9638574123382568
p1138,process,,5,5,40,pre,odor,True,0.6215890645980835,5.38151741027832,-1.7702685594558716
p1138,process,,6,6,3,pre,odor,True,0.4468173384666443,3.6406476497650146,-1.8354259729385376
p1138,process,,7,7,2,pre,odor,True,-0.3040156662464142,3.1016159057617188,-3.068725109100342
p1138,process,,8,8,1,pre,odor,True,0.7350150346755981,3.576716661453247,-1.7984548807144165
p1138,process,,9,9,4,pre,odor,True,-0.4081220328807831,2.6038618087768555,-2.784184455871582
p1138,process,,10,10,31,pre,odor,True,1.727995753288269,6.308448791503906,-1.2341175079345703
p1138,process,,11,11,21,pre,odor,True,0.21065132319927216,3.6500229835510254,-2.5576438903808594
p1138,process,,12,12,2,pre,odor,True,0.18674136698246002,3.584242582321167,-1.9977209568023682
p1138,process,,13,13,39,pre,odor,True,0.22491732239723206,6.67338228225708,-1.9779728651046753
p1138,process,,14,14,1,pre,odor,True,1.5263348817825317,6.089905738830566,-1.6667627096176147
p1138,process,,15,15,12,pre,odor,True,0.8368400931358337,4.995074272155762,-2.832796573638916
p1138,process,,16,16,22,pre,odor,True,0.26500579714775085,3.3242266178131104,-2.909911632537842
p1138,process,,17,17,10,pre,odor,True,0.6369959712028503,3.5150792598724365,-1.9140969514846802
p1138,process,,18,18,17,pre,odor,True,-1.064874529838562,1.8794848918914795,-3.617671012878418
p1138,process,,19,19,31,pre,odor,True,1.0137850046157837,4.542678356170654,-2.0333781242370605
p1138,process,,20,20,30,pre,odor,True,0.38967636227607727,3.5682272911071777,-2.4199655055999756
p1138,process,,21,21,12,pre,odor,True,0.013982193544507027,3.580811023712158,-3.8861029148101807
p1138,process,,22,22,22,pre,odor,True,0.12897750735282898,3.9790291786193848,-2.700640916824341
p1138,process,,23,23,4,pre,odor,True,-0.21531882882118225,3.3475289344787598,-2.5110690593719482
p1138,process,,24,24,0,pre,odor,True,-0.5924072265625,4.388351917266846,-4.268732070922852
p1138,process,,25,25,3,pre,odor,True,0.3498072624206543,4.373067855834961,-2.6049067974090576
p1138,process,,26,26,40,pre,odor,True,0.25065144896507263,4.92794942855835,-3.204702377319336
p1138,process,,27,27,10,pre,odor,True,0.7484379410743713,3.4571237564086914,-1.941504955291748
p1138,process,,28,28,21,pre,odor,True,-0.2474377155303955,4.27881383895874,-3.4941773414611816
p1138,process,,29,29,18,pre,odor,True,-0.46825453639030457,3.2982280254364014,-3.1835546493530273
p1138,process,,30,30,18,pre,odor,True,-0.6366707682609558,2.6719295978546143,-3.4044582843780518
p1138,process,,31,31,0,pre,odor,True,0.32779523730278015,4.029975891113281,-3.4391307830810547
p1138,process,,32,32,12,post,odor,True,0.19619442522525787,1.8599587678909302,-0.7665796279907227
p1138,process,,33,33,18,post,odor,True,-0.0915573313832283,1.1687853336334229,-1.154136061668396
p1138,process,,34,34,40,post,odor,True,-0.18049266934394836,1.5136587619781494,-0.9737619757652283
p1138,process,,35,35,32,post,odor,True,-0.02037958614528179,1.248701810836792,-0.8997010588645935
p1138,process,,36,36,31,post,odor,True,0.12187206745147705,1.1337299346923828,-0.8749085664749146
p1138,process,,37,37,0,post,odor,True,-0.04696819558739662,1.2194710969924927,-0.8031805753707886
p1138,process,,38,38,4,post,odor,True,0.04490711912512779,1.2786306142807007,-0.8514279127120972
p1138,process,,39,39,2,post,odor,True,0.04482688754796982,1.3878915309906006,-0.931394636631012
p1138,process,,40,40,3,post,odor,True,0.06375198066234589,1.5381457805633545,-1.1451057195663452
p1138,process,,41,41,21,post,odor,True,0.3233301639556885,2.547701358795166,-0.8787354230880737
p1138,process,,42,42,31,post,odor,True,0.14011460542678833,2.0978293418884277,-0.9025740027427673
p1138,process,,43,43,2,post,odor,True,0.13820752501487732,1.5304994583129883,-0.7949820756912231
p1138,process,,44,44,32,post,odor,True,0.07884871959686279,1.531976580619812,-0.7555093765258789
p1138,process,,45,45,40,post,odor,True,0.023322882130742073,1.164851188659668,-0.7827448844909668
p1138,process,,46,46,1,post,odor,True,0.055551327764987946,1.5980056524276733,-0.8863402605056763
p1138,process,,47,47,0,post,odor,True,0.05123390257358551,1.516560435295105,-0.9720795750617981
p1138,process,,48,48,22,post,odor,True,0.19534090161323547,1.1744765043258667,-0.660121500492096
p1138,process,,49,49,10,post,odor,True,-0.1435272991657257,0.9735223054885864,-1.0013145208358765
p1138,process,,50,50,1,post,odor,True,0.02621406503021717,1.3274840116500854,-0.9295947551727295
p1138,process,,51,51,30,post,odor,True,0.031137559562921524,1.904190182685852,-1.007749319076538
p1138,process,,52,52,12,post,odor,True,0.03826262056827545,0.9842863082885742,-0.8494652509689331
p1138,process,,53,53,3,post,odor,True,0.005661899223923683,1.6512131690979004,-0.7239612936973572
p1138,process,,54,54,21,post,odor,True,0.11746461689472198,1.1074658632278442,-0.7706873416900635
p1138,process,,55,55,22,post,odor,True,0.1218208596110344,1.3252943754196167,-0.5838868021965027
p1138,process,,56,56,18,post,odor,True,0.032367050647735596,1.366026520729065,-0.8307054042816162
p1138,process,,57,57,30,post,odor,True,0.1461004763841629,1.7162809371948242,-0.870157778263092
p1138,process,,58,58,17,post,odor,True,0.05355997756123543,1.5177055597305298,-0.81584632396698
p1138,process,,59,59,39,post,odor,True,0.12252797186374664,1.4354020357131958,-0.5297574996948242
p1138,process,,60,60,39,post,odor,True,0.0074454606510698795,0.7672834396362305,-0.7026167511940002
p1138,process,,61,61,17,post,odor,True,0.10693967342376709,1.0391871929168701,-0.5401601791381836
p1138,process,,62,62,4,post,odor,True,-0.04754547402262688,1.3684412240982056,-0.5000655651092529
p1160,process,,0,0,39,pre,odor,True,1.46092689037323,4.716017246246338,-3.3327887058258057
p1160,process,,1,1,17,pre,odor,True,1.5323656797409058,4.798665523529053,-1.7997872829437256
p1160,process,,2,2,32,pre,odor,True,1.7886656522750854,5.960901260375977,-1.5744835138320923
p1160,process,,3,3,32,pre,odor,True,4.425557613372803,8.153757095336914,-0.9979532957077026
p1160,process,,4,4,30,pre,odor,True,2.508859634399414,6.412089824676514,-1.408473014831543
p1160,process,,5,5,40,pre,odor,True,1.6869181394577026,5.945827484130859,-2.251944065093994
p1160,process,,6,6,3,pre,odor,True,2.9511489868164062,10.091378211975098,-1.9579284191131592
p1160,process,,7,7,2,pre,odor,True,2.7490289211273193,6.354814529418945,-1.6091768741607666
p1160,process,,8,8,1,pre,odor,True,1.711779236793518,4.161307334899902,-1.654199481010437
p1160,process,,9,9,4,pre,odor,True,2.709550380706787,6.70822811126709,-1.598437786102295
p1160,process,,10,10,31,pre,odor,True,2.2684524059295654,5.552872657775879,-1.2664920091629028
p1160,process,,11,11,21,pre,odor,True,1.7432618141174316,5.7830634117126465,-1.5464707612991333
p1160,process,,12,12,2,pre,odor,True,2.1815123558044434,6.566208839416504,-0.4119706153869629
p1160,process,,13,13,39,pre,odor,True,1.7950859069824219,5.743834972381592,-1.5773414373397827
p1160,process,,14,14,1,pre,odor,True,1.9099128246307373,6.021522521972656,-0.6856411695480347
p1160,process,,15,15,12,pre,odor,True,2.020634412765503,5.653292179107666,-2.0735256671905518
p1160,process,,16,16,22,pre,odor,True,2.944875955581665,6.973263263702393,-0.7035890221595764
p1160,process,,17,17,10,pre,odor,True,2.5312042236328125,5.651848793029785,-0.9375631213188171
p1160,process,,18,18,17,pre,odor,True,0.74824059009552,3.3416390419006348,-2.5844483375549316
p1160,process,,19,19,31,pre,odor,True,2.882141590118408,6.622305393218994,-1.7441117763519287
p1160,process,,20,20,30,pre,odor,True,1.9507242441177368,5.210599899291992,-1.309836983680725
p1160,process,,21,21,12,pre,odor,True,0.867189347743988,3.1218490600585938,-2.167951822280884
p1160,process,,22,22,22,pre,odor,True,2.560556411743164,5.779699325561523,-1.4492058753967285
p1160,process,,23,23,4,pre,odor,True,1.5257422924041748,5.3500871658325195,-2.028986930847168
p1160,process,,24,24,0,pre,odor,True,1.0353312492370605,4.222299098968506,-1.6558241844177246
p1160,process,,25,25,3,pre,odor,True,0.7982436418533325,4.417133331298828,-2.3243508338928223
p1160,process,,26,26,40,pre,odor,True,0.44759246706962585,4.542190074920654,-2.345320463180542
p1160,process,,27,27,10,pre,odor,True,1.1450960636138916,4.096620082855225,-1.5604658126831055
p1160,process,,28,28,21,pre,odor,True,1.8517475128173828,5.75758171081543,-1.0920661687850952
p1160,process,,29,29,18,pre,odor,True,0.14098180830478668,3.624882459640503,-2.113313674926758
p1160,process,,30,30,18,pre,odor,True,-1.1231080293655396,0.6147224307060242,-3.041442632675171
p1160,process,,31,31,0,pre,odor,True,0.6697431206703186,5.1580376625061035,-2.632296085357666
p1160,process,,32,32,12,post,odor,True,-0.18194220960140228,1.053837537765503,-1.2791377305984497
p1160,process,,33,33,18,post,odor,True,-0.13669417798519135,1.0444637537002563,-1.4377330541610718
p1160,process,,34,34,40,post,odor,True,-0.02349279820919037,1.3839519023895264,-1.3201956748962402
p1160,process,,35,35,32,post,odor,True,0.04642584174871445,1.4219374656677246,-1.186767339706421
p1160,process,,36,36,31,post,odor,True,-0.2736318111419678,1.3073008060455322,-1.6793514490127563
p1160,process,,37,37,0,post,odor,True,0.1417500078678131,2.055619955062866,-1.0980318784713745
p1160,process,,38,38,4,post,odor,True,-0.03213101997971535,1.2353148460388184,-1.4449703693389893
p1160,process,,39,39,2,post,odor,True,0.03315875679254532,1.4279247522354126,-0.9892816543579102
p1160,process,,40,40,3,post,odor,True,0.25003716349601746,1.6503231525421143,-1.3258000612258911
p1160,process,,41,41,21,post,odor,True,3.2747604846954346,7.952994346618652,-1.0450525283813477
p1160,process,,42,42,31,post,odor,True,0.0426679328083992,1.5070116519927979,-1.3680245876312256
p1160,process,,43,43,2,post,odor,True,-0.02907218411564827,1.7731038331985474,-1.2776559591293335
p1160,process,,44,44,32,post,odor,True,0.08359552174806595,1.9401886463165283,-1.4437999725341797
p1160,process,,45,45,40,post,odor,True,0.03369792923331261,1.644639492034912,-1.4492814540863037
p1160,process,,46,46,1,post,odor,True,0.23272016644477844,2.4308762550354004,-1.1531800031661987
p1160,process,,47,47,0,post,odor,True,0.10712813585996628,1.5181161165237427,-1.1688330173492432
p1160,process,,48,48,22,post,odor,True,0.1988120973110199,2.081500768661499,-1.1432734727859497
p1160,process,,49,49,10,post,odor,True,-0.1448771208524704,1.531891107559204,-1.5393484830856323
p1160,process,,50,50,1,post,odor,True,-0.015393217094242573,1.700088381767273,-1.143418788909912
p1160,process,,51,51,30,post,odor,True,-0.13638094067573547,1.6485040187835693,-1.2795326709747314
p1160,process,,52,52,12,post,odor,True,0.04611761495471001,2.188668966293335,-1.342780351638794
p1160,process,,53,53,3,post,odor,True,0.048851944506168365,1.2794294357299805,-1.0579841136932373
p1160,process,,54,54,21,post,odor,True,2.8216335773468018,5.439719200134277,-0.977410614490509
p1160,process,,55,55,22,post,odor,True,-0.030300026759505272,1.865425705909729,-1.7120811939239502
p1160,process,,56,56,18,post,odor,True,-0.007886446081101894,1.9133192300796509,-1.3660799264907837
p1160,process,,57,57,30,post,odor,True,0.020905179902911186,1.4869413375854492,-1.155716061592102
p1160,process,,58,58,17,post,odor,True,-0.13579654693603516,1.3472002744674683,-1.20833158493042
p1160,process,,59,59,39,post,odor,True,0.1142464429140091,1.2819186449050903,-1.0377042293548584
p1160,process,,60,60,39,post,odor,True,-0.0353705957531929,1.0406004190444946,-1.0047682523727417
p1160,process,,61,61,17,post,odor,True,0.08722250908613205,1.0831743478775024,-0.7776792645454407
p1160,process,,62,62,4,post,odor,True,-0.09347280859947205,1.0945396423339844,-1.333850622177124
p1183,process,,0,0,39,pre,odor,True,-1.1185672283172607,2.3785245418548584,-3.8958075046539307
p1183,process,,1,1,17,pre,odor,True,-0.5789890885353088,3.920703411102295,-3.6743319034576416
p1183,process,,2,2,32,pre,odor,True,3.785811424255371,8.700187683105469,0.5243628621101379
p1183,process,,3,3,32,pre,odor,True,4.1126275062561035,8.043607711791992,-1.5835856199264526
p1183,process,,4,4,30,pre,odor,True,3.9675939083099365,8.557090759277344,-0.35895976424217224
p1183,process,,5,5,40,pre,odor,True,0.5677730441093445,4.580920696258545,-2.499537229537964
p1183,process,,6,6,3,pre,odor,True,2.6590805053710938,6.6849284172058105,-1.0148816108703613
p1183,process,,7,7,2,pre,odor,True,1.504108190536499,5.370772838592529,-2.388827323913574
p1183,process,,8,8,1,pre,odor,True,0.3164386451244354,3.3778717517852783,-2.862581729888916
p1183,process,,9,9,4,pre,odor,True,2.0655531883239746,6.278937339782715,-1.2263065576553345
p1183,process,,10,10,31,pre,odor,True,3.98809814453125,8.314889907836914,-0.2860848605632782
p1183,process,,11,11,21,pre,odor,True,2.779419183731079,6.511931896209717,-2.4783742427825928
p1183,process,,12,12,2,pre,odor,True,0.50578773021698,3.367377758026123,-1.2181984186172485
p1183,process,,13,13,39,pre,odor,True,-0.07334358245134354,2.7460508346557617,-2.1383936405181885
p1183,process,,14,14,1,pre,odor,True,0.66258305311203,3.8137409687042236,-1.7942447662353516
p1183,process,,15,15,12,pre,odor,True,1.2777177095413208,4.775235652923584,-1.0124708414077759
p1183,process,,16,16,22,pre,odor,True,2.1695799827575684,5.455673694610596,-1.0821895599365234
p1183,process,,17,17,10,pre,odor,True,1.8220564126968384,5.631347179412842,-1.407472848892212
p1183,process,,18,18,17,pre,odor,True,0.03299776837229729,1.931599736213684,-2.0683231353759766
p1183,process,,19,19,31,pre,odor,True,3.5946106910705566,7.800426483154297,-0.3798398971557617
p1183,process,,20,20,30,pre,odor,True,5.349492073059082,10.083952903747559,-0.4542723298072815
p1183,process,,21,21,12,pre,odor,True,0.18653811514377594,2.6660664081573486,-3.1637704372406006
p1183,process,,22,22,22,pre,odor,True,1.7327574491500854,4.989992141723633,-1.1443910598754883
p1183,process,,23,23,4,pre,odor,True,0.37997955083847046,3.3694093227386475,-2.967054843902588
p1183,process,,24,24,0,pre,odor,True,-0.08729966729879379,3.868072271347046,-3.666435480117798
p1183,process,,25,25,3,pre,odor,True,0.42290371656417847,4.180947780609131,-2.4127931594848633
p1183,process,,26,26,40,pre,odor,True,0.22756542265415192,4.237845420837402,-2.471339464187622
p1183,process,,27,27,10,pre,odor,True,0.8592557907104492,5.580779075622559,-1.6977665424346924
p1183,process,,28,28,21,pre,odor,True,9.313642501831055,16.554019927978516,-0.28192800283432007
p1183,process,,29,29,18,pre,odor,True,-0.3780663311481476,3.4943387508392334,-3.6048583984375
p1183,process,,30,30,18,pre,odor,True,-1.3611409664154053,2.4800047874450684,-4.459262371063232
p1183,process,,31,31,0,pre,odor,True,-0.3337620496749878,3.5604605674743652,-4.144697666168213
p1183,process,,32,32,12,post,odor,True,0.05931660160422325,1.939443826675415,-1.6995620727539062
p1183,process,,33,33,18,post,odor,True,0.0165259912610054,1.9949456453323364,-1.8359779119491577
p1183,process,,34,34,40,post,odor,True,0.028517909348011017,2.0934715270996094,-1.963273286819458
p1183,process,,35,35,32,post,odor,True,0.6930535435676575,3.009737491607666,-1.331950306892395
p1183,process,,36,36,31,post,odor,True,0.5313039422035217,3.1016347408294678,-1.2685083150863647
p1183,process,,37,37,0,post,odor,True,0.44693702459335327,2.14900803565979,-1.157617211341858
p1183,process,,38,38,4,post,odor,True,-0.15393111109733582,2.2906739711761475,-1.8462790250778198
p1183,process,,39,39,2,post,odor,True,-0.05720977485179901,1.7918610572814941,-2.0535292625427246
p1183,process,,40,40,3,post,odor,True,0.4999903738498688,2.321662425994873,-1.160879373550415
p1183,process,,41,41,21,post,odor,True,6.864292144775391,13.544254302978516,-1.8235836029052734
p1183,process,,42,42,31,post,odor,True,0.06218041479587555,2.0479114055633545,-1.5609235763549805
p1183,process,,43,43,2,post,odor,True,0.06497381627559662,2.448333978652954,-1.413516879081726
p1183,process,,44,44,32,post,odor,True,0.3356003165245056,3.4065589904785156,-1.1395844221115112
p1183,process,,45,45,40,post,odor,True,0.06463173031806946,2.291574239730835,-1.9848120212554932
p1183,process,,46,46,1,post,odor,True,-0.2420019656419754,1.7612786293029785,-1.6643673181533813
p1183,process,,47,47,0,post,odor,True,-0.027388963848352432,2.2545435428619385,-1.0884342193603516
p1183,process,,48,48,22,post,odor,True,-0.23696261644363403,1.1959843635559082,-1.7036174535751343
p1183,process,,49,49,10,post,odor,True,0.08304692804813385,1.4369210004806519,-1.5006730556488037
p1183,process,,50,50,1,post,odor,True,0.14299941062927246,2.0081417560577393,-1.1254451274871826
p1183,process,,51,51,30,post,odor,True,0.03800676390528679,1.2243130207061768,-1.2096704244613647
p1183,process,,52,52,12,post,odor,True,-0.08457595109939575,1.9224125146865845,-1.2318235635757446
p1183,process,,53,53,3,post,odor,True,0.11977843940258026,1.4780977964401245,-1.3720976114273071
p1183,process,,54,54,21,post,odor,True,3.4017491340637207,6.514813423156738,-1.204169750213623
p1183,process,,55,55,22,post,odor,True,-0.14516189694404602,1.504536747932434,-1.5443991422653198
p1183,process,,56,56,18,post,odor,True,0.26080262660980225,1.7639392614364624,-0.899678647518158
p1183,process,,57,57,30,post,odor,True,0.1858641356229782,1.2968683242797852,-0.7260849475860596
p1183,process,,58,58,17,post,odor,True,0.015023523941636086,1.3579812049865723,-0.824941098690033
p1183,process,,59,59,39,post,odor,True,0.06936607509851456,1.0457388162612915,-0.4621157646179199
p1183,process,,60,60,39,post,odor,True,0.06153640151023865,0.818786084651947,-0.21203550696372986
p1183,process,,61,61,17,post,odor,True,0.03051220253109932,0.5147825479507446,-0.2373793125152588
p1183,process,,62,62,4,post,odor,True,-0.020742513239383698,0.21669818460941315,-0.11958932131528854
p1205,process,,0,0,39,pre,odor,True,1.2082127332687378,5.004578113555908,-2.009467363357544
p1205,process,,1,1,17,pre,odor,True,0.9008954763412476,4.72684907913208,-2.041903018951416
p1205,process,,2,2,32,pre,odor,True,1.0850147008895874,5.190413475036621,-1.852229356765747
p1205,process,,3,3,32,pre,odor,True,2.1597747802734375,6.467734336853027,-0.7273873686790466
p1205,process,,4,4,30,pre,odor,True,2.0072267055511475,5.85004186630249,-1.2619608640670776
p1205,process,,5,5,40,pre,odor,True,2.0944724082946777,7.948060035705566,-1.6408729553222656
p1205,process,,6,6,3,pre,odor,True,2.351022958755493,7.366060256958008,-1.382972002029419
p1205,process,,7,7,2,pre,odor,True,2.309541702270508,6.072475433349609,-2.0604090690612793
p1205,process,,8,8,1,pre,odor,True,0.5009276866912842,3.029571056365967,-4.086400032043457
p1205,process,,9,9,4,pre,odor,True,1.6779260635375977,6.8155035972595215,-1.2476452589035034
p1205,process,,10,10,31,pre,odor,True,2.424208641052246,5.798086643218994,-0.9213790893554688
p1205,process,,11,11,21,pre,odor,True,1.0104997158050537,3.9751501083374023,-2.18912410736084
p1205,process,,12,12,2,pre,odor,True,1.5449604988098145,6.968911647796631,-1.5627530813217163
p1205,process,,13,13,39,pre,odor,True,0.729005753993988,6.41636848449707,-2.2533516883850098
p1205,process,,14,14,1,pre,odor,True,1.7981404066085815,5.593048095703125,-2.2994587421417236
p1205,process,,15,15,12,pre,odor,True,2.3071744441986084,6.324251651763916,-2.2821097373962402
p1205,process,,16,16,22,pre,odor,True,2.4635872840881348,7.505113124847412,-0.6079274415969849
p1205,process,,17,17,10,pre,odor,True,2.504754066467285,5.384763717651367,-1.649330973625183
p1205,process,,18,18,17,pre,odor,True,0.8463245630264282,3.5356509685516357,-2.6508641242980957
p1205,process,,19,19,31,pre,odor,True,2.9459125995635986,6.376650810241699,0.035847458988428116
p1205,process,,20,20,30,pre,odor,True,1.924558401107788,4.760573863983154,-0.5701978802680969
p1205,process,,21,21,12,pre,odor,True,0.5667632818222046,4.717482566833496,-2.769484281539917
p1205,process,,22,22,22,pre,odor,True,2.213899850845337,5.481637954711914,-0.7670238614082336
p1205,process,,23,23,4,pre,odor,True,1.2130380868911743,5.925949573516846,-1.842591643333435
p1205,process,,24,24,0,pre,odor,True,1.370111107826233,4.882532596588135,-1.4730494022369385
p1205,process,,25,25,3,pre,odor,True,0.9685993790626526,3.6749370098114014,-2.1877646446228027
p1205,process,,26,26,40,pre,odor,True,1.2451422214508057,4.515920639038086,-0.8798384666442871
p1205,process,,27,27,10,pre,odor,True,2.036797523498535,6.705076217651367,-2.312995433807373
p1205,process,,28,28,21,pre,odor,True,2.311605215072632,6.704817771911621,-1.471871018409729
p1205,process,,29,29,18,pre,odor,True,-0.5692585706710815,1.8715580701828003,-2.372556447982788
p1205,process,,30,30,18,pre,odor,True,-0.18052901327610016,2.6581759452819824,-2.2665295600891113
p1205,process,,31,31,0,pre,odor,True,1.9695554971694946,5.791042327880859,-1.840768575668335
p1205,process,,32,32,12,post,odor,True,0.44527584314346313,3.0419769287109375,-1.2706947326660156
p1205,process,,33,33,18,post,odor,True,-0.1459699273109436,1.5073580741882324,-1.658861756324768
p1205,process,,34,34,40,post,odor,True,-0.024095946922898293,1.583791971206665,-1.8195801973342896
p1205,process,,35,35,32,post,odor,True,-0.24142692983150482,2.0635738372802734,-1.4200729131698608
p1205,process,,36,36,31,post,odor,True,0.20909719169139862,2.1934030055999756,-1.0952061414718628
p1205,process,,37,37,0,post,odor,True,0.15618428587913513,2.630720853805542,-1.1184210777282715
p1205,process,,38,38,4,post,odor,True,0.09535606950521469,1.786203384399414,-1.2085517644882202
p1205,process,,39,39,2,post,odor,True,-0.030609406530857086,1.8823562860488892,-1.332564353942871
p1205,process,,40,40,3,post,odor,True,-0.010623550973832607,1.6791046857833862,-1.2951947450637817
p1205,process,,41,41,21,post,odor,True,1.5653650760650635,4.3289618492126465,-1.5213181972503662
p1205,process,,42,42,31,post,odor,True,-0.0647229328751564,1.5652282238006592,-1.5617517232894897
p1205,process,,43,43,2,post,odor,True,0.020908581092953682,2.1819989681243896,-1.043249487876892
p1205,process,,44,44,32,post,odor,True,0.13660019636154175,2.0332729816436768,-1.9762248992919922
p1205,process,,45,45,40,post,odor,True,-0.059533748775720596,3.7599093914031982,-1.8036777973175049
p1205,process,,46,46,1,post,odor,True,-0.13359074294567108,2.255256414413452,-2.322787284851074
p1205,process,,47,47,0,post,odor,True,-0.028553538024425507,1.6821613311767578,-1.4745570421218872
p1205,process,,48,48,22,post,odor,True,0.010206740349531174,2.1157524585723877,-1.416923999786377
p1205,process,,49,49,10,post,odor,True,-0.024724207818508148,1.9788851737976074,-1.9167230129241943
p1205,process,,50,50,1,post,odor,True,-0.08196642994880676,1.6075571775436401,-1.319678783416748
p1205,process,,51,51,30,post,odor,True,-0.2344934344291687,1.1274728775024414,-2.0503687858581543
p1205,process,,52,52,12,post,odor,True,0.278181254863739,2.202627182006836,-1.268882155418396
p1205,process,,53,53,3,post,odor,True,0.009888039901852608,1.4126672744750977,-1.456221342086792
p1205,process,,54,54,21,post,odor,True,1.316081166267395,4.687269687652588,-1.0120410919189453
p1205,process,,55,55,22,post,odor,True,-0.024293512105941772,2.6189382076263428,-1.2384109497070312
p1205,process,,56,56,18,post,odor,True,0.1656496226787567,1.5938160419464111,-1.1161680221557617
p1205,process,,57,57,30,post,odor,True,0.12312500178813934,2.414609432220459,-1.674908995628357
p1205,process,,58,58,17,post,odor,True,0.040786437690258026,1.9283806085586548,-1.7619150876998901
p1205,process,,59,59,39,post,odor,True,-0.0642797201871872,2.396631956100464,-1.572051763534546
p1205,process,,60,60,39,post,odor,True,0.11015308648347855,1.6585571765899658,-1.5869922637939453
p1205,process,,61,61,17,post,odor,True,-0.03817793354392052,1.896174430847168,-1.586082935333252
p1205,process,,62,62,4,post,odor,True,0.11387617886066437,2.0395896434783936,-1.201632022857666
p1227,process,,0,0,39,pre,odor,True,-1.1042789220809937,1.6456817388534546,-4.164921760559082
p1227,process,,1,1,17,pre,odor,True,-0.925327718257904,3.011658191680908,-3.6259405612945557
p1227,process,,2,2,32,pre,odor,True,1.3243166208267212,4.761845588684082,-2.1719915866851807
p1227,process,,3,3,32,pre,odor,True,-0.06162472814321518,2.5438480377197266,-2.7297239303588867
p1227,process,,4,4,30,pre,odor,True,0.011486446484923363,2.2790117263793945,-3.099837303161621
p1227,process,,5,5,40,pre,odor,True,-0.460035115480423,2.253537654876709,-2.154127836227417
p1227,process,,6,6,3,pre,odor,True,-0.3987107276916504,2.0152289867401123,-2.5769102573394775
p1227,process,,7,7,2,pre,odor,True,0.15949448943138123,2.6995372772216797,-2.021728515625
p1227,process,,8,8,1,pre,odor,True,2.5522892475128174,7.791801452636719,-0.9851585030555725
p1227,process,,9,9,4,pre,odor,True,-0.023544570431113243,2.689621925354004,-3.155208110809326
p1227,process,,10,10,31,pre,odor,True,-0.21166206896305084,2.270958423614502,-3.3002147674560547
p1227,process,,11,11,21,pre,odor,True,-1.1269245147705078,3.0537445545196533,-3.7098824977874756
p1227,process,,12,12,2,pre,odor,True,-0.21883244812488556,2.4496026039123535,-2.643993616104126
p1227,process,,13,13,39,pre,odor,True,-1.3253594636917114,2.4357192516326904,-3.826209306716919
p1227,process,,14,14,1,pre,odor,True,1.0401192903518677,4.444133281707764,-2.5964913368225098
p1227,process,,15,15,12,pre,odor,True,0.7614526152610779,6.774162769317627,-2.370619058609009
p1227,process,,16,16,22,pre,odor,True,-0.3501012623310089,4.11816930770874,-3.563781499862671
p1227,process,,17,17,10,pre,odor,True,2.0554513931274414,5.953710556030273,-1.2491610050201416
p1227,process,,18,18,17,pre,odor,True,-2.0028138160705566,1.0473955869674683,-3.655259370803833
p1227,process,,19,19,31,pre,odor,True,-0.02696256712079048,1.8181718587875366,-2.7213945388793945
p1227,process,,20,20,30,pre,odor,True,-0.07244143635034561,1.560346245765686,-1.5236976146697998
p1227,process,,21,21,12,pre,odor,True,-0.1434248685836792,2.5837738513946533,-4.0125274658203125
p1227,process,,22,22,22,pre,odor,True,-0.051254913210868835,1.810492992401123,-2.1174349784851074
p1227,process,,23,23,4,pre,odor,True,-0.018033554777503014,2.80165958404541,-2.955770492553711
p1227,process,,24,24,0,pre,odor,True,1.219475269317627,5.4221720695495605,-1.1341679096221924
p1227,process,,25,25,3,pre,odor,True,-0.4224485158920288,2.8548078536987305,-3.7060155868530273
p1227,process,,26,26,40,pre,odor,True,-1.3582391738891602,2.9466605186462402,-4.206829071044922
p1227,process,,27,27,10,pre,odor,True,2.7270560264587402,7.543666362762451,-0.6079936623573303
p1227,process,,28,28,21,pre,odor,True,-1.618065595626831,2.768345594406128,-4.477352142333984
p1227,process,,29,29,18,pre,odor,True,-0.1563192754983902,2.3149683475494385,-2.499058723449707
p1227,process,,30,30,18,pre,odor,True,-2.709259510040283,-0.45953282713890076,-4.711784839630127
p1227,process,,31,31,0,pre,odor,True,-0.8001711368560791,1.5407171249389648,-4.259761333465576
p1227,process,,32,32,12,post,odor,True,-0.0790489912033081,1.674637794494629,-1.1767125129699707
p1227,process,,33,33,18,post,odor,True,-0.22400324046611786,1.6775630712509155,-1.2576619386672974
p1227,process,,34,34,40,post,odor,True,-0.15741673111915588,1.1853820085525513,-1.6059304475784302
p1227,process,,35,35,32,post,odor,True,-0.10754934698343277,1.3478813171386719,-1.457122564315796
p1227,process,,36,36,31,post,odor,True,-0.1249392107129097,1.5907987356185913,-1.6050891876220703
p1227,process,,37,37,0,post,odor,True,-0.01749986782670021,1.5286908149719238,-1.60222327709198
p1227,process,,38,38,4,post,odor,True,-0.032233573496341705,1.237259864807129,-1.2859095335006714
p1227,process,,39,39,2,post,odor,True,0.024956345558166504,1.8270751237869263,-1.6712814569473267
p1227,process,,40,40,3,post,odor,True,-0.07186701148748398,1.3756071329116821,-1.358953595161438
p1227,process,,41,41,21,post,odor,True,-0.10051389038562775,2.000314474105835,-1.741589903831482
p1227,process,,42,42,31,post,odor,True,0.12904131412506104,1.488435983657837,-1.1337978839874268
p1227,process,,43,43,2,post,odor,True,-0.15884095430374146,1.8469161987304688,-1.4508233070373535
p1227,process,,44,44,32,post,odor,True,-0.0330316498875618,1.5282840728759766,-1.2708206176757812
p1227,process,,45,45,40,post,odor,True,0.008902187459170818,1.6940398216247559,-1.1345446109771729
p1227,process,,46,46,1,post,odor,True,0.3627443015575409,1.7205495834350586,-1.1783218383789062
p1227,process,,47,47,0,post,odor,True,-0.15307410061359406,1.6461814641952515,-1.3843611478805542
p1227,process,,48,48,22,post,odor,True,-0.08729062229394913,2.887056350708008,-1.301564335823059
p1227,process,,49,49,10,post,odor,True,0.0325707346200943,1.950569748878479,-1.7506221532821655
p1227,process,,50,50,1,post,odor,True,-0.16496534645557404,1.6270978450775146,-1.2220391035079956
p1227,process,,51,51,30,post,odor,True,0.09308327734470367,2.29764461517334,-1.3829113245010376
p1227,process,,52,52,12,post,odor,True,-0.06529471278190613,1.1578782796859741,-1.517423391342163
p1227,process,,53,53,3,post,odor,True,-0.3664321303367615,1.074392557144165,-1.7611533403396606
p1227,process,,54,54,21,post,odor,True,0.25549066066741943,1.9479188919067383,-0.9611870050430298
p1227,process,,55,55,22,post,odor,True,0.13741672039031982,1.6701894998550415,-1.2235732078552246
p1227,process,,56,56,18,post,odor,True,-0.22571757435798645,1.2768419981002808,-1.6691054105758667
p1227,process,,57,57,30,post,odor,True,-0.055762648582458496,1.933166265487671,-1.5577723979949951
p1227,process,,58,58,17,post,odor,True,-0.006244075950235128,2.111924648284912,-1.4216835498809814
p1227,process,,59,59,39,post,odor,True,-0.08178592473268509,1.8293818235397339,-2.1868417263031006
p1227,process,,60,60,39,post,odor,True,-0.15165962278842926,1.8150420188903809,-1.5994658470153809
p1227,process,,61,61,17,post,odor,True,-0.22564101219177246,1.1550711393356323,-1.3982287645339966
p1227,process,,62,62,4,post,odor,True,0.19988702237606049,2.476167917251587,-1.4800527095794678
p1250,process,,0,0,39,pre,odor,True,0.7790562510490417,5.798590183258057,-3.114384889602661
p1250,process,,1,1,17,pre,odor,True,0.3171035349369049,4.694401741027832,-2.0473289489746094
p1250,process,,2,2,32,pre,odor,True,0.07706429809331894,3.3463082313537598,-2.594856023788452
p1250,process,,3,3,32,pre,odor,True,0.8317806720733643,5.045426368713379,-2.7050178050994873
p1250,process,,4,4,30,pre,odor,True,1.0428894758224487,4.264355659484863,-3.055499792098999
p1250,process,,5,5,40,pre,odor,True,0.6999932527542114,4.325481414794922,-2.6025288105010986
p1250,process,,6,6,3,pre,odor,True,1.028915286064148,5.002973556518555,-2.6376254558563232
p1250,process,,7,7,2,pre,odor,True,0.559907078742981,4.653646945953369,-2.330932140350342
p1250,process,,8,8,1,pre,odor,True,0.8553730249404907,5.558191299438477,-1.59100341796875
p1250,process,,9,9,4,pre,odor,True,0.9421204328536987,3.974287509918213,-1.4544456005096436
p1250,process,,10,10,31,pre,odor,True,1.7876312732696533,5.066043853759766,-1.6158612966537476
p1250,process,,11,11,21,pre,odor,True,0.7708330750465393,5.079582691192627,-1.4779140949249268
p1250,process,,12,12,2,pre,odor,True,0.6578935980796814,4.2494730949401855,-3.2070469856262207
p1250,process,,13,13,39,pre,odor,True,0.3397269546985626,3.208876371383667,-2.2256968021392822
p1250,process,,14,14,1,pre,odor,True,0.8867168426513672,3.509523391723633,-2.119295597076416
p1250,process,,15,15,12,pre,odor,True,1.3512532711029053,5.321787357330322,-1.9998998641967773
p1250,process,,16,16,22,pre,odor,True,1.2565659284591675,5.012922763824463,-1.9983168840408325
p1250,process,,17,17,10,pre,odor,True,1.330443263053894,5.3726911544799805,-2.7531659603118896
p1250,process,,18,18,17,pre,odor,True,0.23268938064575195,4.502930641174316,-2.287454605102539
p1250,process,,19,19,31,pre,odor,True,1.5125105381011963,3.977311134338379,-1.3812522888183594
p1250,process,,20,20,30,pre,odor,True,1.2232887744903564,4.3805999755859375,-2.0849592685699463
p1250,process,,21,21,12,pre,odor,True,0.2920742332935333,4.74810266494751,-1.7963502407073975
p1250,process,,22,22,22,pre,odor,True,0.7528894543647766,3.8289754390716553,-2.3276875019073486
p1250,process,,23,23,4,pre,odor,True,0.8164694905281067,4.835896015167236,-2.441141366958618
p1250,process,,24,24,0,pre,odor,True,0.7494899034500122,4.142751216888428,-1.9227709770202637
p1250,process,,25,25,3,pre,odor,True,0.5339188575744629,5.427559852600098,-1.9499140977859497
p1250,process,,26,26,40,pre,odor,True,1.0979255437850952,3.7350683212280273,-1.6902132034301758
p1250,process,,27,27,10,pre,odor,True,0.688296377658844,4.7395124435424805,-2.398120403289795
p1250,process,,28,28,21,pre,odor,True,1.2847039699554443,7.426157474517822,-1.3910346031188965
p1250,process,,29,29,18,pre,odor,True,0.13708405196666718,2.1114790439605713,-2.4454994201660156
p1250,process,,30,30,18,pre,odor,True,-0.2131766676902771,2.9801933765411377,-1.9897500276565552
p1250,process,,31,31,0,pre,odor,True,1.3194713592529297,5.082223415374756,-1.6993659734725952
p1250,process,,32,32,12,post,odor,True,-0.002022060565650463,1.9256179332733154,-1.3589670658111572
p1250,process,,33,33,18,post,odor,True,0.033963486552238464,1.9243820905685425,-1.0270211696624756
p1250,process,,34,34,40,post,odor,True,0.04976418614387512,1.9497922658920288,-0.9163228869438171
p1250,process,,35,35,32,post,odor,True,-0.13950015604496002,1.419718861579895,-1.3260364532470703
p1250,process,,36,36,31,post,odor,True,0.03183506801724434,1.4419642686843872,-0.9939541816711426
p1250,process,,37,37,0,post,odor,True,0.19890005886554718,1.7714486122131348,-0.6917359828948975
p1250,process,,38,38,4,post,odor,True,-0.037017758935689926,1.483600378036499,-1.1329529285430908
p1250,process,,39,39,2,post,odor,True,0.2622391879558563,2.0032496452331543,-0.8770754337310791
p1250,process,,40,40,3,post,odor,True,0.008777775801718235,2.866117477416992,-1.0024690628051758
p1250,process,,41,41,21,post,odor,True,2.397420883178711,5.393368721008301,-0.6448324918746948
p1250,process,,42,42,31,post,odor,True,0.03529942035675049,1.3733196258544922,-0.8668996691703796
p1250,process,,43,43,2,post,odor,True,0.032635096460580826,1.2013589143753052,-0.9194753170013428
p1250,process,,44,44,32,post,odor,True,0.04619554430246353,1.2666208744049072,-1.154929518699646
p1250,process,,45,45,40,post,odor,True,-0.0003236415213905275,2.5298514366149902,-0.9195952415466309
p1250,process,,46,46,1,post,odor,True,0.024803627282381058,1.1611827611923218,-0.8412121534347534
p1250,process,,47,47,0,post,odor,True,0.12964798510074615,2.314009189605713,-0.8958895206451416
p1250,process,,48,48,22,post,odor,True,0.026729749515652657,1.3481444120407104,-0.9081697463989258
p1250,process,,49,49,10,post,odor,True,-0.2125534862279892,1.340059757232666,-1.0221976041793823
p1250,process,,50,50,1,post,odor,True,-0.029187669977545738,2.1252572536468506,-1.0340592861175537
p1250,process,,51,51,30,post,odor,True,0.3341856002807617,2.6268672943115234,-0.7300156950950623
p1250,process,,52,52,12,post,odor,True,-0.18430311977863312,0.883682370185852,-1.0065383911132812
p1250,process,,53,53,3,post,odor,True,-0.03275998309254646,1.786600947380066,-0.9867228865623474
p1250,process,,54,54,21,post,odor,True,2.058239698410034,6.37967586517334,-0.6922426223754883
p1250,process,,55,55,22,post,odor,True,-0.045680273324251175,2.42873215675354,-1.0226589441299438
p1250,process,,56,56,18,post,odor,True,0.060758814215660095,1.3654966354370117,-0.840869665145874
p1250,process,,57,57,30,post,odor,True,-0.03436516970396042,1.2437628507614136,-0.9901543259620667
p1250,process,,58,58,17,post,odor,True,-0.04195714741945267,1.1526989936828613,-1.0815116167068481
p1250,process,,59,59,39,post,odor,True,0.16148601472377777,2.0789520740509033,-0.8904361128807068
p1250,process,,60,60,39,post,odor,True,-0.1742790937423706,1.6361371278762817,-0.8471957445144653
p1250,process,,61,61,17,post,odor,True,-0.08349677175283432,1.574486255645752,-0.9474908113479614
p1250,process,,62,62,4,post,odor,True,-0.035995662212371826,0.8941016793251038,-0.82244473695755
p1272,process,,0,0,39,pre,odor,True,2.7679355144500732,7.391972541809082,-3.613644599914551
p1272,process,,1,1,17,pre,odor,True,1.1370950937271118,6.022524833679199,-2.537355422973633
p1272,process,,2,2,32,pre,odor,True,11.052169799804688,17.722333908081055,2.627866268157959
p1272,process,,3,3,32,pre,odor,True,8.753018379211426,14.248143196105957,-2.179861545562744
p1272,process,,4,4,30,pre,odor,True,6.662919998168945,11.22961139678955,2.9055211544036865
p1272,process,,5,5,40,pre,odor,True,2.7165677547454834,8.539052963256836,-3.3693692684173584
p1272,process,,6,6,3,pre,odor,True,6.8569440841674805,13.227520942687988,-0.5627782940864563
p1272,process,,7,7,2,pre,odor,True,5.223966598510742,11.43932819366455,-1.3264349699020386
p1272,process,,8,8,1,pre,odor,True,1.5788397789001465,5.563659191131592,-2.3279690742492676
p1272,process,,9,9,4,pre,odor,True,9.314473152160645,14.864398956298828,-1.9201544523239136
p1272,process,,10,10,31,pre,odor,True,6.875514030456543,13.677416801452637,-0.9516769051551819
p1272,process,,11,11,21,pre,odor,True,7.964687824249268,14.35750675201416,-2.343080520629883
p1272,process,,12,12,2,pre,odor,True,3.7791621685028076,7.811272144317627,-0.3276882469654083
p1272,process,,13,13,39,pre,odor,True,3.8649237155914307,11.374098777770996,-0.3779342770576477
p1272,process,,14,14,1,pre,odor,True,3.9537479877471924,8.167045593261719,-1.7365022897720337
p1272,process,,15,15,12,pre,odor,True,4.09813117980957,7.94329833984375,-1.0804466009140015
p1272,process,,16,16,22,pre,odor,True,7.88926887512207,14.793553352355957,-0.6164892911911011
p1272,process,,17,17,10,pre,odor,True,6.194750785827637,10.606184959411621,-0.8585500717163086
p1272,process,,18,18,17,pre,odor,True,0.40043190121650696,4.257420063018799,-3.1888115406036377
p1272,process,,19,19,31,pre,odor,True,6.451447486877441,10.246352195739746,-1.4090391397476196
p1272,process,,20,20,30,pre,odor,True,6.213698387145996,10.57939338684082,-1.149260401725769
p1272,process,,21,21,12,pre,odor,True,0.7755575776100159,4.056118965148926,-1.4933865070343018
p1272,process,,22,22,22,pre,odor,True,4.441945552825928,8.62332820892334,-1.0170269012451172
p1272,process,,23,23,4,pre,odor,True,0.6622689962387085,3.1578779220581055,-1.5052632093429565
p1272,process,,24,24,0,pre,odor,True,-0.24168628454208374,5.154045581817627,-4.379657745361328
p1272,process,,25,25,3,pre,odor,True,2.2501180171966553,4.951930522918701,-1.0489081144332886
p1272,process,,26,26,40,pre,odor,True,0.5499727129936218,4.123794078826904,-1.991337776184082
p1272,process,,27,27,10,pre,odor,True,0.6598241329193115,3.948993682861328,-2.8693132400512695
p1272,process,,28,28,21,pre,odor,True,4.140376567840576,7.021647930145264,-1.120888352394104
p1272,process,,29,29,18,pre,odor,True,1.1756021976470947,3.1144378185272217,-0.6973580718040466
p1272,process,,30,30,18,pre,odor,True,-1.2472689151763916,0.5858704447746277,-2.054185152053833
p1272,process,,31,31,0,pre,odor,True,0.09322310984134674,2.2544264793395996,-1.9974546432495117
p1272,process,,32,32,12,post,odor,True,0.006275411695241928,0.7318395972251892,-0.6906483769416809
p1272,process,,33,33,18,post,odor,True,0.43013796210289,1.8956332206726074,-0.6565670371055603
p1272,process,,34,34,40,post,odor,True,-0.03868868947029114,0.5553478598594666,-0.6977860331535339
p1272,process,,35,35,32,post,odor,True,0.2833065092563629,1.4014532566070557,-0.5294355750083923
p1272,process,,36,36,31,post,odor,True,0.19172842800617218,1.263939380645752,-0.5391291379928589
p1272,process,,37,37,0,post,odor,True,0.05897259712219238,0.5823097229003906,-0.3673371374607086
p1272,process,,38,38,4,post,odor,True,0.060909248888492584,0.7648035883903503,-0.5080597400665283
p1272,process,,39,39,2,post,odor,True,0.04446883872151375,0.8530876636505127,-0.6002898216247559
p1272,process,,40,40,3,post,odor,True,0.0655103325843811,0.9935094118118286,-0.525246262550354
p1272,process,,41,41,21,post,odor,True,4.19003963470459,6.7675461769104,-0.3983255624771118
p1272,process,,42,42,31,post,odor,True,0.09978333860635757,0.8164886832237244,-0.4137147068977356
p1272,process,,43,43,2,post,odor,True,0.025436367839574814,0.5057105422019958,-0.6346861720085144
p1272,process,,44,44,32,post,odor,True,0.1026105284690857,0.9955111742019653,-0.5763447284698486
p1272,process,,45,45,40,post,odor,True,-0.07586360722780228,0.47348034381866455,-0.47336962819099426
p1272,process,,46,46,1,post,odor,True,0.05127505213022232,0.8173494935035706,-0.4481017589569092
p1272,process,,47,47,0,post,odor,True,0.020427245646715164,0.6123090386390686,-0.4512076675891876
p1272,process,,48,48,22,post,odor,True,0.007349768653512001,0.848555862903595,-0.6309657096862793
p1272,process,,49,49,10,post,odor,True,0.040048472583293915,0.6682080030441284,-0.48827216029167175
p1272,process,,50,50,1,post,odor,True,-0.060136936604976654,0.597496509552002,-0.5566087961196899
p1272,process,,51,51,30,post,odor,True,0.33634981513023376,1.3495595455169678,-0.4153086841106415
p1272,process,,52,52,12,post,odor,True,0.012551632709801197,0.6491564512252808,-0.4095258414745331
p1272,process,,53,53,3,post,odor,True,0.024651871994137764,0.47588562965393066,-0.4050508141517639
p1272,process,,54,54,21,post,odor,True,2.920093059539795,5.17117977142334,-0.43051883578300476
p1272,process,,55,55,22,post,odor,True,-0.056102968752384186,0.49548429250717163,-0.46411028504371643
p1272,process,,56,56,18,post,odor,True,0.09654505550861359,0.7872015833854675,-0.3557221591472626
p1272,process,,57,57,30,post,odor,True,0.22922562062740326,0.9652854800224304,-0.33564072847366333
p1272,process,,58,58,17,post,odor,True,0.09224911779165268,0.4945927560329437,-0.3298232853412628
p1272,process,,59,59,39,post,odor,True,-0.050091542303562164,0.27307191491127014,-0.2367880940437317
p1272,process,,60,60,39,post,odor,True,0.029973963275551796,0.3216070830821991,-0.16516949236392975
p1272,process,,61,61,17,post,odor,True,0.002364738844335079,0.21603524684906006,-0.16886650025844574
p1272,process,,62,62,4,post,odor,True,0.013673748821020126,0.19217027723789215,-0.07526911795139313
p1294,process,,0,0,39,pre,odor,True,-0.45262834429740906,2.749129295349121,-4.677565574645996
p1294,process,,1,1,17,pre,odor,True,-1.8197582960128784,3.014387845993042,-5.350494861602783
p1294,process,,2,2,32,pre,odor,True,4.900167942047119,8.080876350402832,2.8107759952545166
p1294,process,,3,3,32,pre,odor,True,5.562007427215576,8.885368347167969,-0.8889169096946716
p1294,process,,4,4,30,pre,odor,True,5.199565410614014,8.72214412689209,0.9555357694625854
p1294,process,,5,5,40,pre,odor,True,2.0497970581054688,6.283754348754883,-2.0658934116363525
p1294,process,,6,6,3,pre,odor,True,1.8725645542144775,5.58977746963501,-1.7690211534500122
p1294,process,,7,7,2,pre,odor,True,1.751781702041626,5.374963283538818,-2.345248222351074
p1294,process,,8,8,1,pre,odor,True,1.6425565481185913,4.276959419250488,-0.6161161065101624
p1294,process,,9,9,4,pre,odor,True,1.24642813205719,5.301146507263184,-1.8281062841415405
p1294,process,,10,10,31,pre,odor,True,4.464705944061279,8.281408309936523,0.1852671355009079
p1294,process,,11,11,21,pre,odor,True,-0.9679492115974426,1.900389313697815,-3.308438301086426
p1294,process,,12,12,2,pre,odor,True,0.7731872200965881,4.0753021240234375,-2.1172118186950684
p1294,process,,13,13,39,pre,odor,True,0.18540877103805542,4.614700794219971,-3.630998134613037
p1294,process,,14,14,1,pre,odor,True,3.460155725479126,7.7711873054504395,-1.9786884784698486
p1294,process,,15,15,12,pre,odor,True,4.043749809265137,10.67891788482666,-1.5338068008422852
p1294,process,,16,16,22,pre,odor,True,1.2249478101730347,4.7384352684021,-1.4135887622833252
p1294,process,,17,17,10,pre,odor,True,2.5899107456207275,7.779168128967285,-1.355865716934204
p1294,process,,18,18,17,pre,odor,True,-1.0101993083953857,1.6181714534759521,-4.151113510131836
p1294,process,,19,19,31,pre,odor,True,3.3721225261688232,5.99111270904541,-1.314648985862732
p1294,process,,20,20,30,pre,odor,True,2.623229742050171,5.5929484367370605,-1.3167816400527954
p1294,process,,21,21,12,pre,odor,True,0.9465076327323914,4.173403263092041,-1.4058940410614014
p1294,process,,22,22,22,pre,odor,True,0.7873860597610474,4.768120765686035,-1.5613021850585938
p1294,process,,23,23,4,pre,odor,True,1.1105778217315674,3.27878737449646,-1.6906275749206543
p1294,process,,24,24,0,pre,odor,True,0.5747106075286865,3.747767448425293,-3.630460739135742
p1294,process,,25,25,3,pre,odor,True,-0.03223387151956558,4.368409156799316,-3.0817854404449463
p1294,process,,26,26,40,pre,odor,True,1.6239073276519775,5.140140533447266,-2.6987788677215576
p1294,process,,27,27,10,pre,odor,True,0.26790347695350647,3.673973321914673,-2.225712537765503
p1294,process,,28,28,21,pre,odor,True,-0.39784005284309387,3.7665815353393555,-2.6803109645843506
p1294,process,,29,29,18,pre,odor,True,0.4240253269672394,4.383999824523926,-1.907400131225586
p1294,process,,30,30,18,pre,odor,True,0.8410323262214661,3.1833548545837402,-1.6332277059555054
p1294,process,,31,31,0,pre,odor,True,-0.11966405808925629,3.2909271717071533,-2.781860828399658
p1294,process,,32,32,12,post,odor,True,0.5296131372451782,2.798950433731079,-1.2620903253555298
p1294,process,,33,33,18,post,odor,True,1.089324951171875,2.7995827198028564,-0.658425509929657
p1294,process,,34,34,40,post,odor,True,0.13975761830806732,1.7947616577148438,-1.7204283475875854
p1294,process,,35,35,32,post,odor,True,0.7889019250869751,2.4696383476257324,-0.4666610360145569
p1294,process,,36,36,31,post,odor,True,0.34163331985473633,2.281938076019287,-1.0620704889297485
p1294,process,,37,37,0,post,odor,True,0.1540033519268036,1.8672513961791992,-0.9793028831481934
p1294,process,,38,38,4,post,odor,True,0.1669432818889618,1.5410040616989136,-0.8561256527900696
p1294,process,,39,39,2,post,odor,True,0.5484585165977478,2.0537173748016357,-1.0977495908737183
p1294,process,,40,40,3,post,odor,True,0.7270062565803528,2.050461769104004,-0.9583333134651184
p1294,process,,41,41,21,post,odor,True,1.7350505590438843,4.046691417694092,-0.9123376607894897
p1294,process,,42,42,31,post,odor,True,0.44830086827278137,2.377467155456543,-1.139061689376831
p1294,process,,43,43,2,post,odor,True,0.02206500619649887,1.6237390041351318,-1.4167795181274414
p1294,process,,44,44,32,post,odor,True,0.30443838238716125,1.6214250326156616,-1.2470518350601196
p1294,process,,45,45,40,post,odor,True,-0.12397848069667816,1.2175544500350952,-1.3321934938430786
p1294,process,,46,46,1,post,odor,True,0.16962802410125732,2.104581832885742,-1.2652323246002197
p1294,process,,47,47,0,post,odor,True,0.3905526399612427,1.6710669994354248,-0.7561812400817871
p1294,process,,48,48,22,post,odor,True,0.3470187783241272,1.8877735137939453,-0.7717124223709106
p1294,process,,49,49,10,post,odor,True,0.12049102783203125,1.4017277956008911,-0.9935712814331055
p1294,process,,50,50,1,post,odor,True,-0.05959507077932358,1.0833375453948975,-1.001420259475708
p1294,process,,51,51,30,post,odor,True,0.19244807958602905,1.1017764806747437,-1.041272759437561
p1294,process,,52,52,12,post,odor,True,0.021015074104070663,0.7785905599594116,-0.6392722129821777
p1294,process,,53,53,3,post,odor,True,0.3499945104122162,1.7146326303482056,-0.8094292283058167
p1294,process,,54,54,21,post,odor,True,1.9432566165924072,3.9119338989257812,-0.6724842190742493
p1294,process,,55,55,22,post,odor,True,0.0791347324848175,1.1319224834442139,-0.7438222765922546
p1294,process,,56,56,18,post,odor,True,0.4161075949668884,1.4915786981582642,-0.5002174973487854
p1294,process,,57,57,30,post,odor,True,0.2605802118778229,2.0345027446746826,-0.5307596325874329
p1294,process,,58,58,17,post,odor,True,0.18096184730529785,1.7374707460403442,-0.9134249091148376
p1294,process,,59,59,39,post,odor,True,0.0076155755668878555,1.7509323358535767,-0.8530198335647583
p1294,process,,60,60,39,post,odor,True,0.04415082558989525,1.102869987487793,-0.8381612300872803
p1294,process,,61,61,17,post,odor,True,0.4100395739078522,1.7397211790084839,-0.5484694838523865
p1294,process,,62,62,4,post,odor,True,-0.03514624387025833,0.7970961332321167,-0.6682253479957581
p1316,process,,0,0,39,pre,odor,True,0.9845820069313049,4.6363606452941895,-2.663612127304077
p1316,process,,1,1,17,pre,odor,True,0.6790342926979065,4.497148513793945,-1.9023528099060059
p1316,process,,2,2,32,pre,odor,True,0.11754902452230453,4.267012596130371,-2.2567532062530518
p1316,process,,3,3,32,pre,odor,True,3.2462730407714844,7.406301975250244,-0.5426111221313477
p1316,process,,4,4,30,pre,odor,True,1.9226220846176147,4.961450099945068,-0.7272488474845886
p1316,process,,5,5,40,pre,odor,True,1.3215045928955078,4.919795989990234,-2.093571424484253
p1316,process,,6,6,3,pre,odor,True,3.631507396697998,8.131789207458496,-0.25694403052330017
p1316,process,,7,7,2,pre,odor,True,1.837869644165039,5.280010223388672,-1.1588072776794434
p1316,process,,8,8,1,pre,odor,True,2.242159128189087,4.983408451080322,-1.2575504779815674
p1316,process,,9,9,4,pre,odor,True,1.478170394897461,4.959395408630371,-2.5061395168304443
p1316,process,,10,10,31,pre,odor,True,2.227731227874756,5.170769214630127,-2.1214468479156494
p1316,process,,11,11,21,pre,odor,True,0.7879945039749146,6.706474781036377,-2.8480000495910645
p1316,process,,12,12,2,pre,odor,True,1.6995161771774292,5.805089950561523,-2.3284060955047607
p1316,process,,13,13,39,pre,odor,True,-0.7909430861473083,3.194857597351074,-4.181892395019531
p1316,process,,14,14,1,pre,odor,True,1.9161401987075806,5.727749347686768,-3.981809377670288
p1316,process,,15,15,12,pre,odor,True,4.813700199127197,8.451264381408691,-0.8592841625213623
p1316,process,,16,16,22,pre,odor,True,3.952251672744751,7.472460746765137,-1.9159512519836426
p1316,process,,17,17,10,pre,odor,True,4.874077796936035,10.059426307678223,-1.479966640472412
p1316,process,,18,18,17,pre,odor,True,-0.28224876523017883,4.211015224456787,-4.179696083068848
p1316,process,,19,19,31,pre,odor,True,5.765542030334473,11.316165924072266,-1.7364414930343628
p1316,process,,20,20,30,pre,odor,True,2.072303533554077,6.74906063079834,-3.5595877170562744
p1316,process,,21,21,12,pre,odor,True,2.5177555084228516,8.339803695678711,-1.2593164443969727
p1316,process,,22,22,22,pre,odor,True,3.1339945793151855,8.238349914550781,-2.2191200256347656
p1316,process,,23,23,4,pre,odor,True,2.781477451324463,6.3571038246154785,-2.8438327312469482
p1316,process,,24,24,0,pre,odor,True,6.068607330322266,9.430595397949219,0.09291794151067734
p1316,process,,25,25,3,pre,odor,True,1.6246109008789062,5.171138286590576,-2.2952256202697754
p1316,process,,26,26,40,pre,odor,True,2.2762420177459717,6.5410847663879395,-1.6944371461868286
p1316,process,,27,27,10,pre,odor,True,3.494333028793335,6.2290568351745605,-1.5949972867965698
p1316,process,,28,28,21,pre,odor,True,3.2105846405029297,6.607739448547363,0.43458110094070435
p1316,process,,29,29,18,pre,odor,True,-2.1385347843170166,1.8437856435775757,-5.6952714920043945
p1316,process,,30,30,18,pre,odor,True,-2.737854480743408,0.9676886200904846,-6.293830394744873
p1316,process,,31,31,0,pre,odor,True,3.549274444580078,6.7956085205078125,-2.4941177368164062
p1316,process,,32,32,12,post,odor,True,-0.15981276333332062,0.947302520275116,-1.3843648433685303
p1316,process,,33,33,18,post,odor,True,-0.13902632892131805,1.365410566329956,-1.399161458015442
p1316,process,,34,34,40,post,odor,True,0.10898428410291672,2.1182923316955566,-1.3371634483337402
p1316,process,,35,35,32,post,odor,True,-0.08601946383714676,0.8708117008209229,-1.1097636222839355
p1316,process,,36,36,31,post,odor,True,-0.23909397423267365,0.7009056806564331,-1.4694268703460693
p1316,process,,37,37,0,post,odor,True,0.23166686296463013,1.32871413230896,-0.9574272036552429
p1316,process,,38,38,4,post,odor,True,0.1907745748758316,1.1443207263946533,-0.7400534152984619
p1316,process,,39,39,2,post,odor,True,0.053524307906627655,1.4075942039489746,-0.9557868242263794
p1316,process,,40,40,3,post,odor,True,0.03024984896183014,0.9489102363586426,-0.9980716109275818
p1316,process,,41,41,21,post,odor,True,2.1773319244384766,4.695879936218262,-0.6400048732757568
p1316,process,,42,42,31,post,odor,True,0.10161110758781433,1.2316590547561646,-1.0115909576416016
p1316,process,,43,43,2,post,odor,True,-0.04420260339975357,1.3645644187927246,-1.1543067693710327
p1316,process,,44,44,32,post,odor,True,0.1095203310251236,1.606172800064087,-1.2953932285308838
p1316,process,,45,45,40,post,odor,True,0.17749392986297607,1.4960604906082153,-0.6702876091003418
p1316,process,,46,46,1,post,odor,True,0.1099851205945015,1.3332759141921997,-0.9609063863754272
p1316,process,,47,47,0,post,odor,True,0.32580119371414185,1.37633216381073,-0.7379677891731262
p1316,process,,48,48,22,post,odor,True,0.374179869890213,1.6492165327072144,-1.1389415264129639
p1316,process,,49,49,10,post,odor,True,-0.0049291872419416904,1.1125829219818115,-1.1946827173233032
p1316,process,,50,50,1,post,odor,True,-0.013908326625823975,0.944642961025238,-1.198515772819519
p1316,process,,51,51,30,post,odor,True,0.04846567288041115,1.3575260639190674,-1.0475391149520874
p1316,process,,52,52,12,post,odor,True,0.056345630437135696,1.586898922920227,-0.7758996486663818
p1316,process,,53,53,3,post,odor,True,0.07445193082094193,1.027738094329834,-0.8311797380447388
p1316,process,,54,54,21,post,odor,True,1.8605115413665771,3.680497407913208,-0.714790940284729
p1316,process,,55,55,22,post,odor,True,0.008402250707149506,0.8690407872200012,-1.0832386016845703
p1316,process,,56,56,18,post,odor,True,0.08501316606998444,1.370911717414856,-1.1451787948608398
p1316,process,,57,57,30,post,odor,True,0.0902482196688652,1.7920186519622803,-0.9532210230827332
p1316,process,,58,58,17,post,odor,True,0.15012112259864807,1.3981831073760986,-1.0130971670150757
p1316,process,,59,59,39,post,odor,True,0.10937484353780746,1.4895483255386353,-0.8819307088851929
p1316,process,,60,60,39,post,odor,True,0.01612032949924469,0.9916411638259888,-0.9098676443099976
p1316,process,,61,61,17,post,odor,True,0.016148507595062256,1.670609951019287,-0.787499189376831
p1316,process,,62,62,4,post,odor,True,-0.071261927485466,1.1607775688171387,-0.9391207098960876
p1339,process,,0,0,39,pre,odor,True,2.66306734085083,6.809243679046631,-2.6762075424194336
p1339,process,,1,1,17,pre,odor,True,2.6421918869018555,5.637155532836914,-0.3267035484313965
p1339,process,,2,2,32,pre,odor,True,3.930668592453003,7.274945259094238,0.6690559983253479
p1339,process,,3,3,32,pre,odor,True,6.076772212982178,9.447871208190918,-0.26176944375038147
p1339,process,,4,4,30,pre,odor,True,4.962869167327881,8.469501495361328,1.4162794351577759
p1339,process,,5,5,40,pre,odor,True,3.771423101425171,7.427311420440674,-2.817438840866089
p1339,process,,6,6,3,pre,odor,True,6.192374229431152,9.519893646240234,-1.309390902519226
p1339,process,,7,7,2,pre,odor,True,4.147196292877197,8.858955383300781,-3.5232818126678467
p1339,process,,8,8,1,pre,odor,True,2.471759557723999,5.526331901550293,-1.0747687816619873
p1339,process,,9,9,4,pre,odor,True,5.535938739776611,9.372337341308594,-1.8843985795974731
p1339,process,,10,10,31,pre,odor,True,6.612837791442871,11.720559120178223,0.012684222310781479
p1339,process,,11,11,21,pre,odor,True,3.327550172805786,7.1648173332214355,-1.744105339050293
p1339,process,,12,12,2,pre,odor,True,4.066554069519043,8.095155715942383,-1.867507815361023
p1339,process,,13,13,39,pre,odor,True,3.1746888160705566,6.555783271789551,-3.289964437484741
p1339,process,,14,14,1,pre,odor,True,3.1333365440368652,6.720736026763916,-3.4538705348968506
p1339,process,,15,15,12,pre,odor,True,5.413586616516113,9.182001113891602,-1.9599400758743286
p1339,process,,16,16,22,pre,odor,True,7.259264945983887,11.65528392791748,-1.990040898323059
p1339,process,,17,17,10,pre,odor,True,6.364516258239746,11.371499061584473,-1.7493292093276978
p1339,process,,18,18,17,pre,odor,True,3.0939364433288574,8.413273811340332,-2.599649429321289
p1339,process,,19,19,31,pre,odor,True,6.327445030212402,10.743843078613281,-2.300295114517212
p1339,process,,20,20,30,pre,odor,True,4.906388759613037,8.793010711669922,-0.8364468216896057
p1339,process,,21,21,12,pre,odor,True,3.068910837173462,7.289227485656738,-2.010010004043579
p1339,process,,22,22,22,pre,odor,True,6.873814582824707,11.319872856140137,-0.5102622509002686
p1339,process,,23,23,4,pre,odor,True,4.365677833557129,8.112364768981934,-1.2490899562835693
p1339,process,,24,24,0,pre,odor,True,2.204411029815674,6.632852077484131,-1.821288824081421
p1339,process,,25,25,3,pre,odor,True,2.307882070541382,8.261466026306152,-1.9105645418167114
p1339,process,,26,26,40,pre,odor,True,2.7377893924713135,5.3965654373168945,-1.7142724990844727
p1339,process,,27,27,10,pre,odor,True,1.8391462564468384,6.707655429840088,-2.5295140743255615
p1339,process,,28,28,21,pre,odor,True,3.925844669342041,7.793809413909912,-1.3853155374526978
p1339,process,,29,29,18,pre,odor,True,1.7786211967468262,4.6946635246276855,-0.33455970883369446
p1339,process,,30,30,18,pre,odor,True,-1.2526618242263794,0.6463478207588196,-2.791278839111328
p1339,process,,31,31,0,pre,odor,True,2.947556495666504,6.4331746101379395,-1.4442341327667236
p1339,process,,32,32,12,post,odor,True,0.15955516695976257,1.77345609664917,-1.2668408155441284
p1339,process,,33,33,18,post,odor,True,0.2679064869880676,2.242642879486084,-1.1028300523757935
p1339,process,,34,34,40,post,odor,True,0.15007711946964264,1.493125319480896,-1.4750816822052002
p1339,process,,35,35,32,post,odor,True,0.4440895617008209,2.2704737186431885,-1.2806938886642456
p1339,process,,36,36,31,post,odor,True,0.32244768738746643,1.8442513942718506,-0.7236379981040955
p1339,process,,37,37,0,post,odor,True,-0.08497346937656403,0.9095464944839478,-1.1895358562469482
p1339,process,,38,38,4,post,odor,True,-0.05568429455161095,1.7549934387207031,-1.3862149715423584
p1339,process,,39,39,2,post,odor,True,0.26437047123908997,1.6557377576828003,-1.0171533823013306
p1339,process,,40,40,3,post,odor,True,0.14951223134994507,2.169257640838623,-1.0173287391662598
p1339,process,,41,41,21,post,odor,True,2.345613479614258,5.636302947998047,-0.6086820363998413
p1339,process,,42,42,31,post,odor,True,0.4121474027633667,2.854429244995117,-0.6559280157089233
p1339,process,,43,43,2,post,odor,True,0.2725514769554138,2.0134828090667725,-1.2380727529525757
p1339,process,,44,44,32,post,odor,True,0.11408738791942596,1.3291040658950806,-1.0141348838806152
p1339,process,,45,45,40,post,odor,True,-0.09687584638595581,0.9702165722846985,-1.2935541868209839
p1339,process,,46,46,1,post,odor,True,0.02045544981956482,1.3178281784057617,-1.2276709079742432
p1339,process,,47,47,0,post,odor,True,-0.002218073233962059,1.200039029121399,-1.0555450916290283
p1339,process,,48,48,22,post,odor,True,0.38026389479637146,1.6636179685592651,-0.8909752368927002
p1339,process,,49,49,10,post,odor,True,-0.0634099692106247,1.7094674110412598,-0.9707890152931213
p1339,process,,50,50,1,post,odor,True,-0.06821134686470032,1.4261571168899536,-1.3376429080963135
p1339,process,,51,51,30,post,odor,True,0.22331944108009338,2.1148409843444824,-1.160849928855896
p1339,process,,52,52,12,post,odor,True,0.19898152351379395,2.1311230659484863,-1.2153795957565308
p1339,process,,53,53,3,post,odor,True,0.1665111929178238,1.8407057523727417,-1.0640795230865479
p1339,process,,54,54,21,post,odor,True,1.401131272315979,3.550361156463623,-1.283087134361267
p1339,process,,55,55,22,post,odor,True,0.19384214282035828,1.6433809995651245,-1.3526091575622559
p1339,process,,56,56,18,post,odor,True,0.43339183926582336,2.5220515727996826,-0.6688579320907593
p1339,process,,57,57,30,post,odor,True,0.2609337568283081,1.7797317504882812,-1.2258630990982056
p1339,process,,58,58,17,post,odor,True,0.019298356026411057,1.3778132200241089,-0.8848839402198792
p1339,process,,59,59,39,post,odor,True,-0.14699140191078186,0.9133228063583374,-1.2124404907226562
p1339,process,,60,60,39,post,odor,True,0.06398212164640427,1.1489585638046265,-1.1787092685699463
p1339,process,,61,61,17,post,odor,True,0.13936679065227509,1.5020493268966675,-0.8761830925941467
p1339,process,,62,62,4,post,odor,True,0.0633535087108612,0.8494922518730164,-0.6739625334739685
p1361,process,,0,0,39,pre,odor,True,1.9135710000991821,6.349672794342041,-2.925889492034912
p1361,process,,1,1,17,pre,odor,True,-0.315845787525177,1.933768630027771,-2.8593928813934326
p1361,process,,2,2,32,pre,odor,True,4.054262638092041,8.033346176147461,-1.1905455589294434
p1361,process,,3,3,32,pre,odor,True,5.361156940460205,10.365885734558105,-0.6900383830070496
p1361,process,,4,4,30,pre,odor,True,5.740854740142822,12.843992233276367,-0.7792213559150696
p1361,process,,5,5,40,pre,odor,True,2.5079169273376465,7.853630065917969,-1.4526618719100952
p1361,process,,6,6,3,pre,odor,True,1.472234845161438,5.988848686218262,-1.778011441230774
p1361,process,,7,7,2,pre,odor,True,0.7864205837249756,4.332111835479736,-1.9539330005645752
p1361,process,,8,8,1,pre,odor,True,2.2879903316497803,6.276992321014404,-0.6871702671051025
p1361,process,,9,9,4,pre,odor,True,1.2867900133132935,4.83324670791626,-1.0445513725280762
p1361,process,,10,10,31,pre,odor,True,2.9608893394470215,8.291309356689453,-1.3113336563110352
p1361,process,,11,11,21,pre,odor,True,0.7445327043533325,4.677370071411133,-2.499943971633911
p1361,process,,12,12,2,pre,odor,True,0.5966865420341492,3.81754994392395,-1.5372453927993774
p1361,process,,13,13,39,pre,odor,True,0.8474686145782471,3.5748772621154785,-1.7407187223434448
p1361,process,,14,14,1,pre,odor,True,2.3450300693511963,5.924048900604248,-0.7841008901596069
p1361,process,,15,15,12,pre,odor,True,1.036358118057251,5.414036750793457,-1.5183006525039673
p1361,process,,16,16,22,pre,odor,True,0.6234323978424072,4.577266693115234,-2.301853895187378
p1361,process,,17,17,10,pre,odor,True,-0.017828183248639107,4.288906097412109,-2.918386936187744
p1361,process,,18,18,17,pre,odor,True,0.29430198669433594,2.7585296630859375,-2.2899866104125977
p1361,process,,19,19,31,pre,odor,True,1.0907833576202393,3.81010103225708,-1.2028414011001587
p1361,process,,20,20,30,pre,odor,True,0.8701252937316895,4.662038326263428,-1.5533219575881958
p1361,process,,21,21,12,pre,odor,True,-0.25704485177993774,2.164067029953003,-2.168043613433838
p1361,process,,22,22,22,pre,odor,True,0.6541258096694946,4.497711181640625,-1.3612456321716309
p1361,process,,23,23,4,pre,odor,True,0.29649776220321655,3.1977334022521973,-2.1200809478759766
p1361,process,,24,24,0,pre,odor,True,0.29111748933792114,2.570070743560791,-1.1836884021759033
p1361,process,,25,25,3,pre,odor,True,0.25856009125709534,2.1013636589050293,-1.5812337398529053
p1361,process,,26,26,40,pre,odor,True,-0.21563464403152466,3.6296157836914062,-2.004188060760498
p1361,process,,27,27,10,pre,odor,True,0.38823696970939636,3.3535351753234863,-2.126044988632202
p1361,process,,28,28,21,pre,odor,True,1.6084654331207275,4.536819934844971,-2.077474355697632
p1361,process,,29,29,18,pre,odor,True,0.3418726921081543,4.3390679359436035,-1.4876720905303955
p1361,process,,30,30,18,pre,odor,True,0.1939140260219574,2.107682466506958,-1.531017780303955
p1361,process,,31,31,0,pre,odor,True,0.5820521712303162,2.812561511993408,-1.0981053113937378
p1361,process,,32,32,12,post,odor,True,-0.1435038149356842,3.0012407302856445,-1.7055869102478027
p1361,process,,33,33,18,post,odor,True,0.29094380140304565,3.3834903240203857,-2.087820053100586
p1361,process,,34,34,40,post,odor,True,-0.09632593393325806,4.332378387451172,-1.7720370292663574
p1361,process,,35,35,32,post,odor,True,0.5388765335083008,2.731874465942383,-1.056738018989563
p1361,process,,36,36,31,post,odor,True,0.4123288094997406,4.5685505867004395,-1.3987126350402832
p1361,process,,37,37,0,post,odor,True,-0.019629376009106636,1.739257574081421,-1.9859565496444702
p1361,process,,38,38,4,post,odor,True,-0.22882694005966187,2.208421468734741,-1.6895532608032227
p1361,process,,39,39,2,post,odor,True,-0.09417878836393356,2.2306718826293945,-2.145707130432129
p1361,process,,40,40,3,post,odor,True,0.19182969629764557,3.2325692176818848,-1.4610488414764404
p1361,process,,41,41,21,post,odor,True,1.8770108222961426,5.805410385131836,-1.4704581499099731
p1361,process,,42,42,31,post,odor,True,-0.251677542924881,1.375633716583252,-1.916651964187622
p1361,process,,43,43,2,post,odor,True,0.13034337759017944,2.50970196723938,-1.0723847150802612
p1361,process,,44,44,32,post,odor,True,-0.3251131772994995,2.2053117752075195,-2.050539255142212
p1361,process,,45,45,40,post,odor,True,0.21469514071941376,2.14876127243042,-1.1094204187393188
p1361,process,,46,46,1,post,odor,True,0.14813785254955292,2.724785089492798,-1.6338789463043213
p1361,process,,47,47,0,post,odor,True,-0.1868155300617218,1.8825573921203613,-1.6892673969268799
p1361,process,,48,48,22,post,odor,True,0.0913531705737114,2.082768678665161,-1.3798969984054565
p1361,process,,49,49,10,post,odor,True,-0.21153952181339264,1.3173246383666992,-1.5945100784301758
p1361,process,,50,50,1,post,odor,True,-0.07564311474561691,2.898463726043701,-1.2979897260665894
p1361,process,,51,51,30,post,odor,True,0.10340980440378189,1.6144392490386963,-1.0968453884124756
p1361,process,,52,52,12,post,odor,True,0.17550967633724213,2.341923713684082,-1.4476500749588013
p1361,process,,53,53,3,post,odor,True,0.012605971656739712,1.5197067260742188,-1.1571588516235352
p1361,process,,54,54,21,post,odor,True,0.6702383756637573,3.4517199993133545,-1.2937052249908447
p1361,process,,55,55,22,post,odor,True,-0.11625457555055618,1.352598786354065,-2.187225818634033
p1361,process,,56,56,18,post,odor,True,0.45838356018066406,4.182787895202637,-1.109510898590088
p1361,process,,57,57,30,post,odor,True,-0.016255643218755722,2.3530101776123047,-1.469363808631897
p1361,process,,58,58,17,post,odor,True,0.36615145206451416,3.6674039363861084,-1.1864913702011108
p1361,process,,59,59,39,post,odor,True,0.18740618228912354,1.796525478363037,-1.1041676998138428
p1361,process,,60,60,39,post,odor,True,-0.22286313772201538,1.7625696659088135,-1.441024661064148
p1361,process,,61,61,17,post,odor,True,0.03400561586022377,1.4141955375671387,-1.4353704452514648
p1361,process,,62,62,4,post,odor,True,-0.06516024470329285,2.351386070251465,-1.0244909524917603
p1383,process,,0,0,39,pre,odor,True,1.2365188598632812,4.706957817077637,-2.682727336883545
p1383,process,,1,1,17,pre,odor,True,2.0408315658569336,5.442403316497803,-1.6757009029388428
p1383,process,,2,2,32,pre,odor,True,1.9732167720794678,6.1377668380737305,-1.8630130290985107
p1383,process,,3,3,32,pre,odor,True,1.5159271955490112,5.426756858825684,-2.849616289138794
p1383,process,,4,4,30,pre,odor,True,0.12399082630872726,3.992612600326538,-3.2582972049713135
p1383,process,,5,5,40,pre,odor,True,-0.42895156145095825,5.156772613525391,-5.335238933563232
p1383,process,,6,6,3,pre,odor,True,2.870840549468994,6.844731330871582,-0.7974475622177124
p1383,process,,7,7,2,pre,odor,True,1.1261249780654907,5.2655558586120605,-2.3092269897460938
p1383,process,,8,8,1,pre,odor,True,0.7293666005134583,5.878871917724609,-3.0028586387634277
p1383,process,,9,9,4,pre,odor,True,1.7510617971420288,6.439922332763672,-2.835519552230835
p1383,process,,10,10,31,pre,odor,True,2.031992197036743,4.260316848754883,-1.484762191772461
p1383,process,,11,11,21,pre,odor,True,-0.0824122428894043,4.352173805236816,-4.619328498840332
p1383,process,,12,12,2,pre,odor,True,0.975262463092804,4.889030456542969,-2.9537971019744873
p1383,process,,13,13,39,pre,odor,True,-1.069305658340454,2.658540964126587,-5.85775899887085
p1383,process,,14,14,1,pre,odor,True,0.6414760947227478,3.653224468231201,-2.5471887588500977
p1383,process,,15,15,12,pre,odor,True,1.4137263298034668,5.2748918533325195,-1.9785898923873901
p1383,process,,16,16,22,pre,odor,True,2.2052810192108154,4.788765907287598,-1.5213062763214111
p1383,process,,17,17,10,pre,odor,True,1.5407315492630005,4.986081123352051,-1.8631566762924194
p1383,process,,18,18,17,pre,odor,True,-0.1744401603937149,4.242124080657959,-2.869021415710449
p1383,process,,19,19,31,pre,odor,True,1.250311017036438,5.604114532470703,-2.2344865798950195
p1383,process,,20,20,30,pre,odor,True,0.3022052049636841,3.016084909439087,-3.007263660430908
p1383,process,,21,21,12,pre,odor,True,-0.026208944618701935,3.1181271076202393,-3.858905792236328
p1383,process,,22,22,22,pre,odor,True,1.9896557331085205,7.651411533355713,-1.0484678745269775
p1383,process,,23,23,4,pre,odor,True,0.44900768995285034,2.7948148250579834,-2.2151834964752197
p1383,process,,24,24,0,pre,odor,True,-0.9987977147102356,2.850492238998413,-4.005764961242676
p1383,process,,25,25,3,pre,odor,True,0.8607388138771057,4.270088195800781,-2.5421335697174072
p1383,process,,26,26,40,pre,odor,True,-0.6986874341964722,3.3334922790527344,-4.195277690887451
p1383,process,,27,27,10,pre,odor,True,0.7680189609527588,4.616785049438477,-3.5316193103790283
p1383,process,,28,28,21,pre,odor,True,1.3422646522521973,3.809131383895874,-1.663463830947876
p1383,process,,29,29,18,pre,odor,True,1.072434663772583,3.1498289108276367,-1.6037102937698364
p1383,process,,30,30,18,pre,odor,True,0.33665937185287476,2.7548937797546387,-2.1124889850616455
p1383,process,,31,31,0,pre,odor,True,-0.5029224753379822,2.487586259841919,-2.748805522918701
p1383,process,,32,32,12,post,odor,True,0.2447880059480667,1.2535254955291748,-0.37003979086875916
p1383,process,,33,33,18,post,odor,True,0.522549033164978,1.7818655967712402,-0.2890339493751526
p1383,process,,34,34,40,post,odor,True,0.06892842799425125,0.7674902677536011,-0.5042726993560791
p1383,process,,35,35,32,post,odor,True,0.5675539374351501,2.3495240211486816,-0.5821130871772766
p1383,process,,36,36,31,post,odor,True,0.4822348654270172,1.6904995441436768,-0.35153859853744507
p1383,process,,37,37,0,post,odor,True,0.02986385114490986,0.6685666441917419,-0.61503005027771
p1383,process,,38,38,4,post,odor,True,0.03739606961607933,0.8948087096214294,-0.628351092338562
p1383,process,,39,39,2,post,odor,True,0.22992420196533203,1.241923451423645,-0.39755505323410034
p1383,process,,40,40,3,post,odor,True,0.3172827661037445,1.6002082824707031,-0.25741156935691833
p1383,process,,41,41,21,post,odor,True,1.213526964187622,2.7258810997009277,-0.4210417568683624
p1383,process,,42,42,31,post,odor,True,0.43256598711013794,1.7889758348464966,-0.48383858799934387
p1383,process,,43,43,2,post,odor,True,0.1658729761838913,0.8195229768753052,-0.42637571692466736
p1383,process,,44,44,32,post,odor,True,0.3581319749355316,1.2185686826705933,-0.27628961205482483
p1383,process,,45,45,40,post,odor,True,0.11040588468313217,0.7825959324836731,-0.6631812453269958
p1383,process,,46,46,1,post,odor,True,-0.06438665091991425,0.47495943307876587,-0.579703152179718
p1383,process,,47,47,0,post,odor,True,-0.023041388019919395,0.8095347285270691,-0.6226979494094849
p1383,process,,48,48,22,post,odor,True,0.4195117950439453,2.1939823627471924,-0.2920692265033722
p1383,process,,49,49,10,post,odor,True,0.06641283631324768,1.083693027496338,-0.5635573267936707
p1383,process,,50,50,1,post,odor,True,-0.013018660247325897,0.6197120547294617,-0.6883313059806824
p1383,process,,51,51,30,post,odor,True,0.36474722623825073,1.4194788932800293,-0.3435969352722168
p1383,process,,52,52,12,post,odor,True,0.16499543190002441,1.130348801612854,-0.40707966685295105
p1383,process,,53,53,3,post,odor,True,0.16610196232795715,1.1620476245880127,-0.43479469418525696
p1383,process,,54,54,21,post,odor,True,1.3491179943084717,3.0546391010284424,-0.465971976518631
p1383,process,,55,55,22,post,odor,True,0.4516341984272003,1.510473370552063,-0.5003872513771057
p1383,process,,56,56,18,post,odor,True,0.32789450883865356,1.1728228330612183,-0.4488014578819275
p1383,process,,57,57,30,post,odor,True,0.4202861785888672,1.7131338119506836,-0.5573090314865112
p1383,process,,58,58,17,post,odor,True,0.40448305010795593,1.9064419269561768,-0.5340012907981873
p1383,process,,59,59,39,post,odor,True,0.08414869010448456,1.0502264499664307,-0.5922288298606873
p1383,process,,60,60,39,post,odor,True,-0.020335685461759567,0.8877803683280945,-0.6534090042114258
p1383,process,,61,61,17,post,odor,True,0.413963258266449,2.287470579147339,-0.5306965112686157
p1383,process,,62,62,4,post,odor,True,0.2558642625808716,1.2252171039581299,-0.4406965374946594
p1406,process,,0,0,39,pre,odor,True,0.9923129677772522,5.1050848960876465,-1.8502204418182373
p1406,process,,1,1,17,pre,odor,True,1.5313321352005005,4.720383644104004,-0.79714435338974
p1406,process,,2,2,32,pre,odor,True,2.4924724102020264,5.693558216094971,-0.5724895000457764
p1406,process,,3,3,32,pre,odor,True,1.9161819219589233,4.677308559417725,-1.594969630241394
p1406,process,,4,4,30,pre,odor,True,0.544657289981842,3.572939157485962,-2.601181745529175
p1406,process,,5,5,40,pre,odor,True,0.48693275451660156,4.296017646789551,-2.7820255756378174
p1406,process,,6,6,3,pre,odor,True,2.689258098602295,6.4307942390441895,-1.3250988721847534
p1406,process,,7,7,2,pre,odor,True,1.323540449142456,4.225633144378662,-1.5823979377746582
p1406,process,,8,8,1,pre,odor,True,0.3765774369239807,4.508389472961426,-2.1253955364227295
p1406,process,,9,9,4,pre,odor,True,3.08286714553833,6.773256301879883,-0.9524872899055481
p1406,process,,10,10,31,pre,odor,True,2.791769504547119,6.255489349365234,-0.44545143842697144
p1406,process,,11,11,21,pre,odor,True,1.3767496347427368,5.5447611808776855,-1.709635853767395
p1406,process,,12,12,2,pre,odor,True,1.430615782737732,5.819568634033203,-2.185307741165161
p1406,process,,13,13,39,pre,odor,True,-0.13463102281093597,3.0611660480499268,-3.2484846115112305
p1406,process,,14,14,1,pre,odor,True,1.090085506439209,4.948364734649658,-2.164963722229004
p1406,process,,15,15,12,pre,odor,True,2.4522805213928223,6.678966522216797,-2.478680372238159
p1406,process,,16,16,22,pre,odor,True,3.4653992652893066,8.23392105102539,-1.3753920793533325
p1406,process,,17,17,10,pre,odor,True,2.365602970123291,5.318641185760498,-1.735378623008728
p1406,process,,18,18,17,pre,odor,True,1.267744541168213,4.751533031463623,-1.564130425453186
p1406,process,,19,19,31,pre,odor,True,2.7808969020843506,5.631849765777588,-1.5307797193527222
p1406,process,,20,20,30,pre,odor,True,0.7886988520622253,4.217537879943848,-2.6100733280181885
p1406,process,,21,21,12,pre,odor,True,0.2733447551727295,5.236913681030273,-2.873051881790161
p1406,process,,22,22,22,pre,odor,True,2.8207507133483887,7.374413013458252,-2.475728750228882
p1406,process,,23,23,4,pre,odor,True,0.9925086498260498,4.432132720947266,-1.2616912126541138
p1406,process,,24,24,0,pre,odor,True,-1.2671396732330322,4.108475208282471,-4.903832912445068
p1406,process,,25,25,3,pre,odor,True,0.8449687361717224,5.106228828430176,-1.8282444477081299
p1406,process,,26,26,40,pre,odor,True,-0.7657375931739807,2.5256288051605225,-3.9196863174438477
p1406,process,,27,27,10,pre,odor,True,0.8553915023803711,5.672581195831299,-3.0985705852508545
p1406,process,,28,28,21,pre,odor,True,1.6888381242752075,5.012261390686035,-0.6619419455528259
p1406,process,,29,29,18,pre,odor,True,1.4546884298324585,3.953226327896118,-0.9731169939041138
p1406,process,,30,30,18,pre,odor,True,0.3011378347873688,4.289731502532959,-2.5051352977752686
p1406,process,,31,31,0,pre,odor,True,-0.19589225947856903,3.8477277755737305,-2.845275402069092
p1406,process,,32,32,12,post,odor,True,0.9772523641586304,3.211001396179199,-0.4168923795223236
p1406,process,,33,33,18,post,odor,True,1.9285002946853638,3.9291746616363525,-0.7388684749603271
p1406,process,,34,34,40,post,odor,True,-0.03673229739069939,1.1883788108825684,-1.0763461589813232
p1406,process,,35,35,32,post,odor,True,1.7542359828948975,3.9059152603149414,-0.5483527183532715
p1406,process,,36,36,31,post,odor,True,1.8782858848571777,5.6479692459106445,-0.40743961930274963
p1406,process,,37,37,0,post,odor,True,0.02047242783010006,1.8791521787643433,-0.8589031100273132
p1406,process,,38,38,4,post,odor,True,0.2779220640659332,1.965308427810669,-0.9540642499923706
p1406,process,,39,39,2,post,odor,True,1.025022268295288,3.5602638721466064,-0.8092467188835144
p1406,process,,40,40,3,post,odor,True,1.0920541286468506,2.5272505283355713,-0.8032335638999939
p1406,process,,41,41,21,post,odor,True,3.702803611755371,7.914395809173584,-0.7431577444076538
p1406,process,,42,42,31,post,odor,True,1.9089775085449219,4.000843524932861,-0.38342586159706116
p1406,process,,43,43,2,post,odor,True,0.7773789167404175,2.8217570781707764,-0.6937330961227417
p1406,process,,44,44,32,post,odor,True,1.469588279724121,4.148576259613037,-0.33428630232810974
p1406,process,,45,45,40,post,odor,True,0.02037922292947769,1.1479593515396118,-0.8630314469337463
p1406,process,,46,46,1,post,odor,True,0.046450596302747726,2.171097993850708,-0.9793991446495056
p1406,process,,47,47,0,post,odor,True,0.12777279317378998,1.6721446514129639,-0.7330490946769714
p1406,process,,48,48,22,post,odor,True,1.8919113874435425,3.8897111415863037,0.1640801578760147
p1406,process,,49,49,10,post,odor,True,0.11726745963096619,1.302674651145935,-0.7887585759162903
p1406,process,,50,50,1,post,odor,True,-0.01613764837384224,0.9645463824272156,-1.1466506719589233
p1406,process,,51,51,30,post,odor,True,1.1827372312545776,3.3814985752105713,-0.8200218677520752
p1406,process,,52,52,12,post,odor,True,0.47948402166366577,1.8773142099380493,-1.2522304058074951
p1406,process,,53,53,3,post,odor,True,0.9547492265701294,2.8220441341400146,-0.5529870390892029
p1406,process,,54,54,21,post,odor,True,3.8437259197235107,7.481704235076904,-0.8509288430213928
p1406,process,,55,55,22,post,odor,True,2.195768117904663,4.974160194396973,-0.9857772588729858
p1406,process,,56,56,18,post,odor,True,1.7528839111328125,4.290557861328125,-0.8305308818817139
p1406,process,,57,57,30,post,odor,True,1.256772518157959,3.308243751525879,-0.9719952344894409
p1406,process,,58,58,17,post,odor,True,1.9222251176834106,5.072778701782227,-0.6691485643386841
p1406,process,,59,59,39,post,odor,True,0.14868231117725372,1.3288928270339966,-0.5376608967781067
p1406,process,,60,60,39,post,odor,True,0.14010241627693176,1.1766977310180664,-0.5690670609474182
p1406,process,,61,61,17,post,odor,True,0.9717000126838684,3.8669960498809814,-1.1163653135299683
p1406,process,,62,62,4,post,odor,True,0.3452393114566803,2.057136297225952,-1.050174355506897
p1428,process,,0,0,39,pre,odor,True,0.8240006566047668,3.2916080951690674,-3.9654674530029297
p1428,process,,1,1,17,pre,odor,True,1.8775190114974976,5.0531182289123535,-0.9090277552604675
p1428,process,,2,2,32,pre,odor,True,3.8842687606811523,7.303110122680664,-1.0250626802444458
p1428,process,,3,3,32,pre,odor,True,3.724095106124878,8.338934898376465,-0.9179900884628296
p1428,process,,4,4,30,pre,odor,True,2.5439703464508057,5.645678997039795,0.2278255671262741
p1428,process,,5,5,40,pre,odor,True,1.948404312133789,4.9974493980407715,-1.5879782438278198
p1428,process,,6,6,3,pre,odor,True,4.297091960906982,7.35890531539917,-0.40996941924095154
p1428,process,,7,7,2,pre,odor,True,3.9270663261413574,7.3414692878723145,0.04369788616895676
p1428,process,,8,8,1,pre,odor,True,0.9988513588905334,3.616015672683716,-1.4593214988708496
p1428,process,,9,9,4,pre,odor,True,3.447174072265625,7.231964588165283,-2.267991542816162
p1428,process,,10,10,31,pre,odor,True,4.472622394561768,8.453859329223633,-0.6873078346252441
p1428,process,,11,11,21,pre,odor,True,2.2330546379089355,6.092974662780762,-3.8567471504211426
p1428,process,,12,12,2,pre,odor,True,2.601346969604492,6.035055160522461,-1.8946855068206787
p1428,process,,13,13,39,pre,odor,True,0.8879263997077942,4.563859462738037,-1.5298086404800415
p1428,process,,14,14,1,pre,odor,True,2.1563563346862793,4.6743011474609375,-1.920250415802002
p1428,process,,15,15,12,pre,odor,True,4.20353364944458,8.670430183410645,-0.5600283741950989
p1428,process,,16,16,22,pre,odor,True,4.72731876373291,9.613245010375977,-1.396277666091919
p1428,process,,17,17,10,pre,odor,True,2.6431338787078857,6.061317443847656,-2.1572835445404053
p1428,process,,18,18,17,pre,odor,True,2.164755344390869,5.677213191986084,-1.6928739547729492
p1428,process,,19,19,31,pre,odor,True,3.4856722354888916,6.826197147369385,-0.30875372886657715
p1428,process,,20,20,30,pre,odor,True,3.0433573722839355,6.728283405303955,-1.0784101486206055
p1428,process,,21,21,12,pre,odor,True,0.754201352596283,3.363010883331299,-2.2493486404418945
p1428,process,,22,22,22,pre,odor,True,3.7818171977996826,6.70648193359375,-1.514108657836914
p1428,process,,23,23,4,pre,odor,True,1.4495422840118408,4.205662250518799,-0.7592241764068604
p1428,process,,24,24,0,pre,odor,True,-1.5444927215576172,2.788949728012085,-5.548643589019775
p1428,process,,25,25,3,pre,odor,True,1.9398036003112793,5.431692600250244,-1.4292014837265015
p1428,process,,26,26,40,pre,odor,True,0.501041054725647,4.638507843017578,-3.027174234390259
p1428,process,,27,27,10,pre,odor,True,0.5577993392944336,3.602200746536255,-3.6036832332611084
p1428,process,,28,28,21,pre,odor,True,3.0649473667144775,6.969202518463135,-0.05897240713238716
p1428,process,,29,29,18,pre,odor,True,1.5955125093460083,4.075260639190674,-1.0850226879119873
p1428,process,,30,30,18,pre,odor,True,0.7804365754127502,3.0383973121643066,-1.7772773504257202
p1428,process,,31,31,0,pre,odor,True,-0.27614539861679077,2.58758544921875,-2.811098337173462
p1428,process,,32,32,12,post,odor,True,0.8968535661697388,2.695896863937378,-0.7412845492362976
p1428,process,,33,33,18,post,odor,True,1.0431612730026245,2.968914031982422,-0.47585296630859375
p1428,process,,34,34,40,post,odor,True,0.09016579389572144,0.7743918895721436,-0.8111624121665955
p1428,process,,35,35,32,post,odor,True,0.6782572865486145,2.06269907951355,-0.623424768447876
p1428,process,,36,36,31,post,odor,True,0.62379390001297,1.843430519104004,-0.65805584192276
p1428,process,,37,37,0,post,odor,True,0.2486431747674942,1.2698332071304321,-0.5905734896659851
p1428,process,,38,38,4,post,odor,True,0.47956210374832153,2.8739447593688965,-0.7049611806869507
p1428,process,,39,39,2,post,odor,True,0.8547335863113403,2.0688629150390625,-0.5610427856445312
p1428,process,,40,40,3,post,odor,True,0.7816177010536194,2.6142990589141846,-0.18696916103363037
p1428,process,,41,41,21,post,odor,True,2.3720638751983643,5.937808036804199,-0.626319944858551
p1428,process,,42,42,31,post,odor,True,0.47781291604042053,1.1876931190490723,-0.5965478420257568
p1428,process,,43,43,2,post,odor,True,0.4028300642967224,1.5388449430465698,-0.40661466121673584
p1428,process,,44,44,32,post,odor,True,0.4785277843475342,1.6045312881469727,-0.6030573844909668
p1428,process,,45,45,40,post,odor,True,-0.002100776880979538,1.3127518892288208,-0.8369898796081543
p1428,process,,46,46,1,post,odor,True,-0.07430899143218994,0.7837381362915039,-0.7580658197402954
p1428,process,,47,47,0,post,odor,True,0.10021475702524185,1.5197978019714355,-0.7402661442756653
p1428,process,,48,48,22,post,odor,True,0.28117766976356506,1.2806692123413086,-0.3970468044281006
p1428,process,,49,49,10,post,odor,True,0.08514459431171417,0.9814726114273071,-0.7308494448661804
p1428,process,,50,50,1,post,odor,True,-0.042629044502973557,0.9642297029495239,-0.9017248153686523
p1428,process,,51,51,30,post,odor,True,0.8283274173736572,2.5631954669952393,-0.51646488904953
p1428,process,,52,52,12,post,odor,True,0.2340913861989975,1.156334638595581,-0.7127279043197632
p1428,process,,53,53,3,post,odor,True,0.517810046672821,1.655121922492981,-0.33394163846969604
p1428,process,,54,54,21,post,odor,True,2.2140536308288574,4.6652984619140625,-0.6629652976989746
p1428,process,,55,55,22,post,odor,True,0.22553318738937378,1.2799317836761475,-0.7892717719078064
p1428,process,,56,56,18,post,odor,True,0.7284139394760132,2.0631797313690186,-0.5527751445770264
p1428,process,,57,57,30,post,odor,True,0.48982542753219604,1.517256259918213,-0.5319530367851257
p1428,process,,58,58,17,post,odor,True,0.698757529258728,2.3904595375061035,-0.8302521705627441
p1428,process,,59,59,39,post,odor,True,0.022452976554632187,0.8332399129867554,-0.47170490026474
p1428,process,,60,60,39,post,odor,True,0.006760661024600267,0.8290330171585083,-0.669940173625946
p1428,process,,61,61,17,post,odor,True,0.7083079814910889,2.063880205154419,-0.729566216468811
p1428,process,,62,62,4,post,odor,True,0.23516832292079926,0.9799714088439941,-0.4946398138999939
p1450,process,,0,0,39,pre,odor,True,10.680113792419434,15.811014175415039,-1.5319223403930664
p1450,process,,1,1,17,pre,odor,True,5.503981590270996,13.233269691467285,-3.436405658721924
p1450,process,,2,2,32,pre,odor,True,16.77928352355957,22.58722496032715,-0.4457889199256897
p1450,process,,3,3,32,pre,odor,True,15.98208999633789,23.923171997070312,-1.9651027917861938
p1450,process,,4,4,30,pre,odor,True,14.005058288574219,19.194652557373047,-0.5776359438896179
p1450,process,,5,5,40,pre,odor,True,4.165356636047363,11.444377899169922,-2.941169500350952
p1450,process,,6,6,3,pre,odor,True,12.636896133422852,17.8746337890625,-1.5325250625610352
p1450,process,,7,7,2,pre,odor,True,10.02911376953125,19.665077209472656,-2.7159767150878906
p1450,process,,8,8,1,pre,odor,True,9.835209846496582,16.38442611694336,0.12146063894033432
p1450,process,,9,9,4,pre,odor,True,14.354218482971191,20.841943740844727,-1.0848692655563354
p1450,process,,10,10,31,pre,odor,True,13.964797019958496,25.710098266601562,-0.759170651435852
p1450,process,,11,11,21,pre,odor,True,14.544849395751953,23.305248260498047,-2.209848403930664
p1450,process,,12,12,2,pre,odor,True,3.667968988418579,8.783236503601074,-3.0404818058013916
p1450,process,,13,13,39,pre,odor,True,2.3708550930023193,8.428162574768066,-2.098487615585327
p1450,process,,14,14,1,pre,odor,True,8.952491760253906,15.264105796813965,-1.6506832838058472
p1450,process,,15,15,12,pre,odor,True,7.600832939147949,14.752538681030273,0.04429972171783447
p1450,process,,16,16,22,pre,odor,True,13.425546646118164,25.572959899902344,0.21482937037944794
p1450,process,,17,17,10,pre,odor,True,10.340165138244629,19.93269157409668,-1.480163812637329
p1450,process,,18,18,17,pre,odor,True,-0.4520229697227478,4.261257648468018,-3.673595666885376
p1450,process,,19,19,31,pre,odor,True,14.560097694396973,24.24992561340332,-0.7426503300666809
p1450,process,,20,20,30,pre,odor,True,12.77853012084961,22.241064071655273,-1.61650550365448
p1450,process,,21,21,12,pre,odor,True,0.17624668776988983,3.051470994949341,-2.091911554336548
p1450,process,,22,22,22,pre,odor,True,8.493606567382812,18.39030647277832,-1.0565972328186035
p1450,process,,23,23,4,pre,odor,True,1.0382678508758545,3.41473650932312,-1.426474690437317
p1450,process,,24,24,0,pre,odor,True,2.480795383453369,7.062882423400879,-2.099677324295044
p1450,process,,25,25,3,pre,odor,True,6.40256929397583,11.194844245910645,-2.8406271934509277
p1450,process,,26,26,40,pre,odor,True,0.2683626413345337,3.958341360092163,-2.435482978820801
p1450,process,,27,27,10,pre,odor,True,7.499049186706543,13.4254732131958,-4.585622310638428
p1450,process,,28,28,21,pre,odor,True,12.157831192016602,20.5240478515625,-0.8060322999954224
p1450,process,,29,29,18,pre,odor,True,0.15223634243011475,3.6929829120635986,-2.1142690181732178
p1450,process,,30,30,18,pre,odor,True,-2.16524600982666,1.3055787086486816,-4.186388969421387
p1450,process,,31,31,0,pre,odor,True,0.2875339984893799,3.1342248916625977,-2.123487949371338
p1450,process,,32,32,12,post,odor,True,0.26541033387184143,1.4468070268630981,-1.0580823421478271
p1450,process,,33,33,18,post,odor,True,0.6415281295776367,2.2314093112945557,-0.6714190244674683
p1450,process,,34,34,40,post,odor,True,0.026565823704004288,1.3275588750839233,-1.5669822692871094
p1450,process,,35,35,32,post,odor,True,0.14525875449180603,1.819299578666687,-0.8900666236877441
p1450,process,,36,36,31,post,odor,True,-0.02135329134762287,1.674281120300293,-1.3992613554000854
p1450,process,,37,37,0,post,odor,True,-0.1706358790397644,1.1907624006271362,-1.3902634382247925
p1450,process,,38,38,4,post,odor,True,-0.06817828118801117,1.0033531188964844,-1.0300565958023071
p1450,process,,39,39,2,post,odor,True,0.254777729511261,1.2158211469650269,-0.8922346830368042
p1450,process,,40,40,3,post,odor,True,0.1019115000963211,1.3948540687561035,-0.7564370632171631
p1450,process,,41,41,21,post,odor,True,7.331084728240967,15.103754043579102,-0.8501996397972107
p1450,process,,42,42,31,post,odor,True,0.10575621575117111,1.5709426403045654,-1.3531314134597778
p1450,process,,43,43,2,post,odor,True,-0.02791394107043743,1.0120060443878174,-1.2271385192871094
p1450,process,,44,44,32,post,odor,True,-0.02016592212021351,1.7615445852279663,-1.5107084512710571
p1450,process,,45,45,40,post,odor,True,0.050331056118011475,1.200244426727295,-1.157483458518982
p1450,process,,46,46,1,post,odor,True,0.08573176711797714,1.2167227268218994,-1.0854865312576294
p1450,process,,47,47,0,post,odor,True,-0.1015314981341362,1.2110486030578613,-0.8057377338409424
p1450,process,,48,48,22,post,odor,True,0.1987210214138031,2.32235050201416,-0.7133533954620361
p1450,process,,49,49,10,post,odor,True,-0.096250981092453,1.6436830759048462,-0.985736608505249
p1450,process,,50,50,1,post,odor,True,0.2307461053133011,1.6681007146835327,-0.7645854949951172
p1450,process,,51,51,30,post,odor,True,0.5080755949020386,1.8117268085479736,-0.9309556484222412
p1450,process,,52,52,12,post,odor,True,0.0675462856888771,1.2667591571807861,-1.1347531080245972
p1450,process,,53,53,3,post,odor,True,0.19056183099746704,1.4477041959762573,-1.2084507942199707
p1450,process,,54,54,21,post,odor,True,6.271136283874512,12.088356018066406,-0.9937366247177124
p1450,process,,55,55,22,post,odor,True,0.2848268151283264,1.7490185499191284,-0.7391519546508789
p1450,process,,56,56,18,post,odor,True,0.30926868319511414,1.4113699197769165,-0.9382796883583069
p1450,process,,57,57,30,post,odor,True,0.1933094561100006,1.9364192485809326,-1.0399330854415894
p1450,process,,58,58,17,post,odor,True,-0.03760208934545517,1.2485648393630981,-1.292783498764038
p1450,process,,59,59,39,post,odor,True,0.046615421772003174,1.0018892288208008,-0.5211089849472046
p1450,process,,60,60,39,post,odor,True,-0.01717645674943924,0.7519888877868652,-0.5613125562667847
p1450,process,,61,61,17,post,odor,True,0.14684203267097473,0.8114166259765625,-0.47552648186683655
p1450,process,,62,62,4,post,odor,True,0.0604378804564476,0.7453330159187317,-0.22407539188861847
p1473,process,,0,0,39,pre,odor,True,-0.08316633105278015,2.3417608737945557,-2.7873799800872803
p1473,process,,1,1,17,pre,odor,True,1.0378546714782715,4.542004585266113,-2.454664468765259
p1473,process,,2,2,32,pre,odor,True,3.076137065887451,7.45653772354126,-0.528577446937561
p1473,process,,3,3,32,pre,odor,True,3.4508516788482666,6.685792446136475,-0.7617691159248352
p1473,process,,4,4,30,pre,odor,True,2.7210967540740967,6.269157409667969,-1.1689187288284302
p1473,process,,5,5,40,pre,odor,True,1.9982517957687378,6.878681182861328,-2.7162272930145264
p1473,process,,6,6,3,pre,odor,True,3.893418312072754,8.05267333984375,-1.262122631072998
p1473,process,,7,7,2,pre,odor,True,3.520730972290039,8.397504806518555,-2.0513088703155518
p1473,process,,8,8,1,pre,odor,True,1.0507519245147705,5.913218021392822,-2.281679153442383
p1473,process,,9,9,4,pre,odor,True,3.1518993377685547,7.054529190063477,-1.3932501077651978
p1473,process,,10,10,31,pre,odor,True,5.328763961791992,9.93783950805664,-0.8823387026786804
p1473,process,,11,11,21,pre,odor,True,2.5886967182159424,7.394330978393555,-3.014253616333008
p1473,process,,12,12,2,pre,odor,True,2.3601298332214355,5.061819553375244,-1.0110841989517212
p1473,process,,13,13,39,pre,odor,True,0.47070375084877014,4.548928737640381,-2.9576940536499023
p1473,process,,14,14,1,pre,odor,True,2.608289957046509,6.51554536819458,-2.9730892181396484
p1473,process,,15,15,12,pre,odor,True,3.890629768371582,10.878829002380371,-1.163710355758667
p1473,process,,16,16,22,pre,odor,True,4.220763206481934,8.389681816101074,-0.8910835385322571
p1473,process,,17,17,10,pre,odor,True,3.8465077877044678,8.461613655090332,-1.555307388305664
p1473,process,,18,18,17,pre,odor,True,1.535202145576477,5.278402805328369,-1.9188876152038574
p1473,process,,19,19,31,pre,odor,True,4.140818119049072,7.446216583251953,-1.8169000148773193
p1473,process,,20,20,30,pre,odor,True,3.247431516647339,7.566603183746338,-0.627957284450531
p1473,process,,21,21,12,pre,odor,True,0.482969731092453,3.224374294281006,-2.467914342880249
p1473,process,,22,22,22,pre,odor,True,4.194064140319824,7.8563032150268555,-0.8746340870857239
p1473,process,,23,23,4,pre,odor,True,0.0831250324845314,2.1017823219299316,-1.6841121912002563
p1473,process,,24,24,0,pre,odor,True,0.15051265060901642,5.499471187591553,-3.3144633769989014
p1473,process,,25,25,3,pre,odor,True,0.27045318484306335,4.4581298828125,-3.136916160583496
p1473,process,,26,26,40,pre,odor,True,-0.16994966566562653,3.552192211151123,-3.2684428691864014
p1473,process,,27,27,10,pre,odor,True,0.3646427392959595,3.0550942420959473,-2.9895808696746826
p1473,process,,28,28,21,pre,odor,True,2.68032169342041,5.559253215789795,-0.27121400833129883
p1473,process,,29,29,18,pre,odor,True,1.9473018646240234,4.211255073547363,-0.7816790342330933
p1473,process,,30,30,18,pre,odor,True,1.1342339515686035,4.573782920837402,-2.9371421337127686
p1473,process,,31,31,0,pre,odor,True,-0.4346694350242615,3.1373775005340576,-2.695244789123535
p1473,process,,32,32,12,post,odor,True,1.4291094541549683,3.9629971981048584,-0.4545226991176605
p1473,process,,33,33,18,post,odor,True,1.9352551698684692,5.181416988372803,-0.7935141324996948
p1473,process,,34,34,40,post,odor,True,0.42199355363845825,2.7718498706817627,-1.1978232860565186
p1473,process,,35,35,32,post,odor,True,1.6698896884918213,4.5499091148376465,-0.368668794631958
p1473,process,,36,36,31,post,odor,True,1.652261734008789,4.328607082366943,-0.5986488461494446
p1473,process,,37,37,0,post,odor,True,0.36351603269577026,2.008958101272583,-0.7374968528747559
p1473,process,,38,38,4,post,odor,True,0.8777949810028076,2.26587176322937,-0.7022717595100403
p1473,process,,39,39,2,post,odor,True,1.6873825788497925,4.197427749633789,-0.3883642554283142
p1473,process,,40,40,3,post,odor,True,1.4236059188842773,3.9442319869995117,-0.5397562384605408
p1473,process,,41,41,21,post,odor,True,3.7903475761413574,7.432125568389893,-0.7465388178825378
p1473,process,,42,42,31,post,odor,True,1.2527804374694824,3.9151084423065186,-0.49976420402526855
p1473,process,,43,43,2,post,odor,True,0.9680995941162109,3.3309879302978516,-0.7578966617584229
p1473,process,,44,44,32,post,odor,True,1.3461452722549438,4.6628947257995605,-0.4213916063308716
p1473,process,,45,45,40,post,odor,True,0.1939438283443451,1.5879524946212769,-0.9998990893363953
p1473,process,,46,46,1,post,odor,True,0.15173883736133575,1.0115725994110107,-0.825325071811676
p1473,process,,47,47,0,post,odor,True,0.07003797590732574,1.5832114219665527,-1.3050131797790527
p1473,process,,48,48,22,post,odor,True,1.097794771194458,3.5564796924591064,-0.7220505475997925
p1473,process,,49,49,10,post,odor,True,0.0024206913076341152,1.1096198558807373,-0.9657499194145203
p1473,process,,50,50,1,post,odor,True,0.1186724454164505,1.0287283658981323,-0.7969781756401062
p1473,process,,51,51,30,post,odor,True,2.4302287101745605,5.673737525939941,-0.6320773959159851
p1473,process,,52,52,12,post,odor,True,1.0810160636901855,2.680354118347168,-0.989535927772522
p1473,process,,53,53,3,post,odor,True,1.485669493675232,4.6777024269104,-1.2602568864822388
p1473,process,,54,54,21,post,odor,True,4.036462783813477,7.47908353805542,-0.49583232402801514
p1473,process,,55,55,22,post,odor,True,1.1054092645645142,3.4149222373962402,-0.7896403670310974
p1473,process,,56,56,18,post,odor,True,2.193079948425293,4.485613822937012,-0.8756508231163025
p1473,process,,57,57,30,post,odor,True,2.0761775970458984,3.956268548965454,-0.3795868754386902
p1473,process,,58,58,17,post,odor,True,1.7702898979187012,5.6448235511779785,-1.0949615240097046
p1473,process,,59,59,39,post,odor,True,0.2251812070608139,1.7470664978027344,-1.2401931285858154
p1473,process,,60,60,39,post,odor,True,0.062053192406892776,1.1826306581497192,-1.1402684450149536
p1473,process,,61,61,17,post,odor,True,1.4977983236312866,3.904423713684082,-1.2538549900054932
p1473,process,,62,62,4,post,odor,True,0.3403889536857605,1.8590260744094849,-0.9792786836624146
p1495,process,,0,0,39,pre,odor,True,0.20525270700454712,3.4445972442626953,-2.0208802223205566
p1495,process,,1,1,17,pre,odor,True,0.5691558122634888,3.36122727394104,-1.8870904445648193
p1495,process,,2,2,32,pre,odor,True,4.216722011566162,8.9540433883667,-0.1394011676311493
p1495,process,,3,3,32,pre,odor,True,4.4480509757995605,8.480426788330078,-2.503488540649414
p1495,process,,4,4,30,pre,odor,True,3.4831764698028564,7.454968452453613,0.2961612343788147
p1495,process,,5,5,40,pre,odor,True,2.2747061252593994,8.214177131652832,-2.2569797039031982
p1495,process,,6,6,3,pre,odor,True,3.58815336227417,6.433569431304932,-1.0922809839248657
p1495,process,,7,7,2,pre,odor,True,4.16426420211792,8.391664505004883,-3.095461130142212
p1495,process,,8,8,1,pre,odor,True,1.8048619031906128,5.122480392456055,-1.799429178237915
p1495,process,,9,9,4,pre,odor,True,3.57844614982605,7.969689846038818,-0.47125911712646484
p1495,process,,10,10,31,pre,odor,True,4.94755744934082,9.701714515686035,-0.5781400799751282
p1495,process,,11,11,21,pre,odor,True,2.767200231552124,6.11023473739624,-3.2622132301330566
p1495,process,,12,12,2,pre,odor,True,2.8050034046173096,5.63963508605957,-0.34639814496040344
p1495,process,,13,13,39,pre,odor,True,0.5763031840324402,4.340683937072754,-3.522603750228882
p1495,process,,14,14,1,pre,odor,True,3.3891961574554443,7.5072431564331055,-2.141710042953491
p1495,process,,15,15,12,pre,odor,True,4.461555480957031,10.779278755187988,-0.30620530247688293
p1495,process,,16,16,22,pre,odor,True,4.505320072174072,9.09597396850586,-1.3264352083206177
p1495,process,,17,17,10,pre,odor,True,3.942552328109741,8.121074676513672,-1.7050368785858154
p1495,process,,18,18,17,pre,odor,True,0.8532600402832031,3.7687435150146484,-1.9257704019546509
p1495,process,,19,19,31,pre,odor,True,4.2683892250061035,8.039590835571289,-0.5192841291427612
p1495,process,,20,20,30,pre,odor,True,3.1187305450439453,7.862703800201416,-2.107250690460205
p1495,process,,21,21,12,pre,odor,True,0.5597547888755798,3.0099995136260986,-2.969947099685669
p1495,process,,22,22,22,pre,odor,True,3.484485626220703,6.145221710205078,-0.30129674077033997
p1495,process,,23,23,4,pre,odor,True,0.7589150071144104,3.3896450996398926,-2.216057062149048
p1495,process,,24,24,0,pre,odor,True,-0.38669708371162415,5.244458198547363,-3.9226205348968506
p1495,process,,25,25,3,pre,odor,True,1.7768477201461792,5.747251987457275,-1.5826061964035034
p1495,process,,26,26,40,pre,odor,True,-0.008196082897484303,3.631030797958374,-4.034555435180664
p1495,process,,27,27,10,pre,odor,True,0.7451477646827698,3.941319227218628,-2.8092291355133057
p1495,process,,28,28,21,pre,odor,True,2.7903993129730225,6.073330879211426,-0.5398708581924438
p1495,process,,29,29,18,pre,odor,True,1.9882675409317017,5.317543983459473,-1.4539999961853027
p1495,process,,30,30,18,pre,odor,True,1.1097136735916138,4.225135326385498,-1.8052730560302734
p1495,process,,31,31,0,pre,odor,True,-0.4461905062198639,2.908775806427002,-2.330524444580078
p1495,process,,32,32,12,post,odor,True,1.4208492040634155,3.625422477722168,-0.24775204062461853
p1495,process,,33,33,18,post,odor,True,1.6977416276931763,4.482779026031494,-1.0469753742218018
p1495,process,,34,34,40,post,odor,True,0.34095680713653564,1.6937503814697266,-1.1398417949676514
p1495,process,,35,35,32,post,odor,True,0.9003812074661255,2.644352436065674,-0.6049749851226807
p1495,process,,36,36,31,post,odor,True,0.769845724105835,2.4045209884643555,-1.1584323644638062
p1495,process,,37,37,0,post,odor,True,0.21510431170463562,1.6955562829971313,-0.5980527400970459
p1495,process,,38,38,4,post,odor,True,0.5249046683311462,2.2704269886016846,-0.8215446472167969
p1495,process,,39,39,2,post,odor,True,1.100317120552063,3.025305986404419,-0.9014833569526672
p1495,process,,40,40,3,post,odor,True,1.0397764444351196,3.156494140625,-0.6764625906944275
p1495,process,,41,41,21,post,odor,True,3.629121780395508,6.523044109344482,-0.8500249981880188
p1495,process,,42,42,31,post,odor,True,0.7783457040786743,2.6532745361328125,-0.7419360876083374
p1495,process,,43,43,2,post,odor,True,0.8091459274291992,3.5861172676086426,-0.782309889793396
p1495,process,,44,44,32,post,odor,True,0.47854483127593994,2.1013989448547363,-1.3935565948486328
p1495,process,,45,45,40,post,odor,True,0.06944157928228378,1.2362310886383057,-1.2084801197052002
p1495,process,,46,46,1,post,odor,True,0.14904293417930603,1.1542319059371948,-1.0764645338058472
p1495,process,,47,47,0,post,odor,True,0.22204159200191498,1.3554469347000122,-0.6812049746513367
p1495,process,,48,48,22,post,odor,True,0.6878190040588379,3.713601589202881,-0.32768526673316956
p1495,process,,49,49,10,post,odor,True,-0.12771545350551605,1.5110734701156616,-1.0521955490112305
p1495,process,,50,50,1,post,odor,True,0.06902500241994858,1.0030099153518677,-1.1940747499465942
p1495,process,,51,51,30,post,odor,True,1.6062754392623901,3.714876174926758,-0.7141185998916626
p1495,process,,52,52,12,post,odor,True,1.0590237379074097,2.6103334426879883,-0.8573672771453857
p1495,process,,53,53,3,post,odor,True,1.275529146194458,3.2086193561553955,-0.5935946106910706
p1495,process,,54,54,21,post,odor,True,4.129792213439941,6.469519138336182,-0.6913699507713318
p1495,process,,55,55,22,post,odor,True,0.6862913370132446,2.450054168701172,-0.7925593256950378
p1495,process,,56,56,18,post,odor,True,1.4362823963165283,3.6043667793273926,-0.36892399191856384
p1495,process,,57,57,30,post,odor,True,1.3738700151443481,4.440915584564209,-1.1002671718597412
p1495,process,,58,58,17,post,odor,True,1.1760475635528564,3.22611927986145,-0.7446979284286499
p1495,process,,59,59,39,post,odor,True,0.40069228410720825,1.6472111940383911,-0.6598626375198364
p1495,process,,60,60,39,post,odor,True,0.0971095860004425,1.2489328384399414,-0.6582481861114502
p1495,process,,61,61,17,post,odor,True,0.8962389230728149,2.512601375579834,-0.7012197971343994
p1495,process,,62,62,4,post,odor,True,0.19946421682834625,1.6931486129760742,-0.9331924915313721
p1517,process,,0,0,39,pre,odor,True,0.1478365957736969,2.899859666824341,-3.2865421772003174
p1517,process,,1,1,17,pre,odor,True,0.7792181372642517,3.7119336128234863,-2.521291732788086
p1517,process,,2,2,32,pre,odor,True,0.765494167804718,4.7422776222229,-2.2047269344329834
p1517,process,,3,3,32,pre,odor,True,1.0378271341323853,4.75142765045166,-2.128974437713623
p1517,process,,4,4,30,pre,odor,True,0.8293736577033997,4.073956489562988,-2.030989646911621
p1517,process,,5,5,40,pre,odor,True,0.9553652405738831,5.410005569458008,-2.5566956996917725
p1517,process,,6,6,3,pre,odor,True,1.2375102043151855,5.387605667114258,-1.2700477838516235
p1517,process,,7,7,2,pre,odor,True,1.9482475519180298,6.649140357971191,-0.9548183679580688
p1517,process,,8,8,1,pre,odor,True,-0.2954866290092468,3.54616641998291,-2.960920810699463
p1517,process,,9,9,4,pre,odor,True,1.5432491302490234,4.901080131530762,-1.5125935077667236
p1517,process,,10,10,31,pre,odor,True,2.1177492141723633,5.954226016998291,-0.6642568111419678
p1517,process,,11,11,21,pre,odor,True,0.5424331426620483,3.634093999862671,-3.4014251232147217
p1517,process,,12,12,2,pre,odor,True,1.2530757188796997,4.704686164855957,-1.8263309001922607
p1517,process,,13,13,39,pre,odor,True,0.5254207849502563,3.5425329208374023,-2.0292551517486572
p1517,process,,14,14,1,pre,odor,True,0.4049055278301239,3.5639617443084717,-1.8792462348937988
p1517,process,,15,15,12,pre,odor,True,1.4504578113555908,4.809951305389404,-1.9035569429397583
p1517,process,,16,16,22,pre,odor,True,2.0535647869110107,7.352009296417236,-0.4411831796169281
p1517,process,,17,17,10,pre,odor,True,1.6760425567626953,5.0743489265441895,-1.8063966035842896
p1517,process,,18,18,17,pre,odor,True,0.7621802091598511,2.8974382877349854,-1.4311710596084595
p1517,process,,19,19,31,pre,odor,True,1.5798590183258057,6.774030685424805,-1.8978066444396973
p1517,process,,20,20,30,pre,odor,True,0.9732917547225952,5.749049663543701,-2.417640447616577
p1517,process,,21,21,12,pre,odor,True,0.34893694519996643,4.581708908081055,-2.646439790725708
p1517,process,,22,22,22,pre,odor,True,1.3811874389648438,5.2349629402160645,-2.2312204837799072
p1517,process,,23,23,4,pre,odor,True,0.3981342911720276,3.7018895149230957,-2.0955944061279297
p1517,process,,24,24,0,pre,odor,True,-0.3455885946750641,3.2986416816711426,-3.9284141063690186
p1517,process,,25,25,3,pre,odor,True,0.7321380376815796,5.03189754486084,-2.5344223976135254
p1517,process,,26,26,40,pre,odor,True,-0.23596732318401337,3.6858925819396973,-3.055694580078125
p1517,process,,27,27,10,pre,odor,True,0.03651616349816322,3.8298866748809814,-3.9762840270996094
p1517,process,,28,28,21,pre,odor,True,1.5116623640060425,5.621203422546387,-1.913918137550354
p1517,process,,29,29,18,pre,odor,True,0.7665692567825317,3.856356382369995,-1.5430222749710083
p1517,process,,30,30,18,pre,odor,True,0.29451239109039307,4.852980613708496,-1.9606963396072388
p1517,process,,31,31,0,pre,odor,True,0.06089846417307854,3.162257671356201,-2.286123037338257
p1517,process,,32,32,12,post,odor,True,1.209893822669983,4.239187717437744,-0.9051470160484314
p1517,process,,33,33,18,post,odor,True,1.0585887432098389,4.864992141723633,-0.8499247431755066
p1517,process,,34,34,40,post,odor,True,0.24593660235404968,3.31207013130188,-1.0421757698059082
p1517,process,,35,35,32,post,odor,True,0.4898371398448944,2.071641206741333,-0.7242376208305359
p1517,process,,36,36,31,post,odor,True,1.2877777814865112,3.6069130897521973,-0.5795065760612488
p1517,process,,37,37,0,post,odor,True,0.003490544855594635,1.485064148902893,-0.8984361290931702
p1517,process,,38,38,4,post,odor,True,0.49516576528549194,2.5298197269439697,-0.7738646268844604
p1517,process,,39,39,2,post,odor,True,0.782173216342926,3.1104636192321777,-0.7843856811523438
p1517,process,,40,40,3,post,odor,True,0.8010427355766296,3.3427107334136963,-0.8036527037620544
p1517,process,,41,41,21,post,odor,True,2.405338764190674,6.006677627563477,-0.7267506122589111
p1517,process,,42,42,31,post,odor,True,0.6592549681663513,2.3346192836761475,-0.7975775599479675
p1517,process,,43,43,2,post,odor,True,0.490112841129303,2.4819893836975098,-0.7197917699813843
p1517,process,,44,44,32,post,odor,True,0.7301799058914185,2.7367334365844727,-0.7212334871292114
p1517,process,,45,45,40,post,odor,True,0.10276555269956589,1.5902680158615112,-0.8873220086097717
p1517,process,,46,46,1,post,odor,True,0.25577038526535034,1.3999274969100952,-0.8649692535400391
p1517,process,,47,47,0,post,odor,True,-0.14380969107151031,1.4592180252075195,-1.0543664693832397
p1517,process,,48,48,22,post,odor,True,0.6605285406112671,2.225717067718506,-0.6424119472503662
p1517,process,,49,49,10,post,odor,True,0.06615614891052246,1.8910223245620728,-1.071315050125122
p1517,process,,50,50,1,post,odor,True,-0.12092476338148117,1.4197499752044678,-1.0742372274398804
p1517,process,,51,51,30,post,odor,True,0.7561940550804138,4.142391204833984,-1.138706088066101
p1517,process,,52,52,12,post,odor,True,0.5756528973579407,4.346526622772217,-0.7867655754089355
p1517,process,,53,53,3,post,odor,True,0.9466845989227295,3.3134958744049072,-0.8642396330833435
p1517,process,,54,54,21,post,odor,True,2.623455286026001,5.820732116699219,-0.6453375816345215
p1517,process,,55,55,22,post,odor,True,0.7680038809776306,2.73120379447937,-0.7786044478416443
p1517,process,,56,56,18,post,odor,True,1.4778180122375488,3.0493650436401367,-0.7263829708099365
p1517,process,,57,57,30,post,odor,True,0.8800448179244995,2.906996488571167,-1.4807438850402832
p1517,process,,58,58,17,post,odor,True,0.5198948979377747,2.865427255630493,-1.0301200151443481
p1517,process,,59,59,39,post,odor,True,0.10763629525899887,1.2733361721038818,-1.0004106760025024
p1517,process,,60,60,39,post,odor,True,0.04695180803537369,1.741833209991455,-0.9113172888755798
p1517,process,,61,61,17,post,odor,True,0.6319794058799744,2.3610634803771973,-0.7108954787254333
p1517,process,,62,62,4,post,odor,True,0.3618659973144531,2.1815125942230225,-0.9458316564559937
p1539,process,,0,0,39,pre,odor,True,0.11190012842416763,4.008427143096924,-1.896894931793213
p1539,process,,1,1,17,pre,odor,True,2.4563562870025635,7.740437984466553,-2.601526975631714
p1539,process,,2,2,32,pre,odor,True,2.9327683448791504,6.2236809730529785,-1.5282180309295654
p1539,process,,3,3,32,pre,odor,True,3.2808239459991455,7.0745439529418945,-0.540701687335968
p1539,process,,4,4,30,pre,odor,True,2.1379311084747314,6.071465015411377,-0.8520746827125549
p1539,process,,5,5,40,pre,odor,True,0.9497255682945251,5.739233493804932,-1.8415898084640503
p1539,process,,6,6,3,pre,odor,True,3.957502841949463,9.149203300476074,-1.1274148225784302
p1539,process,,7,7,2,pre,odor,True,3.191861867904663,8.624382972717285,-0.7470069527626038
p1539,process,,8,8,1,pre,odor,True,-0.4732934534549713,3.0508899688720703,-3.5950815677642822
p1539,process,,9,9,4,pre,odor,True,2.8154399394989014,6.353614807128906,-0.9264938235282898
p1539,process,,10,10,31,pre,odor,True,3.1335179805755615,9.043085098266602,-1.1414695978164673
p1539,process,,11,11,21,pre,odor,True,2.2817018032073975,8.513299942016602,-2.4573519229888916
p1539,process,,12,12,2,pre,odor,True,1.5808932781219482,8.363816261291504,-1.6155413389205933
p1539,process,,13,13,39,pre,odor,True,0.3362041115760803,3.702129602432251,-3.2470638751983643
p1539,process,,14,14,1,pre,odor,True,1.4838066101074219,5.899083137512207,-0.8575680255889893
p1539,process,,15,15,12,pre,odor,True,2.1841444969177246,4.653544902801514,-1.3098275661468506
p1539,process,,16,16,22,pre,odor,True,3.5499424934387207,7.7946457862854,-0.9295873045921326
p1539,process,,17,17,10,pre,odor,True,1.5602971315383911,4.299736499786377,-0.9993973970413208
p1539,process,,18,18,17,pre,odor,True,1.7119959592819214,5.023690223693848,-1.8347938060760498
p1539,process,,19,19,31,pre,odor,True,1.515044093132019,4.645115852355957,-1.5570204257965088
p1539,process,,20,20,30,pre,odor,True,1.6351536512374878,4.829308032989502,-2.3511717319488525
p1539,process,,21,21,12,pre,odor,True,0.32635897397994995,3.921862840652466,-2.2854814529418945
p1539,process,,22,22,22,pre,odor,True,1.9134548902511597,4.022115707397461,-0.515114426612854
p1539,process,,23,23,4,pre,odor,True,0.4666195511817932,4.986816883087158,-2.033959150314331
p1539,process,,24,24,0,pre,odor,True,-1.0009933710098267,1.9707940816879272,-3.40136981010437
p1539,process,,25,25,3,pre,odor,True,0.8157120943069458,5.664668083190918,-2.3377950191497803
p1539,process,,26,26,40,pre,odor,True,0.013238906860351562,2.8877642154693604,-2.638371229171753
p1539,process,,27,27,10,pre,odor,True,0.19000956416130066,1.6465479135513306,-2.2419443130493164
p1539,process,,28,28,21,pre,odor,True,1.9520151615142822,5.792450428009033,-0.8177032470703125
p1539,process,,29,29,18,pre,odor,True,1.0634069442749023,5.514500141143799,-1.2175803184509277
p1539,process,,30,30,18,pre,odor,True,0.5480826497077942,5.164353847503662,-1.496006965637207
p1539,process,,31,31,0,pre,odor,True,-0.16672414541244507,2.4726028442382812,-2.2049171924591064
p1539,process,,32,32,12,post,odor,True,1.041772723197937,3.094817876815796,-0.9441449046134949
p1539,process,,33,33,18,post,odor,True,1.3146307468414307,4.005146503448486,-0.8780202269554138
p1539,process,,34,34,40,post,odor,True,0.21293260157108307,3.421412467956543,-1.3214612007141113
p1539,process,,35,35,32,post,odor,True,0.3229541480541229,1.922324776649475,-0.936297595500946
p1539,process,,36,36,31,post,odor,True,0.5493455529212952,2.558164358139038,-1.0897325277328491
p1539,process,,37,37,0,post,odor,True,0.3019244968891144,1.8173408508300781,-1.2365988492965698
p1539,process,,38,38,4,post,odor,True,0.07402144372463226,1.9215848445892334,-1.4848089218139648
p1539,process,,39,39,2,post,odor,True,0.6980465650558472,3.158066749572754,-0.9366600513458252
p1539,process,,40,40,3,post,odor,True,0.6347500681877136,3.0730772018432617,-1.122296929359436
p1539,process,,41,41,21,post,odor,True,2.2146971225738525,4.8426337242126465,-0.7577416300773621
p1539,process,,42,42,31,post,odor,True,0.2304639220237732,2.2065300941467285,-0.924873948097229
p1539,process,,43,43,2,post,odor,True,0.8108688592910767,2.1565918922424316,-0.7246596217155457
p1539,process,,44,44,32,post,odor,True,0.4253375828266144,2.134345531463623,-0.9086642861366272
p1539,process,,45,45,40,post,odor,True,0.33609578013420105,1.705018162727356,-0.7281181216239929
p1539,process,,46,46,1,post,odor,True,-0.029881400987505913,1.919205904006958,-1.3083887100219727
p1539,process,,47,47,0,post,odor,True,-0.11319038271903992,0.798682451248169,-1.2157402038574219
p1539,process,,48,48,22,post,odor,True,0.4282606244087219,2.147761583328247,-1.0972703695297241
p1539,process,,49,49,10,post,odor,True,-0.00439580949023366,2.5298938751220703,-1.105532169342041
p1539,process,,50,50,1,post,odor,True,0.25716328620910645,1.539152979850769,-1.0033433437347412
p1539,process,,51,51,30,post,odor,True,1.3179982900619507,3.742121934890747,-0.7376282811164856
p1539,process,,52,52,12,post,odor,True,0.5548248291015625,2.1818559169769287,-1.046590805053711
p1539,process,,53,53,3,post,odor,True,0.7871904969215393,4.093214988708496,-0.8621117472648621
p1539,process,,54,54,21,post,odor,True,2.6328866481781006,5.0999436378479,-0.6694074869155884
p1539,process,,55,55,22,post,odor,True,-0.09564895182847977,0.7279375791549683,-1.127854824066162
p1539,process,,56,56,18,post,odor,True,1.3817960023880005,3.4891746044158936,-0.568844199180603
p1539,process,,57,57,30,post,odor,True,0.7440569400787354,2.5569522380828857,-1.1339154243469238
p1539,process,,58,58,17,post,odor,True,0.813744843006134,2.6848769187927246,-0.8767351508140564
p1539,process,,59,59,39,post,odor,True,0.14570534229278564,1.2595562934875488,-0.9488645792007446
p1539,process,,60,60,39,post,odor,True,0.1301792860031128,1.3551762104034424,-0.5504946708679199
p1539,process,,61,61,17,post,odor,True,0.3886796236038208,2.187009811401367,-0.9266834259033203
p1539,process,,62,62,4,post,odor,True,0.035603735595941544,1.1938834190368652,-0.8583977818489075
p1562,process,,0,0,39,pre,odor,True,2.108933925628662,5.587284088134766,-1.4290363788604736
p1562,process,,1,1,17,pre,odor,True,4.6624274253845215,10.081542015075684,-0.8506476879119873
p1562,process,,2,2,32,pre,odor,True,2.2936952114105225,4.6254377365112305,0.05797076225280762
p1562,process,,3,3,32,pre,odor,True,1.4453940391540527,3.6437160968780518,-0.9025428295135498
p1562,process,,4,4,30,pre,odor,True,1.2535734176635742,4.569924831390381,-1.5623644590377808
p1562,process,,5,5,40,pre,odor,True,1.8188507556915283,4.3816022872924805,-1.1129881143569946
p1562,process,,6,6,3,pre,odor,True,2.078569173812866,5.237826824188232,-1.2745481729507446
p1562,process,,7,7,2,pre,odor,True,1.374010443687439,4.027754783630371,-0.635277271270752
p1562,process,,8,8,1,pre,odor,True,6.110720634460449,12.357672691345215,-0.9562751650810242
p1562,process,,9,9,4,pre,odor,True,3.2225255966186523,6.785823822021484,-1.4485200643539429
p1562,process,,10,10,31,pre,odor,True,1.880552053451538,5.946682929992676,-1.357142686843872
p1562,process,,11,11,21,pre,odor,True,0.8162660598754883,4.457768440246582,-2.757587194442749
p1562,process,,12,12,2,pre,odor,True,0.7460827827453613,4.5111541748046875,-2.3095180988311768
p1562,process,,13,13,39,pre,odor,True,2.3788983821868896,5.593607425689697,-1.342194676399231
p1562,process,,14,14,1,pre,odor,True,6.037081718444824,11.067953109741211,-2.2745654582977295
p1562,process,,15,15,12,pre,odor,True,2.060153007507324,7.302112102508545,-2.4812965393066406
p1562,process,,16,16,22,pre,odor,True,1.7850422859191895,5.242321491241455,-1.26503586769104
p1562,process,,17,17,10,pre,odor,True,2.9858856201171875,7.3868818283081055,-2.4875903129577637
p1562,process,,18,18,17,pre,odor,True,5.5353007316589355,14.050260543823242,-1.18422532081604
p1562,process,,19,19,31,pre,odor,True,1.5197962522506714,4.033774375915527,-0.8506461381912231
p1562,process,,20,20,30,pre,odor,True,0.8511068224906921,2.949697494506836,-1.6282241344451904
p1562,process,,21,21,12,pre,odor,True,0.12670773267745972,4.168033599853516,-2.6194074153900146
p1562,process,,22,22,22,pre,odor,True,1.1514781713485718,5.307172775268555,-1.0442132949829102
p1562,process,,23,23,4,pre,odor,True,-0.24516460299491882,2.5724499225616455,-3.592898368835449
p1562,process,,24,24,0,pre,odor,True,-0.30667680501937866,3.7392964363098145,-3.6409201622009277
p1562,process,,25,25,3,pre,odor,True,-0.23986902832984924,3.6529629230499268,-3.6387157440185547
p1562,process,,26,26,40,pre,odor,True,0.792141854763031,5.2871503829956055,-2.6294479370117188
p1562,process,,27,27,10,pre,odor,True,2.344546318054199,5.361156463623047,-1.9201496839523315
p1562,process,,28,28,21,pre,odor,True,1.1825485229492188,5.502866744995117,-1.7731682062149048
p1562,process,,29,29,18,pre,odor,True,4.973459720611572,16.11880111694336,-1.191534161567688
p1562,process,,30,30,18,pre,odor,True,2.8661444187164307,12.944632530212402,-2.424553394317627
p1562,process,,31,31,0,pre,odor,True,-0.15418632328510284,4.338615417480469,-3.0745325088500977
p1562,process,,32,32,12,post,odor,True,0.2630057632923126,2.232041835784912,-1.1199636459350586
p1562,process,,33,33,18,post,odor,True,0.5970222353935242,2.7162063121795654,-0.9874306917190552
p1562,process,,34,34,40,post,odor,True,-0.1060599610209465,1.4596796035766602,-1.2312202453613281
p1562,process,,35,35,32,post,odor,True,0.21327871084213257,2.2774503231048584,-0.9815457463264465
p1562,process,,36,36,31,post,odor,True,0.09367208927869797,1.8948960304260254,-1.2030943632125854
p1562,process,,37,37,0,post,odor,True,0.26377013325691223,1.7082293033599854,-1.116698980331421
p1562,process,,38,38,4,post,odor,True,0.0422593429684639,1.6933413743972778,-1.6589508056640625
p1562,process,,39,39,2,post,odor,True,0.4109176993370056,1.878589391708374,-0.8313444256782532
p1562,process,,40,40,3,post,odor,True,0.27283942699432373,1.893372893333435,-1.073449730873108
p1562,process,,41,41,21,post,odor,True,0.8886963129043579,2.626288890838623,-1.4447463750839233
p1562,process,,42,42,31,post,odor,True,0.20826223492622375,2.2124173641204834,-1.1476930379867554
p1562,process,,43,43,2,post,odor,True,-0.018530655652284622,1.8671320676803589,-1.5461863279342651
p1562,process,,44,44,32,post,odor,True,0.2853648364543915,2.510730743408203,-1.071277141571045
p1562,process,,45,45,40,post,odor,True,-0.009491843171417713,1.4563215970993042,-1.1470764875411987
p1562,process,,46,46,1,post,odor,True,-0.3130699694156647,0.9606971740722656,-1.1842111349105835
p1562,process,,47,47,0,post,odor,True,0.17950692772865295,1.366835594177246,-1.345205307006836
p1562,process,,48,48,22,post,odor,True,0.11913581937551498,1.8455283641815186,-0.9592170119285583
p1562,process,,49,49,10,post,odor,True,-0.02507462166249752,1.723335862159729,-1.4346462488174438
p1562,process,,50,50,1,post,odor,True,-0.1684182733297348,2.1915335655212402,-1.6969186067581177
p1562,process,,51,51,30,post,odor,True,0.4517958462238312,1.8545558452606201,-1.1254138946533203
p1562,process,,52,52,12,post,odor,True,0.3514176309108734,2.3845818042755127,-0.46810221672058105
p1562,process,,53,53,3,post,odor,True,0.37348079681396484,2.029736042022705,-1.2839016914367676
p1562,process,,54,54,21,post,odor,True,1.5320804119110107,3.9123473167419434,-1.057431697845459
p1562,process,,55,55,22,post,odor,True,0.13624165952205658,1.6069564819335938,-1.2838542461395264
p1562,process,,56,56,18,post,odor,True,0.399673193693161,2.092888593673706,-1.1053217649459839
p1562,process,,57,57,30,post,odor,True,0.2252085953950882,1.554249882698059,-0.9576330780982971
p1562,process,,58,58,17,post,odor,True,0.5502933859825134,2.5905747413635254,-1.2045904397964478
p1562,process,,59,59,39,post,odor,True,0.023321833461523056,1.0293357372283936,-1.0504258871078491
p1562,process,,60,60,39,post,odor,True,0.2014387845993042,1.164164423942566,-0.536576509475708
p1562,process,,61,61,17,post,odor,True,0.3424752950668335,1.5762258768081665,-0.9039934277534485
p1562,process,,62,62,4,post,odor,True,-0.1338706910610199,0.779229998588562,-0.8694455027580261
p1584,process,,0,0,39,pre,odor,True,0.17232003808021545,4.355470180511475,-3.0328800678253174
p1584,process,,1,1,17,pre,odor,True,-0.1297479271888733,2.999234437942505,-3.9699642658233643
p1584,process,,2,2,32,pre,odor,True,0.5721414685249329,4.809633731842041,-2.4776580333709717
p1584,process,,3,3,32,pre,odor,True,1.1129322052001953,4.884129047393799,-2.2062482833862305
p1584,process,,4,4,30,pre,odor,True,1.438267707824707,6.189023494720459,-2.8120951652526855
p1584,process,,5,5,40,pre,odor,True,0.8975452184677124,4.408293724060059,-3.0968997478485107
p1584,process,,6,6,3,pre,odor,True,0.32630565762519836,4.752804756164551,-2.7909998893737793
p1584,process,,7,7,2,pre,odor,True,0.4228973686695099,3.729856491088867,-2.3857645988464355
p1584,process,,8,8,1,pre,odor,True,0.7556572556495667,4.251363277435303,-2.4237778186798096
p1584,process,,9,9,4,pre,odor,True,0.6053297519683838,3.481729507446289,-1.9555222988128662
p1584,process,,10,10,31,pre,odor,True,1.6682531833648682,5.286677360534668,-1.7232756614685059
p1584,process,,11,11,21,pre,odor,True,1.1997641324996948,6.178954601287842,-3.2952466011047363
p1584,process,,12,12,2,pre,odor,True,0.2810322642326355,3.0270233154296875,-2.54225754737854
p1584,process,,13,13,39,pre,odor,True,0.2167290896177292,3.7605979442596436,-3.948925495147705
p1584,process,,14,14,1,pre,odor,True,0.09161167591810226,3.6511435508728027,-2.7000889778137207
p1584,process,,15,15,12,pre,odor,True,1.3414866924285889,6.203917980194092,-1.8189913034439087
p1584,process,,16,16,22,pre,odor,True,1.249450445175171,4.987543106079102,-2.441444158554077
p1584,process,,17,17,10,pre,odor,True,2.108492374420166,6.97096061706543,-2.1493072509765625
p1584,process,,18,18,17,pre,odor,True,0.7688853740692139,5.478014945983887,-3.9804043769836426
p1584,process,,19,19,31,pre,odor,True,1.5373785495758057,4.461478233337402,-2.4126269817352295
p1584,process,,20,20,30,pre,odor,True,1.8776252269744873,4.886077404022217,-1.8725180625915527
p1584,process,,21,21,12,pre,odor,True,0.03973717615008354,3.5938990116119385,-3.19914174079895
p1584,process,,22,22,22,pre,odor,True,1.9501259326934814,4.9088921546936035,-0.895420253276825
p1584,process,,23,23,4,pre,odor,True,0.2432929426431656,2.09356689453125,-1.7249315977096558
p1584,process,,24,24,0,pre,odor,True,-0.4630114734172821,2.8905391693115234,-3.486246109008789
p1584,process,,25,25,3,pre,odor,True,0.11325232684612274,3.1894798278808594,-3.3602919578552246
p1584,process,,26,26,40,pre,odor,True,0.44287899136543274,3.4042277336120605,-3.1476383209228516
p1584,process,,27,27,10,pre,odor,True,1.4880391359329224,5.698139667510986,-2.890462875366211
p1584,process,,28,28,21,pre,odor,True,1.6641961336135864,4.895069122314453,-1.7638628482818604
p1584,process,,29,29,18,pre,odor,True,0.7417646646499634,3.4558682441711426,-1.8740113973617554
p1584,process,,30,30,18,pre,odor,True,0.04573315754532814,2.345590829849243,-2.4750242233276367
p1584,process,,31,31,0,pre,odor,True,-0.23791474103927612,2.3028154373168945,-3.2127838134765625
p1584,process,,32,32,12,post,odor,True,0.22285906970500946,1.3981006145477295,-0.7934942245483398
p1584,process,,33,33,18,post,odor,True,0.20063911378383636,1.4820963144302368,-0.8256378769874573
p1584,process,,34,34,40,post,odor,True,0.34966546297073364,3.4101948738098145,-0.8562511205673218
p1584,process,,35,35,32,post,odor,True,0.1881447434425354,1.2304221391677856,-0.7855117321014404
p1584,process,,36,36,31,post,odor,True,-0.05694185569882393,1.0841387510299683,-1.0610082149505615
p1584,process,,37,37,0,post,odor,True,-0.1326935589313507,1.2130227088928223,-0.9940285682678223
p1584,process,,38,38,4,post,odor,True,0.0015045043546706438,1.626399278640747,-0.9533630609512329
p1584,process,,39,39,2,post,odor,True,0.2854004502296448,1.3739917278289795,-1.2798339128494263
p1584,process,,40,40,3,post,odor,True,0.31744110584259033,1.6038790941238403,-0.6300811767578125
p1584,process,,41,41,21,post,odor,True,0.9063817262649536,3.073751211166382,-0.652316689491272
p1584,process,,42,42,31,post,odor,True,0.049570269882678986,1.300348162651062,-0.98966383934021
p1584,process,,43,43,2,post,odor,True,0.5208703279495239,2.476767063140869,-0.7494481205940247
p1584,process,,44,44,32,post,odor,True,0.013297181576490402,1.4065513610839844,-1.057214617729187
p1584,process,,45,45,40,post,odor,True,0.3486817181110382,3.0386180877685547,-0.8964354395866394
p1584,process,,46,46,1,post,odor,True,-0.14341381192207336,1.320348858833313,-1.266668677330017
p1584,process,,47,47,0,post,odor,True,0.004874598700553179,1.8463085889816284,-0.9928650856018066
p1584,process,,48,48,22,post,odor,True,-0.030282488092780113,0.9395298361778259,-1.1340216398239136
p1584,process,,49,49,10,post,odor,True,-0.009519212879240513,1.3775204420089722,-1.0874671936035156
p1584,process,,50,50,1,post,odor,True,0.006772428750991821,1.473513126373291,-0.9640483260154724
p1584,process,,51,51,30,post,odor,True,0.22957348823547363,2.123704433441162,-0.6781533360481262
p1584,process,,52,52,12,post,odor,True,0.0041304901242256165,0.9880831837654114,-0.7846357822418213
p1584,process,,53,53,3,post,odor,True,0.5688851475715637,2.315122365951538,-0.6009579300880432
p1584,process,,54,54,21,post,odor,True,0.9308072328567505,2.5115060806274414,-0.9144468903541565
p1584,process,,55,55,22,post,odor,True,0.02769114449620247,1.3183565139770508,-0.8884649276733398
p1584,process,,56,56,18,post,odor,True,0.1758076250553131,2.3676035404205322,-0.6793113350868225
p1584,process,,57,57,30,post,odor,True,-0.03662542998790741,1.6108580827713013,-0.9532167315483093
p1584,process,,58,58,17,post,odor,True,-0.0960901603102684,1.1414114236831665,-0.7665604948997498
p1584,process,,59,59,39,post,odor,True,0.2564904987812042,1.3527699708938599,-0.4935808777809143
p1584,process,,60,60,39,post,odor,True,0.13969941437244415,1.270632028579712,-0.45226162672042847
p1584,process,,61,61,17,post,odor,True,-0.04277894273400307,0.5892506241798401,-0.6298018097877502
p1584,process,,62,62,4,post,odor,True,0.027235103771090508,0.8830702900886536,-0.3276977241039276
s1,soma,,0,0,39,pre,post_odor,True,1.8457002639770508,4.927844047546387,-0.7721380591392517
s1,soma,,1,1,17,pre,post_odor,True,6.666676998138428,9.792238235473633,-0.2223438322544098
s1,soma,,2,2,32,pre,post_odor,True,7.196469306945801,12.312368392944336,3.268768787384033
s1,soma,,3,3,32,pre,post_odor,True,8.86909294128418,14.5469331741333,4.28493595123291
s1,soma,,4,4,30,pre,post_odor,True,6.444968223571777,12.264057159423828,0.6240347027778625
s1,soma,,5,5,40,pre,post_odor,True,4.43286657333374,6.859450817108154,1.4286327362060547
s1,soma,,6,6,3,pre,post_odor,True,2.3193001747131348,5.431623935699463,-0.13388121128082275
s1,soma,,7,7,2,pre,post_odor,True,3.0175771713256836,5.947393417358398,0.11315982043743134
s1,soma,,8,8,1,pre,post_odor,True,2.4261341094970703,6.483226776123047,-0.2260618507862091
s1,soma,,9,9,4,pre,post_odor,True,1.6660717725753784,3.9542324542999268,-0.6181599497795105
s1,soma,,10,10,31,pre,post_odor,True,3.826486349105835,8.349343299865723,-0.44539931416511536
s1,soma,,11,11,21,pre,post_odor,True,5.681314945220947,9.493228912353516,3.379504919052124
s1,soma,,12,12,2,pre,post_odor,True,0.3012025058269501,2.270113229751587,-1.3556522130966187
s1,soma,,13,13,39,pre,post_odor,True,-3.602809429168701,0.2822350859642029,-6.803228378295898
s1,soma,,14,14,1,pre,post_odor,True,3.5163304805755615,7.871999740600586,-0.7668296694755554
s1,soma,,15,15,12,pre,post_odor,True,2.8110148906707764,6.301174640655518,-1.537047028541565
s1,soma,,16,16,22,pre,post_odor,True,0.05555370822548866,3.0357682704925537,-2.5920791625976562
s1,soma,,17,17,10,pre,post_odor,True,6.092057228088379,9.353233337402344,3.310965061187744
s1,soma,,18,18,17,pre,post_odor,True,-0.7585103511810303,3.536921501159668,-5.611512184143066
s1,soma,,19,19,31,pre,post_odor,True,-1.4939030408859253,3.1739938259124756,-5.2649617195129395
s1,soma,,20,20,30,pre,post_odor,True,-0.07063844799995422,2.468580484390259,-2.752117156982422
s1,soma,,21,21,12,pre,post_odor,True,1.8911319971084595,3.8966758251190186,-1.1025185585021973
s1,soma,,22,22,22,pre,post_odor,True,1.2142117023468018,2.954442262649536,-0.6278289556503296
s1,soma,,23,23,4,pre,post_odor,True,2.114023208618164,4.363983631134033,-0.1717076599597931
s1,soma,,24,24,0,pre,post_odor,True,6.40427303314209,9.098231315612793,3.0579020977020264
s1,soma,,25,25,3,pre,post_odor,True,-1.22755765914917,3.50825572013855,-4.857969760894775
s1,soma,,26,26,40,pre,post_odor,True,2.995502471923828,5.976190090179443,0.6572898626327515
s1,soma,,27,27,10,pre,post_odor,True,2.421812057495117,4.63574743270874,0.7238945960998535
s1,soma,,28,28,21,pre,post_odor,True,3.7642152309417725,7.614542007446289,0.6433727145195007
s1,soma,,29,29,18,pre,post_odor,True,0.7571792006492615,3.089855670928955,-2.298009157180786
s1,soma,,30,30,18,pre,post_odor,True,-0.39409247040748596,1.5665913820266724,-4.562137126922607
s1,soma,,31,31,0,pre,post_odor,True,4.59191370010376,6.488112449645996,2.5808887481689453
s1,soma,,32,32,12,post,post_odor,True,1.5740365982055664,3.362330913543701,-0.6389139890670776
s1,soma,,33,33,18,post,post_odor,True,1.7243739366531372,3.9302921295166016,-0.6123977303504944
s1,soma,,34,34,40,post,post_odor,True,0.03729685768485069,2.0894246101379395,-1.2837300300598145
s1,soma,,35,35,32,post,post_odor,True,0.6022238731384277,2.2877182960510254,-0.8201781511306763
s1,soma,,36,36,31,post,post_odor,True,0.2893699109554291,1.4795167446136475,-0.9148059487342834
s1,soma,,37,37,0,post,post_odor,True,0.10220176726579666,1.4613533020019531,-1.4748728275299072
s1,soma,,38,38,4,post,post_odor,True,1.848098874092102,3.453174591064453,0.3763291835784912
s1,soma,,39,39,2,post,post_odor,True,1.120732307434082,2.9243595600128174,-0.10364511609077454
s1,soma,,40,40,3,post,post_odor,True,1.3741402626037598,2.6551547050476074,-0.8146038055419922
s1,soma,,41,41,21,post,post_odor,True,4.330755233764648,6.337952136993408,1.8518800735473633
s1,soma,,42,42,31,post,post_odor,True,0.6418407559394836,1.9829201698303223,-0.40034833550453186
s1,soma,,43,43,2,post,post_odor,True,0.2184773087501526,1.8719079494476318,-0.8347497582435608
s1,soma,,44,44,32,post,post_odor,True,0.3434290289878845,1.6623648405075073,-1.239123821258545
s1,soma,,45,45,40,post,post_odor,True,0.14029553532600403,1.1402405500411987,-1.0104585886001587
s1,soma,,46,46,1,post,post_odor,True,0.11208454519510269,1.1276092529296875,-0.6300487518310547
s1,soma,,47,47,0,post,post_odor,True,-0.0006578436004929245,0.8624546527862549,-0.9794559478759766
s1,soma,,48,48,22,post,post_odor,True,1.0052850246429443,3.0355160236358643,-0.4374949038028717
s1,soma,,49,49,10,post,post_odor,True,0.06751637905836105,1.3802831172943115,-1.177106261253357
s1,soma,,50,50,1,post,post_odor,True,-0.08587610721588135,0.7829108238220215,-1.4103472232818604
s1,soma,,51,51,30,post,post_odor,True,1.008067011833191,3.2756974697113037,-0.9990531206130981
s1,soma,,52,52,12,post,post_odor,True,1.8661048412322998,3.5451862812042236,0.4380858242511749
s1,soma,,53,53,3,post,post_odor,True,1.4711567163467407,3.4004759788513184,-0.35678693652153015
s1,soma,,54,54,21,post,post_odor,True,4.868687629699707,7.348792552947998,2.064629316329956
s1,soma,,55,55,22,post,post_odor,True,0.38150158524513245,1.5118741989135742,-1.5783227682113647
s1,soma,,56,56,18,post,post_odor,True,1.5035254955291748,3.1662418842315674,-0.10641365498304367
s1,soma,,57,57,30,post,post_odor,True,1.2169122695922852,2.8063161373138428,-0.2993147373199463
s1,soma,,58,58,17,post,post_odor,True,0.22564463317394257,1.54452383518219,-1.6246118545532227
s1,soma,,59,59,39,post,post_odor,True,-0.04192040115594864,1.011469841003418,-1.3373620510101318
s1,soma,,60,60,39,post,post_odor,True,0.7448314428329468,2.418144941329956,-0.5829930901527405
s1,soma,,61,61,17,post,post_odor,True,0.2936624586582184,1.9330328702926636,-1.6822329759597778
s1,soma,,62,62,4,post,post_odor,True,0.49031758308410645,2.055382490158081,-0.7754130959510803
s23,soma,,0,0,39,pre,post_odor,True,3.4544572830200195,6.3226823806762695,0.8152348399162292
s23,soma,,1,1,17,pre,post_odor,True,3.2673752307891846,6.88213586807251,0.46364879608154297
s23,soma,,2,2,32,pre,post_odor,True,3.8230597972869873,6.576162338256836,-0.5964035987854004
s23,soma,,3,3,32,pre,post_odor,True,2.739962339401245,5.292689323425293,0.2969745397567749
s23,soma,,4,4,30,pre,post_odor,True,1.118857741355896,3.7916762828826904,-2.806623935699463
s23,soma,,5,5,40,pre,post_odor,True,2.4331936836242676,5.363838195800781,-0.8041748404502869
s23,soma,,6,6,3,pre,post_odor,True,6.062371253967285,8.749125480651855,2.4191763401031494
s23,soma,,7,7,2,pre,post_odor,True,3.6103456020355225,7.515944480895996,0.08230815082788467
s23,soma,,8,8,1,pre,post_odor,True,0.41215014457702637,2.7460687160491943,-1.945619821548462
s23,soma,,9,9,4,pre,post_odor,True,5.254771709442139,8.426362991333008,0.3961673378944397
s23,soma,,10,10,31,pre,post_odor,True,4.769132614135742,8.604469299316406,1.135685682296753
s23,soma,,11,11,21,pre,post_odor,True,1.6350042819976807,3.7051591873168945,-0.9948116540908813
s23,soma,,12,12,2,pre,post_odor,True,1.5488145351409912,4.084597110748291,-1.6688705682754517
s23,soma,,13,13,39,pre,post_odor,True,1.140712857246399,3.5124056339263916,-1.5513848066329956
s23,soma,,14,14,1,pre,post_odor,True,0.8765347599983215,3.4468564987182617,-3.4731040000915527
s23,soma,,15,15,12,pre,post_odor,True,5.751553535461426,10.485970497131348,1.4961612224578857
s23,soma,,16,16,22,pre,post_odor,True,4.970937728881836,8.25624942779541,0.2947126030921936
s23,soma,,17,17,10,pre,post_odor,True,4.279510021209717,9.5115966796875,0.595439076423645
s23,soma,,18,18,17,pre,post_odor,True,5.162877559661865,8.35209846496582,2.492229461669922
s23,soma,,19,19,31,pre,post_odor,True,1.6783605813980103,5.882568359375,-1.7736350297927856
s23,soma,,20,20,30,pre,post_odor,True,-0.02848820388317108,2.5118625164031982,-2.1015660762786865
s23,soma,,21,21,12,pre,post_odor,True,2.352341890335083,6.753426551818848,-1.1609963178634644
s23,soma,,22,22,22,pre,post_odor,True,3.9210686683654785,8.492597579956055,0.7988088130950928
s23,soma,,23,23,4,pre,post_odor,True,1.929243803024292,4.952940464019775,-0.8109834790229797
s23,soma,,24,24,0,pre,post_odor,True,1.7537250518798828,6.2830424308776855,-2.0728683471679688
s23,soma,,25,25,3,pre,post_odor,True,2.036489248275757,4.136238098144531,-2.0416531562805176
s23,soma,,26,26,40,pre,post_odor,True,3.7344727516174316,6.927720546722412,-0.5150877237319946
s23,soma,,27,27,10,pre,post_odor,True,0.27719825506210327,3.9616847038269043,-3.030212640762329
s23,soma,,28,28,21,pre,post_odor,True,2.7287793159484863,5.675166130065918,-1.313108205795288
s23,soma,,29,29,18,pre,post_odor,True,3.2584478855133057,5.506440162658691,1.1432009935379028
s23,soma,,30,30,18,pre,post_odor,True,-0.4904959797859192,2.295337200164795,-4.085378646850586
s23,soma,,31,31,0,pre,post_odor,True,2.600755214691162,5.883208274841309,-0.6339223980903625
s23,soma,,32,32,12,post,post_odor,True,0.03913510590791702,0.9819421768188477,-0.7651525139808655
s23,soma,,33,33,18,post,post_odor,True,0.1211785078048706,1.019439697265625,-0.604432225227356
s23,soma,,34,34,40,post,post_odor,True,0.0513572171330452,0.9652770161628723,-0.8931879997253418
s23,soma,,35,35,32,post,post_odor,True,0.20926092565059662,1.0086110830307007,-0.5815809965133667
s23,soma,,36,36,31,post,post_odor,True,0.028212759643793106,1.0331714153289795,-0.5107141733169556
s23,soma,,37,37,0,post,post_odor,True,0.015332335606217384,0.8505849242210388,-0.6756611466407776
s23,soma,,38,38,4,post,post_odor,True,0.13059915602207184,0.7928046584129333,-0.6137823462486267
s23,soma,,39,39,2,post,post_odor,True,-0.033394236117601395,0.5817350149154663,-0.6221522688865662
s23,soma,,40,40,3,post,post_odor,True,0.048358406871557236,0.7341370582580566,-0.9128148555755615
s23,soma,,41,41,21,post,post_odor,True,1.1692713499069214,2.43550181388855,0.08651584386825562
s23,soma,,42,42,31,post,post_odor,True,-0.04252135381102562,0.5778192281723022,-0.8230025768280029
s23,soma,,43,43,2,post,post_odor,True,-0.002743152901530266,0.5849388241767883,-0.6500859260559082
s23,soma,,44,44,32,post,post_odor,True,0.06655117869377136,0.8327902555465698,-0.5948846340179443
s23,soma,,45,45,40,post,post_odor,True,0.10299281775951385,0.7473770380020142,-0.580197274684906
s23,soma,,46,46,1,post,post_odor,True,0.01143170427531004,0.7250933051109314,-0.6700791120529175
s23,soma,,47,47,0,post,post_odor,True,-0.036652255803346634,0.6586123108863831,-0.5861497521400452
s23,soma,,48,48,22,post,post_odor,True,0.06645086407661438,0.9154174327850342,-0.6204825043678284
s23,soma,,49,49,10,post,post_odor,True,0.09072191268205643,0.9626289010047913,-0.48216256499290466
s23,soma,,50,50,1,post,post_odor,True,-0.03342117741703987,0.6972461342811584,-0.6795720458030701
s23,soma,,51,51,30,post,post_odor,True,0.16903501749038696,0.9556822776794434,-0.6928619742393494
s23,soma,,52,52,12,post,post_odor,True,0.08309055864810944,0.7971598505973816,-0.37323492765426636
s23,soma,,53,53,3,post,post_odor,True,0.0036511665675789118,0.5504018664360046,-0.5792376399040222
s23,soma,,54,54,21,post,post_odor,True,0.47843703627586365,1.433036208152771,-0.23819489777088165
s23,soma,,55,55,22,post,post_odor,True,0.09438979625701904,0.7932175993919373,-0.33491846919059753
s23,soma,,56,56,18,post,post_odor,True,0.09480097144842148,0.8282214999198914,-0.605635404586792
s23,soma,,57,57,30,post,post_odor,True,0.026411985978484154,0.5816493034362793,-0.5465073585510254
s23,soma,,58,58,17,post,post_odor,True,-0.0045586442574858665,0.65257328748703,-0.5014764666557312
s23,soma,,59,59,39,post,post_odor,True,0.01734188199043274,0.628178596496582,-0.5482462048530579
s23,soma,,60,60,39,post,post_odor,True,0.10322298854589462,0.8812710046768188,-0.3383689224720001
s23,soma,,61,61,17,post,post_odor,True,0.2717221975326538,1.20464026927948,-0.47657543420791626
s23,soma,,62,62,4,post,post_odor,True,-0.013773501850664616,0.49940890073776245,-0.6560859680175781
s46,soma,,0,0,39,pre,post_odor,True,1.2561817169189453,4.715292453765869,-3.0631954669952393
s46,soma,,1,1,17,pre,post_odor,True,1.0458108186721802,4.780252456665039,-2.53788161277771
s46,soma,,2,2,32,pre,post_odor,True,4.912105083465576,9.289936065673828,0.5201074481010437
s46,soma,,3,3,32,pre,post_odor,True,4.283481597900391,8.31323528289795,0.34120264649391174
s46,soma,,4,4,30,pre,post_odor,True,3.6320440769195557,6.445457458496094,-0.04114321619272232
s46,soma,,5,5,40,pre,post_odor,True,1.0378191471099854,3.71053409576416,-2.8998026847839355
s46,soma,,6,6,3,pre,post_odor,True,4.018495559692383,8.932188034057617,-1.7419174909591675
s46,soma,,7,7,2,pre,post_odor,True,2.229823350906372,6.0743255615234375,-0.3511132001876831
s46,soma,,8,8,1,pre,post_odor,True,2.1687140464782715,6.787916660308838,-1.4075998067855835
s46,soma,,9,9,4,pre,post_odor,True,4.474520683288574,7.551455497741699,1.9629679918289185
s46,soma,,10,10,31,pre,post_odor,True,4.669349193572998,8.113499641418457,-0.3264845609664917
s46,soma,,11,11,21,pre,post_odor,True,1.8741432428359985,4.863341808319092,-3.793862819671631
s46,soma,,12,12,2,pre,post_odor,True,2.3629932403564453,5.121161460876465,0.13221809267997742
s46,soma,,13,13,39,pre,post_odor,True,0.31688442826271057,3.7525203227996826,-4.447303295135498
s46,soma,,14,14,1,pre,post_odor,True,1.0044162273406982,3.7090203762054443,-2.9913761615753174
s46,soma,,15,15,12,pre,post_odor,True,2.5230703353881836,8.08950424194336,-1.7188750505447388
s46,soma,,16,16,22,pre,post_odor,True,4.05019998550415,7.6954169273376465,0.27827686071395874
s46,soma,,17,17,10,pre,post_odor,True,1.6585347652435303,7.03491735458374,-1.7048258781433105
s46,soma,,18,18,17,pre,post_odor,True,1.9346585273742676,6.522089958190918,-3.588130474090576
s46,soma,,19,19,31,pre,post_odor,True,3.3555352687835693,6.965548992156982,-0.5438387989997864
s46,soma,,20,20,30,pre,post_odor,True,0.6719828844070435,3.327191114425659,-1.6353577375411987
s46,soma,,21,21,12,pre,post_odor,True,-1.0658923387527466,1.8945965766906738,-3.6121861934661865
s46,soma,,22,22,22,pre,post_odor,True,0.9941520690917969,4.526613235473633,-1.8478209972381592
s46,soma,,23,23,4,pre,post_odor,True,-1.0281000137329102,1.2769932746887207,-3.1959266662597656
s46,soma,,24,24,0,pre,post_odor,True,1.8837652206420898,6.511220455169678,-1.4426701068878174
s46,soma,,25,25,3,pre,post_odor,True,0.3619212210178375,3.3741536140441895,-3.480164051055908
s46,soma,,26,26,40,pre,post_odor,True,3.733419418334961,6.619540691375732,0.05990928038954735
s46,soma,,27,27,10,pre,post_odor,True,1.3424959182739258,4.517050743103027,-0.8592616319656372
s46,soma,,28,28,21,pre,post_odor,True,3.449841260910034,5.854123592376709,-0.06838591396808624
s46,soma,,29,29,18,pre,post_odor,True,1.6061294078826904,4.571457862854004,-1.4980710744857788
s46,soma,,30,30,18,pre,post_odor,True,-1.3245502710342407,2.437474489212036,-4.574525356292725
s46,soma,,31,31,0,pre,post_odor,True,0.37843576073646545,2.7060494422912598,-3.2051737308502197
s46,soma,,32,32,12,post,post_odor,True,0.13751910626888275,1.394240379333496,-0.8227084279060364
s46,soma,,33,33,18,post,post_odor,True,-0.06568272411823273,1.1762802600860596,-1.0506367683410645
s46,soma,,34,34,40,post,post_odor,True,0.1579848825931549,0.9413962960243225,-0.7395401000976562
s46,soma,,35,35,32,post,post_odor,True,-0.051351550966501236,0.6933110952377319,-0.8649461269378662
s46,soma,,36,36,31,post,post_odor,True,0.10228370130062103,1.417559266090393,-0.8705816864967346
s46,soma,,37,37,0,post,post_odor,True,0.054169055074453354,1.533460021018982,-0.910679817199707
s46,soma,,38,38,4,post,post_odor,True,0.07124728709459305,1.2002218961715698,-0.934116542339325
s46,soma,,39,39,2,post,post_odor,True,0.10041771084070206,1.0459614992141724,-0.6913609504699707
s46,soma,,40,40,3,post,post_odor,True,0.26474839448928833,1.4161462783813477,-0.8403745889663696
s46,soma,,41,41,21,post,post_odor,True,0.5674841403961182,1.6850183010101318,-0.457804411649704
s46,soma,,42,42,31,post,post_odor,True,0.14747853577136993,1.0546234846115112,-0.7602018713951111
s46,soma,,43,43,2,post,post_odor,True,0.053048476576805115,0.9330093860626221,-0.6264411211013794
s46,soma,,44,44,32,post,post_odor,True,0.14780309796333313,1.0275053977966309,-1.0025821924209595
s46,soma,,45,45,40,post,post_odor,True,-0.11089640855789185,0.9170495271682739,-0.9547339081764221
s46,soma,,46,46,1,post,post_odor,True,0.21906138956546783,1.125582218170166,-0.8578513264656067
s46,soma,,47,47,0,post,post_odor,True,0.06828063726425171,0.8841885328292847,-0.9353234171867371
s46,soma,,48,48,22,post,post_odor,True,0.3469083309173584,1.0907257795333862,-0.5900401473045349
s46,soma,,49,49,10,post,post_odor,True,0.23853890597820282,0.9471813440322876,-0.40914443135261536
s46,soma,,50,50,1,post,post_odor,True,-0.2720942199230194,0.8426297307014465,-1.0077922344207764
s46,soma,,51,51,30,post,post_odor,True,0.00276970979757607,1.450321912765503,-0.9301605820655823
s46,soma,,52,52,12,post,post_odor,True,0.669711172580719,1.7811970710754395,-0.5138651132583618
s46,soma,,53,53,3,post,post_odor,True,0.16105234622955322,1.0289982557296753,-0.7010064125061035
s46,soma,,54,54,21,post,post_odor,True,0.5250154733657837,1.8275721073150635,-0.5919395089149475
s46,soma,,55,55,22,post,post_odor,True,0.5349109768867493,2.353386163711548,-0.5225815176963806
s46,soma,,56,56,18,post,post_odor,True,-0.30402979254722595,0.7744373083114624,-1.1938471794128418
s46,soma,,57,57,30,post,post_odor,True,0.021456211805343628,1.0106369256973267,-0.9632971286773682
s46,soma,,58,58,17,post,post_odor,True,0.03247446194291115,1.4710848331451416,-0.9314385652542114
s46,soma,,59,59,39,post,post_odor,True,0.14224965870380402,1.4672561883926392,-0.7906187772750854
s46,soma,,60,60,39,post,post_odor,True,0.1296701580286026,0.9101223945617676,-1.0542396306991577
s46,soma,,61,61,17,post,post_odor,True,-0.2667348384857178,1.1249794960021973,-0.983992874622345
s46,soma,,62,62,4,post,post_odor,True,-0.06714639812707901,1.2044090032577515,-0.6765540242195129
s68,soma,,0,0,39,pre,post_odor,True,8.406373023986816,20.72756576538086,0.5052699446678162
s68,soma,,1,1,17,pre,post_odor,True,-3.047217845916748,-0.2264833152294159,-4.532083988189697
s68,soma,,2,2,32,pre,post_odor,True,14.621732711791992,25.51620101928711,4.697882652282715
s68,soma,,3,3,32,pre,post_odor,True,16.753190994262695,26.88494110107422,6.232856273651123
s68,soma,,4,4,30,pre,post_odor,True,20.916078567504883,36.990116119384766,8.624401092529297
s68,soma,,5,5,40,pre,post_odor,True,9.726540565490723,21.678525924682617,1.6960225105285645
s68,soma,,6,6,3,pre,post_odor,True,-1.343942403793335,1.7548011541366577,-3.5995607376098633
s68,soma,,7,7,2,pre,post_odor,True,1.8834749460220337,4.750848770141602,-0.6494235396385193
s68,soma,,8,8,1,pre,post_odor,True,15.226946830749512,30.28304100036621,5.356197834014893
s68,soma,,9,9,4,pre,post_odor,True,-0.8721983432769775,2.838503837585449,-3.1169772148132324
s68,soma,,10,10,31,pre,post_odor,True,10.259515762329102,20.027711868286133,1.6859384775161743
s68,soma,,11,11,21,pre,post_odor,True,-3.3568286895751953,-0.3151203989982605,-6.805591583251953
s68,soma,,12,12,2,pre,post_odor,True,1.0599695444107056,4.39386510848999,-1.5751529932022095
s68,soma,,13,13,39,pre,post_odor,True,6.745249271392822,14.210606575012207,2.0723979473114014
s68,soma,,14,14,1,pre,post_odor,True,20.014612197875977,37.503013610839844,6.654785633087158
s68,soma,,15,15,12,pre,post_odor,True,12.794062614440918,23.324256896972656,2.765251874923706
s68,soma,,16,16,22,pre,post_odor,True,-1.1309223175048828,1.220680832862854,-5.519282341003418
s68,soma,,17,17,10,pre,post_odor,True,0.623437225818634,3.906644582748413,-2.2373147010803223
s68,soma,,18,18,17,pre,post_odor,True,3.2481067180633545,6.233314037322998,-0.6981391906738281
s68,soma,,19,19,31,pre,post_odor,True,-2.9246578216552734,0.7934616208076477,-5.246384620666504
s68,soma,,20,20,30,pre,post_odor,True,-0.0020357726607471704,3.1664927005767822,-4.502247333526611
s68,soma,,21,21,12,pre,post_odor,True,-0.41919341683387756,3.374433755874634,-3.0914154052734375
s68,soma,,22,22,22,pre,post_odor,True,-1.1676751375198364,1.9928700923919678,-3.7102420330047607
s68,soma,,23,23,4,pre,post_odor,True,-0.18131689727306366,2.157860279083252,-2.740090847015381
s68,soma,,24,24,0,pre,post_odor,True,0.04927963390946388,2.411267042160034,-2.6521756649017334
s68,soma,,25,25,3,pre,post_odor,True,-1.9830868244171143,0.6963269710540771,-5.523992538452148
s68,soma,,26,26,40,pre,post_odor,True,3.8558077812194824,9.59251880645752,-0.8721179366111755
s68,soma,,27,27,10,pre,post_odor,True,-2.442220449447632,1.5568987131118774,-6.697689533233643
s68,soma,,28,28,21,pre,post_odor,True,1.0724899768829346,4.866997241973877,-2.166208267211914
s68,soma,,29,29,18,pre,post_odor,True,-0.8320828080177307,2.2838985919952393,-3.1548027992248535
s68,soma,,30,30,18,pre,post_odor,True,-0.047480810433626175,2.9337615966796875,-2.599853038787842
s68,soma,,31,31,0,pre,post_odor,True,-0.14777353405952454,3.796999454498291,-2.505122184753418
s68,soma,,32,32,12,post,post_odor,True,-0.08805948495864868,1.305800199508667,-1.2661737203598022
s68,soma,,33,33,18,post,post_odor,True,0.6771119236946106,1.9438854455947876,-0.6220787763595581
s68,soma,,34,34,40,post,post_odor,True,0.12852632999420166,1.9940518140792847,-1.1177971363067627
s68,soma,,35,35,32,post,post_odor,True,-0.03100532665848732,1.2375303506851196,-1.150530457496643
s68,soma,,36,36,31,post,post_odor,True,0.16593103110790253,1.648285150527954,-0.9953110814094543
s68,soma,,37,37,0,post,post_odor,True,-0.05377187579870224,1.266308069229126,-0.9914726614952087
s68,soma,,38,38,4,post,post_odor,True,0.13875830173492432,1.4104716777801514,-1.2388801574707031
s68,soma,,39,39,2,post,post_odor,True,-0.17125891149044037,1.2952187061309814,-1.1172541379928589
s68,soma,,40,40,3,post,post_odor,True,0.07993908226490021,1.1456656455993652,-0.8880739808082581
s68,soma,,41,41,21,post,post_odor,True,0.5945253372192383,2.3855087757110596,-0.6375163793563843
s68,soma,,42,42,31,post,post_odor,True,-0.011712735518813133,1.5098634958267212,-1.2650190591812134
s68,soma,,43,43,2,post,post_odor,True,-0.2307136058807373,1.0281918048858643,-1.5027122497558594
s68,soma,,44,44,32,post,post_odor,True,-0.14069759845733643,0.974281907081604,-1.206971526145935
s68,soma,,45,45,40,post,post_odor,True,-0.030296627432107925,1.3761208057403564,-1.7889838218688965
s68,soma,,46,46,1,post,post_odor,True,-0.14274154603481293,1.1055753231048584,-0.9648427963256836
s68,soma,,47,47,0,post,post_odor,True,-0.0795101672410965,1.1035666465759277,-1.2464646100997925
s68,soma,,48,48,22,post,post_odor,True,0.030984289944171906,1.0684505701065063,-1.5404052734375
s68,soma,,49,49,10,post,post_odor,True,-0.017964860424399376,1.3603227138519287,-1.1668647527694702
s68,soma,,50,50,1,post,post_odor,True,-0.005158184561878443,0.944377601146698,-1.0179049968719482
s68,soma,,51,51,30,post,post_odor,True,0.05094832181930542,1.0327503681182861,-0.76951664686203
s68,soma,,52,52,12,post,post_odor,True,0.041996318846940994,1.4371815919876099,-1.2206603288650513
s68,soma,,53,53,3,post,post_odor,True,-0.10564828664064407,0.9547967910766602,-1.4484078884124756
s68,soma,,54,54,21,post,post_odor,True,0.6274479627609253,1.861531138420105,-0.6042231917381287
s68,soma,,55,55,22,post,post_odor,True,-0.11686358600854874,1.094408392906189,-1.1360458135604858
s68,soma,,56,56,18,post,post_odor,True,0.1725555807352066,1.2217422723770142,-0.8424115777015686
s68,soma,,57,57,30,post,post_odor,True,-0.06578406691551208,1.0553340911865234,-1.3678227663040161
s68,soma,,58,58,17,post,post_odor,True,-0.003190118120983243,0.8129822015762329,-0.8943091034889221
s68,soma,,59,59,39,post,post_odor,True,0.14248214662075043,1.3144378662109375,-1.1163058280944824
s68,soma,,60,60,39,post,post_odor,True,0.0372750349342823,0.8406662940979004,-0.8312715888023376
s68,soma,,61,61,17,post,post_odor,True,0.020682796835899353,0.7914332747459412,-0.9800843596458435
s68,soma,,62,62,4,post,post_odor,True,0.16885030269622803,1.1155890226364136,-0.4780634343624115
s90,soma,,0,0,39,pre,post_odor,True,2.1295557022094727,5.7423529624938965,-0.43891555070877075
s90,soma,,1,1,17,pre,post_odor,True,-4.500829696655273,-2.3154027462005615,-7.8903985023498535
s90,soma,,2,2,32,pre,post_odor,True,4.9121623039245605,16.206628799438477,-2.7032992839813232
s90,soma,,3,3,32,pre,post_odor,True,10.995942115783691,20.689332962036133,3.9309401512145996
s90,soma,,4,4,30,pre,post_odor,True,8.11111831665039,18.726015090942383,0.9523640871047974
s90,soma,,5,5,40,pre,post_odor,True,2.131704807281494,6.871755123138428,-3.617664337158203
s90,soma,,6,6,3,pre,post_odor,True,8.029463768005371,11.899251937866211,3.6921558380126953
s90,soma,,7,7,2,pre,post_odor,True,6.532344341278076,12.186088562011719,0.3798472583293915
s90,soma,,8,8,1,pre,post_odor,True,2.3035736083984375,6.403273105621338,-0.8483953475952148
s90,soma,,9,9,4,pre,post_odor,True,7.573599338531494,10.870715141296387,2.4908807277679443
s90,soma,,10,10,31,pre,post_odor,True,13.234457969665527,23.682039260864258,6.140701770782471
s90,soma,,11,11,21,pre,post_odor,True,1.7572674751281738,5.8732686042785645,-1.6869925260543823
s90,soma,,12,12,2,pre,post_odor,True,1.6300084590911865,5.186896800994873,-1.83247971534729
s90,soma,,13,13,39,pre,post_odor,True,-0.7497075200080872,1.7385005950927734,-4.072685241699219
s90,soma,,14,14,1,pre,post_odor,True,6.463418483734131,8.993036270141602,3.6887001991271973
s90,soma,,15,15,12,pre,post_odor,True,4.933010578155518,9.660500526428223,0.9487011432647705
s90,soma,,16,16,22,pre,post_odor,True,9.764703750610352,17.69191551208496,3.6349852085113525
s90,soma,,17,17,10,pre,post_odor,True,4.954785346984863,9.310239791870117,0.9448491930961609
s90,soma,,18,18,17,pre,post_odor,True,-0.496573805809021,2.7947235107421875,-3.023510217666626
s90,soma,,19,19,31,pre,post_odor,True,5.404332637786865,10.939706802368164,0.504690408706665
s90,soma,,20,20,30,pre,post_odor,True,3.7457025051116943,8.2022066116333,0.714451014995575
s90,soma,,21,21,12,pre,post_odor,True,-0.14737403392791748,0.7744570970535278,-1.3407189846038818
s90,soma,,22,22,22,pre,post_odor,True,0.44333574175834656,2.0608444213867188,-0.8742418885231018
s90,soma,,23,23,4,pre,post_odor,True,-0.23640960454940796,1.2238593101501465,-1.3899370431900024
s90,soma,,24,24,0,pre,post_odor,True,3.356956958770752,7.442855358123779,-0.218363419175148
s90,soma,,25,25,3,pre,post_odor,True,1.5712499618530273,5.176424026489258,-1.3323265314102173
s90,soma,,26,26,40,pre,post_odor,True,1.5088549852371216,5.577388763427734,-2.7416555881500244
s90,soma,,27,27,10,pre,post_odor,True,1.1252424716949463,4.203981399536133,-1.8493655920028687
s90,soma,,28,28,21,pre,post_odor,True,0.2991034984588623,3.587911605834961,-2.8770599365234375
s90,soma,,29,29,18,pre,post_odor,True,0.11212263256311417,1.668868899345398,-0.7950758337974548
s90,soma,,30,30,18,pre,post_odor,True,-0.9876095652580261,0.20552101731300354,-2.02561616897583
s90,soma,,31,31,0,pre,post_odor,True,1.1579523086547852,2.9083218574523926,-0.7456953525543213
s90,soma,,32,32,12,post,post_odor,True,-0.02846156805753708,0.4945996403694153,-0.5372155904769897
s90,soma,,33,33,18,post,post_odor,True,0.04727010801434517,0.9248848557472229,-0.5918312072753906
s90,soma,,34,34,40,post,post_odor,True,0.020415959879755974,0.5609535574913025,-0.4679907560348511
s90,soma,,35,35,32,post,post_odor,True,0.04455387219786644,0.6514704823493958,-0.9714179039001465
s90,soma,,36,36,31,post,post_odor,True,-0.08546032756567001,0.6718887686729431,-0.5742695331573486
s90,soma,,37,37,0,post,post_odor,True,-0.07440676540136337,0.4445371627807617,-0.6589480042457581
s90,soma,,38,38,4,post,post_odor,True,0.061005428433418274,0.6843686103820801,-0.6060401797294617
s90,soma,,39,39,2,post,post_odor,True,0.06419672071933746,0.9268003106117249,-0.5252586007118225
s90,soma,,40,40,3,post,post_odor,True,0.06731470674276352,0.7619895339012146,-0.5330466628074646
s90,soma,,41,41,21,post,post_odor,True,0.08993449062108994,0.7191625833511353,-0.46374738216400146
s90,soma,,42,42,31,post,post_odor,True,0.016486898064613342,0.5882781147956848,-0.4429948031902313
s90,soma,,43,43,2,post,post_odor,True,-0.018739527091383934,0.8003588318824768,-0.7728096842765808
s90,soma,,44,44,32,post,post_odor,True,0.09927543997764587,0.8593662977218628,-0.4715556800365448
s90,soma,,45,45,40,post,post_odor,True,-0.03350009769201279,1.1028962135314941,-0.6202658414840698
s90,soma,,46,46,1,post,post_odor,True,-0.09942898899316788,0.33980894088745117,-0.6867775917053223
s90,soma,,47,47,0,post,post_odor,True,0.02354595996439457,0.7340249419212341,-0.6755732297897339
s90,soma,,48,48,22,post,post_odor,True,0.015623802319169044,0.6652988195419312,-0.7501518726348877
s90,soma,,49,49,10,post,post_odor,True,-0.054635800421237946,0.4995836317539215,-0.6295360326766968
s90,soma,,50,50,1,post,post_odor,True,-0.05500428378582001,0.645251989364624,-0.597371518611908
s90,soma,,51,51,30,post,post_odor,True,-0.053287237882614136,0.5032244324684143,-0.6684139370918274
s90,soma,,52,52,12,post,post_odor,True,0.028274720534682274,0.8170311450958252,-0.6615384817123413
s90,soma,,53,53,3,post,post_odor,True,-0.05256235972046852,0.5904374122619629,-0.6349496841430664
s90,soma,,54,54,21,post,post_odor,True,-0.014972453005611897,0.6885179281234741,-0.6356121897697449
s90,soma,,55,55,22,post,post_odor,True,-0.04489423707127571,0.4757537841796875,-0.7205860018730164
s90,soma,,56,56,18,post,post_odor,True,-0.057177066802978516,0.5735577940940857,-0.6019037961959839
s90,soma,,57,57,30,post,post_odor,True,0.06171319633722305,0.9022278785705566,-0.4223346412181854
s90,soma,,58,58,17,post,post_odor,True,-0.06189935281872749,0.746510922908783,-0.6729171276092529
s90,soma,,59,59,39,post,post_odor,True,-0.013941610231995583,0.5141552686691284,-0.7608956694602966
s90,soma,,60,60,39,post,post_odor,True,0.03049727901816368,0.6571643948554993,-0.8154818415641785
s90,soma,,61,61,17,post,post_odor,True,-0.06059512495994568,0.8876075148582458,-0.8671429753303528
s90,soma,,62,62,4,post,post_odor,True,0.08745922893285751,0.7847287654876709,-0.5437232255935669
s112,soma,,0,0,39,pre,post_odor,True,9.172728538513184,13.346413612365723,5.220729351043701
s112,soma,,1,1,17,pre,post_odor,True,2.5760858058929443,8.795352935791016,-0.7329520583152771
s112,soma,,2,2,32,pre,post_odor,True,3.4863290786743164,10.365257263183594,-1.4071147441864014
s112,soma,,3,3,32,pre,post_odor,True,4.233518123626709,8.425121307373047,-1.0802110433578491
s112,soma,,4,4,30,pre,post_odor,True,13.175293922424316,19.059463500976562,7.723596572875977
s112,soma,,5,5,40,pre,post_odor,True,7.246594429016113,12.417101860046387,3.6130905151367188
s112,soma,,6,6,3,pre,post_odor,True,12.143878936767578,15.817412376403809,7.015537738800049
s112,soma,,7,7,2,pre,post_odor,True,13.31985092163086,19.687984466552734,8.082398414611816
s112,soma,,8,8,1,pre,post_odor,True,11.479235649108887,17.264747619628906,5.485009670257568
s112,soma,,9,9,4,pre,post_odor,True,13.683914184570312,21.66297721862793,7.627193927764893
s112,soma,,10,10,31,pre,post_odor,True,6.190117359161377,11.156259536743164,0.489584743976593
s112,soma,,11,11,21,pre,post_odor,True,8.025835037231445,13.290680885314941,2.3402700424194336
s112,soma,,12,12,2,pre,post_odor,True,10.183761596679688,15.133818626403809,5.240442752838135
s112,soma,,13,13,39,pre,post_odor,True,5.719814300537109,7.923952579498291,2.432663917541504
s112,soma,,14,14,1,pre,post_odor,True,11.248725891113281,17.215044021606445,6.975027084350586
s112,soma,,15,15,12,pre,post_odor,True,13.292969703674316,17.888179779052734,9.221674919128418
s112,soma,,16,16,22,pre,post_odor,True,9.934222221374512,15.294952392578125,4.242084503173828
s112,soma,,17,17,10,pre,post_odor,True,7.300598621368408,11.951093673706055,2.0559122562408447
s112,soma,,18,18,17,pre,post_odor,True,1.3401821851730347,5.3022613525390625,-2.9383552074432373
s112,soma,,19,19,31,pre,post_odor,True,-0.808466374874115,5.663064956665039,-4.555126667022705
s112,soma,,20,20,30,pre,post_odor,True,-0.7386818528175354,2.5138471126556396,-2.538910150527954
s112,soma,,21,21,12,pre,post_odor,True,-1.3242439031600952,2.4981820583343506,-4.59755277633667
s112,soma,,22,22,22,pre,post_odor,True,0.015845607966184616,3.51176118850708,-3.3021860122680664
s112,soma,,23,23,4,pre,post_odor,True,1.6110244989395142,5.07221794128418,-1.91913902759552
s112,soma,,24,24,0,pre,post_odor,True,2.268500566482544,5.237712383270264,-0.3001006543636322
s112,soma,,25,25,3,pre,post_odor,True,6.320401668548584,8.829713821411133,3.1465885639190674
s112,soma,,26,26,40,pre,post_odor,True,1.688449501991272,5.322115898132324,-0.7776190042495728
s112,soma,,27,27,10,pre,post_odor,True,2.721512794494629,6.0969157218933105,0.4530978202819824
s112,soma,,28,28,21,pre,post_odor,True,2.9968743324279785,9.64823055267334,-4.311551094055176
s112,soma,,29,29,18,pre,post_odor,True,-0.6036657691001892,1.5114381313323975,-2.6129512786865234
s112,soma,,30,30,18,pre,post_odor,True,-2.0022945404052734,0.29111379384994507,-3.2616465091705322
s112,soma,,31,31,0,pre,post_odor,True,0.12163972854614258,2.140490770339966,-1.6753798723220825
s112,soma,,32,32,12,post,post_odor,True,-0.08286021649837494,0.5297297239303589,-0.6663193702697754
s112,soma,,33,33,18,post,post_odor,True,0.004855170380324125,0.5066395998001099,-0.6186367273330688
s112,soma,,34,34,40,post,post_odor,True,0.0047775208950042725,0.6909749507904053,-0.6852790117263794
s112,soma,,35,35,32,post,post_odor,True,0.05152343586087227,0.8846378922462463,-0.4734591841697693
s112,soma,,36,36,31,post,post_odor,True,-0.027177615091204643,0.608531653881073,-0.6004509329795837
s112,soma,,37,37,0,post,post_odor,True,0.04907822236418724,0.6886213421821594,-0.3950546085834503
s112,soma,,38,38,4,post,post_odor,True,0.03189672529697418,0.6386832594871521,-0.38493892550468445
s112,soma,,39,39,2,post,post_odor,True,0.008399737067520618,0.5341973900794983,-0.4856473505496979
s112,soma,,40,40,3,post,post_odor,True,0.06175587698817253,0.4396601915359497,-0.31282246112823486
s112,soma,,41,41,21,post,post_odor,True,0.6206547617912292,1.33740234375,-0.10828478634357452
s112,soma,,42,42,31,post,post_odor,True,0.02494274638593197,0.7722808122634888,-0.3694344162940979
s112,soma,,43,43,2,post,post_odor,True,-0.022308915853500366,0.5741621255874634,-0.5211447477340698
s112,soma,,44,44,32,post,post_odor,True,0.013162659481167793,0.5476860404014587,-0.5562013983726501
s112,soma,,45,45,40,post,post_odor,True,-0.04306071251630783,0.5748547315597534,-0.4278984069824219
s112,soma,,46,46,1,post,post_odor,True,-0.029428012669086456,0.3108230233192444,-0.40654468536376953
s112,soma,,47,47,0,post,post_odor,True,-0.022668683901429176,0.5622585415840149,-0.35741880536079407
s112,soma,,48,48,22,post,post_odor,True,0.07086867094039917,0.7984744310379028,-0.4007379114627838
s112,soma,,49,49,10,post,post_odor,True,-0.06451903283596039,0.40874814987182617,-0.3736087679862976
s112,soma,,50,50,1,post,post_odor,True,0.06873489916324615,0.5608741044998169,-0.6039305329322815
s112,soma,,51,51,30,post,post_odor,True,0.020343773066997528,0.4933393895626068,-0.4034772217273712
s112,soma,,52,52,12,post,post_odor,True,0.0013084533857181668,0.8598738312721252,-0.5321193933486938
s112,soma,,53,53,3,post,post_odor,True,-0.002562619047239423,0.5062076449394226,-0.42578524351119995
s112,soma,,54,54,21,post,post_odor,True,0.3838731050491333,1.1814318895339966,-0.37412917613983154
s112,soma,,55,55,22,post,post_odor,True,0.01778632588684559,0.40847060084342957,-0.3373899459838867
s112,soma,,56,56,18,post,post_odor,True,0.07472749799489975,0.5689900517463684,-0.31117066740989685
s112,soma,,57,57,30,post,post_odor,True,0.04715297743678093,0.5041559934616089,-0.48516565561294556
s112,soma,,58,58,17,post,post_odor,True,0.10684654861688614,0.42923516035079956,-0.3100501298904419
s112,soma,,59,59,39,post,post_odor,True,-0.014946897514164448,0.24926085770130157,-0.25313425064086914
s112,soma,,60,60,39,post,post_odor,True,-0.0077002947218716145,0.3481892943382263,-0.21186301112174988
s112,soma,,61,61,17,post,post_odor,True,0.008154598996043205,0.28841522336006165,-0.21082784235477448
s112,soma,,62,62,4,post,post_odor,True,-0.011935234069824219,0.18684948980808258,-0.1463390737771988
s135,soma,,0,0,39,pre,post_odor,True,1.035433053970337,4.345757484436035,-0.5174886584281921
s135,soma,,1,1,17,pre,post_odor,True,0.4931444525718689,3.3692634105682373,-2.211726188659668
s135,soma,,2,2,32,pre,post_odor,True,1.1879996061325073,4.303551197052002,-1.499001383781433
s135,soma,,3,3,32,pre,post_odor,True,2.1785531044006348,4.150712490081787,-0.9790931940078735
s135,soma,,4,4,30,pre,post_odor,True,0.6016123294830322,3.757927417755127,-1.6135393381118774
s135,soma,,5,5,40,pre,post_odor,True,1.011610507965088,3.5474729537963867,-1.8461040258407593
s135,soma,,6,6,3,pre,post_odor,True,2.11604380607605,5.137049198150635,-0.7841701507568359
s135,soma,,7,7,2,pre,post_odor,True,1.8943922519683838,6.1976237297058105,-1.3189374208450317
s135,soma,,8,8,1,pre,post_odor,True,0.3394574224948883,2.951249837875366,-3.3832976818084717
s135,soma,,9,9,4,pre,post_odor,True,2.340150833129883,6.777192115783691,-0.564765989780426
s135,soma,,10,10,31,pre,post_odor,True,2.615360736846924,6.160808563232422,-2.200132369995117
s135,soma,,11,11,21,pre,post_odor,True,0.9667429327964783,3.182370662689209,-1.6494284868240356
s135,soma,,12,12,2,pre,post_odor,True,0.69208163022995,3.6139681339263916,-2.0173699855804443
s135,soma,,13,13,39,pre,post_odor,True,1.2534443140029907,4.34078311920166,-0.5498672127723694
s135,soma,,14,14,1,pre,post_odor,True,1.3398685455322266,4.201648712158203,-1.2414997816085815
s135,soma,,15,15,12,pre,post_odor,True,2.171093225479126,6.567442417144775,-1.6971967220306396
s135,soma,,16,16,22,pre,post_odor,True,2.804753303527832,7.199586391448975,0.30972176790237427
s135,soma,,17,17,10,pre,post_odor,True,1.4821892976760864,4.946520805358887,-1.9598667621612549
s135,soma,,18,18,17,pre,post_odor,True,3.0687928199768066,6.655458927154541,0.8448120951652527
s135,soma,,19,19,31,pre,post_odor,True,2.7901601791381836,5.945489883422852,-0.43570923805236816
s135,soma,,20,20,30,pre,post_odor,True,1.884817361831665,4.480380058288574,-0.44311124086380005
s135,soma,,21,21,12,pre,post_odor,True,0.5966196060180664,5.367185115814209,-2.5490245819091797
s135,soma,,22,22,22,pre,post_odor,True,2.2041163444519043,7.47413444519043,-0.9044287800788879
s135,soma,,23,23,4,pre,post_odor,True,0.8926585912704468,5.539645195007324,-2.365043878555298
s135,soma,,24,24,0,pre,post_odor,True,0.4871841371059418,4.828172206878662,-2.841550827026367
s135,soma,,25,25,3,pre,post_odor,True,0.6719956994056702,4.901384353637695,-2.2769083976745605
s135,soma,,26,26,40,pre,post_odor,True,1.5683120489120483,4.621257781982422,-0.9896339774131775
s135,soma,,27,27,10,pre,post_odor,True,-1.1284469366073608,1.7135051488876343,-4.242096900939941
s135,soma,,28,28,21,pre,post_odor,True,2.401338815689087,5.568568229675293,-1.1442530155181885
s135,soma,,29,29,18,pre,post_odor,True,1.997762680053711,5.502441883087158,-0.8697389960289001
s135,soma,,30,30,18,pre,post_odor,True,0.3043021261692047,3.4917829036712646,-2.058002471923828
s135,soma,,31,31,0,pre,post_odor,True,1.9300239086151123,5.643253326416016,-0.6267778873443604
s135,soma,,32,32,12,post,post_odor,True,-0.1876721978187561,0.6792319416999817,-1.0535556077957153
s135,soma,,33,33,18,post,post_odor,True,0.055024806410074234,1.178904414176941,-0.9848495721817017
s135,soma,,34,34,40,post,post_odor,True,-0.06976601481437683,0.945000171661377,-0.9644084572792053
s135,soma,,35,35,32,post,post_odor,True,0.007923746481537819,1.438402771949768,-0.78642338514328
s135,soma,,36,36,31,post,post_odor,True,-0.15093161165714264,0.8602058291435242,-1.369946837425232
s135,soma,,37,37,0,post,post_odor,True,0.052872803062200546,0.8739668130874634,-0.9387510418891907
s135,soma,,38,38,4,post,post_odor,True,0.13729694485664368,1.2275153398513794,-0.6879188418388367
s135,soma,,39,39,2,post,post_odor,True,0.06482131034135818,1.0459492206573486,-0.6352920532226562
s135,soma,,40,40,3,post,post_odor,True,-0.06250879913568497,0.796560525894165,-1.1823729276657104
s135,soma,,41,41,21,post,post_odor,True,2.786757230758667,6.145284652709961,-0.1645418405532837
s135,soma,,42,42,31,post,post_odor,True,0.06737089902162552,0.8742055296897888,-0.9874728918075562
s135,soma,,43,43,2,post,post_odor,True,0.05340522900223732,0.9182324409484863,-0.744175374507904
s135,soma,,44,44,32,post,post_odor,True,0.17037376761436462,1.3532030582427979,-0.7399886250495911
s135,soma,,45,45,40,post,post_odor,True,-0.027253203094005585,0.6672652959823608,-0.7822511792182922
s135,soma,,46,46,1,post,post_odor,True,0.03364669531583786,0.9561598300933838,-0.6152176260948181
s135,soma,,47,47,0,post,post_odor,True,-0.01350703090429306,0.8301671147346497,-0.8141955733299255
s135,soma,,48,48,22,post,post_odor,True,0.04856406897306442,1.2458852529525757,-0.684279203414917
s135,soma,,49,49,10,post,post_odor,True,-0.04330528900027275,0.4082549810409546,-0.8712815046310425
s135,soma,,50,50,1,post,post_odor,True,0.05852776765823364,1.0444035530090332,-0.8317676782608032
s135,soma,,51,51,30,post,post_odor,True,-0.029158025979995728,0.7647422552108765,-0.9805111885070801
s135,soma,,52,52,12,post,post_odor,True,0.0348009392619133,0.6001642346382141,-0.679725170135498
s135,soma,,53,53,3,post,post_odor,True,0.046214621514081955,0.7389410734176636,-0.5212570428848267
s135,soma,,54,54,21,post,post_odor,True,2.4778432846069336,5.550123691558838,0.4953713119029999
s135,soma,,55,55,22,post,post_odor,True,-0.04418281093239784,1.080251693725586,-0.5683253407478333
s135,soma,,56,56,18,post,post_odor,True,0.031650420278310776,1.156333327293396,-0.7925974726676941
s135,soma,,57,57,30,post,post_odor,True,0.06284241378307343,0.9097244739532471,-0.7512045502662659
s135,soma,,58,58,17,post,post_odor,True,0.11405734717845917,1.1842308044433594,-0.7792558073997498
s135,soma,,59,59,39,post,post_odor,True,-0.042870424687862396,0.8287628889083862,-0.6560990214347839
s135,soma,,60,60,39,post,post_odor,True,0.006972162518650293,0.807849645614624,-0.7160730957984924
s135,soma,,61,61,17,post,post_odor,True,0.0738995373249054,0.9718536138534546,-0.5878251791000366
s135,soma,,62,62,4,post,post_odor,True,-0.13402438163757324,0.6426293849945068,-0.6799131035804749
s157,soma,,0,0,39,pre,post_odor,True,0.2111053615808487,4.8338727951049805,-3.505598783493042
s157,soma,,1,1,17,pre,post_odor,True,0.943019688129425,6.083698272705078,-4.74900484085083
s157,soma,,2,2,32,pre,post_odor,True,6.432908058166504,14.150652885437012,0.7917956113815308
s157,soma,,3,3,32,pre,post_odor,True,4.854039669036865,10.140615463256836,0.6604214310646057
s157,soma,,4,4,30,pre,post_odor,True,5.293037414550781,10.25549602508545,-0.6176857948303223
s157,soma,,5,5,40,pre,post_odor,True,-0.30978140234947205,3.150219202041626,-3.4082534313201904
s157,soma,,6,6,3,pre,post_odor,True,1.939611554145813,5.842845916748047,-1.2378156185150146
s157,soma,,7,7,2,pre,post_odor,True,-0.2169535756111145,3.514334201812744,-4.549466133117676
s157,soma,,8,8,1,pre,post_odor,True,2.649092197418213,6.291894435882568,-0.44797399640083313
s157,soma,,9,9,4,pre,post_odor,True,2.462769031524658,6.898606300354004,-1.4662542343139648
s157,soma,,10,10,31,pre,post_odor,True,4.953194618225098,9.56367301940918,0.809012770652771
s157,soma,,11,11,21,pre,post_odor,True,2.8714351654052734,10.561407089233398,-0.8886891603469849
s157,soma,,12,12,2,pre,post_odor,True,1.183678388595581,5.986759662628174,-2.475367784500122
s157,soma,,13,13,39,pre,post_odor,True,-1.0734128952026367,3.4585797786712646,-4.426276683807373
s157,soma,,14,14,1,pre,post_odor,True,1.282582402229309,6.371754169464111,-4.056766986846924
s157,soma,,15,15,12,pre,post_odor,True,3.076118230819702,9.277915954589844,-0.80280601978302
s157,soma,,16,16,22,pre,post_odor,True,3.205650568008423,8.18249225616455,-4.688007831573486
s157,soma,,17,17,10,pre,post_odor,True,1.5913478136062622,5.414820671081543,-1.5536539554595947
s157,soma,,18,18,17,pre,post_odor,True,0.20080147683620453,3.667384386062622,-2.756147623062134
s157,soma,,19,19,31,pre,post_odor,True,4.759748458862305,10.988512992858887,0.27776414155960083
s157,soma,,20,20,30,pre,post_odor,True,4.94424295425415,9.64228630065918,1.0449177026748657
s157,soma,,21,21,12,pre,post_odor,True,-0.33149319887161255,2.515881299972534,-4.010027885437012
s157,soma,,22,22,22,pre,post_odor,True,1.9134904146194458,6.078980922698975,-1.4395592212677002
s157,soma,,23,23,4,pre,post_odor,True,-0.13656651973724365,1.4665974378585815,-1.7551276683807373
s157,soma,,24,24,0,pre,post_odor,True,2.089081287384033,6.402780055999756,-1.909643292427063
s157,soma,,25,25,3,pre,post_odor,True,0.3524813950061798,2.657956123352051,-1.4860543012619019
s157,soma,,26,26,40,pre,post_odor,True,1.6900336742401123,5.046364784240723,-1.6658681631088257
s157,soma,,27,27,10,pre,post_odor,True,0.9002134203910828,3.9695446491241455,-2.861227512359619
s157,soma,,28,28,21,pre,post_odor,True,3.171854257583618,9.38405990600586,-0.8535411953926086
s157,soma,,29,29,18,pre,post_odor,True,0.8495287299156189,3.5782124996185303,-1.0908796787261963
s157,soma,,30,30,18,pre,post_odor,True,-1.7884998321533203,1.549484133720398,-3.9575252532958984
s157,soma,,31,31,0,pre,post_odor,True,-0.36389830708503723,1.9036201238632202,-2.4626779556274414
s157,soma,,32,32,12,post,post_odor,True,-0.030096568167209625,1.0460209846496582,-0.7678795456886292
s157,soma,,33,33,18,post,post_odor,True,0.060742102563381195,0.8871234655380249,-0.9390727877616882
s157,soma,,34,34,40,post,post_odor,True,-0.13757044076919556,0.4215884804725647,-0.8254818916320801
s157,soma,,35,35,32,post,post_odor,True,0.11629367619752884,1.2070221900939941,-0.6440989971160889
s157,soma,,36,36,31,post,post_odor,True,-0.049645718187093735,0.6561223268508911,-0.6592594385147095
s157,soma,,37,37,0,post,post_odor,True,-0.0003301594697404653,1.3425023555755615,-0.699982225894928
s157,soma,,38,38,4,post,post_odor,True,0.1171104684472084,1.2854256629943848,-0.7431171536445618
s157,soma,,39,39,2,post,post_odor,True,0.08190544694662094,0.9713954925537109,-1.0112472772598267
s157,soma,,40,40,3,post,post_odor,True,-0.0666881576180458,0.712043821811676,-0.5812171697616577
s157,soma,,41,41,21,post,post_odor,True,2.6694767475128174,6.135692119598389,0.21513375639915466
s157,soma,,42,42,31,post,post_odor,True,-0.02670060098171234,0.7761480808258057,-0.7838255763053894
s157,soma,,43,43,2,post,post_odor,True,0.06380587071180344,1.0133427381515503,-1.049401044845581
s157,soma,,44,44,32,post,post_odor,True,-0.005779716186225414,1.300581932067871,-0.7873430848121643
s157,soma,,45,45,40,post,post_odor,True,-0.053807951509952545,0.9371594786643982,-1.0667359828948975
s157,soma,,46,46,1,post,post_odor,True,-0.08327982574701309,0.9349542260169983,-0.7914586067199707
s157,soma,,47,47,0,post,post_odor,True,-0.020980339497327805,0.7833366990089417,-1.0251085758209229
s157,soma,,48,48,22,post,post_odor,True,0.1434422731399536,0.7545058727264404,-0.4906713366508484
s157,soma,,49,49,10,post,post_odor,True,0.0036916264798492193,0.5713602304458618,-0.6583574414253235
s157,soma,,50,50,1,post,post_odor,True,-0.014066607691347599,0.6498406529426575,-0.6476004123687744
s157,soma,,51,51,30,post,post_odor,True,0.0946105420589447,1.1278141736984253,-0.44164398312568665
s157,soma,,52,52,12,post,post_odor,True,0.0738760232925415,0.6946795582771301,-0.48232296109199524
s157,soma,,53,53,3,post,post_odor,True,0.017071101814508438,0.5175426602363586,-0.5766900181770325
s157,soma,,54,54,21,post,post_odor,True,1.7101260423660278,3.8207616806030273,0.1558382511138916
s157,soma,,55,55,22,post,post_odor,True,0.03986702114343643,0.8037201166152954,-0.6397409439086914
s157,soma,,56,56,18,post,post_odor,True,0.0239096786826849,0.6252853274345398,-0.5307657122612
s157,soma,,57,57,30,post,post_odor,True,-0.01625046320259571,0.5942932963371277,-0.6698962450027466
s157,soma,,58,58,17,post,post_odor,True,0.008593384176492691,0.6514438390731812,-0.627479076385498
s157,soma,,59,59,39,post,post_odor,True,0.012402551248669624,0.5666975378990173,-0.5903518795967102
s157,soma,,60,60,39,post,post_odor,True,0.021261190995573997,0.3750061094760895,-0.35420137643814087
s157,soma,,61,61,17,post,post_odor,True,0.06447824835777283,0.6133125424385071,-0.30565252900123596
s157,soma,,62,62,4,post,post_odor,True,0.003906268160790205,0.2632661461830139,-0.22419707477092743
s179,soma,,0,0,39,pre,post_odor,True,6.600472450256348,11.580657005310059,1.6822285652160645
s179,soma,,1,1,17,pre,post_odor,True,2.0061683654785156,6.558463096618652,-2.171996831893921
s179,soma,,2,2,32,pre,post_odor,True,11.965523719787598,23.84882164001465,1.4926788806915283
s179,soma,,3,3,32,pre,post_odor,True,12.618070602416992,25.060688018798828,5.018446922302246
s179,soma,,4,4,30,pre,post_odor,True,4.550190448760986,10.194705963134766,-0.8011394739151001
s179,soma,,5,5,40,pre,post_odor,True,2.1075916290283203,7.272761344909668,-1.8503843545913696
s179,soma,,6,6,3,pre,post_odor,True,6.495884418487549,13.164396286010742,1.9624996185302734
s179,soma,,7,7,2,pre,post_odor,True,4.216533660888672,11.345922470092773,-0.8262601494789124
s179,soma,,8,8,1,pre,post_odor,True,0.49175745248794556,3.544484853744507,-2.5261807441711426
s179,soma,,9,9,4,pre,post_odor,True,3.0423147678375244,7.9332804679870605,-0.46810394525527954
s179,soma,,10,10,31,pre,post_odor,True,15.472572326660156,28.707578659057617,5.281131744384766
s179,soma,,11,11,21,pre,post_odor,True,4.222034454345703,7.706921100616455,1.1460084915161133
s179,soma,,12,12,2,pre,post_odor,True,1.8662786483764648,5.827322006225586,-2.4797098636627197
s179,soma,,13,13,39,pre,post_odor,True,-0.6338121294975281,2.742858648300171,-4.096492290496826
s179,soma,,14,14,1,pre,post_odor,True,1.1626397371292114,3.6890575885772705,-1.9596399068832397
s179,soma,,15,15,12,pre,post_odor,True,5.572488307952881,14.875140190124512,1.3989217281341553
s179,soma,,16,16,22,pre,post_odor,True,16.298376083374023,28.18447494506836,5.403464317321777
s179,soma,,17,17,10,pre,post_odor,True,1.5394399166107178,4.476808547973633,-1.578087329864502
s179,soma,,18,18,17,pre,post_odor,True,0.79217529296875,3.436293363571167,-1.86040461063385
s179,soma,,19,19,31,pre,post_odor,True,16.32636070251465,29.131488800048828,5.005385398864746
s179,soma,,20,20,30,pre,post_odor,True,0.04266834259033203,1.7399804592132568,-1.4490458965301514
s179,soma,,21,21,12,pre,post_odor,True,0.27127814292907715,3.043809652328491,-1.5095100402832031
s179,soma,,22,22,22,pre,post_odor,True,13.048630714416504,27.156993865966797,3.0843610763549805
s179,soma,,23,23,4,pre,post_odor,True,-0.06732143461704254,2.5398306846618652,-2.173009157180786
s179,soma,,24,24,0,pre,post_odor,True,1.1733927726745605,4.6229400634765625,-1.7880223989486694
s179,soma,,25,25,3,pre,post_odor,True,4.392744064331055,12.068909645080566,0.024526668712496758
s179,soma,,26,26,40,pre,post_odor,True,1.600989818572998,4.057514667510986,-1.0541566610336304
s179,soma,,27,27,10,pre,post_odor,True,0.01835113950073719,2.4525864124298096,-2.1278436183929443
s179,soma,,28,28,21,pre,post_odor,True,6.365634918212891,10.654121398925781,2.537818193435669
s179,soma,,29,29,18,pre,post_odor,True,0.3162752687931061,2.6379499435424805,-2.2139856815338135
s179,soma,,30,30,18,pre,post_odor,True,-0.7055326700210571,3.7111265659332275,-3.354743719100952
s179,soma,,31,31,0,pre,post_odor,True,0.8854904770851135,3.887125015258789,-1.8499729633331299
s179,soma,,32,32,12,post,post_odor,True,0.06358330696821213,1.4870730638504028,-1.1898140907287598
s179,soma,,33,33,18,post,post_odor,True,0.22841916978359222,1.8409807682037354,-1.048195481300354
s179,soma,,34,34,40,post,post_odor,True,-0.15136605501174927,1.2870887517929077,-1.6237839460372925
s179,soma,,35,35,32,post,post_odor,True,-0.11910618096590042,1.9002039432525635,-1.0598475933074951
s179,soma,,36,36,31,post,post_odor,True,0.048981186002492905,1.567413568496704,-1.188101053237915
s179,soma,,37,37,0,post,post_odor,True,-0.11278384923934937,1.2017183303833008,-1.2987713813781738
s179,soma,,38,38,4,post,post_odor,True,-0.05220355838537216,1.0024023056030273,-1.3131604194641113
s179,soma,,39,39,2,post,post_odor,True,-0.01711220107972622,1.318989634513855,-1.2622156143188477
s179,soma,,40,40,3,post,post_odor,True,-0.08769504725933075,1.1718991994857788,-1.5956017971038818
s179,soma,,41,41,21,post,post_odor,True,0.9517450332641602,2.9389150142669678,-0.7971217632293701
s179,soma,,42,42,31,post,post_odor,True,0.009871657006442547,1.9488035440444946,-1.3863039016723633
s179,soma,,43,43,2,post,post_odor,True,-0.16049499809741974,0.9166679382324219,-1.3484644889831543
s179,soma,,44,44,32,post,post_odor,True,0.12605740129947662,1.2168753147125244,-0.9928615093231201
s179,soma,,45,45,40,post,post_odor,True,-0.26952484250068665,1.4454408884048462,-1.4694963693618774
s179,soma,,46,46,1,post,post_odor,True,0.20035190880298615,2.5669679641723633,-1.1070324182510376
s179,soma,,47,47,0,post,post_odor,True,0.07542677968740463,1.5661211013793945,-1.6029207706451416
s179,soma,,48,48,22,post,post_odor,True,0.03504680469632149,1.4292775392532349,-1.4865541458129883
s179,soma,,49,49,10,post,post_odor,True,0.10806775838136673,1.40208101272583,-1.3615623712539673
s179,soma,,50,50,1,post,post_odor,True,0.11447520554065704,1.3359246253967285,-1.1296401023864746
s179,soma,,51,51,30,post,post_odor,True,0.034920044243335724,1.241909384727478,-1.552504539489746
s179,soma,,52,52,12,post,post_odor,True,0.022900953888893127,1.3308981657028198,-1.308437705039978
s179,soma,,53,53,3,post,post_odor,True,0.08029421418905258,1.7399548292160034,-0.908626914024353
s179,soma,,54,54,21,post,post_odor,True,0.5109049677848816,1.6811535358428955,-0.8179301023483276
s179,soma,,55,55,22,post,post_odor,True,-0.14934846758842468,1.145636796951294,-1.1878820657730103
s179,soma,,56,56,18,post,post_odor,True,-0.03128156065940857,1.6378326416015625,-1.0601253509521484
s179,soma,,57,57,30,post,post_odor,True,-0.005576097872108221,1.2793022394180298,-1.2211871147155762
s179,soma,,58,58,17,post,post_odor,True,0.09877970814704895,1.4602158069610596,-1.3827823400497437
s179,soma,,59,59,39,post,post_odor,True,0.18869681656360626,1.6718206405639648,-1.3235586881637573
s179,soma,,60,60,39,post,post_odor,True,0.2529798150062561,2.190871238708496,-0.7996993064880371
s179,soma,,61,61,17,post,post_odor,True,0.04897751659154892,1.2221653461456299,-0.9039556980133057
s179,soma,,62,62,4,post,post_odor,True,-0.12342559546232224,1.356798768043518,-0.9341778755187988
s202,soma,,0,0,39,pre,post_odor,True,-0.25758299231529236,2.11328125,-2.7631711959838867
s202,soma,,1,1,17,pre,post_odor,True,-0.750067412853241,0.7624223232269287,-2.410327196121216
s202,soma,,2,2,32,pre,post_odor,True,3.106752634048462,6.413480281829834,-0.09118656069040298
s202,soma,,3,3,32,pre,post_odor,True,2.851848840713501,7.895506381988525,-1.915115237236023
s202,soma,,4,4,30,pre,post_odor,True,1.2225029468536377,4.5961012840271,-1.491955041885376
s202,soma,,5,5,40,pre,post_odor,True,0.42748504877090454,3.0585436820983887,-3.855642557144165
s202,soma,,6,6,3,pre,post_odor,True,4.6776580810546875,9.337770462036133,1.0517513751983643
s202,soma,,7,7,2,pre,post_odor,True,2.509127140045166,6.5753045082092285,-1.4640415906906128
s202,soma,,8,8,1,pre,post_odor,True,0.24446475505828857,3.968294858932495,-2.4958438873291016
s202,soma,,9,9,4,pre,post_odor,True,2.5918095111846924,6.955814838409424,0.13156434893608093
s202,soma,,10,10,31,pre,post_odor,True,4.072114944458008,8.494138717651367,-0.502613365650177
s202,soma,,11,11,21,pre,post_odor,True,0.8421446681022644,4.31583833694458,-1.5708857774734497
s202,soma,,12,12,2,pre,post_odor,True,0.5354465842247009,3.6036574840545654,-3.3755149841308594
s202,soma,,13,13,39,pre,post_odor,True,0.2783811092376709,3.04874849319458,-2.007585287094116
s202,soma,,14,14,1,pre,post_odor,True,2.3404741287231445,5.943166255950928,0.37230297923088074
s202,soma,,15,15,12,pre,post_odor,True,4.611794471740723,10.353034973144531,-1.1536998748779297
s202,soma,,16,16,22,pre,post_odor,True,4.861273288726807,8.401058197021484,0.3344165086746216
s202,soma,,17,17,10,pre,post_odor,True,0.7555973529815674,6.424078941345215,-3.0865185260772705
s202,soma,,18,18,17,pre,post_odor,True,1.7982176542282104,5.512169361114502,-0.3233591616153717
s202,soma,,19,19,31,pre,post_odor,True,4.047451019287109,9.41203784942627,-0.3228178918361664
s202,soma,,20,20,30,pre,post_odor,True,0.8799556493759155,3.815176010131836,-1.4920306205749512
s202,soma,,21,21,12,pre,post_odor,True,0.9343246221542358,4.660524845123291,-1.7895711660385132
s202,soma,,22,22,22,pre,post_odor,True,5.797310829162598,9.937174797058105,1.568969964981079
s202,soma,,23,23,4,pre,post_odor,True,-0.1753731369972229,1.4022793769836426,-2.1629934310913086
s202,soma,,24,24,0,pre,post_odor,True,1.0320674180984497,6.369870185852051,-3.6869916915893555
s202,soma,,25,25,3,pre,post_odor,True,0.9704656600952148,4.512705326080322,-2.3484811782836914
s202,soma,,26,26,40,pre,post_odor,True,1.80234956741333,4.423140525817871,-1.3149333000183105
s202,soma,,27,27,10,pre,post_odor,True,-0.3587237000465393,1.774912714958191,-3.0201056003570557
s202,soma,,28,28,21,pre,post_odor,True,1.9763275384902954,5.679173946380615,-1.2199671268463135
s202,soma,,29,29,18,pre,post_odor,True,2.5469810962677,5.685920715332031,-0.18086864054203033
s202,soma,,30,30,18,pre,post_odor,True,0.31993308663368225,2.392583131790161,-2.0573923587799072
s202,soma,,31,31,0,pre,post_odor,True,0.08489667624235153,3.0199739933013916,-2.6916778087615967
s202,soma,,32,32,12,post,post_odor,True,0.04039926454424858,1.1046115159988403,-0.9647197127342224
s202,soma,,33,33,18,post,post_odor,True,0.46017202734947205,1.3318744897842407,-0.39102402329444885
s202,soma,,34,34,40,post,post_odor,True,0.053581494837999344,1.1763551235198975,-0.6777545213699341
s202,soma,,35,35,32,post,post_odor,True,0.436659038066864,2.2024102210998535,-0.508726179599762
s202,soma,,36,36,31,post,post_odor,True,0.6242577433586121,2.067701578140259,-0.6137087345123291
s202,soma,,37,37,0,post,post_odor,True,0.03409462049603462,0.9907470941543579,-0.811292827129364
s202,soma,,38,38,4,post,post_odor,True,0.06881365180015564,0.8398054838180542,-0.4357926845550537
s202,soma,,39,39,2,post,post_odor,True,0.027949685230851173,0.746673583984375,-0.5637170672416687
s202,soma,,40,40,3,post,post_odor,True,0.18003840744495392,0.7558484077453613,-0.4899573028087616
s202,soma,,41,41,21,post,post_odor,True,4.331655979156494,9.736204147338867,0.6150194406509399
s202,soma,,42,42,31,post,post_odor,True,0.16707193851470947,1.3518798351287842,-0.5737336874008179
s202,soma,,43,43,2,post,post_odor,True,0.23764534294605255,0.7919126152992249,-0.30710965394973755
s202,soma,,44,44,32,post,post_odor,True,0.2993241250514984,1.0859695672988892,-0.3305557370185852
s202,soma,,45,45,40,post,post_odor,True,0.005719779524952173,0.8898200392723083,-0.48636358976364136
s202,soma,,46,46,1,post,post_odor,True,-0.05740590766072273,0.8519068360328674,-0.7684232592582703
s202,soma,,47,47,0,post,post_odor,True,-0.12843914330005646,0.6957042217254639,-0.7469560503959656
s202,soma,,48,48,22,post,post_odor,True,0.6866782903671265,1.6955277919769287,-0.17704343795776367
s202,soma,,49,49,10,post,post_odor,True,0.09125342965126038,0.8537147641181946,-0.47509482502937317
s202,soma,,50,50,1,post,post_odor,True,0.26989123225212097,0.9075273871421814,-0.4972315728664398
s202,soma,,51,51,30,post,post_odor,True,0.049667101353406906,1.1267837285995483,-0.5661060214042664
s202,soma,,52,52,12,post,post_odor,True,0.22252623736858368,1.0782573223114014,-0.34406229853630066
s202,soma,,53,53,3,post,post_odor,True,-0.11370570212602615,0.5858731865882874,-0.8183165788650513
s202,soma,,54,54,21,post,post_odor,True,4.133650302886963,9.86270809173584,0.9122665524482727
s202,soma,,55,55,22,post,post_odor,True,0.4352031350135803,1.1590275764465332,-0.256375789642334
s202,soma,,56,56,18,post,post_odor,True,0.124610535800457,1.1622568368911743,-0.5182803869247437
s202,soma,,57,57,30,post,post_odor,True,0.1781623661518097,1.0261766910552979,-0.5033143758773804
s202,soma,,58,58,17,post,post_odor,True,0.1330433338880539,0.860429584980011,-0.5711209177970886
s202,soma,,59,59,39,post,post_odor,True,0.21742673218250275,0.9677304625511169,-0.5288830399513245
s202,soma,,60,60,39,post,post_odor,True,-0.09926862269639969,0.466091513633728,-0.5610218644142151
s202,soma,,61,61,17,post,post_odor,True,0.07684556394815445,0.7553210258483887,-0.6557065844535828
s202,soma,,62,62,4,post,post_odor,True,0.00759813142940402,1.0013375282287598,-0.4493423104286194
s224,soma,,0,0,39,pre,post_odor,True,-0.5674092769622803,1.6475870609283447,-2.3103554248809814
s224,soma,,1,1,17,pre,post_odor,True,4.773297309875488,8.03856086730957,1.7052654027938843
s224,soma,,2,2,32,pre,post_odor,True,3.584428310394287,8.429841041564941,1.104110598564148
s224,soma,,3,3,32,pre,post_odor,True,4.013329982757568,8.264077186584473,0.9999563097953796
s224,soma,,4,4,30,pre,post_odor,True,1.285570502281189,6.357161045074463,-2.412566900253296
s224,soma,,5,5,40,pre,post_odor,True,2.345855712890625,6.192259788513184,-0.1458517611026764
s224,soma,,6,6,3,pre,post_odor,True,7.784465789794922,13.470171928405762,2.124303102493286
s224,soma,,7,7,2,pre,post_odor,True,3.539125680923462,5.904670238494873,1.2559034824371338
s224,soma,,8,8,1,pre,post_odor,True,1.4414231777191162,4.25412130355835,-1.563588261604309
s224,soma,,9,9,4,pre,post_odor,True,5.55867338180542,8.402532577514648,2.6490206718444824
s224,soma,,10,10,31,pre,post_odor,True,5.182248592376709,9.290371894836426,0.9326834082603455
s224,soma,,11,11,21,pre,post_odor,True,2.259354829788208,8.555254936218262,-0.3909657597541809
s224,soma,,12,12,2,pre,post_odor,True,1.8885886669158936,4.131774425506592,-0.002288194838911295
s224,soma,,13,13,39,pre,post_odor,True,-1.2605338096618652,1.560221791267395,-5.318630218505859
s224,soma,,14,14,1,pre,post_odor,True,1.8023823499679565,4.462922096252441,-2.9465627670288086
s224,soma,,15,15,12,pre,post_odor,True,6.690662384033203,14.49970817565918,2.89521861076355
s224,soma,,16,16,22,pre,post_odor,True,6.188546657562256,8.932013511657715,2.799302101135254
s224,soma,,17,17,10,pre,post_odor,True,1.8245172500610352,7.247259616851807,-1.6108810901641846
s224,soma,,18,18,17,pre,post_odor,True,3.1368281841278076,9.186878204345703,-1.0015469789505005
s224,soma,,19,19,31,pre,post_odor,True,3.5416059494018555,8.160966873168945,-0.3063107132911682
s224,soma,,20,20,30,pre,post_odor,True,4.38017463684082,9.572861671447754,0.41145703196525574
s224,soma,,21,21,12,pre,post_odor,True,1.0917304754257202,4.309276580810547,-2.738356828689575
s224,soma,,22,22,22,pre,post_odor,True,3.220877170562744,9.18708610534668,-1.4415336847305298
s224,soma,,23,23,4,pre,post_odor,True,4.396342754364014,6.814043045043945,1.8003040552139282
s224,soma,,24,24,0,pre,post_odor,True,0.35084328055381775,5.100455284118652,-2.9581003189086914
s224,soma,,25,25,3,pre,post_odor,True,1.740215539932251,5.131431579589844,-1.4920742511749268
s224,soma,,26,26,40,pre,post_odor,True,2.704133987426758,6.0126543045043945,-1.6625174283981323
s224,soma,,27,27,10,pre,post_odor,True,0.04510707035660744,2.7962534427642822,-3.2724740505218506
s224,soma,,28,28,21,pre,post_odor,True,3.855691909790039,8.8622407913208,0.38600975275039673
s224,soma,,29,29,18,pre,post_odor,True,3.5461649894714355,7.564006328582764,0.3277580142021179
s224,soma,,30,30,18,pre,post_odor,True,2.792332172393799,5.178738117218018,0.43908190727233887
s224,soma,,31,31,0,pre,post_odor,True,-0.39428412914276123,2.849163770675659,-3.2792301177978516
s224,soma,,32,32,12,post,post_odor,True,0.3660137355327606,2.098491907119751,-0.8595117926597595
s224,soma,,33,33,18,post,post_odor,True,3.1202392578125,4.696325302124023,0.7591514587402344
s224,soma,,34,34,40,post,post_odor,True,0.07505010813474655,1.18877375125885,-1.3086795806884766
s224,soma,,35,35,32,post,post_odor,True,0.3812996745109558,1.6463932991027832,-0.9170243740081787
s224,soma,,36,36,31,post,post_odor,True,0.3764365613460541,1.3705854415893555,-0.9360195994377136
s224,soma,,37,37,0,post,post_odor,True,-0.03321366384625435,1.198897361755371,-0.9423683285713196
s224,soma,,38,38,4,post,post_odor,True,0.027850188314914703,1.1570900678634644,-0.9606654644012451
s224,soma,,39,39,2,post,post_odor,True,0.38517388701438904,1.7447439432144165,-0.6014820337295532
s224,soma,,40,40,3,post,post_odor,True,0.5831974148750305,1.8693175315856934,-0.32348525524139404
s224,soma,,41,41,21,post,post_odor,True,7.078033447265625,12.689290046691895,2.7063872814178467
s224,soma,,42,42,31,post,post_odor,True,0.2509464919567108,1.3368624448776245,-0.5265605449676514
s224,soma,,43,43,2,post,post_odor,True,-0.05327063053846359,0.9483292698860168,-0.729167103767395
s224,soma,,44,44,32,post,post_odor,True,0.057275544852018356,1.0591562986373901,-0.8722858428955078
s224,soma,,45,45,40,post,post_odor,True,0.05148634314537048,0.9423709511756897,-0.5120479464530945
s224,soma,,46,46,1,post,post_odor,True,-0.10514973849058151,0.6569710373878479,-1.0420335531234741
s224,soma,,47,47,0,post,post_odor,True,0.06556640565395355,0.954122006893158,-0.7874511480331421
s224,soma,,48,48,22,post,post_odor,True,0.031026208773255348,0.7610740065574646,-0.6342052817344666
s224,soma,,49,49,10,post,post_odor,True,-0.0599319152534008,1.022037148475647,-1.5731948614120483
s224,soma,,50,50,1,post,post_odor,True,-0.09322866052389145,0.5870043635368347,-0.924798309803009
s224,soma,,51,51,30,post,post_odor,True,0.25586873292922974,1.3744360208511353,-0.5495327115058899
s224,soma,,52,52,12,post,post_odor,True,0.16533233225345612,1.0077964067459106,-0.5346128940582275
s224,soma,,53,53,3,post,post_odor,True,0.17207902669906616,0.9573813676834106,-0.8041066527366638
s224,soma,,54,54,21,post,post_odor,True,4.114421844482422,8.428229331970215,1.3201085329055786
s224,soma,,55,55,22,post,post_odor,True,0.1095084398984909,1.2937427759170532,-0.7706879377365112
s224,soma,,56,56,18,post,post_odor,True,0.38836613297462463,1.2005739212036133,-0.45859387516975403
s224,soma,,57,57,30,post,post_odor,True,0.25310948491096497,1.0213407278060913,-0.4658125936985016
s224,soma,,58,58,17,post,post_odor,True,0.1941579431295395,1.3119968175888062,-0.5691889524459839
s224,soma,,59,59,39,post,post_odor,True,0.09950415045022964,1.004826307296753,-0.5051421523094177
s224,soma,,60,60,39,post,post_odor,True,0.1464606523513794,0.8707781434059143,-0.5204998850822449
s224,soma,,61,61,17,post,post_odor,True,0.09805300086736679,0.7512499094009399,-0.5485857129096985
s224,soma,,62,62,4,post,post_odor,True,0.09660795331001282,0.5586301684379578,-0.39563772082328796
p246,process,,0,0,39,pre,post_odor,True,-0.21770107746124268,6.315639019012451,-3.116292953491211
p246,process,,1,1,17,pre,post_odor,True,-0.20262984931468964,2.460223436355591,-2.011080026626587
p246,process,,2,2,32,pre,post_odor,True,0.057436902076005936,3.46260142326355,-1.7023465633392334
p246,process,,3,3,32,pre,post_odor,True,0.11104221642017365,3.6441900730133057,-1.3337204456329346
p246,process,,4,4,30,pre,post_odor,True,-0.13655537366867065,4.163113117218018,-1.7395559549331665
p246,process,,5,5,40,pre,post_odor,True,-0.051958657801151276,4.9247236251831055,-1.212876796722412
p246,process,,6,6,3,pre,post_odor,True,0.05002845823764801,2.6567890644073486,-1.2157049179077148
p246,process,,7,7,2,pre,post_odor,True,0.2920476198196411,4.580018043518066,-0.9658856987953186
p246,process,,8,8,1,pre,post_odor,True,0.057945288717746735,4.263543128967285,-1.219309687614441
p246,process,,9,9,4,pre,post_odor,True,0.2553904056549072,2.917619466781616,-0.8990991711616516
p246,process,,10,10,31,pre,post_odor,True,0.43280014395713806,2.987640380859375,-0.7904452681541443
p246,process,,11,11,21,pre,post_odor,True,-0.40522703528404236,2.1166324615478516,-1.9150118827819824
p246,process,,12,12,2,pre,post_odor,True,0.04670209065079689,3.4896538257598877,-1.0447585582733154
p246,process,,13,13,39,pre,post_odor,True,0.08423314243555069,4.209451198577881,-1.0959844589233398
p246,process,,14,14,1,pre,post_odor,True,0.2248421311378479,4.413865566253662,-1.0291762351989746
p246,process,,15,15,12,pre,post_odor,True,0.30996912717819214,2.490267276763916,-0.9716120362281799
p246,process,,16,16,22,pre,post_odor,True,0.04732854291796684,3.795867443084717,-1.490088701248169
p246,process,,17,17,10,pre,post_odor,True,-0.0874195396900177,4.303446292877197,-0.9353089928627014
p246,process,,18,18,17,pre,post_odor,True,-0.1585179716348648,2.5070087909698486,-1.382574200630188
p246,process,,19,19,31,pre,post_odor,True,0.49063947796821594,4.764463901519775,-0.8270249366760254
p246,process,,20,20,30,pre,post_odor,True,0.21872806549072266,2.5314745903015137,-1.0095702409744263
p246,process,,21,21,12,pre,post_odor,True,-0.16306635737419128,2.6772561073303223,-1.082975149154663
p246,process,,22,22,22,pre,post_odor,True,0.22859783470630646,3.0611648559570312,-0.98297119140625
p246,process,,23,23,4,pre,post_odor,True,0.11667009443044662,4.530081272125244,-0.7735281586647034
p246,process,,24,24,0,pre,post_odor,True,0.27015990018844604,4.6225810050964355,-1.256041407585144
p246,process,,25,25,3,pre,post_odor,True,-0.12878462672233582,2.6722218990325928,-1.2196674346923828
p246,process,,26,26,40,pre,post_odor,True,0.018659140914678574,1.9407148361206055,-1.1046985387802124
p246,process,,27,27,10,pre,post_odor,True,0.026414595544338226,2.8662526607513428,-0.8594127893447876
p246,process,,28,28,21,pre,post_odor,True,-0.1385401487350464,2.570159435272217,-1.1105451583862305
p246,process,,29,29,18,pre,post_odor,True,0.07918117195367813,2.112612247467041,-0.6628443598747253
p246,process,,30,30,18,pre,post_odor,True,0.020910296589136124,1.6869733333587646,-0.9779996871948242
p246,process,,31,31,0,pre,post_odor,True,0.0375654399394989,3.181642770767212,-0.911303699016571
p246,process,,32,32,12,post,post_odor,True,0.1249755471944809,3.5834083557128906,-0.5337088108062744
p246,process,,33,33,18,post,post_odor,True,-0.2851874828338623,2.1201467514038086,-0.802336573600769
p246,process,,34,34,40,post,post_odor,True,-0.02696959488093853,3.150326728820801,-0.6456072330474854
p246,process,,35,35,32,post,post_odor,True,-0.21526725590229034,2.589029312133789,-1.001962423324585
p246,process,,36,36,31,post,post_odor,True,-0.04055944085121155,1.9863343238830566,-0.7721033692359924
p246,process,,37,37,0,post,post_odor,True,-0.03553946688771248,1.7440364360809326,-0.7026757597923279
p246,process,,38,38,4,post,post_odor,True,-0.1040087565779686,1.4791688919067383,-0.635535717010498
p246,process,,39,39,2,post,post_odor,True,0.00025869524688459933,1.8501789569854736,-0.7560158967971802
p246,process,,40,40,3,post,post_odor,True,-0.030241820961236954,2.6900548934936523,-0.6178853511810303
p246,process,,41,41,21,post,post_odor,True,0.08213959634304047,2.949972629547119,-0.9414132237434387
p246,process,,42,42,31,post,post_odor,True,0.028180303052067757,2.3046841621398926,-0.8547024726867676
p246,process,,43,43,2,post,post_odor,True,-0.09755724668502808,2.703666925430298,-1.0099722146987915
p246,process,,44,44,32,post,post_odor,True,0.1594766527414322,2.4947710037231445,-0.806861400604248
p246,process,,45,45,40,post,post_odor,True,-0.07457554340362549,4.893883228302002,-0.8771480917930603
p246,process,,46,46,1,post,post_odor,True,-0.13808462023735046,3.445007562637329,-1.057155966758728
p246,process,,47,47,0,post,post_odor,True,-0.15870513021945953,1.565535306930542,-0.7135915160179138
p246,process,,48,48,22,post,post_odor,True,0.10060276836156845,4.0946364402771,-1.04203200340271
p246,process,,49,49,10,post,post_odor,True,-0.21544498205184937,1.9856981039047241,-1.1089175939559937
p246,process,,50,50,1,post,post_odor,True,-0.18982866406440735,1.6072064638137817,-0.7364529967308044
p246,process,,51,51,30,post,post_odor,True,-0.19101259112358093,2.70695161819458,-0.9744372963905334
p246,process,,52,52,12,post,post_odor,True,-0.14249752461910248,2.8355581760406494,-0.9761188626289368
p246,process,,53,53,3,post,post_odor,True,-0.058954428881406784,3.2102978229522705,-1.0949177742004395
p246,process,,54,54,21,post,post_odor,True,0.18737629055976868,2.869450330734253,-0.7342613339424133
p246,process,,55,55,22,post,post_odor,True,-0.0019360161386430264,3.5139570236206055,-1.1004602909088135
p246,process,,56,56,18,post,post_odor,True,0.021200526505708694,2.637078285217285,-0.673069417476654
p246,process,,57,57,30,post,post_odor,True,0.0727926567196846,3.3559906482696533,-0.7456784248352051
p246,process,,58,58,17,post,post_odor,True,0.296217143535614,4.167558193206787,-1.2666901350021362
p246,process,,59,59,39,post,post_odor,True,-0.35764044523239136,1.7386422157287598,-1.2416720390319824
p246,process,,60,60,39,post,post_odor,True,0.1880369335412979,2.547891139984131,-0.8094161152839661
p246,process,,61,61,17,post,post_odor,True,0.05202023312449455,3.132629632949829,-0.9231464862823486
p246,process,,62,62,4,post,post_odor,True,-0.28829869627952576,1.6687626838684082,-0.8794601559638977
p269,process,,0,0,39,pre,post_odor,True,-0.19542904198169708,3.745053768157959,-2.7181179523468018
p269,process,,1,1,17,pre,post_odor,True,-0.6853991746902466,2.6091883182525635,-3.0591182708740234
p269,process,,2,2,32,pre,post_odor,True,0.7286465167999268,3.7888903617858887,-1.847013235092163
p269,process,,3,3,32,pre,post_odor,True,0.15967421233654022,4.146895408630371,-2.336168050765991
p269,process,,4,4,30,pre,post_odor,True,0.4192545413970947,7.313520908355713,-2.9227583408355713
p269,process,,5,5,40,pre,post_odor,True,-0.49580299854278564,1.868080973625183,-3.004673719406128
p269,process,,6,6,3,pre,post_odor,True,0.4976986050605774,3.9454803466796875,-2.4247615337371826
p269,process,,7,7,2,pre,post_odor,True,0.8724648952484131,3.5999646186828613,-1.4564054012298584
p269,process,,8,8,1,pre,post_odor,True,0.5187166929244995,3.9905080795288086,-2.478834390640259
p269,process,,9,9,4,pre,post_odor,True,0.7694387435913086,3.2107412815093994,-1.8887720108032227
p269,process,,10,10,31,pre,post_odor,True,1.0788761377334595,6.071449279785156,-1.6055049896240234
p269,process,,11,11,21,pre,post_odor,True,-0.017297057434916496,4.55910062789917,-3.315401792526245
p269,process,,12,12,2,pre,post_odor,True,0.29734930396080017,2.7623980045318604,-2.776689052581787
p269,process,,13,13,39,pre,post_odor,True,-0.6609697341918945,2.609710931777954,-3.103821277618408
p269,process,,14,14,1,pre,post_odor,True,0.25854456424713135,3.064124345779419,-1.8219152688980103
p269,process,,15,15,12,pre,post_odor,True,0.7145306468009949,5.420947551727295,-2.6378493309020996
p269,process,,16,16,22,pre,post_odor,True,0.9189271926879883,3.8491592407226562,-2.0674526691436768
p269,process,,17,17,10,pre,post_odor,True,-0.018606530502438545,4.118326187133789,-2.8404507637023926
p269,process,,18,18,17,pre,post_odor,True,1.2868353128433228,5.017575263977051,-0.7079814076423645
p269,process,,19,19,31,pre,post_odor,True,0.5049052238464355,4.576999187469482,-2.0683934688568115
p269,process,,20,20,30,pre,post_odor,True,0.6733540296554565,4.626957893371582,-1.506933331489563
p269,process,,21,21,12,pre,post_odor,True,0.3380705416202545,4.524227142333984,-2.8193507194519043
p269,process,,22,22,22,pre,post_odor,True,0.5653142929077148,5.025989055633545,-2.2614388465881348
p269,process,,23,23,4,pre,post_odor,True,-0.4385179877281189,2.7213551998138428,-3.0638604164123535
p269,process,,24,24,0,pre,post_odor,True,0.04876367747783661,3.977067708969116,-2.653118848800659
p269,process,,25,25,3,pre,post_odor,True,0.031570687890052795,2.938694953918457,-2.335022211074829
p269,process,,26,26,40,pre,post_odor,True,-0.5507176518440247,3.1834144592285156,-3.0547056198120117
p269,process,,27,27,10,pre,post_odor,True,-0.10462433844804764,3.00596284866333,-2.6355810165405273
p269,process,,28,28,21,pre,post_odor,True,0.8958152532577515,5.150284290313721,-2.3117032051086426
p269,process,,29,29,18,pre,post_odor,True,0.5738339424133301,3.6069469451904297,-1.4611647129058838
p269,process,,30,30,18,pre,post_odor,True,-0.26859837770462036,2.051164388656616,-2.2063474655151367
p269,process,,31,31,0,pre,post_odor,True,1.264289379119873,4.425413131713867,-1.536285161972046
p269,process,,32,32,12,post,post_odor,True,-0.08250631392002106,0.979293942451477,-1.0763676166534424
p269,process,,33,33,18,post,post_odor,True,-0.02696875110268593,1.1752421855926514,-0.8477190136909485
p269,process,,34,34,40,post,post_odor,True,0.048417627811431885,1.724439024925232,-0.8000276684761047
p269,process,,35,35,32,post,post_odor,True,-0.284584641456604,0.9261890053749084,-0.9557014107704163
p269,process,,36,36,31,post,post_odor,True,-0.10472182929515839,1.091033697128296,-1.0815398693084717
p269,process,,37,37,0,post,post_odor,True,-0.0895412266254425,1.1857738494873047,-0.9822707772254944
p269,process,,38,38,4,post,post_odor,True,-0.01284079346805811,1.30384361743927,-1.0127885341644287
p269,process,,39,39,2,post,post_odor,True,-0.03490493446588516,2.2470548152923584,-1.1696866750717163
p269,process,,40,40,3,post,post_odor,True,-0.017978277057409286,1.598196029663086,-1.0945394039154053
p269,process,,41,41,21,post,post_odor,True,-0.03615229204297066,1.0194408893585205,-0.9703974723815918
p269,process,,42,42,31,post,post_odor,True,0.13337495923042297,1.4623055458068848,-0.7442952394485474
p269,process,,43,43,2,post,post_odor,True,0.20578157901763916,1.629898190498352,-1.07667076587677
p269,process,,44,44,32,post,post_odor,True,0.10733989626169205,1.4270601272583008,-0.8995093703269958
p269,process,,45,45,40,post,post_odor,True,-0.0247822143137455,1.0687228441238403,-1.0904566049575806
p269,process,,46,46,1,post,post_odor,True,0.11972977221012115,1.7373411655426025,-0.7550459504127502
p269,process,,47,47,0,post,post_odor,True,0.013926615938544273,1.1544021368026733,-0.966418981552124
p269,process,,48,48,22,post,post_odor,True,-0.047490060329437256,1.8135992288589478,-1.0215595960617065
p269,process,,49,49,10,post,post_odor,True,0.0292963869869709,2.476810932159424,-1.0703232288360596
p269,process,,50,50,1,post,post_odor,True,-0.15714198350906372,1.2022761106491089,-1.1377214193344116
p269,process,,51,51,30,post,post_odor,True,0.14469486474990845,1.9010692834854126,-0.9576811790466309
p269,process,,52,52,12,post,post_odor,True,-0.026452476158738136,1.3890844583511353,-1.0118942260742188
p269,process,,53,53,3,post,post_odor,True,-0.016312826424837112,1.5155142545700073,-1.114875316619873
p269,process,,54,54,21,post,post_odor,True,0.04023474454879761,1.4316226243972778,-1.1416748762130737
p269,process,,55,55,22,post,post_odor,True,-0.13664598762989044,1.3528234958648682,-0.9662744402885437
p269,process,,56,56,18,post,post_odor,True,0.083245649933815,1.3935734033584595,-0.6570101380348206
p269,process,,57,57,30,post,post_odor,True,0.03395794332027435,1.1621336936950684,-0.9933559894561768
p269,process,,58,58,17,post,post_odor,True,0.017821479588747025,1.5747138261795044,-0.8654428124427795
p269,process,,59,59,39,post,post_odor,True,0.09242281317710876,1.9016648530960083,-1.048174262046814
p269,process,,60,60,39,post,post_odor,True,0.10773696005344391,1.634513258934021,-0.993587851524353
p269,process,,61,61,17,post,post_odor,True,0.027164453640580177,1.4633405208587646,-1.0784802436828613
p269,process,,62,62,4,post,post_odor,True,0.03161611035466194,1.33022940158844,-0.8275434374809265
p291,process,,0,0,39,pre,post_odor,True,-0.05342371016740799,3.6299855709075928,-2.6622745990753174
p291,process,,1,1,17,pre,post_odor,True,-0.13313764333724976,3.551154851913452,-2.599536418914795
p291,process,,2,2,32,pre,post_odor,True,0.13368363678455353,3.211705207824707,-4.210886478424072
p291,process,,3,3,32,pre,post_odor,True,0.20123158395290375,3.6477441787719727,-2.7487075328826904
p291,process,,4,4,30,pre,post_odor,True,1.5338798761367798,5.086883544921875,-2.2860970497131348
p291,process,,5,5,40,pre,post_odor,True,0.5175338983535767,4.0697407722473145,-2.551593065261841
p291,process,,6,6,3,pre,post_odor,True,1.1014931201934814,6.305535316467285,-1.973963975906372
p291,process,,7,7,2,pre,post_odor,True,1.6010119915008545,4.912691593170166,-0.18724383413791656
p291,process,,8,8,1,pre,post_odor,True,1.252448320388794,4.442838668823242,-0.8579526543617249
p291,process,,9,9,4,pre,post_odor,True,1.5895650386810303,4.081960201263428,-2.2253541946411133
p291,process,,10,10,31,pre,post_odor,True,1.290495753288269,5.325120449066162,-1.6792620420455933
p291,process,,11,11,21,pre,post_odor,True,-0.4612067639827728,2.438159227371216,-3.319014310836792
p291,process,,12,12,2,pre,post_odor,True,0.46442851424217224,3.711519956588745,-2.364326000213623
p291,process,,13,13,39,pre,post_odor,True,0.08558621257543564,3.507786273956299,-1.9955202341079712
p291,process,,14,14,1,pre,post_odor,True,0.639029324054718,4.021944999694824,-1.6671104431152344
p291,process,,15,15,12,pre,post_odor,True,1.6425433158874512,3.562617540359497,-1.6074767112731934
p291,process,,16,16,22,pre,post_odor,True,1.194187045097351,6.0721354484558105,-1.502487301826477
p291,process,,17,17,10,pre,post_odor,True,1.341567039489746,4.618745803833008,-1.1711273193359375
p291,process,,18,18,17,pre,post_odor,True,-0.3499716818332672,2.4909119606018066,-2.5062623023986816
p291,process,,19,19,31,pre,post_odor,True,1.1800973415374756,4.371023654937744,-0.39603617787361145
p291,process,,20,20,30,pre,post_odor,True,0.1959572583436966,1.6724807024002075,-1.9120776653289795
p291,process,,21,21,12,pre,post_odor,True,0.15400052070617676,2.599620819091797,-1.9023722410202026
p291,process,,22,22,22,pre,post_odor,True,-0.03468896448612213,2.2649025917053223,-1.5717133283615112
p291,process,,23,23,4,pre,post_odor,True,0.790500283241272,3.265075206756592,-0.9755660891532898
p291,process,,24,24,0,pre,post_odor,True,1.0132784843444824,3.6121609210968018,-0.7494884729385376
p291,process,,25,25,3,pre,post_odor,True,0.7366613745689392,5.118917942047119,-1.5118260383605957
p291,process,,26,26,40,pre,post_odor,True,1.065640926361084,4.6301589012146,-2.70253324508667
p291,process,,27,27,10,pre,post_odor,True,1.1880404949188232,3.5930535793304443,-2.0515098571777344
p291,process,,28,28,21,pre,post_odor,True,-0.12031509727239609,2.499251127243042,-3.4503448009490967
p291,process,,29,29,18,pre,post_odor,True,-0.7699607610702515,1.5333714485168457,-3.2621309757232666
p291,process,,30,30,18,pre,post_odor,True,-0.7252219915390015,2.127924680709839,-3.1003305912017822
p291,process,,31,31,0,pre,post_odor,True,0.683775782585144,2.9320919513702393,-2.250842809677124
p291,process,,32,32,12,post,post_odor,True,0.14181311428546906,1.6110960245132446,-1.0451537370681763
p291,process,,33,33,18,post,post_odor,True,0.0018169000977650285,1.784779667854309,-1.2408246994018555
p291,process,,34,34,40,post,post_odor,True,-0.05352279171347618,1.4211786985397339,-1.2295836210250854
p291,process,,35,35,32,post,post_odor,True,0.15828447043895721,2.041214942932129,-1.0992927551269531
p291,process,,36,36,31,post,post_odor,True,-0.0424887016415596,2.36030650138855,-1.3485108613967896
p291,process,,37,37,0,post,post_odor,True,-0.10024148225784302,1.1874030828475952,-1.2560900449752808
p291,process,,38,38,4,post,post_odor,True,-0.28605782985687256,1.449472188949585,-1.562960147857666
p291,process,,39,39,2,post,post_odor,True,-0.07843475043773651,1.6625807285308838,-1.3788363933563232
p291,process,,40,40,3,post,post_odor,True,0.11742944270372391,1.5912047624588013,-1.3067454099655151
p291,process,,41,41,21,post,post_odor,True,0.14145487546920776,2.4132957458496094,-1.1000609397888184
p291,process,,42,42,31,post,post_odor,True,-0.0319441482424736,2.401474952697754,-1.3894658088684082
p291,process,,43,43,2,post,post_odor,True,-0.1471409946680069,1.6434170007705688,-1.3255683183670044
p291,process,,44,44,32,post,post_odor,True,-0.28311794996261597,1.6945350170135498,-1.2464309930801392
p291,process,,45,45,40,post,post_odor,True,0.18681511282920837,1.7581679821014404,-1.1246435642242432
p291,process,,46,46,1,post,post_odor,True,-0.06208909675478935,1.3105486631393433,-1.142516851425171
p291,process,,47,47,0,post,post_odor,True,0.024356374517083168,1.4911422729492188,-1.2303775548934937
p291,process,,48,48,22,post,post_odor,True,0.014844355173408985,1.476184368133545,-1.3564478158950806
p291,process,,49,49,10,post,post_odor,True,-0.02435733750462532,1.979751706123352,-1.0918303728103638
p291,process,,50,50,1,post,post_odor,True,-0.08731471002101898,1.1472114324569702,-1.283797264099121
p291,process,,51,51,30,post,post_odor,True,0.01997443661093712,1.7924261093139648,-0.9860879182815552
p291,process,,52,52,12,post,post_odor,True,-0.06184488534927368,1.2583717107772827,-1.3242355585098267
p291,process,,53,53,3,post,post_odor,True,0.13363490998744965,1.9262335300445557,-1.0795319080352783
p291,process,,54,54,21,post,post_odor,True,0.09583920240402222,2.4805691242218018,-1.0794477462768555
p291,process,,55,55,22,post,post_odor,True,-0.03907765448093414,1.6706892251968384,-1.593855857849121
p291,process,,56,56,18,post,post_odor,True,0.1323012411594391,2.3247625827789307,-1.4998162984848022
p291,process,,57,57,30,post,post_odor,True,0.04237601161003113,1.9607993364334106,-1.070288896560669
p291,process,,58,58,17,post,post_odor,True,0.1935296505689621,1.7252886295318604,-1.3071339130401611
p291,process,,59,59,39,post,post_odor,True,-0.14709874987602234,1.7412415742874146,-1.3465577363967896
p291,process,,60,60,39,post,post_odor,True,0.2267688810825348,1.5312386751174927,-1.3721439838409424
p291,process,,61,61,17,post,post_odor,True,-0.08284486830234528,1.8146862983703613,-1.4631340503692627
p291,process,,62,62,4,post,post_odor,True,-0.0030324915423989296,2.0850746631622314,-1.325585126876831
p313,process,,0,0,39,pre,post_odor,True,0.21343064308166504,2.9557011127471924,-2.977074384689331
p313,process,,1,1,17,pre,post_odor,True,-3.1444573402404785,2.3789308071136475,-5.773748874664307
p313,process,,2,2,32,pre,post_odor,True,0.7777536511421204,4.045668125152588,-2.0597968101501465
p313,process,,3,3,32,pre,post_odor,True,0.7654876708984375,5.581024169921875,-2.0258071422576904
p313,process,,4,4,30,pre,post_odor,True,0.6714591979980469,4.599092483520508,-2.423797607421875
p313,process,,5,5,40,pre,post_odor,True,0.8074827194213867,3.382070302963257,-1.689686894416809
p313,process,,6,6,3,pre,post_odor,True,1.955837607383728,4.548125743865967,-1.5440365076065063
p313,process,,7,7,2,pre,post_odor,True,1.2596583366394043,4.348812103271484,-0.6922377943992615
p313,process,,8,8,1,pre,post_odor,True,0.6017884612083435,4.7163472175598145,-2.2603182792663574
p313,process,,9,9,4,pre,post_odor,True,1.6189080476760864,5.264203071594238,-1.4147138595581055
p313,process,,10,10,31,pre,post_odor,True,1.067977786064148,6.273737907409668,-1.669148564338684
p313,process,,11,11,21,pre,post_odor,True,-0.18928653001785278,3.4530956745147705,-3.6194543838500977
p313,process,,12,12,2,pre,post_odor,True,0.29827407002449036,3.2067129611968994,-2.0949389934539795
p313,process,,13,13,39,pre,post_odor,True,-0.08797558397054672,2.904937505722046,-2.5148186683654785
p313,process,,14,14,1,pre,post_odor,True,0.9543818831443787,4.986281394958496,-3.7097485065460205
p313,process,,15,15,12,pre,post_odor,True,0.8631136417388916,4.75514030456543,-2.1678671836853027
p313,process,,16,16,22,pre,post_odor,True,0.5370817184448242,3.292027473449707,-2.362227201461792
p313,process,,17,17,10,pre,post_odor,True,1.0635944604873657,5.322001934051514,-2.1879119873046875
p313,process,,18,18,17,pre,post_odor,True,-0.563532829284668,3.54630184173584,-3.624796152114868
p313,process,,19,19,31,pre,post_odor,True,0.5641804337501526,2.7129416465759277,-2.2591545581817627
p313,process,,20,20,30,pre,post_odor,True,0.9711069464683533,3.9804000854492188,-0.6604978442192078
p313,process,,21,21,12,pre,post_odor,True,0.9328169226646423,4.218966960906982,-1.4976084232330322
p313,process,,22,22,22,pre,post_odor,True,-0.43164148926734924,1.9958831071853638,-2.8696329593658447
p313,process,,23,23,4,pre,post_odor,True,0.3721279799938202,3.3781614303588867,-1.922128677368164
p313,process,,24,24,0,pre,post_odor,True,0.7030232548713684,5.238475322723389,-2.908731698989868
p313,process,,25,25,3,pre,post_odor,True,0.7064088582992554,3.046083450317383,-1.8345000743865967
p313,process,,26,26,40,pre,post_odor,True,0.9983998537063599,4.469305038452148,-1.29953932762146
p313,process,,27,27,10,pre,post_odor,True,-0.24881629645824432,3.231065273284912,-2.007185459136963
p313,process,,28,28,21,pre,post_odor,True,1.3484574556350708,5.743677616119385,-1.4848530292510986
p313,process,,29,29,18,pre,post_odor,True,0.8231005072593689,3.5436549186706543,-2.1456401348114014
p313,process,,30,30,18,pre,post_odor,True,0.8166733384132385,3.0856359004974365,-1.7593226432800293
p313,process,,31,31,0,pre,post_odor,True,0.9847662448883057,5.228259086608887,-2.353915214538574
p313,process,,32,32,12,post,post_odor,True,0.16360421478748322,1.5551586151123047,-1.2568812370300293
p313,process,,33,33,18,post,post_odor,True,0.1849021166563034,2.836183786392212,-1.0450958013534546
p313,process,,34,34,40,post,post_odor,True,0.021504312753677368,1.4955432415008545,-1.291634440422058
p313,process,,35,35,32,post,post_odor,True,-0.22651459276676178,1.635919213294983,-1.132409691810608
p313,process,,36,36,31,post,post_odor,True,-0.03725671395659447,1.489561915397644,-1.8099952936172485
p313,process,,37,37,0,post,post_odor,True,0.019098596647381783,1.513427734375,-1.1572284698486328
p313,process,,38,38,4,post,post_odor,True,0.08573566377162933,1.4074695110321045,-1.2411694526672363
p313,process,,39,39,2,post,post_odor,True,0.4227260947227478,1.9566682577133179,-1.1149064302444458
p313,process,,40,40,3,post,post_odor,True,-0.01501546148210764,2.0952308177948,-1.659684658050537
p313,process,,41,41,21,post,post_odor,True,0.2640138864517212,2.0954389572143555,-0.8009965419769287
p313,process,,42,42,31,post,post_odor,True,0.04047837108373642,2.1325721740722656,-1.3690741062164307
p313,process,,43,43,2,post,post_odor,True,0.24460147321224213,3.102464437484741,-1.2618255615234375
p313,process,,44,44,32,post,post_odor,True,0.21974629163742065,2.1527256965637207,-1.0253909826278687
p313,process,,45,45,40,post,post_odor,True,0.08496273308992386,1.8997437953948975,-1.3937259912490845
p313,process,,46,46,1,post,post_odor,True,0.3380810618400574,2.308467388153076,-1.4778962135314941
p313,process,,47,47,0,post,post_odor,True,0.1808275580406189,1.8034534454345703,-1.0751429796218872
p313,process,,48,48,22,post,post_odor,True,0.5467413067817688,1.6590214967727661,-0.7664510607719421
p313,process,,49,49,10,post,post_odor,True,0.04466544836759567,2.3392720222473145,-1.8306174278259277
p313,process,,50,50,1,post,post_odor,True,0.010230820626020432,1.2825839519500732,-1.1631561517715454
p313,process,,51,51,30,post,post_odor,True,0.3705892264842987,2.248964309692383,-1.2422654628753662
p313,process,,52,52,12,post,post_odor,True,0.14701418578624725,2.264711618423462,-1.302511215209961
p313,process,,53,53,3,post,post_odor,True,0.5705180764198303,2.4672393798828125,-0.8948188424110413
p313,process,,54,54,21,post,post_odor,True,0.6375114321708679,2.7852725982666016,-1.3587957620620728
p313,process,,55,55,22,post,post_odor,True,0.15914608538150787,1.9307650327682495,-1.1988725662231445
p313,process,,56,56,18,post,post_odor,True,0.45608726143836975,2.2273874282836914,-1.0354998111724854
p313,process,,57,57,30,post,post_odor,True,0.29736778140068054,2.608539342880249,-0.924100399017334
p313,process,,58,58,17,post,post_odor,True,0.7595484852790833,2.0196409225463867,-1.2295204401016235
p313,process,,59,59,39,post,post_odor,True,0.3043844401836395,2.1152524948120117,-1.4057902097702026
p313,process,,60,60,39,post,post_odor,True,0.39621323347091675,2.2257936000823975,-0.8955334424972534
p313,process,,61,61,17,post,post_odor,True,-0.2217596024274826,1.3294446468353271,-2.240478992462158
p313,process,,62,62,4,post,post_odor,True,-0.1736057549715042,1.441789984703064,-1.8445358276367188
p335,process,,0,0,39,pre,post_odor,True,-0.42357781529426575,2.4895267486572266,-3.116004228591919
p335,process,,1,1,17,pre,post_odor,True,-1.9599051475524902,0.13113263249397278,-3.988926887512207
p335,process,,2,2,32,pre,post_odor,True,0.7217779755592346,3.5281593799591064,-2.0885732173919678
p335,process,,3,3,32,pre,post_odor,True,-1.602424144744873,2.0343856811523438,-5.05551815032959
p335,process,,4,4,30,pre,post_odor,True,0.9501906633377075,5.43289041519165,-1.912081241607666
p335,process,,5,5,40,pre,post_odor,True,1.2769287824630737,4.835762023925781,-2.583899736404419
p335,process,,6,6,3,pre,post_odor,True,1.077734112739563,5.173610687255859,-2.1779110431671143
p335,process,,7,7,2,pre,post_odor,True,0.57181715965271,4.304336071014404,-2.313809871673584
p335,process,,8,8,1,pre,post_odor,True,-1.0645877122879028,1.874329686164856,-3.6658945083618164
p335,process,,9,9,4,pre,post_odor,True,1.441487431526184,4.924651145935059,-1.3354744911193848
p335,process,,10,10,31,pre,post_odor,True,-0.4217956066131592,2.697293519973755,-2.7614846229553223
p335,process,,11,11,21,pre,post_odor,True,0.21053598821163177,4.343792915344238,-2.050337314605713
p335,process,,12,12,2,pre,post_odor,True,-0.13468202948570251,2.2756869792938232,-2.7989134788513184
p335,process,,13,13,39,pre,post_odor,True,-0.22436420619487762,3.888018846511841,-3.28022837638855
p335,process,,14,14,1,pre,post_odor,True,-0.5867242813110352,3.1521377563476562,-3.3373875617980957
p335,process,,15,15,12,pre,post_odor,True,0.16791044175624847,2.543039560317993,-2.753418207168579
p335,process,,16,16,22,pre,post_odor,True,1.1700891256332397,4.88249397277832,-1.9690663814544678
p335,process,,17,17,10,pre,post_odor,True,0.5194887518882751,4.39752721786499,-1.613844871520996
p335,process,,18,18,17,pre,post_odor,True,1.9492621421813965,5.635854721069336,-0.9323838949203491
p335,process,,19,19,31,pre,post_odor,True,-0.29305392503738403,2.6876890659332275,-3.482822895050049
p335,process,,20,20,30,pre,post_odor,True,0.19716225564479828,2.5422303676605225,-1.5551953315734863
p335,process,,21,21,12,pre,post_odor,True,0.23047544062137604,3.4320342540740967,-2.059209108352661
p335,process,,22,22,22,pre,post_odor,True,0.06783203035593033,3.3328535556793213,-1.5812269449234009
p335,process,,23,23,4,pre,post_odor,True,0.42006680369377136,2.278590202331543,-1.3177376985549927
p335,process,,24,24,0,pre,post_odor,True,1.4234730005264282,5.369433879852295,-1.227372646331787
p335,process,,25,25,3,pre,post_odor,True,0.7322149872779846,3.5218732357025146,-1.1343610286712646
p335,process,,26,26,40,pre,post_odor,True,2.240670919418335,5.444919109344482,-0.13241000473499298
p335,process,,27,27,10,pre,post_odor,True,-0.0014595062239095569,2.2822232246398926,-2.072955846786499
p335,process,,28,28,21,pre,post_odor,True,1.782730221748352,6.925276756286621,-0.8134440779685974
p335,process,,29,29,18,pre,post_odor,True,0.06732066720724106,2.2063331604003906,-1.4973517656326294
p335,process,,30,30,18,pre,post_odor,True,0.40663260221481323,2.5076215267181396,-1.6916550397872925
p335,process,,31,31,0,pre,post_odor,True,0.4846546947956085,2.874239206314087,-1.3336024284362793
p335,process,,32,32,12,post,post_odor,True,0.03543044999241829,1.9717305898666382,-0.7965682744979858
p335,process,,33,33,18,post,post_odor,True,0.13193917274475098,1.3175865411758423,-0.9714387059211731
p335,process,,34,34,40,post,post_odor,True,-0.07799244672060013,1.5388963222503662,-1.1471811532974243
p335,process,,35,35,32,post,post_odor,True,-0.014713846147060394,1.1676164865493774,-1.3049585819244385
p335,process,,36,36,31,post,post_odor,True,0.20855319499969482,1.7433621883392334,-0.8098888397216797
p335,process,,37,37,0,post,post_odor,True,-0.09820704162120819,1.7157243490219116,-1.1607367992401123
p335,process,,38,38,4,post,post_odor,True,0.05532439053058624,1.9424558877944946,-1.1031707525253296
p335,process,,39,39,2,post,post_odor,True,0.04610348865389824,1.8378533124923706,-1.2771480083465576
p335,process,,40,40,3,post,post_odor,True,-0.09641041606664658,2.8926994800567627,-0.9117158651351929
p335,process,,41,41,21,post,post_odor,True,0.3666350841522217,2.522432327270508,-1.1368396282196045
p335,process,,42,42,31,post,post_odor,True,-0.020777763798832893,1.3041621446609497,-0.9687212705612183
p335,process,,43,43,2,post,post_odor,True,0.13842445611953735,1.2643747329711914,-1.0053199529647827
p335,process,,44,44,32,post,post_odor,True,-0.06861472874879837,0.8710867166519165,-1.0252240896224976
p335,process,,45,45,40,post,post_odor,True,-0.16741247475147247,0.9738932251930237,-0.9310446381568909
p335,process,,46,46,1,post,post_odor,True,0.23701149225234985,1.8554062843322754,-0.9241749048233032
p335,process,,47,47,0,post,post_odor,True,0.04185109585523605,2.403852939605713,-1.145171880722046
p335,process,,48,48,22,post,post_odor,True,0.291594922542572,1.8177449703216553,-1.0042864084243774
p335,process,,49,49,10,post,post_odor,True,-0.010846147313714027,1.9172272682189941,-0.7713155150413513
p335,process,,50,50,1,post,post_odor,True,-0.048068709671497345,2.4166924953460693,-1.0243918895721436
p335,process,,51,51,30,post,post_odor,True,-0.27004632353782654,1.1797380447387695,-1.5285046100616455
p335,process,,52,52,12,post,post_odor,True,0.17553016543388367,1.4384719133377075,-1.080386996269226
p335,process,,53,53,3,post,post_odor,True,0.22224916517734528,1.976258397102356,-1.223921775817871
p335,process,,54,54,21,post,post_odor,True,0.5885317921638489,2.6002302169799805,-0.868574321269989
p335,process,,55,55,22,post,post_odor,True,-0.002874022116884589,0.9734035134315491,-1.0434643030166626
p335,process,,56,56,18,post,post_odor,True,-0.03575008735060692,2.276235818862915,-0.9827883839607239
p335,process,,57,57,30,post,post_odor,True,0.13190898299217224,1.354985237121582,-0.9815958738327026
p335,process,,58,58,17,post,post_odor,True,0.015937840566039085,1.6041423082351685,-1.0062421560287476
p335,process,,59,59,39,post,post_odor,True,0.4320763349533081,1.9233511686325073,-0.9337282180786133
p335,process,,60,60,39,post,post_odor,True,0.05800148844718933,1.6512696743011475,-1.300323724746704
p335,process,,61,61,17,post,post_odor,True,0.03142208233475685,1.5616579055786133,-1.3424243927001953
p335,process,,62,62,4,post,post_odor,True,-0.11288097500801086,2.143162250518799,-1.1483620405197144
p358,process,,0,0,39,pre,post_odor,True,0.3486262559890747,4.665555953979492,-2.7089548110961914
p358,process,,1,1,17,pre,post_odor,True,-1.3533248901367188,1.7213945388793945,-3.759249210357666
p358,process,,2,2,32,pre,post_odor,True,0.583645224571228,5.1464667320251465,-2.2611513137817383
p358,process,,3,3,32,pre,post_odor,True,1.2337709665298462,5.501317024230957,-1.1036581993103027
p358,process,,4,4,30,pre,post_odor,True,1.059159278869629,5.864634990692139,-2.092334032058716
p358,process,,5,5,40,pre,post_odor,True,0.11031558364629745,4.608002185821533,-2.9548206329345703
p358,process,,6,6,3,pre,post_odor,True,1.6920560598373413,5.061505317687988,-0.8448445796966553
p358,process,,7,7,2,pre,post_odor,True,0.7008929252624512,3.9744789600372314,-2.0538995265960693
p358,process,,8,8,1,pre,post_odor,True,0.7144045233726501,3.5641798973083496,-1.8648301362991333
p358,process,,9,9,4,pre,post_odor,True,0.7841272354125977,4.290943622589111,-1.7589179277420044
p358,process,,10,10,31,pre,post_odor,True,2.0285136699676514,8.209190368652344,-1.2947298288345337
p358,process,,11,11,21,pre,post_odor,True,0.5764414072036743,4.146844387054443,-2.866109609603882
p358,process,,12,12,2,pre,post_odor,True,0.38688868284225464,3.2989437580108643,-2.877980947494507
p358,process,,13,13,39,pre,post_odor,True,0.20386110246181488,2.9418678283691406,-2.8035709857940674
p358,process,,14,14,1,pre,post_odor,True,0.8588830828666687,3.604186773300171,-2.1771223545074463
p358,process,,15,15,12,pre,post_odor,True,1.3546205759048462,5.460488796234131,-2.253220558166504
p358,process,,16,16,22,pre,post_odor,True,2.050318479537964,6.184420108795166,-1.128968596458435
p358,process,,17,17,10,pre,post_odor,True,0.9443827867507935,5.622368335723877,-2.9118852615356445
p358,process,,18,18,17,pre,post_odor,True,0.2140030562877655,2.682037353515625,-2.4522101879119873
p358,process,,19,19,31,pre,post_odor,True,1.6207001209259033,7.275346279144287,-1.7707515954971313
p358,process,,20,20,30,pre,post_odor,True,1.972865343093872,7.056926727294922,-0.7777671217918396
p358,process,,21,21,12,pre,post_odor,True,0.3103465735912323,4.693759918212891,-2.4023492336273193
p358,process,,22,22,22,pre,post_odor,True,0.20448265969753265,4.32645845413208,-2.075425386428833
p358,process,,23,23,4,pre,post_odor,True,-0.5953404307365417,2.120009660720825,-2.528357982635498
p358,process,,24,24,0,pre,post_odor,True,0.6495733857154846,4.599266529083252,-2.3963096141815186
p358,process,,25,25,3,pre,post_odor,True,-0.3313024640083313,3.9978208541870117,-3.2232680320739746
p358,process,,26,26,40,pre,post_odor,True,1.0236093997955322,5.275637626647949,-1.5555510520935059
p358,process,,27,27,10,pre,post_odor,True,-0.07034943252801895,2.1667935848236084,-2.979186534881592
p358,process,,28,28,21,pre,post_odor,True,0.9415140151977539,6.6918044090271,-1.989532470703125
p358,process,,29,29,18,pre,post_odor,True,1.0699849128723145,4.017397403717041,-1.6231017112731934
p358,process,,30,30,18,pre,post_odor,True,-0.9237975478172302,1.5933316946029663,-2.9193267822265625
p358,process,,31,31,0,pre,post_odor,True,0.8689014315605164,4.7662034034729,-1.540165901184082
p358,process,,32,32,12,post,post_odor,True,0.07043242454528809,1.5569112300872803,-0.7792514562606812
p358,process,,33,33,18,post,post_odor,True,-0.08807423710823059,1.824586272239685,-1.0852830410003662
p358,process,,34,34,40,post,post_odor,True,-0.040977269411087036,1.3011351823806763,-0.9266830086708069
p358,process,,35,35,32,post,post_odor,True,-0.10596403479576111,1.1615628004074097,-0.8687464594841003
p358,process,,36,36,31,post,post_odor,True,0.03772584721446037,1.381986379623413,-1.0308400392532349
p358,process,,37,37,0,post,post_odor,True,-0.04740478843450546,1.4177156686782837,-1.0197187662124634
p358,process,,38,38,4,post,post_odor,True,0.008638458326458931,1.3166857957839966,-0.649673342704773
p358,process,,39,39,2,post,post_odor,True,0.026108207181096077,2.143101930618286,-1.1041191816329956
p358,process,,40,40,3,post,post_odor,True,-0.08523557335138321,1.1863222122192383,-0.971031904220581
p358,process,,41,41,21,post,post_odor,True,0.023590534925460815,1.4969673156738281,-0.9792904257774353
p358,process,,42,42,31,post,post_odor,True,-0.048364993184804916,1.4000351428985596,-1.208622694015503
p358,process,,43,43,2,post,post_odor,True,0.16051805019378662,1.606777310371399,-0.8772880434989929
p358,process,,44,44,32,post,post_odor,True,0.15167465806007385,2.0077247619628906,-0.7596035599708557
p358,process,,45,45,40,post,post_odor,True,0.03901324421167374,0.9923542737960815,-0.8733969330787659
p358,process,,46,46,1,post,post_odor,True,-0.1474892646074295,0.8218265175819397,-1.1916537284851074
p358,process,,47,47,0,post,post_odor,True,0.15370023250579834,1.1082019805908203,-0.6887076497077942
p358,process,,48,48,22,post,post_odor,True,0.025040188804268837,1.32199227809906,-0.7333687543869019
p358,process,,49,49,10,post,post_odor,True,-0.027046894654631615,1.1687723398208618,-1.0457839965820312
p358,process,,50,50,1,post,post_odor,True,-0.0024731981102377176,1.808771014213562,-0.982600212097168
p358,process,,51,51,30,post,post_odor,True,-0.018286922946572304,0.8508127331733704,-1.0264958143234253
p358,process,,52,52,12,post,post_odor,True,0.046509888023138046,1.0506365299224854,-0.9120163321495056
p358,process,,53,53,3,post,post_odor,True,0.041749805212020874,0.9262252449989319,-0.9748375415802002
p358,process,,54,54,21,post,post_odor,True,-0.05217801406979561,1.491766095161438,-1.109023094177246
p358,process,,55,55,22,post,post_odor,True,0.04337674379348755,1.3674290180206299,-0.8817830085754395
p358,process,,56,56,18,post,post_odor,True,-0.0013659289106726646,1.0507667064666748,-0.9782388806343079
p358,process,,57,57,30,post,post_odor,True,0.021882370114326477,1.1175442934036255,-0.8989311456680298
p358,process,,58,58,17,post,post_odor,True,0.06432727724313736,2.0668704509735107,-0.7263553738594055
p358,process,,59,59,39,post,post_odor,True,0.030156701803207397,1.586458683013916,-0.670606791973114
p358,process,,60,60,39,post,post_odor,True,-0.004556319210678339,1.6207603216171265,-0.8276876211166382
p358,process,,61,61,17,post,post_odor,True,0.06953369081020355,1.2943657636642456,-0.703729510307312
p358,process,,62,62,4,post,post_odor,True,0.09846818447113037,1.2714214324951172,-0.7488279938697815
p380,process,,0,0,39,pre,post_odor,True,0.46662771701812744,3.2838807106018066,-2.886152744293213
p380,process,,1,1,17,pre,post_odor,True,-0.7767022252082825,1.294616460800171,-2.5386650562286377
p380,process,,2,2,32,pre,post_odor,True,0.261757493019104,2.6344821453094482,-1.7717509269714355
p380,process,,3,3,32,pre,post_odor,True,0.9600486755371094,5.66240930557251,-1.9428852796554565
p380,process,,4,4,30,pre,post_odor,True,0.6468995213508606,5.253425598144531,-2.1593666076660156
p380,process,,5,5,40,pre,post_odor,True,0.032073553651571274,2.9736878871917725,-2.236452579498291
p380,process,,6,6,3,pre,post_odor,True,1.1513066291809082,4.2505035400390625,-1.5156359672546387
p380,process,,7,7,2,pre,post_odor,True,0.9953901171684265,4.948107719421387,-1.1163138151168823
p380,process,,8,8,1,pre,post_odor,True,-0.022616328671574593,3.3558168411254883,-2.0991663932800293
p380,process,,9,9,4,pre,post_odor,True,1.133661150932312,5.712893486022949,-1.8169965744018555
p380,process,,10,10,31,pre,post_odor,True,2.184109687805176,6.959985733032227,-1.5913753509521484
p380,process,,11,11,21,pre,post_odor,True,0.7405319213867188,3.8477673530578613,-2.2872118949890137
p380,process,,12,12,2,pre,post_odor,True,0.0135568892583251,3.450639247894287,-3.4396910667419434
p380,process,,13,13,39,pre,post_odor,True,-0.02142837457358837,3.252474069595337,-2.2670249938964844
p380,process,,14,14,1,pre,post_odor,True,0.4303438067436218,6.163595676422119,-2.3692500591278076
p380,process,,15,15,12,pre,post_odor,True,1.7798935174942017,5.745194435119629,-3.0683817863464355
p380,process,,16,16,22,pre,post_odor,True,1.3942735195159912,5.349527359008789,-1.759987473487854
p380,process,,17,17,10,pre,post_odor,True,0.46421018242836,4.039755821228027,-2.77805233001709
p380,process,,18,18,17,pre,post_odor,True,0.6579902768135071,4.731422424316406,-1.6698132753372192
p380,process,,19,19,31,pre,post_odor,True,2.530249834060669,7.688811302185059,-0.8977851867675781
p380,process,,20,20,30,pre,post_odor,True,2.5693414211273193,6.350953578948975,-0.054591964930295944
p380,process,,21,21,12,pre,post_odor,True,0.27174514532089233,4.1623711585998535,-3.449348211288452
p380,process,,22,22,22,pre,post_odor,True,0.36328795552253723,3.4047462940216064,-2.928302526473999
p380,process,,23,23,4,pre,post_odor,True,-0.6767878532409668,3.7898826599121094,-3.2645387649536133
p380,process,,24,24,0,pre,post_odor,True,0.9288808107376099,5.416959762573242,-2.279296875
p380,process,,25,25,3,pre,post_odor,True,-0.19351592659950256,2.095893144607544,-3.533050060272217
p380,process,,26,26,40,pre,post_odor,True,-0.16767297685146332,3.3849921226501465,-2.218310594558716
p380,process,,27,27,10,pre,post_odor,True,-0.319793164730072,2.6236603260040283,-3.9266722202301025
p380,process,,28,28,21,pre,post_odor,True,0.8101075291633606,5.386218547821045,-1.9877890348434448
p380,process,,29,29,18,pre,post_odor,True,0.2550150752067566,2.2605655193328857,-2.1244709491729736
p380,process,,30,30,18,pre,post_odor,True,-0.44258353114128113,1.7758097648620605,-2.1279516220092773
p380,process,,31,31,0,pre,post_odor,True,0.5628167390823364,3.760495662689209,-1.891632318496704
p380,process,,32,32,12,post,post_odor,True,0.07592451572418213,1.3889867067337036,-0.8847403526306152
p380,process,,33,33,18,post,post_odor,True,-0.07248657941818237,0.9501352310180664,-0.9207980036735535
p380,process,,34,34,40,post,post_odor,True,0.19888244569301605,1.3348394632339478,-0.9917310476303101
p380,process,,35,35,32,post,post_odor,True,0.05697424337267876,0.9561997056007385,-0.8843042254447937
p380,process,,36,36,31,post,post_odor,True,0.049469299614429474,1.7583428621292114,-0.8418595194816589
p380,process,,37,37,0,post,post_odor,True,-0.11273165047168732,1.2289257049560547,-0.9961493015289307
p380,process,,38,38,4,post,post_odor,True,0.16209714114665985,1.617255687713623,-0.9891901016235352
p380,process,,39,39,2,post,post_odor,True,0.16350729763507843,1.4335026741027832,-1.1203283071517944
p380,process,,40,40,3,post,post_odor,True,0.1308128982782364,1.7504255771636963,-1.2430956363677979
p380,process,,41,41,21,post,post_odor,True,0.07685381919145584,1.5579230785369873,-0.959354043006897
p380,process,,42,42,31,post,post_odor,True,0.03933146968483925,1.549034595489502,-1.5127917528152466
p380,process,,43,43,2,post,post_odor,True,-0.06256083399057388,1.261955738067627,-1.0107816457748413
p380,process,,44,44,32,post,post_odor,True,-0.21510456502437592,2.350191116333008,-1.4383214712142944
p380,process,,45,45,40,post,post_odor,True,-0.1544000655412674,1.5422933101654053,-1.1992876529693604
p380,process,,46,46,1,post,post_odor,True,0.11638180166482925,2.1765146255493164,-1.1206042766571045
p380,process,,47,47,0,post,post_odor,True,0.24358785152435303,1.367409110069275,-1.292324185371399
p380,process,,48,48,22,post,post_odor,True,0.09892572462558746,1.7684434652328491,-1.1482486724853516
p380,process,,49,49,10,post,post_odor,True,0.38522055745124817,1.9790021181106567,-1.1006019115447998
p380,process,,50,50,1,post,post_odor,True,0.055811937898397446,1.3522354364395142,-1.0108578205108643
p380,process,,51,51,30,post,post_odor,True,0.23267342150211334,2.0622220039367676,-1.214385986328125
p380,process,,52,52,12,post,post_odor,True,-0.004276392515748739,1.5372602939605713,-1.0498188734054565
p380,process,,53,53,3,post,post_odor,True,0.09821406751871109,1.4617202281951904,-0.8206309676170349
p380,process,,54,54,21,post,post_odor,True,0.09974593669176102,1.8392510414123535,-0.9272387027740479
p380,process,,55,55,22,post,post_odor,True,0.12043029069900513,1.906501054763794,-1.1012282371520996
p380,process,,56,56,18,post,post_odor,True,-0.05974067375063896,1.3741111755371094,-1.350751280784607
p380,process,,57,57,30,post,post_odor,True,0.04941900447010994,2.4666073322296143,-1.287704348564148
p380,process,,58,58,17,post,post_odor,True,0.04157038778066635,1.7258684635162354,-1.0402764081954956
p380,process,,59,59,39,post,post_odor,True,0.0606764517724514,2.346954107284546,-0.6845229268074036
p380,process,,60,60,39,post,post_odor,True,-0.07000982761383057,1.0003273487091064,-0.8725101947784424
p380,process,,61,61,17,post,post_odor,True,0.022316040471196175,1.4855650663375854,-0.8178555369377136
p380,process,,62,62,4,post,post_odor,True,0.004535720217972994,1.6254231929779053,-0.9137202501296997
p402,process,,0,0,39,pre,post_odor,True,-0.05465572327375412,5.213020324707031,-3.387575626373291
p402,process,,1,1,17,pre,post_odor,True,0.10863541811704636,5.985332012176514,-3.1913208961486816
p402,process,,2,2,32,pre,post_odor,True,1.0400298833847046,4.61931037902832,-1.6085036993026733
p402,process,,3,3,32,pre,post_odor,True,1.5699039697647095,6.225149154663086,-2.724355936050415
p402,process,,4,4,30,pre,post_odor,True,1.8315842151641846,7.873384475708008,-1.852771520614624
p402,process,,5,5,40,pre,post_odor,True,0.04173079505562782,2.405776023864746,-2.7776026725769043
p402,process,,6,6,3,pre,post_odor,True,2.0283844470977783,5.055583477020264,-0.47196805477142334
p402,process,,7,7,2,pre,post_odor,True,1.6175180673599243,5.105671405792236,-1.4173718690872192
p402,process,,8,8,1,pre,post_odor,True,0.8466646075248718,4.942680358886719,-2.002784013748169
p402,process,,9,9,4,pre,post_odor,True,2.0943562984466553,5.584029197692871,-0.9868344068527222
p402,process,,10,10,31,pre,post_odor,True,2.9226441383361816,6.7597784996032715,-0.3335837721824646
p402,process,,11,11,21,pre,post_odor,True,1.2870572805404663,4.182981967926025,-2.433145761489868
p402,process,,12,12,2,pre,post_odor,True,0.33989715576171875,4.701835632324219,-2.579573631286621
p402,process,,13,13,39,pre,post_odor,True,0.5504584312438965,4.276395797729492,-2.490661144256592
p402,process,,14,14,1,pre,post_odor,True,0.7936177849769592,5.0004167556762695,-2.200640916824341
p402,process,,15,15,12,pre,post_odor,True,2.727940082550049,6.853384971618652,-2.6082968711853027
p402,process,,16,16,22,pre,post_odor,True,2.0374152660369873,8.084602355957031,-1.6021045446395874
p402,process,,17,17,10,pre,post_odor,True,1.434949278831482,7.02903413772583,-1.6105670928955078
p402,process,,18,18,17,pre,post_odor,True,2.2825374603271484,5.310478210449219,-0.5989227890968323
p402,process,,19,19,31,pre,post_odor,True,2.9278345108032227,6.556095600128174,-0.8208925724029541
p402,process,,20,20,30,pre,post_odor,True,1.8530309200286865,6.65966272354126,-0.6686956882476807
p402,process,,21,21,12,pre,post_odor,True,0.16922782361507416,2.8712964057922363,-1.4525829553604126
p402,process,,22,22,22,pre,post_odor,True,0.9912619590759277,4.60493803024292,-1.2872995138168335
p402,process,,23,23,4,pre,post_odor,True,-0.15540893375873566,2.936286211013794,-2.0991954803466797
p402,process,,24,24,0,pre,post_odor,True,1.3091732263565063,5.282224178314209,-1.9260785579681396
p402,process,,25,25,3,pre,post_odor,True,0.28749966621398926,2.975569486618042,-2.7401809692382812
p402,process,,26,26,40,pre,post_odor,True,1.5717473030090332,5.100001335144043,-1.2798168659210205
p402,process,,27,27,10,pre,post_odor,True,-0.18345126509666443,2.7267708778381348,-2.0776078701019287
p402,process,,28,28,21,pre,post_odor,True,1.1787736415863037,5.744019031524658,-1.476131558418274
p402,process,,29,29,18,pre,post_odor,True,0.4308515191078186,2.1901211738586426,-1.338973879814148
p402,process,,30,30,18,pre,post_odor,True,-0.2913307845592499,1.636224389076233,-1.6964614391326904
p402,process,,31,31,0,pre,post_odor,True,1.132041335105896,3.12005877494812,-1.3463256359100342
p402,process,,32,32,12,post,post_odor,True,-0.02779059112071991,2.024866819381714,-1.459052324295044
p402,process,,33,33,18,post,post_odor,True,0.12209989875555038,1.3526161909103394,-0.8658596277236938
p402,process,,34,34,40,post,post_odor,True,-0.21355590224266052,1.3001160621643066,-1.0649727582931519
p402,process,,35,35,32,post,post_odor,True,-0.15638551115989685,2.376620054244995,-0.9647121429443359
p402,process,,36,36,31,post,post_odor,True,0.0711883157491684,2.0052545070648193,-1.4746731519699097
p402,process,,37,37,0,post,post_odor,True,-0.11892911791801453,1.5469661951065063,-1.328768253326416
p402,process,,38,38,4,post,post_odor,True,-0.29934045672416687,1.7841732501983643,-1.6135871410369873
p402,process,,39,39,2,post,post_odor,True,0.08188328146934509,2.209723949432373,-1.4997161626815796
p402,process,,40,40,3,post,post_odor,True,-0.05332133173942566,1.589135766029358,-1.1660794019699097
p402,process,,41,41,21,post,post_odor,True,0.8180184364318848,3.075256109237671,-0.8642410635948181
p402,process,,42,42,31,post,post_odor,True,-0.2876904606819153,1.5562000274658203,-1.4798141717910767
p402,process,,43,43,2,post,post_odor,True,0.18419331312179565,2.2350733280181885,-1.4505294561386108
p402,process,,44,44,32,post,post_odor,True,-0.007656940259039402,1.9181406497955322,-1.5299886465072632
p402,process,,45,45,40,post,post_odor,True,0.06225276365876198,1.4741134643554688,-1.4274475574493408
p402,process,,46,46,1,post,post_odor,True,0.02808895707130432,2.474261522293091,-1.7199456691741943
p402,process,,47,47,0,post,post_odor,True,0.20943428575992584,1.813388466835022,-1.1130797863006592
p402,process,,48,48,22,post,post_odor,True,0.09390648454427719,2.489802360534668,-1.6820900440216064
p402,process,,49,49,10,post,post_odor,True,-0.02197156473994255,2.0947816371917725,-1.723055362701416
p402,process,,50,50,1,post,post_odor,True,0.10056550800800323,2.549107074737549,-1.7586275339126587
p402,process,,51,51,30,post,post_odor,True,0.34787291288375854,3.236509084701538,-1.654585838317871
p402,process,,52,52,12,post,post_odor,True,-0.07008258253335953,1.4541888236999512,-1.3420493602752686
p402,process,,53,53,3,post,post_odor,True,0.19105075299739838,2.100510835647583,-1.252149224281311
p402,process,,54,54,21,post,post_odor,True,0.988039493560791,4.0501933097839355,-1.0789533853530884
p402,process,,55,55,22,post,post_odor,True,-0.24962455034255981,1.1816920042037964,-1.9421868324279785
p402,process,,56,56,18,post,post_odor,True,0.04060462489724159,1.6458244323730469,-1.042405128479004
p402,process,,57,57,30,post,post_odor,True,0.08900238573551178,2.327674627304077,-1.2480968236923218
p402,process,,58,58,17,post,post_odor,True,-0.004885666538029909,1.9181783199310303,-0.7979444861412048
p402,process,,59,59,39,post,post_odor,True,-0.03222847357392311,1.543922781944275,-1.3228763341903687
p402,process,,60,60,39,post,post_odor,True,0.08893794566392899,1.8679922819137573,-1.2270225286483765
p402,process,,61,61,17,post,post_odor,True,-0.052563123404979706,1.7319632768630981,-1.4613717794418335
p402,process,,62,62,4,post,post_odor,True,0.08309400081634521,1.9976333379745483,-0.7708072662353516
p425,process,,0,0,39,pre,post_odor,True,2.575399875640869,8.478852272033691,-1.399026870727539
p425,process,,1,1,17,pre,post_odor,True,0.985782265663147,5.176928520202637,-2.4542317390441895
p425,process,,2,2,32,pre,post_odor,True,7.521810531616211,14.382519721984863,1.176020622253418
p425,process,,3,3,32,pre,post_odor,True,9.779252052307129,14.214136123657227,3.405761957168579
p425,process,,4,4,30,pre,post_odor,True,8.240129470825195,12.985306739807129,3.6512653827667236
p425,process,,5,5,40,pre,post_odor,True,5.23314905166626,10.894392967224121,-1.5366992950439453
p425,process,,6,6,3,pre,post_odor,True,9.786701202392578,15.524748802185059,3.5433754920959473
p425,process,,7,7,2,pre,post_odor,True,5.287468910217285,10.321642875671387,0.48716458678245544
p425,process,,8,8,1,pre,post_odor,True,0.30958032608032227,3.6276211738586426,-3.859895944595337
p425,process,,9,9,4,pre,post_odor,True,6.695080280303955,12.915639877319336,0.8330380916595459
p425,process,,10,10,31,pre,post_odor,True,14.7825288772583,21.658832550048828,6.188239097595215
p425,process,,11,11,21,pre,post_odor,True,5.931703090667725,18.341054916381836,-2.0915117263793945
p425,process,,12,12,2,pre,post_odor,True,1.3832017183303833,5.079257011413574,-3.0384442806243896
p425,process,,13,13,39,pre,post_odor,True,3.5737459659576416,10.036249160766602,-1.1710178852081299
p425,process,,14,14,1,pre,post_odor,True,4.112490653991699,9.677338600158691,-0.08036799728870392
p425,process,,15,15,12,pre,post_odor,True,7.886226177215576,13.269049644470215,3.032366991043091
p425,process,,16,16,22,pre,post_odor,True,13.98309326171875,21.745527267456055,6.537841320037842
p425,process,,17,17,10,pre,post_odor,True,3.241649866104126,9.634159088134766,0.8199557662010193
p425,process,,18,18,17,pre,post_odor,True,6.322587966918945,11.649103164672852,-0.5093920230865479
p425,process,,19,19,31,pre,post_odor,True,9.758058547973633,16.53307342529297,2.826505184173584
p425,process,,20,20,30,pre,post_odor,True,8.255178451538086,16.609786987304688,3.1653714179992676
p425,process,,21,21,12,pre,post_odor,True,1.4349762201309204,5.03170919418335,-1.4546908140182495
p425,process,,22,22,22,pre,post_odor,True,7.277511119842529,13.942487716674805,2.3341755867004395
p425,process,,23,23,4,pre,post_odor,True,-0.36877426505088806,1.9713648557662964,-2.5309581756591797
p425,process,,24,24,0,pre,post_odor,True,1.894512414932251,6.553012371063232,-2.376397132873535
p425,process,,25,25,3,pre,post_odor,True,4.126865863800049,8.724513053894043,-0.30364105105400085
p425,process,,26,26,40,pre,post_odor,True,4.570498466491699,10.34014892578125,-1.7300390005111694
p425,process,,27,27,10,pre,post_odor,True,-1.3087174892425537,1.8964022397994995,-4.461106777191162
p425,process,,28,28,21,pre,post_odor,True,5.801264762878418,13.381355285644531,-1.3874589204788208
p425,process,,29,29,18,pre,post_odor,True,1.2409093379974365,3.434603691101074,-0.8977206945419312
p425,process,,30,30,18,pre,post_odor,True,-0.5577911734580994,2.0909688472747803,-2.605729818344116
p425,process,,31,31,0,pre,post_odor,True,0.5130365490913391,3.402170181274414,-2.0707614421844482
p425,process,,32,32,12,post,post_odor,True,0.12604975700378418,0.9332209825515747,-0.4902717173099518
p425,process,,33,33,18,post,post_odor,True,0.24513830244541168,1.0456234216690063,-0.7094469666481018
p425,process,,34,34,40,post,post_odor,True,0.13727402687072754,1.1053411960601807,-0.5420612096786499
p425,process,,35,35,32,post,post_odor,True,0.29429304599761963,1.1757903099060059,-0.6582220196723938
p425,process,,36,36,31,post,post_odor,True,0.22624754905700684,1.010420560836792,-0.6208546161651611
p425,process,,37,37,0,post,post_odor,True,0.03389367088675499,0.6895313262939453,-0.5495489835739136
p425,process,,38,38,4,post,post_odor,True,0.03945789486169815,0.617154598236084,-0.4231397211551666
p425,process,,39,39,2,post,post_odor,True,0.22205673158168793,0.9795848727226257,-0.5783827304840088
p425,process,,40,40,3,post,post_odor,True,-0.018122954294085503,0.775763213634491,-0.754001796245575
p425,process,,41,41,21,post,post_odor,True,1.602392315864563,4.23081111907959,0.08887934684753418
p425,process,,42,42,31,post,post_odor,True,0.10426545888185501,0.7456640005111694,-0.8468492031097412
p425,process,,43,43,2,post,post_odor,True,0.02016586810350418,1.1704726219177246,-0.6039387583732605
p425,process,,44,44,32,post,post_odor,True,0.28252461552619934,1.0705376863479614,-0.549376904964447
p425,process,,45,45,40,post,post_odor,True,0.1566915661096573,1.005002498626709,-0.589324951171875
p425,process,,46,46,1,post,post_odor,True,0.07937247306108475,1.0666123628616333,-0.7027736306190491
p425,process,,47,47,0,post,post_odor,True,-0.05181349441409111,0.43649810552597046,-0.540802538394928
p425,process,,48,48,22,post,post_odor,True,-0.05860918015241623,0.8054682016372681,-0.6155636310577393
p425,process,,49,49,10,post,post_odor,True,0.004099388141185045,0.9570754170417786,-0.6298726797103882
p425,process,,50,50,1,post,post_odor,True,-0.02879701554775238,0.5054391622543335,-0.4786403775215149
p425,process,,51,51,30,post,post_odor,True,0.09052593261003494,0.6498048305511475,-0.5262411832809448
p425,process,,52,52,12,post,post_odor,True,0.06048249080777168,0.8300157189369202,-0.4903169870376587
p425,process,,53,53,3,post,post_odor,True,0.019488176330924034,0.5733280777931213,-0.5876065492630005
p425,process,,54,54,21,post,post_odor,True,0.7640078067779541,1.6609728336334229,-0.1306985765695572
p425,process,,55,55,22,post,post_odor,True,0.08598102629184723,0.6521309018135071,-0.3899332582950592
p425,process,,56,56,18,post,post_odor,True,0.16668912768363953,0.9182314872741699,-0.5090453624725342
p425,process,,57,57,30,post,post_odor,True,0.20366314053535461,1.0430488586425781,-0.45621535181999207
p425,process,,58,58,17,post,post_odor,True,0.17257265746593475,0.743543803691864,-0.4854390025138855
p425,process,,59,59,39,post,post_odor,True,0.08264734596014023,0.840685248374939,-0.4069424271583557
p425,process,,60,60,39,post,post_odor,True,0.06865887343883514,0.47053295373916626,-0.35616716742515564
p425,process,,61,61,17,post,post_odor,True,0.04430416226387024,0.793910026550293,-0.37628957629203796
p425,process,,62,62,4,post,post_odor,True,0.015476345084607601,0.23344102501869202,-0.11186770349740982
p447,process,,0,0,39,pre,post_odor,True,0.13231252133846283,2.2196505069732666,-1.622485637664795
p447,process,,1,1,17,pre,post_odor,True,0.4667603075504303,4.357330799102783,-1.4350662231445312
p447,process,,2,2,32,pre,post_odor,True,4.061458587646484,9.548990249633789,-0.03836517408490181
p447,process,,3,3,32,pre,post_odor,True,1.3365426063537598,4.023622035980225,-1.5019142627716064
p447,process,,4,4,30,pre,post_odor,True,0.417543888092041,3.7998850345611572,-2.1388888359069824
p447,process,,5,5,40,pre,post_odor,True,-1.0373014211654663,2.11423921585083,-3.95880389213562
p447,process,,6,6,3,pre,post_odor,True,0.2255265712738037,3.6250925064086914,-2.2642908096313477
p447,process,,7,7,2,pre,post_odor,True,0.6093448400497437,3.0114564895629883,-2.151463747024536
p447,process,,8,8,1,pre,post_odor,True,1.2072563171386719,4.721397876739502,-1.3869813680648804
p447,process,,9,9,4,pre,post_odor,True,-0.352933794260025,2.4663007259368896,-2.6467597484588623
p447,process,,10,10,31,pre,post_odor,True,-0.6767704486846924,2.689253330230713,-3.8576204776763916
p447,process,,11,11,21,pre,post_odor,True,0.6388129591941833,4.394087314605713,-3.18180251121521
p447,process,,12,12,2,pre,post_odor,True,0.9753934741020203,3.637176275253296,-2.0262532234191895
p447,process,,13,13,39,pre,post_odor,True,0.7213109135627747,3.2863101959228516,-1.8793896436691284
p447,process,,14,14,1,pre,post_odor,True,0.40915757417678833,2.9314966201782227,-1.595181941986084
p447,process,,15,15,12,pre,post_odor,True,-0.3537372946739197,2.711979389190674,-3.7284977436065674
p447,process,,16,16,22,pre,post_odor,True,0.23889285326004028,2.6958346366882324,-2.471223831176758
p447,process,,17,17,10,pre,post_odor,True,-1.6771546602249146,2.6483638286590576,-4.238377571105957
p447,process,,18,18,17,pre,post_odor,True,-0.14812922477722168,3.514892816543579,-2.2694191932678223
p447,process,,19,19,31,pre,post_odor,True,0.3388362526893616,2.9012668132781982,-2.4202635288238525
p447,process,,20,20,30,pre,post_odor,True,-1.5253740549087524,0.9235724806785583,-3.509860038757324
p447,process,,21,21,12,pre,post_odor,True,-1.5364049673080444,1.099292516708374,-4.0996551513671875
p447,process,,22,22,22,pre,post_odor,True,-0.5172412991523743,2.7884135246276855,-2.9026038646698
p447,process,,23,23,4,pre,post_odor,True,-0.4831337332725525,3.567868709564209,-3.2304205894470215
p447,process,,24,24,0,pre,post_odor,True,0.8734104633331299,4.843809604644775,-1.4804553985595703
p447,process,,25,25,3,pre,post_odor,True,-0.4480724036693573,3.608809471130371,-5.0934014320373535
p447,process,,26,26,40,pre,post_odor,True,-0.6730322241783142,1.7681069374084473,-3.8685035705566406
p447,process,,27,27,10,pre,post_odor,True,-0.678199291229248,3.2739477157592773,-3.687267541885376
p447,process,,28,28,21,pre,post_odor,True,1.2312345504760742,4.2932233810424805,-2.138176441192627
p447,process,,29,29,18,pre,post_odor,True,-2.2924540042877197,-1.3097342252731323,-3.718416690826416
p447,process,,30,30,18,pre,post_odor,True,-0.9191575050354004,0.998752236366272,-2.7904088497161865
p447,process,,31,31,0,pre,post_odor,True,0.4994984567165375,3.1700992584228516,-1.579202651977539
p447,process,,32,32,12,post,post_odor,True,0.231750950217247,1.3533655405044556,-0.7480286359786987
p447,process,,33,33,18,post,post_odor,True,0.11330374330282211,1.1362735033035278,-0.612156331539154
p447,process,,34,34,40,post,post_odor,True,-0.04858655482530594,0.6441000699996948,-0.49629107117652893
p447,process,,35,35,32,post,post_odor,True,-0.21453514695167542,0.31869152188301086,-0.9174574017524719
p447,process,,36,36,31,post,post_odor,True,-0.18595413863658905,0.7670002579689026,-0.9295015931129456
p447,process,,37,37,0,post,post_odor,True,-0.226276233792305,0.8751437664031982,-1.272454857826233
p447,process,,38,38,4,post,post_odor,True,0.24247340857982635,1.142244577407837,-0.8472105264663696
p447,process,,39,39,2,post,post_odor,True,-0.25363096594810486,0.5297918319702148,-1.0763025283813477
p447,process,,40,40,3,post,post_odor,True,0.1363086849451065,1.042575716972351,-0.8517851829528809
p447,process,,41,41,21,post,post_odor,True,0.21418367326259613,1.7372030019760132,-1.0277098417282104
p447,process,,42,42,31,post,post_odor,True,-0.07585911452770233,0.954880952835083,-0.9865140318870544
p447,process,,43,43,2,post,post_odor,True,-0.04412918910384178,0.4995068609714508,-0.9540116786956787
p447,process,,44,44,32,post,post_odor,True,-0.04382556676864624,0.7390215396881104,-0.9734945893287659
p447,process,,45,45,40,post,post_odor,True,-0.1383882761001587,0.5911657810211182,-0.9021162390708923
p447,process,,46,46,1,post,post_odor,True,0.4287824332714081,1.5655685663223267,-0.5273465514183044
p447,process,,47,47,0,post,post_odor,True,-0.44634687900543213,0.5142554640769958,-1.2392261028289795
p447,process,,48,48,22,post,post_odor,True,0.759388267993927,1.7567452192306519,-0.2512171268463135
p447,process,,49,49,10,post,post_odor,True,-0.14263807237148285,0.8378523588180542,-0.8426828980445862
p447,process,,50,50,1,post,post_odor,True,0.04640296474099159,1.023800015449524,-0.9093904495239258
p447,process,,51,51,30,post,post_odor,True,-0.151882141828537,0.9219358563423157,-0.8753881454467773
p447,process,,52,52,12,post,post_odor,True,0.28983360528945923,1.2644842863082886,-0.6102620363235474
p447,process,,53,53,3,post,post_odor,True,0.5262433886528015,1.6400355100631714,-0.516582190990448
p447,process,,54,54,21,post,post_odor,True,1.4676536321640015,2.890784502029419,-0.2950582206249237
p447,process,,55,55,22,post,post_odor,True,-0.010626223869621754,0.8961061239242554,-0.7698774337768555
p447,process,,56,56,18,post,post_odor,True,0.3853505849838257,1.5262963771820068,-0.6836604475975037
p447,process,,57,57,30,post,post_odor,True,0.3854585587978363,1.9284571409225464,-0.7293758392333984
p447,process,,58,58,17,post,post_odor,True,0.14787624776363373,1.4016540050506592,-0.9548497200012207
p447,process,,59,59,39,post,post_odor,True,0.15384627878665924,1.4398607015609741,-0.5636626482009888
p447,process,,60,60,39,post,post_odor,True,0.5840663313865662,1.4988517761230469,-0.3043476939201355
p447,process,,61,61,17,post,post_odor,True,0.3141934871673584,0.9089099168777466,-0.43760910630226135
p447,process,,62,62,4,post,post_odor,True,-0.12943395972251892,0.759670078754425,-0.7993561625480652
p469,process,,0,0,39,pre,post_odor,True,1.3246042728424072,4.139334201812744,-3.095273971557617
p469,process,,1,1,17,pre,post_odor,True,1.8262535333633423,5.6476664543151855,-0.8065966367721558
p469,process,,2,2,32,pre,post_odor,True,1.9244019985198975,6.1522393226623535,-0.8575570583343506
p469,process,,3,3,32,pre,post_odor,True,1.6831412315368652,5.505765914916992,-0.7318283915519714
p469,process,,4,4,30,pre,post_odor,True,0.6217121481895447,5.5764851570129395,-1.4938929080963135
p469,process,,5,5,40,pre,post_odor,True,1.6025426387786865,5.077616214752197,-3.224666118621826
p469,process,,6,6,3,pre,post_odor,True,3.3802294731140137,7.373175621032715,-0.5283862352371216
p469,process,,7,7,2,pre,post_odor,True,0.27491986751556396,2.7131221294403076,-1.499619483947754
p469,process,,8,8,1,pre,post_odor,True,0.2506379783153534,2.363816261291504,-3.388554096221924
p469,process,,9,9,4,pre,post_odor,True,1.6862893104553223,5.50664758682251,-1.1504826545715332
p469,process,,10,10,31,pre,post_odor,True,1.9539270401000977,5.088760852813721,-0.3727334141731262
p469,process,,11,11,21,pre,post_odor,True,-0.0714300274848938,2.3298678398132324,-3.104409694671631
p469,process,,12,12,2,pre,post_odor,True,0.5987436771392822,4.124344348907471,-3.0509469509124756
p469,process,,13,13,39,pre,post_odor,True,2.031212568283081,6.857692718505859,-2.0433638095855713
p469,process,,14,14,1,pre,post_odor,True,-0.17310230433940887,3.4320266246795654,-2.8604469299316406
p469,process,,15,15,12,pre,post_odor,True,1.8449939489364624,6.952273368835449,-1.4608701467514038
p469,process,,16,16,22,pre,post_odor,True,1.5212080478668213,8.170398712158203,-0.7723380327224731
p469,process,,17,17,10,pre,post_odor,True,1.7111499309539795,5.363575458526611,-1.3633464574813843
p469,process,,18,18,17,pre,post_odor,True,-0.38460302352905273,2.2338454723358154,-2.298468589782715
p469,process,,19,19,31,pre,post_odor,True,0.08798948675394058,2.3666114807128906,-2.0523252487182617
p469,process,,20,20,30,pre,post_odor,True,-0.3830200731754303,2.502331256866455,-2.06362247467041
p469,process,,21,21,12,pre,post_odor,True,-0.71961510181427,2.3729517459869385,-3.1461451053619385
p469,process,,22,22,22,pre,post_odor,True,0.12589024007320404,2.4510934352874756,-2.9119040966033936
p469,process,,23,23,4,pre,post_odor,True,-0.5331504940986633,2.8374531269073486,-3.003516912460327
p469,process,,24,24,0,pre,post_odor,True,3.0770368576049805,9.74839973449707,-1.867687702178955
p469,process,,25,25,3,pre,post_odor,True,0.6998578906059265,4.160824298858643,-1.799248456954956
p469,process,,26,26,40,pre,post_odor,True,2.3915319442749023,5.831539630889893,-0.8699798583984375
p469,process,,27,27,10,pre,post_odor,True,0.001745261950418353,2.3981821537017822,-1.7864996194839478
p469,process,,28,28,21,pre,post_odor,True,0.0429452583193779,3.030458927154541,-2.439014196395874
p469,process,,29,29,18,pre,post_odor,True,-0.16730229556560516,2.001343250274658,-1.9391242265701294
p469,process,,30,30,18,pre,post_odor,True,-0.565828800201416,2.0126140117645264,-2.4850354194641113
p469,process,,31,31,0,pre,post_odor,True,-0.002532056998461485,2.9785304069519043,-2.5249481201171875
p469,process,,32,32,12,post,post_odor,True,-0.08471338450908661,1.2156624794006348,-1.1620012521743774
p469,process,,33,33,18,post,post_odor,True,0.1646629422903061,1.4222131967544556,-0.910656750202179
p469,process,,34,34,40,post,post_odor,True,-0.0007166690193116665,1.3393311500549316,-0.8553764224052429
p469,process,,35,35,32,post,post_odor,True,-0.1993822455406189,1.0867904424667358,-1.3268518447875977
p469,process,,36,36,31,post,post_odor,True,0.05214483290910721,1.235580563545227,-0.6628884077072144
p469,process,,37,37,0,post,post_odor,True,-0.020524950698018074,1.5632251501083374,-1.3060284852981567
p469,process,,38,38,4,post,post_odor,True,-0.12159721553325653,0.8701916933059692,-0.8539480566978455
p469,process,,39,39,2,post,post_odor,True,-0.1600099802017212,1.2206590175628662,-1.1223562955856323
p469,process,,40,40,3,post,post_odor,True,0.017603879794478416,1.9987339973449707,-1.0158330202102661
p469,process,,41,41,21,post,post_odor,True,0.054965510964393616,1.782256841659546,-1.0872902870178223
p469,process,,42,42,31,post,post_odor,True,-0.05180602893233299,1.7352296113967896,-1.2590866088867188
p469,process,,43,43,2,post,post_odor,True,0.07425466179847717,1.451590657234192,-0.9598979353904724
p469,process,,44,44,32,post,post_odor,True,0.08125635981559753,1.3610137701034546,-1.1816375255584717
p469,process,,45,45,40,post,post_odor,True,-0.11874490976333618,0.81291264295578,-1.2402788400650024
p469,process,,46,46,1,post,post_odor,True,0.2830691635608673,1.6610510349273682,-1.1952332258224487
p469,process,,47,47,0,post,post_odor,True,-0.03571391850709915,1.304750919342041,-1.5361871719360352
p469,process,,48,48,22,post,post_odor,True,0.15403470396995544,1.6101268529891968,-0.9221391677856445
p469,process,,49,49,10,post,post_odor,True,0.0036769602447748184,1.481553316116333,-0.8911092877388
p469,process,,50,50,1,post,post_odor,True,-0.13954396545886993,1.195191740989685,-1.327122688293457
p469,process,,51,51,30,post,post_odor,True,-0.11473671346902847,0.9742909669876099,-1.293131709098816
p469,process,,52,52,12,post,post_odor,True,-0.009671194478869438,2.2195191383361816,-1.2093195915222168
p469,process,,53,53,3,post,post_odor,True,-0.008402432315051556,1.0581008195877075,-1.021165370941162
p469,process,,54,54,21,post,post_odor,True,0.29183441400527954,1.9973787069320679,-0.8103678226470947
p469,process,,55,55,22,post,post_odor,True,0.09333517402410507,1.3557078838348389,-1.158191442489624
p469,process,,56,56,18,post,post_odor,True,-0.07847785204648972,0.877769410610199,-0.8797269463539124
p469,process,,57,57,30,post,post_odor,True,0.08445294946432114,1.0285272598266602,-1.0559487342834473
p469,process,,58,58,17,post,post_odor,True,-0.021540207788348198,1.858747124671936,-0.9367824196815491
p469,process,,59,59,39,post,post_odor,True,0.05391446128487587,1.4834963083267212,-1.0534753799438477
p469,process,,60,60,39,post,post_odor,True,0.08333253860473633,1.3444054126739502,-0.9552662968635559
p469,process,,61,61,17,post,post_odor,True,0.2245180606842041,1.2999529838562012,-1.201690435409546
p469,process,,62,62,4,post,post_odor,True,0.011032882146537304,1.7541905641555786,-1.3018953800201416
p492,process,,0,0,39,pre,post_odor,True,0.18802571296691895,3.285480499267578,-3.179570198059082
p492,process,,1,1,17,pre,post_odor,True,-1.9224214553833008,2.4350967407226562,-5.769961833953857
p492,process,,2,2,32,pre,post_odor,True,0.8305850028991699,6.348269939422607,-1.3390319347381592
p492,process,,3,3,32,pre,post_odor,True,1.2907962799072266,6.2887163162231445,-1.8251374959945679
p492,process,,4,4,30,pre,post_odor,True,0.9533278346061707,6.241791725158691,-2.346893310546875
p492,process,,5,5,40,pre,post_odor,True,0.04424738883972168,4.349506855010986,-4.314743518829346
p492,process,,6,6,3,pre,post_odor,True,2.6670987606048584,6.974112033843994,-0.32760846614837646
p492,process,,7,7,2,pre,post_odor,True,2.0219192504882812,6.758072853088379,-1.055120587348938
p492,process,,8,8,1,pre,post_odor,True,0.1792600303888321,2.909374713897705,-2.1780295372009277
p492,process,,9,9,4,pre,post_odor,True,2.141566514968872,4.618013858795166,-0.8679510951042175
p492,process,,10,10,31,pre,post_odor,True,2.879641056060791,7.121496677398682,-0.5282599329948425
p492,process,,11,11,21,pre,post_odor,True,1.263307809829712,4.591477870941162,-0.9480162262916565
p492,process,,12,12,2,pre,post_odor,True,0.4854751229286194,3.990854263305664,-2.6908249855041504
p492,process,,13,13,39,pre,post_odor,True,0.8120923042297363,4.916182994842529,-1.323676347732544
p492,process,,14,14,1,pre,post_odor,True,1.202135682106018,3.65291166305542,-0.5431592464447021
p492,process,,15,15,12,pre,post_odor,True,2.0674870014190674,6.17019510269165,-1.97158682346344
p492,process,,16,16,22,pre,post_odor,True,2.5600221157073975,6.758944034576416,-0.9374116659164429
p492,process,,17,17,10,pre,post_odor,True,1.6560086011886597,4.58036994934082,-1.6017917394638062
p492,process,,18,18,17,pre,post_odor,True,1.1418466567993164,4.870523929595947,-1.6263281106948853
p492,process,,19,19,31,pre,post_odor,True,1.5255157947540283,8.634844779968262,-1.4426029920578003
p492,process,,20,20,30,pre,post_odor,True,1.752906322479248,6.881082057952881,-0.710443377494812
p492,process,,21,21,12,pre,post_odor,True,0.42271918058395386,2.313987970352173,-1.015864610671997
p492,process,,22,22,22,pre,post_odor,True,0.42874807119369507,2.7920727729797363,-1.1870088577270508
p492,process,,23,23,4,pre,post_odor,True,0.07069481909275055,3.4464797973632812,-1.8859450817108154
p492,process,,24,24,0,pre,post_odor,True,1.0136936902999878,6.104091167449951,-2.555525779724121
p492,process,,25,25,3,pre,post_odor,True,0.37876564264297485,3.513383388519287,-2.423482894897461
p492,process,,26,26,40,pre,post_odor,True,1.0451626777648926,4.2914814949035645,-2.23311710357666
p492,process,,27,27,10,pre,post_odor,True,-0.5364263653755188,2.3630211353302,-3.636688709259033
p492,process,,28,28,21,pre,post_odor,True,1.5389041900634766,5.356698989868164,-1.3130853176116943
p492,process,,29,29,18,pre,post_odor,True,0.5003259778022766,2.7214412689208984,-1.216192364692688
p492,process,,30,30,18,pre,post_odor,True,-0.7478675246238708,2.182692527770996,-2.668968439102173
p492,process,,31,31,0,pre,post_odor,True,1.0278682708740234,6.22790002822876,-1.9408808946609497
p492,process,,32,32,12,post,post_odor,True,0.2611946761608124,1.6425490379333496,-0.838524580001831
p492,process,,33,33,18,post,post_odor,True,0.16176089644432068,1.0902668237686157,-0.7839743494987488
p492,process,,34,34,40,post,post_odor,True,0.004441799130290747,1.7887098789215088,-1.1884541511535645
p492,process,,35,35,32,post,post_odor,True,-0.06902740150690079,2.0756754875183105,-1.0216280221939087
p492,process,,36,36,31,post,post_odor,True,-0.03865284100174904,1.6823899745941162,-1.0894025564193726
p492,process,,37,37,0,post,post_odor,True,-0.022324103862047195,1.7547937631607056,-1.038870096206665
p492,process,,38,38,4,post,post_odor,True,0.007177401799708605,1.0925750732421875,-0.9462848901748657
p492,process,,39,39,2,post,post_odor,True,0.09761252254247665,1.2035081386566162,-1.1425666809082031
p492,process,,40,40,3,post,post_odor,True,0.04189557582139969,1.557855486869812,-0.8792406320571899
p492,process,,41,41,21,post,post_odor,True,0.4204344153404236,1.9687323570251465,-0.8868137001991272
p492,process,,42,42,31,post,post_odor,True,0.18957814574241638,1.754064917564392,-0.8289378881454468
p492,process,,43,43,2,post,post_odor,True,-0.026520859450101852,1.3095699548721313,-1.0599009990692139
p492,process,,44,44,32,post,post_odor,True,-0.0416499488055706,0.9097652435302734,-1.0075879096984863
p492,process,,45,45,40,post,post_odor,True,-0.06197375804185867,0.9353194832801819,-1.0928322076797485
p492,process,,46,46,1,post,post_odor,True,-0.026694346219301224,1.364953875541687,-0.8578898310661316
p492,process,,47,47,0,post,post_odor,True,-0.1447107344865799,1.253484845161438,-1.08558988571167
p492,process,,48,48,22,post,post_odor,True,0.11142685264348984,1.2907304763793945,-0.9899243116378784
p492,process,,49,49,10,post,post_odor,True,0.24403439462184906,1.6153743267059326,-0.8356272578239441
p492,process,,50,50,1,post,post_odor,True,-0.014294309541583061,1.5694255828857422,-0.7658277153968811
p492,process,,51,51,30,post,post_odor,True,0.19763484597206116,2.029799222946167,-0.8942080736160278
p492,process,,52,52,12,post,post_odor,True,0.2300492525100708,1.3870972394943237,-0.8696197867393494
p492,process,,53,53,3,post,post_odor,True,0.08150684088468552,1.3287516832351685,-0.8840385675430298
p492,process,,54,54,21,post,post_odor,True,0.43415817618370056,1.9811127185821533,-0.6162627339363098
p492,process,,55,55,22,post,post_odor,True,0.015275786630809307,1.3167576789855957,-1.1187657117843628
p492,process,,56,56,18,post,post_odor,True,0.14943651854991913,1.6108824014663696,-0.9190855622291565
p492,process,,57,57,30,post,post_odor,True,-0.037791475653648376,1.090767502784729,-1.0550380945205688
p492,process,,58,58,17,post,post_odor,True,0.06960193067789078,1.4861700534820557,-0.6303064823150635
p492,process,,59,59,39,post,post_odor,True,-0.14025092124938965,1.2903335094451904,-0.9600036144256592
p492,process,,60,60,39,post,post_odor,True,0.008479614742100239,1.2236981391906738,-1.0818785429000854
p492,process,,61,61,17,post,post_odor,True,0.02044433169066906,1.555673599243164,-1.2163740396499634
p492,process,,62,62,4,post,post_odor,True,-0.041965991258621216,1.4193822145462036,-0.8225745558738708
p514,process,,0,0,39,pre,post_odor,True,4.99389123916626,8.681272506713867,1.847002625465393
p514,process,,1,1,17,pre,post_odor,True,3.237823724746704,6.528518199920654,-0.7226771116256714
p514,process,,2,2,32,pre,post_odor,True,3.882887363433838,11.055655479431152,0.2357330471277237
p514,process,,3,3,32,pre,post_odor,True,3.3250794410705566,8.782814025878906,-0.7566467523574829
p514,process,,4,4,30,pre,post_odor,True,0.5412055850028992,4.2615065574646,-2.5931568145751953
p514,process,,5,5,40,pre,post_odor,True,-1.5936198234558105,1.2086929082870483,-4.095090389251709
p514,process,,6,6,3,pre,post_odor,True,2.619476079940796,9.907551765441895,-0.6334919333457947
p514,process,,7,7,2,pre,post_odor,True,1.099959373474121,4.545637607574463,-2.714146137237549
p514,process,,8,8,1,pre,post_odor,True,-0.5592066645622253,2.5458710193634033,-2.3429830074310303
p514,process,,9,9,4,pre,post_odor,True,0.04980405047535896,3.695589542388916,-3.201718807220459
p514,process,,10,10,31,pre,post_odor,True,3.8044142723083496,9.174017906188965,-1.0527831315994263
p514,process,,11,11,21,pre,post_odor,True,1.266196846961975,7.510598659515381,-4.432286262512207
p514,process,,12,12,2,pre,post_odor,True,0.7794302105903625,5.97084379196167,-2.9676811695098877
p514,process,,13,13,39,pre,post_odor,True,-0.31028038263320923,2.7130794525146484,-2.5963878631591797
p514,process,,14,14,1,pre,post_odor,True,2.7306292057037354,6.645160675048828,-1.3255854845046997
p514,process,,15,15,12,pre,post_odor,True,0.7258374691009521,5.89185094833374,-2.9124789237976074
p514,process,,16,16,22,pre,post_odor,True,3.3391473293304443,8.57308292388916,-0.9824637770652771
p514,process,,17,17,10,pre,post_odor,True,-0.34993672370910645,2.328580141067505,-3.471933126449585
p514,process,,18,18,17,pre,post_odor,True,1.555150032043457,4.388174533843994,-2.4844889640808105
p514,process,,19,19,31,pre,post_odor,True,2.899036169052124,5.572676181793213,-0.5529203414916992
p514,process,,20,20,30,pre,post_odor,True,-1.7563852071762085,1.501685380935669,-4.886941909790039
p514,process,,21,21,12,pre,post_odor,True,1.0134354829788208,5.687899589538574,-1.8380751609802246
p514,process,,22,22,22,pre,post_odor,True,2.19789981842041,6.2699384689331055,-1.8009793758392334
p514,process,,23,23,4,pre,post_odor,True,0.11367610096931458,2.6246023178100586,-2.444946527481079
p514,process,,24,24,0,pre,post_odor,True,-0.8910707235336304,2.35489559173584,-4.073126792907715
p514,process,,25,25,3,pre,post_odor,True,2.279642105102539,6.927253246307373,-2.567617654800415
p514,process,,26,26,40,pre,post_odor,True,-2.1851558685302734,2.2163217067718506,-5.7951860427856445
p514,process,,27,27,10,pre,post_odor,True,-0.40231582522392273,3.0711803436279297,-3.6386821269989014
p514,process,,28,28,21,pre,post_odor,True,1.6341991424560547,6.479109287261963,-2.4235877990722656
p514,process,,29,29,18,pre,post_odor,True,-0.212564617395401,3.5754551887512207,-2.7098350524902344
p514,process,,30,30,18,pre,post_odor,True,0.5253669619560242,2.3529796600341797,-2.5293056964874268
p514,process,,31,31,0,pre,post_odor,True,-0.201226606965065,2.124459981918335,-3.488680362701416
p514,process,,32,32,12,post,post_odor,True,0.07550203800201416,1.4898803234100342,-1.0408895015716553
p514,process,,33,33,18,post,post_odor,True,0.5438604950904846,1.7788801193237305,-0.533595621585846
p514,process,,34,34,40,post,post_odor,True,-0.16750775277614594,1.295008897781372,-1.4041192531585693
p514,process,,35,35,32,post,post_odor,True,0.23798203468322754,1.8586506843566895,-0.9500038623809814
p514,process,,36,36,31,post,post_odor,True,0.37172746658325195,1.4966862201690674,-0.39281731843948364
p514,process,,37,37,0,post,post_odor,True,-0.26184743642807007,1.0432766675949097,-1.30094575881958
p514,process,,38,38,4,post,post_odor,True,0.10719302296638489,1.6923949718475342,-1.0204066038131714
p514,process,,39,39,2,post,post_odor,True,0.21352635324001312,1.511966586112976,-0.9571288824081421
p514,process,,40,40,3,post,post_odor,True,0.006544861011207104,1.2234853506088257,-1.0703892707824707
p514,process,,41,41,21,post,post_odor,True,1.1619160175323486,2.894899606704712,-0.8016536831855774
p514,process,,42,42,31,post,post_odor,True,0.041109733283519745,1.7962639331817627,-0.9666355848312378
p514,process,,43,43,2,post,post_odor,True,0.05166886746883392,1.44728684425354,-1.0303826332092285
p514,process,,44,44,32,post,post_odor,True,0.2788005471229553,1.3168765306472778,-0.45888641476631165
p514,process,,45,45,40,post,post_odor,True,0.08547397702932358,1.1601402759552002,-1.008646011352539
p514,process,,46,46,1,post,post_odor,True,-0.027038434520363808,1.149049997329712,-0.756515383720398
p514,process,,47,47,0,post,post_odor,True,-0.039240505546331406,1.4976792335510254,-0.9434454441070557
p514,process,,48,48,22,post,post_odor,True,0.1570746898651123,1.6835652589797974,-0.6761687397956848
p514,process,,49,49,10,post,post_odor,True,0.0913262665271759,1.0793737173080444,-0.9832865595817566
p514,process,,50,50,1,post,post_odor,True,0.08507265150547028,1.0250273942947388,-0.7482277750968933
p514,process,,51,51,30,post,post_odor,True,0.14322562515735626,1.4938936233520508,-0.91147780418396
p514,process,,52,52,12,post,post_odor,True,0.1254676729440689,1.5687237977981567,-0.8964624404907227
p514,process,,53,53,3,post,post_odor,True,0.03858004882931709,1.0680488348007202,-0.747636616230011
p514,process,,54,54,21,post,post_odor,True,0.7484366297721863,2.5593340396881104,-0.4882100522518158
p514,process,,55,55,22,post,post_odor,True,0.07175394147634506,0.9997349381446838,-1.1449096202850342
p514,process,,56,56,18,post,post_odor,True,0.15036658942699432,1.3849995136260986,-0.6573867201805115
p514,process,,57,57,30,post,post_odor,True,0.165832057595253,1.2113796472549438,-0.8127910494804382
p514,process,,58,58,17,post,post_odor,True,0.05981014668941498,1.2664345502853394,-1.1342417001724243
p514,process,,59,59,39,post,post_odor,True,-0.057192396372556686,0.795561671257019,-0.5140263438224792
p514,process,,60,60,39,post,post_odor,True,0.12262572348117828,1.1174027919769287,-0.7016450762748718
p514,process,,61,61,17,post,post_odor,True,-0.059947025030851364,0.6222689151763916,-0.8806727528572083
p514,process,,62,62,4,post,post_odor,True,-0.05212614685297012,0.8444628715515137,-0.5289672613143921
p536,process,,0,0,39,pre,post_odor,True,1.3596508502960205,4.99711275100708,-0.7028288841247559
p536,process,,1,1,17,pre,post_odor,True,1.3196686506271362,4.146841526031494,-0.8347471952438354
p536,process,,2,2,32,pre,post_odor,True,4.029010772705078,6.839357376098633,0.6372530460357666
p536,process,,3,3,32,pre,post_odor,True,3.5946130752563477,6.972732067108154,-0.4071387052536011
p536,process,,4,4,30,pre,post_odor,True,2.0071778297424316,4.644522190093994,-1.282087802886963
p536,process,,5,5,40,pre,post_odor,True,1.1663283109664917,4.3572611808776855,-3.549924612045288
p536,process,,6,6,3,pre,post_odor,True,2.943002939224243,6.273443222045898,-0.010042495094239712
p536,process,,7,7,2,pre,post_odor,True,2.6878771781921387,6.4565277099609375,-1.401169776916504
p536,process,,8,8,1,pre,post_odor,True,0.37916356325149536,3.2794365882873535,-2.1154184341430664
p536,process,,9,9,4,pre,post_odor,True,1.477372407913208,5.077418327331543,-0.8773749470710754
p536,process,,10,10,31,pre,post_odor,True,2.368656873703003,5.681796550750732,-2.3501431941986084
p536,process,,11,11,21,pre,post_odor,True,1.102626085281372,3.3105061054229736,-2.130892038345337
p536,process,,12,12,2,pre,post_odor,True,0.6809337735176086,4.319084644317627,-2.3433430194854736
p536,process,,13,13,39,pre,post_odor,True,2.0377674102783203,4.956714153289795,-1.1763781309127808
p536,process,,14,14,1,pre,post_odor,True,1.7968991994857788,5.703559875488281,-1.9572837352752686
p536,process,,15,15,12,pre,post_odor,True,1.085976004600525,5.18577241897583,-3.6277825832366943
p536,process,,16,16,22,pre,post_odor,True,3.191621780395508,6.415533542633057,0.13432732224464417
p536,process,,17,17,10,pre,post_odor,True,0.40228092670440674,6.633047580718994,-3.311525821685791
p536,process,,18,18,17,pre,post_odor,True,2.481884717941284,4.493620872497559,0.06505007296800613
p536,process,,19,19,31,pre,post_odor,True,0.1609882414340973,5.355778217315674,-2.447887659072876
p536,process,,20,20,30,pre,post_odor,True,-0.08637067675590515,2.6308999061584473,-2.00423526763916
p536,process,,21,21,12,pre,post_odor,True,0.050652723759412766,3.1478140354156494,-2.3246281147003174
p536,process,,22,22,22,pre,post_odor,True,0.4018326997756958,2.8955700397491455,-2.451035976409912
p536,process,,23,23,4,pre,post_odor,True,-0.26166650652885437,2.9788832664489746,-2.343343734741211
p536,process,,24,24,0,pre,post_odor,True,0.5991519689559937,5.513505458831787,-2.884887456893921
p536,process,,25,25,3,pre,post_odor,True,0.4929753839969635,4.445496082305908,-2.381991147994995
p536,process,,26,26,40,pre,post_odor,True,2.703838586807251,6.259010314941406,-1.116965651512146
p536,process,,27,27,10,pre,post_odor,True,-0.47347214818000793,2.229011058807373,-2.6774134635925293
p536,process,,28,28,21,pre,post_odor,True,2.23866605758667,4.7232513427734375,-0.5397989749908447
p536,process,,29,29,18,pre,post_odor,True,0.7441529631614685,4.244843006134033,-2.8580644130706787
p536,process,,30,30,18,pre,post_odor,True,-0.46876534819602966,2.896333694458008,-3.190983533859253
p536,process,,31,31,0,pre,post_odor,True,1.0541467666625977,5.379446506500244,-2.638490915298462
p536,process,,32,32,12,post,post_odor,True,0.19950827956199646,1.1120485067367554,-0.4620514214038849
p536,process,,33,33,18,post,post_odor,True,0.08715969324111938,1.1193227767944336,-0.6534115076065063
p536,process,,34,34,40,post,post_odor,True,0.03712435066699982,0.8956122398376465,-0.7689993381500244
p536,process,,35,35,32,post,post_odor,True,-0.020281335338950157,0.8548165559768677,-0.8434997797012329
p536,process,,36,36,31,post,post_odor,True,0.00024269243294838816,1.0417869091033936,-0.8310997486114502
p536,process,,37,37,0,post,post_odor,True,-0.08287201821804047,0.8878421783447266,-0.9072606563568115
p536,process,,38,38,4,post,post_odor,True,-0.18256187438964844,1.006067156791687,-0.9972686767578125
p536,process,,39,39,2,post,post_odor,True,-0.002782663330435753,0.8378013372421265,-0.8857859969139099
p536,process,,40,40,3,post,post_odor,True,0.10873184353113174,1.5997567176818848,-0.6430105566978455
p536,process,,41,41,21,post,post_odor,True,0.16084705293178558,1.3977090120315552,-0.5813646912574768
p536,process,,42,42,31,post,post_odor,True,0.006156133487820625,1.253602385520935,-1.0224648714065552
p536,process,,43,43,2,post,post_odor,True,-0.16518211364746094,1.004869818687439,-1.0352681875228882
p536,process,,44,44,32,post,post_odor,True,0.0671880915760994,1.0021450519561768,-0.7404346466064453
p536,process,,45,45,40,post,post_odor,True,0.08804131299257278,1.3039518594741821,-0.9628501534461975
p536,process,,46,46,1,post,post_odor,True,0.023319914937019348,1.5025235414505005,-0.9641015529632568
p536,process,,47,47,0,post,post_odor,True,-0.09877811372280121,1.571789264678955,-0.982607364654541
p536,process,,48,48,22,post,post_odor,True,0.1399780809879303,1.286843180656433,-0.7665168642997742
p536,process,,49,49,10,post,post_odor,True,0.15247796475887299,1.1119023561477661,-0.6891290545463562
p536,process,,50,50,1,post,post_odor,True,0.0007115196203812957,0.9609164595603943,-1.005358099937439
p536,process,,51,51,30,post,post_odor,True,0.006715187802910805,0.9435161352157593,-0.868493378162384
p536,process,,52,52,12,post,post_odor,True,0.21465109288692474,1.103399395942688,-0.6886558532714844
p536,process,,53,53,3,post,post_odor,True,0.12201613932847977,1.133139729499817,-0.8193733096122742
p536,process,,54,54,21,post,post_odor,True,0.30863991379737854,1.2889740467071533,-0.6992549896240234
p536,process,,55,55,22,post,post_odor,True,0.03924824669957161,0.9482070803642273,-0.7039463520050049
p536,process,,56,56,18,post,post_odor,True,0.09859223663806915,1.218516230583191,-0.6034956574440002
p536,process,,57,57,30,post,post_odor,True,0.07079008966684341,1.1681145429611206,-0.8780398368835449
p536,process,,58,58,17,post,post_odor,True,-0.18325239419937134,1.312220573425293,-1.129621982574463
p536,process,,59,59,39,post,post_odor,True,0.1445712149143219,1.1425807476043701,-0.6131090521812439
p536,process,,60,60,39,post,post_odor,True,0.3018471598625183,1.5594160556793213,-0.9834368824958801
p536,process,,61,61,17,post,post_odor,True,0.1789243370294571,1.4049102067947388,-0.6444735527038574
p536,process,,62,62,4,post,post_odor,True,-0.15166032314300537,0.8352214694023132,-0.7872525453567505
p558,process,,0,0,39,pre,post_odor,True,0.9147726893424988,6.590427875518799,-2.365997314453125
p558,process,,1,1,17,pre,post_odor,True,0.2668686509132385,3.7192506790161133,-2.915587902069092
p558,process,,2,2,32,pre,post_odor,True,1.7661031484603882,4.197208404541016,-1.6097514629364014
p558,process,,3,3,32,pre,post_odor,True,1.6540619134902954,4.9094953536987305,-0.6604512929916382
p558,process,,4,4,30,pre,post_odor,True,0.7490461468696594,4.999446392059326,-2.8919484615325928
p558,process,,5,5,40,pre,post_odor,True,0.5065211057662964,3.7087981700897217,-3.377281665802002
p558,process,,6,6,3,pre,post_odor,True,2.2563388347625732,6.059450626373291,-0.45859968662261963
p558,process,,7,7,2,pre,post_odor,True,2.5782766342163086,7.191991806030273,-1.9026705026626587
p558,process,,8,8,1,pre,post_odor,True,-0.40620067715644836,3.337057590484619,-3.026041030883789
p558,process,,9,9,4,pre,post_odor,True,2.3787286281585693,6.022185802459717,-0.6545050144195557
p558,process,,10,10,31,pre,post_odor,True,1.5546892881393433,4.579856872558594,-1.3552082777023315
p558,process,,11,11,21,pre,post_odor,True,0.6333577632904053,3.801321506500244,-3.4191532135009766
p558,process,,12,12,2,pre,post_odor,True,0.3639453053474426,5.415424823760986,-4.315069198608398
p558,process,,13,13,39,pre,post_odor,True,1.8798595666885376,6.005541801452637,-1.2006278038024902
p558,process,,14,14,1,pre,post_odor,True,0.8514665961265564,4.141696929931641,-1.9205092191696167
p558,process,,15,15,12,pre,post_odor,True,1.2787699699401855,4.773208141326904,-1.9467029571533203
p558,process,,16,16,22,pre,post_odor,True,1.8868119716644287,4.513793468475342,-0.6845810413360596
p558,process,,17,17,10,pre,post_odor,True,0.6682724356651306,3.85512638092041,-1.8030060529708862
p558,process,,18,18,17,pre,post_odor,True,1.766021728515625,4.469382286071777,-0.5803138613700867
p558,process,,19,19,31,pre,post_odor,True,-0.11381270736455917,3.4339661598205566,-2.295316696166992
p558,process,,20,20,30,pre,post_odor,True,0.08230341225862503,3.1143078804016113,-1.6987688541412354
p558,process,,21,21,12,pre,post_odor,True,-0.4010242819786072,3.460224151611328,-2.623032331466675
p558,process,,22,22,22,pre,post_odor,True,0.6439056992530823,4.4760918617248535,-2.0652215480804443
p558,process,,23,23,4,pre,post_odor,True,-0.4985639452934265,3.590878963470459,-2.930511236190796
p558,process,,24,24,0,pre,post_odor,True,-0.028012532740831375,3.858485221862793,-4.082163333892822
p558,process,,25,25,3,pre,post_odor,True,0.3484817445278168,4.1423234939575195,-2.0115294456481934
p558,process,,26,26,40,pre,post_odor,True,1.7724791765213013,5.246677398681641,-1.3697211742401123
p558,process,,27,27,10,pre,post_odor,True,-1.0267897844314575,2.0622525215148926,-3.881645917892456
p558,process,,28,28,21,pre,post_odor,True,1.845348834991455,6.321979522705078,-1.668636441230774
p558,process,,29,29,18,pre,post_odor,True,1.1280356645584106,6.2588396072387695,-1.75872802734375
p558,process,,30,30,18,pre,post_odor,True,-0.3797874450683594,3.6890110969543457,-3.2752599716186523
p558,process,,31,31,0,pre,post_odor,True,0.5679680109024048,4.754204273223877,-2.0447566509246826
p558,process,,32,32,12,post,post_odor,True,0.252770334482193,1.8619927167892456,-0.6735778450965881
p558,process,,33,33,18,post,post_odor,True,-0.01812909170985222,1.0706416368484497,-1.1141419410705566
p558,process,,34,34,40,post,post_odor,True,0.17884205281734467,2.0720391273498535,-0.8872436285018921
p558,process,,35,35,32,post,post_odor,True,-0.062326814979314804,1.1616032123565674,-1.0696375370025635
p558,process,,36,36,31,post,post_odor,True,0.10793545842170715,1.5657068490982056,-0.7524094581604004
p558,process,,37,37,0,post,post_odor,True,0.20755289494991302,1.6075992584228516,-1.0099059343338013
p558,process,,38,38,4,post,post_odor,True,0.016046788543462753,1.3411608934402466,-1.0898703336715698
p558,process,,39,39,2,post,post_odor,True,0.026000428944826126,1.331060528755188,-1.0702210664749146
p558,process,,40,40,3,post,post_odor,True,0.05867525190114975,1.0968679189682007,-0.9921403527259827
p558,process,,41,41,21,post,post_odor,True,0.0002552814257796854,1.3671010732650757,-0.7524930238723755
p558,process,,42,42,31,post,post_odor,True,-0.0015532947145402431,1.2959321737289429,-1.1144428253173828
p558,process,,43,43,2,post,post_odor,True,0.14106200635433197,2.06693172454834,-1.1268672943115234
p558,process,,44,44,32,post,post_odor,True,0.050386056303977966,1.7627124786376953,-0.7782233953475952
p558,process,,45,45,40,post,post_odor,True,-0.00138383312150836,1.2367918491363525,-1.220039963722229
p558,process,,46,46,1,post,post_odor,True,0.028705386444926262,1.4547137022018433,-0.9986569881439209
p558,process,,47,47,0,post,post_odor,True,0.1332293450832367,2.05729603767395,-1.191205620765686
p558,process,,48,48,22,post,post_odor,True,-0.304043710231781,0.6602159738540649,-1.4076546430587769
p558,process,,49,49,10,post,post_odor,True,-0.0326516218483448,1.1978230476379395,-1.0630029439926147
p558,process,,50,50,1,post,post_odor,True,0.05426081642508507,1.2852903604507446,-0.8568655848503113
p558,process,,51,51,30,post,post_odor,True,-0.192400723695755,1.21001398563385,-1.5192068815231323
p558,process,,52,52,12,post,post_odor,True,-0.14417436718940735,1.0035122632980347,-0.8380065560340881
p558,process,,53,53,3,post,post_odor,True,0.08076080679893494,1.3742032051086426,-1.021164059638977
p558,process,,54,54,21,post,post_odor,True,0.18392829596996307,1.4591495990753174,-0.8853989839553833
p558,process,,55,55,22,post,post_odor,True,0.14464658498764038,1.7678896188735962,-1.2350640296936035
p558,process,,56,56,18,post,post_odor,True,0.03708036243915558,1.5101794004440308,-0.8926925659179688
p558,process,,57,57,30,post,post_odor,True,-0.0032525553833693266,1.7520537376403809,-1.1970690488815308
p558,process,,58,58,17,post,post_odor,True,-0.03837601840496063,1.5251874923706055,-1.3418536186218262
p558,process,,59,59,39,post,post_odor,True,0.06454956531524658,1.417014718055725,-0.839398205280304
p558,process,,60,60,39,post,post_odor,True,-0.03128939867019653,1.228365421295166,-1.059763789176941
p558,process,,61,61,17,post,post_odor,True,0.0645126923918724,1.2437905073165894,-1.1642570495605469
p558,process,,62,62,4,post,post_odor,True,-0.006934677716344595,1.3452125787734985,-0.9381461143493652
p581,process,,0,0,39,pre,post_odor,True,3.878599166870117,11.371134757995605,-1.7944616079330444
p581,process,,1,1,17,pre,post_odor,True,1.7232120037078857,7.725069999694824,-2.437602996826172
p581,process,,2,2,32,pre,post_odor,True,4.102570056915283,13.2367582321167,-1.6847461462020874
p581,process,,3,3,32,pre,post_odor,True,4.838846683502197,13.080304145812988,0.08922046422958374
p581,process,,4,4,30,pre,post_odor,True,1.8460378646850586,10.162751197814941,-3.1803572177886963
p581,process,,5,5,40,pre,post_odor,True,1.0338438749313354,7.215452194213867,-2.9605190753936768
p581,process,,6,6,3,pre,post_odor,True,3.2464585304260254,11.10826587677002,-1.2042959928512573
p581,process,,7,7,2,pre,post_odor,True,3.3396079540252686,9.396530151367188,-1.9641919136047363
p581,process,,8,8,1,pre,post_odor,True,-0.41595458984375,3.7523488998413086,-2.968857765197754
p581,process,,9,9,4,pre,post_odor,True,0.6541917324066162,4.063467025756836,-2.7503085136413574
p581,process,,10,10,31,pre,post_odor,True,4.819328308105469,11.91545295715332,0.18557962775230408
p581,process,,11,11,21,pre,post_odor,True,2.2404141426086426,8.259395599365234,-0.6991358399391174
p581,process,,12,12,2,pre,post_odor,True,0.31618568301200867,3.475395441055298,-2.477701425552368
p581,process,,13,13,39,pre,post_odor,True,0.519479513168335,3.4049625396728516,-2.764054298400879
p581,process,,14,14,1,pre,post_odor,True,1.5614261627197266,6.634676456451416,-1.789620041847229
p581,process,,15,15,12,pre,post_odor,True,1.6394211053848267,6.661729335784912,-1.9124197959899902
p581,process,,16,16,22,pre,post_odor,True,3.495508909225464,11.116573333740234,-0.4417899549007416
p581,process,,17,17,10,pre,post_odor,True,-0.02301282435655594,2.239494800567627,-2.595000743865967
p581,process,,18,18,17,pre,post_odor,True,1.3378243446350098,3.962585926055908,-1.0011881589889526
p581,process,,19,19,31,pre,post_odor,True,2.95593523979187,9.142085075378418,-0.7040669918060303
p581,process,,20,20,30,pre,post_odor,True,0.20752626657485962,1.8586814403533936,-1.7258775234222412
p581,process,,21,21,12,pre,post_odor,True,0.7564595341682434,4.0089030265808105,-1.827764630317688
p581,process,,22,22,22,pre,post_odor,True,1.592862844467163,7.323550701141357,-1.1929787397384644
p581,process,,23,23,4,pre,post_odor,True,-0.31188708543777466,2.101652145385742,-2.3127222061157227
p581,process,,24,24,0,pre,post_odor,True,-0.40443092584609985,2.5073721408843994,-2.782982349395752
p581,process,,25,25,3,pre,post_odor,True,1.3987680673599243,5.110175609588623,-0.7227500081062317
p581,process,,26,26,40,pre,post_odor,True,0.745209276676178,3.038133144378662,-2.0541045665740967
p581,process,,27,27,10,pre,post_odor,True,-0.4216145873069763,1.7969839572906494,-2.9016551971435547
p581,process,,28,28,21,pre,post_odor,True,1.7595123052597046,5.850164413452148,-2.225487470626831
p581,process,,29,29,18,pre,post_odor,True,0.5453457236289978,3.0011672973632812,-0.7865396738052368
p581,process,,30,30,18,pre,post_odor,True,0.4124159812927246,3.222533941268921,-1.6863434314727783
p581,process,,31,31,0,pre,post_odor,True,0.09882093220949173,2.588554859161377,-1.5801713466644287
p581,process,,32,32,12,post,post_odor,True,-0.05420979484915733,1.6530892848968506,-1.0704792737960815
p581,process,,33,33,18,post,post_odor,True,0.16081392765045166,2.130185604095459,-1.220655918121338
p581,process,,34,34,40,post,post_odor,True,0.10328909009695053,1.599913239479065,-1.0711885690689087
p581,process,,35,35,32,post,post_odor,True,0.15047234296798706,1.508788824081421,-0.9539952278137207
p581,process,,36,36,31,post,post_odor,True,0.19545356929302216,1.6406437158584595,-1.2020018100738525
p581,process,,37,37,0,post,post_odor,True,-0.1095220074057579,1.1200796365737915,-1.21524977684021
p581,process,,38,38,4,post,post_odor,True,-0.06961198151111603,1.5966143608093262,-0.9575163125991821
p581,process,,39,39,2,post,post_odor,True,-0.03453416749835014,1.3450461626052856,-1.2612993717193604
p581,process,,40,40,3,post,post_odor,True,-0.09995976835489273,1.0546553134918213,-1.0715465545654297
p581,process,,41,41,21,post,post_odor,True,1.0374174118041992,3.4523255825042725,-0.8192439079284668
p581,process,,42,42,31,post,post_odor,True,0.11034128069877625,1.0214110612869263,-0.8737255930900574
p581,process,,43,43,2,post,post_odor,True,0.05854811891913414,2.798541307449341,-0.8398913741111755
p581,process,,44,44,32,post,post_odor,True,0.17714859545230865,1.9800283908843994,-1.0146527290344238
p581,process,,45,45,40,post,post_odor,True,0.07700618356466293,1.516940951347351,-0.9122201800346375
p581,process,,46,46,1,post,post_odor,True,0.09092991054058075,1.4919286966323853,-0.9483014345169067
p581,process,,47,47,0,post,post_odor,True,-0.028159786015748978,1.4383684396743774,-1.2208747863769531
p581,process,,48,48,22,post,post_odor,True,0.13931602239608765,2.391709327697754,-1.126941204071045
p581,process,,49,49,10,post,post_odor,True,0.039657171815633774,1.6538985967636108,-0.8994288444519043
p581,process,,50,50,1,post,post_odor,True,0.029369639232754707,1.342185139656067,-0.9618951678276062
p581,process,,51,51,30,post,post_odor,True,0.06928147375583649,1.178706407546997,-0.9985141158103943
p581,process,,52,52,12,post,post_odor,True,0.14568422734737396,2.1461284160614014,-0.980546236038208
p581,process,,53,53,3,post,post_odor,True,0.13153843581676483,1.8572957515716553,-1.1635456085205078
p581,process,,54,54,21,post,post_odor,True,0.5374723076820374,2.5731332302093506,-0.7851165533065796
p581,process,,55,55,22,post,post_odor,True,0.10085967928171158,1.8963885307312012,-1.0728346109390259
p581,process,,56,56,18,post,post_odor,True,0.18043451011180878,1.4192432165145874,-0.7844079732894897
p581,process,,57,57,30,post,post_odor,True,0.08062990754842758,1.4827991724014282,-1.0826884508132935
p581,process,,58,58,17,post,post_odor,True,0.04924653843045235,1.9916819334030151,-0.9279243350028992
p581,process,,59,59,39,post,post_odor,True,0.05919588729739189,1.648300290107727,-1.159311056137085
p581,process,,60,60,39,post,post_odor,True,0.08978091925382614,1.1289619207382202,-0.6645789742469788
p581,process,,61,61,17,post,post_odor,True,0.15552426874637604,1.2235348224639893,-0.9198917150497437
p581,process,,62,62,4,post,post_odor,True,0.05431506037712097,0.8529585003852844,-0.6268374919891357
p603,process,,0,0,39,pre,post_odor,True,1.0895991325378418,4.393746376037598,-1.8956135511398315
p603,process,,1,1,17,pre,post_odor,True,0.35743096470832825,3.8624727725982666,-1.5938606262207031
p603,process,,2,2,32,pre,post_odor,True,1.5140300989151,4.570053577423096,-1.784474492073059
p603,process,,3,3,32,pre,post_odor,True,0.03686179965734482,4.21077823638916,-3.264564275741577
p603,process,,4,4,30,pre,post_odor,True,0.3826647996902466,3.432243824005127,-2.7012839317321777
p603,process,,5,5,40,pre,post_odor,True,0.46865883469581604,3.530813694000244,-3.1308810710906982
p603,process,,6,6,3,pre,post_odor,True,0.948606014251709,3.3516621589660645,-0.7741873264312744
p603,process,,7,7,2,pre,post_odor,True,0.9758409261703491,4.292998790740967,-2.0695078372955322
p603,process,,8,8,1,pre,post_odor,True,0.2898969352245331,4.271401882171631,-2.0339834690093994
p603,process,,9,9,4,pre,post_odor,True,0.8660556077957153,4.203517913818359,-1.8724852800369263
p603,process,,10,10,31,pre,post_odor,True,0.6613209843635559,3.4362893104553223,-2.783912420272827
p603,process,,11,11,21,pre,post_odor,True,-0.24121920764446259,2.2062602043151855,-3.0931875705718994
p603,process,,12,12,2,pre,post_odor,True,0.10384754091501236,1.914361596107483,-2.441126823425293
p603,process,,13,13,39,pre,post_odor,True,-0.0361747220158577,3.435056447982788,-2.915027141571045
p603,process,,14,14,1,pre,post_odor,True,0.6812732219696045,2.8799145221710205,-1.2020524740219116
p603,process,,15,15,12,pre,post_odor,True,1.0488696098327637,3.907928228378296,-2.1319620609283447
p603,process,,16,16,22,pre,post_odor,True,1.3465839624404907,5.565697193145752,-1.049147367477417
p603,process,,17,17,10,pre,post_odor,True,-0.2634460926055908,2.621966600418091,-2.9773731231689453
p603,process,,18,18,17,pre,post_odor,True,1.2002257108688354,4.628562927246094,-1.2257795333862305
p603,process,,19,19,31,pre,post_odor,True,1.076483130455017,3.270439863204956,-1.6461275815963745
p603,process,,20,20,30,pre,post_odor,True,1.1464096307754517,4.026271820068359,-2.34673810005188
p603,process,,21,21,12,pre,post_odor,True,-0.5482362508773804,1.6591717004776,-2.8639132976531982
p603,process,,22,22,22,pre,post_odor,True,0.1263933628797531,3.6871063709259033,-2.9603450298309326
p603,process,,23,23,4,pre,post_odor,True,-0.3622375428676605,2.5082521438598633,-2.729767322540283
p603,process,,24,24,0,pre,post_odor,True,0.3638205826282501,5.91867208480835,-2.095677375793457
p603,process,,25,25,3,pre,post_odor,True,0.022633839398622513,2.5950825214385986,-2.286503791809082
p603,process,,26,26,40,pre,post_odor,True,0.43730804324150085,4.249448299407959,-2.291123628616333
p603,process,,27,27,10,pre,post_odor,True,0.3956380784511566,3.238177537918091,-1.9109400510787964
p603,process,,28,28,21,pre,post_odor,True,0.49897313117980957,4.064531326293945,-2.5836286544799805
p603,process,,29,29,18,pre,post_odor,True,0.3952278792858124,2.3588244915008545,-2.42893123626709
p603,process,,30,30,18,pre,post_odor,True,-0.162582665681839,3.2820916175842285,-2.930867910385132
p603,process,,31,31,0,pre,post_odor,True,0.16679233312606812,2.764636516571045,-2.1744792461395264
p603,process,,32,32,12,post,post_odor,True,-0.11769730597734451,1.3635705709457397,-1.0234365463256836
p603,process,,33,33,18,post,post_odor,True,-0.06353862583637238,2.0104820728302,-0.8510041832923889
p603,process,,34,34,40,post,post_odor,True,0.0015426394529640675,1.3890260457992554,-0.8818104267120361
p603,process,,35,35,32,post,post_odor,True,0.9279386401176453,3.008227825164795,-0.5373827815055847
p603,process,,36,36,31,post,post_odor,True,0.44606322050094604,2.7112514972686768,-1.2094581127166748
p603,process,,37,37,0,post,post_odor,True,-0.08072025328874588,1.5173898935317993,-1.0521184206008911
p603,process,,38,38,4,post,post_odor,True,-0.020960407331585884,1.2109601497650146,-1.0123170614242554
p603,process,,39,39,2,post,post_odor,True,0.024522388353943825,1.515977382659912,-1.0884413719177246
p603,process,,40,40,3,post,post_odor,True,0.06383345276117325,1.1972860097885132,-1.2674301862716675
p603,process,,41,41,21,post,post_odor,True,0.24684281647205353,2.1195592880249023,-0.9621859788894653
p603,process,,42,42,31,post,post_odor,True,0.48536092042922974,1.9861063957214355,-0.8721407651901245
p603,process,,43,43,2,post,post_odor,True,0.04090991988778114,1.3769898414611816,-1.2628436088562012
p603,process,,44,44,32,post,post_odor,True,0.27790242433547974,2.1909828186035156,-1.3304767608642578
p603,process,,45,45,40,post,post_odor,True,0.05093459412455559,1.275128960609436,-1.1054645776748657
p603,process,,46,46,1,post,post_odor,True,0.009121499955654144,1.355472445487976,-1.3190799951553345
p603,process,,47,47,0,post,post_odor,True,0.02730911411345005,1.079094648361206,-1.2083077430725098
p603,process,,48,48,22,post,post_odor,True,-0.10472216457128525,1.6395963430404663,-1.226508378982544
p603,process,,49,49,10,post,post_odor,True,-0.18211932480335236,1.0817971229553223,-1.093200922012329
p603,process,,50,50,1,post,post_odor,True,0.08619800209999084,1.250239372253418,-0.9503348469734192
p603,process,,51,51,30,post,post_odor,True,0.20402482151985168,1.968675971031189,-1.015045404434204
p603,process,,52,52,12,post,post_odor,True,0.21542547643184662,2.120619297027588,-0.8711215257644653
p603,process,,53,53,3,post,post_odor,True,-0.12786732614040375,1.3370401859283447,-1.4052594900131226
p603,process,,54,54,21,post,post_odor,True,0.244190514087677,1.447052240371704,-0.7386959791183472
p603,process,,55,55,22,post,post_odor,True,0.18437673151493073,1.7971138954162598,-0.9711008071899414
p603,process,,56,56,18,post,post_odor,True,0.055593717843294144,1.435034155845642,-1.0624477863311768
p603,process,,57,57,30,post,post_odor,True,0.04690924286842346,1.1405667066574097,-1.1698942184448242
p603,process,,58,58,17,post,post_odor,True,-0.12048699706792831,1.4888499975204468,-0.8858942985534668
p603,process,,59,59,39,post,post_odor,True,0.07044059038162231,1.6878966093063354,-1.0408421754837036
p603,process,,60,60,39,post,post_odor,True,-0.1086168885231018,0.9667991995811462,-0.8841545581817627
p603,process,,61,61,17,post,post_odor,True,0.05033786594867706,1.4901962280273438,-0.6025339365005493
p603,process,,62,62,4,post,post_odor,True,-0.0044827708043158054,0.8101931214332581,-0.48429983854293823
p625,process,,0,0,39,pre,post_odor,True,0.7667004466056824,4.004683017730713,-1.640682339668274
p625,process,,1,1,17,pre,post_odor,True,0.474103182554245,3.20839786529541,-1.777945876121521
p625,process,,2,2,32,pre,post_odor,True,2.0196774005889893,5.195394039154053,-1.2479418516159058
p625,process,,3,3,32,pre,post_odor,True,2.2496657371520996,5.304901599884033,-1.4548100233078003
p625,process,,4,4,30,pre,post_odor,True,0.7531704902648926,3.264465093612671,-3.1232693195343018
p625,process,,5,5,40,pre,post_odor,True,0.5751176476478577,3.3989946842193604,-3.8827829360961914
p625,process,,6,6,3,pre,post_odor,True,2.597630500793457,5.915109634399414,0.3436403274536133
p625,process,,7,7,2,pre,post_odor,True,1.7053314447402954,4.511640548706055,-2.5027108192443848
p625,process,,8,8,1,pre,post_odor,True,0.47887784242630005,3.0850021839141846,-1.6955554485321045
p625,process,,9,9,4,pre,post_odor,True,1.7859278917312622,4.524549961090088,-1.442062497138977
p625,process,,10,10,31,pre,post_odor,True,1.9385664463043213,6.743753433227539,-2.1770644187927246
p625,process,,11,11,21,pre,post_odor,True,0.5491382479667664,4.361273288726807,-2.031163454055786
p625,process,,12,12,2,pre,post_odor,True,0.6184737086296082,3.1273272037506104,-2.2457993030548096
p625,process,,13,13,39,pre,post_odor,True,1.3710483312606812,3.9358742237091064,-1.6556392908096313
p625,process,,14,14,1,pre,post_odor,True,0.6051493883132935,3.774576187133789,-1.3105562925338745
p625,process,,15,15,12,pre,post_odor,True,1.2118266820907593,6.011143684387207,-3.9170050621032715
p625,process,,16,16,22,pre,post_odor,True,1.9655017852783203,4.660139083862305,-1.4977972507476807
p625,process,,17,17,10,pre,post_odor,True,0.21638840436935425,4.77594518661499,-3.124965190887451
p625,process,,18,18,17,pre,post_odor,True,2.3799426555633545,4.6591010093688965,0.08202431350946426
p625,process,,19,19,31,pre,post_odor,True,0.41039127111434937,4.539473056793213,-3.3620212078094482
p625,process,,20,20,30,pre,post_odor,True,0.2198607623577118,3.823824644088745,-1.956787347793579
p625,process,,21,21,12,pre,post_odor,True,0.2015247493982315,3.094200849533081,-2.5452353954315186
p625,process,,22,22,22,pre,post_odor,True,0.1192404180765152,2.8485305309295654,-2.447977066040039
p625,process,,23,23,4,pre,post_odor,True,-0.4234565198421478,2.8695497512817383,-3.1885921955108643
p625,process,,24,24,0,pre,post_odor,True,-0.08958188444375992,3.45800518989563,-3.9389445781707764
p625,process,,25,25,3,pre,post_odor,True,1.1333202123641968,6.023444175720215,-2.269871473312378
p625,process,,26,26,40,pre,post_odor,True,1.767300009727478,5.018396377563477,-2.475674867630005
p625,process,,27,27,10,pre,post_odor,True,-0.506612241268158,2.7147786617279053,-2.577453136444092
p625,process,,28,28,21,pre,post_odor,True,1.9473031759262085,3.899294376373291,-1.3827102184295654
p625,process,,29,29,18,pre,post_odor,True,1.006684422492981,4.271750450134277,-2.445885181427002
p625,process,,30,30,18,pre,post_odor,True,0.28172236680984497,4.364639759063721,-2.7458748817443848
p625,process,,31,31,0,pre,post_odor,True,0.7341708540916443,4.4718403816223145,-2.6614577770233154
p625,process,,32,32,12,post,post_odor,True,0.023844124749302864,0.6884039640426636,-0.5538302659988403
p625,process,,33,33,18,post,post_odor,True,0.1813357174396515,1.1575485467910767,-0.7146300077438354
p625,process,,34,34,40,post,post_odor,True,-0.016646208241581917,0.7605178952217102,-0.7162094116210938
p625,process,,35,35,32,post,post_odor,True,0.04447390139102936,0.7265042662620544,-0.49198049306869507
p625,process,,36,36,31,post,post_odor,True,0.24371272325515747,1.1182667016983032,-0.7044429779052734
p625,process,,37,37,0,post,post_odor,True,0.14021916687488556,1.5638619661331177,-0.9839868545532227
p625,process,,38,38,4,post,post_odor,True,0.1021072193980217,1.1812348365783691,-0.4246845543384552
p625,process,,39,39,2,post,post_odor,True,-0.12441451102495193,0.9493789672851562,-0.732446014881134
p625,process,,40,40,3,post,post_odor,True,-0.2258477509021759,0.8338364958763123,-0.9095797538757324
p625,process,,41,41,21,post,post_odor,True,0.2924387753009796,1.2832422256469727,-0.6897445917129517
p625,process,,42,42,31,post,post_odor,True,0.06769005209207535,1.1078633069992065,-0.7062404751777649
p625,process,,43,43,2,post,post_odor,True,-0.053894102573394775,1.093567967414856,-0.6663328409194946
p625,process,,44,44,32,post,post_odor,True,0.13926254212856293,1.4083151817321777,-0.6418008208274841
p625,process,,45,45,40,post,post_odor,True,0.3951813876628876,1.5384430885314941,-0.45954591035842896
p625,process,,46,46,1,post,post_odor,True,0.2574608325958252,1.091343641281128,-0.6023210287094116
p625,process,,47,47,0,post,post_odor,True,0.13040147721767426,1.1380971670150757,-0.5543085336685181
p625,process,,48,48,22,post,post_odor,True,0.2229444682598114,1.6897847652435303,-0.6854314804077148
p625,process,,49,49,10,post,post_odor,True,0.1829051822423935,1.3918094635009766,-0.4172970652580261
p625,process,,50,50,1,post,post_odor,True,-0.21956926584243774,0.6944336295127869,-0.8873973488807678
p625,process,,51,51,30,post,post_odor,True,-0.17030437290668488,0.6053372621536255,-0.9671815633773804
p625,process,,52,52,12,post,post_odor,True,-0.03057979792356491,0.5737922191619873,-1.002389669418335
p625,process,,53,53,3,post,post_odor,True,0.09609808027744293,1.1140855550765991,-0.5508670806884766
p625,process,,54,54,21,post,post_odor,True,0.055630553513765335,0.7004614472389221,-0.6175151467323303
p625,process,,55,55,22,post,post_odor,True,0.3002694547176361,1.1566089391708374,-0.5801041722297668
p625,process,,56,56,18,post,post_odor,True,0.2541372776031494,0.8789272308349609,-0.6471226811408997
p625,process,,57,57,30,post,post_odor,True,0.033355649560689926,1.2123695611953735,-0.6998322606086731
p625,process,,58,58,17,post,post_odor,True,-0.17114542424678802,0.8246911764144897,-0.8302027583122253
p625,process,,59,59,39,post,post_odor,True,0.0878065973520279,1.3193975687026978,-0.9676361083984375
p625,process,,60,60,39,post,post_odor,True,-0.0020359810441732407,1.0557705163955688,-0.8326065540313721
p625,process,,61,61,17,post,post_odor,True,0.25339996814727783,1.0652194023132324,-0.6191148161888123
p625,process,,62,62,4,post,post_odor,True,-0.08486292511224747,0.9500483870506287,-0.8791542649269104
p648,process,,0,0,39,pre,post_odor,True,0.3454703986644745,2.694753408432007,-2.820221424102783
p648,process,,1,1,17,pre,post_odor,True,0.3045114576816559,1.8294312953948975,-1.969834566116333
p648,process,,2,2,32,pre,post_odor,True,1.4399982690811157,5.636330604553223,-1.7451889514923096
p648,process,,3,3,32,pre,post_odor,True,1.4529998302459717,4.051000595092773,-1.1909536123275757
p648,process,,4,4,30,pre,post_odor,True,0.4910680651664734,4.0999040603637695,-2.5218372344970703
p648,process,,5,5,40,pre,post_odor,True,0.022037958726286888,2.690324544906616,-3.839517116546631
p648,process,,6,6,3,pre,post_odor,True,2.1371893882751465,5.129130840301514,-1.9936014413833618
p648,process,,7,7,2,pre,post_odor,True,1.5521491765975952,4.572486877441406,-2.257936716079712
p648,process,,8,8,1,pre,post_odor,True,0.4390610456466675,3.6923325061798096,-2.4845383167266846
p648,process,,9,9,4,pre,post_odor,True,2.08686900138855,5.438197135925293,-1.328508734703064
p648,process,,10,10,31,pre,post_odor,True,1.7450369596481323,4.364778995513916,-1.1670490503311157
p648,process,,11,11,21,pre,post_odor,True,0.5855358242988586,2.8555164337158203,-1.163475751876831
p648,process,,12,12,2,pre,post_odor,True,0.4908103048801422,2.853356122970581,-1.8571243286132812
p648,process,,13,13,39,pre,post_odor,True,1.6908546686172485,4.426596164703369,-0.5001220703125
p648,process,,14,14,1,pre,post_odor,True,0.8514163494110107,2.9182167053222656,-1.6353602409362793
p648,process,,15,15,12,pre,post_odor,True,1.1070241928100586,4.681378364562988,-3.0735433101654053
p648,process,,16,16,22,pre,post_odor,True,2.078185796737671,5.036005020141602,-0.9054511785507202
p648,process,,17,17,10,pre,post_odor,True,0.688435971736908,4.613095760345459,-3.088289976119995
p648,process,,18,18,17,pre,post_odor,True,2.1767427921295166,4.513012886047363,-0.9114358425140381
p648,process,,19,19,31,pre,post_odor,True,0.46469616889953613,3.327545166015625,-2.7293050289154053
p648,process,,20,20,30,pre,post_odor,True,0.2665083706378937,2.435527801513672,-2.130099058151245
p648,process,,21,21,12,pre,post_odor,True,-0.1275998055934906,2.279144525527954,-2.2424309253692627
p648,process,,22,22,22,pre,post_odor,True,0.168898805975914,4.026272773742676,-1.9660975933074951
p648,process,,23,23,4,pre,post_odor,True,-0.29857268929481506,3.742271900177002,-2.8602616786956787
p648,process,,24,24,0,pre,post_odor,True,0.30462390184402466,4.383613586425781,-2.642991304397583
p648,process,,25,25,3,pre,post_odor,True,0.9548766016960144,3.524125814437866,-1.668888807296753
p648,process,,26,26,40,pre,post_odor,True,1.166087031364441,4.340924263000488,-2.545794725418091
p648,process,,27,27,10,pre,post_odor,True,-0.33911314606666565,2.4094650745391846,-2.7322542667388916
p648,process,,28,28,21,pre,post_odor,True,1.2852720022201538,4.279786586761475,-0.8381342887878418
p648,process,,29,29,18,pre,post_odor,True,1.0323907136917114,3.5345449447631836,-1.3159395456314087
p648,process,,30,30,18,pre,post_odor,True,-0.43788644671440125,2.3117456436157227,-2.0239975452423096
p648,process,,31,31,0,pre,post_odor,True,0.6541476249694824,3.58423113822937,-1.669704556465149
p648,process,,32,32,12,post,post_odor,True,0.05572330579161644,0.7212055325508118,-0.5642069578170776
p648,process,,33,33,18,post,post_odor,True,-0.03160625696182251,0.8524194359779358,-0.7192478775978088
p648,process,,34,34,40,post,post_odor,True,0.0049880011938512325,1.2227122783660889,-0.6367124319076538
p648,process,,35,35,32,post,post_odor,True,-0.03341178596019745,0.8355826139450073,-0.5409969091415405
p648,process,,36,36,31,post,post_odor,True,0.02487299032509327,1.0598390102386475,-0.6515330076217651
p648,process,,37,37,0,post,post_odor,True,-0.009414494037628174,0.802658200263977,-0.6782090663909912
p648,process,,38,38,4,post,post_odor,True,0.059534020721912384,0.8709756731987,-0.5747209787368774
p648,process,,39,39,2,post,post_odor,True,-0.014503849670290947,0.923451840877533,-0.721624493598938
p648,process,,40,40,3,post,post_odor,True,0.01272821519523859,0.9674202799797058,-0.7836139798164368
p648,process,,41,41,21,post,post_odor,True,0.05564282089471817,0.8214201927185059,-0.6966739892959595
p648,process,,42,42,31,post,post_odor,True,-0.011756320483982563,1.0484648942947388,-0.9304971694946289
p648,process,,43,43,2,post,post_odor,True,-0.048069827258586884,0.7419115304946899,-0.7086207270622253
p648,process,,44,44,32,post,post_odor,True,0.007276281248778105,1.4210147857666016,-0.7081530690193176
p648,process,,45,45,40,post,post_odor,True,0.05295504629611969,1.1002455949783325,-0.8896954655647278
p648,process,,46,46,1,post,post_odor,True,-0.06218533590435982,0.8831340074539185,-0.7876731753349304
p648,process,,47,47,0,post,post_odor,True,-0.067116878926754,0.8002108335494995,-0.8724522590637207
p648,process,,48,48,22,post,post_odor,True,-0.002940247766673565,0.7027899622917175,-0.9144772887229919
p648,process,,49,49,10,post,post_odor,True,0.05632718279957771,1.0558867454528809,-0.6239883899688721
p648,process,,50,50,1,post,post_odor,True,-0.08455643057823181,0.5788238048553467,-0.7205666899681091
p648,process,,51,51,30,post,post_odor,True,-0.05580083653330803,0.6694806814193726,-0.7893642783164978
p648,process,,52,52,12,post,post_odor,True,0.030166616663336754,1.1140800714492798,-0.8072434067726135
p648,process,,53,53,3,post,post_odor,True,-0.041080962866544724,1.1829575300216675,-0.85747230052948
p648,process,,54,54,21,post,post_odor,True,-0.010740499943494797,0.5130035281181335,-0.6887835264205933
p648,process,,55,55,22,post,post_odor,True,-0.06165390461683273,1.275833249092102,-0.736107349395752
p648,process,,56,56,18,post,post_odor,True,0.022638116031885147,1.0488516092300415,-0.7101345062255859
p648,process,,57,57,30,post,post_odor,True,0.04004304111003876,0.9896453022956848,-0.8521163463592529
p648,process,,58,58,17,post,post_odor,True,0.14057455956935883,1.1203793287277222,-0.5251144766807556
p648,process,,59,59,39,post,post_odor,True,0.21380358934402466,1.009973168373108,-0.641136884689331
p648,process,,60,60,39,post,post_odor,True,-0.07724516838788986,0.9254305362701416,-0.7552756667137146
p648,process,,61,61,17,post,post_odor,True,-0.09764936566352844,0.805712878704071,-0.8944054841995239
p648,process,,62,62,4,post,post_odor,True,0.030461296439170837,0.847975492477417,-0.5740318894386292
p670,process,,0,0,39,pre,post_odor,True,0.9124807715415955,5.270072937011719,-1.915527582168579
p670,process,,1,1,17,pre,post_odor,True,1.2951205968856812,3.6953258514404297,-1.3030993938446045
p670,process,,2,2,32,pre,post_odor,True,1.5316944122314453,5.9581146240234375,-1.3985168933868408
p670,process,,3,3,32,pre,post_odor,True,2.359312057495117,9.319647789001465,-1.2126483917236328
p670,process,,4,4,30,pre,post_odor,True,0.770786464214325,6.736528396606445,-3.1359307765960693
p670,process,,5,5,40,pre,post_odor,True,0.6288173794746399,3.740508556365967,-4.395749092102051
p670,process,,6,6,3,pre,post_odor,True,3.3239433765411377,6.819835662841797,0.051885318011045456
p670,process,,7,7,2,pre,post_odor,True,2.68581485748291,6.94018030166626,-0.6079842448234558
p670,process,,8,8,1,pre,post_odor,True,-0.02114010788500309,2.6339991092681885,-2.138108015060425
p670,process,,9,9,4,pre,post_odor,True,2.4419679641723633,5.896999359130859,-1.5939627885818481
p670,process,,10,10,31,pre,post_odor,True,3.681584596633911,9.543498992919922,-0.7164782285690308
p670,process,,11,11,21,pre,post_odor,True,2.0343093872070312,7.1024370193481445,-1.6959363222122192
p670,process,,12,12,2,pre,post_odor,True,0.6168492436408997,4.185513496398926,-3.6470048427581787
p670,process,,13,13,39,pre,post_odor,True,1.9044269323349,4.963327884674072,-0.30473238229751587
p670,process,,14,14,1,pre,post_odor,True,2.154127359390259,5.395902156829834,-0.596511721611023
p670,process,,15,15,12,pre,post_odor,True,2.5407564640045166,6.925899505615234,-2.340214252471924
p670,process,,16,16,22,pre,post_odor,True,3.6345081329345703,10.54738998413086,0.038224171847105026
p670,process,,17,17,10,pre,post_odor,True,1.7590149641036987,5.892561435699463,-1.0791786909103394
p670,process,,18,18,17,pre,post_odor,True,4.241452217102051,8.022610664367676,1.1457778215408325
p670,process,,19,19,31,pre,post_odor,True,3.1804916858673096,9.68842601776123,-1.3776423931121826
p670,process,,20,20,30,pre,post_odor,True,2.3626291751861572,7.443354606628418,-0.6511252522468567
p670,process,,21,21,12,pre,post_odor,True,0.3687101900577545,3.946775436401367,-2.363248348236084
p670,process,,22,22,22,pre,post_odor,True,1.4164577722549438,6.444083213806152,-2.0625782012939453
p670,process,,23,23,4,pre,post_odor,True,-0.776502788066864,2.5532469749450684,-3.029452085494995
p670,process,,24,24,0,pre,post_odor,True,0.7396437525749207,4.96887731552124,-3.258225679397583
p670,process,,25,25,3,pre,post_odor,True,0.6449246406555176,4.99330472946167,-2.2889816761016846
p670,process,,26,26,40,pre,post_odor,True,2.1908726692199707,5.306644439697266,-1.3945338726043701
p670,process,,27,27,10,pre,post_odor,True,-0.9711703658103943,1.9358564615249634,-2.530107021331787
p670,process,,28,28,21,pre,post_odor,True,1.9030410051345825,5.5629658699035645,-2.477809429168701
p670,process,,29,29,18,pre,post_odor,True,2.3491427898406982,5.860835075378418,-0.08136746287345886
p670,process,,30,30,18,pre,post_odor,True,0.9461485743522644,2.9886012077331543,-0.7752588391304016
p670,process,,31,31,0,pre,post_odor,True,1.1633994579315186,3.693743944168091,-1.3149373531341553
p670,process,,32,32,12,post,post_odor,True,0.24323050677776337,1.13129460811615,-0.8695756793022156
p670,process,,33,33,18,post,post_odor,True,0.6557345390319824,2.5988643169403076,-0.37950366735458374
p670,process,,34,34,40,post,post_odor,True,-0.04605790227651596,0.81964510679245,-0.9219800233840942
p670,process,,35,35,32,post,post_odor,True,-0.03775804489850998,0.5022677779197693,-0.7263240218162537
p670,process,,36,36,31,post,post_odor,True,-0.06556116044521332,0.75340735912323,-0.7846450209617615
p670,process,,37,37,0,post,post_odor,True,0.08797410875558853,1.018239140510559,-0.42864859104156494
p670,process,,38,38,4,post,post_odor,True,0.39692389965057373,1.3014323711395264,-0.41400596499443054
p670,process,,39,39,2,post,post_odor,True,0.10410764068365097,1.0321511030197144,-0.5987797975540161
p670,process,,40,40,3,post,post_odor,True,-0.0320097990334034,0.8791349530220032,-0.8080528378486633
p670,process,,41,41,21,post,post_odor,True,3.0499069690704346,5.633841514587402,0.4423655569553375
p670,process,,42,42,31,post,post_odor,True,0.03772968053817749,1.0161707401275635,-0.7501561045646667
p670,process,,43,43,2,post,post_odor,True,0.12407958507537842,0.9287428259849548,-0.6311132907867432
p670,process,,44,44,32,post,post_odor,True,0.12681247293949127,1.0628526210784912,-0.83270263671875
p670,process,,45,45,40,post,post_odor,True,-0.033810630440711975,1.1642636060714722,-0.7376721501350403
p670,process,,46,46,1,post,post_odor,True,-0.014427049085497856,0.9056859016418457,-0.9474164247512817
p670,process,,47,47,0,post,post_odor,True,0.1259981393814087,0.9159650206565857,-0.7011845111846924
p670,process,,48,48,22,post,post_odor,True,0.12364957481622696,1.4267635345458984,-0.8403676152229309
p670,process,,49,49,10,post,post_odor,True,0.15525123476982117,0.7478140592575073,-0.572479784488678
p670,process,,50,50,1,post,post_odor,True,0.06856297701597214,0.7074281573295593,-0.7189877033233643
p670,process,,51,51,30,post,post_odor,True,0.4924517273902893,2.3239927291870117,-0.52403724193573
p670,process,,52,52,12,post,post_odor,True,0.08083298057317734,1.2424083948135376,-0.8034961819648743
p670,process,,53,53,3,post,post_odor,True,0.22967880964279175,1.3085763454437256,-0.4820239841938019
p670,process,,54,54,21,post,post_odor,True,2.7615013122558594,6.280808925628662,0.22960194945335388
p670,process,,55,55,22,post,post_odor,True,0.02583973854780197,1.302565574645996,-0.7792661786079407
p670,process,,56,56,18,post,post_odor,True,0.3702746629714966,1.5973708629608154,-0.5369871854782104
p670,process,,57,57,30,post,post_odor,True,0.26959457993507385,1.1145614385604858,-0.7938392162322998
p670,process,,58,58,17,post,post_odor,True,0.32884863018989563,1.3317947387695312,-0.4324701428413391
p670,process,,59,59,39,post,post_odor,True,0.02014448121190071,1.186545491218567,-0.8190814256668091
p670,process,,60,60,39,post,post_odor,True,0.042125653475522995,0.7378865480422974,-0.7141037583351135
p670,process,,61,61,17,post,post_odor,True,0.2409544736146927,1.215187430381775,-0.37815895676612854
p670,process,,62,62,4,post,post_odor,True,0.016918784007430077,0.8919118642807007,-0.556421160697937
p692,process,,0,0,39,pre,post_odor,True,0.5181552767753601,3.5058276653289795,-2.3903534412384033
p692,process,,1,1,17,pre,post_odor,True,0.17588643729686737,3.472623109817505,-2.521568536758423
p692,process,,2,2,32,pre,post_odor,True,1.2600839138031006,4.4798054695129395,-1.354142665863037
p692,process,,3,3,32,pre,post_odor,True,0.4206835925579071,4.418768882751465,-3.476983070373535
p692,process,,4,4,30,pre,post_odor,True,0.04778009280562401,3.01558780670166,-2.413426160812378
p692,process,,5,5,40,pre,post_odor,True,-0.10885800421237946,4.681137561798096,-2.65012526512146
p692,process,,6,6,3,pre,post_odor,True,1.0787404775619507,5.629139423370361,-1.8042080402374268
p692,process,,7,7,2,pre,post_odor,True,0.38341453671455383,6.0773468017578125,-2.1047346591949463
p692,process,,8,8,1,pre,post_odor,True,0.03495562821626663,2.9908080101013184,-2.128211498260498
p692,process,,9,9,4,pre,post_odor,True,1.2601628303527832,6.446691036224365,-1.2180620431900024
p692,process,,10,10,31,pre,post_odor,True,0.6682069301605225,9.496374130249023,-1.9574381113052368
p692,process,,11,11,21,pre,post_odor,True,-0.49952268600463867,2.3877158164978027,-2.53550124168396
p692,process,,12,12,2,pre,post_odor,True,-0.2203720360994339,2.6591265201568604,-2.509232997894287
p692,process,,13,13,39,pre,post_odor,True,0.1389017105102539,3.462425708770752,-1.8054965734481812
p692,process,,14,14,1,pre,post_odor,True,0.05401748791337013,3.185015916824341,-3.2808151245117188
p692,process,,15,15,12,pre,post_odor,True,0.14827406406402588,3.8195927143096924,-2.608407974243164
p692,process,,16,16,22,pre,post_odor,True,0.2798338830471039,2.9022889137268066,-2.0996387004852295
p692,process,,17,17,10,pre,post_odor,True,0.22969470918178558,3.4228289127349854,-1.451529860496521
p692,process,,18,18,17,pre,post_odor,True,0.6473150253295898,4.788521766662598,-1.3024206161499023
p692,process,,19,19,31,pre,post_odor,True,0.3364647626876831,4.156486988067627,-2.3784425258636475
p692,process,,20,20,30,pre,post_odor,True,0.06078246608376503,2.590115547180176,-2.0514841079711914
p692,process,,21,21,12,pre,post_odor,True,-0.28042101860046387,2.2025482654571533,-3.1876983642578125
p692,process,,22,22,22,pre,post_odor,True,-0.20752879977226257,2.584311008453369,-3.0832083225250244
p692,process,,23,23,4,pre,post_odor,True,-0.5989305973052979,1.9564709663391113,-3.4083659648895264
p692,process,,24,24,0,pre,post_odor,True,0.9288209080696106,4.629485607147217,-2.473580837249756
p692,process,,25,25,3,pre,post_odor,True,0.18901319801807404,2.512847900390625,-1.6747502088546753
p692,process,,26,26,40,pre,post_odor,True,0.18454866111278534,3.552400827407837,-2.2595551013946533
p692,process,,27,27,10,pre,post_odor,True,-0.07405240833759308,2.1874184608459473,-1.9763776063919067
p692,process,,28,28,21,pre,post_odor,True,-0.005844220984727144,2.2510263919830322,-3.003145217895508
p692,process,,29,29,18,pre,post_odor,True,0.09335638582706451,1.9251285791397095,-1.3692495822906494
p692,process,,30,30,18,pre,post_odor,True,0.31809496879577637,2.062199115753174,-1.3325493335723877
p692,process,,31,31,0,pre,post_odor,True,0.021952040493488312,2.553114652633667,-1.8903939723968506
p692,process,,32,32,12,post,post_odor,True,0.15619957447052002,1.6161179542541504,-0.7173649668693542
p692,process,,33,33,18,post,post_odor,True,0.13926120102405548,1.4768903255462646,-0.7715278267860413
p692,process,,34,34,40,post,post_odor,True,-0.05113331601023674,1.5318360328674316,-1.0176466703414917
p692,process,,35,35,32,post,post_odor,True,0.17870453000068665,2.9545609951019287,-1.0196558237075806
p692,process,,36,36,31,post,post_odor,True,0.08875691890716553,1.9722201824188232,-1.1487013101577759
p692,process,,37,37,0,post,post_odor,True,0.1726030707359314,1.54192316532135,-0.8935813903808594
p692,process,,38,38,4,post,post_odor,True,-0.16974154114723206,1.15880286693573,-1.184471845626831
p692,process,,39,39,2,post,post_odor,True,0.032433126121759415,1.8633297681808472,-1.221604824066162
p692,process,,40,40,3,post,post_odor,True,-0.30326125025749207,1.2046177387237549,-1.2469761371612549
p692,process,,41,41,21,post,post_odor,True,-0.22404120862483978,1.6590293645858765,-1.6980640888214111
p692,process,,42,42,31,post,post_odor,True,-0.07037746906280518,2.2796661853790283,-1.4485409259796143
p692,process,,43,43,2,post,post_odor,True,-0.03637630492448807,1.9666615724563599,-1.332602620124817
p692,process,,44,44,32,post,post_odor,True,0.320234477519989,3.3739328384399414,-0.7079897522926331
p692,process,,45,45,40,post,post_odor,True,-0.06644293665885925,2.2850990295410156,-1.5089212656021118
p692,process,,46,46,1,post,post_odor,True,0.4642512798309326,2.3075242042541504,-1.0958805084228516
p692,process,,47,47,0,post,post_odor,True,-0.07008635997772217,2.1769375801086426,-1.5573651790618896
p692,process,,48,48,22,post,post_odor,True,-0.03972470387816429,2.1061506271362305,-1.688585877418518
p692,process,,49,49,10,post,post_odor,True,0.012645713984966278,1.719063639640808,-1.2108397483825684
p692,process,,50,50,1,post,post_odor,True,-0.09923897683620453,2.0257925987243652,-1.693608283996582
p692,process,,51,51,30,post,post_odor,True,0.13981993496418,3.735957384109497,-1.582385778427124
p692,process,,52,52,12,post,post_odor,True,0.19625906646251678,2.115407705307007,-1.6165812015533447
p692,process,,53,53,3,post,post_odor,True,-0.04810735583305359,2.321259021759033,-1.9719444513320923
p692,process,,54,54,21,post,post_odor,True,-0.26414814591407776,1.166722297668457,-1.8583678007125854
p692,process,,55,55,22,post,post_odor,True,0.13503004610538483,2.0002801418304443,-1.219700813293457
p692,process,,56,56,18,post,post_odor,True,0.5125787258148193,4.4043145179748535,-1.0872550010681152
p692,process,,57,57,30,post,post_odor,True,0.3033984303474426,2.5401012897491455,-1.5758771896362305
p692,process,,58,58,17,post,post_odor,True,-0.47157254815101624,1.6327961683273315,-2.0798161029815674
p692,process,,59,59,39,post,post_odor,True,-0.1119774580001831,1.987349271774292,-1.7530016899108887
p692,process,,60,60,39,post,post_odor,True,0.1685011237859726,2.6022465229034424,-1.3248428106307983
p692,process,,61,61,17,post,post_odor,True,0.6705169677734375,3.8238706588745117,-1.0931366682052612
p692,process,,62,62,4,post,post_odor,True,-0.030981559306383133,2.2687876224517822,-1.982845664024353
p714,process,,0,0,39,pre,post_odor,True,0.5538191199302673,5.1306471824646,-2.351043939590454
p714,process,,1,1,17,pre,post_odor,True,-0.1678306758403778,4.1512370109558105,-3.0017356872558594
p714,process,,2,2,32,pre,post_odor,True,0.6822006106376648,8.600168228149414,-2.0308432579040527
p714,process,,3,3,32,pre,post_odor,True,0.43723922967910767,4.64638090133667,-1.6026021242141724
p714,process,,4,4,30,pre,post_odor,True,0.2363954782485962,4.1164727210998535,-1.5440475940704346
p714,process,,5,5,40,pre,post_odor,True,-0.16948091983795166,4.94871187210083,-2.666668176651001
p714,process,,6,6,3,pre,post_odor,True,0.5507057309150696,4.07880973815918,-1.6005847454071045
p714,process,,7,7,2,pre,post_odor,True,0.20843321084976196,4.553050994873047,-1.7720099687576294
p714,process,,8,8,1,pre,post_odor,True,-0.12050196528434753,3.0656931400299072,-2.1664462089538574
p714,process,,9,9,4,pre,post_odor,True,1.105369210243225,5.730713367462158,-1.2024428844451904
p714,process,,10,10,31,pre,post_odor,True,0.6335960030555725,4.681847095489502,-1.853867530822754
p714,process,,11,11,21,pre,post_odor,True,-0.1323922723531723,3.5822997093200684,-2.5767014026641846
p714,process,,12,12,2,pre,post_odor,True,-0.20871062576770782,4.143564224243164,-2.4779348373413086
p714,process,,13,13,39,pre,post_odor,True,0.29544350504875183,3.7021684646606445,-2.127825975418091
p714,process,,14,14,1,pre,post_odor,True,0.3338712155818939,3.3939428329467773,-1.8794642686843872
p714,process,,15,15,12,pre,post_odor,True,0.8291448950767517,3.1483755111694336,-1.166171908378601
p714,process,,16,16,22,pre,post_odor,True,0.6485124230384827,4.160964488983154,-1.5056519508361816
p714,process,,17,17,10,pre,post_odor,True,0.24411825835704803,2.4541878700256348,-1.4906643629074097
p714,process,,18,18,17,pre,post_odor,True,0.9000690579414368,3.3213677406311035,-1.3087328672409058
p714,process,,19,19,31,pre,post_odor,True,0.3368035554885864,4.005465030670166,-1.3010790348052979
p714,process,,20,20,30,pre,post_odor,True,0.06428837031126022,2.0046679973602295,-1.2224172353744507
p714,process,,21,21,12,pre,post_odor,True,-0.023796632885932922,1.9369946718215942,-1.3681894540786743
p714,process,,22,22,22,pre,post_odor,True,0.14717817306518555,4.362406253814697,-1.4633944034576416
p714,process,,23,23,4,pre,post_odor,True,0.12732036411762238,3.0704433917999268,-1.4851773977279663
p714,process,,24,24,0,pre,post_odor,True,0.18220899999141693,3.9073784351348877,-2.1038615703582764
p714,process,,25,25,3,pre,post_odor,True,0.15225467085838318,5.595477104187012,-1.918023943901062
p714,process,,26,26,40,pre,post_odor,True,0.0367976650595665,4.086740493774414,-2.008077621459961
p714,process,,27,27,10,pre,post_odor,True,0.3921656906604767,3.9929733276367188,-1.501725435256958
p714,process,,28,28,21,pre,post_odor,True,0.5152106285095215,3.377875804901123,-1.7006855010986328
p714,process,,29,29,18,pre,post_odor,True,-0.046830914914608,2.5415050983428955,-1.4855557680130005
p714,process,,30,30,18,pre,post_odor,True,-0.32696986198425293,1.76658296585083,-1.5330382585525513
p714,process,,31,31,0,pre,post_odor,True,0.4064514636993408,3.5914154052734375,-1.3748847246170044
p714,process,,32,32,12,post,post_odor,True,0.001242264756001532,2.064335584640503,-1.0803111791610718
p714,process,,33,33,18,post,post_odor,True,0.07668472081422806,1.5100916624069214,-1.0556687116622925
p714,process,,34,34,40,post,post_odor,True,0.14939597249031067,3.295386791229248,-0.8745148777961731
p714,process,,35,35,32,post,post_odor,True,0.1822744756937027,3.1163840293884277,-0.8401815295219421
p714,process,,36,36,31,post,post_odor,True,0.08947977423667908,3.3198485374450684,-0.8444685339927673
p714,process,,37,37,0,post,post_odor,True,0.08838502317667007,3.1476943492889404,-1.2762030363082886
p714,process,,38,38,4,post,post_odor,True,-0.012037319131195545,2.3605988025665283,-1.132749080657959
p714,process,,39,39,2,post,post_odor,True,0.1120658591389656,4.976986885070801,-0.9526373744010925
p714,process,,40,40,3,post,post_odor,True,-0.0550900399684906,2.0489330291748047,-1.2556734085083008
p714,process,,41,41,21,post,post_odor,True,0.03199408948421478,2.3984639644622803,-1.0028234720230103
p714,process,,42,42,31,post,post_odor,True,0.057671040296554565,4.334481716156006,-0.862024188041687
p714,process,,43,43,2,post,post_odor,True,0.40979668498039246,3.032120704650879,-0.7942980527877808
p714,process,,44,44,32,post,post_odor,True,-0.10589525103569031,1.9009186029434204,-1.2301896810531616
p714,process,,45,45,40,post,post_odor,True,-0.04964837431907654,2.898643732070923,-1.2011864185333252
p714,process,,46,46,1,post,post_odor,True,0.19272804260253906,1.5993345975875854,-0.7575051784515381
p714,process,,47,47,0,post,post_odor,True,-0.08727604895830154,2.551882266998291,-1.0459550619125366
p714,process,,48,48,22,post,post_odor,True,-0.2619944214820862,2.3496508598327637,-1.129010558128357
p714,process,,49,49,10,post,post_odor,True,-0.2543586492538452,1.5860583782196045,-1.0343021154403687
p714,process,,50,50,1,post,post_odor,True,-0.04578610882163048,1.7767515182495117,-1.1217114925384521
p714,process,,51,51,30,post,post_odor,True,0.0344889871776104,2.334583044052124,-1.1145955324172974
p714,process,,52,52,12,post,post_odor,True,-0.059265654534101486,2.442091941833496,-0.9708926677703857
p714,process,,53,53,3,post,post_odor,True,-0.17159895598888397,2.9580655097961426,-1.161895751953125
p714,process,,54,54,21,post,post_odor,True,-0.09502749145030975,3.2860352993011475,-1.1511644124984741
p714,process,,55,55,22,post,post_odor,True,-0.031039340421557426,1.9448471069335938,-0.9804726243019104
p714,process,,56,56,18,post,post_odor,True,0.23842142522335052,2.133253335952759,-0.9809073805809021
p714,process,,57,57,30,post,post_odor,True,0.3503827750682831,2.600592613220215,-1.0017273426055908
p714,process,,58,58,17,post,post_odor,True,0.14110130071640015,2.109788417816162,-1.0592528581619263
p714,process,,59,59,39,post,post_odor,True,-0.09307323396205902,3.205122947692871,-1.3918126821517944
p714,process,,60,60,39,post,post_odor,True,-0.20281055569648743,1.7370742559432983,-1.1987271308898926
p714,process,,61,61,17,post,post_odor,True,0.08726248145103455,3.8600454330444336,-1.1278773546218872
p714,process,,62,62,4,post,post_odor,True,0.0727696344256401,2.296889066696167,-0.9344825148582458
p737,process,,0,0,39,pre,post_odor,True,-0.3206222653388977,3.042957067489624,-3.2686617374420166
p737,process,,1,1,17,pre,post_odor,True,-0.40935662388801575,3.443746328353882,-2.4609081745147705
p737,process,,2,2,32,pre,post_odor,True,1.81389319896698,6.583475589752197,-1.6648638248443604
p737,process,,3,3,32,pre,post_odor,True,1.0183528661727905,4.973465919494629,-3.167872667312622
p737,process,,4,4,30,pre,post_odor,True,-0.3002922832965851,3.4927682876586914,-4.0929155349731445
p737,process,,5,5,40,pre,post_odor,True,0.1692253053188324,2.9931259155273438,-4.705130100250244
p737,process,,6,6,3,pre,post_odor,True,1.8362510204315186,5.185685157775879,-1.8884599208831787
p737,process,,7,7,2,pre,post_odor,True,1.1230273246765137,4.380194664001465,-2.193729877471924
p737,process,,8,8,1,pre,post_odor,True,-0.2570822238922119,2.5583243370056152,-3.1650240421295166
p737,process,,9,9,4,pre,post_odor,True,1.3078711032867432,4.749807834625244,-1.6306946277618408
p737,process,,10,10,31,pre,post_odor,True,1.374292254447937,5.518158912658691,-1.083982229232788
p737,process,,11,11,21,pre,post_odor,True,0.3847612142562866,6.1930694580078125,-2.1783223152160645
p737,process,,12,12,2,pre,post_odor,True,-0.337484747171402,2.9790279865264893,-3.2575650215148926
p737,process,,13,13,39,pre,post_odor,True,0.5792410373687744,3.8362035751342773,-2.1642777919769287
p737,process,,14,14,1,pre,post_odor,True,0.6861521601676941,3.957418441772461,-1.920575499534607
p737,process,,15,15,12,pre,post_odor,True,1.5019606351852417,5.206893444061279,-2.3358206748962402
p737,process,,16,16,22,pre,post_odor,True,1.9088281393051147,5.89512825012207,-0.3043372631072998
p737,process,,17,17,10,pre,post_odor,True,0.6242088079452515,5.550774574279785,-2.152569055557251
p737,process,,18,18,17,pre,post_odor,True,1.652641773223877,4.6272149085998535,-0.7718329429626465
p737,process,,19,19,31,pre,post_odor,True,-0.39457404613494873,1.7267115116119385,-1.8041703701019287
p737,process,,20,20,30,pre,post_odor,True,-0.30414992570877075,2.6633341312408447,-1.5056077241897583
p737,process,,21,21,12,pre,post_odor,True,-0.34111276268959045,3.156236171722412,-1.7897628545761108
p737,process,,22,22,22,pre,post_odor,True,-0.3651926815509796,2.0164222717285156,-2.1340396404266357
p737,process,,23,23,4,pre,post_odor,True,-0.23572032153606415,1.2903964519500732,-1.8238991498947144
p737,process,,24,24,0,pre,post_odor,True,0.8418314456939697,7.754827499389648,-1.6545054912567139
p737,process,,25,25,3,pre,post_odor,True,0.8271607160568237,3.6773338317871094,-1.8773539066314697
p737,process,,26,26,40,pre,post_odor,True,1.5523600578308105,5.474775791168213,-0.8357885479927063
p737,process,,27,27,10,pre,post_odor,True,-0.22544333338737488,4.254054546356201,-3.4993362426757812
p737,process,,28,28,21,pre,post_odor,True,0.9494044184684753,5.742790699005127,-2.3921444416046143
p737,process,,29,29,18,pre,post_odor,True,0.007879698649048805,3.192538261413574,-1.370130181312561
p737,process,,30,30,18,pre,post_odor,True,-0.6429181694984436,1.4880567789077759,-1.9400651454925537
p737,process,,31,31,0,pre,post_odor,True,0.6358734369277954,4.057814121246338,-1.2576076984405518
p737,process,,32,32,12,post,post_odor,True,0.03229746222496033,1.3255953788757324,-0.8476051688194275
p737,process,,33,33,18,post,post_odor,True,-0.08119615912437439,1.1641077995300293,-0.853826642036438
p737,process,,34,34,40,post,post_odor,True,0.11622042953968048,1.3070276975631714,-0.7552533745765686
p737,process,,35,35,32,post,post_odor,True,-0.24827437102794647,0.680557370185852,-1.4191136360168457
p737,process,,36,36,31,post,post_odor,True,0.13795964419841766,1.7668964862823486,-0.7584967613220215
p737,process,,37,37,0,post,post_odor,True,0.15635405480861664,1.8327704668045044,-0.9459442496299744
p737,process,,38,38,4,post,post_odor,True,0.14379677176475525,2.0750410556793213,-0.9985396862030029
p737,process,,39,39,2,post,post_odor,True,0.050635937601327896,1.0713003873825073,-1.097631812095642
p737,process,,40,40,3,post,post_odor,True,-0.06978580355644226,1.2023998498916626,-1.0599561929702759
p737,process,,41,41,21,post,post_odor,True,-0.07084719091653824,1.8482933044433594,-1.1084191799163818
p737,process,,42,42,31,post,post_odor,True,-0.19497551023960114,0.6194628477096558,-0.941794753074646
p737,process,,43,43,2,post,post_odor,True,0.14598827064037323,1.7803398370742798,-1.0613082647323608
p737,process,,44,44,32,post,post_odor,True,-0.01187434047460556,1.4931126832962036,-0.9832926392555237
p737,process,,45,45,40,post,post_odor,True,0.10377826541662216,2.3237833976745605,-1.141470193862915
p737,process,,46,46,1,post,post_odor,True,-0.004577612038701773,1.6046572923660278,-1.1156682968139648
p737,process,,47,47,0,post,post_odor,True,-0.03548348695039749,1.5966800451278687,-0.9133477807044983
p737,process,,48,48,22,post,post_odor,True,0.13261091709136963,1.8888481855392456,-1.2514220476150513
p737,process,,49,49,10,post,post_odor,True,-0.0368809811770916,1.4570392370224,-1.1112815141677856
p737,process,,50,50,1,post,post_odor,True,-0.06726820766925812,2.0074284076690674,-1.3593559265136719
p737,process,,51,51,30,post,post_odor,True,0.18664707243442535,1.5709905624389648,-0.9163147807121277
p737,process,,52,52,12,post,post_odor,True,0.16810894012451172,1.2267310619354248,-1.1356574296951294
p737,process,,53,53,3,post,post_odor,True,-0.13302703201770782,2.2521517276763916,-1.3551549911499023
p737,process,,54,54,21,post,post_odor,True,0.09038703888654709,2.3677985668182373,-1.6117981672286987
p737,process,,55,55,22,post,post_odor,True,0.05111324414610863,1.0393896102905273,-1.1646703481674194
p737,process,,56,56,18,post,post_odor,True,0.14732660353183746,1.9350332021713257,-0.7551484704017639
p737,process,,57,57,30,post,post_odor,True,-0.13416320085525513,1.771938681602478,-1.261603593826294
p737,process,,58,58,17,post,post_odor,True,0.11424968391656876,2.503319501876831,-1.1570318937301636
p737,process,,59,59,39,post,post_odor,True,0.003679224057123065,1.9322675466537476,-1.535045862197876
p737,process,,60,60,39,post,post_odor,True,0.10426671802997589,3.3524587154388428,-1.4509161710739136
p737,process,,61,61,17,post,post_odor,True,-0.04326922446489334,1.608084797859192,-1.2365607023239136
p737,process,,62,62,4,post,post_odor,True,-0.16528649628162384,2.129004955291748,-1.3262007236480713
p759,process,,0,0,39,pre,post_odor,True,2.004096746444702,5.803502082824707,-2.6841800212860107
p759,process,,1,1,17,pre,post_odor,True,2.5393710136413574,8.674995422363281,-3.468949794769287
p759,process,,2,2,32,pre,post_odor,True,3.5745792388916016,11.586432456970215,-0.6988386511802673
p759,process,,3,3,32,pre,post_odor,True,2.543086290359497,8.404768943786621,-0.9505666494369507
p759,process,,4,4,30,pre,post_odor,True,2.2188069820404053,7.269463539123535,-2.0555217266082764
p759,process,,5,5,40,pre,post_odor,True,0.9748495221138,4.7523980140686035,-3.266122341156006
p759,process,,6,6,3,pre,post_odor,True,4.137589454650879,9.985435485839844,0.15930281579494476
p759,process,,7,7,2,pre,post_odor,True,2.3543004989624023,7.092972755432129,-0.8135573267936707
p759,process,,8,8,1,pre,post_odor,True,0.787215530872345,5.80117654800415,-2.719949960708618
p759,process,,9,9,4,pre,post_odor,True,3.5411200523376465,7.653172016143799,-0.49146977066993713
p759,process,,10,10,31,pre,post_odor,True,3.1114702224731445,8.451117515563965,0.16698603332042694
p759,process,,11,11,21,pre,post_odor,True,1.3902945518493652,7.511298179626465,-2.2209208011627197
p759,process,,12,12,2,pre,post_odor,True,0.06156608462333679,3.065115451812744,-2.6020336151123047
p759,process,,13,13,39,pre,post_odor,True,1.4894812107086182,5.275128364562988,-1.2885453701019287
p759,process,,14,14,1,pre,post_odor,True,1.1913564205169678,5.499327182769775,-1.5505084991455078
p759,process,,15,15,12,pre,post_odor,True,2.1743335723876953,6.692408561706543,-0.8239883780479431
p759,process,,16,16,22,pre,post_odor,True,2.724060297012329,7.504387855529785,-0.39035752415657043
p759,process,,17,17,10,pre,post_odor,True,1.3247995376586914,6.432196140289307,-1.2777140140533447
p759,process,,18,18,17,pre,post_odor,True,1.85524320602417,6.088491916656494,-0.70490962266922
p759,process,,19,19,31,pre,post_odor,True,1.0849473476409912,4.464285850524902,-1.594793438911438
p759,process,,20,20,30,pre,post_odor,True,0.6968588829040527,2.735213041305542,-1.052781581878662
p759,process,,21,21,12,pre,post_odor,True,0.10313550382852554,2.964818239212036,-1.3001512289047241
p759,process,,22,22,22,pre,post_odor,True,0.5436819195747375,4.338951110839844,-1.542608380317688
p759,process,,23,23,4,pre,post_odor,True,0.26546597480773926,2.7454211711883545,-1.7257143259048462
p759,process,,24,24,0,pre,post_odor,True,1.5640753507614136,4.4696149826049805,-1.1969513893127441
p759,process,,25,25,3,pre,post_odor,True,2.015575885772705,6.514438152313232,-1.8284187316894531
p759,process,,26,26,40,pre,post_odor,True,2.0427277088165283,7.327401161193848,-3.344334602355957
p759,process,,27,27,10,pre,post_odor,True,0.18997521698474884,5.066310882568359,-2.3688559532165527
p759,process,,28,28,21,pre,post_odor,True,1.6916944980621338,6.469725131988525,-3.3546111583709717
p759,process,,29,29,18,pre,post_odor,True,0.629231333732605,3.7181849479675293,-1.6557326316833496
p759,process,,30,30,18,pre,post_odor,True,-0.19178920984268188,2.228872299194336,-2.261197328567505
p759,process,,31,31,0,pre,post_odor,True,0.7180549502372742,6.072419166564941,-2.0538952350616455
p759,process,,32,32,12,post,post_odor,True,0.3738514482975006,2.5644991397857666,-0.9076250791549683
p759,process,,33,33,18,post,post_odor,True,0.17671923339366913,3.272012710571289,-1.1293463706970215
p759,process,,34,34,40,post,post_odor,True,0.15670819580554962,1.8076554536819458,-0.7837005853652954
p759,process,,35,35,32,post,post_odor,True,0.0028008620720356703,1.9195268154144287,-1.4170594215393066
p759,process,,36,36,31,post,post_odor,True,-0.024182744324207306,1.0324974060058594,-1.1529335975646973
p759,process,,37,37,0,post,post_odor,True,-0.072370745241642,1.6399232149124146,-1.218998908996582
p759,process,,38,38,4,post,post_odor,True,0.15028314292430878,1.2661757469177246,-1.0733786821365356
p759,process,,39,39,2,post,post_odor,True,-0.031974662095308304,1.5903953313827515,-0.9240481853485107
p759,process,,40,40,3,post,post_odor,True,-0.046609219163656235,1.3891748189926147,-1.5980725288391113
p759,process,,41,41,21,post,post_odor,True,0.7275183200836182,2.8726208209991455,-0.8551338315010071
p759,process,,42,42,31,post,post_odor,True,0.3176533877849579,2.4045047760009766,-0.7767305374145508
p759,process,,43,43,2,post,post_odor,True,0.2364506870508194,2.0995900630950928,-0.7144151329994202
p759,process,,44,44,32,post,post_odor,True,0.03572111204266548,2.051574945449829,-1.1531434059143066
p759,process,,45,45,40,post,post_odor,True,-0.029584355652332306,2.224102020263672,-0.9327041506767273
p759,process,,46,46,1,post,post_odor,True,-0.0028394032269716263,0.976081132888794,-1.1260555982589722
p759,process,,47,47,0,post,post_odor,True,-0.06935585290193558,1.749759554862976,-0.9953599572181702
p759,process,,48,48,22,post,post_odor,True,0.06432796269655228,1.544202208518982,-1.1722296476364136
p759,process,,49,49,10,post,post_odor,True,-0.07506494224071503,1.174435019493103,-1.112257480621338
p759,process,,50,50,1,post,post_odor,True,0.14451365172863007,1.7085890769958496,-1.0222716331481934
p759,process,,51,51,30,post,post_odor,True,-0.18236014246940613,1.1195156574249268,-1.2051600217819214
p759,process,,52,52,12,post,post_odor,True,-0.1259491890668869,1.8636153936386108,-1.3933113813400269
p759,process,,53,53,3,post,post_odor,True,0.16816909611225128,2.3292152881622314,-1.0175679922103882
p759,process,,54,54,21,post,post_odor,True,0.8161084651947021,2.3420817852020264,-0.9271527528762817
p759,process,,55,55,22,post,post_odor,True,-0.0579962357878685,1.2627720832824707,-1.0568097829818726
p759,process,,56,56,18,post,post_odor,True,-0.22970286011695862,1.841491937637329,-1.376231074333191
p759,process,,57,57,30,post,post_odor,True,0.17433330416679382,1.5419583320617676,-0.8924168944358826
p759,process,,58,58,17,post,post_odor,True,-0.07658212631940842,1.851230263710022,-1.0835530757904053
p759,process,,59,59,39,post,post_odor,True,-0.03680887445807457,1.6824357509613037,-1.553664207458496
p759,process,,60,60,39,post,post_odor,True,0.16853243112564087,2.1252543926239014,-1.4917632341384888
p759,process,,61,61,17,post,post_odor,True,0.29811716079711914,2.46077299118042,-1.1623059511184692
p759,process,,62,62,4,post,post_odor,True,-0.3937152326107025,1.4958631992340088,-2.018922805786133
p781,process,,0,0,39,pre,post_odor,True,0.7111709713935852,3.491405725479126,-2.038396120071411
p781,process,,1,1,17,pre,post_odor,True,3.6411237716674805,7.129261016845703,-0.5635315179824829
p781,process,,2,2,32,pre,post_odor,True,2.9550509452819824,10.733363151550293,-0.7470372915267944
p781,process,,3,3,32,pre,post_odor,True,3.5085856914520264,10.413270950317383,-0.6701240539550781
p781,process,,4,4,30,pre,post_odor,True,2.681121587753296,10.406505584716797,-1.8178402185440063
p781,process,,5,5,40,pre,post_odor,True,1.0794634819030762,7.986256122589111,-2.876692295074463
p781,process,,6,6,3,pre,post_odor,True,3.909095287322998,6.873055934906006,-0.10740062594413757
p781,process,,7,7,2,pre,post_odor,True,2.296724796295166,6.872616767883301,-0.5846671462059021
p781,process,,8,8,1,pre,post_odor,True,1.207617163658142,7.199247360229492,-1.4309985637664795
p781,process,,9,9,4,pre,post_odor,True,2.9132587909698486,7.59063196182251,-0.1683252900838852
p781,process,,10,10,31,pre,post_odor,True,4.320436000823975,14.148635864257812,-0.6686184406280518
p781,process,,11,11,21,pre,post_odor,True,4.155301094055176,10.937569618225098,-0.8059250712394714
p781,process,,12,12,2,pre,post_odor,True,0.859603226184845,5.559977054595947,-2.136423110961914
p781,process,,13,13,39,pre,post_odor,True,0.5755647420883179,4.428337574005127,-2.1445627212524414
p781,process,,14,14,1,pre,post_odor,True,2.1828651428222656,8.87386417388916,-1.4320695400238037
p781,process,,15,15,12,pre,post_odor,True,3.9683635234832764,14.507974624633789,-1.602367639541626
p781,process,,16,16,22,pre,post_odor,True,4.019752025604248,12.494056701660156,-1.2763530015945435
p781,process,,17,17,10,pre,post_odor,True,1.985581398010254,6.0523505210876465,-1.9944120645523071
p781,process,,18,18,17,pre,post_odor,True,3.944643497467041,8.06624984741211,0.8439362645149231
p781,process,,19,19,31,pre,post_odor,True,3.739917039871216,11.051843643188477,-0.2708986699581146
p781,process,,20,20,30,pre,post_odor,True,3.5766217708587646,9.801593780517578,-0.11749809235334396
p781,process,,21,21,12,pre,post_odor,True,0.999591588973999,5.847779273986816,-2.0786232948303223
p781,process,,22,22,22,pre,post_odor,True,3.664602279663086,12.734021186828613,-1.6584081649780273
p781,process,,23,23,4,pre,post_odor,True,0.8417319655418396,4.085249900817871,-2.1436240673065186
p781,process,,24,24,0,pre,post_odor,True,2.060912847518921,8.894491195678711,-2.1256234645843506
p781,process,,25,25,3,pre,post_odor,True,0.6790449619293213,5.568241119384766,-2.3647656440734863
p781,process,,26,26,40,pre,post_odor,True,2.4342854022979736,7.40794038772583,-2.078357458114624
p781,process,,27,27,10,pre,post_odor,True,0.48964500427246094,5.551814079284668,-2.1872127056121826
p781,process,,28,28,21,pre,post_odor,True,3.8640804290771484,11.545210838317871,-1.8521785736083984
p781,process,,29,29,18,pre,post_odor,True,3.0061821937561035,5.742270469665527,-2.298280954360962
p781,process,,30,30,18,pre,post_odor,True,1.6893987655639648,7.083364486694336,-2.141404151916504
p781,process,,31,31,0,pre,post_odor,True,2.656003952026367,7.003876686096191,-1.6733930110931396
p781,process,,32,32,12,post,post_odor,True,0.1469958871603012,1.5123671293258667,-1.5043705701828003
p781,process,,33,33,18,post,post_odor,True,0.40064361691474915,2.6603329181671143,-0.7612171173095703
p781,process,,34,34,40,post,post_odor,True,0.07673086225986481,1.7436718940734863,-1.4852937459945679
p781,process,,35,35,32,post,post_odor,True,-0.004391657188534737,1.5027776956558228,-1.4589804410934448
p781,process,,36,36,31,post,post_odor,True,0.07142472267150879,2.274326801300049,-1.2835661172866821
p781,process,,37,37,0,post,post_odor,True,0.018960019573569298,1.4800294637680054,-0.9889547228813171
p781,process,,38,38,4,post,post_odor,True,0.39721977710723877,2.5970945358276367,-1.2509320974349976
p781,process,,39,39,2,post,post_odor,True,0.20774579048156738,1.996220588684082,-1.1497011184692383
p781,process,,40,40,3,post,post_odor,True,0.34112635254859924,1.788055181503296,-1.1998976469039917
p781,process,,41,41,21,post,post_odor,True,4.193190097808838,9.078426361083984,0.35902372002601624
p781,process,,42,42,31,post,post_odor,True,0.09512549638748169,1.6779457330703735,-1.1716251373291016
p781,process,,43,43,2,post,post_odor,True,0.11730949580669403,1.5834808349609375,-0.921990156173706
p781,process,,44,44,32,post,post_odor,True,0.14443331956863403,2.0226006507873535,-1.2365175485610962
p781,process,,45,45,40,post,post_odor,True,-0.21153363585472107,1.348850965499878,-1.221967101097107
p781,process,,46,46,1,post,post_odor,True,-0.21538743376731873,1.0329008102416992,-1.3749197721481323
p781,process,,47,47,0,post,post_odor,True,0.11121394485235214,1.7918304204940796,-1.387170433998108
p781,process,,48,48,22,post,post_odor,True,0.07652927190065384,1.7144943475723267,-1.28636634349823
p781,process,,49,49,10,post,post_odor,True,-0.14919550716876984,0.8923439979553223,-1.340469479560852
p781,process,,50,50,1,post,post_odor,True,0.048306744545698166,1.4558446407318115,-1.078772783279419
p781,process,,51,51,30,post,post_odor,True,0.37137019634246826,2.404198169708252,-0.7074682712554932
p781,process,,52,52,12,post,post_odor,True,0.29619622230529785,1.8762837648391724,-1.2703843116760254
p781,process,,53,53,3,post,post_odor,True,0.38253095746040344,1.777084231376648,-0.6960082054138184
p781,process,,54,54,21,post,post_odor,True,3.404710054397583,7.304378986358643,-0.17684341967105865
p781,process,,55,55,22,post,post_odor,True,0.14478154480457306,2.487316846847534,-1.1527423858642578
p781,process,,56,56,18,post,post_odor,True,0.6540597677230835,2.469460964202881,-0.8052573800086975
p781,process,,57,57,30,post,post_odor,True,0.5089045763015747,1.7924840450286865,-0.7184171080589294
p781,process,,58,58,17,post,post_odor,True,0.5126766562461853,2.837634325027466,-0.6547965407371521
p781,process,,59,59,39,post,post_odor,True,-0.03558363765478134,1.4470967054367065,-1.2591532468795776
p781,process,,60,60,39,post,post_odor,True,-0.0004536877677310258,2.252140760421753,-1.1411181688308716
p781,process,,61,61,17,post,post_odor,True,0.40363287925720215,1.8608816862106323,-1.2276980876922607
p781,process,,62,62,4,post,post_odor,True,0.04481179267168045,1.2112258672714233,-0.9801642298698425
p804,process,,0,0,39,pre,post_odor,True,0.287381112575531,6.311948776245117,-2.9587836265563965
p804,process,,1,1,17,pre,post_odor,True,1.7347193956375122,7.040565013885498,-1.9952034950256348
p804,process,,2,2,32,pre,post_odor,True,1.9424166679382324,5.575202465057373,-1.6438798904418945
p804,process,,3,3,32,pre,post_odor,True,1.3624730110168457,7.831945419311523,-2.0706629753112793
p804,process,,4,4,30,pre,post_odor,True,1.1882296800613403,7.799734592437744,-1.3107191324234009
p804,process,,5,5,40,pre,post_odor,True,0.8550976514816284,5.230687618255615,-2.772723913192749
p804,process,,6,6,3,pre,post_odor,True,1.7627036571502686,5.224163055419922,-2.1166346073150635
p804,process,,7,7,2,pre,post_odor,True,1.7777639627456665,5.4363484382629395,-1.4098527431488037
p804,process,,8,8,1,pre,post_odor,True,0.4265478551387787,4.088341236114502,-2.359792947769165
p804,process,,9,9,4,pre,post_odor,True,1.006174087524414,4.445657253265381,-1.2514837980270386
p804,process,,10,10,31,pre,post_odor,True,1.4441710710525513,7.013282775878906,-1.9364668130874634
p804,process,,11,11,21,pre,post_odor,True,0.9639814496040344,5.427145004272461,-1.5651272535324097
p804,process,,12,12,2,pre,post_odor,True,0.6530947685241699,4.671723365783691,-1.639502763748169
p804,process,,13,13,39,pre,post_odor,True,0.27978515625,3.1581859588623047,-1.9866523742675781
p804,process,,14,14,1,pre,post_odor,True,0.5447275638580322,4.457413196563721,-2.4115002155303955
p804,process,,15,15,12,pre,post_odor,True,1.261279821395874,5.303686618804932,-1.1843866109848022
p804,process,,16,16,22,pre,post_odor,True,1.511560082435608,6.281199932098389,-1.3408269882202148
p804,process,,17,17,10,pre,post_odor,True,0.5893124938011169,2.522106170654297,-2.190673828125
p804,process,,18,18,17,pre,post_odor,True,0.9608837366104126,4.266725540161133,-1.8595504760742188
p804,process,,19,19,31,pre,post_odor,True,1.2128015756607056,4.534978866577148,-1.3889951705932617
p804,process,,20,20,30,pre,post_odor,True,0.8592365384101868,5.579432487487793,-1.079014778137207
p804,process,,21,21,12,pre,post_odor,True,0.267015665769577,2.5687708854675293,-2.2369332313537598
p804,process,,22,22,22,pre,post_odor,True,0.9470652341842651,4.790886402130127,-1.080043077468872
p804,process,,23,23,4,pre,post_odor,True,0.3226557672023773,2.7869389057159424,-1.6172778606414795
p804,process,,24,24,0,pre,post_odor,True,1.2056818008422852,5.0073137283325195,-1.376924753189087
p804,process,,25,25,3,pre,post_odor,True,0.3296022117137909,3.3325040340423584,-1.4585508108139038
p804,process,,26,26,40,pre,post_odor,True,1.2878786325454712,4.447629451751709,-1.7028543949127197
p804,process,,27,27,10,pre,post_odor,True,0.27320319414138794,2.4597065448760986,-1.8636913299560547
p804,process,,28,28,21,pre,post_odor,True,1.4718306064605713,6.605978965759277,-1.081599235534668
p804,process,,29,29,18,pre,post_odor,True,0.8038268685340881,4.711231708526611,-1.322003722190857
p804,process,,30,30,18,pre,post_odor,True,0.6484759449958801,3.3953280448913574,-2.2454535961151123
p804,process,,31,31,0,pre,post_odor,True,0.9493175745010376,3.2599267959594727,-1.1306854486465454
p804,process,,32,32,12,post,post_odor,True,0.09683110564947128,2.364934206008911,-1.3071837425231934
p804,process,,33,33,18,post,post_odor,True,0.20846571028232574,2.0269997119903564,-1.1183677911758423
p804,process,,34,34,40,post,post_odor,True,0.15808063745498657,1.9112595319747925,-1.033521294593811
p804,process,,35,35,32,post,post_odor,True,-0.0025018821470439434,2.0441782474517822,-1.2891499996185303
p804,process,,36,36,31,post,post_odor,True,-0.00721694016829133,1.8468685150146484,-1.1437126398086548
p804,process,,37,37,0,post,post_odor,True,0.12104368954896927,2.8337209224700928,-1.293232798576355
p804,process,,38,38,4,post,post_odor,True,0.08793489634990692,1.7802820205688477,-0.9618034958839417
p804,process,,39,39,2,post,post_odor,True,0.25174054503440857,1.6888171434402466,-1.094175100326538
p804,process,,40,40,3,post,post_odor,True,0.09973879158496857,1.8813447952270508,-0.9701845645904541
p804,process,,41,41,21,post,post_odor,True,1.241093397140503,4.9764556884765625,-0.46909457445144653
p804,process,,42,42,31,post,post_odor,True,-0.00890937726944685,2.007735252380371,-1.1726067066192627
p804,process,,43,43,2,post,post_odor,True,0.05514489859342575,1.9007443189620972,-0.8712708353996277
p804,process,,44,44,32,post,post_odor,True,-0.12020207196474075,1.1412526369094849,-1.4032025337219238
p804,process,,45,45,40,post,post_odor,True,-0.006183089222759008,1.7008552551269531,-1.0044323205947876
p804,process,,46,46,1,post,post_odor,True,0.21318869292736053,2.686763048171997,-0.8635063171386719
p804,process,,47,47,0,post,post_odor,True,0.08764735609292984,2.0032296180725098,-0.9319325089454651
p804,process,,48,48,22,post,post_odor,True,-0.03555025905370712,1.9688279628753662,-1.059763789176941
p804,process,,49,49,10,post,post_odor,True,-0.051269952207803726,1.708237886428833,-1.0081413984298706
p804,process,,50,50,1,post,post_odor,True,-0.08837317675352097,1.5073333978652954,-1.2495982646942139
p804,process,,51,51,30,post,post_odor,True,0.009349732659757137,1.3985633850097656,-1.1940536499023438
p804,process,,52,52,12,post,post_odor,True,-0.035993363708257675,2.8397622108459473,-1.1784613132476807
p804,process,,53,53,3,post,post_odor,True,0.1545289009809494,2.7085015773773193,-1.0173888206481934
p804,process,,54,54,21,post,post_odor,True,1.0586501359939575,3.866429567337036,-0.8118833899497986
p804,process,,55,55,22,post,post_odor,True,0.13852019608020782,1.804164171218872,-1.3738536834716797
p804,process,,56,56,18,post,post_odor,True,0.24997007846832275,1.8202050924301147,-0.8749370574951172
p804,process,,57,57,30,post,post_odor,True,0.10104572772979736,1.784995198249817,-1.1941115856170654
p804,process,,58,58,17,post,post_odor,True,0.048020731657743454,1.7844414710998535,-1.3154712915420532
p804,process,,59,59,39,post,post_odor,True,0.02282540313899517,1.609216570854187,-1.3591243028640747
p804,process,,60,60,39,post,post_odor,True,0.28863561153411865,3.0977461338043213,-1.2813067436218262
p804,process,,61,61,17,post,post_odor,True,0.2163257598876953,2.1161141395568848,-1.6125233173370361
p804,process,,62,62,4,post,post_odor,True,0.32663482427597046,2.591916799545288,-0.9577471017837524
p826,process,,0,0,39,pre,post_odor,True,0.43445661664009094,3.8963019847869873,-3.0118842124938965
p826,process,,1,1,17,pre,post_odor,True,0.20285499095916748,4.462032318115234,-1.9400306940078735
p826,process,,2,2,32,pre,post_odor,True,0.6857757568359375,4.834247589111328,-1.5782636404037476
p826,process,,3,3,32,pre,post_odor,True,0.49737676978111267,3.2149269580841064,-1.78450608253479
p826,process,,4,4,30,pre,post_odor,True,-0.061874959617853165,2.756619691848755,-2.719090461730957
p826,process,,5,5,40,pre,post_odor,True,-0.34868738055229187,3.1406280994415283,-2.0760669708251953
p826,process,,6,6,3,pre,post_odor,True,0.5653974413871765,3.3764381408691406,-1.5351985692977905
p826,process,,7,7,2,pre,post_odor,True,0.25589650869369507,2.7468152046203613,-2.2686800956726074
p826,process,,8,8,1,pre,post_odor,True,0.037700850516557693,4.286296367645264,-2.961378812789917
p826,process,,9,9,4,pre,post_odor,True,0.633216381072998,3.170222282409668,-1.848354697227478
p826,process,,10,10,31,pre,post_odor,True,1.2456296682357788,4.766389846801758,-1.392412781715393
p826,process,,11,11,21,pre,post_odor,True,0.04307815432548523,1.9751852750778198,-2.211555004119873
p826,process,,12,12,2,pre,post_odor,True,-0.39734476804733276,2.162767171859741,-2.5063974857330322
p826,process,,13,13,39,pre,post_odor,True,0.42560532689094543,2.6465566158294678,-2.2330541610717773
p826,process,,14,14,1,pre,post_odor,True,0.35708606243133545,3.4074947834014893,-2.336138963699341
p826,process,,15,15,12,pre,post_odor,True,0.7830317616462708,3.4713997840881348,-2.0020124912261963
p826,process,,16,16,22,pre,post_odor,True,0.8372266888618469,3.7437775135040283,-1.425840973854065
p826,process,,17,17,10,pre,post_odor,True,0.9125301837921143,5.664898872375488,-1.7376108169555664
p826,process,,18,18,17,pre,post_odor,True,0.7307630181312561,4.209151268005371,-1.632554054260254
p826,process,,19,19,31,pre,post_odor,True,0.7612678408622742,4.512092590332031,-1.4923275709152222
p826,process,,20,20,30,pre,post_odor,True,0.2406916320323944,3.679081916809082,-1.633806824684143
p826,process,,21,21,12,pre,post_odor,True,-0.058057475835084915,1.9079792499542236,-2.238199472427368
p826,process,,22,22,22,pre,post_odor,True,0.20337046682834625,2.7081165313720703,-2.070866346359253
p826,process,,23,23,4,pre,post_odor,True,-0.06637405604124069,2.3539745807647705,-1.888572096824646
p826,process,,24,24,0,pre,post_odor,True,0.5690221190452576,5.312877655029297,-2.650763988494873
p826,process,,25,25,3,pre,post_odor,True,0.4244302213191986,2.183258533477783,-0.983557939529419
p826,process,,26,26,40,pre,post_odor,True,0.5948127508163452,3.065001964569092,-1.058836579322815
p826,process,,27,27,10,pre,post_odor,True,0.0588691420853138,2.7561841011047363,-1.9143147468566895
p826,process,,28,28,21,pre,post_odor,True,0.2984050214290619,3.505054473876953,-2.5337424278259277
p826,process,,29,29,18,pre,post_odor,True,0.7101492881774902,3.7837395668029785,-1.6091519594192505
p826,process,,30,30,18,pre,post_odor,True,-0.007744630333036184,3.040679454803467,-2.180893659591675
p826,process,,31,31,0,pre,post_odor,True,0.5794875025749207,5.668352127075195,-2.4114630222320557
p826,process,,32,32,12,post,post_odor,True,0.16756270825862885,2.313730239868164,-1.1169557571411133
p826,process,,33,33,18,post,post_odor,True,0.2717706561088562,2.5942068099975586,-1.4873161315917969
p826,process,,34,34,40,post,post_odor,True,0.022402193397283554,2.05178165435791,-1.5638506412506104
p826,process,,35,35,32,post,post_odor,True,0.32002609968185425,3.607692003250122,-1.3739522695541382
p826,process,,36,36,31,post,post_odor,True,-0.015823794528841972,2.8180952072143555,-1.3845833539962769
p826,process,,37,37,0,post,post_odor,True,-0.2505774199962616,2.3938469886779785,-1.9331135749816895
p826,process,,38,38,4,post,post_odor,True,0.23811405897140503,1.944044828414917,-1.11478590965271
p826,process,,39,39,2,post,post_odor,True,-0.0022839996963739395,1.6487995386123657,-1.298793077468872
p826,process,,40,40,3,post,post_odor,True,0.022752422839403152,2.6142942905426025,-1.1803152561187744
p826,process,,41,41,21,post,post_odor,True,0.7183274030685425,4.046494960784912,-1.0113816261291504
p826,process,,42,42,31,post,post_odor,True,0.14227195084095,1.7195549011230469,-1.2565399408340454
p826,process,,43,43,2,post,post_odor,True,-0.2618695795536041,2.4852983951568604,-1.9392380714416504
p826,process,,44,44,32,post,post_odor,True,0.31989994645118713,2.285175085067749,-1.9423314332962036
p826,process,,45,45,40,post,post_odor,True,-0.2438916712999344,1.2399729490280151,-2.214892864227295
p826,process,,46,46,1,post,post_odor,True,0.2902716398239136,2.6812076568603516,-1.523651361465454
p826,process,,47,47,0,post,post_odor,True,0.02673925645649433,2.2360992431640625,-1.8914005756378174
p826,process,,48,48,22,post,post_odor,True,-0.03963220492005348,2.40569806098938,-1.528910756111145
p826,process,,49,49,10,post,post_odor,True,-0.23296184837818146,1.5845718383789062,-1.864198088645935
p826,process,,50,50,1,post,post_odor,True,-0.0010066102258861065,2.0766794681549072,-1.9352390766143799
p826,process,,51,51,30,post,post_odor,True,-0.07144678384065628,2.012307643890381,-1.4166010618209839
p826,process,,52,52,12,post,post_odor,True,0.20207908749580383,2.309908151626587,-1.2500516176223755
p826,process,,53,53,3,post,post_odor,True,0.3314928412437439,2.2614810466766357,-1.6501238346099854
p826,process,,54,54,21,post,post_odor,True,0.7597706317901611,3.3544771671295166,-0.9540147185325623
p826,process,,55,55,22,post,post_odor,True,0.18481481075286865,2.368133068084717,-1.541779637336731
p826,process,,56,56,18,post,post_odor,True,-0.041726283729076385,2.190384864807129,-1.6009455919265747
p826,process,,57,57,30,post,post_odor,True,0.23169371485710144,3.116673231124878,-1.4748930931091309
p826,process,,58,58,17,post,post_odor,True,0.08786370605230331,1.9247745275497437,-1.4165096282958984
p826,process,,59,59,39,post,post_odor,True,0.17938292026519775,1.881683111190796,-1.221286654472351
p826,process,,60,60,39,post,post_odor,True,0.22333084046840668,2.703216075897217,-1.764176845550537
p826,process,,61,61,17,post,post_odor,True,0.40094390511512756,2.077831506729126,-1.3253700733184814
p826,process,,62,62,4,post,post_odor,True,-0.010908998548984528,1.9085222482681274,-1.2309918403625488
p848,process,,0,0,39,pre,post_odor,True,1.5518828630447388,7.64569091796875,-2.3589985370635986
p848,process,,1,1,17,pre,post_odor,True,1.7466678619384766,4.926819801330566,-0.9357983469963074
p848,process,,2,2,32,pre,post_odor,True,1.972861886024475,7.530036449432373,-2.1176466941833496
p848,process,,3,3,32,pre,post_odor,True,1.9206846952438354,8.316944122314453,-3.3200254440307617
p848,process,,4,4,30,pre,post_odor,True,1.453283429145813,7.900959014892578,-1.8625537157058716
p848,process,,5,5,40,pre,post_odor,True,0.007349369581788778,5.1176862716674805,-2.269313335418701
p848,process,,6,6,3,pre,post_odor,True,1.8371387720108032,5.046353340148926,-0.9528301954269409
p848,process,,7,7,2,pre,post_odor,True,-0.13898110389709473,2.686918020248413,-1.492748737335205
p848,process,,8,8,1,pre,post_odor,True,-0.8718485832214355,1.2435405254364014,-3.007873058319092
p848,process,,9,9,4,pre,post_odor,True,0.7604113817214966,3.3482718467712402,-0.8974510431289673
p848,process,,10,10,31,pre,post_odor,True,1.737056016921997,8.292335510253906,-2.3104782104492188
p848,process,,11,11,21,pre,post_odor,True,0.7754693031311035,5.144150733947754,-2.3277640342712402
p848,process,,12,12,2,pre,post_odor,True,0.19585053622722626,4.532369613647461,-2.8685624599456787
p848,process,,13,13,39,pre,post_odor,True,2.2258918285369873,8.780843734741211,-2.371114492416382
p848,process,,14,14,1,pre,post_odor,True,0.5512818098068237,6.441164970397949,-1.5545300245285034
p848,process,,15,15,12,pre,post_odor,True,2.82088041305542,10.641915321350098,-2.1165056228637695
p848,process,,16,16,22,pre,post_odor,True,3.27885103225708,14.618127822875977,-1.544716477394104
p848,process,,17,17,10,pre,post_odor,True,0.5531267523765564,5.269901752471924,-2.180779457092285
p848,process,,18,18,17,pre,post_odor,True,3.9523162841796875,7.646372318267822,0.20627284049987793
p848,process,,19,19,31,pre,post_odor,True,1.8958582878112793,5.827733516693115,-0.9139264822006226
p848,process,,20,20,30,pre,post_odor,True,1.1013325452804565,4.091782569885254,-1.009497046470642
p848,process,,21,21,12,pre,post_odor,True,0.3592851758003235,4.053430080413818,-2.184281826019287
p848,process,,22,22,22,pre,post_odor,True,1.3583965301513672,5.0758280754089355,-1.23471999168396
p848,process,,23,23,4,pre,post_odor,True,-0.1933303326368332,2.8000669479370117,-2.350688934326172
p848,process,,24,24,0,pre,post_odor,True,1.4673290252685547,5.275140285491943,-1.8024165630340576
p848,process,,25,25,3,pre,post_odor,True,0.3144269585609436,3.912200927734375,-1.674482822418213
p848,process,,26,26,40,pre,post_odor,True,0.7747044563293457,4.818786144256592,-1.512987732887268
p848,process,,27,27,10,pre,post_odor,True,-0.026941748335957527,3.181382417678833,-1.420853614807129
p848,process,,28,28,21,pre,post_odor,True,0.8619382977485657,6.362768173217773,-1.8186109066009521
p848,process,,29,29,18,pre,post_odor,True,0.4895382821559906,2.5475356578826904,-1.0055010318756104
p848,process,,30,30,18,pre,post_odor,True,-0.3336467742919922,1.812328815460205,-1.489053726196289
p848,process,,31,31,0,pre,post_odor,True,0.4030520021915436,2.9852023124694824,-1.148573398590088
p848,process,,32,32,12,post,post_odor,True,-0.09050954878330231,1.9184578657150269,-1.0887385606765747
p848,process,,33,33,18,post,post_odor,True,-0.032607533037662506,1.9360283613204956,-0.9712962508201599
p848,process,,34,34,40,post,post_odor,True,-0.05950447916984558,0.9943100810050964,-1.1463581323623657
p848,process,,35,35,32,post,post_odor,True,0.0650058463215828,1.1136438846588135,-0.9296391606330872
p848,process,,36,36,31,post,post_odor,True,0.1380452662706375,2.604058027267456,-0.7611449360847473
p848,process,,37,37,0,post,post_odor,True,0.07343367487192154,1.9769845008850098,-0.8200872540473938
p848,process,,38,38,4,post,post_odor,True,0.03586379811167717,1.1137781143188477,-0.8107745051383972
p848,process,,39,39,2,post,post_odor,True,0.0348767526447773,1.4842904806137085,-0.9571424126625061
p848,process,,40,40,3,post,post_odor,True,-0.05397297069430351,1.335159420967102,-1.0636365413665771
p848,process,,41,41,21,post,post_odor,True,-0.00721478508785367,1.763413429260254,-1.039660930633545
p848,process,,42,42,31,post,post_odor,True,-0.10612494498491287,1.935331106185913,-0.9843438267707825
p848,process,,43,43,2,post,post_odor,True,-0.10335156321525574,0.8455460667610168,-0.9778071045875549
p848,process,,44,44,32,post,post_odor,True,0.10727925598621368,2.1179943084716797,-1.0087380409240723
p848,process,,45,45,40,post,post_odor,True,-0.04110744595527649,1.2618274688720703,-1.0896310806274414
p848,process,,46,46,1,post,post_odor,True,0.19734005630016327,1.9231462478637695,-0.9626514911651611
p848,process,,47,47,0,post,post_odor,True,0.11912218481302261,1.3359099626541138,-0.9447405934333801
p848,process,,48,48,22,post,post_odor,True,-0.09873771667480469,1.279475450515747,-0.9661432504653931
p848,process,,49,49,10,post,post_odor,True,-0.1745540350675583,1.277985692024231,-1.0370545387268066
p848,process,,50,50,1,post,post_odor,True,0.028175562620162964,1.1993193626403809,-0.8782669901847839
p848,process,,51,51,30,post,post_odor,True,0.15164948999881744,1.9785714149475098,-0.8040553331375122
p848,process,,52,52,12,post,post_odor,True,0.0877891257405281,1.6280523538589478,-0.9720991849899292
p848,process,,53,53,3,post,post_odor,True,0.021101290360093117,1.2530797719955444,-0.9497246146202087
p848,process,,54,54,21,post,post_odor,True,0.05954299122095108,1.5058104991912842,-0.8322665691375732
p848,process,,55,55,22,post,post_odor,True,-0.04938624054193497,1.2855538129806519,-1.037204384803772
p848,process,,56,56,18,post,post_odor,True,-0.22471581399440765,0.7534894347190857,-1.2771097421646118
p848,process,,57,57,30,post,post_odor,True,0.01902356743812561,2.1997551918029785,-0.8748207092285156
p848,process,,58,58,17,post,post_odor,True,0.003557786578312516,2.093149423599243,-1.1535475254058838
p848,process,,59,59,39,post,post_odor,True,0.005886800121515989,1.923594355583191,-1.03975248336792
p848,process,,60,60,39,post,post_odor,True,0.16714702546596527,2.8443095684051514,-0.8019152879714966
p848,process,,61,61,17,post,post_odor,True,0.08008085191249847,1.59707510471344,-0.8091793656349182
p848,process,,62,62,4,post,post_odor,True,0.16125290095806122,2.128126382827759,-0.9572349190711975
p871,process,,0,0,39,pre,post_odor,True,1.9621598720550537,5.011690616607666,-0.5390395522117615
p871,process,,1,1,17,pre,post_odor,True,0.38761433959007263,3.7609670162200928,-2.449643611907959
p871,process,,2,2,32,pre,post_odor,True,1.7700434923171997,5.510308742523193,-1.6018608808517456
p871,process,,3,3,32,pre,post_odor,True,1.7627025842666626,6.406914710998535,-1.9710171222686768
p871,process,,4,4,30,pre,post_odor,True,1.0695273876190186,4.738248348236084,-2.290621757507324
p871,process,,5,5,40,pre,post_odor,True,0.3404707908630371,3.4808459281921387,-2.940918207168579
p871,process,,6,6,3,pre,post_odor,True,3.473010778427124,8.15511417388916,0.07618536055088043
p871,process,,7,7,2,pre,post_odor,True,2.1171436309814453,5.324702262878418,-1.5553839206695557
p871,process,,8,8,1,pre,post_odor,True,1.1403028964996338,5.985318183898926,-1.719016671180725
p871,process,,9,9,4,pre,post_odor,True,2.5763046741485596,8.24332332611084,-0.6151828765869141
p871,process,,10,10,31,pre,post_odor,True,1.322817087173462,5.073572635650635,-2.3386025428771973
p871,process,,11,11,21,pre,post_odor,True,0.4504252076148987,3.7209041118621826,-2.297053098678589
p871,process,,12,12,2,pre,post_odor,True,0.7067802548408508,3.43561053276062,-1.5801184177398682
p871,process,,13,13,39,pre,post_odor,True,2.09016489982605,5.018263339996338,-1.5667524337768555
p871,process,,14,14,1,pre,post_odor,True,1.167448878288269,4.952635288238525,-0.6637953519821167
p871,process,,15,15,12,pre,post_odor,True,1.5432485342025757,4.77947473526001,-1.5894969701766968
p871,process,,16,16,22,pre,post_odor,True,1.5075708627700806,4.875140190124512,-1.0841586589813232
p871,process,,17,17,10,pre,post_odor,True,2.1605026721954346,5.461040019989014,-0.6853547096252441
p871,process,,18,18,17,pre,post_odor,True,1.6568434238433838,4.938880443572998,-0.6245148777961731
p871,process,,19,19,31,pre,post_odor,True,0.6104060411453247,3.7732152938842773,-2.317659854888916
p871,process,,20,20,30,pre,post_odor,True,0.5474541783332825,4.031412124633789,-2.2968173027038574
p871,process,,21,21,12,pre,post_odor,True,0.08052772283554077,3.935439348220825,-3.348001003265381
p871,process,,22,22,22,pre,post_odor,True,-0.18115070462226868,3.2025747299194336,-2.623818874359131
p871,process,,23,23,4,pre,post_odor,True,1.1816692352294922,4.820701599121094,-1.415242075920105
p871,process,,24,24,0,pre,post_odor,True,1.3914936780929565,6.101957321166992,-2.2070059776306152
p871,process,,25,25,3,pre,post_odor,True,1.8755656480789185,5.913498878479004,-1.0093437433242798
p871,process,,26,26,40,pre,post_odor,True,1.6464205980300903,4.487171173095703,-0.434697687625885
p871,process,,27,27,10,pre,post_odor,True,2.1739046573638916,5.068262100219727,-1.3290553092956543
p871,process,,28,28,21,pre,post_odor,True,1.246373176574707,3.4212303161621094,-1.5352017879486084
p871,process,,29,29,18,pre,post_odor,True,1.2536838054656982,4.140764236450195,-1.3084132671356201
p871,process,,30,30,18,pre,post_odor,True,-0.6678608655929565,1.3797237873077393,-2.261707305908203
p871,process,,31,31,0,pre,post_odor,True,1.139450192451477,3.939622163772583,-1.222371220588684
p871,process,,32,32,12,post,post_odor,True,0.192229226231575,1.3184990882873535,-1.0067662000656128
p871,process,,33,33,18,post,post_odor,True,0.3769243657588959,1.8305684328079224,-0.9473646879196167
p871,process,,34,34,40,post,post_odor,True,-0.2912200689315796,1.5774818658828735,-1.4451639652252197
p871,process,,35,35,32,post,post_odor,True,-0.14221017062664032,1.5314401388168335,-1.071820855140686
p871,process,,36,36,31,post,post_odor,True,0.026529530063271523,1.4905498027801514,-1.7986607551574707
p871,process,,37,37,0,post,post_odor,True,0.12188096344470978,1.6394654512405396,-1.1278208494186401
p871,process,,38,38,4,post,post_odor,True,0.18331460654735565,1.6295394897460938,-1.3115383386611938
p871,process,,39,39,2,post,post_odor,True,0.40719571709632874,2.047619104385376,-0.6635898351669312
p871,process,,40,40,3,post,post_odor,True,0.2276783436536789,1.5807301998138428,-1.6091135740280151
p871,process,,41,41,21,post,post_odor,True,0.6240003705024719,2.3249893188476562,-0.4483579397201538
p871,process,,42,42,31,post,post_odor,True,0.049247827380895615,1.6915665864944458,-1.6958194971084595
p871,process,,43,43,2,post,post_odor,True,0.041726093739271164,1.231629490852356,-1.2616719007492065
p871,process,,44,44,32,post,post_odor,True,0.29255470633506775,1.9771159887313843,-1.0313568115234375
p871,process,,45,45,40,post,post_odor,True,0.0706217810511589,1.989310383796692,-1.0421468019485474
p871,process,,46,46,1,post,post_odor,True,0.07248714566230774,1.2976700067520142,-1.3354880809783936
p871,process,,47,47,0,post,post_odor,True,0.017019154503941536,1.0867254734039307,-1.1944282054901123
p871,process,,48,48,22,post,post_odor,True,0.130708709359169,1.8234381675720215,-0.842919111251831
p871,process,,49,49,10,post,post_odor,True,-0.1777368187904358,1.2992693185806274,-1.4657189846038818
p871,process,,50,50,1,post,post_odor,True,0.1327751874923706,1.5176029205322266,-1.018582820892334
p871,process,,51,51,30,post,post_odor,True,0.1424826681613922,1.0517066717147827,-1.1520074605941772
p871,process,,52,52,12,post,post_odor,True,0.11090616136789322,1.3975573778152466,-0.9850308299064636
p871,process,,53,53,3,post,post_odor,True,0.023498471826314926,1.28704035282135,-1.21217679977417
p871,process,,54,54,21,post,post_odor,True,0.2683786153793335,1.8768229484558105,-0.8237012624740601
p871,process,,55,55,22,post,post_odor,True,0.10783457010984421,1.8458060026168823,-1.1829015016555786
p871,process,,56,56,18,post,post_odor,True,-0.08117754012346268,1.1497653722763062,-1.1402809619903564
p871,process,,57,57,30,post,post_odor,True,0.22893331944942474,1.5579646825790405,-0.8705978989601135
p871,process,,58,58,17,post,post_odor,True,-0.14878514409065247,1.1337248086929321,-1.1940263509750366
p871,process,,59,59,39,post,post_odor,True,0.3508061170578003,1.7514327764511108,-0.9392901062965393
p871,process,,60,60,39,post,post_odor,True,0.26947954297065735,1.808868408203125,-0.9471750855445862
p871,process,,61,61,17,post,post_odor,True,0.3262852728366852,2.537360429763794,-0.8242043256759644
p871,process,,62,62,4,post,post_odor,True,0.11998317390680313,1.7458722591400146,-1.0427327156066895
p893,process,,0,0,39,pre,post_odor,True,1.614986538887024,5.835943222045898,-3.9836630821228027
p893,process,,1,1,17,pre,post_odor,True,1.2271177768707275,5.745846748352051,-4.314024448394775
p893,process,,2,2,32,pre,post_odor,True,1.0604846477508545,5.236111164093018,-3.6404471397399902
p893,process,,3,3,32,pre,post_odor,True,0.6969032883644104,4.826733112335205,-2.814089059829712
p893,process,,4,4,30,pre,post_odor,True,0.41919103264808655,3.488558053970337,-2.5597827434539795
p893,process,,5,5,40,pre,post_odor,True,0.43284255266189575,4.143970966339111,-3.4937727451324463
p893,process,,6,6,3,pre,post_odor,True,1.8120023012161255,5.952716827392578,-1.522688388824463
p893,process,,7,7,2,pre,post_odor,True,1.5690038204193115,3.6055586338043213,-1.40339994430542
p893,process,,8,8,1,pre,post_odor,True,0.14346091449260712,3.3470683097839355,-1.9771170616149902
p893,process,,9,9,4,pre,post_odor,True,0.16202232241630554,3.8481199741363525,-4.010076522827148
p893,process,,10,10,31,pre,post_odor,True,0.15792782604694366,4.010343551635742,-2.297776460647583
p893,process,,11,11,21,pre,post_odor,True,0.9363758563995361,6.567015647888184,-1.8927805423736572
p893,process,,12,12,2,pre,post_odor,True,1.2817182540893555,3.7708218097686768,-1.9762645959854126
p893,process,,13,13,39,pre,post_odor,True,-0.18770819902420044,2.8949739933013916,-3.3942136764526367
p893,process,,14,14,1,pre,post_odor,True,-0.09419044107198715,3.2488749027252197,-2.619455337524414
p893,process,,15,15,12,pre,post_odor,True,0.18138058483600616,2.8826818466186523,-2.287614583969116
p893,process,,16,16,22,pre,post_odor,True,0.5474016070365906,4.810108661651611,-2.0057222843170166
p893,process,,17,17,10,pre,post_odor,True,-0.5768145322799683,2.0323948860168457,-2.74971342086792
p893,process,,18,18,17,pre,post_odor,True,0.1498280018568039,4.875723838806152,-2.1425514221191406
p893,process,,19,19,31,pre,post_odor,True,-0.7519897818565369,1.8519861698150635,-3.635925769805908
p893,process,,20,20,30,pre,post_odor,True,-0.10801391303539276,2.1912968158721924,-2.2675671577453613
p893,process,,21,21,12,pre,post_odor,True,0.5816394090652466,2.9768691062927246,-2.1319587230682373
p893,process,,22,22,22,pre,post_odor,True,-0.7700684666633606,1.826639175415039,-3.184857130050659
p893,process,,23,23,4,pre,post_odor,True,-0.22384369373321533,1.7811228036880493,-2.2060210704803467
p893,process,,24,24,0,pre,post_odor,True,0.8726895451545715,4.510249137878418,-1.5453466176986694
p893,process,,25,25,3,pre,post_odor,True,-0.4428927004337311,3.1985082626342773,-3.5151891708374023
p893,process,,26,26,40,pre,post_odor,True,-0.13648900389671326,2.7036871910095215,-1.945324182510376
p893,process,,27,27,10,pre,post_odor,True,-0.05916228145360947,2.3924760818481445,-2.0790486335754395
p893,process,,28,28,21,pre,post_odor,True,0.921233594417572,5.403403282165527,-2.0151712894439697
p893,process,,29,29,18,pre,post_odor,True,0.4763469994068146,3.143491268157959,-1.4579790830612183
p893,process,,30,30,18,pre,post_odor,True,-0.5884894728660583,1.408119559288025,-3.0686678886413574
p893,process,,31,31,0,pre,post_odor,True,0.8236633539199829,5.3888983726501465,-1.6960283517837524
p893,process,,32,32,12,post,post_odor,True,0.0917152389883995,1.6276310682296753,-1.1321446895599365
p893,process,,33,33,18,post,post_odor,True,0.1972343474626541,1.8828861713409424,-0.8335099816322327
p893,process,,34,34,40,post,post_odor,True,0.0948929488658905,2.2377541065216064,-0.7673261761665344
p893,process,,35,35,32,post,post_odor,True,-0.12688426673412323,1.2349094152450562,-1.4881930351257324
p893,process,,36,36,31,post,post_odor,True,0.0728297010064125,1.7616302967071533,-0.8381086587905884
p893,process,,37,37,0,post,post_odor,True,-0.005997036583721638,1.258125901222229,-1.4158672094345093
p893,process,,38,38,4,post,post_odor,True,0.10631275922060013,1.5120995044708252,-0.7851423621177673
p893,process,,39,39,2,post,post_odor,True,0.45209455490112305,2.7740390300750732,-1.0398178100585938
p893,process,,40,40,3,post,post_odor,True,-0.25521573424339294,0.9230512380599976,-1.1789493560791016
p893,process,,41,41,21,post,post_odor,True,0.8473169207572937,2.5633788108825684,-0.8196375370025635
p893,process,,42,42,31,post,post_odor,True,-0.014869273640215397,1.6576526165008545,-1.1645357608795166
p893,process,,43,43,2,post,post_odor,True,0.05839775875210762,1.8145087957382202,-1.0328037738800049
p893,process,,44,44,32,post,post_odor,True,0.018172675743699074,2.0532829761505127,-1.2868293523788452
p893,process,,45,45,40,post,post_odor,True,0.27369412779808044,1.9775043725967407,-1.223546028137207
p893,process,,46,46,1,post,post_odor,True,0.21956099569797516,1.152466893196106,-1.0149906873703003
p893,process,,47,47,0,post,post_odor,True,-0.13058924674987793,1.3723706007003784,-1.4522600173950195
p893,process,,48,48,22,post,post_odor,True,-0.09717952460050583,1.1068670749664307,-1.1604036092758179
p893,process,,49,49,10,post,post_odor,True,0.2498975396156311,2.6527321338653564,-1.2105189561843872
p893,process,,50,50,1,post,post_odor,True,0.20585916936397552,2.121387004852295,-1.1404250860214233
p893,process,,51,51,30,post,post_odor,True,0.0899508148431778,1.6286617517471313,-1.0412755012512207
p893,process,,52,52,12,post,post_odor,True,-0.060598887503147125,2.433875560760498,-1.2316958904266357
p893,process,,53,53,3,post,post_odor,True,0.17647327482700348,1.2936469316482544,-1.573370099067688
p893,process,,54,54,21,post,post_odor,True,0.6701371669769287,2.2583470344543457,-0.93059903383255
p893,process,,55,55,22,post,post_odor,True,0.04705912619829178,1.47642183303833,-1.26852285861969
p893,process,,56,56,18,post,post_odor,True,0.3227863311767578,2.1276397705078125,-0.9416531920433044
p893,process,,57,57,30,post,post_odor,True,0.06142302602529526,1.3480063676834106,-1.212416648864746
p893,process,,58,58,17,post,post_odor,True,0.24865196645259857,1.6073436737060547,-1.169379711151123
p893,process,,59,59,39,post,post_odor,True,0.0076532247476279736,1.5490796566009521,-1.371657371520996
p893,process,,60,60,39,post,post_odor,True,0.13377587497234344,1.6696746349334717,-1.1771692037582397
p893,process,,61,61,17,post,post_odor,True,-0.03140962868928909,1.2764003276824951,-1.3411765098571777
p893,process,,62,62,4,post,post_odor,True,-0.07352335005998611,1.267115592956543,-1.0449625253677368
p915,process,,0,0,39,pre,post_odor,True,-0.3494088649749756,2.8584163188934326,-2.884361743927002
p915,process,,1,1,17,pre,post_odor,True,0.27062705159187317,3.360898494720459,-2.0713491439819336
p915,process,,2,2,32,pre,post_odor,True,0.6941019892692566,4.552392482757568,-2.727081537246704
p915,process,,3,3,32,pre,post_odor,True,0.8336445689201355,6.377052307128906,-1.9667861461639404
p915,process,,4,4,30,pre,post_odor,True,0.0023328480310738087,2.9397709369659424,-2.1296963691711426
p915,process,,5,5,40,pre,post_odor,True,-0.11501993238925934,2.860304832458496,-2.4315996170043945
p915,process,,6,6,3,pre,post_odor,True,0.07189331948757172,3.5991218090057373,-2.3593058586120605
p915,process,,7,7,2,pre,post_odor,True,2.4621357917785645,6.9399333000183105,-0.12125691026449203
p915,process,,8,8,1,pre,post_odor,True,0.04816746339201927,2.9034383296966553,-2.51291561126709
p915,process,,9,9,4,pre,post_odor,True,0.5480086207389832,3.450855255126953,-2.129467248916626
p915,process,,10,10,31,pre,post_odor,True,1.2807143926620483,9.308035850524902,-2.045433759689331
p915,process,,11,11,21,pre,post_odor,True,0.7309834957122803,2.9017319679260254,-1.795027732849121
p915,process,,12,12,2,pre,post_odor,True,1.1570905447006226,5.461448669433594,-1.3182073831558228
p915,process,,13,13,39,pre,post_odor,True,-1.086057424545288,1.6439909934997559,-3.632150411605835
p915,process,,14,14,1,pre,post_odor,True,-0.15724745392799377,2.633024215698242,-2.6228134632110596
p915,process,,15,15,12,pre,post_odor,True,0.08485963195562363,3.56313157081604,-2.268839120864868
p915,process,,16,16,22,pre,post_odor,True,1.0654720067977905,5.393040657043457,-1.3788089752197266
p915,process,,17,17,10,pre,post_odor,True,0.8001497983932495,4.023313045501709,-1.5090224742889404
p915,process,,18,18,17,pre,post_odor,True,-0.7678748369216919,2.426337718963623,-2.8120555877685547
p915,process,,19,19,31,pre,post_odor,True,0.3730792701244354,5.181253910064697,-2.024308919906616
p915,process,,20,20,30,pre,post_odor,True,-0.061920516192913055,4.053314685821533,-2.036613702774048
p915,process,,21,21,12,pre,post_odor,True,0.09718649089336395,3.39288330078125,-1.949233055114746
p915,process,,22,22,22,pre,post_odor,True,0.5482240915298462,5.2071309089660645,-1.930009126663208
p915,process,,23,23,4,pre,post_odor,True,0.17912986874580383,1.8229278326034546,-1.8413952589035034
p915,process,,24,24,0,pre,post_odor,True,0.28884056210517883,4.804071426391602,-2.8614416122436523
p915,process,,25,25,3,pre,post_odor,True,-0.9579440951347351,2.5831105709075928,-3.4828507900238037
p915,process,,26,26,40,pre,post_odor,True,-0.630749523639679,3.1569647789001465,-3.003035306930542
p915,process,,27,27,10,pre,post_odor,True,-0.19050680100917816,2.3426761627197266,-2.3203017711639404
p915,process,,28,28,21,pre,post_odor,True,0.9469544887542725,3.746616840362549,-2.7462503910064697
p915,process,,29,29,18,pre,post_odor,True,0.4856053292751312,4.497198104858398,-1.7656819820404053
p915,process,,30,30,18,pre,post_odor,True,-0.48824819922447205,2.009582996368408,-2.3945627212524414
p915,process,,31,31,0,pre,post_odor,True,0.08909429609775543,2.553974151611328,-1.6895555257797241
p915,process,,32,32,12,post,post_odor,True,0.2924281060695648,1.6396194696426392,-0.9896243214607239
p915,process,,33,33,18,post,post_odor,True,0.06568814069032669,2.0736944675445557,-1.3610942363739014
p915,process,,34,34,40,post,post_odor,True,-0.17326609790325165,1.7139254808425903,-1.7835044860839844
p915,process,,35,35,32,post,post_odor,True,0.14200085401535034,2.163222074508667,-1.5572153329849243
p915,process,,36,36,31,post,post_odor,True,-0.18426741659641266,1.0892409086227417,-1.2823487520217896
p915,process,,37,37,0,post,post_odor,True,-0.02566821128129959,2.1916141510009766,-1.1120078563690186
p915,process,,38,38,4,post,post_odor,True,-0.027520867064595222,1.8860336542129517,-1.4183813333511353
p915,process,,39,39,2,post,post_odor,True,0.20147448778152466,1.5790040493011475,-1.4198460578918457
p915,process,,40,40,3,post,post_odor,True,0.033008724451065063,2.0025241374969482,-1.1392028331756592
p915,process,,41,41,21,post,post_odor,True,0.5266620516777039,2.7928318977355957,-0.8001219630241394
p915,process,,42,42,31,post,post_odor,True,0.37399300932884216,2.0210072994232178,-1.563149333000183
p915,process,,43,43,2,post,post_odor,True,0.16628292202949524,1.85686457157135,-1.1679165363311768
p915,process,,44,44,32,post,post_odor,True,0.14391691982746124,1.9161460399627686,-1.2251291275024414
p915,process,,45,45,40,post,post_odor,True,-0.10652698576450348,1.433569073677063,-1.5083659887313843
p915,process,,46,46,1,post,post_odor,True,0.15108758211135864,2.7742624282836914,-1.4065216779708862
p915,process,,47,47,0,post,post_odor,True,-0.2826346158981323,1.730454444885254,-1.7132099866867065
p915,process,,48,48,22,post,post_odor,True,0.039589520543813705,1.4716545343399048,-1.506790041923523
p915,process,,49,49,10,post,post_odor,True,-0.19572678208351135,1.324073314666748,-1.5662758350372314
p915,process,,50,50,1,post,post_odor,True,0.0024740390945225954,1.3009785413742065,-1.5021601915359497
p915,process,,51,51,30,post,post_odor,True,0.07670409977436066,2.1930363178253174,-1.5812002420425415
p915,process,,52,52,12,post,post_odor,True,0.21162354946136475,3.035971164703369,-1.2108650207519531
p915,process,,53,53,3,post,post_odor,True,0.08216559886932373,1.8895246982574463,-1.5137423276901245
p915,process,,54,54,21,post,post_odor,True,0.4145463705062866,3.349031448364258,-1.4346692562103271
p915,process,,55,55,22,post,post_odor,True,-0.01025706809014082,1.6111246347427368,-0.9503104090690613
p915,process,,56,56,18,post,post_odor,True,-0.11557314544916153,2.0607707500457764,-1.6621811389923096
p915,process,,57,57,30,post,post_odor,True,-0.3551400899887085,1.6086289882659912,-1.8781745433807373
p915,process,,58,58,17,post,post_odor,True,-0.29898449778556824,1.648781657218933,-1.8498785495758057
p915,process,,59,59,39,post,post_odor,True,-0.27887892723083496,1.5286377668380737,-1.9982901811599731
p915,process,,60,60,39,post,post_odor,True,0.04072825238108635,1.8849849700927734,-2.2304630279541016
p915,process,,61,61,17,post,post_odor,True,-0.38725557923316956,1.873207688331604,-2.0807621479034424
p915,process,,62,62,4,post,post_odor,True,0.2791896164417267,2.8541297912597656,-1.6081897020339966
p937,process,,0,0,39,pre,post_odor,True,0.40062275528907776,3.1984140872955322,-2.1788601875305176
p937,process,,1,1,17,pre,post_odor,True,0.7162088751792908,3.289269208908081,-1.8733856678009033
p937,process,,2,2,32,pre,post_odor,True,0.5571758151054382,3.722440481185913,-2.821005344390869
p937,process,,3,3,32,pre,post_odor,True,0.7911062240600586,3.6584537029266357,-1.6049145460128784
p937,process,,4,4,30,pre,post_odor,True,0.4315890073776245,3.179579973220825,-2.6048359870910645
p937,process,,5,5,40,pre,post_odor,True,0.38129642605781555,3.606309413909912,-2.3587865829467773
p937,process,,6,6,3,pre,post_odor,True,1.2366598844528198,5.174746990203857,-2.0455994606018066
p937,process,,7,7,2,pre,post_odor,True,1.8040030002593994,4.5396528244018555,-0.9127969145774841
p937,process,,8,8,1,pre,post_odor,True,0.266608327627182,3.2988922595977783,-2.635700225830078
p937,process,,9,9,4,pre,post_odor,True,1.4860962629318237,4.152902126312256,-0.9425677061080933
p937,process,,10,10,31,pre,post_odor,True,2.145946502685547,6.332765102386475,-0.9546341896057129
p937,process,,11,11,21,pre,post_odor,True,0.3779468834400177,2.9224729537963867,-1.9111124277114868
p937,process,,12,12,2,pre,post_odor,True,0.27494361996650696,3.0449700355529785,-2.942044258117676
p937,process,,13,13,39,pre,post_odor,True,0.4411677420139313,4.309877872467041,-1.7952145338058472
p937,process,,14,14,1,pre,post_odor,True,0.7751896977424622,4.111367702484131,-2.291682004928589
p937,process,,15,15,12,pre,post_odor,True,1.287172794342041,5.741470813751221,-1.4452073574066162
p937,process,,16,16,22,pre,post_odor,True,1.5858817100524902,5.274005889892578,-2.1688547134399414
p937,process,,17,17,10,pre,post_odor,True,0.6966084241867065,5.739226341247559,-1.9550124406814575
p937,process,,18,18,17,pre,post_odor,True,1.3718855381011963,4.309262275695801,-1.7376209497451782
p937,process,,19,19,31,pre,post_odor,True,1.4495080709457397,5.318204402923584,-1.4923681020736694
p937,process,,20,20,30,pre,post_odor,True,0.05908116698265076,2.450955390930176,-2.0843634605407715
p937,process,,21,21,12,pre,post_odor,True,-0.25166088342666626,1.9680061340332031,-2.573453426361084
p937,process,,22,22,22,pre,post_odor,True,0.4146569073200226,3.1585655212402344,-1.9091675281524658
p937,process,,23,23,4,pre,post_odor,True,-0.30889660120010376,2.7652904987335205,-2.718675136566162
p937,process,,24,24,0,pre,post_odor,True,1.1402461528778076,5.595634460449219,-2.0006613731384277
p937,process,,25,25,3,pre,post_odor,True,0.3145442605018616,2.916930913925171,-2.57779598236084
p937,process,,26,26,40,pre,post_odor,True,1.4238039255142212,4.923205375671387,-1.2277880907058716
p937,process,,27,27,10,pre,post_odor,True,-0.35087335109710693,2.1860482692718506,-2.679995536804199
p937,process,,28,28,21,pre,post_odor,True,0.9121989011764526,3.6874125003814697,-1.2795900106430054
p937,process,,29,29,18,pre,post_odor,True,0.33477169275283813,2.997028350830078,-2.3459770679473877
p937,process,,30,30,18,pre,post_odor,True,-1.3340848684310913,2.015915632247925,-3.128908634185791
p937,process,,31,31,0,pre,post_odor,True,0.67814040184021,3.625471830368042,-2.6141433715820312
p937,process,,32,32,12,post,post_odor,True,0.10795171558856964,2.17126202583313,-1.0027567148208618
p937,process,,33,33,18,post,post_odor,True,0.08552489429712296,1.4185621738433838,-0.9350598454475403
p937,process,,34,34,40,post,post_odor,True,-0.06560145318508148,1.273490071296692,-1.2667102813720703
p937,process,,35,35,32,post,post_odor,True,-0.14054420590400696,1.021264910697937,-1.4035236835479736
p937,process,,36,36,31,post,post_odor,True,-0.026074498891830444,2.1185858249664307,-1.0891473293304443
p937,process,,37,37,0,post,post_odor,True,-0.12259449809789658,1.7802748680114746,-1.2339826822280884
p937,process,,38,38,4,post,post_odor,True,-0.0026907073333859444,1.8413937091827393,-1.3301010131835938
p937,process,,39,39,2,post,post_odor,True,-0.055573154240846634,1.3753846883773804,-0.9186940789222717
p937,process,,40,40,3,post,post_odor,True,-0.05469231680035591,1.520931601524353,-1.0368242263793945
p937,process,,41,41,21,post,post_odor,True,0.48807141184806824,2.618868112564087,-0.7388906478881836
p937,process,,42,42,31,post,post_odor,True,-0.021419508382678032,2.1898109912872314,-1.7308433055877686
p937,process,,43,43,2,post,post_odor,True,-0.29912662506103516,1.3901042938232422,-1.7833361625671387
p937,process,,44,44,32,post,post_odor,True,-0.17604123055934906,1.0365206003189087,-1.2003142833709717
p937,process,,45,45,40,post,post_odor,True,0.08633994311094284,2.238260507583618,-1.473157286643982
p937,process,,46,46,1,post,post_odor,True,-0.12096115201711655,1.110285758972168,-1.0113625526428223
p937,process,,47,47,0,post,post_odor,True,0.11042418330907822,1.559079647064209,-1.1650458574295044
p937,process,,48,48,22,post,post_odor,True,-0.10585347563028336,1.7940987348556519,-1.5709521770477295
p937,process,,49,49,10,post,post_odor,True,0.18017172813415527,1.6342003345489502,-1.425365686416626
p937,process,,50,50,1,post,post_odor,True,-0.21972303092479706,0.8582704067230225,-1.3381199836730957
p937,process,,51,51,30,post,post_odor,True,0.32828035950660706,1.928937554359436,-1.1505650281906128
p937,process,,52,52,12,post,post_odor,True,0.12867805361747742,2.1965246200561523,-1.2266075611114502
p937,process,,53,53,3,post,post_odor,True,0.1788751780986786,1.8726445436477661,-1.248478651046753
p937,process,,54,54,21,post,post_odor,True,0.3758816421031952,1.8829084634780884,-1.0827580690383911
p937,process,,55,55,22,post,post_odor,True,0.06910156458616257,1.5458346605300903,-1.7405608892440796
p937,process,,56,56,18,post,post_odor,True,0.14444129168987274,1.620606541633606,-1.3121713399887085
p937,process,,57,57,30,post,post_odor,True,0.025316350162029266,1.7512364387512207,-2.1419858932495117
p937,process,,58,58,17,post,post_odor,True,0.1533634066581726,2.077399253845215,-0.7838857173919678
p937,process,,59,59,39,post,post_odor,True,0.21202857792377472,1.6698236465454102,-1.8162620067596436
p937,process,,60,60,39,post,post_odor,True,-0.08980271220207214,1.5990548133850098,-1.4960663318634033
p937,process,,61,61,17,post,post_odor,True,0.28920596837997437,1.527799129486084,-1.6829586029052734
p937,process,,62,62,4,post,post_odor,True,0.24203602969646454,2.18300724029541,-1.356804370880127
p960,process,,0,0,39,pre,post_odor,True,1.0425561666488647,5.456027507781982,-1.9758234024047852
p960,process,,1,1,17,pre,post_odor,True,1.0017271041870117,4.531833648681641,-1.9621801376342773
p960,process,,2,2,32,pre,post_odor,True,1.3963626623153687,5.625320911407471,-1.7033796310424805
p960,process,,3,3,32,pre,post_odor,True,1.9884884357452393,9.777104377746582,-2.420015335083008
p960,process,,4,4,30,pre,post_odor,True,-0.3749353885650635,1.5717219114303589,-2.9850857257843018
p960,process,,5,5,40,pre,post_odor,True,0.33374276757240295,4.550264835357666,-2.4307281970977783
p960,process,,6,6,3,pre,post_odor,True,1.67342209815979,5.21040153503418,-1.4835323095321655
p960,process,,7,7,2,pre,post_odor,True,1.765160322189331,5.637912750244141,-1.2179319858551025
p960,process,,8,8,1,pre,post_odor,True,-1.0296685695648193,1.5432837009429932,-3.756899118423462
p960,process,,9,9,4,pre,post_odor,True,1.3889036178588867,4.3085174560546875,-1.1132892370224
p960,process,,10,10,31,pre,post_odor,True,2.7768335342407227,6.7682342529296875,-1.6923071146011353
p960,process,,11,11,21,pre,post_odor,True,1.0629968643188477,3.8770103454589844,-1.3746861219406128
p960,process,,12,12,2,pre,post_odor,True,-0.10751453787088394,2.832854986190796,-4.188060283660889
p960,process,,13,13,39,pre,post_odor,True,0.7326555252075195,3.9012842178344727,-3.1125385761260986
p960,process,,14,14,1,pre,post_odor,True,0.4738849699497223,3.6086623668670654,-2.7717247009277344
p960,process,,15,15,12,pre,post_odor,True,1.5787400007247925,5.325263023376465,-1.7915431261062622
p960,process,,16,16,22,pre,post_odor,True,2.4970171451568604,9.340188980102539,-1.1465563774108887
p960,process,,17,17,10,pre,post_odor,True,1.2026642560958862,5.267269134521484,-2.4658517837524414
p960,process,,18,18,17,pre,post_odor,True,0.9056879878044128,3.1290693283081055,-1.0998653173446655
p960,process,,19,19,31,pre,post_odor,True,2.221101999282837,6.391927242279053,-1.075744867324829
p960,process,,20,20,30,pre,post_odor,True,-0.2413681298494339,1.6569725275039673,-2.0447590351104736
p960,process,,21,21,12,pre,post_odor,True,-0.3871452212333679,2.770172357559204,-3.004138231277466
p960,process,,22,22,22,pre,post_odor,True,-0.1645430326461792,2.4900643825531006,-2.671450138092041
p960,process,,23,23,4,pre,post_odor,True,-0.6089012026786804,1.1224098205566406,-2.1523988246917725
p960,process,,24,24,0,pre,post_odor,True,2.244490146636963,5.476638317108154,-0.9544833302497864
p960,process,,25,25,3,pre,post_odor,True,-0.5173338651657104,2.1435952186584473,-2.852665662765503
p960,process,,26,26,40,pre,post_odor,True,1.5961719751358032,4.235683917999268,-0.5565346479415894
p960,process,,27,27,10,pre,post_odor,True,-0.17948362231254578,4.794528007507324,-2.8447930812835693
p960,process,,28,28,21,pre,post_odor,True,1.3536267280578613,3.7974190711975098,-0.658697247505188
p960,process,,29,29,18,pre,post_odor,True,0.30886468291282654,2.1493051052093506,-1.530877947807312
p960,process,,30,30,18,pre,post_odor,True,-1.0966898202896118,0.4809657037258148,-2.7623069286346436
p960,process,,31,31,0,pre,post_odor,True,0.5411003828048706,2.865413188934326,-1.363678216934204
p960,process,,32,32,12,post,post_odor,True,-0.10986834764480591,1.0261369943618774,-1.2750401496887207
p960,process,,33,33,18,post,post_odor,True,-0.08219124376773834,1.2021335363388062,-1.3040307760238647
p960,process,,34,34,40,post,post_odor,True,0.04719613492488861,1.4938836097717285,-0.9523257613182068
p960,process,,35,35,32,post,post_odor,True,0.03430667892098427,1.5380679368972778,-0.9648177623748779
p960,process,,36,36,31,post,post_odor,True,0.05852598696947098,1.3438634872436523,-1.0215007066726685
p960,process,,37,37,0,post,post_odor,True,0.16492724418640137,2.1552791595458984,-1.0564261674880981
p960,process,,38,38,4,post,post_odor,True,0.22411522269248962,1.8721387386322021,-0.8321555852890015
p960,process,,39,39,2,post,post_odor,True,-0.14752386510372162,1.4610133171081543,-1.2533950805664062
p960,process,,40,40,3,post,post_odor,True,-0.02187275141477585,0.9865314960479736,-0.9943531155586243
p960,process,,41,41,21,post,post_odor,True,0.4713152348995209,2.108794689178467,-1.1680294275283813
p960,process,,42,42,31,post,post_odor,True,0.02815956063568592,1.6045156717300415,-1.4038491249084473
p960,process,,43,43,2,post,post_odor,True,-0.17451751232147217,1.4373005628585815,-1.0118615627288818
p960,process,,44,44,32,post,post_odor,True,0.055500756949186325,1.9008572101593018,-1.4912011623382568
p960,process,,45,45,40,post,post_odor,True,-0.003921348601579666,2.154191017150879,-1.4084978103637695
p960,process,,46,46,1,post,post_odor,True,-0.07461342960596085,1.665842056274414,-1.0570459365844727
p960,process,,47,47,0,post,post_odor,True,-0.17114295065402985,1.1101994514465332,-1.025514006614685
p960,process,,48,48,22,post,post_odor,True,0.12359657138586044,1.8673933744430542,-1.0901856422424316
p960,process,,49,49,10,post,post_odor,True,-0.10208215564489365,1.2880743741989136,-1.5888245105743408
p960,process,,50,50,1,post,post_odor,True,-0.24444988369941711,0.9369433522224426,-1.7456636428833008
p960,process,,51,51,30,post,post_odor,True,-0.1424846649169922,1.7196929454803467,-1.631222128868103
p960,process,,52,52,12,post,post_odor,True,0.3156581223011017,2.159116744995117,-1.458314061164856
p960,process,,53,53,3,post,post_odor,True,0.08743252605199814,1.7055143117904663,-1.3190727233886719
p960,process,,54,54,21,post,post_odor,True,0.40924206376075745,2.7361390590667725,-1.5463526248931885
p960,process,,55,55,22,post,post_odor,True,-0.10880568623542786,1.7505110502243042,-1.823272705078125
p960,process,,56,56,18,post,post_odor,True,0.16337569057941437,1.8309601545333862,-1.7968976497650146
p960,process,,57,57,30,post,post_odor,True,0.2495465874671936,2.3986263275146484,-1.5878976583480835
p960,process,,58,58,17,post,post_odor,True,0.034688930958509445,2.5794920921325684,-1.734618067741394
p960,process,,59,59,39,post,post_odor,True,-0.15722210705280304,1.7228434085845947,-1.8907727003097534
p960,process,,60,60,39,post,post_odor,True,-0.08920424431562424,2.029721975326538,-1.587599515914917
p960,process,,61,61,17,post,post_odor,True,-0.046019572764635086,2.0684306621551514,-1.5021408796310425
p960,process,,62,62,4,post,post_odor,True,0.004719279706478119,2.3873939514160156,-1.486980676651001
p982,process,,0,0,39,pre,post_odor,True,0.4047611951828003,2.891955852508545,-3.0980424880981445
p982,process,,1,1,17,pre,post_odor,True,-0.194532111287117,4.280379772186279,-3.667268991470337
p982,process,,2,2,32,pre,post_odor,True,-0.3746129274368286,3.2468109130859375,-2.8515167236328125
p982,process,,3,3,32,pre,post_odor,True,0.2416650801897049,4.4855122566223145,-2.777723550796509
p982,process,,4,4,30,pre,post_odor,True,-0.6137076020240784,2.357879161834717,-3.513643741607666
p982,process,,5,5,40,pre,post_odor,True,-0.3218163847923279,3.359553575515747,-3.6748929023742676
p982,process,,6,6,3,pre,post_odor,True,0.2234450727701187,4.2080488204956055,-2.8429102897644043
p982,process,,7,7,2,pre,post_odor,True,-0.08614858239889145,3.6175174713134766,-2.7520716190338135
p982,process,,8,8,1,pre,post_odor,True,-0.37588781118392944,2.452598810195923,-3.3186163902282715
p982,process,,9,9,4,pre,post_odor,True,0.28463172912597656,3.131544589996338,-2.3628878593444824
p982,process,,10,10,31,pre,post_odor,True,1.2312015295028687,4.413218975067139,-1.2754102945327759
p982,process,,11,11,21,pre,post_odor,True,-0.017958354204893112,4.741761207580566,-2.358259916305542
p982,process,,12,12,2,pre,post_odor,True,-0.6867059469223022,2.0484166145324707,-3.1914479732513428
p982,process,,13,13,39,pre,post_odor,True,0.48660385608673096,3.1272833347320557,-3.649125099182129
p982,process,,14,14,1,pre,post_odor,True,0.4688132703304291,3.9757347106933594,-2.3987040519714355
p982,process,,15,15,12,pre,post_odor,True,1.2902768850326538,4.346604347229004,-1.1082377433776855
p982,process,,16,16,22,pre,post_odor,True,1.1604844331741333,6.954244136810303,-1.8713563680648804
p982,process,,17,17,10,pre,post_odor,True,1.1107866764068604,4.551275730133057,-1.46505606174469
p982,process,,18,18,17,pre,post_odor,True,0.542482316493988,4.389444351196289,-1.7858258485794067
p982,process,,19,19,31,pre,post_odor,True,1.7693617343902588,4.593116760253906,-0.820137619972229
p982,process,,20,20,30,pre,post_odor,True,0.2432621270418167,2.6585896015167236,-1.7098088264465332
p982,process,,21,21,12,pre,post_odor,True,-0.14985087513923645,3.167196273803711,-2.3462064266204834
p982,process,,22,22,22,pre,post_odor,True,0.0777498334646225,3.6813344955444336,-1.776834487915039
p982,process,,23,23,4,pre,post_odor,True,-0.2716575860977173,2.1113624572753906,-2.307466983795166
p982,process,,24,24,0,pre,post_odor,True,1.4964599609375,6.420994758605957,-0.6836163997650146
p982,process,,25,25,3,pre,post_odor,True,-0.0721050426363945,2.6253738403320312,-2.7636654376983643
p982,process,,26,26,40,pre,post_odor,True,1.4675747156143188,5.41340970993042,-0.8793786764144897
p982,process,,27,27,10,pre,post_odor,True,-0.30874839425086975,2.837334156036377,-2.8418383598327637
p982,process,,28,28,21,pre,post_odor,True,0.21634292602539062,3.044267177581787,-2.507059097290039
p982,process,,29,29,18,pre,post_odor,True,0.3804416358470917,3.909395456314087,-2.02968168258667
p982,process,,30,30,18,pre,post_odor,True,-1.0411075353622437,2.6351335048675537,-3.75129771232605
p982,process,,31,31,0,pre,post_odor,True,0.7543466687202454,3.7910258769989014,-1.6077828407287598
p982,process,,32,32,12,post,post_odor,True,0.1769724041223526,2.054738759994507,-0.7926413416862488
p982,process,,33,33,18,post,post_odor,True,0.21355681121349335,1.747077226638794,-1.1128901243209839
p982,process,,34,34,40,post,post_odor,True,0.20427082479000092,1.4668911695480347,-0.9356048107147217
p982,process,,35,35,32,post,post_odor,True,0.002587206196039915,2.340141773223877,-0.9096111059188843
p982,process,,36,36,31,post,post_odor,True,-0.036084890365600586,1.7454071044921875,-1.232106328010559
p982,process,,37,37,0,post,post_odor,True,-0.08365040272474289,1.3271113634109497,-1.073205828666687
p982,process,,38,38,4,post,post_odor,True,-0.2047187238931656,1.4088776111602783,-1.2428117990493774
p982,process,,39,39,2,post,post_odor,True,-0.0766351968050003,1.5660878419876099,-1.2224136590957642
p982,process,,40,40,3,post,post_odor,True,-0.04202723130583763,1.622372031211853,-1.2686222791671753
p982,process,,41,41,21,post,post_odor,True,0.37938541173934937,2.063652753829956,-0.8060294985771179
p982,process,,42,42,31,post,post_odor,True,-0.09111286699771881,1.337654948234558,-0.9774556756019592
p982,process,,43,43,2,post,post_odor,True,0.1675693243741989,1.4795067310333252,-0.6478273272514343
p982,process,,44,44,32,post,post_odor,True,0.12142409384250641,2.7399513721466064,-0.9874628782272339
p982,process,,45,45,40,post,post_odor,True,0.17089322209358215,1.8696666955947876,-0.8784417510032654
p982,process,,46,46,1,post,post_odor,True,0.027823586016893387,1.5921711921691895,-1.3312166929244995
p982,process,,47,47,0,post,post_odor,True,-0.07061009109020233,0.9238730072975159,-1.0721629858016968
p982,process,,48,48,22,post,post_odor,True,-0.018905438482761383,1.1668168306350708,-1.2436137199401855
p982,process,,49,49,10,post,post_odor,True,0.07585598528385162,1.4740815162658691,-0.8956424593925476
p982,process,,50,50,1,post,post_odor,True,-0.07393033057451248,1.7179995775222778,-1.1778843402862549
p982,process,,51,51,30,post,post_odor,True,0.12230462580919266,2.221947193145752,-1.2254027128219604
p982,process,,52,52,12,post,post_odor,True,0.16554760932922363,1.8136690855026245,-1.0035580396652222
p982,process,,53,53,3,post,post_odor,True,0.07997199892997742,1.1805717945098877,-0.825552761554718
p982,process,,54,54,21,post,post_odor,True,0.2619743347167969,2.9369866847991943,-1.164564847946167
p982,process,,55,55,22,post,post_odor,True,-0.001198228681460023,1.7753946781158447,-0.9002296328544617
p982,process,,56,56,18,post,post_odor,True,-0.056924786418676376,1.4297691583633423,-1.3024334907531738
p982,process,,57,57,30,post,post_odor,True,0.13051673769950867,1.8103210926055908,-0.9778804183006287
p982,process,,58,58,17,post,post_odor,True,0.3608201742172241,2.005547285079956,-1.0757097005844116
p982,process,,59,59,39,post,post_odor,True,-0.17631667852401733,1.792409896850586,-1.6221673488616943
p982,process,,60,60,39,post,post_odor,True,0.03614066541194916,2.5064425468444824,-1.4065473079681396
p982,process,,61,61,17,post,post_odor,True,-0.04208185523748398,1.9330973625183105,-1.0923391580581665
p982,process,,62,62,4,post,post_odor,True,-0.02481250651180744,1.1914968490600586,-1.1596887111663818
p1004,process,,0,0,39,pre,post_odor,True,0.4344693422317505,3.175912857055664,-2.493760108947754
p1004,process,,1,1,17,pre,post_odor,True,-0.06865016371011734,2.4053895473480225,-2.783573865890503
p1004,process,,2,2,32,pre,post_odor,True,0.9374477863311768,3.1438534259796143,-1.7520012855529785
p1004,process,,3,3,32,pre,post_odor,True,1.0750640630722046,5.383371353149414,-1.2755143642425537
p1004,process,,4,4,30,pre,post_odor,True,0.1489749401807785,4.3498454093933105,-2.00943660736084
p1004,process,,5,5,40,pre,post_odor,True,0.4961010813713074,4.268938064575195,-3.254958152770996
p1004,process,,6,6,3,pre,post_odor,True,1.459494948387146,6.0003557205200195,-1.998011827468872
p1004,process,,7,7,2,pre,post_odor,True,1.2217563390731812,4.501023292541504,-1.7340552806854248
p1004,process,,8,8,1,pre,post_odor,True,0.15398046374320984,2.759977102279663,-2.91473650932312
p1004,process,,9,9,4,pre,post_odor,True,1.8102482557296753,4.768657207489014,-2.3214523792266846
p1004,process,,10,10,31,pre,post_odor,True,1.3062900304794312,4.872873306274414,-1.8604711294174194
p1004,process,,11,11,21,pre,post_odor,True,0.5929582118988037,5.155589580535889,-2.110802412033081
p1004,process,,12,12,2,pre,post_odor,True,0.06083817034959793,3.0936472415924072,-2.239034652709961
p1004,process,,13,13,39,pre,post_odor,True,0.28810635209083557,3.63289475440979,-2.573042869567871
p1004,process,,14,14,1,pre,post_odor,True,0.5986530780792236,3.997190475463867,-3.5064189434051514
p1004,process,,15,15,12,pre,post_odor,True,1.1650904417037964,4.738046646118164,-3.325099229812622
p1004,process,,16,16,22,pre,post_odor,True,1.5903849601745605,6.116955757141113,-1.0523077249526978
p1004,process,,17,17,10,pre,post_odor,True,-0.04863765090703964,4.269202709197998,-3.1969428062438965
p1004,process,,18,18,17,pre,post_odor,True,1.7804465293884277,4.3671417236328125,-0.7936052680015564
p1004,process,,19,19,31,pre,post_odor,True,0.5012285113334656,5.4324116706848145,-1.8546260595321655
p1004,process,,20,20,30,pre,post_odor,True,-0.18526358902454376,1.550895094871521,-2.223679780960083
p1004,process,,21,21,12,pre,post_odor,True,-0.07713399827480316,2.7394943237304688,-2.354685068130493
p1004,process,,22,22,22,pre,post_odor,True,0.07506018877029419,3.049415349960327,-1.728045105934143
p1004,process,,23,23,4,pre,post_odor,True,-0.9041092991828918,2.9934427738189697,-3.5889229774475098
p1004,process,,24,24,0,pre,post_odor,True,-0.2173095941543579,3.178825616836548,-3.1766481399536133
p1004,process,,25,25,3,pre,post_odor,True,0.26278579235076904,3.2661991119384766,-2.66621994972229
p1004,process,,26,26,40,pre,post_odor,True,0.8720498085021973,4.5533976554870605,-1.9903128147125244
p1004,process,,27,27,10,pre,post_odor,True,-0.2547425329685211,2.329108715057373,-3.009216070175171
p1004,process,,28,28,21,pre,post_odor,True,1.1909821033477783,4.086309432983398,-1.443294882774353
p1004,process,,29,29,18,pre,post_odor,True,0.8730969429016113,4.262901306152344,-1.5681968927383423
p1004,process,,30,30,18,pre,post_odor,True,-0.6355764865875244,2.407076120376587,-3.122809410095215
p1004,process,,31,31,0,pre,post_odor,True,0.7051573395729065,4.172857284545898,-1.684785008430481
p1004,process,,32,32,12,post,post_odor,True,0.09540551900863647,1.2546017169952393,-0.7482063174247742
p1004,process,,33,33,18,post,post_odor,True,0.09402267634868622,1.1403805017471313,-0.9023505449295044
p1004,process,,34,34,40,post,post_odor,True,-0.06028745695948601,1.0846848487854004,-1.223142147064209
p1004,process,,35,35,32,post,post_odor,True,-0.09658302366733551,1.1826279163360596,-1.4436558485031128
p1004,process,,36,36,31,post,post_odor,True,0.02011869288980961,1.6475019454956055,-0.9591949582099915
p1004,process,,37,37,0,post,post_odor,True,0.05209559574723244,1.403829574584961,-1.408354640007019
p1004,process,,38,38,4,post,post_odor,True,0.19165706634521484,1.5861120223999023,-1.121203899383545
p1004,process,,39,39,2,post,post_odor,True,0.05468311160802841,1.191091775894165,-0.9370486736297607
p1004,process,,40,40,3,post,post_odor,True,-0.06974320113658905,0.89908766746521,-1.0637186765670776
p1004,process,,41,41,21,post,post_odor,True,0.241526260972023,1.9196826219558716,-0.8766139149665833
p1004,process,,42,42,31,post,post_odor,True,0.07862447947263718,1.5972524881362915,-1.0711102485656738
p1004,process,,43,43,2,post,post_odor,True,0.07676957547664642,1.285951018333435,-1.1072211265563965
p1004,process,,44,44,32,post,post_odor,True,0.12526261806488037,1.5029650926589966,-0.8779739737510681
p1004,process,,45,45,40,post,post_odor,True,-0.07938428968191147,1.6158403158187866,-0.8029271960258484
p1004,process,,46,46,1,post,post_odor,True,-0.08705472946166992,0.8161517381668091,-1.0648915767669678
p1004,process,,47,47,0,post,post_odor,True,0.11983158439397812,1.4586727619171143,-1.0426799058914185
p1004,process,,48,48,22,post,post_odor,True,0.11573793739080429,1.9289956092834473,-1.0513135194778442
p1004,process,,49,49,10,post,post_odor,True,0.03962089866399765,0.9538885354995728,-0.8378600478172302
p1004,process,,50,50,1,post,post_odor,True,0.12319964170455933,1.7899422645568848,-1.255235195159912
p1004,process,,51,51,30,post,post_odor,True,0.36254337430000305,1.3856565952301025,-0.7350183725357056
p1004,process,,52,52,12,post,post_odor,True,0.15311966836452484,1.3244842290878296,-0.7994633913040161
p1004,process,,53,53,3,post,post_odor,True,0.07829556614160538,1.4480115175247192,-1.0118211507797241
p1004,process,,54,54,21,post,post_odor,True,0.29125073552131653,1.6129060983657837,-0.8623858690261841
p1004,process,,55,55,22,post,post_odor,True,0.15789814293384552,1.5766632556915283,-0.8929271697998047
p1004,process,,56,56,18,post,post_odor,True,-0.04216272383928299,0.879817545413971,-1.0462312698364258
p1004,process,,57,57,30,post,post_odor,True,0.14547160267829895,1.606153964996338,-0.7005234360694885
p1004,process,,58,58,17,post,post_odor,True,-0.14456486701965332,0.7822117209434509,-1.2488787174224854
p1004,process,,59,59,39,post,post_odor,True,0.3296490013599396,1.6988574266433716,-0.7807338833808899
p1004,process,,60,60,39,post,post_odor,True,-0.0806049108505249,1.4044724702835083,-1.21560537815094
p1004,process,,61,61,17,post,post_odor,True,0.2769530415534973,2.0093131065368652,-0.773236870765686
p1004,process,,62,62,4,post,post_odor,True,0.15441250801086426,1.487941861152649,-1.212039589881897
p1027,process,,0,0,39,pre,post_odor,True,0.24441273510456085,3.108856201171875,-2.504169464111328
p1027,process,,1,1,17,pre,post_odor,True,0.41851112246513367,3.494534969329834,-3.2533814907073975
p1027,process,,2,2,32,pre,post_odor,True,1.040952444076538,3.734135150909424,-3.2265625
p1027,process,,3,3,32,pre,post_odor,True,2.0266363620758057,6.731517791748047,-2.511876344680786
p1027,process,,4,4,30,pre,post_odor,True,0.18836301565170288,3.3457493782043457,-3.2540764808654785
p1027,process,,5,5,40,pre,post_odor,True,0.5778347253799438,4.764531135559082,-2.7523441314697266
p1027,process,,6,6,3,pre,post_odor,True,2.674381971359253,5.907261848449707,-0.6961443424224854
p1027,process,,7,7,2,pre,post_odor,True,1.4155001640319824,5.976063251495361,-1.695998191833496
p1027,process,,8,8,1,pre,post_odor,True,-0.2942800223827362,3.49802827835083,-3.7539124488830566
p1027,process,,9,9,4,pre,post_odor,True,1.7523549795150757,5.966564655303955,-1.7568649053573608
p1027,process,,10,10,31,pre,post_odor,True,2.929905652999878,7.835329055786133,-0.7332059144973755
p1027,process,,11,11,21,pre,post_odor,True,0.621955394744873,4.211546897888184,-1.8317129611968994
p1027,process,,12,12,2,pre,post_odor,True,-0.17711742222309113,3.51790189743042,-3.2336347103118896
p1027,process,,13,13,39,pre,post_odor,True,1.4898991584777832,5.364835739135742,-1.300917625427246
p1027,process,,14,14,1,pre,post_odor,True,0.8572155833244324,3.9014432430267334,-1.9968370199203491
p1027,process,,15,15,12,pre,post_odor,True,2.710064172744751,5.871720790863037,-1.0520095825195312
p1027,process,,16,16,22,pre,post_odor,True,3.2585530281066895,8.00833797454834,0.12297683209180832
p1027,process,,17,17,10,pre,post_odor,True,1.8097968101501465,7.253317832946777,-1.9667088985443115
p1027,process,,18,18,17,pre,post_odor,True,2.131291627883911,4.363581657409668,-1.4427680969238281
p1027,process,,19,19,31,pre,post_odor,True,2.4955034255981445,7.089324951171875,-1.1573596000671387
p1027,process,,20,20,30,pre,post_odor,True,-0.15506276488304138,2.2757370471954346,-2.0995893478393555
p1027,process,,21,21,12,pre,post_odor,True,-0.04393541067838669,2.6202170848846436,-2.3826661109924316
p1027,process,,22,22,22,pre,post_odor,True,-0.2881704866886139,1.8338284492492676,-2.0028040409088135
p1027,process,,23,23,4,pre,post_odor,True,-0.687159538269043,1.5541702508926392,-3.023817777633667
p1027,process,,24,24,0,pre,post_odor,True,1.4131289720535278,3.655728578567505,-1.7781670093536377
p1027,process,,25,25,3,pre,post_odor,True,0.6931316256523132,5.494688034057617,-2.9869320392608643
p1027,process,,26,26,40,pre,post_odor,True,2.4025559425354004,6.288367748260498,-1.3313133716583252
p1027,process,,27,27,10,pre,post_odor,True,-0.2244703322649002,3.062927722930908,-2.9896819591522217
p1027,process,,28,28,21,pre,post_odor,True,1.2211873531341553,4.240962028503418,-1.3396501541137695
p1027,process,,29,29,18,pre,post_odor,True,0.7140123248100281,3.4677696228027344,-1.4549109935760498
p1027,process,,30,30,18,pre,post_odor,True,-1.5275672674179077,0.7499623894691467,-3.475506067276001
p1027,process,,31,31,0,pre,post_odor,True,0.46386122703552246,2.6188199520111084,-2.505794048309326
p1027,process,,32,32,12,post,post_odor,True,0.08875895291566849,1.8624588251113892,-1.3425657749176025
p1027,process,,33,33,18,post,post_odor,True,0.12889793515205383,1.2494550943374634,-1.2336314916610718
p1027,process,,34,34,40,post,post_odor,True,-0.005724955815821886,0.8408451676368713,-1.1040173768997192
p1027,process,,35,35,32,post,post_odor,True,0.1248837262392044,1.6770857572555542,-1.0769692659378052
p1027,process,,36,36,31,post,post_odor,True,0.03173963353037834,1.3376274108886719,-1.028047800064087
p1027,process,,37,37,0,post,post_odor,True,-0.0581352524459362,1.2749239206314087,-0.895761251449585
p1027,process,,38,38,4,post,post_odor,True,0.16945669054985046,1.4496668577194214,-0.8176460862159729
p1027,process,,39,39,2,post,post_odor,True,-0.11649646610021591,1.258087158203125,-1.284064769744873
p1027,process,,40,40,3,post,post_odor,True,0.0023402362130582333,1.12968909740448,-0.9347816109657288
p1027,process,,41,41,21,post,post_odor,True,0.3841170072555542,1.8412489891052246,-0.7887091636657715
p1027,process,,42,42,31,post,post_odor,True,-0.0713689774274826,1.3255971670150757,-0.9860967993736267
p1027,process,,43,43,2,post,post_odor,True,-0.10317780077457428,1.240607500076294,-1.2720417976379395
p1027,process,,44,44,32,post,post_odor,True,0.08462050557136536,1.8094617128372192,-1.1264187097549438
p1027,process,,45,45,40,post,post_odor,True,0.008168762549757957,1.081498384475708,-0.9474474191665649
p1027,process,,46,46,1,post,post_odor,True,-0.04399214684963226,1.1244925260543823,-1.3522409200668335
p1027,process,,47,47,0,post,post_odor,True,-0.008386664092540741,1.3770538568496704,-1.3122025728225708
p1027,process,,48,48,22,post,post_odor,True,0.14397983253002167,1.2649035453796387,-0.9964839220046997
p1027,process,,49,49,10,post,post_odor,True,-0.1550244837999344,1.2923434972763062,-1.3678618669509888
p1027,process,,50,50,1,post,post_odor,True,-0.20135843753814697,1.2848010063171387,-1.0755420923233032
p1027,process,,51,51,30,post,post_odor,True,-0.030114321038126945,1.5057321786880493,-1.1185944080352783
p1027,process,,52,52,12,post,post_odor,True,0.11083196848630905,1.2986046075820923,-0.8573528528213501
p1027,process,,53,53,3,post,post_odor,True,-0.10543764382600784,1.2349326610565186,-1.417641043663025
p1027,process,,54,54,21,post,post_odor,True,0.38476431369781494,2.061513900756836,-0.802575945854187
p1027,process,,55,55,22,post,post_odor,True,-0.02654220536351204,1.395187258720398,-1.2812026739120483
p1027,process,,56,56,18,post,post_odor,True,0.08869163691997528,1.7766079902648926,-1.253008246421814
p1027,process,,57,57,30,post,post_odor,True,-0.07731110602617264,1.5498288869857788,-1.3644464015960693
p1027,process,,58,58,17,post,post_odor,True,-0.14323845505714417,1.3013838529586792,-1.509100079536438
p1027,process,,59,59,39,post,post_odor,True,-0.18701137602329254,1.584604024887085,-1.9571930170059204
p1027,process,,60,60,39,post,post_odor,True,-0.22410862147808075,1.889127492904663,-1.8153036832809448
p1027,process,,61,61,17,post,post_odor,True,0.20435172319412231,2.0982909202575684,-1.128299355506897
p1027,process,,62,62,4,post,post_odor,True,-0.04978961497545242,2.1484735012054443,-1.4686325788497925
p1049,process,,0,0,39,pre,post_odor,True,0.2278708666563034,5.559589862823486,-3.0000381469726562
p1049,process,,1,1,17,pre,post_odor,True,0.07258912920951843,2.5306341648101807,-3.0885846614837646
p1049,process,,2,2,32,pre,post_odor,True,0.6570104956626892,3.05454683303833,-2.120007276535034
p1049,process,,3,3,32,pre,post_odor,True,0.9265668988227844,4.303891658782959,-1.5669994354248047
p1049,process,,4,4,30,pre,post_odor,True,0.4384351968765259,5.108124732971191,-2.093050003051758
p1049,process,,5,5,40,pre,post_odor,True,0.5400689244270325,3.9870057106018066,-2.096475839614868
p1049,process,,6,6,3,pre,post_odor,True,1.30332612991333,8.193469047546387,-1.1566578149795532
p1049,process,,7,7,2,pre,post_odor,True,0.6341171264648438,4.149632453918457,-1.5290859937667847
p1049,process,,8,8,1,pre,post_odor,True,0.3220367729663849,2.8711559772491455,-2.3510918617248535
p1049,process,,9,9,4,pre,post_odor,True,1.2385631799697876,5.044187068939209,-0.6420578956604004
p1049,process,,10,10,31,pre,post_odor,True,1.590165376663208,5.226052761077881,-1.1355136632919312
p1049,process,,11,11,21,pre,post_odor,True,0.4903353154659271,3.3045358657836914,-2.22916841506958
p1049,process,,12,12,2,pre,post_odor,True,0.1020175963640213,2.7919461727142334,-2.3759920597076416
p1049,process,,13,13,39,pre,post_odor,True,0.8664145469665527,4.9187116622924805,-2.2544517517089844
p1049,process,,14,14,1,pre,post_odor,True,0.28227531909942627,2.3464303016662598,-2.1156554222106934
p1049,process,,15,15,12,pre,post_odor,True,1.3993159532546997,5.561453342437744,-1.3468230962753296
p1049,process,,16,16,22,pre,post_odor,True,1.5177510976791382,4.523690223693848,-0.8978643417358398
p1049,process,,17,17,10,pre,post_odor,True,1.2657735347747803,3.99394154548645,-1.1435341835021973
p1049,process,,18,18,17,pre,post_odor,True,1.0281206369400024,4.746424674987793,-2.313929796218872
p1049,process,,19,19,31,pre,post_odor,True,1.5423638820648193,6.924450874328613,-1.24878990650177
p1049,process,,20,20,30,pre,post_odor,True,0.11769063025712967,2.6117935180664062,-1.939530611038208
p1049,process,,21,21,12,pre,post_odor,True,-0.25062328577041626,1.9617764949798584,-2.1077260971069336
p1049,process,,22,22,22,pre,post_odor,True,0.024647457525134087,3.0043017864227295,-1.9133150577545166
p1049,process,,23,23,4,pre,post_odor,True,0.3092755377292633,4.70466947555542,-1.454207181930542
p1049,process,,24,24,0,pre,post_odor,True,0.8310321569442749,3.856229543685913,-2.275794506072998
p1049,process,,25,25,3,pre,post_odor,True,0.28918927907943726,3.5842442512512207,-3.0363380908966064
p1049,process,,26,26,40,pre,post_odor,True,1.5612729787826538,4.377760410308838,-1.2733503580093384
p1049,process,,27,27,10,pre,post_odor,True,-0.37346240878105164,4.145152568817139,-2.9030239582061768
p1049,process,,28,28,21,pre,post_odor,True,0.7119621634483337,6.0719194412231445,-2.219487190246582
p1049,process,,29,29,18,pre,post_odor,True,0.5143823623657227,3.251521348953247,-1.7058888673782349
p1049,process,,30,30,18,pre,post_odor,True,-0.6369171142578125,2.485811233520508,-2.2801475524902344
p1049,process,,31,31,0,pre,post_odor,True,-0.10244075953960419,3.6306591033935547,-2.7471728324890137
p1049,process,,32,32,12,post,post_odor,True,0.1503380388021469,1.309933066368103,-0.9505102634429932
p1049,process,,33,33,18,post,post_odor,True,-0.057129714637994766,1.671505093574524,-1.0024033784866333
p1049,process,,34,34,40,post,post_odor,True,-0.16307656466960907,1.6226863861083984,-1.1949094533920288
p1049,process,,35,35,32,post,post_odor,True,-0.11683950573205948,1.729479193687439,-1.2580907344818115
p1049,process,,36,36,31,post,post_odor,True,0.08005239814519882,1.6389824151992798,-1.3028615713119507
p1049,process,,37,37,0,post,post_odor,True,0.12491647899150848,2.261329174041748,-1.4129250049591064
p1049,process,,38,38,4,post,post_odor,True,-0.14857923984527588,2.2649433612823486,-1.3526021242141724
p1049,process,,39,39,2,post,post_odor,True,0.082974873483181,1.4153244495391846,-0.9910317063331604
p1049,process,,40,40,3,post,post_odor,True,-0.07949306815862656,1.728234887123108,-1.2850277423858643
p1049,process,,41,41,21,post,post_odor,True,0.11305725574493408,2.8017642498016357,-1.359740972518921
p1049,process,,42,42,31,post,post_odor,True,-0.024693122133612633,2.41843581199646,-1.2640916109085083
p1049,process,,43,43,2,post,post_odor,True,-0.06311531364917755,1.8642364740371704,-1.1526339054107666
p1049,process,,44,44,32,post,post_odor,True,-0.015120093710720539,1.6486023664474487,-0.9243574142456055
p1049,process,,45,45,40,post,post_odor,True,-0.08897842466831207,1.8672279119491577,-1.1588184833526611
p1049,process,,46,46,1,post,post_odor,True,0.0709548145532608,2.374659776687622,-1.2998956441879272
p1049,process,,47,47,0,post,post_odor,True,-0.1768231838941574,2.2879271507263184,-1.4785621166229248
p1049,process,,48,48,22,post,post_odor,True,0.15144111216068268,1.3472038507461548,-1.4765770435333252
p1049,process,,49,49,10,post,post_odor,True,-0.04179936647415161,2.0336248874664307,-1.3661272525787354
p1049,process,,50,50,1,post,post_odor,True,-0.07628410309553146,2.492236614227295,-1.45187509059906
p1049,process,,51,51,30,post,post_odor,True,0.16533347964286804,2.926891326904297,-1.235381841659546
p1049,process,,52,52,12,post,post_odor,True,0.08386830985546112,2.5042383670806885,-1.3344008922576904
p1049,process,,53,53,3,post,post_odor,True,-0.0547708161175251,1.5055056810379028,-1.100042462348938
p1049,process,,54,54,21,post,post_odor,True,0.3034105598926544,1.9398720264434814,-1.2760106325149536
p1049,process,,55,55,22,post,post_odor,True,0.035634178668260574,1.6835908889770508,-1.1791315078735352
p1049,process,,56,56,18,post,post_odor,True,0.4294837415218353,2.0884523391723633,-0.8415578007698059
p1049,process,,57,57,30,post,post_odor,True,0.14340563118457794,2.007880210876465,-1.0889298915863037
p1049,process,,58,58,17,post,post_odor,True,-0.08667029440402985,1.3341608047485352,-1.1928755044937134
p1049,process,,59,59,39,post,post_odor,True,0.000858037790749222,1.6836124658584595,-1.3293589353561401
p1049,process,,60,60,39,post,post_odor,True,-0.0919715091586113,1.7455613613128662,-1.2785742282867432
p1049,process,,61,61,17,post,post_odor,True,0.2488836646080017,1.347286343574524,-0.9025099873542786
p1049,process,,62,62,4,post,post_odor,True,-0.08219025284051895,1.126096248626709,-1.302865743637085
p1071,process,,0,0,39,pre,post_odor,True,-0.5603256225585938,3.242583990097046,-3.8135902881622314
p1071,process,,1,1,17,pre,post_odor,True,-0.3479212820529938,2.0896403789520264,-2.534130334854126
p1071,process,,2,2,32,pre,post_odor,True,1.0869040489196777,4.870128154754639,-1.5754116773605347
p1071,process,,3,3,32,pre,post_odor,True,0.674160361289978,4.0379791259765625,-2.8248751163482666
p1071,process,,4,4,30,pre,post_odor,True,0.10973842442035675,3.081491470336914,-2.6213595867156982
p1071,process,,5,5,40,pre,post_odor,True,0.01452179066836834,3.4122567176818848,-3.113126516342163
p1071,process,,6,6,3,pre,post_odor,True,1.1250932216644287,3.197979211807251,-1.365272879600525
p1071,process,,7,7,2,pre,post_odor,True,0.8659878373146057,3.9291441440582275,-1.5071337223052979
p1071,process,,8,8,1,pre,post_odor,True,0.193923681974411,3.30448055267334,-1.994118332862854
p1071,process,,9,9,4,pre,post_odor,True,1.121707797050476,4.2020087242126465,-1.5788581371307373
p1071,process,,10,10,31,pre,post_odor,True,1.4638506174087524,7.128484725952148,-1.2710026502609253
p1071,process,,11,11,21,pre,post_odor,True,0.3334134817123413,3.912644624710083,-2.699528217315674
p1071,process,,12,12,2,pre,post_odor,True,-0.4556850790977478,3.8675742149353027,-2.93654465675354
p1071,process,,13,13,39,pre,post_odor,True,0.03808997571468353,2.7946529388427734,-2.5867083072662354
p1071,process,,14,14,1,pre,post_odor,True,0.7390434145927429,2.9370181560516357,-2.481710433959961
p1071,process,,15,15,12,pre,post_odor,True,1.3480851650238037,5.257211685180664,-1.3450264930725098
p1071,process,,16,16,22,pre,post_odor,True,1.7062374353408813,5.384500980377197,-2.195410966873169
p1071,process,,17,17,10,pre,post_odor,True,1.0408285856246948,4.581384658813477,-1.8421883583068848
p1071,process,,18,18,17,pre,post_odor,True,0.8562881350517273,4.652613162994385,-1.7085344791412354
p1071,process,,19,19,31,pre,post_odor,True,1.3618111610412598,5.548938751220703,-1.767368197441101
p1071,process,,20,20,30,pre,post_odor,True,0.32417601346969604,2.482250690460205,-1.5497292280197144
p1071,process,,21,21,12,pre,post_odor,True,-0.08825819194316864,3.7315971851348877,-3.0164897441864014
p1071,process,,22,22,22,pre,post_odor,True,0.4410112798213959,3.1570112705230713,-1.4728162288665771
p1071,process,,23,23,4,pre,post_odor,True,-0.06037864461541176,2.4420254230499268,-2.3701493740081787
p1071,process,,24,24,0,pre,post_odor,True,0.6287792325019836,4.238490581512451,-2.4779858589172363
p1071,process,,25,25,3,pre,post_odor,True,0.1082833856344223,2.166743278503418,-1.7864381074905396
p1071,process,,26,26,40,pre,post_odor,True,1.1752344369888306,4.693264007568359,-1.595992088317871
p1071,process,,27,27,10,pre,post_odor,True,-0.11503294110298157,3.2710282802581787,-1.8493250608444214
p1071,process,,28,28,21,pre,post_odor,True,0.318564236164093,4.078986644744873,-2.0686914920806885
p1071,process,,29,29,18,pre,post_odor,True,0.563915491104126,2.754319906234741,-1.8016623258590698
p1071,process,,30,30,18,pre,post_odor,True,-0.51962810754776,2.2461986541748047,-2.6069729328155518
p1071,process,,31,31,0,pre,post_odor,True,0.561773955821991,4.626927375793457,-1.7614129781723022
p1071,process,,32,32,12,post,post_odor,True,0.11979032307863235,1.0128145217895508,-0.8471593260765076
p1071,process,,33,33,18,post,post_odor,True,0.037468135356903076,1.4314041137695312,-0.9980731010437012
p1071,process,,34,34,40,post,post_odor,True,-0.1145918220281601,1.6141211986541748,-1.0138163566589355
p1071,process,,35,35,32,post,post_odor,True,-0.07561241090297699,1.1900825500488281,-1.057294487953186
p1071,process,,36,36,31,post,post_odor,True,-0.10580304265022278,1.1849695444107056,-0.978457510471344
p1071,process,,37,37,0,post,post_odor,True,0.2625105679035187,1.8297616243362427,-0.8207893371582031
p1071,process,,38,38,4,post,post_odor,True,-0.1985783725976944,1.5409178733825684,-1.301092267036438
p1071,process,,39,39,2,post,post_odor,True,0.02074042707681656,1.2932918071746826,-1.352649211883545
p1071,process,,40,40,3,post,post_odor,True,0.03169497102499008,1.381990671157837,-0.8697500824928284
p1071,process,,41,41,21,post,post_odor,True,0.5655129551887512,2.3864495754241943,-1.1611403226852417
p1071,process,,42,42,31,post,post_odor,True,-0.09436096996068954,1.468442440032959,-0.9968704581260681
p1071,process,,43,43,2,post,post_odor,True,0.19030006229877472,2.153745174407959,-0.9725611805915833
p1071,process,,44,44,32,post,post_odor,True,-0.07407250255346298,1.547450304031372,-1.0836595296859741
p1071,process,,45,45,40,post,post_odor,True,0.0502019040286541,2.276801347732544,-1.178723692893982
p1071,process,,46,46,1,post,post_odor,True,-0.1077565923333168,0.923869252204895,-1.2171392440795898
p1071,process,,47,47,0,post,post_odor,True,-0.08186043053865433,1.1213282346725464,-1.2092989683151245
p1071,process,,48,48,22,post,post_odor,True,0.07445211708545685,1.246494174003601,-0.8299108147621155
p1071,process,,49,49,10,post,post_odor,True,0.1406152993440628,2.8308804035186768,-1.085498332977295
p1071,process,,50,50,1,post,post_odor,True,-0.19025108218193054,1.0726276636123657,-1.079384684562683
p1071,process,,51,51,30,post,post_odor,True,-0.02786143124103546,1.2438483238220215,-1.0089489221572876
p1071,process,,52,52,12,post,post_odor,True,0.10556503385305405,1.82337486743927,-1.2406166791915894
p1071,process,,53,53,3,post,post_odor,True,0.03857198730111122,1.576740026473999,-1.4620670080184937
p1071,process,,54,54,21,post,post_odor,True,0.5041577816009521,2.5980794429779053,-1.0171393156051636
p1071,process,,55,55,22,post,post_odor,True,0.06388643383979797,2.129441022872925,-0.8132435083389282
p1071,process,,56,56,18,post,post_odor,True,0.1316235512495041,1.5804601907730103,-1.1891353130340576
p1071,process,,57,57,30,post,post_odor,True,-0.015866044908761978,1.1972038745880127,-1.082507610321045
p1071,process,,58,58,17,post,post_odor,True,-0.032875947654247284,1.513451337814331,-1.259487271308899
p1071,process,,59,59,39,post,post_odor,True,0.07452211529016495,1.3804086446762085,-1.599539875984192
p1071,process,,60,60,39,post,post_odor,True,0.27920982241630554,3.1221532821655273,-1.124421238899231
p1071,process,,61,61,17,post,post_odor,True,0.19994182884693146,2.5257883071899414,-1.27971613407135
p1071,process,,62,62,4,post,post_odor,True,0.1569150984287262,2.4375898838043213,-1.4728244543075562
p1093,process,,0,0,39,pre,post_odor,True,0.7317715287208557,2.7943248748779297,-1.2361377477645874
p1093,process,,1,1,17,pre,post_odor,True,0.13678531348705292,1.8962695598602295,-2.6885874271392822
p1093,process,,2,2,32,pre,post_odor,True,1.2711405754089355,4.059382915496826,-0.8074275851249695
p1093,process,,3,3,32,pre,post_odor,True,1.2683887481689453,3.4940011501312256,-1.6831578016281128
p1093,process,,4,4,30,pre,post_odor,True,0.21033182740211487,2.5280113220214844,-1.8162267208099365
p1093,process,,5,5,40,pre,post_odor,True,0.08017932623624802,3.3798835277557373,-4.703638076782227
p1093,process,,6,6,3,pre,post_odor,True,1.942386269569397,5.17075777053833,-0.9505000114440918
p1093,process,,7,7,2,pre,post_odor,True,1.448479175567627,3.8450801372528076,-1.6862846612930298
p1093,process,,8,8,1,pre,post_odor,True,-0.11775030195713043,2.373812437057495,-2.554725408554077
p1093,process,,9,9,4,pre,post_odor,True,1.9010525941848755,4.664726257324219,-1.462784767150879
p1093,process,,10,10,31,pre,post_odor,True,1.4781383275985718,4.557331085205078,-2.5282909870147705
p1093,process,,11,11,21,pre,post_odor,True,0.48910579085350037,2.7330777645111084,-1.547164797782898
p1093,process,,12,12,2,pre,post_odor,True,0.08602053672075272,3.110236644744873,-2.9244062900543213
p1093,process,,13,13,39,pre,post_odor,True,1.092091679573059,4.779757022857666,-1.9815818071365356
p1093,process,,14,14,1,pre,post_odor,True,0.5482062697410583,3.2113547325134277,-2.283385992050171
p1093,process,,15,15,12,pre,post_odor,True,0.912503182888031,5.100335597991943,-3.922604560852051
p1093,process,,16,16,22,pre,post_odor,True,2.1484670639038086,4.318697929382324,-1.145339846611023
p1093,process,,17,17,10,pre,post_odor,True,-0.19384148716926575,4.378303527832031,-3.995861291885376
p1093,process,,18,18,17,pre,post_odor,True,1.9716651439666748,3.5691308975219727,0.17674344778060913
p1093,process,,19,19,31,pre,post_odor,True,0.3155439794063568,3.413579225540161,-2.824946403503418
p1093,process,,20,20,30,pre,post_odor,True,-0.46334558725357056,2.5141823291778564,-3.5195038318634033
p1093,process,,21,21,12,pre,post_odor,True,-0.4415637254714966,3.07600736618042,-3.529954195022583
p1093,process,,22,22,22,pre,post_odor,True,-0.19741973280906677,2.8955018520355225,-3.3212711811065674
p1093,process,,23,23,4,pre,post_odor,True,-0.7548083662986755,3.1509323120117188,-3.2831077575683594
p1093,process,,24,24,0,pre,post_odor,True,-0.10382857918739319,3.544154405593872,-4.214536666870117
p1093,process,,25,25,3,pre,post_odor,True,0.3857342302799225,2.3590757846832275,-2.340761661529541
p1093,process,,26,26,40,pre,post_odor,True,0.9086640477180481,3.568563938140869,-1.5733479261398315
p1093,process,,27,27,10,pre,post_odor,True,0.1031322032213211,2.194061279296875,-2.7556960582733154
p1093,process,,28,28,21,pre,post_odor,True,1.4780858755111694,3.7473809719085693,-0.2824481725692749
p1093,process,,29,29,18,pre,post_odor,True,0.4073997437953949,3.6112477779388428,-3.796215057373047
p1093,process,,30,30,18,pre,post_odor,True,-0.4756685495376587,2.2665553092956543,-2.6950485706329346
p1093,process,,31,31,0,pre,post_odor,True,0.4044819176197052,3.016550064086914,-2.6476728916168213
p1093,process,,32,32,12,post,post_odor,True,0.40644511580467224,1.6149791479110718,-0.6180348992347717
p1093,process,,33,33,18,post,post_odor,True,0.1259469836950302,1.0598200559616089,-0.8185628652572632
p1093,process,,34,34,40,post,post_odor,True,0.17272762954235077,1.2560703754425049,-0.8088222146034241
p1093,process,,35,35,32,post,post_odor,True,-0.14817801117897034,0.8546111583709717,-1.087661623954773
p1093,process,,36,36,31,post,post_odor,True,0.2376829832792282,1.3220529556274414,-0.8504075407981873
p1093,process,,37,37,0,post,post_odor,True,0.12622570991516113,1.4516401290893555,-1.0722591876983643
p1093,process,,38,38,4,post,post_odor,True,-0.4251503646373749,0.7378252744674683,-1.0829530954360962
p1093,process,,39,39,2,post,post_odor,True,0.1497594565153122,1.4135345220565796,-1.0653835535049438
p1093,process,,40,40,3,post,post_odor,True,-0.04756133258342743,0.5692660808563232,-0.7810786962509155
p1093,process,,41,41,21,post,post_odor,True,0.34148597717285156,1.5606396198272705,-0.792925238609314
p1093,process,,42,42,31,post,post_odor,True,0.08989286422729492,1.1180022954940796,-0.8825626373291016
p1093,process,,43,43,2,post,post_odor,True,0.08084411919116974,1.4922481775283813,-0.71805340051651
p1093,process,,44,44,32,post,post_odor,True,0.27432671189308167,1.369904637336731,-0.7304370403289795
p1093,process,,45,45,40,post,post_odor,True,0.20287713408470154,1.4519587755203247,-1.436465859413147
p1093,process,,46,46,1,post,post_odor,True,-0.22600539028644562,1.0653129816055298,-1.2487343549728394
p1093,process,,47,47,0,post,post_odor,True,0.3395099341869354,1.9984475374221802,-0.5089190602302551
p1093,process,,48,48,22,post,post_odor,True,0.1354507952928543,1.0563242435455322,-1.0261592864990234
p1093,process,,49,49,10,post,post_odor,True,0.4522203803062439,1.9498088359832764,-0.48265230655670166
p1093,process,,50,50,1,post,post_odor,True,-0.13871173560619354,0.8178269267082214,-0.8995237350463867
p1093,process,,51,51,30,post,post_odor,True,0.09616338461637497,2.32550048828125,-1.0425231456756592
p1093,process,,52,52,12,post,post_odor,True,0.03205924481153488,0.8721818327903748,-1.0251476764678955
p1093,process,,53,53,3,post,post_odor,True,0.24277855455875397,1.8108675479888916,-0.7337582111358643
p1093,process,,54,54,21,post,post_odor,True,0.5913497805595398,2.036607027053833,-0.33897829055786133
p1093,process,,55,55,22,post,post_odor,True,-0.005141265224665403,0.9344016909599304,-0.903599202632904
p1093,process,,56,56,18,post,post_odor,True,0.24340462684631348,1.1045409440994263,-0.7032595276832581
p1093,process,,57,57,30,post,post_odor,True,0.01577252708375454,0.672432005405426,-0.8028783202171326
p1093,process,,58,58,17,post,post_odor,True,0.12626969814300537,1.0889493227005005,-0.7484884262084961
p1093,process,,59,59,39,post,post_odor,True,0.6816374063491821,1.9869040250778198,-0.4071216583251953
p1093,process,,60,60,39,post,post_odor,True,-0.10221454501152039,0.7188349366188049,-0.8851113319396973
p1093,process,,61,61,17,post,post_odor,True,0.20369865000247955,1.2280511856079102,-0.6938235759735107
p1093,process,,62,62,4,post,post_odor,True,-0.2782071530818939,1.1663936376571655,-1.0361868143081665
p1116,process,,0,0,39,pre,post_odor,True,0.9740483164787292,5.142920970916748,-3.573916435241699
p1116,process,,1,1,17,pre,post_odor,True,0.2730409502983093,3.6129987239837646,-3.343174934387207
p1116,process,,2,2,32,pre,post_odor,True,0.5562171339988708,3.600226879119873,-2.790447235107422
p1116,process,,3,3,32,pre,post_odor,True,0.7728765606880188,5.7152204513549805,-1.9015114307403564
p1116,process,,4,4,30,pre,post_odor,True,0.6508525609970093,4.854689121246338,-2.149146795272827
p1116,process,,5,5,40,pre,post_odor,True,0.4272545576095581,4.919337272644043,-2.091592311859131
p1116,process,,6,6,3,pre,post_odor,True,1.491810917854309,8.113713264465332,-1.0778937339782715
p1116,process,,7,7,2,pre,post_odor,True,0.957177460193634,4.082856178283691,-2.6430251598358154
p1116,process,,8,8,1,pre,post_odor,True,0.6137898564338684,4.046910762786865,-1.9289637804031372
p1116,process,,9,9,4,pre,post_odor,True,0.9837310910224915,4.748721599578857,-1.946419596672058
p1116,process,,10,10,31,pre,post_odor,True,1.3737503290176392,4.056181907653809,-2.02598237991333
p1116,process,,11,11,21,pre,post_odor,True,0.8749830722808838,3.4570021629333496,-2.4305074214935303
p1116,process,,12,12,2,pre,post_odor,True,0.550582230091095,4.875819206237793,-1.7544372081756592
p1116,process,,13,13,39,pre,post_odor,True,0.8567135334014893,5.6343770027160645,-2.716935873031616
p1116,process,,14,14,1,pre,post_odor,True,0.9795796871185303,4.1306586265563965,-1.535202145576477
p1116,process,,15,15,12,pre,post_odor,True,1.2365062236785889,4.354979515075684,-1.6166270971298218
p1116,process,,16,16,22,pre,post_odor,True,1.6191009283065796,4.313973903656006,-1.050917148590088
p1116,process,,17,17,10,pre,post_odor,True,1.5346146821975708,4.781014919281006,-1.2888729572296143
p1116,process,,18,18,17,pre,post_odor,True,1.6475131511688232,3.8038992881774902,-2.0425171852111816
p1116,process,,19,19,31,pre,post_odor,True,2.0190236568450928,4.938775062561035,-1.0737485885620117
p1116,process,,20,20,30,pre,post_odor,True,1.4454288482666016,4.498550891876221,-1.6649295091629028
p1116,process,,21,21,12,pre,post_odor,True,0.6045883297920227,4.703317165374756,-2.105846405029297
p1116,process,,22,22,22,pre,post_odor,True,1.0353344678878784,5.889507293701172,-1.407105803489685
p1116,process,,23,23,4,pre,post_odor,True,0.8011958003044128,4.4198317527771,-2.4063210487365723
p1116,process,,24,24,0,pre,post_odor,True,1.1882846355438232,3.3367819786071777,-1.6238445043563843
p1116,process,,25,25,3,pre,post_odor,True,0.7385069727897644,3.4917287826538086,-1.5064581632614136
p1116,process,,26,26,40,pre,post_odor,True,1.2833385467529297,4.468261241912842,-2.2138280868530273
p1116,process,,27,27,10,pre,post_odor,True,0.4236156642436981,3.691160202026367,-2.2759366035461426
p1116,process,,28,28,21,pre,post_odor,True,0.868696928024292,4.533946514129639,-2.2731823921203613
p1116,process,,29,29,18,pre,post_odor,True,-0.06284619122743607,5.06165885925293,-2.4251437187194824
p1116,process,,30,30,18,pre,post_odor,True,0.2595060467720032,2.261265516281128,-2.539839029312134
p1116,process,,31,31,0,pre,post_odor,True,0.6243138313293457,2.9789764881134033,-1.9309325218200684
p1116,process,,32,32,12,post,post_odor,True,0.03390868753194809,1.293778896331787,-1.2769253253936768
p1116,process,,33,33,18,post,post_odor,True,0.06124241277575493,1.5295506715774536,-0.9144848585128784
p1116,process,,34,34,40,post,post_odor,True,-0.025305237621068954,1.8765788078308105,-1.042399525642395
p1116,process,,35,35,32,post,post_odor,True,-0.08582568913698196,1.8716408014297485,-1.4752527475357056
p1116,process,,36,36,31,post,post_odor,True,0.09136732667684555,1.3521517515182495,-1.2066833972930908
p1116,process,,37,37,0,post,post_odor,True,0.02767024375498295,1.4642337560653687,-1.4476346969604492
p1116,process,,38,38,4,post,post_odor,True,0.036205604672431946,1.5973520278930664,-1.3076812028884888
p1116,process,,39,39,2,post,post_odor,True,-0.09181054681539536,1.7404909133911133,-1.1508039236068726
p1116,process,,40,40,3,post,post_odor,True,-0.1269470453262329,1.5925450325012207,-1.2641141414642334
p1116,process,,41,41,21,post,post_odor,True,2.412506341934204,4.846576690673828,-0.05672818422317505
p1116,process,,42,42,31,post,post_odor,True,-0.08128609508275986,1.7304697036743164,-1.131602168083191
p1116,process,,43,43,2,post,post_odor,True,-0.14062686264514923,1.6786727905273438,-1.5436279773712158
p1116,process,,44,44,32,post,post_odor,True,0.07012089341878891,1.8627691268920898,-1.2038010358810425
p1116,process,,45,45,40,post,post_odor,True,-0.11946399509906769,1.1221327781677246,-1.1288883686065674
p1116,process,,46,46,1,post,post_odor,True,-0.041776809841394424,1.3402289152145386,-1.1986439228057861
p1116,process,,47,47,0,post,post_odor,True,0.09213045239448547,1.1266621351242065,-0.7371541261672974
p1116,process,,48,48,22,post,post_odor,True,0.005839797668159008,2.113645553588867,-1.2734543085098267
p1116,process,,49,49,10,post,post_odor,True,-0.03041037544608116,1.7327275276184082,-1.1540335416793823
p1116,process,,50,50,1,post,post_odor,True,0.02714754082262516,1.2710901498794556,-0.9715958833694458
p1116,process,,51,51,30,post,post_odor,True,-0.06414881348609924,1.0250767469406128,-1.0249580144882202
p1116,process,,52,52,12,post,post_odor,True,0.02017185650765896,2.2469050884246826,-1.217385172843933
p1116,process,,53,53,3,post,post_odor,True,-0.12251769751310349,1.6478748321533203,-1.1638239622116089
p1116,process,,54,54,21,post,post_odor,True,1.587518334388733,4.542487621307373,-0.664006233215332
p1116,process,,55,55,22,post,post_odor,True,-0.08891409635543823,1.747603416442871,-1.408366322517395
p1116,process,,56,56,18,post,post_odor,True,0.06757380068302155,1.405768632888794,-1.3588758707046509
p1116,process,,57,57,30,post,post_odor,True,0.1846383661031723,1.5281649827957153,-1.0527763366699219
p1116,process,,58,58,17,post,post_odor,True,-0.05719505995512009,2.2375288009643555,-1.417542576789856
p1116,process,,59,59,39,post,post_odor,True,-0.1070636734366417,1.3771337270736694,-1.3996340036392212
p1116,process,,60,60,39,post,post_odor,True,-0.06816162168979645,1.1100430488586426,-1.2870545387268066
p1116,process,,61,61,17,post,post_odor,True,-0.19609284400939941,1.0190253257751465,-1.4828978776931763
p1116,process,,62,62,4,post,post_odor,True,-0.13097883760929108,1.3686089515686035,-1.2540255784988403
p1138,process,,0,0,39,pre,post_odor,True,0.44077208638191223,3.3026206493377686,-1.3858262300491333
p1138,process,,1,1,17,pre,post_odor,True,-0.32421746850013733,2.585057020187378,-3.320969343185425
p1138,process,,2,2,32,pre,post_odor,True,1.1318122148513794,3.64201021194458,-1.1542787551879883
p1138,process,,3,3,32,pre,post_odor,True,0.869544506072998,3.8505196571350098,-1.6761151552200317
p1138,process,,4,4,30,pre,post_odor,True,0.6658212542533875,3.9123213291168213,-1.5156135559082031
p1138,process,,5,5,40,pre,post_odor,True,0.38620245456695557,3.7996487617492676,-2.533888101577759
p1138,process,,6,6,3,pre,post_odor,True,0.9858195185661316,5.725707530975342,-1.182590126991272
p1138,process,,7,7,2,pre,post_odor,True,0.2709161639213562,3.1956393718719482,-2.0244412422180176
p1138,process,,8,8,1,pre,post_odor,True,1.0182487964630127,3.8665738105773926,-1.593650221824646
p1138,process,,9,9,4,pre,post_odor,True,0.2811708152294159,5.9773712158203125,-2.391979217529297
p1138,process,,10,10,31,pre,post_odor,True,1.048987865447998,3.9332313537597656,-1.5553979873657227
p1138,process,,11,11,21,pre,post_odor,True,-0.15345197916030884,4.3093061447143555,-2.3833303451538086
p1138,process,,12,12,2,pre,post_odor,True,0.1684621125459671,4.352099418640137,-2.1065962314605713
p1138,process,,13,13,39,pre,post_odor,True,0.19824957847595215,4.749492168426514,-2.181256055831909
p1138,process,,14,14,1,pre,post_odor,True,0.25557705760002136,4.231977939605713,-2.8587646484375
p1138,process,,15,15,12,pre,post_odor,True,1.4000132083892822,5.240645885467529,-1.168899416923523
p1138,process,,16,16,22,pre,post_odor,True,0.572367250919342,4.367419719696045,-2.594599962234497
p1138,process,,17,17,10,pre,post_odor,True,0.05263609066605568,2.5387661457061768,-2.082602024078369
p1138,process,,18,18,17,pre,post_odor,True,-0.18465423583984375,4.496156215667725,-3.508176803588867
p1138,process,,19,19,31,pre,post_odor,True,0.7457274794578552,5.517615795135498,-2.354463815689087
p1138,process,,20,20,30,pre,post_odor,True,0.8227279782295227,6.411790370941162,-2.002016067504883
p1138,process,,21,21,12,pre,post_odor,True,-0.005781714804470539,2.1854066848754883,-2.346170425415039
p1138,process,,22,22,22,pre,post_odor,True,-0.03787469491362572,1.9743285179138184,-2.234382390975952
p1138,process,,23,23,4,pre,post_odor,True,0.3554360866546631,4.568373680114746,-2.2031829357147217
p1138,process,,24,24,0,pre,post_odor,True,-0.39559537172317505,3.0916130542755127,-2.931739091873169
p1138,process,,25,25,3,pre,post_odor,True,0.4263087511062622,3.6385889053344727,-1.7712037563323975
p1138,process,,26,26,40,pre,post_odor,True,0.9922086596488953,5.646335601806641,-2.3741540908813477
p1138,process,,27,27,10,pre,post_odor,True,-0.44472047686576843,1.5495166778564453,-2.3303918838500977
p1138,process,,28,28,21,pre,post_odor,True,-0.0616675466299057,3.955782175064087,-3.2989768981933594
p1138,process,,29,29,18,pre,post_odor,True,0.21042335033416748,3.708804130554199,-1.9900262355804443
p1138,process,,30,30,18,pre,post_odor,True,0.09525080025196075,3.422121524810791,-2.295923948287964
p1138,process,,31,31,0,pre,post_odor,True,0.43309134244918823,3.0980710983276367,-2.230442523956299
p1138,process,,32,32,12,post,post_odor,True,0.035326577723026276,1.47970449924469,-0.9229292869567871
p1138,process,,33,33,18,post,post_odor,True,0.046570755541324615,1.6248894929885864,-1.0758808851242065
p1138,process,,34,34,40,post,post_odor,True,-0.08943947404623032,0.8323680758476257,-1.0857526063919067
p1138,process,,35,35,32,post,post_odor,True,0.044915568083524704,1.877400279045105,-1.0321145057678223
p1138,process,,36,36,31,post,post_odor,True,0.03633676841855049,2.060725212097168,-0.8497567772865295
p1138,process,,37,37,0,post,post_odor,True,0.08413015305995941,1.0175039768218994,-0.8340260982513428
p1138,process,,38,38,4,post,post_odor,True,0.17838266491889954,1.9867531061172485,-0.7677180171012878
p1138,process,,39,39,2,post,post_odor,True,-0.026181787252426147,1.6732062101364136,-1.188300371170044
p1138,process,,40,40,3,post,post_odor,True,-0.08165470510721207,0.7705461978912354,-0.8900731801986694
p1138,process,,41,41,21,post,post_odor,True,0.05696795508265495,1.8210251331329346,-0.9799967408180237
p1138,process,,42,42,31,post,post_odor,True,-0.08659238368272781,0.8573773503303528,-0.7632291316986084
p1138,process,,43,43,2,post,post_odor,True,0.01573316752910614,1.5629326105117798,-0.7412540912628174
p1138,process,,44,44,32,post,post_odor,True,0.05113053694367409,1.6311951875686646,-0.7999085187911987
p1138,process,,45,45,40,post,post_odor,True,0.2510996162891388,1.5856094360351562,-0.6673998236656189
p1138,process,,46,46,1,post,post_odor,True,0.06056256964802742,1.3497371673583984,-0.8689700365066528
p1138,process,,47,47,0,post,post_odor,True,-0.10962123423814774,1.648090124130249,-0.9414464235305786
p1138,process,,48,48,22,post,post_odor,True,0.13820946216583252,1.2726404666900635,-0.6014137864112854
p1138,process,,49,49,10,post,post_odor,True,-0.11957988888025284,1.0917234420776367,-1.04530930519104
p1138,process,,50,50,1,post,post_odor,True,-0.15642161667346954,0.7882605791091919,-0.8059965968132019
p1138,process,,51,51,30,post,post_odor,True,0.04393091797828674,1.0848066806793213,-0.8386597633361816
p1138,process,,52,52,12,post,post_odor,True,-0.0005850502639077604,0.9016662240028381,-0.8509679436683655
p1138,process,,53,53,3,post,post_odor,True,0.17657199501991272,1.2544516324996948,-0.7526506185531616
p1138,process,,54,54,21,post,post_odor,True,0.04996281862258911,1.4652358293533325,-1.0471082925796509
p1138,process,,55,55,22,post,post_odor,True,-0.03243410214781761,1.1429036855697632,-0.7878673672676086
p1138,process,,56,56,18,post,post_odor,True,-0.05423600599169731,1.0174373388290405,-0.694368839263916
p1138,process,,57,57,30,post,post_odor,True,0.028188668191432953,0.9702250361442566,-0.9514405727386475
p1138,process,,58,58,17,post,post_odor,True,0.04168970137834549,0.9164859652519226,-0.7491000294685364
p1138,process,,59,59,39,post,post_odor,True,0.03338431194424629,0.7557872533798218,-0.681036114692688
p1138,process,,60,60,39,post,post_odor,True,0.1730898916721344,1.9567348957061768,-0.6713693141937256
p1138,process,,61,61,17,post,post_odor,True,-0.02397005259990692,1.3029893636703491,-0.5927677750587463
p1138,process,,62,62,4,post,post_odor,True,0.006505230441689491,1.0642224550247192,-0.6497664451599121
p1160,process,,0,0,39,pre,post_odor,True,1.579042911529541,4.136931896209717,-2.028367042541504
p1160,process,,1,1,17,pre,post_odor,True,1.3920657634735107,5.171346187591553,-1.0253784656524658
p1160,process,,2,2,32,pre,post_odor,True,1.0582048892974854,6.870878219604492,-3.278569459915161
p1160,process,,3,3,32,pre,post_odor,True,2.415013074874878,5.672971725463867,-0.4690071940422058
p1160,process,,4,4,30,pre,post_odor,True,1.5359289646148682,4.99342679977417,-1.9694875478744507
p1160,process,,5,5,40,pre,post_odor,True,1.1687572002410889,5.403384208679199,-1.2555946111679077
p1160,process,,6,6,3,pre,post_odor,True,2.1002559661865234,6.332940578460693,-1.121622920036316
p1160,process,,7,7,2,pre,post_odor,True,1.6300218105316162,4.288036823272705,-1.5170704126358032
p1160,process,,8,8,1,pre,post_odor,True,1.1291176080703735,5.063415050506592,-1.4647008180618286
p1160,process,,9,9,4,pre,post_odor,True,1.7818270921707153,4.852925777435303,-1.9190870523452759
p1160,process,,10,10,31,pre,post_odor,True,2.371986150741577,5.437665939331055,-1.0317596197128296
p1160,process,,11,11,21,pre,post_odor,True,0.9280354380607605,4.905333042144775,-2.1999082565307617
p1160,process,,12,12,2,pre,post_odor,True,1.1642788648605347,3.927225112915039,-1.7457094192504883
p1160,process,,13,13,39,pre,post_odor,True,1.4377847909927368,5.542167663574219,-1.0210015773773193
p1160,process,,14,14,1,pre,post_odor,True,1.480988621711731,5.547825336456299,-1.8623955249786377
p1160,process,,15,15,12,pre,post_odor,True,1.8365970849990845,4.704558849334717,-0.5865525007247925
p1160,process,,16,16,22,pre,post_odor,True,2.016955852508545,5.5233635902404785,-1.2891833782196045
p1160,process,,17,17,10,pre,post_odor,True,1.9220565557479858,5.08266544342041,-1.1250429153442383
p1160,process,,18,18,17,pre,post_odor,True,1.9486171007156372,5.297010898590088,-0.9971006512641907
p1160,process,,19,19,31,pre,post_odor,True,2.2097342014312744,6.076618194580078,-0.2993466258049011
p1160,process,,20,20,30,pre,post_odor,True,1.4768015146255493,6.124196529388428,-1.1470375061035156
p1160,process,,21,21,12,pre,post_odor,True,0.5448921322822571,4.348557949066162,-2.556749105453491
p1160,process,,22,22,22,pre,post_odor,True,1.4398640394210815,5.29423713684082,-0.956486701965332
p1160,process,,23,23,4,pre,post_odor,True,0.9809316992759705,3.728238344192505,-1.048858404159546
p1160,process,,24,24,0,pre,post_odor,True,1.560091495513916,5.612221717834473,-2.3381049633026123
p1160,process,,25,25,3,pre,post_odor,True,0.8832574486732483,4.610892295837402,-2.450256586074829
p1160,process,,26,26,40,pre,post_odor,True,1.1202579736709595,4.675025463104248,-1.3939825296401978
p1160,process,,27,27,10,pre,post_odor,True,0.5521406531333923,4.211766242980957,-1.9564908742904663
p1160,process,,28,28,21,pre,post_odor,True,1.4167611598968506,5.081522464752197,-2.3014416694641113
p1160,process,,29,29,18,pre,post_odor,True,0.6639183163642883,3.2665116786956787,-3.021932363510132
p1160,process,,30,30,18,pre,post_odor,True,-0.6615787744522095,2.82908034324646,-3.772218942642212
p1160,process,,31,31,0,pre,post_odor,True,0.9401183724403381,5.472597122192383,-1.951033353805542
p1160,process,,32,32,12,post,post_odor,True,-0.006206989753991365,2.473963975906372,-1.3748953342437744
p1160,process,,33,33,18,post,post_odor,True,-0.07107033580541611,2.1529476642608643,-1.4444841146469116
p1160,process,,34,34,40,post,post_odor,True,-0.14110307395458221,1.3537052869796753,-1.119763731956482
p1160,process,,35,35,32,post,post_odor,True,-0.2563319206237793,1.1240812540054321,-1.4518698453903198
p1160,process,,36,36,31,post,post_odor,True,-0.20435073971748352,1.7970699071884155,-1.3562886714935303
p1160,process,,37,37,0,post,post_odor,True,-0.19492502510547638,1.3811132907867432,-1.5363727807998657
p1160,process,,38,38,4,post,post_odor,True,-0.19975736737251282,0.8665273189544678,-1.3901444673538208
p1160,process,,39,39,2,post,post_odor,True,0.012785585597157478,1.2113738059997559,-1.435168981552124
p1160,process,,40,40,3,post,post_odor,True,-0.033141762018203735,1.65712308883667,-1.3364514112472534
p1160,process,,41,41,21,post,post_odor,True,1.9811978340148926,5.705684661865234,-0.22603601217269897
p1160,process,,42,42,31,post,post_odor,True,-0.12498382478952408,1.2603397369384766,-1.491243600845337
p1160,process,,43,43,2,post,post_odor,True,-0.013345117680728436,2.0911755561828613,-1.492477536201477
p1160,process,,44,44,32,post,post_odor,True,0.0014188451459631324,1.4141597747802734,-1.3949744701385498
p1160,process,,45,45,40,post,post_odor,True,0.06313283741474152,1.9984965324401855,-1.312408685684204
p1160,process,,46,46,1,post,post_odor,True,0.12004537880420685,1.7830545902252197,-1.1651527881622314
p1160,process,,47,47,0,post,post_odor,True,-0.11596120893955231,1.2568552494049072,-1.2403342723846436
p1160,process,,48,48,22,post,post_odor,True,-0.16118943691253662,1.5168797969818115,-1.6277471780776978
p1160,process,,49,49,10,post,post_odor,True,0.016949692741036415,1.4162288904190063,-1.1343104839324951
p1160,process,,50,50,1,post,post_odor,True,-0.194229856133461,1.7745165824890137,-1.465922236442566
p1160,process,,51,51,30,post,post_odor,True,0.1124207153916359,1.7822531461715698,-1.2710285186767578
p1160,process,,52,52,12,post,post_odor,True,0.038337115198373795,1.4681906700134277,-1.1985440254211426
p1160,process,,53,53,3,post,post_odor,True,0.18391413986682892,2.156515121459961,-0.9591492414474487
p1160,process,,54,54,21,post,post_odor,True,1.87811279296875,4.68157434463501,-0.12852495908737183
p1160,process,,55,55,22,post,post_odor,True,0.003596877446398139,1.7615787982940674,-1.2782515287399292
p1160,process,,56,56,18,post,post_odor,True,-0.013938459567725658,1.3149176836013794,-1.3718653917312622
p1160,process,,57,57,30,post,post_odor,True,-0.012256911024451256,1.375113606452942,-1.252516508102417
p1160,process,,58,58,17,post,post_odor,True,-0.1353973150253296,1.0383597612380981,-1.3205058574676514
p1160,process,,59,59,39,post,post_odor,True,0.015406012535095215,1.9706017971038818,-1.191662073135376
p1160,process,,60,60,39,post,post_odor,True,0.11211766302585602,1.7511405944824219,-1.1622475385665894
p1160,process,,61,61,17,post,post_odor,True,0.1937231421470642,1.3534965515136719,-1.0909299850463867
p1160,process,,62,62,4,post,post_odor,True,-0.011820541694760323,1.158158302307129,-0.8772668838500977
p1183,process,,0,0,39,pre,post_odor,True,0.40641385316848755,4.070438385009766,-2.1103274822235107
p1183,process,,1,1,17,pre,post_odor,True,0.20833982527256012,2.889373302459717,-3.131086826324463
p1183,process,,2,2,32,pre,post_odor,True,1.893984317779541,6.3612565994262695,-1.1507033109664917
p1183,process,,3,3,32,pre,post_odor,True,1.5480453968048096,6.646897315979004,-1.0396796464920044
p1183,process,,4,4,30,pre,post_odor,True,2.2283530235290527,7.900662422180176,-1.122502326965332
p1183,process,,5,5,40,pre,post_odor,True,0.483277291059494,3.5710091590881348,-2.434591054916382
p1183,process,,6,6,3,pre,post_odor,True,3.8791301250457764,6.989142894744873,0.22661614418029785
p1183,process,,7,7,2,pre,post_odor,True,2.1626389026641846,4.688239097595215,-1.0451799631118774
p1183,process,,8,8,1,pre,post_odor,True,0.8358932137489319,4.128182888031006,-2.4967620372772217
p1183,process,,9,9,4,pre,post_odor,True,2.1428215503692627,6.241817951202393,-1.1163865327835083
p1183,process,,10,10,31,pre,post_odor,True,3.716475486755371,10.336338996887207,0.11171828210353851
p1183,process,,11,11,21,pre,post_odor,True,2.03271222114563,5.650546550750732,-0.7875717282295227
p1183,process,,12,12,2,pre,post_odor,True,0.17586025595664978,3.6386101245880127,-2.739922046661377
p1183,process,,13,13,39,pre,post_odor,True,0.30540427565574646,2.912348747253418,-1.3982805013656616
p1183,process,,14,14,1,pre,post_odor,True,0.4060472846031189,3.9013848304748535,-1.813625454902649
p1183,process,,15,15,12,pre,post_odor,True,1.3995280265808105,3.0806190967559814,-1.3914687633514404
p1183,process,,16,16,22,pre,post_odor,True,2.015186309814453,5.584593296051025,-0.03787432610988617
p1183,process,,17,17,10,pre,post_odor,True,0.6535526514053345,2.9983794689178467,-1.0792429447174072
p1183,process,,18,18,17,pre,post_odor,True,1.0623010396957397,4.736876964569092,-1.106295108795166
p1183,process,,19,19,31,pre,post_odor,True,2.573831796646118,8.942441940307617,-0.9015031456947327
p1183,process,,20,20,30,pre,post_odor,True,5.016694068908691,10.008533477783203,0.02616730146110058
p1183,process,,21,21,12,pre,post_odor,True,-0.15625819563865662,2.711733341217041,-2.396595001220703
p1183,process,,22,22,22,pre,post_odor,True,0.7801167368888855,4.142104148864746,-1.6204746961593628
p1183,process,,23,23,4,pre,post_odor,True,0.48224833607673645,3.9112651348114014,-2.519165515899658
p1183,process,,24,24,0,pre,post_odor,True,0.7771183848381042,4.751805782318115,-1.453391194343567
p1183,process,,25,25,3,pre,post_odor,True,0.390494704246521,2.0783004760742188,-1.358609914779663
p1183,process,,26,26,40,pre,post_odor,True,0.6086529493331909,3.3470582962036133,-1.974237322807312
p1183,process,,27,27,10,pre,post_odor,True,-0.18051467835903168,3.496222972869873,-2.58723783493042
p1183,process,,28,28,21,pre,post_odor,True,4.22939920425415,13.963709831237793,-1.0294992923736572
p1183,process,,29,29,18,pre,post_odor,True,0.04862862825393677,2.5900485515594482,-2.5045716762542725
p1183,process,,30,30,18,pre,post_odor,True,-0.6997186541557312,2.357491970062256,-3.900402784347534
p1183,process,,31,31,0,pre,post_odor,True,0.4760797619819641,4.94740629196167,-3.406259298324585
p1183,process,,32,32,12,post,post_odor,True,0.17841272056102753,2.6296825408935547,-1.7063013315200806
p1183,process,,33,33,18,post,post_odor,True,0.1569208800792694,2.6288955211639404,-2.2008557319641113
p1183,process,,34,34,40,post,post_odor,True,-0.1073104664683342,1.7847621440887451,-1.5369794368743896
p1183,process,,35,35,32,post,post_odor,True,0.2670706510543823,2.3723599910736084,-2.06799578666687
p1183,process,,36,36,31,post,post_odor,True,0.48719993233680725,3.0533082485198975,-1.2980642318725586
p1183,process,,37,37,0,post,post_odor,True,0.05876265466213226,1.980885624885559,-1.784044861793518
p1183,process,,38,38,4,post,post_odor,True,-0.005142764188349247,1.6107597351074219,-2.359313488006592
p1183,process,,39,39,2,post,post_odor,True,-0.18306945264339447,2.231875419616699,-1.7273881435394287
p1183,process,,40,40,3,post,post_odor,True,0.19012653827667236,2.603355884552002,-1.3944694995880127
p1183,process,,41,41,21,post,post_odor,True,6.748055934906006,15.631260871887207,0.16142278909683228
p1183,process,,42,42,31,post,post_odor,True,0.0637073814868927,1.850519061088562,-1.9924834966659546
p1183,process,,43,43,2,post,post_odor,True,-0.2292914241552353,1.2971136569976807,-1.6268686056137085
p1183,process,,44,44,32,post,post_odor,True,-0.03926355764269829,1.6558942794799805,-1.8743232488632202
p1183,process,,45,45,40,post,post_odor,True,0.2835785150527954,2.2436349391937256,-1.1638727188110352
p1183,process,,46,46,1,post,post_odor,True,-0.033996134996414185,1.4849900007247925,-1.4260993003845215
p1183,process,,47,47,0,post,post_odor,True,-0.06061280891299248,1.8579241037368774,-1.5127006769180298
p1183,process,,48,48,22,post,post_odor,True,-0.08982063829898834,1.5537906885147095,-1.2558135986328125
p1183,process,,49,49,10,post,post_odor,True,-0.12302470952272415,2.4276485443115234,-1.298754334449768
p1183,process,,50,50,1,post,post_odor,True,0.1767653524875641,3.514953136444092,-1.2260619401931763
p1183,process,,51,51,30,post,post_odor,True,0.05453953891992569,1.6920322179794312,-1.3243204355239868
p1183,process,,52,52,12,post,post_odor,True,0.03369271382689476,2.359807014465332,-1.1799266338348389
p1183,process,,53,53,3,post,post_odor,True,0.05042112618684769,1.5634640455245972,-1.0386396646499634
p1183,process,,54,54,21,post,post_odor,True,3.1838135719299316,7.745934009552002,-0.157549187541008
p1183,process,,55,55,22,post,post_odor,True,-0.07916118949651718,1.2500569820404053,-1.438187599182129
p1183,process,,56,56,18,post,post_odor,True,0.0850745216012001,1.7793164253234863,-1.144026756286621
p1183,process,,57,57,30,post,post_odor,True,0.09621114283800125,1.3288062810897827,-1.107414960861206
p1183,process,,58,58,17,post,post_odor,True,-0.04140125960111618,0.702851414680481,-0.6579782962799072
p1183,process,,59,59,39,post,post_odor,True,0.11641593277454376,0.6895630955696106,-0.39191699028015137
p1183,process,,60,60,39,post,post_odor,True,-0.015733979642391205,0.5789728164672852,-0.23718057572841644
p1183,process,,61,61,17,post,post_odor,True,0.06071721762418747,0.46016865968704224,-0.21460548043251038
p1183,process,,62,62,4,post,post_odor,True,0.02188013307750225,0.5505053400993347,-0.08405660837888718
p1205,process,,0,0,39,pre,post_odor,True,1.1862574815750122,5.3037333488464355,-2.1172399520874023
p1205,process,,1,1,17,pre,post_odor,True,0.5170803666114807,4.0786662101745605,-2.392031669616699
p1205,process,,2,2,32,pre,post_odor,True,1.0358388423919678,5.873566627502441,-3.022606134414673
p1205,process,,3,3,32,pre,post_odor,True,1.8919332027435303,5.300633907318115,-1.3275420665740967
p1205,process,,4,4,30,pre,post_odor,True,1.1111936569213867,5.937490463256836,-3.1344988346099854
p1205,process,,5,5,40,pre,post_odor,True,1.390906572341919,5.10621976852417,-1.31017005443573
p1205,process,,6,6,3,pre,post_odor,True,2.19905161857605,7.06294584274292,-1.3662774562835693
p1205,process,,7,7,2,pre,post_odor,True,2.0730128288269043,6.580158233642578,-0.9707911610603333
p1205,process,,8,8,1,pre,post_odor,True,0.7884295582771301,4.865201473236084,-3.0858969688415527
p1205,process,,9,9,4,pre,post_odor,True,1.4826923608779907,4.909198760986328,-2.0490899085998535
p1205,process,,10,10,31,pre,post_odor,True,1.6142683029174805,4.233776569366455,-1.1011042594909668
p1205,process,,11,11,21,pre,post_odor,True,1.038408875465393,4.529552936553955,-2.433627128601074
p1205,process,,12,12,2,pre,post_odor,True,1.2264975309371948,7.221094131469727,-2.7231130599975586
p1205,process,,13,13,39,pre,post_odor,True,0.7851678729057312,4.51076078414917,-2.262463092803955
p1205,process,,14,14,1,pre,post_odor,True,1.4608314037322998,5.235785007476807,-0.5644598603248596
p1205,process,,15,15,12,pre,post_odor,True,2.143577814102173,5.236303329467773,-0.9012981057167053
p1205,process,,16,16,22,pre,post_odor,True,1.9076544046401978,4.884265899658203,-1.215981125831604
p1205,process,,17,17,10,pre,post_odor,True,2.380331039428711,5.920678615570068,-1.2905558347702026
p1205,process,,18,18,17,pre,post_odor,True,1.0112171173095703,3.6477460861206055,-2.012302875518799
p1205,process,,19,19,31,pre,post_odor,True,2.1282763481140137,7.104582786560059,-0.3828515410423279
p1205,process,,20,20,30,pre,post_odor,True,1.2139217853546143,3.1714553833007812,-1.4221380949020386
p1205,process,,21,21,12,pre,post_odor,True,0.6979730725288391,4.937846660614014,-2.407820701599121
p1205,process,,22,22,22,pre,post_odor,True,1.70307195186615,5.732778549194336,-0.9609246253967285
p1205,process,,23,23,4,pre,post_odor,True,1.0508450269699097,3.1686089038848877,-1.8400006294250488
p1205,process,,24,24,0,pre,post_odor,True,1.6565762758255005,6.6475043296813965,-2.05586314201355
p1205,process,,25,25,3,pre,post_odor,True,0.6788344383239746,3.0545856952667236,-2.3147571086883545
p1205,process,,26,26,40,pre,post_odor,True,1.1514863967895508,4.874564170837402,-1.4071464538574219
p1205,process,,27,27,10,pre,post_odor,True,1.2446075677871704,5.389523506164551,-1.6381690502166748
p1205,process,,28,28,21,pre,post_odor,True,1.7690151929855347,5.855608940124512,-0.7702927589416504
p1205,process,,29,29,18,pre,post_odor,True,0.22172820568084717,2.980512857437134,-2.4741759300231934
p1205,process,,30,30,18,pre,post_odor,True,-0.8624652624130249,1.5899648666381836,-3.217345714569092
p1205,process,,31,31,0,pre,post_odor,True,2.0267415046691895,5.3279523849487305,-0.9828419089317322
p1205,process,,32,32,12,post,post_odor,True,0.32409805059432983,3.30922532081604,-1.322751760482788
p1205,process,,33,33,18,post,post_odor,True,-0.016261069104075432,2.084151029586792,-1.2564566135406494
p1205,process,,34,34,40,post,post_odor,True,0.03141267970204353,1.500044345855713,-1.5463364124298096
p1205,process,,35,35,32,post,post_odor,True,-0.15334858000278473,2.2206594944000244,-1.1702113151550293
p1205,process,,36,36,31,post,post_odor,True,0.08268120139837265,2.472874641418457,-1.4159190654754639
p1205,process,,37,37,0,post,post_odor,True,0.154827281832695,1.388569951057434,-1.4734485149383545
p1205,process,,38,38,4,post,post_odor,True,-0.05493222177028656,2.9411532878875732,-1.3599931001663208
p1205,process,,39,39,2,post,post_odor,True,-0.0063867573626339436,1.769444465637207,-1.2044631242752075
p1205,process,,40,40,3,post,post_odor,True,-0.09253647178411484,1.9350014925003052,-1.584479808807373
p1205,process,,41,41,21,post,post_odor,True,1.374138355255127,5.1549506187438965,-0.5633816123008728
p1205,process,,42,42,31,post,post_odor,True,0.09572982788085938,2.345078229904175,-1.5680660009384155
p1205,process,,43,43,2,post,post_odor,True,-0.05346370115876198,2.0175068378448486,-1.514089584350586
p1205,process,,44,44,32,post,post_odor,True,0.021297309547662735,2.041163444519043,-1.6141691207885742
p1205,process,,45,45,40,post,post_odor,True,-0.1453971266746521,2.7023823261260986,-1.5813337564468384
p1205,process,,46,46,1,post,post_odor,True,-0.051864564418792725,1.8508414030075073,-1.4147306680679321
p1205,process,,47,47,0,post,post_odor,True,-0.03142144903540611,2.2547781467437744,-1.5002938508987427
p1205,process,,48,48,22,post,post_odor,True,0.1688695102930069,2.6522295475006104,-1.4176119565963745
p1205,process,,49,49,10,post,post_odor,True,-0.15338988602161407,1.0514404773712158,-1.1343146562576294
p1205,process,,50,50,1,post,post_odor,True,-0.18823038041591644,2.384753704071045,-1.540717363357544
p1205,process,,51,51,30,post,post_odor,True,-0.22524578869342804,1.9537708759307861,-1.739684820175171
p1205,process,,52,52,12,post,post_odor,True,-0.07234346121549606,1.1840921640396118,-1.146866798400879
p1205,process,,53,53,3,post,post_odor,True,0.18414855003356934,2.6174426078796387,-1.3760459423065186
p1205,process,,54,54,21,post,post_odor,True,0.8028364777565002,4.364191055297852,-1.7540024518966675
p1205,process,,55,55,22,post,post_odor,True,-0.07962591201066971,1.4887834787368774,-1.067958950996399
p1205,process,,56,56,18,post,post_odor,True,0.012126250192523003,2.7328264713287354,-1.675792932510376
p1205,process,,57,57,30,post,post_odor,True,0.06101199612021446,2.0545170307159424,-1.8883379697799683
p1205,process,,58,58,17,post,post_odor,True,-0.01579158380627632,3.160438060760498,-1.9218511581420898
p1205,process,,59,59,39,post,post_odor,True,0.3172432780265808,2.7488298416137695,-1.5686931610107422
p1205,process,,60,60,39,post,post_odor,True,0.025979943573474884,2.2473812103271484,-1.5332655906677246
p1205,process,,61,61,17,post,post_odor,True,-0.2462850958108902,2.7028231620788574,-1.4858746528625488
p1205,process,,62,62,4,post,post_odor,True,-0.12980274856090546,1.6184124946594238,-1.756882905960083
p1227,process,,0,0,39,pre,post_odor,True,-0.21210210025310516,2.966207504272461,-4.01140832901001
p1227,process,,1,1,17,pre,post_odor,True,-0.533112645149231,4.181544303894043,-4.328555583953857
p1227,process,,2,2,32,pre,post_odor,True,2.4941229820251465,4.505975723266602,-1.1237881183624268
p1227,process,,3,3,32,pre,post_odor,True,1.9533549547195435,4.481427192687988,-0.1129290759563446
p1227,process,,4,4,30,pre,post_odor,True,0.7995215058326721,4.545944690704346,-1.1808722019195557
p1227,process,,5,5,40,pre,post_odor,True,0.5787003636360168,3.321988821029663,-2.2624123096466064
p1227,process,,6,6,3,pre,post_odor,True,1.5796748399734497,3.6963982582092285,-0.7306297421455383
p1227,process,,7,7,2,pre,post_odor,True,1.1248892545700073,3.942211866378784,-1.5253729820251465
p1227,process,,8,8,1,pre,post_odor,True,1.933504343032837,4.600438117980957,-0.5500414967536926
p1227,process,,9,9,4,pre,post_odor,True,1.8681217432022095,5.314338207244873,-0.9435532093048096
p1227,process,,10,10,31,pre,post_odor,True,1.761355996131897,4.66754674911499,-1.280635952949524
p1227,process,,11,11,21,pre,post_odor,True,0.6279162168502808,4.803077697753906,-2.453381061553955
p1227,process,,12,12,2,pre,post_odor,True,1.4438871145248413,4.956761360168457,-1.7146941423416138
p1227,process,,13,13,39,pre,post_odor,True,-0.10250765830278397,4.364442348480225,-2.4510691165924072
p1227,process,,14,14,1,pre,post_odor,True,0.3329809606075287,3.8774561882019043,-2.191037178039551
p1227,process,,15,15,12,pre,post_odor,True,2.3744184970855713,7.23553466796875,-1.2832516431808472
p1227,process,,16,16,22,pre,post_odor,True,2.045591354370117,4.991137981414795,-1.4043198823928833
p1227,process,,17,17,10,pre,post_odor,True,2.7225329875946045,6.869041919708252,-0.12982556223869324
p1227,process,,18,18,17,pre,post_odor,True,0.5862881541252136,5.155079364776611,-3.135129690170288
p1227,process,,19,19,31,pre,post_odor,True,0.6109651923179626,3.30985951423645,-2.0422627925872803
p1227,process,,20,20,30,pre,post_odor,True,-0.08637142181396484,2.6641483306884766,-1.6862919330596924
p1227,process,,21,21,12,pre,post_odor,True,-0.23733490705490112,1.8185951709747314,-2.3655383586883545
p1227,process,,22,22,22,pre,post_odor,True,0.5095492005348206,4.026382923126221,-1.4055402278900146
p1227,process,,23,23,4,pre,post_odor,True,-0.5437280535697937,2.4408364295959473,-3.351494312286377
p1227,process,,24,24,0,pre,post_odor,True,2.0378942489624023,6.13629674911499,-1.2597044706344604
p1227,process,,25,25,3,pre,post_odor,True,-0.16968929767608643,3.4014880657196045,-3.0963525772094727
p1227,process,,26,26,40,pre,post_odor,True,0.33958396315574646,4.862634658813477,-4.355867385864258
p1227,process,,27,27,10,pre,post_odor,True,1.9552199840545654,5.187807083129883,-0.9404808282852173
p1227,process,,28,28,21,pre,post_odor,True,1.3610583543777466,6.692296981811523,-1.3227752447128296
p1227,process,,29,29,18,pre,post_odor,True,0.5533210039138794,3.2545411586761475,-1.7913190126419067
p1227,process,,30,30,18,pre,post_odor,True,-3.160684823989868,0.48167216777801514,-5.552469253540039
p1227,process,,31,31,0,pre,post_odor,True,0.9216475486755371,4.042153358459473,-2.3431360721588135
p1227,process,,32,32,12,post,post_odor,True,-0.16959622502326965,2.4786088466644287,-1.223002314567566
p1227,process,,33,33,18,post,post_odor,True,-0.0944860428571701,1.4573031663894653,-1.361939549446106
p1227,process,,34,34,40,post,post_odor,True,-0.36714234948158264,0.9570388197898865,-1.3202805519104004
p1227,process,,35,35,32,post,post_odor,True,0.01759875938296318,1.180298924446106,-1.1751282215118408
p1227,process,,36,36,31,post,post_odor,True,0.00223258207552135,1.1950849294662476,-1.4920750856399536
p1227,process,,37,37,0,post,post_odor,True,-0.10311571508646011,1.227292537689209,-1.4029817581176758
p1227,process,,38,38,4,post,post_odor,True,0.10499763488769531,1.7842217683792114,-0.9949911236763
p1227,process,,39,39,2,post,post_odor,True,-0.19654875993728638,1.1369737386703491,-1.2244436740875244
p1227,process,,40,40,3,post,post_odor,True,0.07126033306121826,1.8039284944534302,-1.554499626159668
p1227,process,,41,41,21,post,post_odor,True,-0.38410964608192444,1.2095510959625244,-2.1069037914276123
p1227,process,,42,42,31,post,post_odor,True,-0.03766486793756485,0.9508787989616394,-1.1514971256256104
p1227,process,,43,43,2,post,post_odor,True,0.06779956072568893,1.6524238586425781,-0.9875183701515198
p1227,process,,44,44,32,post,post_odor,True,-0.12984634935855865,1.6129732131958008,-1.5426357984542847
p1227,process,,45,45,40,post,post_odor,True,-0.037170540541410446,1.4327969551086426,-1.2360469102859497
p1227,process,,46,46,1,post,post_odor,True,0.11233625560998917,1.433009147644043,-1.2020173072814941
p1227,process,,47,47,0,post,post_odor,True,0.05231194570660591,1.8702068328857422,-1.6752903461456299
p1227,process,,48,48,22,post,post_odor,True,-0.07647715508937836,1.6140514612197876,-1.7142235040664673
p1227,process,,49,49,10,post,post_odor,True,-0.009217399172484875,1.391488790512085,-1.1917728185653687
p1227,process,,50,50,1,post,post_odor,True,-0.2516120374202728,1.4646222591400146,-1.2775408029556274
p1227,process,,51,51,30,post,post_odor,True,-0.047561630606651306,1.4800394773483276,-1.5639106035232544
p1227,process,,52,52,12,post,post_odor,True,-0.18301808834075928,2.080897808074951,-1.9728610515594482
p1227,process,,53,53,3,post,post_odor,True,-0.23443177342414856,1.281998634338379,-2.39559006690979
p1227,process,,54,54,21,post,post_odor,True,-0.1180729866027832,0.9998940825462341,-1.4140801429748535
p1227,process,,55,55,22,post,post_odor,True,0.046939507126808167,1.3954565525054932,-1.1860309839248657
p1227,process,,56,56,18,post,post_odor,True,-0.10673050582408905,1.4915491342544556,-1.7296768426895142
p1227,process,,57,57,30,post,post_odor,True,0.08021339774131775,1.9868568181991577,-1.5364621877670288
p1227,process,,58,58,17,post,post_odor,True,-0.3025932312011719,1.2896584272384644,-2.086538076400757
p1227,process,,59,59,39,post,post_odor,True,-0.06810198724269867,1.9718339443206787,-1.5838940143585205
p1227,process,,60,60,39,post,post_odor,True,0.06367282569408417,1.3470828533172607,-1.0939970016479492
p1227,process,,61,61,17,post,post_odor,True,-0.29888737201690674,1.2251911163330078,-1.8527851104736328
p1227,process,,62,62,4,post,post_odor,True,-0.02278873696923256,1.186436414718628,-1.031682014465332
p1250,process,,0,0,39,pre,post_odor,True,0.5459193587303162,3.415850877761841,-2.1084959506988525
p1250,process,,1,1,17,pre,post_odor,True,0.48954227566719055,2.8662021160125732,-2.1633174419403076
p1250,process,,2,2,32,pre,post_odor,True,0.5227481126785278,3.7229366302490234,-2.052257537841797
p1250,process,,3,3,32,pre,post_odor,True,0.5947048664093018,3.6712937355041504,-2.104656219482422
p1250,process,,4,4,30,pre,post_odor,True,0.6755128502845764,4.982471942901611,-3.0127203464508057
p1250,process,,5,5,40,pre,post_odor,True,0.22134576737880707,5.6890950202941895,-2.3096461296081543
p1250,process,,6,6,3,pre,post_odor,True,1.0363742113113403,4.390390396118164,-2.2653918266296387
p1250,process,,7,7,2,pre,post_odor,True,0.4035474359989166,4.701402187347412,-2.7891390323638916
p1250,process,,8,8,1,pre,post_odor,True,0.9207771420478821,3.2413008213043213,-2.5570404529571533
p1250,process,,9,9,4,pre,post_odor,True,1.0161027908325195,7.722015857696533,-2.7309305667877197
p1250,process,,10,10,31,pre,post_odor,True,1.4678866863250732,4.431696891784668,-1.1540251970291138
p1250,process,,11,11,21,pre,post_odor,True,0.5919394493103027,4.2222208976745605,-1.931109070777893
p1250,process,,12,12,2,pre,post_odor,True,0.7261566519737244,5.278582572937012,-2.179140090942383
p1250,process,,13,13,39,pre,post_odor,True,0.5249925851821899,3.8820714950561523,-2.1917786598205566
p1250,process,,14,14,1,pre,post_odor,True,0.5420818328857422,4.04249382019043,-3.0434796810150146
p1250,process,,15,15,12,pre,post_odor,True,0.8912743926048279,4.585272312164307,-1.9437456130981445
p1250,process,,16,16,22,pre,post_odor,True,0.7296133041381836,7.148014545440674,-1.6347575187683105
p1250,process,,17,17,10,pre,post_odor,True,1.4531807899475098,5.640883445739746,-2.209376335144043
p1250,process,,18,18,17,pre,post_odor,True,0.8625476956367493,4.357644081115723,-2.1501729488372803
p1250,process,,19,19,31,pre,post_odor,True,0.9752010107040405,5.126679420471191,-2.0629775524139404
p1250,process,,20,20,30,pre,post_odor,True,0.8938890099525452,4.519445896148682,-1.6506916284561157
p1250,process,,21,21,12,pre,post_odor,True,0.48116594552993774,3.1152944564819336,-2.834841251373291
p1250,process,,22,22,22,pre,post_odor,True,0.49456095695495605,3.4151837825775146,-2.5213277339935303
p1250,process,,23,23,4,pre,post_odor,True,0.6182935833930969,3.784104824066162,-1.4696307182312012
p1250,process,,24,24,0,pre,post_odor,True,1.1431264877319336,6.177568435668945,-1.76021146774292
p1250,process,,25,25,3,pre,post_odor,True,0.22263483703136444,3.839588165283203,-2.2451953887939453
p1250,process,,26,26,40,pre,post_odor,True,0.7504312992095947,4.03013801574707,-1.7970281839370728
p1250,process,,27,27,10,pre,post_odor,True,0.570564866065979,2.884883403778076,-1.6662532091140747
p1250,process,,28,28,21,pre,post_odor,True,0.8103631138801575,3.9261534214019775,-2.192525625228882
p1250,process,,29,29,18,pre,post_odor,True,0.16969333589076996,2.37957501411438,-2.224966049194336
p1250,process,,30,30,18,pre,post_odor,True,-0.03456614539027214,3.834517240524292,-2.712155818939209
p1250,process,,31,31,0,pre,post_odor,True,1.0082205533981323,5.0990095138549805,-0.969166100025177
p1250,process,,32,32,12,post,post_odor,True,-0.15531577169895172,2.4418869018554688,-1.1655433177947998
p1250,process,,33,33,18,post,post_odor,True,0.09311925619840622,1.7243516445159912,-1.1901270151138306
p1250,process,,34,34,40,post,post_odor,True,-0.2362162321805954,1.0781885385513306,-1.0164902210235596
p1250,process,,35,35,32,post,post_odor,True,-0.11141123622655869,2.375174045562744,-1.4471055269241333
p1250,process,,36,36,31,post,post_odor,True,0.10764114558696747,2.243835210800171,-0.953190267086029
p1250,process,,37,37,0,post,post_odor,True,0.18486860394477844,2.9838881492614746,-0.8668830394744873
p1250,process,,38,38,4,post,post_odor,True,0.14717549085617065,1.760886549949646,-1.1923266649246216
p1250,process,,39,39,2,post,post_odor,True,0.08472961187362671,2.082873582839966,-0.8257601261138916
p1250,process,,40,40,3,post,post_odor,True,0.009651126340031624,1.4748998880386353,-1.0352083444595337
p1250,process,,41,41,21,post,post_odor,True,2.4543941020965576,6.173571586608887,-0.43527689576148987
p1250,process,,42,42,31,post,post_odor,True,-0.005021058022975922,1.6805797815322876,-0.9709292054176331
p1250,process,,43,43,2,post,post_odor,True,0.06295248121023178,1.225513219833374,-0.7875986695289612
p1250,process,,44,44,32,post,post_odor,True,-0.08215148001909256,2.0394480228424072,-0.8973067402839661
p1250,process,,45,45,40,post,post_odor,True,0.007900934666395187,1.7236945629119873,-0.9117267727851868
p1250,process,,46,46,1,post,post_odor,True,0.2640552818775177,1.4434903860092163,-0.9368472695350647
p1250,process,,47,47,0,post,post_odor,True,-0.02340218983590603,1.182481288909912,-0.9331344366073608
p1250,process,,48,48,22,post,post_odor,True,0.13648056983947754,1.5925356149673462,-0.910720944404602
p1250,process,,49,49,10,post,post_odor,True,-0.07568180561065674,1.0996865034103394,-1.0629585981369019
p1250,process,,50,50,1,post,post_odor,True,0.09625215828418732,1.4166722297668457,-0.8892127275466919
p1250,process,,51,51,30,post,post_odor,True,0.05207780748605728,1.4156702756881714,-0.8005900979042053
p1250,process,,52,52,12,post,post_odor,True,-0.12345439195632935,1.5059703588485718,-1.0262320041656494
p1250,process,,53,53,3,post,post_odor,True,-0.009082261472940445,2.1878626346588135,-1.0115041732788086
p1250,process,,54,54,21,post,post_odor,True,1.8491837978363037,4.70324182510376,-0.4343307614326477
p1250,process,,55,55,22,post,post_odor,True,-0.12178604304790497,2.0709757804870605,-1.0193686485290527
p1250,process,,56,56,18,post,post_odor,True,0.2717055380344391,2.2345075607299805,-0.7121753692626953
p1250,process,,57,57,30,post,post_odor,True,-0.11359618604183197,1.3519716262817383,-1.004257082939148
p1250,process,,58,58,17,post,post_odor,True,-0.14470358192920685,1.3708083629608154,-1.0330219268798828
p1250,process,,59,59,39,post,post_odor,True,-0.07562503963708878,2.1239864826202393,-0.9880781769752502
p1250,process,,60,60,39,post,post_odor,True,-0.01984049379825592,1.2537287473678589,-0.9628636837005615
p1250,process,,61,61,17,post,post_odor,True,-0.02434491366147995,1.4123640060424805,-0.8918265104293823
p1250,process,,62,62,4,post,post_odor,True,-0.1623968631029129,1.13340163230896,-0.8712953329086304
p1272,process,,0,0,39,pre,post_odor,True,1.0193119049072266,4.801989555358887,-1.8603514432907104
p1272,process,,1,1,17,pre,post_odor,True,4.52613639831543,8.363801002502441,1.233884572982788
p1272,process,,2,2,32,pre,post_odor,True,4.949348449707031,12.60023307800293,-2.255733013153076
p1272,process,,3,3,32,pre,post_odor,True,4.425428867340088,9.344176292419434,-0.39795881509780884
p1272,process,,4,4,30,pre,post_odor,True,2.495546579360962,7.649428844451904,-1.9853980541229248
p1272,process,,5,5,40,pre,post_odor,True,1.2988998889923096,8.036401748657227,-4.377052307128906
p1272,process,,6,6,3,pre,post_odor,True,4.532583713531494,8.5536527633667,-0.8556524515151978
p1272,process,,7,7,2,pre,post_odor,True,3.0413126945495605,7.870456695556641,-1.7077603340148926
p1272,process,,8,8,1,pre,post_odor,True,-0.25115829706192017,2.923995018005371,-3.0141425132751465
p1272,process,,9,9,4,pre,post_odor,True,4.342174053192139,9.701427459716797,-1.145451545715332
p1272,process,,10,10,31,pre,post_odor,True,5.878490924835205,14.482196807861328,-0.5689999461174011
p1272,process,,11,11,21,pre,post_odor,True,1.796878695487976,10.16878890991211,-4.102768421173096
p1272,process,,12,12,2,pre,post_odor,True,1.1497676372528076,5.369987964630127,-1.9836429357528687
p1272,process,,13,13,39,pre,post_odor,True,1.7807735204696655,7.227930545806885,-1.7764962911605835
p1272,process,,14,14,1,pre,post_odor,True,4.049159526824951,8.342669486999512,0.812160074710846
p1272,process,,15,15,12,pre,post_odor,True,3.3000009059906006,9.49323844909668,-0.7078074812889099
p1272,process,,16,16,22,pre,post_odor,True,4.357730388641357,14.039207458496094,0.2589057683944702
p1272,process,,17,17,10,pre,post_odor,True,1.4731452465057373,7.162806510925293,-0.8256690502166748
p1272,process,,18,18,17,pre,post_odor,True,5.683553695678711,11.110403060913086,1.4312673807144165
p1272,process,,19,19,31,pre,post_odor,True,4.199756622314453,9.712291717529297,-0.9411031007766724
p1272,process,,20,20,30,pre,post_odor,True,4.392679691314697,8.438217163085938,1.0055567026138306
p1272,process,,21,21,12,pre,post_odor,True,0.10799207538366318,3.2012202739715576,-1.904798150062561
p1272,process,,22,22,22,pre,post_odor,True,1.6251473426818848,6.844486713409424,-1.1514867544174194
p1272,process,,23,23,4,pre,post_odor,True,-0.10874918103218079,3.3955280780792236,-3.2529735565185547
p1272,process,,24,24,0,pre,post_odor,True,1.3600558042526245,5.208302021026611,-1.87717866897583
p1272,process,,25,25,3,pre,post_odor,True,1.716081976890564,4.187944412231445,-0.7388349175453186
p1272,process,,26,26,40,pre,post_odor,True,1.846961259841919,3.953911542892456,-0.5783988833427429
p1272,process,,27,27,10,pre,post_odor,True,-1.3696540594100952,0.4624902904033661,-2.753345251083374
p1272,process,,28,28,21,pre,post_odor,True,1.4650990962982178,5.259589672088623,-1.5013099908828735
p1272,process,,29,29,18,pre,post_odor,True,2.4360077381134033,4.639169692993164,0.03218701854348183
p1272,process,,30,30,18,pre,post_odor,True,-0.04444003477692604,2.168315887451172,-1.5151952505111694
p1272,process,,31,31,0,pre,post_odor,True,0.7440632581710815,2.7795121669769287,-1.2612135410308838
p1272,process,,32,32,12,post,post_odor,True,-0.05351002886891365,0.5869957208633423,-0.6555284261703491
p1272,process,,33,33,18,post,post_odor,True,0.4247726798057556,0.9614150524139404,-0.28887760639190674
p1272,process,,34,34,40,post,post_odor,True,-0.08598008006811142,0.5336626172065735,-0.7557992339134216
p1272,process,,35,35,32,post,post_odor,True,0.14759576320648193,1.0995365381240845,-0.5688007473945618
p1272,process,,36,36,31,post,post_odor,True,0.01621065102517605,0.6257363557815552,-0.6353495717048645
p1272,process,,37,37,0,post,post_odor,True,0.039935190230607986,0.5585495829582214,-0.35599854588508606
p1272,process,,38,38,4,post,post_odor,True,-0.004247514996677637,0.6833987832069397,-0.5552851557731628
p1272,process,,39,39,2,post,post_odor,True,-0.055333271622657776,0.7291064858436584,-0.8453315496444702
p1272,process,,40,40,3,post,post_odor,True,-0.06625740975141525,0.5157330632209778,-0.5604994893074036
p1272,process,,41,41,21,post,post_odor,True,3.540290117263794,7.430042266845703,0.9593007564544678
p1272,process,,42,42,31,post,post_odor,True,0.1251380443572998,0.752136766910553,-0.5860004425048828
p1272,process,,43,43,2,post,post_odor,True,0.06264090538024902,1.0040156841278076,-0.3807225525379181
p1272,process,,44,44,32,post,post_odor,True,0.1237708181142807,0.7198877930641174,-0.3597789406776428
p1272,process,,45,45,40,post,post_odor,True,0.00225701741874218,0.6209487318992615,-0.7110143899917603
p1272,process,,46,46,1,post,post_odor,True,0.004716186318546534,0.6738297343254089,-0.44164004921913147
p1272,process,,47,47,0,post,post_odor,True,0.011392958462238312,0.6625556349754333,-0.6467390656471252
p1272,process,,48,48,22,post,post_odor,True,0.005932932253926992,0.4959973990917206,-0.47363558411598206
p1272,process,,49,49,10,post,post_odor,True,0.00034987868275493383,0.5617324709892273,-0.558864414691925
p1272,process,,50,50,1,post,post_odor,True,-0.06517448276281357,0.6946730017662048,-0.6622253060340881
p1272,process,,51,51,30,post,post_odor,True,0.03310141712427139,0.9736229181289673,-0.6068219542503357
p1272,process,,52,52,12,post,post_odor,True,-0.10174932330846786,0.4578368365764618,-0.6278808116912842
p1272,process,,53,53,3,post,post_odor,True,-0.002970767440274358,0.6286579966545105,-0.5687735080718994
p1272,process,,54,54,21,post,post_odor,True,2.612825632095337,5.204329967498779,0.7470662593841553
p1272,process,,55,55,22,post,post_odor,True,-0.009707973338663578,0.6151465773582458,-0.4658673405647278
p1272,process,,56,56,18,post,post_odor,True,0.052140381187200546,0.8282303810119629,-0.41910916566848755
p1272,process,,57,57,30,post,post_odor,True,0.14677046239376068,0.8186493515968323,-0.31387776136398315
p1272,process,,58,58,17,post,post_odor,True,0.08539743721485138,0.5764807462692261,-0.2750495374202728
p1272,process,,59,59,39,post,post_odor,True,0.01024156715720892,0.4031014144420624,-0.2580455243587494
p1272,process,,60,60,39,post,post_odor,True,0.02038058266043663,0.3252902626991272,-0.13907065987586975
p1272,process,,61,61,17,post,post_odor,True,0.01336029265075922,0.176540344953537,-0.15271715819835663
p1272,process,,62,62,4,post,post_odor,True,0.010016343556344509,0.20823229849338531,-0.0628586858510971
p1294,process,,0,0,39,pre,post_odor,True,1.1231199502944946,3.916475534439087,-2.4644033908843994
p1294,process,,1,1,17,pre,post_odor,True,0.05029379948973656,3.332550287246704,-3.2341556549072266
p1294,process,,2,2,32,pre,post_odor,True,3.9887359142303467,7.244927406311035,-0.7508176565170288
p1294,process,,3,3,32,pre,post_odor,True,4.142073631286621,7.2997145652771,0.6633866429328918
p1294,process,,4,4,30,pre,post_odor,True,3.480613946914673,7.487157821655273,0.0990157425403595
p1294,process,,5,5,40,pre,post_odor,True,1.7707964181900024,6.814882278442383,-1.5805050134658813
p1294,process,,6,6,3,pre,post_odor,True,5.412547588348389,9.024816513061523,2.2894537448883057
p1294,process,,7,7,2,pre,post_odor,True,3.469916343688965,7.153567790985107,0.49588415026664734
p1294,process,,8,8,1,pre,post_odor,True,0.5706771612167358,4.412558555603027,-2.0183792114257812
p1294,process,,9,9,4,pre,post_odor,True,3.640275239944458,6.912266254425049,0.699195146560669
p1294,process,,10,10,31,pre,post_odor,True,3.561257839202881,6.730198383331299,0.9487242102622986
p1294,process,,11,11,21,pre,post_odor,True,1.4782863855361938,5.0186872482299805,-2.35473370552063
p1294,process,,12,12,2,pre,post_odor,True,1.9922027587890625,5.325829982757568,-2.03684663772583
p1294,process,,13,13,39,pre,post_odor,True,0.9678127765655518,3.336887836456299,-2.879713535308838
p1294,process,,14,14,1,pre,post_odor,True,2.0206236839294434,5.495035171508789,-1.0421918630599976
p1294,process,,15,15,12,pre,post_odor,True,4.776730060577393,8.445385932922363,1.7326958179473877
p1294,process,,16,16,22,pre,post_odor,True,2.7684009075164795,5.850140571594238,-0.4990937113761902
p1294,process,,17,17,10,pre,post_odor,True,1.538991093635559,8.169527053833008,-1.6877244710922241
p1294,process,,18,18,17,pre,post_odor,True,0.6716294288635254,3.907559633255005,-2.550652503967285
p1294,process,,19,19,31,pre,post_odor,True,1.9098258018493652,6.278716087341309,-1.5102880001068115
p1294,process,,20,20,30,pre,post_odor,True,1.2098572254180908,4.443385124206543,-1.3673839569091797
p1294,process,,21,21,12,pre,post_odor,True,0.368769109249115,3.551590919494629,-2.8487887382507324
p1294,process,,22,22,22,pre,post_odor,True,0.38387560844421387,3.154994010925293,-2.9034664630889893
p1294,process,,23,23,4,pre,post_odor,True,1.0446258783340454,3.6341254711151123,-1.3789687156677246
p1294,process,,24,24,0,pre,post_odor,True,0.7080346941947937,4.613818168640137,-2.159716844558716
p1294,process,,25,25,3,pre,post_odor,True,0.689963698387146,4.482597351074219,-1.3767677545547485
p1294,process,,26,26,40,pre,post_odor,True,1.4806565046310425,5.358304977416992,-2.342980146408081
p1294,process,,27,27,10,pre,post_odor,True,-0.7833282351493835,1.6725926399230957,-4.160076141357422
p1294,process,,28,28,21,pre,post_odor,True,0.1384727656841278,2.6379029750823975,-3.200782537460327
p1294,process,,29,29,18,pre,post_odor,True,0.4444107413291931,2.7444231510162354,-2.1312577724456787
p1294,process,,30,30,18,pre,post_odor,True,0.2672936022281647,2.9428441524505615,-2.0505096912384033
p1294,process,,31,31,0,pre,post_odor,True,0.3635696470737457,2.552915096282959,-3.4447078704833984
p1294,process,,32,32,12,post,post_odor,True,1.1562718152999878,2.954345226287842,-0.2885759770870209
p1294,process,,33,33,18,post,post_odor,True,0.935996949672699,2.3858206272125244,-0.9127650260925293
p1294,process,,34,34,40,post,post_odor,True,0.20612333714962006,1.50015127658844,-1.0413849353790283
p1294,process,,35,35,32,post,post_odor,True,0.5293489098548889,1.8106008768081665,-0.8286227583885193
p1294,process,,36,36,31,post,post_odor,True,0.6621828079223633,2.4236836433410645,-1.0421563386917114
p1294,process,,37,37,0,post,post_odor,True,-0.12856151163578033,1.1114907264709473,-1.8260756731033325
p1294,process,,38,38,4,post,post_odor,True,0.20729440450668335,1.5495480298995972,-0.6625146269798279
p1294,process,,39,39,2,post,post_odor,True,0.2712341547012329,2.069967031478882,-1.1438947916030884
p1294,process,,40,40,3,post,post_odor,True,0.3260088860988617,2.3858275413513184,-1.199211835861206
p1294,process,,41,41,21,post,post_odor,True,1.681567907333374,4.088081359863281,-0.06618867814540863
p1294,process,,42,42,31,post,post_odor,True,0.6144051551818848,2.9061102867126465,-1.160400152206421
p1294,process,,43,43,2,post,post_odor,True,-0.3046461045742035,1.3607014417648315,-1.546928882598877
p1294,process,,44,44,32,post,post_odor,True,0.33753833174705505,1.5773218870162964,-0.7797401547431946
p1294,process,,45,45,40,post,post_odor,True,0.15021748840808868,1.7907887697219849,-0.9985108971595764
p1294,process,,46,46,1,post,post_odor,True,0.14894512295722961,1.4342221021652222,-0.8388820886611938
p1294,process,,47,47,0,post,post_odor,True,0.35099759697914124,1.454990029335022,-0.8942606449127197
p1294,process,,48,48,22,post,post_odor,True,0.2957746982574463,2.56309175491333,-0.6177923679351807
p1294,process,,49,49,10,post,post_odor,True,0.014931262470781803,1.2224783897399902,-1.005719780921936
p1294,process,,50,50,1,post,post_odor,True,-0.19980613887310028,0.7778958678245544,-1.2733787298202515
p1294,process,,51,51,30,post,post_odor,True,0.10623693466186523,2.410977840423584,-0.90806645154953
p1294,process,,52,52,12,post,post_odor,True,0.060872387140989304,1.1105372905731201,-0.9187585711479187
p1294,process,,53,53,3,post,post_odor,True,0.35529112815856934,1.4200416803359985,-0.7151347994804382
p1294,process,,54,54,21,post,post_odor,True,2.079101085662842,5.4793009757995605,0.4183996319770813
p1294,process,,55,55,22,post,post_odor,True,0.25395214557647705,1.0125573873519897,-0.6335180401802063
p1294,process,,56,56,18,post,post_odor,True,0.36596742272377014,1.5072747468948364,-0.9426717758178711
p1294,process,,57,57,30,post,post_odor,True,-0.005643635522574186,1.150757074356079,-0.8696378469467163
p1294,process,,58,58,17,post,post_odor,True,0.5037923455238342,1.9367800951004028,-0.4878281056880951
p1294,process,,59,59,39,post,post_odor,True,0.16786687076091766,1.771575689315796,-0.8007647395133972
p1294,process,,60,60,39,post,post_odor,True,0.2882539629936218,1.2983380556106567,-0.6843530535697937
p1294,process,,61,61,17,post,post_odor,True,0.6673959493637085,1.9566926956176758,-0.39830833673477173
p1294,process,,62,62,4,post,post_odor,True,0.0817561075091362,0.8571019172668457,-0.7314289212226868
p1316,process,,0,0,39,pre,post_odor,True,1.9840445518493652,5.306223392486572,-0.2409934550523758
p1316,process,,1,1,17,pre,post_odor,True,1.0528252124786377,5.303976535797119,-3.0863306522369385
p1316,process,,2,2,32,pre,post_odor,True,1.4265220165252686,4.598812103271484,-1.5631755590438843
p1316,process,,3,3,32,pre,post_odor,True,4.262406826019287,7.457215785980225,0.5615786910057068
p1316,process,,4,4,30,pre,post_odor,True,1.7212839126586914,6.005009174346924,-0.8259931206703186
p1316,process,,5,5,40,pre,post_odor,True,2.4440863132476807,6.349369049072266,-0.3206067681312561
p1316,process,,6,6,3,pre,post_odor,True,2.9902350902557373,5.816834449768066,-0.7976512908935547
p1316,process,,7,7,2,pre,post_odor,True,2.2603299617767334,4.883592128753662,-3.4280776977539062
p1316,process,,8,8,1,pre,post_odor,True,2.348282814025879,5.498363018035889,-2.115118980407715
p1316,process,,9,9,4,pre,post_odor,True,1.9806454181671143,4.651396751403809,-2.076371431350708
p1316,process,,10,10,31,pre,post_odor,True,3.6878416538238525,7.158762454986572,-0.6711228489875793
p1316,process,,11,11,21,pre,post_odor,True,2.2766287326812744,5.352321147918701,-2.097811460494995
p1316,process,,12,12,2,pre,post_odor,True,2.8120574951171875,6.2697672843933105,-0.11872841417789459
p1316,process,,13,13,39,pre,post_odor,True,-1.9396190643310547,1.097288966178894,-4.161430358886719
p1316,process,,14,14,1,pre,post_odor,True,1.3199032545089722,5.051555156707764,-1.9633797407150269
p1316,process,,15,15,12,pre,post_odor,True,4.724313735961914,8.266185760498047,-0.2690970301628113
p1316,process,,16,16,22,pre,post_odor,True,4.251211643218994,7.380850791931152,0.29187577962875366
p1316,process,,17,17,10,pre,post_odor,True,5.38245964050293,8.140033721923828,2.6935877799987793
p1316,process,,18,18,17,pre,post_odor,True,1.2282602787017822,4.923083782196045,-1.612613558769226
p1316,process,,19,19,31,pre,post_odor,True,4.90453577041626,8.211441993713379,1.4611455202102661
p1316,process,,20,20,30,pre,post_odor,True,2.2803614139556885,4.700817584991455,0.0276576466858387
p1316,process,,21,21,12,pre,post_odor,True,2.987234354019165,6.515594005584717,0.5190245509147644
p1316,process,,22,22,22,pre,post_odor,True,3.439725160598755,7.861066818237305,-1.3977079391479492
p1316,process,,23,23,4,pre,post_odor,True,1.746474266052246,4.798959255218506,-2.508540391921997
p1316,process,,24,24,0,pre,post_odor,True,5.731271743774414,9.142216682434082,2.669429302215576
p1316,process,,25,25,3,pre,post_odor,True,2.1277406215667725,4.551971435546875,-1.9287362098693848
p1316,process,,26,26,40,pre,post_odor,True,2.2367749214172363,5.19625186920166,-1.1005522012710571
p1316,process,,27,27,10,pre,post_odor,True,2.4042930603027344,5.378393650054932,-0.4213695228099823
p1316,process,,28,28,21,pre,post_odor,True,2.7463104724884033,7.004232406616211,-0.5706976652145386
p1316,process,,29,29,18,pre,post_odor,True,-1.0592690706253052,2.9594693183898926,-4.583786487579346
p1316,process,,30,30,18,pre,post_odor,True,-2.8508472442626953,-0.6708420515060425,-5.212889194488525
p1316,process,,31,31,0,pre,post_odor,True,4.060123920440674,8.034457206726074,-0.7401801943778992
p1316,process,,32,32,12,post,post_odor,True,-0.07039292901754379,1.1148715019226074,-1.5690699815750122
p1316,process,,33,33,18,post,post_odor,True,-0.07629521936178207,1.5009546279907227,-1.51561439037323
p1316,process,,34,34,40,post,post_odor,True,-0.09833619743585587,0.9856491684913635,-1.1949008703231812
p1316,process,,35,35,32,post,post_odor,True,-0.12075044959783554,1.1765897274017334,-1.1817690134048462
p1316,process,,36,36,31,post,post_odor,True,-0.3925922214984894,1.2456663846969604,-1.6071804761886597
p1316,process,,37,37,0,post,post_odor,True,0.1993289440870285,1.1322168111801147,-1.0088865756988525
p1316,process,,38,38,4,post,post_odor,True,0.13417869806289673,1.0656675100326538,-1.1330052614212036
p1316,process,,39,39,2,post,post_odor,True,-0.04961515963077545,1.5135384798049927,-1.008190631866455
p1316,process,,40,40,3,post,post_odor,True,-0.016595864668488503,0.8205307126045227,-0.9837771654129028
p1316,process,,41,41,21,post,post_odor,True,2.1663246154785156,4.313138008117676,0.4529830515384674
p1316,process,,42,42,31,post,post_odor,True,-0.11107867956161499,1.1565871238708496,-0.9707106947898865
p1316,process,,43,43,2,post,post_odor,True,-0.16511406004428864,1.150867223739624,-1.197363018989563
p1316,process,,44,44,32,post,post_odor,True,0.016506316140294075,0.8183990120887756,-1.0715402364730835
p1316,process,,45,45,40,post,post_odor,True,0.049807652831077576,1.2630754709243774,-0.9384081959724426
p1316,process,,46,46,1,post,post_odor,True,0.17961034178733826,1.2393016815185547,-0.6894240975379944
p1316,process,,47,47,0,post,post_odor,True,0.23262456059455872,1.6417675018310547,-0.6444767117500305
p1316,process,,48,48,22,post,post_odor,True,-0.005092976149171591,1.21157968044281,-1.2521517276763916
p1316,process,,49,49,10,post,post_odor,True,0.004673255141824484,1.2855124473571777,-1.0187208652496338
p1316,process,,50,50,1,post,post_odor,True,-0.050469256937503815,0.8593993186950684,-1.14223051071167
p1316,process,,51,51,30,post,post_odor,True,0.0017392182489857078,0.9412401914596558,-0.9331800937652588
p1316,process,,52,52,12,post,post_odor,True,0.13986824452877045,1.7258875370025635,-0.7980475425720215
p1316,process,,53,53,3,post,post_odor,True,0.0670609250664711,1.0711103677749634,-1.0928215980529785
p1316,process,,54,54,21,post,post_odor,True,1.5479601621627808,3.820438861846924,-0.2524670958518982
p1316,process,,55,55,22,post,post_odor,True,0.18295818567276,1.3656777143478394,-1.1311206817626953
p1316,process,,56,56,18,post,post_odor,True,0.06981766223907471,0.960257351398468,-0.9326460957527161
p1316,process,,57,57,30,post,post_odor,True,0.06740089505910873,1.8764115571975708,-1.1281594038009644
p1316,process,,58,58,17,post,post_odor,True,-0.04175690934062004,1.3693534135818481,-1.1780519485473633
p1316,process,,59,59,39,post,post_odor,True,0.18631401658058167,1.409515142440796,-0.9994308948516846
p1316,process,,60,60,39,post,post_odor,True,0.0392431803047657,1.059503436088562,-0.8927978873252869
p1316,process,,61,61,17,post,post_odor,True,0.08020853251218796,1.2319027185440063,-0.6900150775909424
p1316,process,,62,62,4,post,post_odor,True,-0.013382292352616787,1.1073781251907349,-0.7215030789375305
p1339,process,,0,0,39,pre,post_odor,True,1.6305348873138428,4.779807090759277,-1.4430397748947144
p1339,process,,1,1,17,pre,post_odor,True,2.0711143016815186,5.779261589050293,-1.5866402387619019
p1339,process,,2,2,32,pre,post_odor,True,2.136549472808838,6.966012001037598,-1.3496832847595215
p1339,process,,3,3,32,pre,post_odor,True,4.054452419281006,8.986371040344238,-0.24044163525104523
p1339,process,,4,4,30,pre,post_odor,True,3.178168296813965,7.167879104614258,-0.38145360350608826
p1339,process,,5,5,40,pre,post_odor,True,2.5887420177459717,9.041043281555176,-0.8199872374534607
p1339,process,,6,6,3,pre,post_odor,True,4.90767240524292,9.774565696716309,1.4315531253814697
p1339,process,,7,7,2,pre,post_odor,True,3.3764591217041016,7.468306541442871,0.027036281302571297
p1339,process,,8,8,1,pre,post_odor,True,1.3420634269714355,4.792593955993652,-1.7035953998565674
p1339,process,,9,9,4,pre,post_odor,True,3.781348705291748,8.15506362915039,0.2039664387702942
p1339,process,,10,10,31,pre,post_odor,True,5.214545726776123,8.960899353027344,0.7274566888809204
p1339,process,,11,11,21,pre,post_odor,True,1.8275647163391113,4.681064605712891,-1.5438984632492065
p1339,process,,12,12,2,pre,post_odor,True,2.8112592697143555,7.989179611206055,-1.1038719415664673
p1339,process,,13,13,39,pre,post_odor,True,2.339352607727051,5.521368503570557,-2.127056121826172
p1339,process,,14,14,1,pre,post_odor,True,2.4781057834625244,6.282812595367432,-0.6872071623802185
p1339,process,,15,15,12,pre,post_odor,True,4.558541774749756,9.991774559020996,0.717451274394989
p1339,process,,16,16,22,pre,post_odor,True,4.753486633300781,9.004809379577637,0.8830918073654175
p1339,process,,17,17,10,pre,post_odor,True,3.625070571899414,7.38364315032959,1.0627440214157104
p1339,process,,18,18,17,pre,post_odor,True,4.224788188934326,7.051438331604004,1.8985873460769653
p1339,process,,19,19,31,pre,post_odor,True,4.709105968475342,10.48548698425293,1.6955167055130005
p1339,process,,20,20,30,pre,post_odor,True,2.7561960220336914,6.700953006744385,-0.018762100487947464
p1339,process,,21,21,12,pre,post_odor,True,2.0593478679656982,6.967331886291504,-2.5540010929107666
p1339,process,,22,22,22,pre,post_odor,True,3.5125112533569336,7.410701274871826,-0.039921846240758896
p1339,process,,23,23,4,pre,post_odor,True,3.7036285400390625,8.977461814880371,0.6775315403938293
p1339,process,,24,24,0,pre,post_odor,True,2.4408726692199707,5.763674736022949,-0.7023128271102905
p1339,process,,25,25,3,pre,post_odor,True,2.4464964866638184,5.474915027618408,-0.700433075428009
p1339,process,,26,26,40,pre,post_odor,True,2.4540014266967773,5.867063999176025,-1.434144139289856
p1339,process,,27,27,10,pre,post_odor,True,0.6258269548416138,3.365579843521118,-2.0347843170166016
p1339,process,,28,28,21,pre,post_odor,True,2.2762789726257324,5.73577356338501,-1.8573153018951416
p1339,process,,29,29,18,pre,post_odor,True,2.0588817596435547,6.199667930603027,-0.9865055680274963
p1339,process,,30,30,18,pre,post_odor,True,-0.9740199446678162,2.621748685836792,-3.505770683288574
p1339,process,,31,31,0,pre,post_odor,True,2.4123175144195557,5.32138729095459,-0.13391150534152985
p1339,process,,32,32,12,post,post_odor,True,0.14846153557300568,1.686978816986084,-1.0404291152954102
p1339,process,,33,33,18,post,post_odor,True,0.022454271093010902,2.450615644454956,-0.9346731901168823
p1339,process,,34,34,40,post,post_odor,True,0.00014673260739073157,1.368456482887268,-1.5279054641723633
p1339,process,,35,35,32,post,post_odor,True,-0.03274340182542801,1.617756724357605,-0.9697321653366089
p1339,process,,36,36,31,post,post_odor,True,0.0948551744222641,1.701974868774414,-1.0238325595855713
p1339,process,,37,37,0,post,post_odor,True,0.19979357719421387,1.4948105812072754,-1.4245134592056274
p1339,process,,38,38,4,post,post_odor,True,0.046679478138685226,2.2052156925201416,-1.354525089263916
p1339,process,,39,39,2,post,post_odor,True,0.10013143718242645,2.1575989723205566,-1.0126076936721802
p1339,process,,40,40,3,post,post_odor,True,-0.05603146180510521,1.107749342918396,-1.1543028354644775
p1339,process,,41,41,21,post,post_odor,True,1.63237726688385,4.679689884185791,-0.4659345746040344
p1339,process,,42,42,31,post,post_odor,True,0.1996610164642334,2.2232236862182617,-1.1430824995040894
p1339,process,,43,43,2,post,post_odor,True,0.18862248957157135,1.541435956954956,-0.8472496867179871
p1339,process,,44,44,32,post,post_odor,True,0.06177564710378647,1.670351505279541,-1.1563445329666138
p1339,process,,45,45,40,post,post_odor,True,-0.2861218750476837,1.0808610916137695,-1.289033055305481
p1339,process,,46,46,1,post,post_odor,True,0.06385674327611923,1.5483019351959229,-0.9115837812423706
p1339,process,,47,47,0,post,post_odor,True,0.0437002032995224,1.6481409072875977,-1.201054573059082
p1339,process,,48,48,22,post,post_odor,True,0.1988907754421234,1.3875834941864014,-1.2706142663955688
p1339,process,,49,49,10,post,post_odor,True,0.12108764797449112,2.815126895904541,-1.2649377584457397
p1339,process,,50,50,1,post,post_odor,True,0.052020661532878876,1.4477694034576416,-0.7148531675338745
p1339,process,,51,51,30,post,post_odor,True,0.13892821967601776,1.6711938381195068,-1.2915301322937012
p1339,process,,52,52,12,post,post_odor,True,-0.051231201738119125,1.0876185894012451,-1.0970488786697388
p1339,process,,53,53,3,post,post_odor,True,0.08570890128612518,1.3789258003234863,-0.8770230412483215
p1339,process,,54,54,21,post,post_odor,True,1.0695258378982544,3.040215253829956,-0.5903028845787048
p1339,process,,55,55,22,post,post_odor,True,0.12427880614995956,1.507115125656128,-1.2905187606811523
p1339,process,,56,56,18,post,post_odor,True,0.41254106163978577,1.831380009651184,-0.7183136940002441
p1339,process,,57,57,30,post,post_odor,True,0.13851431012153625,1.9821487665176392,-0.9585742950439453
p1339,process,,58,58,17,post,post_odor,True,-0.11232170462608337,1.4956022500991821,-1.3789052963256836
p1339,process,,59,59,39,post,post_odor,True,0.02034827135503292,1.1534978151321411,-0.9674230217933655
p1339,process,,60,60,39,post,post_odor,True,0.11042837053537369,0.9965581893920898,-1.0638052225112915
p1339,process,,61,61,17,post,post_odor,True,0.2477392703294754,1.5107171535491943,-0.7339833974838257
p1339,process,,62,62,4,post,post_odor,True,-0.02978592738509178,0.8560407161712646,-0.9424453973770142
p1361,process,,0,0,39,pre,post_odor,True,0.9298260807991028,3.931077241897583,-1.9363062381744385
p1361,process,,1,1,17,pre,post_odor,True,1.3491604328155518,6.2871012687683105,-2.475531578063965
p1361,process,,2,2,32,pre,post_odor,True,1.7754838466644287,5.204484462738037,-1.3053669929504395
p1361,process,,3,3,32,pre,post_odor,True,3.1488144397735596,8.727499008178711,-0.5873724222183228
p1361,process,,4,4,30,pre,post_odor,True,3.141139030456543,8.347503662109375,-0.7930400967597961
p1361,process,,5,5,40,pre,post_odor,True,1.513145089149475,6.268263339996338,-1.8638403415679932
p1361,process,,6,6,3,pre,post_odor,True,0.6635122299194336,4.448723793029785,-2.378584146499634
p1361,process,,7,7,2,pre,post_odor,True,0.41986963152885437,4.1241350173950195,-1.6167399883270264
p1361,process,,8,8,1,pre,post_odor,True,1.0981802940368652,5.602573871612549,-1.7798130512237549
p1361,process,,9,9,4,pre,post_odor,True,0.49210283160209656,4.863063812255859,-2.319251298904419
p1361,process,,10,10,31,pre,post_odor,True,1.6816706657409668,6.755971431732178,-1.7539113759994507
p1361,process,,11,11,21,pre,post_odor,True,0.14285457134246826,2.7660722732543945,-2.062828540802002
p1361,process,,12,12,2,pre,post_odor,True,0.21250542998313904,3.321467876434326,-1.6822832822799683
p1361,process,,13,13,39,pre,post_odor,True,0.4137870669364929,3.3826887607574463,-1.960338830947876
p1361,process,,14,14,1,pre,post_odor,True,0.9230831265449524,5.483137130737305,-1.5501552820205688
p1361,process,,15,15,12,pre,post_odor,True,1.0615772008895874,4.2319135665893555,-1.985241413116455
p1361,process,,16,16,22,pre,post_odor,True,-0.17292353510856628,4.299025058746338,-2.8060388565063477
p1361,process,,17,17,10,pre,post_odor,True,-0.6120167970657349,3.4146499633789062,-2.675644874572754
p1361,process,,18,18,17,pre,post_odor,True,1.0958678722381592,4.4407429695129395,-1.3541877269744873
p1361,process,,19,19,31,pre,post_odor,True,0.07402286678552628,3.9256744384765625,-2.0382556915283203
p1361,process,,20,20,30,pre,post_odor,True,0.5765451788902283,4.459770202636719,-1.6949138641357422
p1361,process,,21,21,12,pre,post_odor,True,0.07049018144607544,2.981245756149292,-2.2545948028564453
p1361,process,,22,22,22,pre,post_odor,True,0.7325148582458496,3.9749081134796143,-2.8996121883392334
p1361,process,,23,23,4,pre,post_odor,True,0.07174976915121078,2.893648862838745,-2.2070536613464355
p1361,process,,24,24,0,pre,post_odor,True,0.013317781500518322,2.4713590145111084,-2.351818323135376
p1361,process,,25,25,3,pre,post_odor,True,0.24228021502494812,3.2522025108337402,-1.60396409034729
p1361,process,,26,26,40,pre,post_odor,True,0.03630766272544861,6.054186820983887,-2.0337109565734863
p1361,process,,27,27,10,pre,post_odor,True,0.16224396228790283,2.482542037963867,-2.0286762714385986
p1361,process,,28,28,21,pre,post_odor,True,1.0852067470550537,4.554780960083008,-1.1718002557754517
p1361,process,,29,29,18,pre,post_odor,True,-0.46967795491218567,1.9970544576644897,-2.335899591445923
p1361,process,,30,30,18,pre,post_odor,True,-0.10546153038740158,2.4558773040771484,-2.071253538131714
p1361,process,,31,31,0,pre,post_odor,True,0.20304356515407562,3.5845046043395996,-2.250908851623535
p1361,process,,32,32,12,post,post_odor,True,-0.047978468239307404,1.7275936603546143,-1.7454310655593872
p1361,process,,33,33,18,post,post_odor,True,0.2707338035106659,4.58664083480835,-1.9051311016082764
p1361,process,,34,34,40,post,post_odor,True,-0.12560585141181946,1.4548031091690063,-2.3394336700439453
p1361,process,,35,35,32,post,post_odor,True,0.030862275511026382,2.3692891597747803,-1.491959810256958
p1361,process,,36,36,31,post,post_odor,True,0.163631871342659,2.659975528717041,-1.6351481676101685
p1361,process,,37,37,0,post,post_odor,True,-0.19657011330127716,1.9020156860351562,-2.2738099098205566
p1361,process,,38,38,4,post,post_odor,True,-0.18236100673675537,2.7415826320648193,-2.0696051120758057
p1361,process,,39,39,2,post,post_odor,True,-0.15151821076869965,2.41880464553833,-1.9859226942062378
p1361,process,,40,40,3,post,post_odor,True,0.2007235735654831,2.6996817588806152,-1.5284744501113892
p1361,process,,41,41,21,post,post_odor,True,1.9442404508590698,4.970791816711426,-0.3665837347507477
p1361,process,,42,42,31,post,post_odor,True,-0.11738955974578857,1.9221343994140625,-1.478204369544983
p1361,process,,43,43,2,post,post_odor,True,-0.05816773697733879,2.1526291370391846,-1.4627410173416138
p1361,process,,44,44,32,post,post_odor,True,0.001302013173699379,3.090970993041992,-1.885867953300476
p1361,process,,45,45,40,post,post_odor,True,-0.19919253885746002,1.874693512916565,-1.5959302186965942
p1361,process,,46,46,1,post,post_odor,True,-0.04988721013069153,2.6045730113983154,-1.9301059246063232
p1361,process,,47,47,0,post,post_odor,True,-0.15091536939144135,1.789508581161499,-1.6586960554122925
p1361,process,,48,48,22,post,post_odor,True,0.1514667123556137,1.6667248010635376,-1.211630940437317
p1361,process,,49,49,10,post,post_odor,True,-0.08935020118951797,2.752049684524536,-1.6063979864120483
p1361,process,,50,50,1,post,post_odor,True,-0.10012548416852951,2.336700201034546,-1.7332525253295898
p1361,process,,51,51,30,post,post_odor,True,0.06620447337627411,2.02066969871521,-1.6838585138320923
p1361,process,,52,52,12,post,post_odor,True,0.21664176881313324,3.052510976791382,-1.1735994815826416
p1361,process,,53,53,3,post,post_odor,True,0.09672460705041885,1.984198808670044,-1.4558383226394653
p1361,process,,54,54,21,post,post_odor,True,0.4180006980895996,3.9469168186187744,-1.3766971826553345
p1361,process,,55,55,22,post,post_odor,True,-0.10077749192714691,1.6155197620391846,-1.1618789434432983
p1361,process,,56,56,18,post,post_odor,True,0.31414711475372314,2.2913131713867188,-1.0838910341262817
p1361,process,,57,57,30,post,post_odor,True,-0.08924306929111481,3.651592254638672,-1.3505563735961914
p1361,process,,58,58,17,post,post_odor,True,0.16935083270072937,1.8736686706542969,-1.1618038415908813
p1361,process,,59,59,39,post,post_odor,True,0.0427669882774353,1.5948073863983154,-1.119742512702942
p1361,process,,60,60,39,post,post_odor,True,0.012961198575794697,1.2879976034164429,-1.0220106840133667
p1361,process,,61,61,17,post,post_odor,True,0.14999106526374817,2.2642176151275635,-1.0896891355514526
p1361,process,,62,62,4,post,post_odor,True,0.05574740096926689,1.8025785684585571,-1.102019190788269
p1383,process,,0,0,39,pre,post_odor,True,0.505713164806366,4.451578617095947,-2.9543118476867676
p1383,process,,1,1,17,pre,post_odor,True,2.222641944885254,4.651049613952637,-0.2717345356941223
p1383,process,,2,2,32,pre,post_odor,True,1.109278678894043,4.18618631362915,-2.747424364089966
p1383,process,,3,3,32,pre,post_odor,True,1.237341046333313,4.755520343780518,-2.4323861598968506
p1383,process,,4,4,30,pre,post_odor,True,0.7157508730888367,6.580209732055664,-2.0942020416259766
p1383,process,,5,5,40,pre,post_odor,True,0.11750517040491104,4.9523539543151855,-3.121666431427002
p1383,process,,6,6,3,pre,post_odor,True,1.8318655490875244,6.595088958740234,-1.4471285343170166
p1383,process,,7,7,2,pre,post_odor,True,1.469437837600708,4.7632951736450195,-2.075303792953491
p1383,process,,8,8,1,pre,post_odor,True,-0.3381076753139496,4.161234378814697,-3.2878973484039307
p1383,process,,9,9,4,pre,post_odor,True,0.5534137487411499,4.508131504058838,-1.8092865943908691
p1383,process,,10,10,31,pre,post_odor,True,0.8224698901176453,4.501706123352051,-4.534538745880127
p1383,process,,11,11,21,pre,post_odor,True,0.08886045217514038,4.171778678894043,-3.39543080329895
p1383,process,,12,12,2,pre,post_odor,True,0.36336079239845276,3.784985065460205,-2.432586908340454
p1383,process,,13,13,39,pre,post_odor,True,0.0017663590842857957,4.058554649353027,-4.6869683265686035
p1383,process,,14,14,1,pre,post_odor,True,0.07722624391317368,3.9346015453338623,-2.974641799926758
p1383,process,,15,15,12,pre,post_odor,True,1.2854293584823608,6.017573356628418,-1.724442481994629
p1383,process,,16,16,22,pre,post_odor,True,1.0801188945770264,5.037833213806152,-1.5483485460281372
p1383,process,,17,17,10,pre,post_odor,True,-0.029461871832609177,3.0050249099731445,-2.940093517303467
p1383,process,,18,18,17,pre,post_odor,True,1.246044635772705,4.811885833740234,-2.8824820518493652
p1383,process,,19,19,31,pre,post_odor,True,0.616178035736084,4.466943740844727,-2.3230631351470947
p1383,process,,20,20,30,pre,post_odor,True,0.7257516980171204,3.3975043296813965,-2.233185291290283
p1383,process,,21,21,12,pre,post_odor,True,-0.04546891897916794,4.512033939361572,-3.4090018272399902
p1383,process,,22,22,22,pre,post_odor,True,1.2875967025756836,5.702289581298828,-1.6699587106704712
p1383,process,,23,23,4,pre,post_odor,True,0.4132688045501709,3.301623582839966,-1.8568540811538696
p1383,process,,24,24,0,pre,post_odor,True,0.020432740449905396,3.7990567684173584,-2.624776840209961
p1383,process,,25,25,3,pre,post_odor,True,-0.24721510708332062,3.842352867126465,-2.983576774597168
p1383,process,,26,26,40,pre,post_odor,True,0.24164579808712006,2.644239902496338,-2.70524001121521
p1383,process,,27,27,10,pre,post_odor,True,-0.6479448676109314,3.2869043350219727,-2.765817403793335
p1383,process,,28,28,21,pre,post_odor,True,0.22830627858638763,4.99420166015625,-2.5425634384155273
p1383,process,,29,29,18,pre,post_odor,True,0.8264831900596619,3.7476940155029297,-1.3475626707077026
p1383,process,,30,30,18,pre,post_odor,True,0.5353689789772034,3.0855624675750732,-1.7964717149734497
p1383,process,,31,31,0,pre,post_odor,True,0.11926361918449402,3.603111982345581,-2.3021581172943115
p1383,process,,32,32,12,post,post_odor,True,0.10308895260095596,0.9678716063499451,-0.5958430767059326
p1383,process,,33,33,18,post,post_odor,True,0.5386235117912292,1.5413885116577148,-0.5328641533851624
p1383,process,,34,34,40,post,post_odor,True,0.06699509173631668,0.7446178197860718,-0.38456857204437256
p1383,process,,35,35,32,post,post_odor,True,0.40013885498046875,2.039893865585327,-0.30612120032310486
p1383,process,,36,36,31,post,post_odor,True,0.39846113324165344,1.4276224374771118,-0.39819884300231934
p1383,process,,37,37,0,post,post_odor,True,0.0065094828605651855,0.804560661315918,-0.5035368800163269
p1383,process,,38,38,4,post,post_odor,True,0.05140119418501854,0.999093234539032,-0.6543125510215759
p1383,process,,39,39,2,post,post_odor,True,0.07315455377101898,0.9107350707054138,-0.5455031991004944
p1383,process,,40,40,3,post,post_odor,True,0.08395751565694809,0.5579686164855957,-0.5202715396881104
p1383,process,,41,41,21,post,post_odor,True,1.0438944101333618,2.6581428050994873,-0.21615153551101685
p1383,process,,42,42,31,post,post_odor,True,0.2093125581741333,0.8826833367347717,-0.5917274951934814
p1383,process,,43,43,2,post,post_odor,True,0.029740674421191216,0.9349022507667542,-0.43906262516975403
p1383,process,,44,44,32,post,post_odor,True,0.1398867517709732,1.3637152910232544,-0.5437533259391785
p1383,process,,45,45,40,post,post_odor,True,0.003511119168251753,0.7369565367698669,-0.5613219141960144
p1383,process,,46,46,1,post,post_odor,True,-0.03134968504309654,0.6588293313980103,-0.44737645983695984
p1383,process,,47,47,0,post,post_odor,True,-0.10445073246955872,0.7352718114852905,-0.688579261302948
p1383,process,,48,48,22,post,post_odor,True,0.36389002203941345,1.9821302890777588,-0.4076172411441803
p1383,process,,49,49,10,post,post_odor,True,0.07514627277851105,0.687769889831543,-0.43763217329978943
p1383,process,,50,50,1,post,post_odor,True,-0.03110022470355034,0.8528256416320801,-0.5844214558601379
p1383,process,,51,51,30,post,post_odor,True,0.230166956782341,1.1298022270202637,-0.3391400873661041
p1383,process,,52,52,12,post,post_odor,True,0.023571932688355446,0.9758393168449402,-0.5240482091903687
p1383,process,,53,53,3,post,post_odor,True,0.14519023895263672,0.7954617142677307,-0.5919017791748047
p1383,process,,54,54,21,post,post_odor,True,1.3460818529129028,2.933549165725708,0.2796812653541565
p1383,process,,55,55,22,post,post_odor,True,0.49720412492752075,1.5595064163208008,-0.40626415610313416
p1383,process,,56,56,18,post,post_odor,True,0.2140335589647293,1.2027181386947632,-0.8822541236877441
p1383,process,,57,57,30,post,post_odor,True,0.23280496895313263,1.4364104270935059,-0.563213586807251
p1383,process,,58,58,17,post,post_odor,True,0.4067523181438446,1.6576118469238281,-0.5324099063873291
p1383,process,,59,59,39,post,post_odor,True,0.0893838182091713,0.9904319643974304,-0.4969155490398407
p1383,process,,60,60,39,post,post_odor,True,0.1110423132777214,1.2858387231826782,-0.528314471244812
p1383,process,,61,61,17,post,post_odor,True,0.4965893626213074,1.8908530473709106,-0.612363338470459
p1383,process,,62,62,4,post,post_odor,True,0.180929496884346,1.0542775392532349,-0.43492573499679565
p1406,process,,0,0,39,pre,post_odor,True,0.13440635800361633,4.28973388671875,-2.348553419113159
p1406,process,,1,1,17,pre,post_odor,True,1.63948392868042,5.661686420440674,-1.1905559301376343
p1406,process,,2,2,32,pre,post_odor,True,1.2816940546035767,6.322909355163574,-2.108884572982788
p1406,process,,3,3,32,pre,post_odor,True,0.39559701085090637,3.179649591445923,-2.798243761062622
p1406,process,,4,4,30,pre,post_odor,True,-0.025975262746214867,2.8714940547943115,-4.728328704833984
p1406,process,,5,5,40,pre,post_odor,True,-0.2503492832183838,2.4434382915496826,-3.524289846420288
p1406,process,,6,6,3,pre,post_odor,True,1.862014651298523,7.385041236877441,-1.6828010082244873
p1406,process,,7,7,2,pre,post_odor,True,0.9577494859695435,3.6129026412963867,-2.4591517448425293
p1406,process,,8,8,1,pre,post_odor,True,-0.5741679072380066,2.9419260025024414,-4.273599624633789
p1406,process,,9,9,4,pre,post_odor,True,0.9063834547996521,6.002929210662842,-2.662503719329834
p1406,process,,10,10,31,pre,post_odor,True,1.349368929862976,6.314611911773682,-2.620030641555786
p1406,process,,11,11,21,pre,post_odor,True,-0.5980706214904785,2.4311165809631348,-3.308180093765259
p1406,process,,12,12,2,pre,post_odor,True,0.29130274057388306,3.8508033752441406,-2.7987074851989746
p1406,process,,13,13,39,pre,post_odor,True,0.1844097077846527,3.619450092315674,-2.564096450805664
p1406,process,,14,14,1,pre,post_odor,True,0.6815317869186401,4.856607437133789,-2.213181257247925
p1406,process,,15,15,12,pre,post_odor,True,1.5919928550720215,7.331079959869385,-2.638185739517212
p1406,process,,16,16,22,pre,post_odor,True,1.713443398475647,5.0611891746521,-2.0917837619781494
p1406,process,,17,17,10,pre,post_odor,True,-0.03724995255470276,5.085777282714844,-3.1435043811798096
p1406,process,,18,18,17,pre,post_odor,True,2.1434853076934814,6.5434489250183105,-0.8314160704612732
p1406,process,,19,19,31,pre,post_odor,True,1.8857241868972778,5.8499345779418945,-2.4841771125793457
p1406,process,,20,20,30,pre,post_odor,True,0.43493735790252686,3.6447014808654785,-1.9441884756088257
p1406,process,,21,21,12,pre,post_odor,True,0.23370811343193054,2.9898974895477295,-2.780327320098877
p1406,process,,22,22,22,pre,post_odor,True,1.644492506980896,5.7481231689453125,-1.1099998950958252
p1406,process,,23,23,4,pre,post_odor,True,0.21635398268699646,2.857379198074341,-2.451331615447998
p1406,process,,24,24,0,pre,post_odor,True,0.32223114371299744,5.999341011047363,-3.085918664932251
p1406,process,,25,25,3,pre,post_odor,True,-0.1061769649386406,3.434236764907837,-3.9943675994873047
p1406,process,,26,26,40,pre,post_odor,True,0.6162315607070923,4.491467475891113,-1.5006173849105835
p1406,process,,27,27,10,pre,post_odor,True,-0.6212316155433655,2.348041296005249,-3.4111852645874023
p1406,process,,28,28,21,pre,post_odor,True,0.3618524670600891,4.575765609741211,-3.205853223800659
p1406,process,,29,29,18,pre,post_odor,True,1.1455954313278198,3.3836376667022705,-1.235258936882019
p1406,process,,30,30,18,pre,post_odor,True,0.3529355525970459,3.2409677505493164,-2.072007894515991
p1406,process,,31,31,0,pre,post_odor,True,0.4553017020225525,4.124576568603516,-2.4577748775482178
p1406,process,,32,32,12,post,post_odor,True,0.39344918727874756,1.7866860628128052,-0.876279354095459
p1406,process,,33,33,18,post,post_odor,True,1.5513973236083984,4.3944268226623535,-0.3967137634754181
p1406,process,,34,34,40,post,post_odor,True,0.10732470452785492,1.2777769565582275,-0.8845070600509644
p1406,process,,35,35,32,post,post_odor,True,1.0263864994049072,3.652214765548706,-0.6650882959365845
p1406,process,,36,36,31,post,post_odor,True,1.1613622903823853,5.1343865394592285,-0.6532126069068909
p1406,process,,37,37,0,post,post_odor,True,-0.08357696980237961,2.2232892513275146,-1.1855965852737427
p1406,process,,38,38,4,post,post_odor,True,0.44827789068222046,2.276710271835327,-0.7317095398902893
p1406,process,,39,39,2,post,post_odor,True,0.21291321516036987,2.1519687175750732,-0.8043913841247559
p1406,process,,40,40,3,post,post_odor,True,0.435083270072937,1.8514896631240845,-0.9590713977813721
p1406,process,,41,41,21,post,post_odor,True,2.4069292545318604,6.782977104187012,-0.0978904515504837
p1406,process,,42,42,31,post,post_odor,True,0.9551841020584106,3.479973316192627,-0.6028183102607727
p1406,process,,43,43,2,post,post_odor,True,0.1331709921360016,1.7102861404418945,-1.0417002439498901
p1406,process,,44,44,32,post,post_odor,True,0.7638736963272095,3.6903538703918457,-0.9737223982810974
p1406,process,,45,45,40,post,post_odor,True,0.19232194125652313,1.6124513149261475,-0.8529927730560303
p1406,process,,46,46,1,post,post_odor,True,-0.1030520424246788,0.9399582147598267,-0.9683973789215088
p1406,process,,47,47,0,post,post_odor,True,-0.0893954411149025,0.9263780117034912,-1.0490919351577759
p1406,process,,48,48,22,post,post_odor,True,1.446926474571228,3.9727635383605957,-0.529140830039978
p1406,process,,49,49,10,post,post_odor,True,-0.006468640174716711,1.0924683809280396,-0.7691816091537476
p1406,process,,50,50,1,post,post_odor,True,-0.03252195939421654,0.9725774526596069,-1.1758114099502563
p1406,process,,51,51,30,post,post_odor,True,0.690585732460022,3.1357743740081787,-0.6771422624588013
p1406,process,,52,52,12,post,post_odor,True,0.2714720070362091,1.8926069736480713,-0.9052825570106506
p1406,process,,53,53,3,post,post_odor,True,0.2911752164363861,2.9154767990112305,-0.9381549954414368
p1406,process,,54,54,21,post,post_odor,True,2.618464708328247,6.78650426864624,0.6691033840179443
p1406,process,,55,55,22,post,post_odor,True,1.8741891384124756,7.330789089202881,-0.4032032787799835
p1406,process,,56,56,18,post,post_odor,True,1.2508195638656616,3.888368844985962,-0.22442874312400818
p1406,process,,57,57,30,post,post_odor,True,0.701409637928009,2.6237897872924805,-0.906175971031189
p1406,process,,58,58,17,post,post_odor,True,1.6721045970916748,4.795382499694824,-0.6787900924682617
p1406,process,,59,59,39,post,post_odor,True,0.06880593299865723,1.7367559671401978,-0.80460125207901
p1406,process,,60,60,39,post,post_odor,True,-0.14645443856716156,1.4196985960006714,-0.8903636336326599
p1406,process,,61,61,17,post,post_odor,True,1.3152767419815063,3.4831531047821045,-0.2385823130607605
p1406,process,,62,62,4,post,post_odor,True,0.09064248204231262,1.0617384910583496,-0.7736386656761169
p1428,process,,0,0,39,pre,post_odor,True,1.0642822980880737,3.5447428226470947,-1.7423561811447144
p1428,process,,1,1,17,pre,post_odor,True,2.299412250518799,5.160091876983643,-0.6386433243751526
p1428,process,,2,2,32,pre,post_odor,True,2.152613401412964,6.831262588500977,-1.3134247064590454
p1428,process,,3,3,32,pre,post_odor,True,2.2585418224334717,5.676887512207031,-0.8214972019195557
p1428,process,,4,4,30,pre,post_odor,True,1.003265619277954,4.263844013214111,-2.592487335205078
p1428,process,,5,5,40,pre,post_odor,True,1.3014854192733765,4.319618225097656,-3.025250196456909
p1428,process,,6,6,3,pre,post_odor,True,3.839127540588379,8.157862663269043,-0.37804368138313293
p1428,process,,7,7,2,pre,post_odor,True,2.8890795707702637,6.143017292022705,-0.9973511099815369
p1428,process,,8,8,1,pre,post_odor,True,0.15256457030773163,4.229964256286621,-2.0266201496124268
p1428,process,,9,9,4,pre,post_odor,True,3.4895455837249756,7.091322898864746,0.34991884231567383
p1428,process,,10,10,31,pre,post_odor,True,3.4927663803100586,7.789346218109131,-1.4374409914016724
p1428,process,,11,11,21,pre,post_odor,True,1.4673569202423096,5.075868606567383,-1.7772440910339355
p1428,process,,12,12,2,pre,post_odor,True,1.0461400747299194,4.191789627075195,-3.0557398796081543
p1428,process,,13,13,39,pre,post_odor,True,1.4561642408370972,4.479391098022461,-1.300432562828064
p1428,process,,14,14,1,pre,post_odor,True,2.5975565910339355,5.783609390258789,0.28922832012176514
p1428,process,,15,15,12,pre,post_odor,True,3.0805068016052246,6.440758228302002,-1.5029075145721436
p1428,process,,16,16,22,pre,post_odor,True,3.6979548931121826,8.166510581970215,-0.32303500175476074
p1428,process,,17,17,10,pre,post_odor,True,0.328077495098114,4.493618011474609,-2.9487698078155518
p1428,process,,18,18,17,pre,post_odor,True,2.6884803771972656,6.272879600524902,-0.7695075869560242
p1428,process,,19,19,31,pre,post_odor,True,1.3349298238754272,5.855647563934326,-2.548910617828369
p1428,process,,20,20,30,pre,post_odor,True,1.4178386926651,5.386553764343262,-0.9557788968086243
p1428,process,,21,21,12,pre,post_odor,True,0.3838983178138733,3.7645554542541504,-1.9643064737319946
p1428,process,,22,22,22,pre,post_odor,True,1.5599298477172852,6.1001877784729,-2.264434576034546
p1428,process,,23,23,4,pre,post_odor,True,0.936287522315979,3.6987342834472656,-1.6493993997573853
p1428,process,,24,24,0,pre,post_odor,True,0.13551923632621765,5.289914608001709,-3.519146680831909
p1428,process,,25,25,3,pre,post_odor,True,0.8073368668556213,4.0974202156066895,-2.584627628326416
p1428,process,,26,26,40,pre,post_odor,True,1.670819878578186,5.096965312957764,-1.2216191291809082
p1428,process,,27,27,10,pre,post_odor,True,-0.7996180057525635,1.5173002481460571,-3.4904940128326416
p1428,process,,28,28,21,pre,post_odor,True,2.73395037651062,6.445466995239258,-1.0225145816802979
p1428,process,,29,29,18,pre,post_odor,True,1.864747405052185,5.692657947540283,-1.087721347808838
p1428,process,,30,30,18,pre,post_odor,True,0.8800395131111145,3.190981388092041,-1.5686187744140625
p1428,process,,31,31,0,pre,post_odor,True,0.42129600048065186,3.4127960205078125,-1.4166393280029297
p1428,process,,32,32,12,post,post_odor,True,0.23379464447498322,2.0244593620300293,-0.6791167259216309
p1428,process,,33,33,18,post,post_odor,True,0.7382931709289551,2.068983316421509,-0.9088142514228821
p1428,process,,34,34,40,post,post_odor,True,-0.05635490640997887,1.1081311702728271,-0.7676483988761902
p1428,process,,35,35,32,post,post_odor,True,0.25702518224716187,1.743583083152771,-1.0720018148422241
p1428,process,,36,36,31,post,post_odor,True,0.36876195669174194,1.6590362787246704,-0.8905840516090393
p1428,process,,37,37,0,post,post_odor,True,0.10976819694042206,1.2201558351516724,-0.730306088924408
p1428,process,,38,38,4,post,post_odor,True,0.3559718728065491,1.3202635049819946,-0.48120975494384766
p1428,process,,39,39,2,post,post_odor,True,0.2631627023220062,1.4107831716537476,-0.48039814829826355
p1428,process,,40,40,3,post,post_odor,True,0.2746824324131012,1.658374309539795,-0.6661134362220764
p1428,process,,41,41,21,post,post_odor,True,1.6521615982055664,4.721474647521973,-0.3449137210845947
p1428,process,,42,42,31,post,post_odor,True,0.23808398842811584,1.9575822353363037,-0.672316312789917
p1428,process,,43,43,2,post,post_odor,True,0.06492762267589569,1.2529252767562866,-0.6978143453598022
p1428,process,,44,44,32,post,post_odor,True,0.21124470233917236,2.0475707054138184,-0.5757489800453186
p1428,process,,45,45,40,post,post_odor,True,0.05930785462260246,1.5276983976364136,-1.0082437992095947
p1428,process,,46,46,1,post,post_odor,True,-0.019384369254112244,1.5672508478164673,-0.8079227209091187
p1428,process,,47,47,0,post,post_odor,True,0.062210310250520706,1.211198329925537,-0.6725220084190369
p1428,process,,48,48,22,post,post_odor,True,0.21896736323833466,1.0613250732421875,-0.6653127670288086
p1428,process,,49,49,10,post,post_odor,True,0.0024689598940312862,0.8223097324371338,-0.825503408908844
p1428,process,,50,50,1,post,post_odor,True,-0.038845568895339966,1.4579997062683105,-0.7824511528015137
p1428,process,,51,51,30,post,post_odor,True,0.46302953362464905,2.267595052719116,-0.7615743279457092
p1428,process,,52,52,12,post,post_odor,True,0.13762307167053223,1.5942487716674805,-0.47624853253364563
p1428,process,,53,53,3,post,post_odor,True,0.1466725468635559,0.8375795483589172,-0.8388122320175171
p1428,process,,54,54,21,post,post_odor,True,1.6299556493759155,4.006889820098877,-0.1941109001636505
p1428,process,,55,55,22,post,post_odor,True,0.13724815845489502,1.80780029296875,-0.6914212703704834
p1428,process,,56,56,18,post,post_odor,True,0.3989730477333069,1.6470154523849487,-0.44473782181739807
p1428,process,,57,57,30,post,post_odor,True,0.2816483974456787,1.4680609703063965,-0.6468181014060974
p1428,process,,58,58,17,post,post_odor,True,0.40646788477897644,1.555259346961975,-0.6464340090751648
p1428,process,,59,59,39,post,post_odor,True,-0.03500964120030403,0.839619517326355,-0.6474878787994385
p1428,process,,60,60,39,post,post_odor,True,0.06318394839763641,1.2406978607177734,-0.5675599575042725
p1428,process,,61,61,17,post,post_odor,True,0.6870114207267761,1.5991034507751465,-0.26333290338516235
p1428,process,,62,62,4,post,post_odor,True,0.10070320218801498,1.4826960563659668,-0.7356187701225281
p1450,process,,0,0,39,pre,post_odor,True,5.385007858276367,11.247002601623535,0.7579072117805481
p1450,process,,1,1,17,pre,post_odor,True,12.080384254455566,17.29425811767578,5.757423400878906
p1450,process,,2,2,32,pre,post_odor,True,9.961463928222656,19.903316497802734,2.102153778076172
p1450,process,,3,3,32,pre,post_odor,True,11.114121437072754,23.31396484375,4.374823570251465
p1450,process,,4,4,30,pre,post_odor,True,8.941081047058105,17.827106475830078,1.4042589664459229
p1450,process,,5,5,40,pre,post_odor,True,4.117562770843506,9.43136215209961,-2.140611171722412
p1450,process,,6,6,3,pre,post_odor,True,10.086402893066406,16.434045791625977,3.648043632507324
p1450,process,,7,7,2,pre,post_odor,True,6.582557201385498,13.167619705200195,0.7931304574012756
p1450,process,,8,8,1,pre,post_odor,True,3.3941476345062256,11.94979476928711,-1.8822758197784424
p1450,process,,9,9,4,pre,post_odor,True,8.721570014953613,15.55288314819336,0.5979956388473511
p1450,process,,10,10,31,pre,post_odor,True,11.373311042785645,22.82831573486328,3.225127935409546
p1450,process,,11,11,21,pre,post_odor,True,8.460020065307617,19.720983505249023,2.036348819732666
p1450,process,,12,12,2,pre,post_odor,True,2.0855581760406494,6.25570821762085,-1.497674822807312
p1450,process,,13,13,39,pre,post_odor,True,0.9871395826339722,3.496042251586914,-2.2081501483917236
p1450,process,,14,14,1,pre,post_odor,True,3.7519288063049316,10.091141700744629,-0.030050409957766533
p1450,process,,15,15,12,pre,post_odor,True,6.674903392791748,16.37710952758789,1.3376907110214233
p1450,process,,16,16,22,pre,post_odor,True,9.48568058013916,20.637941360473633,3.576556921005249
p1450,process,,17,17,10,pre,post_odor,True,6.03757905960083,16.917903900146484,1.332059621810913
p1450,process,,18,18,17,pre,post_odor,True,8.334959983825684,13.660624504089355,1.5944743156433105
p1450,process,,19,19,31,pre,post_odor,True,11.550732612609863,23.124479293823242,3.362001419067383
p1450,process,,20,20,30,pre,post_odor,True,11.640172958374023,20.804555892944336,5.744843006134033
p1450,process,,21,21,12,pre,post_odor,True,-0.0012418505502864718,2.063664197921753,-1.7292804718017578
p1450,process,,22,22,22,pre,post_odor,True,7.857783317565918,19.813119888305664,1.0548558235168457
p1450,process,,23,23,4,pre,post_odor,True,0.5151280760765076,2.769153594970703,-1.4276783466339111
p1450,process,,24,24,0,pre,post_odor,True,4.003252983093262,9.576690673828125,-0.16212403774261475
p1450,process,,25,25,3,pre,post_odor,True,2.800814151763916,8.670510292053223,-0.9615529775619507
p1450,process,,26,26,40,pre,post_odor,True,3.0502753257751465,5.909751892089844,-1.0732920169830322
p1450,process,,27,27,10,pre,post_odor,True,2.0811965465545654,7.881318092346191,-0.7206236124038696
p1450,process,,28,28,21,pre,post_odor,True,5.991424083709717,15.216264724731445,-3.863355875015259
p1450,process,,29,29,18,pre,post_odor,True,2.826416254043579,5.927862167358398,0.4140511453151703
p1450,process,,30,30,18,pre,post_odor,True,-1.030786156654358,2.199104070663452,-4.024441719055176
p1450,process,,31,31,0,pre,post_odor,True,0.4647693932056427,3.519085645675659,-2.5103225708007812
p1450,process,,32,32,12,post,post_odor,True,0.06611445546150208,1.3999954462051392,-1.1448297500610352
p1450,process,,33,33,18,post,post_odor,True,0.5867208242416382,2.0120654106140137,-1.1616966724395752
p1450,process,,34,34,40,post,post_odor,True,0.11043214797973633,1.3173803091049194,-1.0418637990951538
p1450,process,,35,35,32,post,post_odor,True,0.15652884542942047,1.1755167245864868,-1.5324186086654663
p1450,process,,36,36,31,post,post_odor,True,0.161842480301857,1.7172317504882812,-1.2540879249572754
p1450,process,,37,37,0,post,post_odor,True,0.013032881543040276,1.5591129064559937,-1.0610343217849731
p1450,process,,38,38,4,post,post_odor,True,-0.0031322105787694454,1.388547658920288,-1.213416576385498
p1450,process,,39,39,2,post,post_odor,True,0.21148177981376648,1.373766541481018,-1.1970950365066528
p1450,process,,40,40,3,post,post_odor,True,0.15585380792617798,1.8200048208236694,-1.4782828092575073
p1450,process,,41,41,21,post,post_odor,True,6.808962821960449,12.313189506530762,1.630151629447937
p1450,process,,42,42,31,post,post_odor,True,0.20139798521995544,1.3745516538619995,-1.16230309009552
p1450,process,,43,43,2,post,post_odor,True,-0.11689622700214386,1.415171504020691,-1.1951484680175781
p1450,process,,44,44,32,post,post_odor,True,0.005493418779224157,1.5154379606246948,-1.0619086027145386
p1450,process,,45,45,40,post,post_odor,True,0.10443809628486633,1.750496506690979,-1.286010503768921
p1450,process,,46,46,1,post,post_odor,True,-0.032879460602998734,0.8784980773925781,-1.0071319341659546
p1450,process,,47,47,0,post,post_odor,True,-0.11687364429235458,0.8669506907463074,-1.391810655593872
p1450,process,,48,48,22,post,post_odor,True,-0.005375810898840427,0.8474467396736145,-1.3857253789901733
p1450,process,,49,49,10,post,post_odor,True,-0.01876855082809925,1.435854196548462,-1.1969891786575317
p1450,process,,50,50,1,post,post_odor,True,0.060888323932886124,1.3650274276733398,-0.9819689989089966
p1450,process,,51,51,30,post,post_odor,True,0.22635936737060547,1.549399971961975,-1.001211166381836
p1450,process,,52,52,12,post,post_odor,True,0.03600402921438217,1.3574059009552002,-0.8751614093780518
p1450,process,,53,53,3,post,post_odor,True,0.14306315779685974,1.1752018928527832,-1.2996972799301147
p1450,process,,54,54,21,post,post_odor,True,5.965384483337402,12.890327453613281,1.3805742263793945
p1450,process,,55,55,22,post,post_odor,True,0.033535443246364594,1.2961772680282593,-1.2993080615997314
p1450,process,,56,56,18,post,post_odor,True,0.2600202262401581,1.69424307346344,-1.0845125913619995
p1450,process,,57,57,30,post,post_odor,True,-0.008621439337730408,1.2669800519943237,-1.0055525302886963
p1450,process,,58,58,17,post,post_odor,True,0.04174894839525223,1.0075228214263916,-0.7764437198638916
p1450,process,,59,59,39,post,post_odor,True,-0.016484923660755157,0.8885787725448608,-0.4935683608055115
p1450,process,,60,60,39,post,post_odor,True,0.04666883498430252,0.916003942489624,-0.3742690980434418
p1450,process,,61,61,17,post,post_odor,True,0.014864915981888771,0.8810838460922241,-0.5452154278755188
p1450,process,,62,62,4,post,post_odor,True,-0.00439855083823204,0.4267694354057312,-0.2689454257488251
p1473,process,,0,0,39,pre,post_odor,True,0.5005931854248047,2.9720001220703125,-1.6649210453033447
p1473,process,,1,1,17,pre,post_odor,True,2.519155979156494,5.309859752655029,-0.8405471444129944
p1473,process,,2,2,32,pre,post_odor,True,1.5397287607192993,6.023312091827393,-1.9542808532714844
p1473,process,,3,3,32,pre,post_odor,True,1.607222318649292,5.418384075164795,-2.620460271835327
p1473,process,,4,4,30,pre,post_odor,True,1.1637020111083984,4.5571746826171875,-2.7526910305023193
p1473,process,,5,5,40,pre,post_odor,True,2.2519893646240234,6.894765853881836,-3.588855028152466
p1473,process,,6,6,3,pre,post_odor,True,4.978445529937744,7.829985618591309,1.4601255655288696
p1473,process,,7,7,2,pre,post_odor,True,2.9978466033935547,8.562311172485352,-0.7429999113082886
p1473,process,,8,8,1,pre,post_odor,True,0.1265592724084854,3.801821231842041,-4.0740580558776855
p1473,process,,9,9,4,pre,post_odor,True,4.336421966552734,9.161345481872559,0.6399683356285095
p1473,process,,10,10,31,pre,post_odor,True,5.219072341918945,9.088788032531738,-0.5484817028045654
p1473,process,,11,11,21,pre,post_odor,True,1.099626898765564,5.059487819671631,-2.650235891342163
p1473,process,,12,12,2,pre,post_odor,True,1.6493505239486694,4.752472877502441,-2.466928005218506
p1473,process,,13,13,39,pre,post_odor,True,2.2969958782196045,5.68712854385376,-0.009043687023222446
p1473,process,,14,14,1,pre,post_odor,True,2.451207160949707,6.6227593421936035,-0.4693971276283264
p1473,process,,15,15,12,pre,post_odor,True,4.3867058753967285,9.400418281555176,0.7398965358734131
p1473,process,,16,16,22,pre,post_odor,True,4.8284735679626465,9.660287857055664,1.1555365324020386
p1473,process,,17,17,10,pre,post_odor,True,1.454699993133545,6.997496604919434,-1.4998325109481812
p1473,process,,18,18,17,pre,post_odor,True,3.4032788276672363,8.130000114440918,0.6898767948150635
p1473,process,,19,19,31,pre,post_odor,True,2.6359238624572754,7.402259349822998,-1.6234742403030396
p1473,process,,20,20,30,pre,post_odor,True,1.0809298753738403,4.105072975158691,-1.982309341430664
p1473,process,,21,21,12,pre,post_odor,True,0.43961596488952637,4.074167728424072,-1.3850395679473877
p1473,process,,22,22,22,pre,post_odor,True,1.944521427154541,5.591279029846191,-1.7404099702835083
p1473,process,,23,23,4,pre,post_odor,True,0.4517480432987213,2.3588006496429443,-1.346326231956482
p1473,process,,24,24,0,pre,post_odor,True,1.9697272777557373,6.140540599822998,-1.8801906108856201
p1473,process,,25,25,3,pre,post_odor,True,0.7221445441246033,3.686605453491211,-2.767831563949585
p1473,process,,26,26,40,pre,post_odor,True,2.438579559326172,6.470645427703857,-1.4773192405700684
p1473,process,,27,27,10,pre,post_odor,True,-0.7561104893684387,1.42892587184906,-3.039156675338745
p1473,process,,28,28,21,pre,post_odor,True,2.6435322761535645,5.460962295532227,-1.0480749607086182
p1473,process,,29,29,18,pre,post_odor,True,1.946089506149292,5.061479568481445,-0.3624577820301056
p1473,process,,30,30,18,pre,post_odor,True,1.4340150356292725,4.281649112701416,-1.3201454877853394
p1473,process,,31,31,0,pre,post_odor,True,0.654486358165741,3.5940351486206055,-2.2030227184295654
p1473,process,,32,32,12,post,post_odor,True,0.713524341583252,3.368128538131714,-0.8673659563064575
p1473,process,,33,33,18,post,post_odor,True,1.4219096899032593,5.298191547393799,-0.5833635330200195
p1473,process,,34,34,40,post,post_odor,True,0.23205138742923737,1.7824225425720215,-1.1881886720657349
p1473,process,,35,35,32,post,post_odor,True,0.8186113834381104,2.5987374782562256,-0.9452081918716431
p1473,process,,36,36,31,post,post_odor,True,0.9981187582015991,3.479321002960205,-0.758730947971344
p1473,process,,37,37,0,post,post_odor,True,0.14194370806217194,1.381311297416687,-1.0127816200256348
p1473,process,,38,38,4,post,post_odor,True,1.1604254245758057,4.140537261962891,-0.39126819372177124
p1473,process,,39,39,2,post,post_odor,True,0.2917226254940033,2.4275922775268555,-0.8833125233650208
p1473,process,,40,40,3,post,post_odor,True,0.7033594250679016,2.6894471645355225,-0.7523699998855591
p1473,process,,41,41,21,post,post_odor,True,2.7564146518707275,6.012874126434326,0.08167070895433426
p1473,process,,42,42,31,post,post_odor,True,0.6515994071960449,3.2205166816711426,-0.6755490899085999
p1473,process,,43,43,2,post,post_odor,True,0.42017844319343567,1.8700947761535645,-0.9229636788368225
p1473,process,,44,44,32,post,post_odor,True,0.9409915804862976,4.0651774406433105,-0.8282456398010254
p1473,process,,45,45,40,post,post_odor,True,-0.07877743244171143,1.7720531225204468,-1.4726701974868774
p1473,process,,46,46,1,post,post_odor,True,0.0384850837290287,1.124362826347351,-0.8207124471664429
p1473,process,,47,47,0,post,post_odor,True,0.13962529599666595,2.424567222595215,-1.0400046110153198
p1473,process,,48,48,22,post,post_odor,True,0.7661874890327454,4.229991912841797,-0.653998851776123
p1473,process,,49,49,10,post,post_odor,True,-0.029361356049776077,1.2443089485168457,-1.338944911956787
p1473,process,,50,50,1,post,post_odor,True,-0.010956855490803719,1.071020483970642,-0.9001876711845398
p1473,process,,51,51,30,post,post_odor,True,1.4910900592803955,4.099246025085449,-0.38329416513442993
p1473,process,,52,52,12,post,post_odor,True,0.5904309153556824,2.2950758934020996,-0.8042898774147034
p1473,process,,53,53,3,post,post_odor,True,0.9693776369094849,3.525007963180542,-0.5846355557441711
p1473,process,,54,54,21,post,post_odor,True,3.1651880741119385,6.743232727050781,0.2382679432630539
p1473,process,,55,55,22,post,post_odor,True,0.9510178565979004,2.912555456161499,-0.32025855779647827
p1473,process,,56,56,18,post,post_odor,True,1.6142396926879883,4.273995876312256,-0.3657524585723877
p1473,process,,57,57,30,post,post_odor,True,1.2657846212387085,3.113858699798584,-0.7532512545585632
p1473,process,,58,58,17,post,post_odor,True,1.33097505569458,3.2110891342163086,-0.2132132351398468
p1473,process,,59,59,39,post,post_odor,True,0.06381986290216446,1.518880009651184,-1.0780450105667114
p1473,process,,60,60,39,post,post_odor,True,-0.04757697880268097,1.0957441329956055,-0.8405387997627258
p1473,process,,61,61,17,post,post_odor,True,1.4331724643707275,3.130099058151245,-0.4554283618927002
p1473,process,,62,62,4,post,post_odor,True,0.2095009684562683,2.0977725982666016,-1.1901283264160156
p1495,process,,0,0,39,pre,post_odor,True,0.7717616558074951,5.259389877319336,-1.5679031610488892
p1495,process,,1,1,17,pre,post_odor,True,2.4613888263702393,7.41190242767334,-1.4576839208602905
p1495,process,,2,2,32,pre,post_odor,True,1.8546860218048096,7.542699337005615,-2.2393927574157715
p1495,process,,3,3,32,pre,post_odor,True,2.9467036724090576,6.768757343292236,-1.1735014915466309
p1495,process,,4,4,30,pre,post_odor,True,1.734156847000122,6.1526665687561035,-2.4111976623535156
p1495,process,,5,5,40,pre,post_odor,True,2.139366865158081,7.565173625946045,-2.805384397506714
p1495,process,,6,6,3,pre,post_odor,True,4.908082008361816,8.501605987548828,0.5362322330474854
p1495,process,,7,7,2,pre,post_odor,True,3.1701579093933105,7.585095405578613,-1.4350576400756836
p1495,process,,8,8,1,pre,post_odor,True,0.2830717861652374,5.4613165855407715,-2.921767234802246
p1495,process,,9,9,4,pre,post_odor,True,4.655641078948975,7.245026111602783,1.259615182876587
p1495,process,,10,10,31,pre,post_odor,True,6.302579402923584,13.068760871887207,0.5421059727668762
p1495,process,,11,11,21,pre,post_odor,True,1.9667768478393555,7.791392803192139,-1.93196439743042
p1495,process,,12,12,2,pre,post_odor,True,1.5840387344360352,5.036161422729492,-2.195355176925659
p1495,process,,13,13,39,pre,post_odor,True,2.5927395820617676,6.043249607086182,0.2707553803920746
p1495,process,,14,14,1,pre,post_odor,True,2.9881508350372314,6.828065872192383,-0.3916994333267212
p1495,process,,15,15,12,pre,post_odor,True,5.318714141845703,10.285176277160645,0.46287426352500916
p1495,process,,16,16,22,pre,post_odor,True,5.192317485809326,9.57186508178711,0.7735944390296936
p1495,process,,17,17,10,pre,post_odor,True,1.5261465311050415,5.872164249420166,-2.874901533126831
p1495,process,,18,18,17,pre,post_odor,True,2.6162102222442627,6.449461936950684,-1.4199680089950562
p1495,process,,19,19,31,pre,post_odor,True,2.716829776763916,9.086111068725586,-1.5560176372528076
p1495,process,,20,20,30,pre,post_odor,True,1.1315115690231323,3.7871782779693604,-0.9194761514663696
p1495,process,,21,21,12,pre,post_odor,True,0.223260760307312,1.8075026273727417,-2.3293235301971436
p1495,process,,22,22,22,pre,post_odor,True,1.5484740734100342,5.320042133331299,-1.0773515701293945
p1495,process,,23,23,4,pre,post_odor,True,0.7773045301437378,4.62089204788208,-1.834969401359558
p1495,process,,24,24,0,pre,post_odor,True,2.3048486709594727,6.245674133300781,-1.2299870252609253
p1495,process,,25,25,3,pre,post_odor,True,1.1060075759887695,4.12596321105957,-2.22668719291687
p1495,process,,26,26,40,pre,post_odor,True,2.800673007965088,7.220618724822998,-0.45533084869384766
p1495,process,,27,27,10,pre,post_odor,True,-0.6298779249191284,2.1437137126922607,-3.0470802783966064
p1495,process,,28,28,21,pre,post_odor,True,2.778533697128296,6.801029205322266,-2.0281801223754883
p1495,process,,29,29,18,pre,post_odor,True,1.807884931564331,4.546964645385742,-1.4493117332458496
p1495,process,,30,30,18,pre,post_odor,True,0.9781976342201233,6.412466049194336,-1.5742312669754028
p1495,process,,31,31,0,pre,post_odor,True,0.4368453025817871,2.969264507293701,-1.8169294595718384
p1495,process,,32,32,12,post,post_odor,True,0.4968034625053406,2.7989189624786377,-0.7861747741699219
p1495,process,,33,33,18,post,post_odor,True,1.2911043167114258,3.7487359046936035,-0.8342818021774292
p1495,process,,34,34,40,post,post_odor,True,0.22753804922103882,1.4558501243591309,-0.8253756761550903
p1495,process,,35,35,32,post,post_odor,True,0.31841641664505005,1.911247730255127,-0.7891153693199158
p1495,process,,36,36,31,post,post_odor,True,0.5863614082336426,2.6889381408691406,-0.9055523872375488
p1495,process,,37,37,0,post,post_odor,True,-0.07602036744356155,1.0104550123214722,-0.9247709512710571
p1495,process,,38,38,4,post,post_odor,True,0.5131840705871582,1.9310013055801392,-0.7743308544158936
p1495,process,,39,39,2,post,post_odor,True,0.14841146767139435,2.3515374660491943,-1.2773394584655762
p1495,process,,40,40,3,post,post_odor,True,0.3945874571800232,2.4773714542388916,-0.7263200283050537
p1495,process,,41,41,21,post,post_odor,True,2.688946485519409,5.437907695770264,-0.015394908376038074
p1495,process,,42,42,31,post,post_odor,True,0.5030428767204285,2.1312804222106934,-1.0474485158920288
p1495,process,,43,43,2,post,post_odor,True,-0.036371394991874695,1.523244857788086,-0.9644398093223572
p1495,process,,44,44,32,post,post_odor,True,0.3098714351654053,2.5212056636810303,-1.248663306236267
p1495,process,,45,45,40,post,post_odor,True,0.11923296004533768,1.3219486474990845,-0.802557647228241
p1495,process,,46,46,1,post,post_odor,True,0.2469385862350464,1.8755525350570679,-0.8447740077972412
p1495,process,,47,47,0,post,post_odor,True,0.08396273106336594,1.7662376165390015,-1.0189528465270996
p1495,process,,48,48,22,post,post_odor,True,0.40827667713165283,1.9820362329483032,-0.9785616397857666
p1495,process,,49,49,10,post,post_odor,True,-0.03447192162275314,1.5166122913360596,-1.2020288705825806
p1495,process,,50,50,1,post,post_odor,True,0.0886789932847023,1.568109393119812,-0.8880773782730103
p1495,process,,51,51,30,post,post_odor,True,0.9423861503601074,3.222400188446045,-0.6862943768501282
p1495,process,,52,52,12,post,post_odor,True,0.3047250509262085,2.6059978008270264,-1.1670944690704346
p1495,process,,53,53,3,post,post_odor,True,0.6045792698860168,2.9500370025634766,-0.7553014755249023
p1495,process,,54,54,21,post,post_odor,True,2.3885691165924072,6.0974836349487305,-0.631347119808197
p1495,process,,55,55,22,post,post_odor,True,0.5143733024597168,2.276397705078125,-0.5294589400291443
p1495,process,,56,56,18,post,post_odor,True,1.0046755075454712,2.353646755218506,-0.26894351840019226
p1495,process,,57,57,30,post,post_odor,True,0.6858999133110046,2.4683308601379395,-1.1380982398986816
p1495,process,,58,58,17,post,post_odor,True,0.9285639524459839,3.185730457305908,-0.7483216524124146
p1495,process,,59,59,39,post,post_odor,True,0.34114381670951843,1.299861192703247,-0.6993477940559387
p1495,process,,60,60,39,post,post_odor,True,0.04410959780216217,0.9661006331443787,-0.868647038936615
p1495,process,,61,61,17,post,post_odor,True,0.7198483943939209,2.613879680633545,-0.894135594367981
p1495,process,,62,62,4,post,post_odor,True,0.41057440638542175,1.4087648391723633,-0.5118089318275452
p1517,process,,0,0,39,pre,post_odor,True,0.1060183122754097,4.43006706237793,-2.522348165512085
p1517,process,,1,1,17,pre,post_odor,True,0.7504276037216187,4.237065315246582,-2.055204391479492
p1517,process,,2,2,32,pre,post_odor,True,0.5396666526794434,4.347522258758545,-2.448700189590454
p1517,process,,3,3,32,pre,post_odor,True,0.9242829084396362,4.079660892486572,-1.8806840181350708
p1517,process,,4,4,30,pre,post_odor,True,0.8220149278640747,5.173199653625488,-1.5823613405227661
p1517,process,,5,5,40,pre,post_odor,True,0.28266429901123047,3.7394959926605225,-2.3418540954589844
p1517,process,,6,6,3,pre,post_odor,True,1.1944026947021484,4.74419641494751,-1.9684267044067383
p1517,process,,7,7,2,pre,post_odor,True,0.46118268370628357,4.108600616455078,-2.2185442447662354
p1517,process,,8,8,1,pre,post_odor,True,-0.044747885316610336,3.606435537338257,-3.4177074432373047
p1517,process,,9,9,4,pre,post_odor,True,1.2587237358093262,7.468782901763916,-1.3095968961715698
p1517,process,,10,10,31,pre,post_odor,True,1.306821584701538,5.924106121063232,-1.6841126680374146
p1517,process,,11,11,21,pre,post_odor,True,-0.5352826118469238,4.323208332061768,-3.56243634223938
p1517,process,,12,12,2,pre,post_odor,True,0.32432395219802856,3.845522165298462,-2.4580495357513428
p1517,process,,13,13,39,pre,post_odor,True,0.5741384625434875,2.8846051692962646,-2.0522165298461914
p1517,process,,14,14,1,pre,post_odor,True,0.3741160035133362,4.504458427429199,-2.328714609146118
p1517,process,,15,15,12,pre,post_odor,True,1.1970816850662231,4.160037994384766,-1.76700758934021
p1517,process,,16,16,22,pre,post_odor,True,1.60310697555542,5.2425618171691895,-1.39626944065094
p1517,process,,17,17,10,pre,post_odor,True,0.5120471715927124,4.004827976226807,-2.615253210067749
p1517,process,,18,18,17,pre,post_odor,True,0.9592167735099792,4.902630805969238,-1.8774828910827637
p1517,process,,19,19,31,pre,post_odor,True,0.3878174126148224,6.5174946784973145,-3.1817257404327393
p1517,process,,20,20,30,pre,post_odor,True,0.5281710624694824,3.2846806049346924,-2.1743788719177246
p1517,process,,21,21,12,pre,post_odor,True,0.06727346032857895,4.873745918273926,-1.881636619567871
p1517,process,,22,22,22,pre,post_odor,True,0.7609053254127502,4.359401702880859,-1.4997282028198242
p1517,process,,23,23,4,pre,post_odor,True,0.32922983169555664,3.505775213241577,-2.3585686683654785
p1517,process,,24,24,0,pre,post_odor,True,0.08905253559350967,4.187206745147705,-2.6703507900238037
p1517,process,,25,25,3,pre,post_odor,True,0.3495320677757263,3.221665143966675,-2.5978171825408936
p1517,process,,26,26,40,pre,post_odor,True,0.5491082668304443,3.277945041656494,-2.3021912574768066
p1517,process,,27,27,10,pre,post_odor,True,-0.37688347697257996,3.1145458221435547,-2.572444438934326
p1517,process,,28,28,21,pre,post_odor,True,0.8524845838546753,4.6108880043029785,-1.9813306331634521
p1517,process,,29,29,18,pre,post_odor,True,1.1040173768997192,4.103761196136475,-1.610897183418274
p1517,process,,30,30,18,pre,post_odor,True,0.7763772010803223,3.87052583694458,-1.2746292352676392
p1517,process,,31,31,0,pre,post_odor,True,0.47212129831314087,3.9087626934051514,-1.9415042400360107
p1517,process,,32,32,12,post,post_odor,True,0.5062260031700134,2.629035234451294,-0.965419352054596
p1517,process,,33,33,18,post,post_odor,True,0.7416663765907288,3.0608954429626465,-1.1760224103927612
p1517,process,,34,34,40,post,post_odor,True,0.2003287822008133,2.3073558807373047,-1.1380435228347778
p1517,process,,35,35,32,post,post_odor,True,0.25468161702156067,1.9148920774459839,-0.9335731267929077
p1517,process,,36,36,31,post,post_odor,True,0.7064563632011414,3.513427734375,-0.8242775201797485
p1517,process,,37,37,0,post,post_odor,True,0.06907323002815247,1.5389444828033447,-1.1296846866607666
p1517,process,,38,38,4,post,post_odor,True,0.3472254276275635,2.7472517490386963,-0.91785728931427
p1517,process,,39,39,2,post,post_odor,True,0.0249919593334198,2.448918581008911,-0.9442088603973389
p1517,process,,40,40,3,post,post_odor,True,0.3644956052303314,3.336214065551758,-1.0165188312530518
p1517,process,,41,41,21,post,post_odor,True,1.557476282119751,6.601193904876709,-0.7251752018928528
p1517,process,,42,42,31,post,post_odor,True,0.3173723816871643,2.396683931350708,-1.1622892618179321
p1517,process,,43,43,2,post,post_odor,True,0.021930381655693054,2.5390095710754395,-1.0273879766464233
p1517,process,,44,44,32,post,post_odor,True,0.316440612077713,2.0161633491516113,-0.8351359963417053
p1517,process,,45,45,40,post,post_odor,True,0.20558106899261475,1.522444486618042,-0.7606480121612549
p1517,process,,46,46,1,post,post_odor,True,-0.07121443003416061,1.270188808441162,-0.9238619208335876
p1517,process,,47,47,0,post,post_odor,True,-0.12779608368873596,1.5773570537567139,-1.0678151845932007
p1517,process,,48,48,22,post,post_odor,True,0.4824927747249603,2.321363687515259,-0.7608465552330017
p1517,process,,49,49,10,post,post_odor,True,0.03577790409326553,1.8211838006973267,-0.9901947975158691
p1517,process,,50,50,1,post,post_odor,True,-0.02299817092716694,1.7082940340042114,-0.9005614519119263
p1517,process,,51,51,30,post,post_odor,True,0.6557384729385376,3.407820224761963,-0.9326742887496948
p1517,process,,52,52,12,post,post_odor,True,0.324990451335907,2.459932565689087,-1.0284253358840942
p1517,process,,53,53,3,post,post_odor,True,0.1846802532672882,1.9757624864578247,-1.0261445045471191
p1517,process,,54,54,21,post,post_odor,True,1.8775967359542847,5.6808881759643555,-0.4099084436893463
p1517,process,,55,55,22,post,post_odor,True,0.6322939395904541,2.961829900741577,-0.8864995837211609
p1517,process,,56,56,18,post,post_odor,True,0.7595130205154419,3.322011947631836,-1.1158857345581055
p1517,process,,57,57,30,post,post_odor,True,0.3381730020046234,3.2502553462982178,-1.0422520637512207
p1517,process,,58,58,17,post,post_odor,True,0.5197483897209167,3.1026523113250732,-1.5872453451156616
p1517,process,,59,59,39,post,post_odor,True,-0.020406007766723633,1.4596388339996338,-0.9242618083953857
p1517,process,,60,60,39,post,post_odor,True,0.12478677183389664,2.706167459487915,-0.8472944498062134
p1517,process,,61,61,17,post,post_odor,True,0.5181092619895935,2.5623669624328613,-1.1032634973526
p1517,process,,62,62,4,post,post_odor,True,0.040488481521606445,1.3386720418930054,-0.9085110425949097
p1539,process,,0,0,39,pre,post_odor,True,0.8236908316612244,5.046351909637451,-2.366302490234375
p1539,process,,1,1,17,pre,post_odor,True,1.7597479820251465,6.174368858337402,-2.102346897125244
p1539,process,,2,2,32,pre,post_odor,True,1.1469694375991821,4.301476955413818,-1.5210843086242676
p1539,process,,3,3,32,pre,post_odor,True,1.5318386554718018,5.816464900970459,-2.0444135665893555
p1539,process,,4,4,30,pre,post_odor,True,-0.05267281457781792,3.017247438430786,-4.173374652862549
p1539,process,,5,5,40,pre,post_odor,True,0.863426148891449,4.380906105041504,-2.3460683822631836
p1539,process,,6,6,3,pre,post_odor,True,2.471015691757202,5.997226238250732,-0.4112366735935211
p1539,process,,7,7,2,pre,post_odor,True,1.882631540298462,5.135159492492676,-1.3580571413040161
p1539,process,,8,8,1,pre,post_odor,True,-0.12648679316043854,3.5756704807281494,-4.120699405670166
p1539,process,,9,9,4,pre,post_odor,True,2.4359290599823,8.905553817749023,-1.611023187637329
p1539,process,,10,10,31,pre,post_odor,True,2.348069190979004,6.892159461975098,-1.6373413801193237
p1539,process,,11,11,21,pre,post_odor,True,1.106732726097107,6.219122886657715,-2.4618990421295166
p1539,process,,12,12,2,pre,post_odor,True,0.08550350368022919,3.5400900840759277,-2.671922445297241
p1539,process,,13,13,39,pre,post_odor,True,1.2230314016342163,4.7423553466796875,-2.658353567123413
p1539,process,,14,14,1,pre,post_odor,True,2.4310734272003174,5.643746852874756,-0.5667355060577393
p1539,process,,15,15,12,pre,post_odor,True,1.1542011499404907,6.673601150512695,-1.6479541063308716
p1539,process,,16,16,22,pre,post_odor,True,2.117729663848877,10.305808067321777,-2.3187663555145264
p1539,process,,17,17,10,pre,post_odor,True,-0.23726138472557068,3.63832950592041,-2.509279727935791
p1539,process,,18,18,17,pre,post_odor,True,2.223362922668457,7.068112850189209,-1.770682692527771
p1539,process,,19,19,31,pre,post_odor,True,0.591277003288269,3.33005952835083,-3.4336659908294678
p1539,process,,20,20,30,pre,post_odor,True,0.4172883629798889,6.858728408813477,-1.3979783058166504
p1539,process,,21,21,12,pre,post_odor,True,-0.006518213544040918,3.88895320892334,-1.9503024816513062
p1539,process,,22,22,22,pre,post_odor,True,0.7268351912498474,6.29879903793335,-1.7129478454589844
p1539,process,,23,23,4,pre,post_odor,True,0.738560676574707,4.182355880737305,-1.6223264932632446
p1539,process,,24,24,0,pre,post_odor,True,-0.19562821090221405,2.2372076511383057,-2.097719430923462
p1539,process,,25,25,3,pre,post_odor,True,0.7742701768875122,4.912568092346191,-1.8826533555984497
p1539,process,,26,26,40,pre,post_odor,True,0.37348437309265137,2.804072618484497,-2.8995141983032227
p1539,process,,27,27,10,pre,post_odor,True,-0.4291404187679291,1.393385410308838,-2.305161476135254
p1539,process,,28,28,21,pre,post_odor,True,1.0111736059188843,3.9341976642608643,-2.047595977783203
p1539,process,,29,29,18,pre,post_odor,True,1.1454402208328247,4.2188873291015625,-1.6076481342315674
p1539,process,,30,30,18,pre,post_odor,True,0.6611887812614441,3.957979679107666,-2.157087802886963
p1539,process,,31,31,0,pre,post_odor,True,0.39376121759414673,3.7537519931793213,-1.9912388324737549
p1539,process,,32,32,12,post,post_odor,True,0.4868869483470917,3.7529985904693604,-1.2899744510650635
p1539,process,,33,33,18,post,post_odor,True,0.7199427485466003,3.698331832885742,-1.143570065498352
p1539,process,,34,34,40,post,post_odor,True,0.07503103464841843,1.47170090675354,-1.1920973062515259
p1539,process,,35,35,32,post,post_odor,True,0.19678351283073425,1.7846570014953613,-0.9035700559616089
p1539,process,,36,36,31,post,post_odor,True,0.13367173075675964,1.6415103673934937,-1.1455955505371094
p1539,process,,37,37,0,post,post_odor,True,0.11161276698112488,1.7460981607437134,-0.9715126156806946
p1539,process,,38,38,4,post,post_odor,True,0.23659728467464447,2.3828511238098145,-1.0669982433319092
p1539,process,,39,39,2,post,post_odor,True,0.20975229144096375,3.722306251525879,-0.8972576260566711
p1539,process,,40,40,3,post,post_odor,True,0.21587908267974854,2.380051851272583,-1.2050203084945679
p1539,process,,41,41,21,post,post_odor,True,1.8240379095077515,4.708959102630615,-0.5359987020492554
p1539,process,,42,42,31,post,post_odor,True,-0.14693813025951385,1.6433837413787842,-1.7048885822296143
p1539,process,,43,43,2,post,post_odor,True,0.4875240623950958,2.235975503921509,-0.903032660484314
p1539,process,,44,44,32,post,post_odor,True,0.1280754655599594,1.3252055644989014,-1.2032055854797363
p1539,process,,45,45,40,post,post_odor,True,-0.03347416967153549,1.4829121828079224,-1.1975785493850708
p1539,process,,46,46,1,post,post_odor,True,-0.23183082044124603,1.4202214479446411,-1.320434808731079
p1539,process,,47,47,0,post,post_odor,True,-0.1795564591884613,1.3754757642745972,-1.4439976215362549
p1539,process,,48,48,22,post,post_odor,True,0.22463774681091309,1.804104208946228,-0.9707202911376953
p1539,process,,49,49,10,post,post_odor,True,-0.1376713216304779,1.4544222354888916,-1.3557147979736328
p1539,process,,50,50,1,post,post_odor,True,0.11987914144992828,2.266698122024536,-1.046434760093689
p1539,process,,51,51,30,post,post_odor,True,0.6736346483230591,2.385655403137207,-1.0280667543411255
p1539,process,,52,52,12,post,post_odor,True,0.2428337037563324,2.0002501010894775,-0.9096771478652954
p1539,process,,53,53,3,post,post_odor,True,0.3871992826461792,2.084792137145996,-0.9646450877189636
p1539,process,,54,54,21,post,post_odor,True,1.5996304750442505,4.522589683532715,-0.56202632188797
p1539,process,,55,55,22,post,post_odor,True,-0.004873871803283691,2.3989086151123047,-1.2661818265914917
p1539,process,,56,56,18,post,post_odor,True,0.9288994073867798,3.2474355697631836,-0.8254724144935608
p1539,process,,57,57,30,post,post_odor,True,0.5325846076011658,2.1426219940185547,-0.7338545322418213
p1539,process,,58,58,17,post,post_odor,True,0.7556717991828918,2.449608325958252,-0.8526007533073425
p1539,process,,59,59,39,post,post_odor,True,0.18991002440452576,1.9874188899993896,-0.6805214881896973
p1539,process,,60,60,39,post,post_odor,True,0.11542624235153198,1.1741811037063599,-0.6578952074050903
p1539,process,,61,61,17,post,post_odor,True,0.47428208589553833,1.8595293760299683,-0.7417620420455933
p1539,process,,62,62,4,post,post_odor,True,0.07649656385183334,1.2776445150375366,-0.7180894613265991
p1562,process,,0,0,39,pre,post_odor,True,1.4630166292190552,4.83132791519165,-0.9997525811195374
p1562,process,,1,1,17,pre,post_odor,True,3.9303343296051025,7.9352946281433105,0.47605401277542114
p1562,process,,2,2,32,pre,post_odor,True,1.6286630630493164,4.217728137969971,-1.1551964282989502
p1562,process,,3,3,32,pre,post_odor,True,1.1513913869857788,3.1119868755340576,-1.1751909255981445
p1562,process,,4,4,30,pre,post_odor,True,1.191374659538269,3.791442632675171,-1.5787742137908936
p1562,process,,5,5,40,pre,post_odor,True,1.063488483428955,4.786430835723877,-1.6172391176223755
p1562,process,,6,6,3,pre,post_odor,True,3.068305015563965,6.646331787109375,-0.07700739800930023
p1562,process,,7,7,2,pre,post_odor,True,1.5208699703216553,4.898468017578125,-1.402422547340393
p1562,process,,8,8,1,pre,post_odor,True,5.904193878173828,9.94436264038086,1.1682665348052979
p1562,process,,9,9,4,pre,post_odor,True,4.654133319854736,8.75710678100586,0.4299517869949341
p1562,process,,10,10,31,pre,post_odor,True,3.1108319759368896,6.223079681396484,0.1440478414297104
p1562,process,,11,11,21,pre,post_odor,True,1.4077295064926147,5.306926250457764,-0.9295688271522522
p1562,process,,12,12,2,pre,post_odor,True,1.8044754266738892,5.134109020233154,-0.7631728053092957
p1562,process,,13,13,39,pre,post_odor,True,3.1223576068878174,6.186284065246582,-0.20178334414958954
p1562,process,,14,14,1,pre,post_odor,True,4.377379417419434,12.552592277526855,-1.1060816049575806
p1562,process,,15,15,12,pre,post_odor,True,2.5998220443725586,6.768558025360107,-1.3658686876296997
p1562,process,,16,16,22,pre,post_odor,True,3.919692277908325,6.808363914489746,1.854375958442688
p1562,process,,17,17,10,pre,post_odor,True,1.5301623344421387,4.4610795974731445,-1.0534433126449585
p1562,process,,18,18,17,pre,post_odor,True,7.452441215515137,14.915936470031738,2.384852409362793
p1562,process,,19,19,31,pre,post_odor,True,0.8073257207870483,3.5117762088775635,-1.8254486322402954
p1562,process,,20,20,30,pre,post_odor,True,0.6493459343910217,2.989084005355835,-0.7611203193664551
p1562,process,,21,21,12,pre,post_odor,True,0.23974232375621796,4.9278717041015625,-2.0933210849761963
p1562,process,,22,22,22,pre,post_odor,True,0.6546781659126282,3.4027743339538574,-1.9337096214294434
p1562,process,,23,23,4,pre,post_odor,True,-0.27806761860847473,3.464672803878784,-3.878119468688965
p1562,process,,24,24,0,pre,post_odor,True,0.8898270726203918,4.715135097503662,-2.173006296157837
p1562,process,,25,25,3,pre,post_odor,True,0.9978521466255188,3.9425673484802246,-1.5612406730651855
p1562,process,,26,26,40,pre,post_odor,True,2.4074933528900146,5.538397789001465,-0.6506435871124268
p1562,process,,27,27,10,pre,post_odor,True,0.39897847175598145,2.4819164276123047,-1.3984743356704712
p1562,process,,28,28,21,pre,post_odor,True,1.4166043996810913,6.064580917358398,-2.897958993911743
p1562,process,,29,29,18,pre,post_odor,True,9.86221694946289,17.488155364990234,3.475775957107544
p1562,process,,30,30,18,pre,post_odor,True,6.25089693069458,13.131474494934082,-1.4643146991729736
p1562,process,,31,31,0,pre,post_odor,True,0.049388475716114044,2.954347848892212,-3.6120212078094482
p1562,process,,32,32,12,post,post_odor,True,0.06420433521270752,1.8235278129577637,-1.1155688762664795
p1562,process,,33,33,18,post,post_odor,True,0.7492830157279968,2.637798309326172,-1.1894656419754028
p1562,process,,34,34,40,post,post_odor,True,-0.026091014966368675,2.4647228717803955,-1.2375675439834595
p1562,process,,35,35,32,post,post_odor,True,0.25022193789482117,2.3127248287200928,-1.5201458930969238
p1562,process,,36,36,31,post,post_odor,True,0.04257085174322128,2.2215840816497803,-1.1492987871170044
p1562,process,,37,37,0,post,post_odor,True,0.0752454549074173,2.0975611209869385,-1.3640918731689453
p1562,process,,38,38,4,post,post_odor,True,0.22309787571430206,2.380075454711914,-1.0213929414749146
p1562,process,,39,39,2,post,post_odor,True,-0.12211507558822632,1.4735257625579834,-1.7211107015609741
p1562,process,,40,40,3,post,post_odor,True,-0.19328731298446655,1.2017791271209717,-1.536095142364502
p1562,process,,41,41,21,post,post_odor,True,0.5967481732368469,2.879657030105591,-1.0474449396133423
p1562,process,,42,42,31,post,post_odor,True,0.007680288515985012,1.4103341102600098,-1.4624922275543213
p1562,process,,43,43,2,post,post_odor,True,-0.0443301759660244,1.2511615753173828,-1.7938462495803833
p1562,process,,44,44,32,post,post_odor,True,0.25279587507247925,2.1521992683410645,-1.2513374090194702
p1562,process,,45,45,40,post,post_odor,True,0.16887041926383972,1.865532398223877,-1.4866441488265991
p1562,process,,46,46,1,post,post_odor,True,-0.007336174603551626,1.4816735982894897,-1.2866792678833008
p1562,process,,47,47,0,post,post_odor,True,0.22736726701259613,1.4655972719192505,-1.1402204036712646
p1562,process,,48,48,22,post,post_odor,True,0.09249396622180939,1.9335377216339111,-1.3949588537216187
p1562,process,,49,49,10,post,post_odor,True,-0.36674997210502625,1.2214664220809937,-1.7406933307647705
p1562,process,,50,50,1,post,post_odor,True,-0.25526663661003113,0.7000864148139954,-1.3954232931137085
p1562,process,,51,51,30,post,post_odor,True,0.18734511733055115,2.646104097366333,-1.1116931438446045
p1562,process,,52,52,12,post,post_odor,True,0.28795531392097473,1.529642105102539,-1.3379786014556885
p1562,process,,53,53,3,post,post_odor,True,-0.07831627875566483,2.076054573059082,-1.1156058311462402
p1562,process,,54,54,21,post,post_odor,True,0.453990638256073,2.8158791065216064,-1.531922698020935
p1562,process,,55,55,22,post,post_odor,True,0.05691094323992729,1.7542355060577393,-1.2447487115859985
p1562,process,,56,56,18,post,post_odor,True,0.37395724654197693,2.4897286891937256,-1.3532875776290894
p1562,process,,57,57,30,post,post_odor,True,0.03275109454989433,1.108100414276123,-0.9704046845436096
p1562,process,,58,58,17,post,post_odor,True,0.2543136477470398,1.6994811296463013,-1.3714677095413208
p1562,process,,59,59,39,post,post_odor,True,0.026497697457671165,1.1821500062942505,-1.339758276939392
p1562,process,,60,60,39,post,post_odor,True,0.08173447847366333,1.1827597618103027,-0.9290216565132141
p1562,process,,61,61,17,post,post_odor,True,0.26110947132110596,1.530852198600769,-1.2185959815979004
p1562,process,,62,62,4,post,post_odor,True,-0.036494962871074677,0.9339252710342407,-0.9071454405784607
p1584,process,,0,0,39,pre,post_odor,True,0.20240923762321472,3.3506393432617188,-2.3717470169067383
p1584,process,,1,1,17,pre,post_odor,True,0.05501242354512215,3.826383352279663,-3.436913251876831
p1584,process,,2,2,32,pre,post_odor,True,1.434040904045105,4.909586429595947,-1.9757757186889648
p1584,process,,3,3,32,pre,post_odor,True,1.201565146446228,4.286235809326172,-2.14121150970459
p1584,process,,4,4,30,pre,post_odor,True,1.2269819974899292,4.579115390777588,-2.46821665763855
p1584,process,,5,5,40,pre,post_odor,True,0.8058524131774902,2.8824477195739746,-2.2668871879577637
p1584,process,,6,6,3,pre,post_odor,True,1.3913034200668335,5.730810642242432,-1.2040166854858398
p1584,process,,7,7,2,pre,post_odor,True,0.402202844619751,3.4724271297454834,-2.294126510620117
p1584,process,,8,8,1,pre,post_odor,True,0.8263392448425293,3.2560107707977295,-1.401806354522705
p1584,process,,9,9,4,pre,post_odor,True,1.1737757921218872,5.224255561828613,-1.459298849105835
p1584,process,,10,10,31,pre,post_odor,True,2.068155288696289,5.7502546310424805,-0.8205043077468872
p1584,process,,11,11,21,pre,post_odor,True,1.469536304473877,7.404523849487305,-2.2812306880950928
p1584,process,,12,12,2,pre,post_odor,True,0.8100314140319824,3.0550670623779297,-2.168795347213745
p1584,process,,13,13,39,pre,post_odor,True,0.6131846308708191,5.300822734832764,-2.779208183288574
p1584,process,,14,14,1,pre,post_odor,True,-0.7644655704498291,3.695838212966919,-4.2416534423828125
p1584,process,,15,15,12,pre,post_odor,True,1.5829838514328003,5.078428745269775,-1.6587392091751099
p1584,process,,16,16,22,pre,post_odor,True,2.075791835784912,4.871724605560303,-2.1922974586486816
p1584,process,,17,17,10,pre,post_odor,True,0.9037696719169617,4.38800573348999,-1.856970191001892
p1584,process,,18,18,17,pre,post_odor,True,2.097931146621704,6.423917770385742,-0.8428282141685486
p1584,process,,19,19,31,pre,post_odor,True,2.2248945236206055,4.134660243988037,-1.58465576171875
p1584,process,,20,20,30,pre,post_odor,True,2.4205825328826904,6.481671333312988,-0.6760283708572388
p1584,process,,21,21,12,pre,post_odor,True,-0.01764289289712906,2.846409559249878,-2.9801290035247803
p1584,process,,22,22,22,pre,post_odor,True,2.310088872909546,6.55774450302124,-0.7850275039672852
p1584,process,,23,23,4,pre,post_odor,True,0.7874112725257874,2.7485127449035645,-2.425656318664551
p1584,process,,24,24,0,pre,post_odor,True,0.4906061887741089,5.481279373168945,-2.5476300716400146
p1584,process,,25,25,3,pre,post_odor,True,0.2857196033000946,3.7954959869384766,-2.2281970977783203
p1584,process,,26,26,40,pre,post_odor,True,1.3095134496688843,3.5896029472351074,-1.3589708805084229
p1584,process,,27,27,10,pre,post_odor,True,0.6922011971473694,3.7853944301605225,-2.4592041969299316
p1584,process,,28,28,21,pre,post_odor,True,1.470244288444519,5.47605562210083,-1.6882171630859375
p1584,process,,29,29,18,pre,post_odor,True,0.5817858576774597,5.393628120422363,-2.0112740993499756
p1584,process,,30,30,18,pre,post_odor,True,0.8637580275535583,3.662815809249878,-1.482129454612732
p1584,process,,31,31,0,pre,post_odor,True,0.22515325248241425,4.208553791046143,-2.957716464996338
p1584,process,,32,32,12,post,post_odor,True,0.1969866305589676,1.2912133932113647,-0.9814316034317017
p1584,process,,33,33,18,post,post_odor,True,0.2118341028690338,1.5410007238388062,-0.8780396580696106
p1584,process,,34,34,40,post,post_odor,True,0.2269117385149002,1.662393569946289,-1.0059276819229126
p1584,process,,35,35,32,post,post_odor,True,0.3534262776374817,1.6226882934570312,-0.9296411275863647
p1584,process,,36,36,31,post,post_odor,True,-0.1031222715973854,0.8883770108222961,-1.273032307624817
p1584,process,,37,37,0,post,post_odor,True,-0.018699195235967636,1.4144030809402466,-0.9368677139282227
p1584,process,,38,38,4,post,post_odor,True,-0.13854582607746124,1.0269391536712646,-1.203166127204895
p1584,process,,39,39,2,post,post_odor,True,0.5010256171226501,2.101792097091675,-0.8649808764457703
p1584,process,,40,40,3,post,post_odor,True,0.19056740403175354,1.465588092803955,-0.7888330817222595
p1584,process,,41,41,21,post,post_odor,True,0.7443328499794006,3.0182201862335205,-0.5919098258018494
p1584,process,,42,42,31,post,post_odor,True,0.18756763637065887,1.7012102603912354,-0.9340351223945618
p1584,process,,43,43,2,post,post_odor,True,0.743860125541687,2.7393972873687744,-0.2725938558578491
p1584,process,,44,44,32,post,post_odor,True,-0.1384541243314743,0.6348158121109009,-1.3024332523345947
p1584,process,,45,45,40,post,post_odor,True,0.3394473195075989,2.4564006328582764,-0.984699547290802
p1584,process,,46,46,1,post,post_odor,True,0.01054578460752964,1.0238978862762451,-0.8177495002746582
p1584,process,,47,47,0,post,post_odor,True,0.004981717094779015,0.9156227111816406,-0.9499658346176147
p1584,process,,48,48,22,post,post_odor,True,0.07102464884519577,1.4152867794036865,-1.189794659614563
p1584,process,,49,49,10,post,post_odor,True,-0.07046911865472794,1.0117628574371338,-0.9699417352676392
p1584,process,,50,50,1,post,post_odor,True,-0.04722690209746361,1.2958574295043945,-1.1111903190612793
p1584,process,,51,51,30,post,post_odor,True,-0.04027864336967468,1.1440753936767578,-1.0858460664749146
p1584,process,,52,52,12,post,post_odor,True,0.14116497337818146,1.3827630281448364,-0.7811368107795715
p1584,process,,53,53,3,post,post_odor,True,0.5055740475654602,1.858870029449463,-0.7617891430854797
p1584,process,,54,54,21,post,post_odor,True,0.4947981834411621,1.990522027015686,-0.7893087863922119
p1584,process,,55,55,22,post,post_odor,True,-0.0113657396286726,1.3907543420791626,-0.998744010925293
p1584,process,,56,56,18,post,post_odor,True,0.06717992573976517,1.5596606731414795,-0.9800631999969482
p1584,process,,57,57,30,post,post_odor,True,0.04366596043109894,1.3532882928848267,-0.7370858788490295
p1584,process,,58,58,17,post,post_odor,True,-0.0592225156724453,0.6101043224334717,-0.7300880551338196
p1584,process,,59,59,39,post,post_odor,True,0.1992383897304535,1.5727900266647339,-0.45493900775909424
p1584,process,,60,60,39,post,post_odor,True,0.2890249490737915,1.3800402879714966,-0.45669928193092346
p1584,process,,61,61,17,post,post_odor,True,0.019447335973381996,0.7647653818130493,-0.5331066250801086
p1584,process,,62,62,4,post,post_odor,True,0.05640844255685806,0.6776257753372192,-0.3117177188396454
