unit_id,unit_type,group_id,odor_id,block,epoch,n_trials,mean_response_z,median_response_z,response_q25,response_q75,response_ci95_low,response_ci95_high
s1,soma,,39,pre,odor,2.0,0.4692160487174988,0.4692160487174988,-0.3622501790523529,1.3006822764873505,-20.660344193799695,21.598776291234692
s1,soma,,17,pre,odor,2.0,-2.991051733493805,-2.991051733493805,-3.840540200471878,-2.141563266515732,-24.578600498378947,18.596497031391337
s1,soma,,32,pre,odor,2.0,8.814468622207642,8.814468622207642,7.906811594963074,9.72212564945221,-14.251283414586702,31.880220659001985
s1,soma,,30,pre,odor,2.0,3.2301868200302124,3.2301868200302124,1.651191771030426,4.809181869029999,-36.895881919964744,43.35625556002517
s1,soma,,40,pre,odor,2.0,1.1590028703212738,1.1590028703212738,0.32262398302555084,1.9953817576169968,-20.095399887665597,22.413405628308144
s1,soma,,3,pre,odor,2.0,3.7772083282470703,3.7772083282470703,3.28178334236145,4.27263331413269,-8.812734275911223,16.367150932405366
s1,soma,,2,pre,odor,2.0,2.21749946475029,2.21749946475029,1.3209055215120316,3.1140934079885483,-20.567112951248713,25.002111880749293
s1,soma,,1,pre,odor,2.0,2.7194162607192993,2.7194162607192993,2.7160072922706604,2.7228252291679382,2.6327861586241674,2.806046362814431
s1,soma,,4,pre,odor,2.0,1.9276255369186401,1.9276255369186401,1.8465542197227478,2.0086968541145325,-0.1325919721260962,3.9878430459633765
s1,soma,,31,pre,odor,2.0,0.6162052154541016,0.6162052154541016,-0.2216956615447998,1.454106092453003,-20.676874968082636,21.90928539899084
s1,soma,,21,pre,odor,2.0,5.850488901138306,5.850488901138306,5.3848806619644165,6.316097140312195,-5.981738326448154,17.682716128724763
s1,soma,,12,pre,odor,2.0,-0.6235736608505249,-0.6235736608505249,-1.4722155928611755,0.22506827116012573,-22.189609932510866,20.942462610809816
s1,soma,,22,pre,odor,2.0,0.36054479889571667,0.36054479889571667,0.15859293658286333,0.56249666120857,-4.771538619902036,5.492628217693469
s1,soma,,10,pre,odor,2.0,2.5758115649223328,2.5758115649223328,2.2810348570346832,2.8705882728099823,-4.915174838829739,10.066797968674404
s1,soma,,0,pre,odor,2.0,3.2208999395370483,3.2208999395370483,3.150982916355133,3.2908169627189636,1.4441399173504725,4.997659961723624
s1,soma,,18,pre,odor,2.0,-2.1683189272880554,-2.1683189272880554,-2.430775612592697,-1.9058622419834137,-8.837975683005155,4.501337828429045
s1,soma,,12,post,odor,2.0,1.6502829790115356,1.6502829790115356,1.5974445343017578,1.7031214237213135,0.30753078616456797,2.9930351718585033
s1,soma,,18,post,odor,2.0,1.0579054355621338,1.0579054355621338,1.0217089653015137,1.094101905822754,0.1380659118455384,1.9777449592787293
s1,soma,,40,post,odor,2.0,0.40297698974609375,0.40297698974609375,0.37036603689193726,0.43558794260025024,-0.42574589746721203,1.2316998769593996
s1,soma,,32,post,odor,2.0,0.6166175603866577,0.6166175603866577,0.5092833936214447,0.7239517271518707,-2.11100223582437,3.3442373565976853
s1,soma,,31,post,odor,2.0,0.5889876931905746,0.5889876931905746,0.5048966780304909,0.6730787083506584,-1.5479676170030139,2.725943003384163
s1,soma,,0,post,odor,2.0,0.44032861292362213,0.44032861292362213,0.34483175724744797,0.5358254685997963,-1.9864765868411687,2.867133812688413
s1,soma,,4,post,odor,2.0,1.1394876539707184,1.1394876539707184,0.899409756064415,1.3795655518770218,-4.961470192885155,7.240445500826592
s1,soma,,2,post,odor,2.0,1.0311911404132843,1.0311911404132843,0.9748565405607224,1.0875257402658463,-0.4004067785009733,2.462789059327542
s1,soma,,3,post,odor,2.0,1.5438995957374573,1.5438995957374573,1.3876136243343353,1.7001855671405792,-2.427703504342564,5.515502695817478
s1,soma,,21,post,odor,2.0,2.799981117248535,2.799981117248535,2.5904732942581177,3.0094889402389526,-2.524117468244449,8.124079702741518
s1,soma,,1,post,odor,2.0,0.14161612838506699,0.14161612838506699,0.10961006209254265,0.17362219467759132,-0.6717351338397208,0.9549673906098548
s1,soma,,22,post,odor,2.0,0.793451577425003,0.793451577425003,0.7840103060007095,0.8028928488492966,0.5535261220512648,1.0333770327987413
s1,soma,,10,post,odor,1.0,0.1912074089050293,0.1912074089050293,0.1912074089050293,0.1912074089050293,,
s1,soma,,30,post,odor,2.0,1.4906205534934998,1.4906205534934998,1.3308566510677338,1.6503844559192657,-2.5693651538505398,5.550606260837539
s1,soma,,17,post,odor,2.0,0.32359693944454193,0.32359693944454193,0.29865024238824844,0.3485436365008354,-0.3103587411326413,0.9575526200217251
s1,soma,,39,post,odor,2.0,0.34148101322352886,0.34148101322352886,0.19656306970864534,0.4863989567384124,-3.34123310726749,4.024195133714548
s23,soma,,39,pre,odor,2.0,0.18589383363723755,0.18589383363723755,-0.4190860688686371,0.7908737361431122,-15.188103171384057,15.559890838658532
s23,soma,,17,pre,odor,2.0,0.04984802007675171,0.04984802007675171,-0.38477692008018494,0.48447296023368835,-10.99501892608667,11.094714966240174
s23,soma,,32,pre,odor,2.0,2.4256041049957275,2.4256041049957275,1.9158176183700562,2.935390591621399,-10.529298836606197,15.380507046597652
s23,soma,,30,pre,odor,2.0,0.9505276083946228,0.9505276083946228,0.8022261559963226,1.098829060792923,-2.8181696252951123,4.719224842084358
s23,soma,,40,pre,odor,2.0,-0.07038170099258423,-0.07038170099258423,-0.4824288487434387,0.34166544675827026,-10.541492541550946,10.400729139565778
s23,soma,,3,pre,odor,2.0,2.9320817589759827,2.9320817589759827,2.2630136907100677,3.6011498272418976,-14.070549956671258,19.934713474623223
s23,soma,,2,pre,odor,2.0,1.1662650853395462,1.1662650853395462,0.6722173616290092,1.6603128090500832,-11.388677968474756,13.721208139153848
s23,soma,,1,pre,odor,2.0,1.012856513261795,1.012856513261795,0.9894202798604965,1.0362927466630936,0.41728535357844543,1.6084276729451448
s23,soma,,4,pre,odor,2.0,3.012884259223938,3.012884259223938,2.346352517604828,3.679416000843048,-13.925293285119071,19.951061803566947
s23,soma,,31,pre,odor,2.0,2.106847643852234,2.106847643852234,2.0036315321922302,2.2100637555122375,-0.5161224497955152,4.7298177374999835
s23,soma,,21,pre,odor,2.0,1.1817599833011627,1.1817599833011627,1.0822730511426926,1.2812469154596329,-1.3464426738577249,3.7099626404600503
s23,soma,,12,pre,odor,2.0,2.1191717982292175,2.1191717982292175,1.8180857002735138,2.4202578961849213,-5.532151409453024,9.77049500591146
s23,soma,,22,pre,odor,2.0,3.0214858055114746,3.0214858055114746,2.760986328125,3.281985282897949,-3.5984335811666384,9.641405192189588
s23,soma,,10,pre,odor,2.0,4.050273895263672,4.050273895263672,3.1227548122406006,4.977792978286743,-19.52022083593664,27.620768626463985
s23,soma,,0,pre,odor,2.0,-0.17941197007894516,-0.17941197007894516,-0.19085117802023888,-0.16797276213765144,-0.4701098063224519,0.1112858661645616
s23,soma,,18,pre,odor,2.0,-0.6069912910461426,-0.6069912910461426,-1.4276866912841797,0.21370410919189453,-21.462838853968808,20.248856271876523
s23,soma,,12,post,odor,2.0,0.030478348955512047,0.030478348955512047,0.025122015736997128,0.035834682174026966,-0.10563898406373617,0.16659568197476027
s23,soma,,18,post,odor,2.0,0.22450676932930946,0.22450676932930946,0.1713097896426916,0.2777037490159273,-1.127356661159276,1.576370199817895
s23,soma,,40,post,odor,2.0,0.0763467289507389,0.0763467289507389,0.07202997989952564,0.08066347800195217,-0.03335226552806826,0.18604572342954606
s23,soma,,32,post,odor,2.0,0.25442466139793396,0.25442466139793396,0.24115268886089325,0.26769663393497467,-0.08284813921912032,0.5916974620149882
s23,soma,,31,post,odor,2.0,0.13857173174619675,0.13857173174619675,0.1164654977619648,0.1606779657304287,-0.4232009381526711,0.7003444016450646
s23,soma,,0,post,odor,2.0,-0.011810795404016972,-0.011810795404016972,-0.029282220173627138,0.005660629365593195,-0.4558017957146981,0.43218020490666414
s23,soma,,4,post,odor,2.0,0.034559544175863266,0.034559544175863266,0.027617977932095528,0.041501110419631004,-0.14184237959020077,0.2109614679419273
s23,soma,,2,post,odor,2.0,-0.006246160948649049,-0.006246160948649049,-0.011407360550947487,-0.0010849613463506103,-0.1374046786107838,0.12491235671348569
s23,soma,,3,post,odor,2.0,0.07384862564504147,0.07384862564504147,0.06512126047164202,0.08257599081844091,-0.14793475175610685,0.29563200304618975
s23,soma,,21,post,odor,2.0,0.8668794929981232,0.8668794929981232,0.8595456033945084,0.874213382601738,0.6805076873660576,1.0532512986301887
s23,soma,,1,post,odor,2.0,-0.014984817244112492,-0.014984817244112492,-0.03229207592085004,0.0023224414326250553,-0.45480396158123887,0.4248343270930139
s23,soma,,22,post,odor,2.0,0.16839280724525452,0.16839280724525452,0.136575385928154,0.20021022856235504,-0.6401645316191622,0.9769501461096712
s23,soma,,10,post,odor,1.0,-0.008073790930211544,-0.008073790930211544,-0.008073790930211544,-0.008073790930211544,,
s23,soma,,30,post,odor,2.0,0.1970682144165039,0.1970682144165039,0.19605350494384766,0.19808292388916016,0.17128200180189157,0.22285442703111624
s23,soma,,17,post,odor,2.0,0.21326661109924316,0.21326661109924316,0.18867085874080658,0.23786236345767975,-0.41177071911385055,0.8383039413123369
s23,soma,,39,post,odor,2.0,0.018471227813279256,0.018471227813279256,0.009562277016812004,0.02738017860974651,-0.20792667779555973,0.24486913342211825
s46,soma,,39,pre,odor,2.0,-1.5540691316127777,-1.5540691316127777,-1.9712152928113937,-1.1369229704141617,-12.154758189810673,9.046619926585118
s46,soma,,17,pre,odor,2.0,-1.1035058796405792,-1.1035058796405792,-1.3385526686906815,-0.868459090590477,-7.076611128142705,4.869599368861547
s46,soma,,32,pre,odor,2.0,4.092594504356384,4.092594504356384,4.039050877094269,4.1461381316185,2.731921923736656,5.453267084976113
s46,soma,,30,pre,odor,2.0,1.7971559017896652,1.7971559017896652,1.1281568482518196,2.466154955327511,-15.203721983328258,18.798033786907588
s46,soma,,40,pre,odor,2.0,-0.48054103553295135,-0.48054103553295135,-0.6261896416544914,-0.3348924294114113,-4.1818230533704615,3.2207409823045587
s46,soma,,3,pre,odor,2.0,-1.8383992910385132,-1.8383992910385132,-2.3090248703956604,-1.367773711681366,-13.798129221823999,10.121330639746972
s46,soma,,2,pre,odor,2.0,0.08185888826847076,0.08185888826847076,-0.15289513021707535,0.3166129067540169,-5.883806354765704,6.047524131302645
s46,soma,,1,pre,odor,2.0,1.7168799042701721,1.7168799042701721,1.5357622802257538,1.8979975283145905,-2.88575532060562,6.319515129145964
s46,soma,,4,pre,odor,2.0,-0.1992349624633789,-0.1992349624633789,-0.6771680116653442,0.2786980867385864,-12.344665309152228,11.94619538422547
s46,soma,,31,pre,odor,2.0,2.299386739730835,2.299386739730835,1.9674633741378784,2.6313101053237915,-6.135585740157701,10.734359219619371
s46,soma,,21,pre,odor,2.0,-0.5414870157837868,-0.5414870157837868,-0.876874465495348,-0.20609956607222557,-9.064490219740968,7.981516188173394
s46,soma,,12,pre,odor,2.0,0.42561179399490356,0.42561179399490356,-0.3220941722393036,1.1733177602291107,-18.575398384867412,19.42662197285722
s46,soma,,22,pre,odor,2.0,2.2134931683540344,2.2134931683540344,1.8145073354244232,2.6124790012836456,-7.925698191719626,12.352684528427694
s46,soma,,10,pre,odor,2.0,4.034780263900757,4.034780263900757,4.024351000785828,4.045209527015686,3.769747559129306,4.2998129686722075
s46,soma,,0,pre,odor,2.0,-0.9840727001428604,-0.9840727001428604,-1.235790677368641,-0.7323547229170799,-7.380833008955912,5.412687608670192
s46,soma,,18,pre,odor,2.0,-0.13482677936553955,-0.13482677936553955,-0.423159122467041,0.15350556373596191,-7.462046346382828,7.192392787651749
s46,soma,,12,post,odor,2.0,0.4470638185739517,0.4470638185739517,0.43962814658880234,0.4544994905591011,0.2581054773852586,0.6360221597626449
s46,soma,,18,post,odor,2.0,-0.16259586811065674,-0.16259586811065674,-0.19690870493650436,-0.1282830312848091,-1.0345677276870058,0.7093759914656924
s46,soma,,40,post,odor,2.0,0.02809668518602848,0.02809668518602848,0.007173462770879269,0.04901990760117769,-0.5036128103087824,0.5598061806808393
s46,soma,,32,post,odor,2.0,0.022641733288764954,0.022641733288764954,-0.061368003487586975,0.10665147006511688,-2.1122480973361797,2.1575315639137096
s46,soma,,31,post,odor,2.0,0.2805890887975693,0.2805890887975693,0.2513210400938988,0.3098571375012398,-0.46318254931677016,1.0243607269119086
s46,soma,,0,post,odor,2.0,0.19381419569253922,0.19381419569253922,0.17740332707762718,0.21022506430745125,-0.2232255173465325,0.6108539087316109
s46,soma,,4,post,odor,2.0,0.018799517303705215,0.018799517303705215,-0.027679523453116417,0.06527855806052685,-1.1623448982906621,1.1999439328980726
s46,soma,,2,post,odor,2.0,0.1197587363421917,0.1197587363421917,0.10234753973782063,0.13716993294656277,-0.32270172117166523,0.5622191938560486
s46,soma,,3,post,odor,2.0,0.27696365118026733,0.27696365118026733,0.23016253113746643,0.32376477122306824,-0.9123655751119673,1.466292877472502
s46,soma,,21,post,odor,2.0,0.43207070231437683,0.43207070231437683,0.3336380273103714,0.5305033773183823,-2.0693407403460995,2.933482144974853
s46,soma,,1,post,odor,2.0,-0.01609026826918125,-0.01609026826918125,-0.03401500824838877,0.0018344717100262642,-0.471601100306194,0.4394205637678315
s46,soma,,22,post,odor,2.0,0.2596181780099869,0.2596181780099869,0.09589337557554245,0.4233429804444313,-3.901023542233621,4.420259898253595
s46,soma,,10,post,odor,1.0,0.33636876940727234,0.33636876940727234,0.33636876940727234,0.33636876940727234,,
s46,soma,,30,post,odor,2.0,0.0630765613168478,0.0630765613168478,0.05423567909747362,0.07191744353622198,-0.1615915577387019,0.28774468037239753
s46,soma,,17,post,odor,2.0,0.08344984985888004,0.08344984985888004,0.05699480231851339,0.10990489739924669,-0.5888366508473867,0.7557363505651468
s46,soma,,39,post,odor,2.0,0.13152918592095375,0.13152918592095375,0.10553316585719585,0.15752520598471165,-0.5290923205906721,0.7921506924325796
s68,soma,,39,pre,odor,2.0,8.244867324829102,8.244867324829102,8.148286819458008,8.341447830200195,5.7905239752924285,10.699210674365775
s68,soma,,17,pre,odor,2.0,-0.2346705198287964,-0.2346705198287964,-1.1796714663505554,0.7103304266929626,-24.249421524597484,23.78008048493989
s68,soma,,32,pre,odor,2.0,19.588587760925293,19.588587760925293,19.361165523529053,19.816009998321533,13.809240741094186,25.3679347807564
s68,soma,,30,pre,odor,2.0,13.457624703645706,13.457624703645706,7.11831896007061,19.796930447220802,-147.63940862250092,174.55465802979234
s68,soma,,40,pre,odor,2.0,5.4080634117126465,5.4080634117126465,3.206134557723999,7.609992265701294,-50.54825425482788,61.364381078253174
s68,soma,,3,pre,odor,2.0,-0.2162579596042633,-0.2162579596042633,-0.6037699431180954,0.1712540239095688,-10.06387116010007,9.631355240891544
s68,soma,,2,pre,odor,2.0,2.2676464319229126,2.2676464319229126,2.237289607524872,2.2980032563209534,1.4962063800396943,3.039086483806131
s68,soma,,1,pre,odor,2.0,18.594922065734863,18.594922065734863,17.169118404388428,20.0207257270813,-17.638184403575735,54.82802853504546
s68,soma,,4,pre,odor,2.0,0.4560912847518921,0.4560912847518921,-0.08195924758911133,0.9941418170928955,-13.217069159913255,14.129251729417039
s68,soma,,31,pre,odor,2.0,2.9641807973384857,2.9641807973384857,1.5983925014734268,4.329969093203545,-31.743790629726668,37.67215222440364
s68,soma,,21,pre,odor,2.0,-1.7113190032541752,-1.7113190032541752,-2.5419414211064577,-0.8806965854018927,-22.819436002629267,19.396797996120917
s68,soma,,12,pre,odor,2.0,1.8199515640735626,1.8199515640735626,0.4499836415052414,3.189919486641884,-32.99423424821645,36.634137376363576
s68,soma,,22,pre,odor,2.0,-0.07869839668273926,-0.07869839668273926,-0.46434736251831055,0.30695056915283203,-9.878967829084356,9.721571035718878
s68,soma,,10,pre,odor,2.0,-0.42564982175827026,-0.42564982175827026,-1.150585561990738,0.2992859184741974,-18.848013693686443,17.996714050169903
s68,soma,,0,pre,odor,2.0,-0.164800226688385,-0.164800226688385,-0.30294468998908997,-0.026655763387680054,-3.675383894423842,3.345783441047072
s68,soma,,18,pre,odor,2.0,-0.2539157569408417,-0.2539157569408417,-0.6197039633989334,0.11187244951725006,-9.549475439610147,9.041643925728463
s68,soma,,12,post,odor,2.0,-0.02143554389476776,-0.02143554389476776,-0.07961590588092804,0.03674481809139252,-1.4999387259365833,1.4570676381470478
s68,soma,,18,post,odor,2.0,0.42337288707494736,0.42337288707494736,0.31409287825226784,0.5326528958976269,-2.353695444268938,3.200441218418833
s68,soma,,40,post,odor,2.0,0.11931493878364563,0.11931493878364563,0.023388415575027466,0.2152414619922638,-2.318409148252586,2.5570390258198774
s68,soma,,32,post,odor,2.0,-0.005907656624913216,-0.005907656624913216,-0.040007912553846836,0.028192599304020405,-0.8724773234028843,0.8606620101530579
s68,soma,,31,post,odor,2.0,0.04016631655395031,0.04016631655395031,-0.0016805483028292656,0.08201318141072989,-1.0232633483205997,1.1035959814285003
s68,soma,,0,post,odor,2.0,-0.09505143482238054,-0.09505143482238054,-0.13232394168153405,-0.057778927963227034,-1.0422356411881406,0.8521327715433796
s68,soma,,4,post,odor,2.0,0.09661482693627477,0.09661482693627477,0.04162425431422889,0.15160539955832064,-1.3008281216541207,1.4940577755266702
s68,soma,,2,post,odor,2.0,-0.057076986064203084,-0.057076986064203084,-0.08400178101146594,-0.03015219111694023,-0.7413009002230905,0.6271469280946843
s68,soma,,3,post,odor,2.0,0.077732068952173,0.077732068952173,0.04562247940339148,0.10984165850095451,-0.7382499686505333,0.8937141065548793
s68,soma,,21,post,odor,2.0,0.8107167780399323,0.8107167780399323,0.716432586312294,0.9050009697675705,-1.5852717089123076,3.206705264992172
s68,soma,,1,post,odor,2.0,-0.11072769202291965,-0.11072769202291965,-0.17743913549929857,-0.04401624854654074,-1.8060262101361522,1.5845708260903129
s68,soma,,22,post,odor,2.0,-0.030547025613486767,-0.030547025613486767,-0.034050900023430586,-0.027043151203542948,-0.11958891685866568,0.05849486563169215
s68,soma,,10,post,odor,1.0,0.18077866733074188,0.18077866733074188,0.18077866733074188,0.18077866733074188,,
s68,soma,,30,post,odor,2.0,0.11608590930700302,0.11608590930700302,0.07513731345534325,0.1570345051586628,-0.9245165757931226,1.1566883944071287
s68,soma,,17,post,odor,2.0,-0.04371118173003197,-0.04371118173003197,-0.12441602163016796,0.03699365817010403,-2.094615619672689,2.007193256212625
s68,soma,,39,post,odor,2.0,0.06808244111016393,0.06808244111016393,0.031443780986592174,0.10472110123373568,-0.8629941924682807,0.9991590746886085
s90,soma,,39,pre,odor,2.0,0.1547753755003214,0.1547753755003214,0.05984515603631735,0.24970559496432543,-2.257630232818941,2.5671809838195836
s90,soma,,17,pre,odor,2.0,-1.9226740598678589,-1.9226740598678589,-1.9612940549850464,-1.8840540647506714,-2.904101189605962,-0.9412469301297561
s90,soma,,32,pre,odor,2.0,13.44259262084961,13.44259262084961,13.195547103881836,13.689638137817383,7.164570785356313,19.720614456342908
s90,soma,,30,pre,odor,2.0,8.215481638908386,8.215481638908386,5.308587372303009,11.122375905513763,-65.65570575689222,82.08666903470899
s90,soma,,40,pre,odor,2.0,-0.1784035563468933,-0.1784035563468933,-0.8651005327701569,0.5082934200763702,-17.629028304639117,17.27222119194533
s90,soma,,3,pre,odor,2.0,2.159953087568283,2.159953087568283,0.9097189456224442,3.410187229514122,-29.611508863870764,33.931415039007334
s90,soma,,2,pre,odor,2.0,2.4910579323768616,2.4910579323768616,2.0329030454158783,2.949212819337845,-9.151761656833592,14.133877521587316
s90,soma,,1,pre,odor,2.0,3.4721323251724243,3.4721323251724243,3.057548940181732,3.8867157101631165,-7.063430414643712,14.00769506498856
s90,soma,,4,pre,odor,2.0,2.7875124998390675,2.7875124998390675,1.335126219317317,4.239898780360818,-34.121122372802155,39.69614737248029
s90,soma,,31,pre,odor,2.0,4.838519334793091,4.838519334793091,4.017191290855408,5.659847378730774,-16.033405228875083,25.710443898461264
s90,soma,,21,pre,odor,2.0,-0.94118632376194,-0.94118632376194,-1.4963663294911385,-0.38600631803274155,-15.04964796021361,13.16727531268973
s90,soma,,12,pre,odor,2.0,0.7669697403907776,0.7669697403907776,0.5396868288516998,0.9942526519298553,-5.00883667370803,6.5427761544895855
s90,soma,,22,pre,odor,2.0,1.750307336449623,1.750307336449623,1.106983445584774,2.393631227314472,-14.59810280155293,18.098717474452176
s90,soma,,10,pre,odor,2.0,2.901210069656372,2.901210069656372,2.2843910455703735,3.5180290937423706,-12.773647540751963,18.576067680064707
s90,soma,,0,pre,odor,2.0,0.9485548138618469,0.9485548138618469,0.6567791998386383,1.2403304278850555,-6.466166563742098,8.363276191465792
s90,soma,,18,pre,odor,2.0,-0.46639593318104744,-0.46639593318104744,-0.6626744363456964,-0.27011743001639843,-5.454305626220933,4.521513759858838
s90,soma,,12,post,odor,2.0,-0.03284696536138654,-0.03284696536138654,-0.04167542071081698,-0.024018510011956096,-0.2571992877094663,0.19150535698669324
s90,soma,,18,post,odor,2.0,0.06841640546917915,0.06841640546917915,0.0617221724241972,0.07511063851416111,-0.10170018577323459,0.2385329967115929
s90,soma,,40,post,odor,2.0,0.05300494562834501,0.05300494562834501,0.03206101851537824,0.07394887274131179,-0.4792307061254071,0.5852405973820971
s90,soma,,32,post,odor,2.0,-0.03635218646377325,-0.03635218646377325,-0.045518755447119474,-0.027185617480427027,-0.26929679092510495,0.19659241799755842
s90,soma,,31,post,odor,2.0,-0.061610487289726734,-0.061610487289726734,-0.08974656695500016,-0.033474407624453306,-0.7766160646902981,0.6533950901108446
s90,soma,,0,post,odor,2.0,-0.05432763136923313,-0.05432763136923313,-0.07601450476795435,-0.03264075797051191,-0.6054433383525382,0.4967880756140719
s90,soma,,4,post,odor,2.0,-0.03449396602809429,-0.03449396602809429,-0.04091547895222902,-0.02807245310395956,-0.19768008188818972,0.12869214983200114
s90,soma,,2,post,odor,2.0,-0.007998684421181679,-0.007998684421181679,-0.032255093567073345,0.016257724724709988,-0.6244124859654213,0.608415117123058
s90,soma,,3,post,odor,2.0,-0.003468087874352932,-0.003468087874352932,-0.014818163122981787,0.007881987374275923,-0.2919008476344872,0.28496467188578134
s90,soma,,21,post,odor,2.0,-0.0901123434305191,-0.0901123434305191,-0.1111985370516777,-0.0690261498093605,-0.6259633299446431,0.4457386430836049
s90,soma,,1,post,odor,2.0,-0.08408008457627147,-0.08408008457627147,-0.12655085296137258,-0.041609316191170365,-1.1633646413837717,0.9952044722312288
s90,soma,,22,post,odor,2.0,0.04708997253328562,0.04708997253328562,0.019227368291467428,0.07495257677510381,-0.660965935425817,0.7551458804923883
s90,soma,,10,post,odor,1.0,0.03555954247713089,0.03555954247713089,0.03555954247713089,0.03555954247713089,,
s90,soma,,30,post,odor,2.0,0.051224042661488056,0.051224042661488056,0.0347786876372993,0.06766939768567681,-0.3666920531313549,0.469140138454331
s90,soma,,17,post,odor,2.0,0.05572191532701254,0.05572191532701254,0.03819313505664468,0.0732506955973804,-0.38972662645441475,0.5011704571084399
s90,soma,,39,post,odor,2.0,0.07404419593513012,0.07404419593513012,0.052858796902000904,0.09522959496825933,-0.4643278391298643,0.6124162310001245
s112,soma,,39,pre,odor,2.0,3.5999473333358765,3.5999473333358765,3.399606764316559,3.800287902355194,-1.4911892405064968,8.69108390717825
s112,soma,,17,pre,odor,2.0,-1.7355019450187683,-1.7355019450187683,-2.204187721014023,-1.2668161690235138,-13.645936798475997,10.17493290843846
s112,soma,,32,pre,odor,2.0,1.5019494444131851,1.5019494444131851,0.9741532430052757,2.0297456458210945,-11.910623743715197,14.914522632541567
s112,soma,,30,pre,odor,2.0,3.6649050414562225,3.6649050414562225,1.6046795397996902,5.725130543112755,-48.690389012016006,56.02019909492845
s112,soma,,40,pre,odor,2.0,0.50593301653862,0.50593301653862,-0.14741776883602142,1.1592838019132614,-16.09728467048283,17.10915070356007
s112,soma,,3,pre,odor,2.0,3.071825683116913,3.071825683116913,2.096246987581253,4.047404378652573,-21.719979600335744,27.86363096656957
s112,soma,,2,pre,odor,2.0,6.036207795143127,6.036207795143127,4.941681325435638,7.1307342648506165,-21.778347031388595,33.850762621674846
s112,soma,,1,pre,odor,2.0,6.9329609870910645,6.9329609870910645,6.909075736999512,6.956846237182617,6.325979231415055,7.5399427427670735
s112,soma,,4,pre,odor,2.0,5.820982173085213,5.820982173085213,3.0362046286463737,8.605759717524052,-64.9469250755982,76.58888942176863
s112,soma,,31,pre,odor,2.0,-1.3889601230621338,-1.3889601230621338,-1.6097959876060486,-1.168124258518219,-7.000931539032381,4.223011292908113
s112,soma,,21,pre,odor,2.0,-0.26632604748010635,-0.26632604748010635,-0.4941001124680042,-0.03855198249220848,-6.054613854134088,5.521961759173875
s112,soma,,12,pre,odor,2.0,1.0865926295518875,1.0865926295518875,0.3206999823451042,1.8524852767586708,-18.376584933128516,20.54977019223229
s112,soma,,22,pre,odor,2.0,0.45306649804115295,0.45306649804115295,0.3513098806142807,0.5548231154680252,-2.132814330531728,3.038947326614034
s112,soma,,10,pre,odor,2.0,1.7726737260818481,1.7726737260818481,1.6960464715957642,1.8493009805679321,-0.17460944166043935,3.7199568938241354
s112,soma,,0,pre,odor,2.0,0.10594548285007477,0.10594548285007477,-0.1753893569111824,0.38728032261133194,-7.043450664000794,7.255341629700943
s112,soma,,18,pre,odor,2.0,-0.953539252281189,-0.953539252281189,-1.1991372108459473,-0.7079412937164307,-7.194775140901925,5.287696636339547
s112,soma,,12,post,odor,2.0,-0.06663525849580765,-0.06663525849580765,-0.08344189077615738,-0.049828626215457916,-0.49373227985526014,0.36046176286364484
s112,soma,,18,post,odor,2.0,0.02625477220863104,0.02625477220863104,0.023591069970279932,0.028918474446982145,-0.041436319784760894,0.09394586420202297
s112,soma,,40,post,odor,2.0,-0.051668815314769745,-0.051668815314769745,-0.0978420041501522,-0.005495626479387283,-1.22504079664362,1.1217031660140806
s112,soma,,32,post,odor,2.0,0.03915598336607218,0.03915598336607218,0.02502137189731002,0.05329059483483434,-0.3200385510106776,0.39835051774282193
s112,soma,,31,post,odor,2.0,-0.012877213070169091,-0.012877213070169091,-0.021766771678812802,-0.003987654461525381,-0.23878231646147152,0.21302789032113334
s112,soma,,0,post,odor,2.0,-0.0031189844012260437,-0.0031189844012260437,-0.052460163831710815,0.04622219502925873,-1.2569972399373681,1.250759271134916
s112,soma,,4,post,odor,2.0,-0.053994826041162014,-0.053994826041162014,-0.07352345017716289,-0.03446620190516114,-0.5502642190168214,0.44227456693449735
s112,soma,,2,post,odor,2.0,0.017921296413987875,0.017921296413987875,0.012995669851079583,0.022846922976896167,-0.10725074271051857,0.14309333553849432
s112,soma,,3,post,odor,2.0,-0.012019914109259844,-0.012019914109259844,-0.023124207044020295,-0.0009156211744993925,-0.29420675306830874,0.27016692484978905
s112,soma,,21,post,odor,2.0,0.6346392035484314,0.6346392035484314,0.5805472135543823,0.6887311935424805,-0.7399685953545696,2.009247002451432
s112,soma,,1,post,odor,2.0,-0.030861981213092804,-0.030861981213092804,-0.05208039656281471,-0.009643565863370895,-0.5700730404346094,0.5083490780084238
s112,soma,,22,post,odor,2.0,0.008521858602762222,0.008521858602762222,-0.006992850452661514,0.02403656765818596,-0.38574428075803274,0.4027879979635572
s112,soma,,10,post,odor,1.0,0.04792139679193497,0.04792139679193497,0.04792139679193497,0.04792139679193497,,
s112,soma,,30,post,odor,2.0,0.05003458168357611,0.05003458168357611,0.01426974544301629,0.08579941792413592,-0.8588360815730508,0.958905244940203
s112,soma,,17,post,odor,2.0,0.012469848617911339,0.012469848617911339,-0.0028146402910351753,0.027754337526857853,-0.37594584211182025,0.4008855393476429
s112,soma,,39,post,odor,2.0,0.007505585206672549,0.007505585206672549,0.005780087900348008,0.00923108251299709,-0.036343458885082586,0.051354629298427684
s135,soma,,39,pre,odor,2.0,0.603763073682785,0.603763073682785,0.4869673401117325,0.7205588072538376,-2.364297932448226,3.571824079813796
s135,soma,,17,pre,odor,2.0,-0.15768740698695183,-0.15768740698695183,-0.29505263827741146,-0.020322175696492195,-3.648468911804093,3.3330940978301893
s135,soma,,32,pre,odor,2.0,2.5912050008773804,2.5912050008773804,2.464725434780121,2.71768456697464,-0.6229455226712579,5.805355524426019
s135,soma,,30,pre,odor,2.0,1.0217495262622833,1.0217495262622833,0.676247164607048,1.3672518879175186,-7.758297961784303,9.80179701430887
s135,soma,,40,pre,odor,2.0,0.41482651606202126,0.41482651606202126,0.14601618610322475,0.6836368460208178,-6.416291659248262,7.245944691372305
s135,soma,,3,pre,odor,2.0,1.2281222343444824,1.2281222343444824,0.8436275124549866,1.6126169562339783,-8.542815078268486,10.99905954695745
s135,soma,,2,pre,odor,2.0,2.0230329632759094,2.0230329632759094,1.9697462022304535,2.0763197243213654,0.6688879721335468,3.377177954418272
s135,soma,,1,pre,odor,2.0,0.401882529258728,0.401882529258728,0.39378616213798523,0.4099788963794708,0.19613433274794562,0.6076307257695104
s135,soma,,4,pre,odor,2.0,1.2356671243906021,1.2356671243906021,0.4665236100554466,2.0048106387257576,-18.3101228048962,20.781457053677403
s135,soma,,31,pre,odor,2.0,2.4424819946289062,2.4424819946289062,2.3858559131622314,2.499108076095581,1.0034768255831514,3.8814871636746613
s135,soma,,21,pre,odor,2.0,1.6106815338134766,1.6106815338134766,1.4007439613342285,1.8206191062927246,-3.724338021660202,6.945701089287155
s135,soma,,12,pre,odor,2.0,1.011717215180397,1.011717215180397,0.7415226921439171,1.281911738216877,-5.854576641408771,7.878011071769565
s135,soma,,22,pre,odor,2.0,3.4971970319747925,3.4971970319747925,3.3569119572639465,3.6374821066856384,-0.0677847294363505,7.062178793385936
s135,soma,,10,pre,odor,2.0,1.9669015258550644,1.9669015258550644,1.182469703257084,2.751333348453045,-17.96740115314615,21.901204204856278
s135,soma,,0,pre,odor,2.0,-0.014482766389846802,-0.014482766389846802,-0.4719333201646805,0.4429677873849869,-11.639403552268904,11.61043801948921
s135,soma,,18,pre,odor,2.0,-1.1963194943964481,-1.1963194943964481,-1.8462638426572084,-0.5463751461356878,-17.71297140663814,15.320332417845243
s135,soma,,12,post,odor,2.0,0.0005731899291276932,0.0005731899291276932,-0.023823446594178677,0.024969826452434063,-0.619404127149208,0.6205505070074634
s135,soma,,18,post,odor,2.0,0.10339624434709549,0.10339624434709549,0.06815683469176292,0.13863565400242805,-0.7921220633780781,0.9989145520722691
s135,soma,,40,post,odor,2.0,0.05088032269850373,0.05088032269850373,0.029531743144616485,0.07222890225239098,-0.4916385225779051,0.5933991679749125
s135,soma,,32,post,odor,2.0,0.011134803993627429,0.011134803993627429,0.008001648006029427,0.014267959981225431,-0.06848623890395623,0.09075584689121109
s135,soma,,31,post,odor,2.0,-0.0014541670680046082,-0.0014541670680046082,-0.035316139459609985,0.03240780532360077,-0.8619684750248704,0.8590601408888612
s135,soma,,0,post,odor,2.0,0.003211231902241707,0.003211231902241707,-0.025318446569144726,0.03174091037362814,-0.7217966395271012,0.7282191033315846
s135,soma,,4,post,odor,2.0,-0.053365897678304464,-0.053365897678304464,-0.07936091549345292,-0.027370879863156006,-0.7139619346378742,0.6072301392812652
s135,soma,,2,post,odor,2.0,0.003273674112278968,0.003273674112278968,0.0025966136890929192,0.003950734535465017,-0.013932062599247064,0.020479410823805
s135,soma,,3,post,odor,2.0,0.036652784794569016,0.036652784794569016,0.000985240563750267,0.07232032902538776,-0.8697454540721301,0.9430510236612681
s135,soma,,21,post,odor,2.0,2.327547073364258,2.327547073364258,2.1834594011306763,2.4716347455978394,-1.3340678533531838,5.989162000081699
s135,soma,,1,post,odor,2.0,0.09336679126136005,0.09336679126136005,0.04432558186817914,0.14240800065454096,-1.1528885028573803,1.3396220853801004
s135,soma,,22,post,odor,2.0,0.05288672726601362,0.05288672726601362,0.040317744482308626,0.06545571004971862,-0.2665214098844076,0.37229486441643483
s135,soma,,10,post,odor,1.0,-0.04409148171544075,-0.04409148171544075,-0.04409148171544075,-0.04409148171544075,,
s135,soma,,30,post,odor,2.0,0.13704479113221169,0.13704479113221169,0.1272032018750906,0.14688638038933277,-0.11305370492842415,0.3871432871928475
s135,soma,,17,post,odor,2.0,0.12317145988345146,0.12317145988345146,0.11292208172380924,0.13342083804309368,-0.13728993474633144,0.38363285451323437
s135,soma,,39,post,odor,2.0,0.02793717011809349,0.02793717011809349,0.024240767583251,0.03163357265293598,-0.06599732467195413,0.12187166490814111
s157,soma,,39,pre,odor,2.0,0.5559807419776917,0.5559807419776917,-0.33050671219825745,1.4424681961536407,-21.971801435642092,23.083762919597476
s157,soma,,17,pre,odor,2.0,-1.6155575513839722,-1.6155575513839722,-1.8103706240653992,-1.4207444787025452,-6.566227124930957,3.3351120221630124
s157,soma,,32,pre,odor,2.0,6.484055757522583,6.484055757522583,6.231950879096985,6.736160635948181,0.07746335699442142,12.890648158050745
s157,soma,,30,pre,odor,2.0,6.184060573577881,6.184060573577881,6.166509389877319,6.201611757278442,5.738042706654787,6.6300784405009745
s157,soma,,40,pre,odor,2.0,-0.9255061447620392,-0.9255061447620392,-0.958716556429863,-0.8922957330942154,-1.7694627248100672,-0.0815495647140112
s157,soma,,3,pre,odor,2.0,1.3935898840427399,1.3935898840427399,1.0748187154531479,1.7123610526323318,-6.707153580135289,9.494333348220769
s157,soma,,2,pre,odor,2.0,0.45775361359119415,0.45775361359119415,0.16490387171506882,0.7506033554673195,-6.984263940836725,7.899771168019114
s157,soma,,1,pre,odor,2.0,3.767866849899292,3.767866849899292,3.637269139289856,3.898464560508728,0.4490643517409163,7.086669348057668
s157,soma,,4,pre,odor,2.0,1.0992932133376598,1.0992932133376598,0.5006036479026079,1.6979827787727118,-14.114851170320792,16.31343759699611
s157,soma,,31,pre,odor,2.0,6.019331932067871,6.019331932067871,5.828152894973755,6.210510969161987,1.1610119589027184,10.877651905233023
s157,soma,,21,pre,odor,2.0,4.953073978424072,4.953073978424072,4.827138900756836,5.079009056091309,1.7527602178121398,8.153387739036004
s157,soma,,12,pre,odor,2.0,1.4565367102622986,1.4565367102622986,0.6321060955524445,2.2809673249721527,-19.494231652285226,22.407305072809823
s157,soma,,22,pre,odor,2.0,4.069437265396118,4.069437265396118,3.773504137992859,4.365370392799377,-3.450936544608446,11.589811075400682
s157,soma,,10,pre,odor,2.0,3.811548948287964,3.811548948287964,3.6978577375411987,3.925240159034729,0.922381347383999,6.700716549191929
s157,soma,,0,pre,odor,2.0,0.028308391571044922,0.028308391571044922,-0.32556653022766113,0.382183313369751,-8.964506023173293,9.021122806315383
s157,soma,,18,pre,odor,2.0,-0.7226658537983894,-0.7226658537983894,-1.1296313144266605,-0.31570039317011833,-11.064638780387297,9.619307072790518
s157,soma,,12,post,odor,2.0,0.08489790372550488,0.08489790372550488,0.05882367957383394,0.11097212787717581,-0.5777109570905787,0.7475067645415885
s157,soma,,18,post,odor,2.0,0.11845983564853668,0.11845983564853668,0.11498721688985825,0.12193245440721512,0.030212225811638627,0.20670744548543474
s157,soma,,40,post,odor,2.0,0.060910360887646675,0.060910360887646675,0.04991922061890364,0.07190150115638971,-0.21840099618967973,0.3402217179649731
s157,soma,,32,post,odor,2.0,0.11735139414668083,0.11735139414668083,0.0799154881387949,0.15478730015456676,-0.833985178294101,1.0686879665874627
s157,soma,,31,post,odor,2.0,0.1858188658952713,0.1858188658952713,0.15215278416872025,0.21948494762182236,-0.6697173882694232,1.0413551200599658
s157,soma,,0,post,odor,2.0,-0.06604282185435295,-0.06604282185435295,-0.07581881992518902,-0.056266823783516884,-0.3144744878313368,0.18238884412263087
s157,soma,,4,post,odor,2.0,0.03173027187585831,0.03173027187585831,0.02619662880897522,0.037263914942741394,-0.10889293161360197,0.1723534753653186
s157,soma,,2,post,odor,2.0,0.05663372203707695,0.05663372203707695,0.048333654180169106,0.0649337898939848,-0.15429100099095064,0.2675584450651045
s157,soma,,3,post,odor,2.0,0.03554254793561995,0.03554254793561995,0.01812900265213102,0.05295609321910888,-0.406977595173699,0.4780626910449389
s157,soma,,21,post,odor,2.0,2.7723090648651123,2.7723090648651123,2.525988459587097,3.0186296701431274,-3.4872910179367542,9.03190914766698
s157,soma,,1,post,odor,2.0,-0.0031200330704450607,-0.0031200330704450607,-0.02236809115856886,0.016128025017678738,-0.49225956675341354,0.4860195006125234
s157,soma,,22,post,odor,2.0,0.07069216202944517,0.07069216202944517,0.03804752277210355,0.1033368012867868,-0.7588867778552518,0.9002711019141422
s157,soma,,10,post,odor,1.0,0.008570489473640919,0.008570489473640919,0.008570489473640919,0.008570489473640919,,
s157,soma,,30,post,odor,2.0,0.16278834268450737,0.16278834268450737,0.1140305120497942,0.21154617331922054,-1.076265614388285,1.4018422997572997
s157,soma,,17,post,odor,2.0,0.0780085064470768,0.0780085064470768,0.0556927714496851,0.1003242414444685,-0.48908808898307876,0.6451051018772324
s157,soma,,39,post,odor,2.0,0.01502145640552044,0.01502145640552044,0.014285736717283726,0.015757176093757153,-0.003674953568820156,0.03371786637986103
s179,soma,,39,pre,odor,2.0,-0.6491083651781082,-0.6491083651781082,-0.7914488688111305,-0.5067678615450859,-4.266323528000906,2.9681067976446895
s179,soma,,17,pre,odor,2.0,-0.7451186180114746,-0.7451186180114746,-0.8043235540390015,-0.6859136819839478,-2.2496586951272377,0.7594214591042885
s179,soma,,32,pre,odor,2.0,20.157923698425293,20.157923698425293,19.690450191497803,20.625397205352783,8.278295522908754,32.03755187394183
s179,soma,,30,pre,odor,2.0,2.0580697655677795,2.0580697655677795,0.9348340928554535,3.1813054382801056,-26.486055083347672,30.60219461448323
s179,soma,,40,pre,odor,2.0,0.22528114914894104,0.22528114914894104,-0.025803163647651672,0.47636546194553375,-6.1553762197215285,6.605938518019411
s179,soma,,3,pre,odor,2.0,1.4192445278167725,1.4192445278167725,0.4304853677749634,2.4080036878585815,-23.70750811670192,26.545997172335465
s179,soma,,2,pre,odor,2.0,2.582364559173584,2.582364559173584,2.1881502866744995,2.9765788316726685,-7.435569953417472,12.60029907176464
s179,soma,,1,pre,odor,2.0,1.513505220413208,1.513505220413208,1.4630005955696106,1.5640098452568054,0.23006101364032094,2.796949427186095
s179,soma,,4,pre,odor,2.0,1.2735107243061066,1.2735107243061066,0.2814285010099411,2.265592947602272,-23.93768896433481,26.484710412947024
s179,soma,,31,pre,odor,2.0,21.695815086364746,21.695815086364746,21.27520513534546,22.116425037384033,11.007102782917801,32.384527389811694
s179,soma,,21,pre,odor,2.0,2.911846876144409,2.911846876144409,2.879687547683716,2.9440062046051025,2.09460085294549,3.7290928993433283
s179,soma,,12,pre,odor,2.0,1.8903523460030556,1.8903523460030556,0.8681471608579159,2.9125575311481953,-24.086344383663953,27.867049075670064
s179,soma,,22,pre,odor,2.0,21.859365463256836,21.859365463256836,21.107083320617676,22.611647605895996,2.74206361577415,40.97666731073952
s179,soma,,10,pre,odor,2.0,2.7725669145584106,2.7725669145584106,2.4946970343589783,3.050436794757843,-4.288776261102233,9.833910090219053
s179,soma,,0,pre,odor,2.0,0.04653607588261366,0.04653607588261366,0.03194417478516698,0.06112797698006034,-0.3242792897857258,0.4173514415509531
s179,soma,,18,pre,odor,2.0,-0.5006755251379218,-0.5006755251379218,-0.7513634989009006,-0.249987551374943,-6.871260964196318,5.869909913920474
s179,soma,,12,post,odor,2.0,-0.10369712859392166,-0.10369712859392166,-0.11982143297791481,-0.08757282420992851,-0.5134545540567539,0.3060602968689106
s179,soma,,18,post,odor,2.0,0.01360805332660675,0.01360805332660675,-0.03779769316315651,0.06501379981637001,-1.2927358257030444,1.3199519323562579
s179,soma,,40,post,odor,2.0,0.018750857561826706,0.018750857561826706,-0.03473277948796749,0.0722344946116209,-1.34039722721806,1.3778989423417134
s179,soma,,32,post,odor,2.0,0.10512130334973335,0.10512130334973335,0.09467866085469723,0.11556394584476948,-0.16025140370748092,0.3704940104069476
s179,soma,,31,post,odor,2.0,0.13690172135829926,0.13690172135829926,0.1302478164434433,0.1435556262731552,-0.03219003492809838,0.30599347764469687
s179,soma,,0,post,odor,2.0,0.17801719903945923,0.17801719903945923,0.1651991605758667,0.19083523750305176,-0.14772004302967834,0.5037544411085968
s179,soma,,4,post,odor,2.0,-0.011548187583684921,-0.011548187583684921,-0.02424454130232334,0.0011481661349534988,-0.3341931270875103,0.31109675192014047
s179,soma,,2,post,odor,2.0,0.04449818329885602,0.04449818329885602,0.02903728256933391,0.05995908402837813,-0.34840055685110516,0.4373969234488172
s179,soma,,3,post,odor,2.0,0.08878715289756656,0.08878715289756656,0.05201524426229298,0.12555906153284013,-0.8456756464218259,1.023249952216959
s179,soma,,21,post,odor,2.0,1.1706548929214478,1.1706548929214478,0.977066159248352,1.3642436265945435,-3.7489012764128518,6.090211062255747
s179,soma,,1,post,odor,2.0,0.043601315934211016,0.043601315934211016,0.024861349491402507,0.062341282377019525,-0.4326263848085256,0.5198290166769477
s179,soma,,22,post,odor,2.0,-0.0348554338561371,-0.0348554338561371,-0.0539435749524273,-0.015767292759846896,-0.5199310914610438,0.4502202237487696
s179,soma,,10,post,odor,1.0,-0.1870826780796051,-0.1870826780796051,-0.1870826780796051,-0.1870826780796051,,
s179,soma,,30,post,odor,2.0,0.11421003751456738,0.11421003751456738,0.06313223857432604,0.1652878364548087,-1.183799904101179,1.4122199791303138
s179,soma,,17,post,odor,2.0,0.14242738485336304,0.14242738485336304,0.1239074096083641,0.16094736009836197,-0.328209809490324,0.6130645791970502
s179,soma,,39,post,odor,2.0,0.10720498953014612,0.10720498953014612,0.06436797371134162,0.15004200534895062,-0.9813867970308219,1.1957967760911141
s202,soma,,39,pre,odor,2.0,-0.3672124147415161,-0.3672124147415161,-0.8450053930282593,0.11058056354522705,-12.509083221977573,11.77465839249454
s202,soma,,17,pre,odor,2.0,-0.12111473083496094,-0.12111473083496094,-0.6463155150413513,0.40408605337142944,-13.467732114286763,13.225502652616841
s202,soma,,32,pre,odor,2.0,6.375412940979004,6.375412940979004,6.1667704582214355,6.584055423736572,1.0733047358160794,11.677521146141927
s202,soma,,30,pre,odor,2.0,1.917403370141983,1.917403370141983,1.3197977393865585,2.5150090008974075,-13.269195621596495,17.10400236188046
s202,soma,,40,pre,odor,2.0,-0.28207993507385254,-0.28207993507385254,-0.9777317047119141,0.413571834564209,-17.96026755528074,17.396107685133035
s202,soma,,3,pre,odor,2.0,2.407688170671463,2.407688170671463,1.6183053702116013,3.1970709711313248,-17.652430785044416,22.467807126387342
s202,soma,,2,pre,odor,2.0,3.426262378692627,3.426262378692627,3.0929718017578125,3.7595529556274414,-5.043454235650444,11.895978993035698
s202,soma,,1,pre,odor,2.0,1.2459077462553978,1.2459077462553978,0.6999889053404331,1.7918265871703625,-12.62720537774605,15.119020870256845
s202,soma,,4,pre,odor,2.0,0.7599374055862427,0.7599374055862427,0.022625982761383057,1.4972488284111023,-17.97692237987962,19.496797191052107
s202,soma,,31,pre,odor,2.0,6.849597692489624,6.849597692489624,6.5788809061050415,7.1203144788742065,-0.02996813415392552,13.729163519133174
s202,soma,,21,pre,odor,2.0,3.6641327142715454,3.6641327142715454,3.284439742565155,4.043825685977936,-5.984780556504418,13.31304598504751
s202,soma,,12,pre,odor,2.0,1.8380334228277206,1.8380334228277206,1.1588696017861366,2.5171972438693047,-15.42115569628643,19.09722254194187
s202,soma,,22,pre,odor,2.0,8.273655414581299,8.273655414581299,7.98271632194519,8.564594507217407,0.8801920609987217,15.667118768163876
s202,soma,,10,pre,odor,2.0,2.4886418282985687,2.4886418282985687,1.6879753023386002,3.2893083542585373,-17.858223780199612,22.83550743679675
s202,soma,,0,pre,odor,2.0,-1.2150603234767914,-1.2150603234767914,-1.7194380015134811,-0.7106826454401016,-14.032512406457956,11.602391759504373
s202,soma,,18,pre,odor,2.0,1.6520984172821045,1.6520984172821045,1.2631559371948242,2.0410408973693848,-8.23186714788696,11.53606398245117
s202,soma,,12,post,odor,2.0,0.20664343982934952,0.20664343982934952,0.031429167836904526,0.3818577118217945,-4.245973385442261,4.6592602651009605
s202,soma,,18,post,odor,2.0,0.5404983460903168,0.5404983460903168,0.44625769555568695,0.6347389966249466,-1.8543836542362784,2.935380346416912
s202,soma,,40,post,odor,2.0,0.15695617347955704,0.15695617347955704,0.14459196850657463,0.16932037845253944,-0.1572480660939305,0.47116041305304457
s202,soma,,32,post,odor,2.0,0.6338027119636536,0.6338027119636536,0.5727880597114563,0.6948173642158508,-0.916726614882188,2.184332038809495
s202,soma,,31,post,odor,2.0,0.812756359577179,0.812756359577179,0.7307621836662292,0.8947505354881287,-1.2709132130197212,2.896425932174079
s202,soma,,0,post,odor,2.0,0.12502724025398493,0.12502724025398493,0.07666621496900916,0.1733882655389607,-1.1039429367904614,1.3539974172984313
s202,soma,,4,post,odor,2.0,-0.031795636750757694,-0.031795636750757694,-0.06171622918918729,-0.0018750443123281002,-0.7921499834514114,0.728558709949896
s202,soma,,2,post,odor,2.0,0.12537223100662231,0.12537223100662231,0.10118548572063446,0.14955897629261017,-0.4892712440043172,0.7400157060175618
s202,soma,,3,post,odor,2.0,0.02936762571334839,0.02936762571334839,-0.017384443432092667,0.07611969485878944,-1.1587150990901915,1.2174503505168883
s202,soma,,21,post,odor,2.0,6.4116058349609375,6.4116058349609375,6.105408191680908,6.717803478240967,-1.3696140555395377,14.192825725461413
s202,soma,,1,post,odor,2.0,0.12234041647752747,0.12234041647752747,0.061925635585794225,0.1827551973692607,-1.412944733725467,1.657625566680522
s202,soma,,22,post,odor,2.0,0.40388283133506775,0.40388283133506775,0.3558136373758316,0.4519520252943039,-0.8176712085628248,1.6254368712329603
s202,soma,,10,post,odor,1.0,-0.08595821261405945,-0.08595821261405945,-0.08595821261405945,-0.08595821261405945,,
s202,soma,,30,post,odor,2.0,0.3112792447209358,0.3112792447209358,0.2803551070392132,0.34220338240265846,-0.47457760462630916,1.0971360940681807
s202,soma,,17,post,odor,2.0,0.0546596422791481,0.0546596422791481,-0.013184066861867905,0.12250335142016411,-1.6694124745353238,1.77873175909362
s202,soma,,39,post,odor,2.0,-0.09712149668484926,-0.09712149668484926,-0.15739192301407456,-0.03685107035562396,-1.6287382496361902,1.4344952562664917
s224,soma,,39,pre,odor,2.0,-1.8650315329432487,-1.8650315329432487,-2.8828723691403866,-0.8471906967461109,-27.730819640063416,24.00075657417692
s224,soma,,17,pre,odor,2.0,3.653671622276306,3.653671622276306,3.3965657353401184,3.910777509212494,-2.880008454297662,10.187351698850275
s224,soma,,32,pre,odor,2.0,4.996005415916443,4.996005415916443,4.287245571613312,5.704765260219574,-13.015289965073322,23.007300796906208
s224,soma,,30,pre,odor,2.0,4.582738041877747,4.582738041877747,4.061818540096283,5.10365754365921,-8.655081639525044,17.820557723280537
s224,soma,,40,pre,odor,2.0,-0.779961109161377,-0.779961109161377,-1.5825283527374268,0.02260613441467285,-21.17512853201072,19.615206313687967
s224,soma,,3,pre,odor,2.0,3.82334440946579,3.82334440946579,2.2363500893115997,5.41033872961998,-36.506005084585226,44.152693903516806
s224,soma,,2,pre,odor,2.0,2.62326580286026,2.62326580286026,2.188800424337387,3.057731181383133,-8.417546297722257,13.664077903442777
s224,soma,,1,pre,odor,2.0,1.9002001881599426,1.9002001881599426,1.3730274140834808,2.4273729622364044,-11.496530209345437,15.296930585665322
s224,soma,,4,pre,odor,2.0,2.6390053033828735,2.6390053033828735,2.5238502621650696,2.7541603446006775,-0.2873617568492315,5.565372363614978
s224,soma,,31,pre,odor,2.0,6.491482734680176,6.491482734680176,6.020203590393066,6.962761878967285,-5.484855855722277,18.467821325082628
s224,soma,,21,pre,odor,2.0,5.8048436641693115,5.8048436641693115,5.1943382024765015,6.415349125862122,-9.709571113474091,21.319258441812714
s224,soma,,12,pre,odor,2.0,4.8233601450920105,4.8233601450920105,3.125940352678299,6.520779937505722,-38.31216666619552,47.958886956379544
s224,soma,,22,pre,odor,2.0,7.2154529094696045,7.2154529094696045,6.855571389198303,7.575334429740906,-1.930003645196308,16.360909464135517
s224,soma,,10,pre,odor,2.0,4.2922749519348145,4.2922749519348145,3.5944221019744873,4.990127801895142,-13.441847422703017,22.026397326572646
s224,soma,,0,pre,odor,2.0,-1.5769723057746887,-1.5769723057746887,-1.7785421311855316,-1.3754024803638458,-6.699347246385005,3.545402634835628
s224,soma,,18,pre,odor,2.0,3.895236015319824,3.895236015319824,3.764253854751587,4.0262181758880615,0.5666637173867621,7.223808313252887
s224,soma,,12,post,odor,2.0,0.6045062243938446,0.6045062243938446,0.43310271203517914,0.7759097367525101,-3.7512700166634607,4.96028246545115
s224,soma,,18,post,odor,2.0,1.8368083536624908,1.8368083536624908,1.255713328719139,2.4179033786058426,-12.930216362543046,16.603833069868028
s224,soma,,40,post,odor,2.0,0.06967056170105934,0.06967056170105934,-0.004611531272530556,0.14395265467464924,-1.8180164014069344,1.9573575248090531
s224,soma,,32,post,odor,2.0,0.4557543247938156,0.4557543247938156,0.3582317903637886,0.5532768592238426,-2.0225282529233217,2.934036902510953
s224,soma,,31,post,odor,2.0,0.5759606882929802,0.5759606882929802,0.39852066710591316,0.7534007094800472,-3.933217786895118,5.085139163481078
s224,soma,,0,post,odor,2.0,0.06377120781689882,0.06377120781689882,0.024610101711004972,0.10293231392279267,-0.9314068559361975,1.058949271569995
s224,soma,,4,post,odor,2.0,0.2519989460706711,0.2519989460706711,0.19869015365839005,0.3053077384829521,-1.1027059151866867,1.6067038073280289
s224,soma,,2,post,odor,2.0,0.8466953784227371,0.8466953784227371,0.5838134214282036,1.1095773354172707,-5.833768555614892,7.527159312460366
s224,soma,,3,post,odor,2.0,0.5923243314027786,0.5923243314027786,0.39439427107572556,0.7902543917298317,-4.43755540851511,5.622204071320668
s224,soma,,21,post,odor,2.0,5.383101940155029,5.383101940155029,4.883307933807373,5.8828959465026855,-7.317868000977599,18.084071881287656
s224,soma,,1,post,odor,2.0,0.011633887887001038,0.011633887887001038,0.0024521127343177795,0.020815663039684296,-0.2216971419760292,0.24496491775003126
s224,soma,,22,post,odor,2.0,0.15927577763795853,0.15927577763795853,0.14202673360705376,0.1765248216688633,-0.27906399228197754,0.5976155475578946
s224,soma,,10,post,odor,1.0,0.13266238570213318,0.13266238570213318,0.13266238570213318,0.13266238570213318,,
s224,soma,,30,post,odor,2.0,0.5793197751045227,0.5793197751045227,0.5442952513694763,0.6143442988395691,-0.3107377636244961,1.4693773138335415
s224,soma,,17,post,odor,2.0,0.205662339925766,0.205662339925766,0.15989673137664795,0.25142794847488403,-0.9573520442756756,1.3686767241272075
s224,soma,,39,post,odor,2.0,0.08807103894650936,0.08807103894650936,0.07172402832657099,0.10441804956644773,-0.3273458885762086,0.5034879664692273
p246,process,,39,pre,odor,2.0,-0.17328105866909027,-0.17328105866909027,-0.37174829095602036,0.025186173617839813,-5.216811632388438,4.870249515050258
p246,process,,17,pre,odor,2.0,-0.19102905178442597,-0.19102905178442597,-0.29230191302485764,-0.08975619054399431,-2.7646164700626965,2.3825583664938446
p246,process,,32,pre,odor,2.0,0.602175235748291,0.602175235748291,0.598816990852356,0.6055334806442261,0.516834141344362,0.68751633015222
p246,process,,30,pre,odor,2.0,0.6713389456272125,0.6713389456272125,0.6454606503248215,0.6972172409296036,0.01370910895647559,1.3289687822979495
p246,process,,40,pre,odor,2.0,-0.18775174021720886,-0.18775174021720886,-0.26126833260059357,-0.11423514783382416,-2.055985488875583,1.6804820084411651
p246,process,,3,pre,odor,2.0,-0.23812312632799149,-0.23812312632799149,-0.30391964688897133,-0.17232660576701164,-1.9101712486794669,1.4339249960234839
p246,process,,2,pre,odor,2.0,-0.0055155158042907715,-0.0055155158042907715,-0.046694397926330566,0.03566336631774902,-1.0519701299031738,1.0409390982945923
p246,process,,1,pre,odor,2.0,0.20673468708992004,0.20673468708992004,0.059799209237098694,0.3536701649427414,-3.5272498421213,3.94071921630114
p246,process,,4,pre,odor,2.0,0.10517669096589088,0.10517669096589088,0.014694547280669212,0.19565883465111256,-2.1941925942989147,2.4045459762306964
p246,process,,31,pre,odor,2.0,0.6513159573078156,0.6513159573078156,0.6468071490526199,0.6558247655630112,0.5367362756944754,0.7658956389211558
p246,process,,21,pre,odor,2.0,-0.20510629564523697,-0.20510629564523697,-0.235195804387331,-0.17501678690314293,-0.9697532126211673,0.5595406213306934
p246,process,,12,pre,odor,2.0,0.14765023114159703,0.14765023114159703,0.07855602982454002,0.21674443245865405,-1.6081999048923983,1.9035003671755923
p246,process,,22,pre,odor,2.0,0.18340281397104263,0.18340281397104263,0.1707293502986431,0.19607627764344215,-0.13866043430491876,0.505466062247004
p246,process,,10,pre,odor,2.0,0.0005033835768699646,0.0005033835768699646,-0.056334976106882095,0.057341743260622025,-1.4438962864433122,1.4449030535970522
p246,process,,0,pre,odor,2.0,0.16664516180753708,0.16664516180753708,0.15017565712332726,0.1831146664917469,-0.25188463503437925,0.5851749586494535
p246,process,,18,pre,odor,2.0,-0.01590333878993988,-0.01590333878993988,-0.07136229425668716,0.039555616676807404,-1.4252490240197113,1.3934423464398316
p246,process,,12,post,odor,2.0,-0.25569309666752815,-0.25569309666752815,-0.3423402402549982,-0.1690459530800581,-2.4576057891217697,1.9462195957867134
p246,process,,18,post,odor,2.0,-0.06298516690731049,-0.06298516690731049,-0.15649264305830002,0.030522309243679047,-2.439235439582201,2.31326510576758
p246,process,,40,post,odor,2.0,-0.05746511579491198,-0.05746511579491198,-0.08451232791412622,-0.030417903675697744,-0.744799945253875,0.6298697136640511
p246,process,,32,post,odor,2.0,-0.29566825181245804,-0.29566825181245804,-0.34735219553112984,-0.24398430809378624,-1.6090817927372056,1.0177452891122896
p246,process,,31,post,odor,2.0,-0.09186525642871857,-0.09186525642871857,-0.10525213554501534,-0.0784783773124218,-0.4320581100888947,0.2483275972314576
p246,process,,0,post,odor,2.0,-0.016890063881874084,-0.016890063881874084,-0.057874295860528946,0.024094168096780777,-1.0583981488332077,1.0246180210694595
p246,process,,4,post,odor,2.0,0.049707455560564995,0.049707455560564995,0.012755990959703922,0.08665892016142607,-0.8893182934795401,0.98873320460067
p246,process,,2,post,odor,2.0,-0.06138523295521736,-0.06138523295521736,-0.08369180746376514,-0.03907865844666958,-0.6282490382919045,0.5054785723814698
p246,process,,3,post,odor,2.0,-0.20920085348188877,-0.20920085348188877,-0.29421154875308275,-0.12419015821069479,-2.369527451242586,1.9511257442788086
p246,process,,21,post,odor,2.0,0.1859743818640709,0.1859743818640709,0.14443160966038704,0.22751715406775475,-0.8697275559924773,1.241676319720619
p246,process,,1,post,odor,2.0,-0.07144524902105331,-0.07144524902105331,-0.17704738304018974,0.034156884998083115,-2.7550499198692653,2.6121594218271587
p246,process,,22,post,odor,2.0,0.09525341540575027,0.09525341540575027,0.02519591525197029,0.16531091555953026,-1.6850764651112868,1.8755832959227874
p246,process,,10,post,odor,1.0,-0.34262290596961975,-0.34262290596961975,-0.34262290596961975,-0.34262290596961975,,
p246,process,,30,post,odor,2.0,-0.17556199058890343,-0.17556199058890343,-0.23788144998252392,-0.11324253119528294,-1.759249610795038,1.408125629617231
p246,process,,17,post,odor,2.0,0.06897229887545109,0.06897229887545109,0.004325642250478268,0.1336189555004239,-1.5738550102967261,1.7117996080476283
p246,process,,39,post,odor,2.0,0.16025125072337687,0.16025125072337687,0.0833981049945578,0.23710439645219594,-1.7927723577755128,2.1132748592222663
p269,process,,39,pre,odor,2.0,-0.07387834042310715,-0.07387834042310715,-0.1383109875023365,-0.009445693343877792,-1.7112671513878603,1.563510470541646
p269,process,,17,pre,odor,2.0,-0.24218401312828064,-0.24218401312828064,-0.617205336689949,0.13283731043338776,-9.772379448339827,9.288011422083265
p269,process,,32,pre,odor,2.0,0.4394071325659752,0.4394071325659752,0.2960200048983097,0.5827942602336407,-3.2044052687887783,4.083219533920729
p269,process,,30,pre,odor,2.0,0.11645635962486267,0.11645635962486267,0.003226757049560547,0.2296859622001648,-2.7609806654101012,2.9938933846598266
p269,process,,40,pre,odor,2.0,-0.10861985385417938,-0.10861985385417938,-0.22789958864450455,0.010659880936145782,-3.1398053160991615,2.9225656083908027
p269,process,,3,pre,odor,2.0,0.10518287122249603,0.10518287122249603,-0.16016115993261337,0.37052690237760544,-6.637848299534977,6.848214041979969
p269,process,,2,pre,odor,2.0,1.1334640979766846,1.1334640979766846,1.0679924488067627,1.1989357471466064,-0.5303282595593737,2.797256455512743
p269,process,,1,pre,odor,2.0,0.4304860830307007,0.4304860830307007,0.4247291535139084,0.436243012547493,0.28418863284652035,0.576783533214881
p269,process,,4,pre,odor,2.0,0.45137833058834076,0.45137833058834076,0.09328607469797134,0.8094705864787102,-8.648608704975045,9.551365366151726
p269,process,,31,pre,odor,2.0,0.8930799961090088,0.8930799961090088,0.6686556935310364,1.1175042986869812,-4.810082276548862,6.596242268766879
p269,process,,21,pre,odor,2.0,0.08726773411035538,0.08726773411035538,-0.024246904999017715,0.19878237321972847,-2.7465879370983006,2.9211234053190114
p269,process,,12,pre,odor,2.0,0.20703564584255219,0.20703564584255219,-0.07263874262571335,0.4867100343108177,-6.900164432841922,7.314235724527026
p269,process,,22,pre,odor,2.0,0.9744309484958649,0.9744309484958649,0.8452343195676804,1.1036275774240494,-2.3087666882743396,4.257628585266069
p269,process,,10,pre,odor,2.0,0.8827537298202515,0.8827537298202515,0.577129602432251,1.188377857208252,-6.883891739993088,8.649399199633592
p269,process,,0,pre,odor,2.0,0.03323429822921753,0.03323429822921753,-0.24989646673202515,0.3163650631904602,-7.161800635185393,7.228269231643828
p269,process,,18,pre,odor,2.0,-0.3873603045940399,-0.3873603045940399,-0.7432774752378464,-0.03144313395023346,-9.4320731832345,8.65735257404642
p269,process,,12,post,odor,2.0,0.1212424784898758,0.1212424784898758,0.09582455456256866,0.14666040241718292,-0.52468821228788,0.7671731692676316
p269,process,,18,post,odor,2.0,0.1394583061337471,0.1394583061337471,0.12934401258826256,0.14957259967923164,-0.11757026296764655,0.39648687523514076
p269,process,,40,post,odor,2.0,0.05604530684649944,0.05604530684649944,0.050646585412323475,0.06144402828067541,-0.0811492128659296,0.1932398265589285
p269,process,,32,post,odor,2.0,-0.002622842788696289,-0.002622842788696289,-0.036722637712955475,0.0314769521355629,-0.869180794327112,0.8639351087497195
p269,process,,31,post,odor,2.0,0.10440083220601082,0.10440083220601082,0.08756873570382595,0.12123292870819569,-0.3233432963856108,0.5321449607976325
p269,process,,0,post,odor,2.0,-0.016172551549971104,-0.016172551549971104,-0.01782444352284074,-0.014520659577101469,-0.05815110676862132,0.025806003668679113
p269,process,,4,post,odor,2.0,0.09784084558486938,0.09784084558486938,0.09106595814228058,0.10461573302745819,-0.0743253682352753,0.27000705940501407
p269,process,,2,post,odor,2.0,-0.15526043623685837,-0.15526043623685837,-0.18730609491467476,-0.12321477755904198,-0.969617836368675,0.6590969638949583
p269,process,,3,post,odor,2.0,0.06925312103703618,0.06925312103703618,0.02866545203141868,0.10984079004265368,-0.9621773432618996,1.100683585335972
p269,process,,21,post,odor,2.0,0.0017973966896533966,0.0017973966896533966,-0.040370551869273186,0.04396534524857998,-1.0697917786987543,1.073386572078061
p269,process,,1,post,odor,2.0,-0.045705429278314114,-0.045705429278314114,-0.05923879100009799,-0.03217206755653024,-0.3896207588897053,0.2982099003330771
p269,process,,22,post,odor,2.0,-0.10408592224121094,-0.10408592224121094,-0.14694198220968246,-0.06122986227273941,-1.19316166653157,0.9849898220491482
p269,process,,10,post,odor,1.0,-0.09370454400777817,-0.09370454400777817,-0.09370454400777817,-0.09370454400777817,,
p269,process,,30,post,odor,2.0,0.15415550768375397,0.15415550768375397,0.13796602189540863,0.1703449934720993,-0.2572583343164589,0.5655693496839669
p269,process,,17,post,odor,2.0,0.11536769196391106,0.11536769196391106,0.09843452461063862,0.1323008593171835,-0.3149448904812668,0.545680274409089
p269,process,,39,post,odor,2.0,-0.06326178833842278,-0.06326178833842278,-0.10716505907475948,-0.019358517602086067,-1.1789496814656255,1.05242610478878
p291,process,,39,pre,odor,2.0,-0.6102585047483444,-0.6102585047483444,-0.6997806951403618,-0.5207363143563271,-2.8852330638519117,1.6647160543552229
p291,process,,17,pre,odor,2.0,-0.34041730128228664,-0.34041730128228664,-0.49505029898136854,-0.18578430358320475,-4.2700143567482165,3.589179754183643
p291,process,,32,pre,odor,2.0,-0.9400922060012817,-0.9400922060012817,-1.0798002481460571,-0.8003841638565063,-4.4904101795645595,2.610225767561996
p291,process,,30,pre,odor,2.0,1.1395874917507172,1.1395874917507172,0.7313262373209,1.5478487461805344,-9.235314677514811,11.514489661016245
p291,process,,40,pre,odor,2.0,0.0518270805478096,0.0518270805478096,-0.033422503620386124,0.13707666471600533,-2.114570259681894,2.218224420777513
p291,process,,3,pre,odor,2.0,-0.12388309836387634,-0.12388309836387634,-0.326897993683815,0.07913179695606232,-5.282980747220305,5.035214550492553
p291,process,,2,pre,odor,2.0,0.8618901669979095,0.8618901669979095,0.5981248766183853,1.1256554573774338,-5.841021396719698,7.564801730715517
p291,process,,1,pre,odor,2.0,0.5286051034927368,0.5286051034927368,0.46707192063331604,0.5901382863521576,-1.0351013354678147,2.092311542453288
p291,process,,4,pre,odor,2.0,1.172120600938797,1.172120600938797,0.964765653014183,1.379475548863411,-4.097268241839177,6.441509443716771
p291,process,,31,pre,odor,2.0,0.6397727355360985,0.6397727355360985,0.4083341397345066,0.8712113313376904,-5.241639628679517,6.521185099751714
p291,process,,21,pre,odor,2.0,-0.7859436571598053,-0.7859436571598053,-0.9066239148378372,-0.6652633994817734,-3.8527197805025883,2.2808324661829777
p291,process,,12,pre,odor,2.0,0.57553730905056,0.57553730905056,0.4210403338074684,0.7300342842936516,-3.3506030880663094,4.501677706167429
p291,process,,22,pre,odor,2.0,0.5047773867845535,0.5047773867845535,0.4672439619898796,0.5423108115792274,-0.44903737299733115,1.4585921465664382
p291,process,,10,pre,odor,2.0,1.2657118439674377,1.2657118439674377,1.1903412640094757,1.3410824239253998,-0.6496361960927433,3.1810598840276185
p291,process,,0,pre,odor,2.0,0.2829660624265671,0.2829660624265671,0.20998721569776535,0.3559449091553688,-1.5716022734655677,2.137534398318702
p291,process,,18,pre,odor,2.0,-0.06152339279651642,-0.06152339279651642,-0.16852613538503647,0.04547934979200363,-2.7807209021203865,2.6576741165273536
p291,process,,12,post,odor,2.0,0.04923081770539284,0.04923081770539284,-0.016939522698521614,0.11540115810930729,-1.6323169675636262,1.7307786029744119
p291,process,,18,post,odor,2.0,0.0844942107796669,0.0844942107796669,0.07962846010923386,0.08935996145009995,-0.03915623764773618,0.20814465920706998
p291,process,,40,post,odor,2.0,0.18597137928009033,0.18597137928009033,0.17695379257202148,0.19498896598815918,-0.043187226597770384,0.4151299851579511
p291,process,,32,post,odor,2.0,0.08355702832341194,0.08355702832341194,0.012837698683142662,0.15427635796368122,-1.713591534105166,1.8807055907519898
p291,process,,31,post,odor,2.0,0.008472096174955368,0.008472096174955368,-0.05603497289121151,0.07297916524112225,-1.6308079567956,1.6477521491455107
p291,process,,0,post,odor,2.0,0.12181023880839348,0.12181023880839348,0.07750619389116764,0.16611428372561932,-1.0040622919095092,1.2476827695262962
p291,process,,4,post,odor,2.0,0.0932975634932518,0.0932975634932518,0.0877099446952343,0.0988851822912693,-0.04869729337736567,0.23529242036386927
p291,process,,2,post,odor,2.0,-0.07126196473836899,-0.07126196473836899,-0.07710758969187737,-0.06541633978486061,-0.21981337967870723,0.07728945020196926
p291,process,,3,post,odor,2.0,0.11558983102440834,0.11558983102440834,0.09939881227910519,0.1317808497697115,-0.29586296710572,0.5270426291545367
p291,process,,21,post,odor,2.0,0.09018172323703766,0.09018172323703766,0.07157142460346222,0.1087920218706131,-0.3827508060420857,0.563114252516161
p291,process,,1,post,odor,2.0,0.11936302483081818,0.11936302483081818,0.09898392111063004,0.13974212855100632,-0.39851910358608156,0.6372451532477179
p291,process,,22,post,odor,2.0,-0.10508140176534653,-0.10508140176534653,-0.1919017843902111,-0.01826101914048195,-2.311396515574453,2.10123371204376
p291,process,,10,post,odor,1.0,0.10521622747182846,0.10521622747182846,0.10521622747182846,0.10521622747182846,,
p291,process,,30,post,odor,2.0,0.2172255963087082,0.2172255963087082,0.21612638235092163,0.21832481026649475,0.18929192111571436,0.24515927150170203
p291,process,,17,post,odor,2.0,0.049081914126873016,0.049081914126873016,-0.0035481490194797516,0.10171197727322578,-1.2883748011038485,1.3865386293575945
p291,process,,39,post,odor,2.0,-0.1044148039072752,-0.1044148039072752,-0.16792744304984808,-0.04090216476470232,-1.7184239964679024,1.509594388653352
p313,process,,39,pre,odor,2.0,0.4080274421721697,0.4080274421721697,0.22711725812405348,0.5889376262202859,-4.189336232576649,5.005391116920989
p313,process,,17,pre,odor,2.0,-0.629548966884613,-0.629548966884613,-1.3758737742900848,0.11677584052085876,-19.595460572044754,18.336362638275528
p313,process,,32,pre,odor,2.0,2.7936325073242188,2.7936325073242188,2.7153581380844116,2.871906876564026,0.8044921850123705,4.782772829636067
p313,process,,30,pre,odor,2.0,1.4064774960279465,1.4064774960279465,0.8829317763447762,1.9300232157111168,-11.898080710056625,14.711035702112518
p313,process,,40,pre,odor,2.0,0.32635460793972015,0.32635460793972015,0.19278348237276077,0.45992573350667953,-3.068009528650448,3.720718744529888
p313,process,,3,pre,odor,2.0,-0.12405780702829361,-0.12405780702829361,-0.24815309420228004,3.748014569282532e-05,-3.277618058282424,3.029502444225837
p313,process,,2,pre,odor,2.0,1.2629209160804749,1.2629209160804749,1.1542831361293793,1.3715586960315704,-1.4978268322037547,4.023668664364704
p313,process,,1,pre,odor,2.0,0.1496272087097168,0.1496272087097168,-0.07034873962402344,0.36960315704345703,-5.440491664415664,5.739746081835097
p313,process,,4,pre,odor,2.0,0.3731660917401314,0.3731660917401314,0.11313394829630852,0.6331982351839542,-6.234877213426986,6.981209396907249
p313,process,,31,pre,odor,2.0,0.7046355456113815,0.7046355456113815,0.5842080488801003,0.8250630423426628,-2.3557173130539555,3.7649884042767185
p313,process,,21,pre,odor,2.0,-1.0716975331306458,-1.0716975331306458,-1.190071552991867,-0.9533235132694244,-4.079866596732021,1.9364715304707292
p313,process,,12,pre,odor,2.0,0.9684788286685944,0.9684788286685944,0.7814570516347885,1.1555006057024002,-3.784195149560909,5.721152806898098
p313,process,,22,pre,odor,2.0,0.20552366226911545,0.20552366226911545,0.1940021999180317,0.2170451246201992,-0.08726445671688221,0.4983117812551131
p313,process,,10,pre,odor,2.0,0.6693261563777924,0.6693261563777924,0.10733194649219513,1.2313203662633896,-13.61230082632447,14.950953139080054
p313,process,,0,pre,odor,2.0,0.18710312247276306,0.18710312247276306,0.019132211804389954,0.35507403314113617,-4.081442438875355,4.455648683820881
p313,process,,18,pre,odor,2.0,0.5919699221849442,0.5919699221849442,0.46682067960500717,0.7171191647648811,-2.588373875410798,3.772313719780686
p313,process,,12,post,odor,2.0,0.1346435435116291,0.1346435435116291,0.12130582891404629,0.14798125810921192,-0.20429992126747715,0.47358700829073536
p313,process,,18,post,odor,2.0,0.06779262982308865,0.06779262982308865,0.060235545970499516,0.07534971367567778,-0.12425107945578598,0.25983633910196324
p313,process,,40,post,odor,2.0,0.04919086303561926,0.04919086303561926,0.013891825918108225,0.08448990015313029,-0.8478427221742306,0.9462244482454691
p313,process,,32,post,odor,2.0,0.10588623583316803,0.10588623583316803,0.1038680151104927,0.10790445655584335,0.05459838442296181,0.15717408724337426
p313,process,,31,post,odor,2.0,0.13285494595766068,0.13285494595766068,-0.021232593804597855,0.2869424857199192,-3.7828807090677703,4.048590600983092
p313,process,,0,post,odor,2.0,-0.11317519843578339,-0.11317519843578339,-0.20374179631471634,-0.022608600556850433,-2.414690668252837,2.18834027138127
p313,process,,4,post,odor,2.0,0.11986321955919266,0.11986321955919266,0.10792433097958565,0.13180210813879967,-0.18353270567053648,0.4232591447889218
p313,process,,2,post,odor,2.0,0.19470945745706558,0.19470945745706558,0.05786816403269768,0.3315507508814335,-3.2827575237688826,3.672176438683014
p313,process,,3,post,odor,2.0,0.2345678135752678,0.2345678135752678,0.18282334879040718,0.2863122783601284,-1.0803837134651733,1.5495193406157088
p313,process,,21,post,odor,2.0,0.15674062073230743,0.15674062073230743,0.1449396312236786,0.16854161024093628,-0.14315095683986795,0.4566321983044828
p313,process,,1,post,odor,2.0,0.00455794483423233,0.00455794483423233,-0.07011691108345985,0.07923280075192451,-1.8931100710348543,1.902225960703319
p313,process,,22,post,odor,2.0,0.6118422448635101,0.6118422448635101,0.6033142954111099,0.6203701943159103,0.39512650141961836,0.8285579883074019
p313,process,,10,post,odor,1.0,0.10258801281452179,0.10258801281452179,0.10258801281452179,0.10258801281452179,,
p313,process,,30,post,odor,2.0,0.30959752202033997,0.30959752202033997,0.2545164078474045,0.36467863619327545,-1.0901463055355238,1.7093413495762038
p313,process,,17,post,odor,2.0,0.029339104890823364,0.029339104890823364,-0.1444838047027588,0.20316201448440552,-4.3879198493764555,4.446598059158102
p313,process,,39,post,odor,2.0,0.10077010095119476,0.10077010095119476,0.0994502492249012,0.10208995267748833,0.0672294884398355,0.13431071346255402
p335,process,,39,pre,odor,2.0,-0.5433926060795784,-0.5433926060795784,-0.7729729153215885,-0.3138122968375683,-6.377581431326138,5.290796219166981
p335,process,,17,pre,odor,2.0,-0.5165717899799347,-0.5165717899799347,-1.0207208544015884,-0.012422725558280945,-13.32821425016485,12.29507067020498
p335,process,,32,pre,odor,2.0,-0.38861098885536194,-0.38861098885536194,-1.0254627019166946,0.24824072420597076,-16.57254749433711,15.795325516626384
p335,process,,30,pre,odor,2.0,1.6255263611674309,1.6255263611674309,0.7247226424515247,2.526330079883337,-21.266066593056216,24.517119315391078
p335,process,,40,pre,odor,2.0,0.6466722190380096,0.6466722190380096,0.5343994051218033,0.758945032954216,-2.206450500813513,3.4997949388895324
p335,process,,3,pre,odor,2.0,2.2628880739212036,2.2628880739212036,2.138156831264496,2.3876193165779114,-0.906833338466027,5.432609486308435
p335,process,,2,pre,odor,2.0,0.15027356520295143,0.15027356520295143,0.02069786749780178,0.2798492629081011,-3.1425571225456737,3.4431042529515765
p335,process,,1,pre,odor,2.0,-0.5490558594465256,-0.5490558594465256,-0.6006159409880638,-0.49749577790498734,-1.8593217640078186,0.7612100451147674
p335,process,,4,pre,odor,2.0,1.907243400812149,1.907243400812149,1.3715929836034775,2.4428938180208206,-11.704924335329398,15.519411136953696
p335,process,,31,pre,odor,2.0,-0.30306124687194824,-0.30306124687194824,-0.8063862919807434,0.20026379823684692,-13.093763390865378,12.487640897121482
p335,process,,21,pre,odor,2.0,-0.135701484978199,-0.135701484978199,-0.16065983846783638,-0.11074313148856163,-0.7699533836125042,0.4985504136561062
p335,process,,12,pre,odor,2.0,0.08038420975208282,0.08038420975208282,-0.0954032763838768,0.25617169588804245,-4.386799368049864,4.54756778755403
p335,process,,22,pre,odor,2.0,0.543793136253953,0.543793136253953,0.2863608216866851,0.8012254508212209,-5.998182252944113,7.085768525452019
p335,process,,10,pre,odor,2.0,0.856874018907547,0.856874018907547,0.6079861372709274,1.1057619005441666,-5.4679667419478575,7.1817147797629515
p335,process,,0,pre,odor,2.0,0.6375385224819183,0.6375385224819183,0.5585613399744034,0.7165157049894333,-1.369461978371521,2.6445390233353576
p335,process,,18,pre,odor,2.0,0.2195000946521759,0.2195000946521759,0.14113062620162964,0.29786956310272217,-1.7720569277434721,2.211057117047824
p335,process,,12,post,odor,2.0,0.06777217984199524,0.06777217984199524,0.06638370081782341,0.06916065886616707,0.03248758233597262,0.10305677734801785
p335,process,,18,post,odor,2.0,0.05848907772451639,0.05848907772451639,0.039098532404750586,0.0778796230442822,-0.43427139983352026,0.551249555282553
p335,process,,40,post,odor,2.0,-0.12878421694040298,-0.12878421694040298,-0.15316345915198326,-0.10440497472882271,-0.7483195026466657,0.4907510687658597
p335,process,,32,post,odor,2.0,-0.009229524526745081,-0.009229524526745081,-0.020309656159952283,0.001850607106462121,-0.2908023665973378,0.27234331754384766
p335,process,,31,post,odor,2.0,0.022465499583631754,0.022465499583631754,0.005211898824200034,0.039719100343063474,-0.4159900677874855,0.460921066954749
p335,process,,0,post,odor,2.0,-0.002337634563446045,-0.002337634563446045,-0.1145867109298706,0.10991144180297852,-2.8548571260800433,2.850181856953151
p335,process,,4,post,odor,2.0,0.049950357526540756,0.049950357526540756,0.0015868786722421646,0.09831383638083935,-1.179082170626206,1.2789828856792875
p335,process,,2,post,odor,2.0,0.19489924609661102,0.19489924609661102,0.191946379840374,0.19785211235284805,0.11985979967603226,0.26993869251718977
p335,process,,3,post,odor,2.0,0.12608959525823593,0.12608959525823593,0.09664517268538475,0.1555340178310871,-0.6221641278399456,0.8743433183564174
p335,process,,21,post,odor,2.0,0.15583833307027817,0.15583833307027817,0.13828052952885628,0.17339613661170006,-0.29034775995940104,0.6020244260999574
p335,process,,1,post,odor,2.0,0.09271391853690147,0.09271391853690147,0.019791359081864357,0.1656364779919386,-1.7604240221062453,1.9458518591800482
p335,process,,22,post,odor,2.0,0.2109495922923088,0.2109495922923088,0.19506080821156502,0.2268383763730526,-0.19282269478529884,0.6147218793699165
p335,process,,10,post,odor,1.0,0.20447050034999847,0.20447050034999847,0.20447050034999847,0.20447050034999847,,
p335,process,,30,post,odor,2.0,0.0258340984582901,0.0258340984582901,-0.09847220033407211,0.1501403972506523,-3.133088466445429,3.184756663362009
p335,process,,17,post,odor,2.0,-0.05269169062376022,-0.05269169062376022,-0.1499362848699093,0.04455290362238884,-2.523911138579371,2.4185277573318507
p335,process,,39,post,odor,2.0,0.18520430848002434,0.18520430848002434,0.13537265546619892,0.23503596149384975,-1.0811380625913407,1.4515466795513894
p358,process,,39,pre,odor,2.0,0.018954724073410034,0.018954724073410034,-0.08733469247817993,0.125244140625,-2.6821154519127046,2.7200249000595247
p358,process,,17,pre,odor,2.0,-1.061781257390976,-1.061781257390976,-1.3832856863737106,-0.7402768284082413,-9.231983453874104,7.108420939092152
p358,process,,32,pre,odor,2.0,3.317694067955017,3.317694067955017,3.195135176181793,3.440252959728241,0.20317732573649927,6.432210810173535
p358,process,,30,pre,odor,2.0,2.561884641647339,2.561884641647339,2.4254881143569946,2.698281168937683,-0.904279760461367,6.028049043756045
p358,process,,40,pre,odor,2.0,0.0043697357177734375,0.0043697357177734375,-0.24303390085697174,0.2517733722925186,-6.282752781867966,6.291492253303513
p358,process,,3,pre,odor,2.0,-0.2637780010700226,-0.2637780010700226,-0.5636765211820602,0.036120519042015076,-7.884921994308732,7.3573659921686865
p358,process,,2,pre,odor,2.0,0.6377453505992889,0.6377453505992889,0.6249500662088394,0.6505406349897385,0.3125863443540252,0.9629043568445527
p358,process,,1,pre,odor,2.0,0.7840063273906708,0.7840063273906708,0.7514886409044266,0.816524013876915,-0.042346436691249045,1.6103590914725907
p358,process,,4,pre,odor,2.0,0.07217547297477722,0.07217547297477722,-0.30214129388332367,0.4464922398328781,-9.440115478789222,9.584466424738777
p358,process,,31,pre,odor,2.0,2.706185221672058,2.706185221672058,2.6264379620552063,2.78593248128891,0.6796152059908676,4.732755237353249
p358,process,,21,pre,odor,2.0,-0.6441234946250916,-0.6441234946250916,-0.7181423008441925,-0.5701046884059906,-2.5251197069193667,1.2368727176691834
p358,process,,12,pre,odor,2.0,0.3643527962267399,0.3643527962267399,0.12400432489812374,0.604701267555356,-5.743480973229279,6.472186565682759
p358,process,,22,pre,odor,2.0,0.7560129761695862,0.7560129761695862,0.6443207561969757,0.8677051961421967,-2.082355452650112,3.594381404989284
p358,process,,10,pre,odor,2.0,0.690692350268364,0.690692350268364,0.20117957144975662,1.1802051290869713,-11.749006827017682,13.13039152755441
p358,process,,0,pre,odor,2.0,0.03106451779603958,0.03106451779603958,-0.10758225992321968,0.16971129551529884,-3.4922841696275846,3.5544132052196638
p358,process,,18,pre,odor,2.0,-0.49057571217417717,-0.49057571217417717,-0.7950502242892981,-0.18610120005905628,-8.228006687937434,7.2468552635890795
p358,process,,12,post,odor,2.0,0.05562407150864601,0.05562407150864601,-0.020390639081597328,0.13163878209888935,-1.8760928799327508,1.9873410229500428
p358,process,,18,post,odor,2.0,-0.09463980793952942,-0.09463980793952942,-0.09518799185752869,-0.09409162402153015,-0.1085704821298836,-0.08070913374917524
p358,process,,40,post,odor,2.0,0.06475285813212395,0.06475285813212395,0.0021341685205698013,0.1273715477436781,-1.5265389228986406,1.6560446391628885
p358,process,,32,post,odor,2.0,-0.029152123257517815,-0.029152123257517815,-0.0637217415496707,0.005417495034635067,-0.9076494186005262,0.8493451720854905
p358,process,,31,post,odor,2.0,-0.09312332142144442,-0.09312332142144442,-0.13015167647972703,-0.0560949663631618,-1.0341030422500619,0.8478563994071731
p358,process,,0,post,odor,2.0,0.08766762912273407,0.08766762912273407,0.07883450016379356,0.09650075808167458,-0.13680346090392934,0.3121387191493975
p358,process,,4,post,odor,2.0,0.1911519393324852,0.1911519393324852,0.18081792816519737,0.20148595049977303,-0.07146018394246428,0.4537640626074347
p358,process,,2,post,odor,2.0,0.08930803183466196,0.08930803183466196,0.03538623219355941,0.1432298314757645,-1.2809748201310183,1.4595908838003422
p358,process,,3,post,odor,2.0,-0.08954589627683163,-0.08954589627683163,-0.16458624135702848,-0.01450555119663477,-1.9965018724011931,1.81741007984753
p358,process,,21,post,odor,2.0,0.015165325254201889,0.015165325254201889,0.011836658231914043,0.018493992276489735,-0.06942412411328278,0.09975477462168655
p358,process,,1,post,odor,2.0,-0.02729611354880035,-0.02729611354880035,-0.0376970631768927,-0.016895163920708,-0.29160930439916316,0.23701707730156246
p358,process,,22,post,odor,2.0,0.02064547874033451,0.02064547874033451,0.004795302636921406,0.036495654843747616,-0.3821456866084466,0.42343664408911563
p358,process,,10,post,odor,1.0,-0.002215069718658924,-0.002215069718658924,-0.002215069718658924,-0.002215069718658924,,
p358,process,,30,post,odor,2.0,0.12609849777072668,0.12609849777072668,0.07386278221383691,0.17833421332761645,-1.201336895042127,1.4535338905835804
p358,process,,17,post,odor,2.0,0.09580158907920122,0.09580158907920122,0.06110032228752971,0.13050285587087274,-0.7860412118399951,0.9776443899983975
p358,process,,39,post,odor,2.0,-0.05386391654610634,-0.05386391654610634,-0.0727860126644373,-0.03494182042777538,-0.5347199711802855,0.42699213808807285
p380,process,,39,pre,odor,2.0,0.2802947759628296,0.2802947759628296,0.2092675119638443,0.3513220399618149,-1.5246791404800448,2.085268692405704
p380,process,,17,pre,odor,2.0,0.13241994380950928,0.13241994380950928,-0.3215569257736206,0.5863968133926392,-11.404226157012344,11.669066044631363
p380,process,,32,pre,odor,2.0,2.42406564950943,2.42406564950943,2.1161963641643524,2.7319349348545074,-5.399634693639254,10.247765992658113
p380,process,,30,pre,odor,2.0,2.5463660955429077,2.5463660955429077,2.4247196316719055,2.66801255941391,-0.5449636552103558,5.637695846296172
p380,process,,40,pre,odor,2.0,0.225296963006258,0.225296963006258,0.0922469925135374,0.3583469334989786,-3.1558233674387615,3.6064172934512775
p380,process,,3,pre,odor,2.0,0.5731259286403656,0.5731259286403656,0.4551679641008377,0.6910838931798935,-2.424470166762986,3.570722024043717
p380,process,,2,pre,odor,2.0,1.0475042164325714,1.0475042164325714,0.9503664821386337,1.144641950726509,-1.4209996626612482,3.516008095526391
p380,process,,1,pre,odor,2.0,0.36802688986063004,0.36802688986063004,0.2187344990670681,0.517319280654192,-3.42585247609137,4.16190625581263
p380,process,,4,pre,odor,2.0,0.2382771074771881,0.2382771074771881,-0.09051959216594696,0.5670738071203232,-8.117239257011235,8.593793471965611
p380,process,,31,pre,odor,2.0,2.60757839679718,2.60757839679718,2.4573914408683777,2.7577653527259827,-1.2090340246712405,6.4241908182656005
p380,process,,21,pre,odor,2.0,0.12305456213653088,0.12305456213653088,0.034073990769684315,0.21203513350337744,-2.1381561525213812,2.384265276794443
p380,process,,12,pre,odor,2.0,0.603290893137455,0.603290893137455,0.4247279725968838,0.7818538136780262,-3.9344231602181283,5.141004946493038
p380,process,,22,pre,odor,2.0,0.9710234999656677,0.9710234999656677,0.7493758499622345,1.192671149969101,-4.661577340505561,6.603624340436896
p380,process,,10,pre,odor,2.0,0.5150695741176605,0.5150695741176605,-0.02911655604839325,1.0592557042837143,-13.314011194835322,14.344150343070643
p380,process,,0,pre,odor,2.0,-0.11605487018823624,-0.11605487018823624,-0.24485555663704872,0.012745816260576248,-3.3891906545451422,3.1570809141686698
p380,process,,18,pre,odor,2.0,-0.296097531914711,-0.296097531914711,-0.5572367385029793,-0.03495832532644272,-6.932273979020223,6.340078915190801
p380,process,,12,post,odor,2.0,-0.05489979963749647,-0.05489979963749647,-0.09292524447664618,-0.016874354798346758,-1.021217974258204,0.9114183749832109
p380,process,,18,post,odor,2.0,-0.029985676053911448,-0.029985676053911448,-0.04087938484735787,-0.019091967260465026,-0.3068210645855051,0.24684971247768223
p380,process,,40,post,odor,2.0,0.08798152778763324,0.08798152778763324,0.043203593406360596,0.13275946216890588,-1.049933676035259,1.2258967316105254
p380,process,,32,post,odor,2.0,-0.17366332560777664,-0.17366332560777664,-0.21894926205277443,-0.12837738916277885,-1.3244880858868509,0.9771614346712976
p380,process,,31,post,odor,2.0,-0.06018667831085622,-0.06018667831085622,-0.08689392439555377,-0.03347943222615868,-0.7388821516939901,0.6185087950722776
p380,process,,0,post,odor,2.0,0.11254002153873444,0.11254002153873444,0.10142102837562561,0.12365901470184326,-0.17002038564244032,0.3951004287199092
p380,process,,4,post,odor,2.0,0.0053269751369953156,0.0053269751369953156,-0.03760370798408985,0.04825765825808048,-1.0856451232636994,1.09629907353769
p380,process,,2,post,odor,2.0,0.013187049888074398,0.013187049888074398,0.0029212781228125095,0.023452821653336287,-0.2476909457604437,0.2740650455365925
p380,process,,3,post,odor,2.0,0.035070980515229166,0.035070980515229166,0.017518285551886947,0.052623675478571386,-0.41098529123646804,0.4811272522669264
p380,process,,21,post,odor,2.0,0.1532501056790352,0.1532501056790352,0.1294485367834568,0.17705167457461357,-0.4516051091797374,0.7581053205378078
p380,process,,1,post,odor,2.0,-0.07716585509479046,-0.07716585509479046,-0.09410527255386114,-0.060226437635719776,-0.5076372677877589,0.35330555759817794
p380,process,,22,post,odor,2.0,0.2231820896267891,0.2231820896267891,0.1631094180047512,0.283254761248827,-1.3034092397304209,1.749773418983999
p380,process,,10,post,odor,1.0,0.14893636107444763,0.14893636107444763,0.14893636107444763,0.14893636107444763,,
p380,process,,30,post,odor,2.0,-0.12816791981458664,-0.12816791981458664,-0.12818347290158272,-0.12815236672759056,-0.12856316122989006,-0.12777267839928322
p380,process,,17,post,odor,2.0,-0.0341244088485837,-0.0341244088485837,-0.06428994471207261,-0.003958872985094786,-0.8007033581644044,0.732454540467237
p380,process,,39,post,odor,2.0,0.05621778219938278,0.05621778219938278,0.008598502725362778,0.10383706167340279,-1.153902846572656,1.2663384109714215
p402,process,,39,pre,odor,2.0,0.22920652199536562,0.22920652199536562,0.11697307182475924,0.341439972165972,-2.6229158702346047,3.081328914225336
p402,process,,17,pre,odor,2.0,-0.65351901948452,-0.65351901948452,-0.8014439269900322,-0.5055941119790077,-4.412647340174006,3.1056093012049657
p402,process,,32,pre,odor,2.0,3.5684913396835327,3.5684913396835327,3.530694544315338,3.6062881350517273,2.6079836990443734,4.528998980322692
p402,process,,30,pre,odor,2.0,2.8583364486694336,2.8583364486694336,2.5547664165496826,3.1619064807891846,-4.856109511091934,10.5727824084308
p402,process,,40,pre,odor,2.0,0.7474124133586884,0.7474124133586884,0.730803832411766,0.7640209943056107,0.32534835358083847,1.1694764731365384
p402,process,,3,pre,odor,2.0,1.418864220380783,1.418864220380783,1.0854274779558182,1.752300962805748,-7.054566811248717,9.892295252010284
p402,process,,2,pre,odor,2.0,1.2449494004249573,1.2449494004249573,1.0503790080547333,1.4395197927951813,-3.6995530816828603,6.189451882532775
p402,process,,1,pre,odor,2.0,1.595039963722229,1.595039963722229,1.39540296792984,1.794676959514618,-3.4782171191836504,6.668297046628108
p402,process,,4,pre,odor,2.0,1.4574491530656815,1.4574491530656815,0.8554876372218132,2.0594106689095497,-13.839843374154833,16.754741680286195
p402,process,,31,pre,odor,2.0,3.022223472595215,3.022223472595215,3.016040086746216,3.028406858444214,2.865088739474921,3.1793582057155088
p402,process,,21,pre,odor,2.0,2.3204445838928223,2.3204445838928223,2.206563949584961,2.4343252182006836,-0.5735367261094297,5.214425893895074
p402,process,,12,pre,odor,2.0,0.937624029815197,0.937624029815197,0.49185558035969734,1.3833924792706966,-10.390426337602241,12.265674397232635
p402,process,,22,pre,odor,2.0,2.242259919643402,2.242259919643402,2.113212615251541,2.371307224035263,-1.0371430208654795,5.521662860152284
p402,process,,10,pre,odor,2.0,1.5360019505023956,1.5360019505023956,0.9873583763837814,2.08464552462101,-12.4063532093731,15.47835711037789
p402,process,,0,pre,odor,2.0,0.2747439369559288,0.2747439369559288,0.22082147374749184,0.32866640016436577,-1.095555777854566,1.6450436517664235
p402,process,,18,pre,odor,2.0,-0.18986355885863304,-0.18986355885863304,-0.26014467887580395,-0.11958243884146214,-1.975876158910311,1.596149041193045
p402,process,,12,post,odor,2.0,-0.04896456189453602,-0.04896456189453602,-0.057981242425739765,-0.03994788136333227,-0.2781001396348464,0.18017101584577438
p402,process,,18,post,odor,2.0,0.19739167764782906,0.19739167764782906,0.12602810375392437,0.26875525154173374,-1.6161286835543398,2.010912038849998
p402,process,,40,post,odor,2.0,-0.07764763943850994,-0.07764763943850994,-0.08846610318869352,-0.06682917568832636,-0.3525708701199437,0.19727559124292382
p402,process,,32,post,odor,2.0,0.1648285686969757,0.1648285686969757,0.15680280327796936,0.17285433411598206,-0.039125468459835305,0.36878260585378675
p402,process,,31,post,odor,2.0,-0.07186113484203815,-0.07186113484203815,-0.10270810965448618,-0.04101416002959013,-0.8557570897592153,0.712034820075139
p402,process,,0,post,odor,2.0,0.1096201166510582,0.1096201166510582,0.09077883139252663,0.12846140190958977,-0.3691823393240864,0.5884225726262028
p402,process,,4,post,odor,2.0,-0.035089756827801466,-0.035089756827801466,-0.060042852303013206,-0.010136661352589726,-0.669208036646511,0.599028522990908
p402,process,,2,post,odor,2.0,0.18107318505644798,0.18107318505644798,0.14452009834349155,0.2176262717694044,-0.7478288219714945,1.1099751920843905
p402,process,,3,post,odor,2.0,0.07437515631318092,0.07437515631318092,0.0644028764218092,0.08434743620455265,-0.1790445036592333,0.32779481628559515
p402,process,,21,post,odor,2.0,1.2607274055480957,1.2607274055480957,1.1765884160995483,1.344866394996643,-0.8774470469080744,3.398901858004266
p402,process,,1,post,odor,2.0,0.011886890977621078,0.011886890977621078,-0.044152626767754555,0.06792640872299671,-1.4122122806008541,1.4359860625560963
p402,process,,22,post,odor,2.0,-0.06124990899115801,-0.06124990899115801,-0.10265402356162667,-0.019845794420689344,-1.1134282222959753,0.9909284043136593
p402,process,,10,post,odor,1.0,0.11430317908525467,0.11430317908525467,0.11430317908525467,0.11430317908525467,,
p402,process,,30,post,odor,2.0,0.19106394425034523,0.19106394425034523,0.14959160052239895,0.2325362879782915,-0.8628482363422465,1.244976124842937
p402,process,,17,post,odor,2.0,0.11394467670470476,0.11394467670470476,0.04736341116949916,0.18052594223991036,-1.5780457062631639,1.8059350596725734
p402,process,,39,post,odor,2.0,-0.033352214843034744,-0.033352214843034744,-0.10790936090052128,0.04120493121445179,-1.9280289395456425,1.861324509859573
p425,process,,39,pre,odor,2.0,4.905397176742554,4.905397176742554,4.361723303794861,5.449071049690247,-8.910665902022272,18.72146025550738
p425,process,,17,pre,odor,2.0,1.0856398940086365,1.0856398940086365,0.7678551971912384,1.4034245908260345,-6.990034945561488,9.161314733578761
p425,process,,32,pre,odor,2.0,11.805423736572266,11.805423736572266,11.698682308197021,11.91216516494751,9.092866851037108,14.517980622107423
p425,process,,30,pre,odor,2.0,10.942561626434326,10.942561626434326,10.167570352554321,11.717552900314331,-8.751833962902026,30.63695721577068
p425,process,,40,pre,odor,2.0,3.1550902724266052,3.1550902724266052,2.2908968031406403,4.01928374171257,-18.80614803239853,25.11632857725174
p425,process,,3,pre,odor,2.0,8.474925994873047,8.474925994873047,6.923022270202637,10.026829719543457,-30.96268691811558,47.91253890786167
p425,process,,2,pre,odor,2.0,4.426151752471924,4.426151752471924,3.9979593753814697,4.854344129562378,-6.455248267089331,15.307551772033179
p425,process,,1,pre,odor,2.0,3.8467942476272583,3.8467942476272583,3.5206767916679382,4.172911703586578,-4.440636079291851,12.134224574546367
p425,process,,4,pre,odor,2.0,4.88249634206295,4.88249634206295,2.370146967470646,7.394845716655254,-58.96235470267759,68.72734738680349
p425,process,,31,pre,odor,2.0,11.691888809204102,11.691888809204102,11.375922203063965,12.007855415344238,3.662416034382405,19.7213615840258
p425,process,,21,pre,odor,2.0,8.840075016021729,8.840075016021729,8.492650270462036,9.187499761581421,0.011175121032025004,17.668974911011432
p425,process,,12,pre,odor,2.0,3.206514000892639,3.206514000892639,2.0495428442955017,4.363485157489777,-26.194910778251483,32.60793878003676
p425,process,,22,pre,odor,2.0,11.79477310180664,11.79477310180664,11.0089750289917,12.580571174621582,-8.174249287149667,31.76379549076295
p425,process,,10,pre,odor,2.0,3.89106148481369,3.89106148481369,2.850044995546341,4.932077974081039,-22.5636758079158,30.34579877754318
p425,process,,0,pre,odor,2.0,0.22577184438705444,0.22577184438705444,0.05732497572898865,0.39421871304512024,-4.05486895628677,4.506412645060879
p425,process,,18,pre,odor,2.0,-0.21205109357833862,-0.21205109357833862,-0.8215191066265106,0.3974169194698334,-15.700101801457663,15.275999614300986
p425,process,,12,post,odor,2.0,0.08132893592119217,0.08132893592119217,0.059265341609716415,0.10339253023266792,-0.4793601571538283,0.6420180289962126
p425,process,,18,post,odor,2.0,0.11278685554862022,0.11278685554862022,0.10917562805116177,0.11639808304607868,0.021016863685398346,0.2045568474118421
p425,process,,40,post,odor,2.0,0.12331527471542358,0.12331527471542358,0.1151605099439621,0.13147003948688507,-0.08391694680764539,0.33054749623849256
p425,process,,32,post,odor,2.0,0.37122781574726105,0.37122781574726105,0.35639726370573044,0.38605836778879166,-0.005652245433101943,0.748107876927624
p425,process,,31,post,odor,2.0,0.1459052860736847,0.1459052860736847,0.08591090142726898,0.2058996707201004,-1.3786965826026625,1.6705071547500319
p425,process,,0,post,odor,2.0,-0.03923883102834225,-0.03923883102834225,-0.04110686760395765,-0.03737079445272684,-0.08671014139720631,0.008232479340521813
p425,process,,4,post,odor,2.0,0.0269206827506423,0.0269206827506423,0.026312280911952257,0.027529084589332342,0.011459726102120682,0.042381639399163916
p425,process,,2,post,odor,2.0,0.09020444191992283,0.09020444191992283,0.022435597144067287,0.15797328669577837,-1.631965190992204,1.8123740748320496
p425,process,,3,post,odor,2.0,0.026449224445968866,0.026449224445968866,0.008954468881711364,0.04394398001022637,-0.41813466757160567,0.4710331164635434
p425,process,,21,post,odor,2.0,1.3672429621219635,1.3672429621219635,1.1482120007276535,1.5862739235162735,-4.198861515952593,6.93334744019652
p425,process,,1,post,odor,2.0,-0.006165730766952038,-0.006165730766952038,-0.018233540002256632,0.005902078468352556,-0.3128378404887119,0.3005063789548078
p425,process,,22,post,odor,2.0,0.11924276873469353,0.11924276873469353,0.11329219676554203,0.12519334070384502,-0.03197560274006869,0.2704611402094558
p425,process,,10,post,odor,1.0,0.06114425137639046,0.06114425137639046,0.06114425137639046,0.06114425137639046,,
p425,process,,30,post,odor,2.0,0.15306349471211433,0.15306349471211433,0.1296685766428709,0.17645841278135777,-0.44145774283556516,0.7475847322597938
p425,process,,17,post,odor,2.0,0.06500674970448017,0.06500674970448017,0.039193968288600445,0.0908195311203599,-0.590958221256106,0.7209717206650663
p425,process,,39,post,odor,2.0,0.002528611570596695,0.002528611570596695,-0.021847346797585487,0.026904569938778877,-0.6169232237625906,0.621980446903784
p447,process,,39,pre,odor,2.0,-0.45768512785434723,-0.45768512785434723,-0.8792108967900276,-0.03615935891866684,-11.16967057119479,10.254300315486095
p447,process,,17,pre,odor,2.0,0.8208859860897064,0.8208859860897064,0.720729723572731,0.9210422486066818,-1.724325968211791,3.366097940391204
p447,process,,32,pre,odor,2.0,-0.0681009292602539,-0.0681009292602539,-0.5447160005569458,0.408514142036438,-12.180038281744785,12.043836423224278
p447,process,,30,pre,odor,2.0,-0.9974738359451294,-0.9974738359451294,-1.6648518443107605,-0.3300958275794983,-17.957157057373564,15.962209385483305
p447,process,,40,pre,odor,2.0,-0.7477160766720772,-0.7477160766720772,-1.0621353425085545,-0.4332968108355999,-8.737867206104111,7.242435052759957
p447,process,,3,pre,odor,2.0,-2.0589239299297333,-2.0589239299297333,-2.621027335524559,-1.4968205243349075,-16.34332583870753,12.225477978848064
p447,process,,2,pre,odor,2.0,-0.10609762370586395,-0.10609762370586395,-0.3916126415133476,0.17941739410161972,-7.361722166734767,7.149526919323039
p447,process,,1,pre,odor,2.0,0.11335199268069118,0.11335199268069118,0.05476235138485208,0.17194163397653028,-1.3755519627672432,1.6022559481286256
p447,process,,4,pre,odor,2.0,0.058094173669815063,0.058094173669815063,-0.16870005428791046,0.2848884016275406,-5.705293613157255,5.821481960496885
p447,process,,31,pre,odor,2.0,-0.5335849225521088,-0.5335849225521088,-1.1187422722578049,0.05157242715358734,-15.403843099028002,14.336673253923784
p447,process,,21,pre,odor,2.0,-0.2824200987815857,-0.2824200987815857,-0.533484548330307,-0.03135564923286438,-6.662572694663696,6.097732497100525
p447,process,,12,pre,odor,2.0,-0.39171280711889267,-0.39171280711889267,-0.4911638908088207,-0.2922617234289646,-2.919004468316232,2.135578854078447
p447,process,,22,pre,odor,2.0,-0.018213093280792236,-0.018213093280792236,-0.40821337699890137,0.3717871904373169,-9.929059997457818,9.892633810896234
p447,process,,10,pre,odor,2.0,0.16213326156139374,0.16213326156139374,-0.11740314215421677,0.44166966527700424,-6.94156029208767,7.265826815210457
p447,process,,0,pre,odor,2.0,0.6819219645112753,0.6819219645112753,0.322944232262671,1.0408996967598796,-8.440567158845658,9.804411087868209
p447,process,,18,pre,odor,2.0,-1.1183059811592102,-1.1183059811592102,-1.2247587144374847,-1.0118532478809357,-3.823526428677517,1.5869144663590964
p447,process,,12,post,odor,2.0,0.05315876565873623,0.05315876565873623,0.00497885886579752,0.10133867245167494,-1.17120875410305,1.2775262854205225
p447,process,,18,post,odor,2.0,0.380783386528492,0.380783386528492,0.2622385136783123,0.49932825937867165,-2.6317274631878673,3.3932942362448513
p447,process,,40,post,odor,2.0,0.07663634698837996,0.07663634698837996,0.03263761522248387,0.12063507875427604,-1.0414774409106375,1.1947501348873975
p447,process,,32,post,odor,2.0,-0.0494810976088047,-0.0494810976088047,-0.09408178366720676,-0.004880411550402641,-1.1828919944726226,1.0839297992550132
p447,process,,31,post,odor,2.0,-0.09722451865673065,-0.09722451865673065,-0.09800288453698158,-0.09644615277647972,-0.11700467112497298,-0.07744436618848832
p447,process,,0,post,odor,2.0,-0.027848724275827408,-0.027848724275827408,-0.08576816506683826,0.03007071651518345,-1.499721270066491,1.4440238215148362
p447,process,,4,post,odor,2.0,-0.047286733984947205,-0.047286733984947205,-0.16958355158567429,0.07501008361577988,-3.155143540019849,3.0605700720499547
p447,process,,2,post,odor,2.0,0.013757881708443165,0.013757881708443165,-0.00441610487177968,0.03193186828866601,-0.44808690701316245,0.4756026704300488
p447,process,,3,post,odor,2.0,0.2721467353403568,0.2721467353403568,0.18349788151681423,0.3607955891638994,-1.9806342372779535,2.524927707958667
p447,process,,21,post,odor,2.0,0.14093728363513947,0.14093728363513947,-0.012323923408985138,0.29419849067926407,-3.7537992659966735,4.035673833266952
p447,process,,1,post,odor,2.0,0.6614269092679024,0.6614269092679024,0.4462531916797161,0.8766006268560886,-4.806655709770754,6.129509528306559
p447,process,,22,post,odor,2.0,0.05821991711854935,0.05821991711854935,0.012299273163080215,0.10414056107401848,-1.108734290311798,1.2251741245488967
p447,process,,10,post,odor,1.0,-0.1775083839893341,-0.1775083839893341,-0.1775083839893341,-0.1775083839893341,,
p447,process,,30,post,odor,2.0,0.3671392947435379,0.3671392947435379,0.2466234490275383,0.4876551404595375,-2.695458724497928,3.4297373139850036
p447,process,,17,post,odor,2.0,0.1555660180747509,0.1555660180747509,0.09383996017277241,0.2172920759767294,-1.4130418404442742,1.724173876593776
p447,process,,39,post,odor,2.0,0.01469944417476654,0.01469944417476654,-0.04681286960840225,0.07621175795793533,-1.5484766612747598,1.5778755496242929
p469,process,,39,pre,odor,2.0,-0.025249779224395752,-0.025249779224395752,-0.14558476209640503,0.09508520364761353,-3.0832516378160455,3.032752079367254
p469,process,,17,pre,odor,2.0,-0.1469607362523675,-0.1469607362523675,-0.22971130954101682,-0.06421016296371818,-2.2498521887351814,1.9559307162304465
p469,process,,32,pre,odor,2.0,0.8197036683559418,0.8197036683559418,0.7848387807607651,0.8545685559511185,-0.06629713142012306,1.7057044681320066
p469,process,,30,pre,odor,2.0,0.28022629022598267,0.28022629022598267,0.26742830872535706,0.2930242717266083,-0.0450012560874678,0.6054538365394331
p469,process,,40,pre,odor,2.0,0.5486948788166046,0.5486948788166046,0.5375397354364395,0.5598500221967697,0.2652158075170815,0.8321739501161277
p469,process,,3,pre,odor,2.0,-0.2161189168691635,-0.2161189168691635,-0.47862424701452255,0.046386413276195526,-6.887011855197287,6.45477402145896
p469,process,,2,pre,odor,2.0,0.4323928654193878,0.4323928654193878,0.35009826719760895,0.5146874636411667,-1.6589111619549328,2.5236968927937085
p469,process,,1,pre,odor,2.0,-0.060568973422050476,-0.060568973422050476,-0.2211242839694023,0.09998633712530136,-4.140666268011572,4.019528321167471
p469,process,,4,pre,odor,2.0,0.12678074836730957,0.12678074836730957,-0.276303231716156,0.5298647284507751,-10.116554405258041,10.37011590199266
p469,process,,31,pre,odor,2.0,0.43964584171772003,0.43964584171772003,0.3695630058646202,0.5097286775708199,-1.3413278799647013,2.2206195634001413
p469,process,,21,pre,odor,2.0,-0.657935306429863,-0.657935306429863,-0.826093278825283,-0.4897773340344429,-4.931234556982302,3.615363944122576
p469,process,,12,pre,odor,2.0,0.4678148329257965,0.4678148329257965,-0.006401494145393372,0.9420311599969864,-11.583164649080844,12.518794314932437
p469,process,,22,pre,odor,2.0,0.5378659889101982,0.5378659889101982,0.31674622371792793,0.7589857541024685,-5.081320026585524,6.15705200440592
p469,process,,10,pre,odor,2.0,1.2356285005807877,1.2356285005807877,0.8396129235625267,1.6316440775990486,-8.828081500035976,11.299338501197552
p469,process,,0,pre,odor,2.0,0.24250931292772293,0.24250931292772293,0.056868355721235275,0.4281502701342106,-4.475074706442431,4.960093332297877
p469,process,,18,pre,odor,2.0,-0.05289585515856743,-0.05289585515856743,-0.1395461019128561,0.033754391595721245,-2.2548874065586646,2.1490956962415297
p469,process,,12,post,odor,2.0,-0.009364494122564793,-0.009364494122564793,-0.016763765830546618,-0.0019652224145829678,-0.19739781656296895,0.17866882831783937
p469,process,,18,post,odor,2.0,0.12148112058639526,0.12148112058639526,0.08952576667070389,0.15343647450208664,-0.6905814179529973,0.9335436591257879
p469,process,,40,post,odor,2.0,0.029721515253186226,0.029721515253186226,0.02055066917091608,0.03889236133545637,-0.2033317805973539,0.26277481110372636
p469,process,,32,post,odor,2.0,-0.056739999243291095,-0.056739999243291095,-0.08528621414734516,-0.028193784339237027,-0.7821681012707958,0.6686881027842136
p469,process,,31,post,odor,2.0,0.11251539923250675,0.11251539923250675,0.0789725175127387,0.1460582809522748,-0.7398900459128219,0.9649208443778354
p469,process,,0,post,odor,2.0,-0.004231736063957214,-0.004231736063957214,-0.05051570013165474,0.04205222800374031,-1.1804187829557926,1.1719553108278782
p469,process,,4,post,odor,2.0,-0.06070872815325856,-0.06070872815325856,-0.08414356992579997,-0.03727388638071716,-0.6562445231967988,0.5348270668902817
p469,process,,2,post,odor,2.0,0.010647055227309465,0.010647055227309465,0.00828677206300199,0.01300733839161694,-0.049333427014764605,0.07062753746938354
p469,process,,3,post,odor,2.0,0.06684919446706772,0.06684919446706772,-0.0059881918132305145,0.13968658074736595,-1.7841242905835544,1.9178226795176898
p469,process,,21,post,odor,2.0,-0.027413608971983194,-0.027413608971983194,-0.04392688465304673,-0.010900333290919662,-0.4470557323089589,0.3922285143649925
p469,process,,1,post,odor,2.0,0.13286100886762142,0.13286100886762142,0.061174736358225346,0.2045472813770175,-1.6888599016875747,1.9545819194228176
p469,process,,22,post,odor,2.0,0.0021936241537332535,0.0021936241537332535,-0.013061179779469967,0.017448428086936474,-0.38546769981723294,0.38985494812469945
p469,process,,10,post,odor,1.0,-0.15660645067691803,-0.15660645067691803,-0.15660645067691803,-0.15660645067691803,,
p469,process,,30,post,odor,2.0,0.04028657451272011,0.04028657451272011,0.039831386879086494,0.04074176214635372,0.02871915998007296,0.051853989045367255
p469,process,,17,post,odor,2.0,0.025119639933109283,0.025119639933109283,0.02059303969144821,0.029646240174770355,-0.08991217892561756,0.14015145879183613
p469,process,,39,post,odor,2.0,-0.06539729051291943,-0.06539729051291943,-0.07954303827136755,-0.0512515427544713,-0.42487482484317163,0.2940802438173328
p492,process,,39,pre,odor,2.0,-0.23882171511650085,-0.23882171511650085,-0.6428741663694382,0.16523073613643646,-10.506768054662633,10.029124624429631
p492,process,,17,pre,odor,2.0,-1.3808720614761114,-1.3808720614761114,-2.091624523513019,-0.6701195994392037,-19.442804660238473,16.68106053728625
p492,process,,32,pre,odor,2.0,5.092180967330933,5.092180967330933,4.905271649360657,5.2790902853012085,0.3423648448727308,9.841997089789135
p492,process,,30,pre,odor,2.0,3.6050381660461426,3.6050381660461426,3.3121464252471924,3.8979299068450928,-3.8380466822060013,11.048123014298287
p492,process,,40,pre,odor,2.0,-0.2008572220802307,-0.2008572220802307,-0.42661505937576294,0.024900615215301514,-5.9379078250263255,5.536193380865864
p492,process,,3,pre,odor,2.0,0.534229964017868,0.534229964017868,-0.07660417258739471,1.1450641006231308,-14.988537235084072,16.05699716311981
p492,process,,2,pre,odor,2.0,1.6346190571784973,1.6346190571784973,1.4473035037517548,1.8219346106052399,-3.125520487041622,6.394758601398617
p492,process,,1,pre,odor,2.0,0.3600684143602848,0.3600684143602848,0.2391167189925909,0.4810201097279787,-2.7136055946984174,3.433742423418987
p492,process,,4,pre,odor,2.0,1.1286276616156101,1.1286276616156101,0.5065653976053,1.7506899256259203,-14.6794733087111,16.93672863194232
p492,process,,31,pre,odor,2.0,3.6384650468826294,3.6384650468826294,3.3546051383018494,3.9223249554634094,-3.5750991827558165,10.852029276521076
p492,process,,21,pre,odor,2.0,0.4298260658979416,0.4298260658979416,0.3964667543768883,0.4631853774189949,-0.4179144181907276,1.2775665499866107
p492,process,,12,pre,odor,2.0,0.7484454661607742,0.7484454661607742,0.5665784999728203,0.9303124323487282,-3.873232348101433,5.370123280422981
p492,process,,22,pre,odor,2.0,1.927348017692566,1.927348017692566,1.5650350451469421,2.2896609902381897,-7.2798975977809075,11.13459363316604
p492,process,,10,pre,odor,2.0,1.8250807002186775,1.8250807002186775,1.0141895823180676,2.6359718181192875,-18.781616425362763,22.43177782580012
p492,process,,0,pre,odor,2.0,-0.1140822023153305,-0.1140822023153305,-0.3496178612112999,0.12145345658063889,-6.099610811519318,5.871446406888657
p492,process,,18,pre,odor,2.0,-0.41670306771993637,-0.41670306771993637,-0.7382185868918896,-0.09518754854798317,-8.587187092632611,7.753780957192738
p492,process,,12,post,odor,2.0,0.14609215408563614,0.14609215408563614,0.08424636349081993,0.20793794468045235,-1.425558400651008,1.7177427088222803
p492,process,,18,post,odor,2.0,0.04363598581403494,0.04363598581403494,0.032929176930338144,0.05434279469773173,-0.22844982568065603,0.3157217973087259
p492,process,,40,post,odor,2.0,-0.00857410579919815,-0.00857410579919815,-0.04750536009669304,0.030357148498296738,-0.9979110812793001,0.9807628696809038
p492,process,,32,post,odor,2.0,-0.06476966291666031,-0.06476966291666031,-0.08004743978381157,-0.04949188604950905,-0.45301478449189536,0.32347545865857474
p492,process,,31,post,odor,2.0,0.027461102232336998,0.027461102232336998,0.008516483940184116,0.04640572052448988,-0.4539672951052124,0.5088894995698864
p492,process,,0,post,odor,2.0,-0.003920799121260643,-0.003920799121260643,-0.028034132905304432,0.020192534662783146,-0.6166987109848175,0.6088571127422963
p492,process,,4,post,odor,2.0,0.0014580879360437393,0.0014580879360437393,-0.026546749286353588,0.029462925158441067,-0.7102123027660089,0.7131284786380964
p492,process,,2,post,odor,2.0,0.04421244002878666,0.04421244002878666,0.032797898165881634,0.055626981891691685,-0.24585857173062964,0.33428345178820296
p492,process,,3,post,odor,2.0,0.0672146137803793,0.0672146137803793,0.059530084021389484,0.0748991435393691,-0.1280678030575241,0.26249703061828267
p492,process,,21,post,odor,2.0,0.5447447597980499,0.5447447597980499,0.5331229418516159,0.556366577744484,0.2494063633301699,0.8400831562659299
p492,process,,1,post,odor,2.0,0.09628353081643581,0.09628353081643581,0.07251402083784342,0.12005304079502821,-0.5077569897166488,0.7003240513495205
p492,process,,22,post,odor,2.0,0.10606176406145096,0.10606176406145096,0.09708001464605331,0.1150435134768486,-0.12218612986066868,0.3343096579835706
p492,process,,10,post,odor,1.0,0.1248241513967514,0.1248241513967514,0.1248241513967514,0.1248241513967514,,
p492,process,,30,post,odor,2.0,0.06811712589114904,0.06811712589114904,0.03649037191644311,0.09974387986585498,-0.7355948963953317,0.8718291481776298
p492,process,,17,post,odor,2.0,0.11634056270122528,0.11634056270122528,0.1032150462269783,0.12946607917547226,-0.21721043647840654,0.4498915618808571
p492,process,,39,post,odor,2.0,0.003004958853125572,0.003004958853125572,-0.01375820767134428,0.019768125377595425,-0.4229874929198822,0.42899741062613334
p514,process,,39,pre,odor,2.0,0.17382577806711197,0.17382577806711197,0.14255547896027565,0.2050960771739483,-0.6208278671586539,0.9684794232928778
p514,process,,17,pre,odor,2.0,0.5600277036428452,0.5600277036428452,0.13132867962121964,0.9887267276644707,-10.33424743519125,11.45430284247694
p514,process,,32,pre,odor,2.0,5.217156648635864,5.217156648635864,5.038033843040466,5.396279454231262,0.6652145670095759,9.769098730262153
p514,process,,30,pre,odor,2.0,-0.8359938971698284,-0.8359938971698284,-1.211260860785842,-0.4607269335538149,-10.372431638025203,8.700443843685546
p514,process,,40,pre,odor,2.0,-1.5679916739463806,-1.5679916739463806,-1.8035092055797577,-1.3324741423130035,-7.553059625730758,4.417076277837997
p514,process,,3,pre,odor,2.0,1.7429752945899963,1.7429752945899963,1.7161620557308197,1.769788533449173,1.0615862894206893,2.4243642997593033
p514,process,,2,pre,odor,2.0,1.7482895255088806,1.7482895255088806,1.4243240654468536,2.0722549855709076,-6.4844534004854,9.981032451503161
p514,process,,1,pre,odor,2.0,0.1166156530380249,0.1166156530380249,-0.023969143629074097,0.2572004497051239,-3.4559827654532738,3.6892140715293236
p514,process,,4,pre,odor,2.0,-0.24200085550546646,-0.24200085550546646,-0.3365902341902256,-0.14741147682070732,-2.645744878377683,2.16174316736675
p514,process,,31,pre,odor,2.0,3.8294769525527954,3.8294769525527954,3.7200319170951843,3.9389219880104065,1.0482148967881848,6.610739008317406
p514,process,,21,pre,odor,2.0,0.040369629859924316,0.040369629859924316,-0.36077943444252014,0.4415186941623688,-10.153794651643608,10.234533911363457
p514,process,,12,pre,odor,2.0,0.3976435512304306,0.3976435512304306,0.33106816560029984,0.46421893686056137,-1.2941974091820174,2.089484511642879
p514,process,,22,pre,odor,2.0,3.4766128063201904,3.4766128063201904,3.2544559240341187,3.698769688606262,-2.1689288534339877,9.122154466074369
p514,process,,10,pre,odor,2.0,-0.21441476047039032,-0.21441476047039032,-0.49317067116498947,0.06434115022420883,-7.298274105879201,6.86944458493842
p514,process,,0,pre,odor,2.0,-0.25301700830459595,-0.25301700830459595,-0.32622790336608887,-0.17980611324310303,-2.113482251444456,1.607448234835264
p514,process,,18,pre,odor,2.0,-0.4371299594640732,-0.4371299594640732,-0.5629137381911278,-0.3113461807370186,-3.633598849455375,2.7593389305272287
p514,process,,12,post,odor,2.0,0.011290866881608963,0.011290866881608963,-0.033255187794566154,0.05583692155778408,-1.1207317149270173,1.1433134486902352
p514,process,,18,post,odor,2.0,0.23029657639563084,0.23029657639563084,0.13432014640420675,0.3262730063870549,-2.208695762240712,2.6692889150319736
p514,process,,40,post,odor,2.0,-0.043088692240417004,-0.043088692240417004,-0.07647795369848609,-0.009699430782347918,-0.891590276392202,0.805412891911368
p514,process,,32,post,odor,2.0,0.20688321813941002,0.20688321813941002,0.1311559621244669,0.28261047415435314,-1.7175288199297578,2.1312952562085776
p514,process,,31,post,odor,2.0,0.09662403166294098,0.09662403166294098,0.0849853903055191,0.10826267302036285,-0.199141888213684,0.39238995153956596
p514,process,,0,post,odor,2.0,-0.0746399350464344,-0.0746399350464344,-0.08837067149579525,-0.060909198597073555,-0.423571032054505,0.2742911619616362
p514,process,,4,post,odor,2.0,0.026880932971835136,0.026880932971835136,0.0075118402019143105,0.04625002574175596,-0.4653343836053148,0.519096249548985
p514,process,,2,post,odor,2.0,0.0922495061531663,0.0922495061531663,0.034812433179467916,0.14968657912686467,-1.3673649111476693,1.551863923454002
p514,process,,3,post,odor,2.0,0.03636908158659935,0.03636908158659935,0.0059351008385419846,0.06680306233465672,-0.7370316990566326,0.8097698622298313
p514,process,,21,post,odor,2.0,0.8042911887168884,0.8042911887168884,0.7457002401351929,0.862882137298584,-0.6846459880145275,2.2932283654483046
p514,process,,1,post,odor,2.0,0.06586543470621109,0.06586543470621109,0.052897218614816666,0.07883365079760551,-0.26368818273421435,0.39541905214663653
p514,process,,22,post,odor,2.0,0.005096564069390297,0.005096564069390297,-0.020007179118692875,0.03020030725747347,-0.6328500371148809,0.6430431652536615
p514,process,,10,post,odor,1.0,0.11938130110502243,0.11938130110502243,0.11938130110502243,0.11938130110502243,,
p514,process,,30,post,odor,2.0,0.13144471868872643,0.13144471868872643,0.12092636711895466,0.1419630702584982,-0.1358519383764426,0.39874137575389546
p514,process,,17,post,odor,2.0,0.01775228336919099,0.01775228336919099,0.010560046590398997,0.024944520147982985,-0.1650197826755623,0.2005243494139443
p514,process,,39,post,odor,2.0,-0.0021662432700395584,-0.0021662432700395584,-0.02323428262025118,0.018901796080172062,-0.537555886017187,0.5332233994771078
p536,process,,39,pre,odor,2.0,1.0307495296001434,1.0307495296001434,0.7911042124032974,1.2703948467969894,-5.059215399137159,7.120714458337446
p536,process,,17,pre,odor,2.0,1.2461844682693481,1.2461844682693481,1.2158839106559753,1.276485025882721,0.4761742909578047,2.0161946455808915
p536,process,,32,pre,odor,2.0,1.990571677684784,1.990571677684784,1.7901784479618073,2.1909649074077606,-3.101903131522075,7.083046486891643
p536,process,,30,pre,odor,2.0,0.6004121154546738,0.6004121154546738,0.41043514758348465,0.7903890833258629,-4.227360382403347,5.428184613312695
p536,process,,40,pre,odor,2.0,0.910576581954956,0.910576581954956,0.7375227808952332,1.083630383014679,-3.487137471321213,5.308290635231125
p536,process,,3,pre,odor,2.0,1.0588874071836472,1.0588874071836472,0.3258298709988594,1.791944943368435,-17.569870869135755,19.68764568350305
p536,process,,2,pre,odor,2.0,1.838693380355835,1.838693380355835,1.3917218446731567,2.285664916038513,-9.51993030689721,13.19731706760888
p536,process,,1,pre,odor,2.0,0.7213631942868233,0.7213631942868233,0.4737671725451946,0.9689592160284519,-5.5706482939361655,7.013374682509812
p536,process,,4,pre,odor,2.0,1.0062199831008911,1.0062199831008911,0.24503058195114136,1.7674093842506409,-18.337436764928967,20.34987673113075
p536,process,,31,pre,odor,2.0,0.5858097076416016,0.5858097076416016,0.5844734907150269,0.5871459245681763,0.5518532159596009,0.6197661993236022
p536,process,,21,pre,odor,2.0,0.46194976568222046,0.46194976568222046,0.14840641617774963,0.7754931151866913,-7.505942219257348,8.42984175062179
p536,process,,12,pre,odor,2.0,0.5516460239887238,0.5516460239887238,0.010404691100120544,1.092887356877327,-13.202600350736622,14.30589239871407
p536,process,,22,pre,odor,2.0,1.2916005849838257,1.2916005849838257,1.0334552526474,1.5497459173202515,-5.2684943037251415,7.851695473692793
p536,process,,10,pre,odor,2.0,2.173825681209564,2.173825681209564,1.7139412462711334,2.633710116147995,-9.51294588940586,13.860597251824988
p536,process,,0,pre,odor,2.0,-0.15850234031677246,-0.15850234031677246,-0.4635208547115326,0.14651617407798767,-7.909757724764113,7.592753044130568
p536,process,,18,pre,odor,2.0,-0.43941180408000946,-0.43941180408000946,-0.894181452691555,0.015357844531536102,-11.996204330193052,11.117380722033033
p536,process,,12,post,odor,2.0,0.06680248491466045,0.06680248491466045,0.017879393883049488,0.11572557594627142,-1.1764511370336612,1.3100561068629821
p536,process,,18,post,odor,2.0,0.20303341001272202,0.20303341001272202,0.19343175366520882,0.21263506636023521,-0.04096781270306604,0.4470346327285101
p536,process,,40,post,odor,2.0,0.07821854297071695,0.07821854297071695,0.02797222649678588,0.12846485944464803,-1.1986614257420742,1.3550985116835081
p536,process,,32,post,odor,2.0,0.07009080029092729,0.07009080029092729,0.03191974724177271,0.10826185334008187,-0.8999276297849595,1.0401092303668142
p536,process,,31,post,odor,2.0,0.09864502772688866,0.09864502772688866,0.08333614654839039,0.11395390890538692,-0.290390529344652,0.4876805847984293
p536,process,,0,post,odor,2.0,-0.05215986631810665,-0.05215986631810665,-0.09377569984644651,-0.010544032789766788,-1.1097184684734058,1.0053987358371925
p536,process,,4,post,odor,2.0,-0.10118313506245613,-0.10118313506245613,-0.11019700206816196,-0.0921692680567503,-0.33024721434075266,0.1278809442158404
p536,process,,2,post,odor,2.0,0.018620550632476807,0.018620550632476807,-0.02136460319161415,0.058605704456567764,-0.9974985511601997,1.0347396524251533
p536,process,,3,post,odor,2.0,0.30042867362499237,0.30042867362499237,0.29701171070337296,0.3038456365466118,0.21359541270896448,0.38726193454102026
p536,process,,21,post,odor,2.0,0.0432331096380949,0.0432331096380949,0.03098259959369898,0.055483619682490826,-0.26808186785522337,0.35454808713141317
p536,process,,1,post,odor,2.0,0.2969813644886017,0.2969813644886017,0.2508985549211502,0.34306417405605316,-0.874093861875775,1.4680565908529783
p536,process,,22,post,odor,2.0,-0.016537947114557028,-0.016537947114557028,-0.01772932126186788,-0.015346572967246175,-0.04681363478079152,0.013737740551677462
p536,process,,10,post,odor,1.0,0.0602758452296257,0.0602758452296257,0.0602758452296257,0.0602758452296257,,
p536,process,,30,post,odor,2.0,0.18509292602539062,0.18509292602539062,0.12380017340183258,0.24638567864894867,-1.3725036013318836,1.742689453382665
p536,process,,17,post,odor,2.0,0.08985052816569805,0.08985052816569805,0.06540040392428637,0.11430065240710974,-0.5314860407068716,0.7111870970382677
p536,process,,39,post,odor,2.0,-0.029886222444474697,-0.029886222444474697,-0.030365486163645983,-0.02940695872530341,-0.04206546832129647,-0.017706976567652924
p558,process,,39,pre,odor,2.0,0.45934538543224335,0.45934538543224335,0.3556351438164711,0.5630556270480156,-2.176181740984051,3.094872511848538
p558,process,,17,pre,odor,2.0,-0.42104314267635345,-0.42104314267635345,-0.7671515867114067,-0.0749346986413002,-9.216492644332849,8.374406358980142
p558,process,,32,pre,odor,2.0,1.5696154236793518,1.5696154236793518,1.2929669320583344,1.8462639153003693,-5.460689325301763,8.599920172660466
p558,process,,30,pre,odor,2.0,0.04727919399738312,0.04727919399738312,-0.17632221430540085,0.2708806023001671,-5.634971352386947,5.729529740381714
p558,process,,40,pre,odor,2.0,0.6515727080404758,0.6515727080404758,0.3825454767793417,0.92059993930161,-6.185057451979899,7.488202868060851
p558,process,,3,pre,odor,2.0,0.45870381593704224,0.45870381593704224,-0.02940574288368225,0.9468133747577667,-11.945336160183018,12.862743792057103
p558,process,,2,pre,odor,2.0,1.2966707944869995,1.2966707944869995,0.8176293969154358,1.7757121920585632,-10.876925354808094,13.470266943782093
p558,process,,1,pre,odor,2.0,0.5148388221859932,0.5148388221859932,0.38080109283328056,0.6488765515387058,-2.8913828408690847,3.921060485241071
p558,process,,4,pre,odor,2.0,0.6629036068916321,0.6629036068916321,-0.11167803406715393,1.437485247850418,-19.021082222917354,20.346889436700618
p558,process,,31,pre,odor,2.0,0.23390303552150726,0.23390303552150726,0.21955446153879166,0.24825160950422287,-0.13072880187156083,0.5985348729145754
p558,process,,21,pre,odor,2.0,-0.0810365891084075,-0.0810365891084075,-0.10871596960350871,-0.053357208613306284,-0.7844363401908804,0.6223631619740654
p558,process,,12,pre,odor,2.0,0.5284009575843811,0.5284009575843811,-0.05461546778678894,1.1114173829555511,-14.28745117305322,15.344253088221983
p558,process,,22,pre,odor,2.0,0.9461081624031067,0.9461081624031067,0.6984242498874664,1.193792074918747,-5.348136842157907,7.240353166964121
p558,process,,10,pre,odor,2.0,1.3802270740270615,1.3802270740270615,0.92488644272089,1.8355677053332329,-10.191075498123437,12.95152964617756
p558,process,,0,pre,odor,2.0,-0.9478243887424469,-0.9478243887424469,-1.2607736736536026,-0.6348751038312912,-8.900619760983668,7.004970983498774
p558,process,,18,pre,odor,2.0,-0.17788469791412354,-0.17788469791412354,-0.5226848423480988,0.16691544651985168,-8.940087154395512,8.584317758567265
p558,process,,12,post,odor,2.0,0.05858967266976833,0.05858967266976833,0.03841013927012682,0.07876920606940985,-0.4542208930428724,0.571400238382409
p558,process,,18,post,odor,2.0,0.0909988209605217,0.0909988209605217,0.08615768328309059,0.0958399586379528,-0.03202615201037608,0.21402379393141946
p558,process,,40,post,odor,2.0,0.1262201052159071,0.1262201052159071,0.0942738177254796,0.1581663927063346,-0.6856120336122293,0.9380522440440435
p558,process,,32,post,odor,2.0,0.08453893661499023,0.08453893661499023,0.050625622272491455,0.11845225095748901,-0.7772800940210881,0.9463579672510686
p558,process,,31,post,odor,2.0,0.14033649489283562,0.14033649489283562,0.09026057459414005,0.19041241519153118,-1.1322132964423484,1.4128862862280196
p558,process,,0,post,odor,2.0,0.21122919023036957,0.21122919023036957,0.20938897132873535,0.21306940913200378,0.16446479398328384,0.2579935864774553
p558,process,,4,post,odor,2.0,0.09184273332357407,0.09184273332357407,0.06363844498991966,0.12004702165722847,-0.6248961906874585,0.8085816573346066
p558,process,,2,post,odor,2.0,0.02105786232277751,0.02105786232277751,0.005351663799956441,0.03676406084559858,-0.3780744857931606,0.42019021043871563
p558,process,,3,post,odor,2.0,0.05659495946019888,0.05659495946019888,0.023906143847852945,0.08928377507254481,-0.7741066080468635,0.8872965269672612
p558,process,,21,post,odor,2.0,0.07359100691974163,0.07359100691974163,0.06757084745913744,0.07961116638034582,-0.07939575038197008,0.22657776422145334
p558,process,,1,post,odor,2.0,0.04493427835404873,0.04493427835404873,0.008168795146048069,0.08169976156204939,-0.8893652353764496,0.9792337920845471
p558,process,,22,post,odor,2.0,-0.007968544960021973,-0.007968544960021973,-0.10386089235544205,0.0879238024353981,-2.444824142237213,2.428887052317169
p558,process,,10,post,odor,1.0,0.27735435962677,0.27735435962677,0.27735435962677,0.27735435962677,,
p558,process,,30,post,odor,2.0,-0.09435340389609337,-0.09435340389609337,-0.10761975310742855,-0.08108705468475819,-0.4314833022577224,0.24277649446553567
p558,process,,17,post,odor,2.0,0.01662682695314288,0.01662682695314288,0.013061362551525235,0.020192291354760528,-0.07398021437984992,0.10723386828613568
p558,process,,39,post,odor,2.0,0.03571921959519386,0.03571921959519386,0.009788984432816505,0.06164945475757122,-0.6232305340654516,0.6946689732558393
p581,process,,39,pre,odor,2.0,0.42006247863173485,0.42006247863173485,0.23599913157522678,0.6041258256882429,-4.2574306656194025,5.097555622882872
p581,process,,17,pre,odor,2.0,-0.16550108790397644,-0.16550108790397644,-0.4939578026533127,0.1629556268453598,-8.512377617056769,8.181375441248816
p581,process,,32,pre,odor,2.0,10.205663204193115,10.205663204193115,10.117858648300171,10.29346776008606,7.974337876303825,12.436988532082406
p581,process,,30,pre,odor,2.0,2.1351648569107056,2.1351648569107056,1.2807298302650452,2.989599883556366,-19.578087907726573,23.848417621547984
p581,process,,40,pre,odor,2.0,0.459252055734396,0.459252055734396,0.2216522041708231,0.6968519072979689,-5.5787326627685525,6.4972367742373445
p581,process,,3,pre,odor,2.0,2.6314354240894318,2.6314354240894318,1.7930551022291183,3.469815745949745,-18.673828608584927,23.93669945676379
p581,process,,2,pre,odor,2.0,2.15911602973938,2.15911602973938,1.8495255708694458,2.468706488609314,-5.708323479795926,10.026555539274685
p581,process,,1,pre,odor,2.0,0.4632462114095688,0.4632462114095688,0.42506227642297745,0.5014301463961601,-0.5070995797352582,1.4335920025543958
p581,process,,4,pre,odor,2.0,1.1572374887764454,1.1572374887764454,0.6273902039974928,1.687084773555398,-12.307458669838814,14.621933647391705
p581,process,,31,pre,odor,2.0,6.704478979110718,6.704478979110718,6.179961562156677,7.228996396064758,-6.624772395904376,20.03373035412581
p581,process,,21,pre,odor,2.0,3.0900509357452393,3.0900509357452393,2.887585759162903,3.2925161123275757,-2.055077035456619,8.235178906947098
p581,process,,12,pre,odor,2.0,1.424610659480095,1.424610659480095,0.9197669699788094,1.9294543489813805,-11.404683897658188,14.253905216618378
p581,process,,22,pre,odor,2.0,5.277561902999878,5.277561902999878,4.652006983757019,5.903116822242737,-10.619295852242105,21.17441965824186
p581,process,,10,pre,odor,2.0,0.46306805312633514,0.46306805312633514,0.18388331681489944,0.7422527894377708,-6.631688784449758,7.557824890702428
p581,process,,0,pre,odor,2.0,-0.35733533650636673,-0.35733533650636673,-0.6420519985258579,-0.07261867448687553,-7.592671735346184,6.878001062333451
p581,process,,18,pre,odor,2.0,0.16920173540711403,0.16920173540711403,0.047493284568190575,0.2909101862460375,-2.9237032535569143,3.2621067243711424
p581,process,,12,post,odor,2.0,0.11827732436358929,0.11827732436358929,0.08263258356601,0.15392206516116858,-0.7875414243202531,1.0240960730474318
p581,process,,18,post,odor,2.0,0.17853733897209167,0.17853733897209167,0.14004480838775635,0.217029869556427,-0.79965060986397,1.1567252878081533
p581,process,,40,post,odor,2.0,-0.06802861578762531,-0.06802861578762531,-0.09562644083052874,-0.04043079074472189,-0.7693558463241453,0.6332986147488947
p581,process,,32,post,odor,2.0,0.13162963464856148,0.13162963464856148,0.12821137718856335,0.1350478921085596,0.04476347639317603,0.21849579290394694
p581,process,,31,post,odor,2.0,0.2071850523352623,0.2071850523352623,0.18491711094975471,0.22945299372076988,-0.35869699225953144,0.773067096930056
p581,process,,0,post,odor,2.0,0.07462401688098907,0.07462401688098907,0.06277022510766983,0.08647780865430832,-0.2266093934625661,0.37585742722454424
p581,process,,4,post,odor,2.0,0.03530762519221753,0.03530762519221753,0.016646775242406875,0.05396847514202818,-0.43890953483444134,0.5095247852188765
p581,process,,2,post,odor,2.0,0.09849116951227188,0.09849116951227188,0.0811007134616375,0.11588162556290627,-0.34344222055734497,0.5404245595818887
p581,process,,3,post,odor,2.0,0.04936453059781343,0.04936453059781343,0.02380348526639864,0.07492557592922822,-0.6002032199053838,0.6989322811010107
p581,process,,21,post,odor,2.0,1.3529240190982819,1.3529240190982819,1.1580551713705063,1.5477928668260574,-3.5991629327648518,6.3050109709614155
p581,process,,1,post,odor,2.0,-0.04256380721926689,-0.04256380721926689,-0.0882363747805357,0.003108760342001915,-1.2032137957397717,1.118086181301238
p581,process,,22,post,odor,2.0,0.042125239968299866,0.042125239968299866,-0.047056861221790314,0.13130734115839005,-2.224206833078769,2.308457313015369
p581,process,,10,post,odor,1.0,0.08240493386983871,0.08240493386983871,0.08240493386983871,0.08240493386983871,,
p581,process,,30,post,odor,2.0,0.10566435940563679,0.10566435940563679,0.07430184911936522,0.13702686969190836,-0.6913325940698659,0.9026613128811395
p581,process,,17,post,odor,2.0,0.04968306049704552,0.04968306049704552,0.04770620912313461,0.05165991187095642,-0.0005534960827548313,0.09991961707684587
p581,process,,39,post,odor,2.0,0.10260958597064018,0.10260958597064018,0.08977195806801319,0.11544721387326717,-0.2236254709445748,0.42884464288585517
p603,process,,39,pre,odor,2.0,0.22311148047447205,0.22311148047447205,-0.11150453984737396,0.557727500796318,-8.280287843952262,8.726510804901206
p603,process,,17,pre,odor,2.0,0.5783616676926613,0.5783616676926613,0.3963752053678036,0.760348130017519,-4.046352831330908,5.20307616671623
p603,process,,32,pre,odor,2.0,1.8081749975681305,1.8081749975681305,1.3358667939901352,2.280483201146126,-10.19431446890564,13.810664464041901
p603,process,,30,pre,odor,2.0,1.125711441040039,1.125711441040039,0.9125498533248901,1.338873028755188,-4.291238109753446,6.542660991833524
p603,process,,40,pre,odor,2.0,-0.13094709813594818,-0.13094709813594818,-0.3942374214529991,0.13234322518110275,-6.821788604376106,6.55989440810421
p603,process,,3,pre,odor,2.0,0.5768204629421234,0.5768204629421234,0.43157149851322174,0.7220694273710251,-3.114305696559837,4.267946622444084
p603,process,,2,pre,odor,2.0,0.5079931169748306,0.5079931169748306,0.4896809384226799,0.5263052955269814,0.04263653727680228,0.973349696672859
p603,process,,1,pre,odor,2.0,0.47018246352672577,0.47018246352672577,0.37355855852365494,0.5668063685297966,-1.9852637752286983,2.92562870228215
p603,process,,4,pre,odor,2.0,0.32523808628320694,0.32523808628320694,0.042141493409872055,0.6083346791565418,-6.868928452040967,7.519404624607381
p603,process,,31,pre,odor,2.0,1.267548143863678,1.267548143863678,1.2284150421619415,1.3066812455654144,0.27308173949605885,2.262014548231297
p603,process,,21,pre,odor,2.0,-0.00013691559433937073,-0.00013691559433937073,-0.04812434874475002,0.04785051755607128,-1.219613216339568,1.2193393851508894
p603,process,,12,pre,odor,2.0,0.1292819082736969,0.1292819082736969,-0.2791590541601181,0.5377228707075119,-10.250187074374884,10.508750890922277
p603,process,,22,pre,odor,2.0,1.106439858675003,1.106439858675003,1.0250587910413742,1.187820926308632,-0.9616491553277329,3.174528872677739
p603,process,,10,pre,odor,2.0,1.2348068356513977,1.2348068356513977,1.2309869229793549,1.2386267483234406,1.1377336506808287,1.3318800206219668
p603,process,,0,pre,odor,2.0,-0.29316776245832443,-0.29316776245832443,-0.4844970665872097,-0.10183845832943916,-5.155306383041226,4.568970858124577
p603,process,,18,pre,odor,2.0,-0.11683737486600876,-0.11683737486600876,-0.25818365439772606,0.024508904665708542,-3.708786907719166,3.4751121579871485
p603,process,,12,post,odor,2.0,0.18673038855195045,0.18673038855195045,0.1443208809942007,0.2291398961097002,-0.8909973830262823,1.2644581601301832
p603,process,,18,post,odor,2.0,-0.10215768590569496,-0.10215768590569496,-0.11598862893879414,-0.08832674287259579,-0.4536352736515492,0.24931990184015929
p603,process,,40,post,odor,2.0,0.06897435523569584,0.06897435523569584,0.0534222899004817,0.08452642057090998,-0.3262410972034965,0.46418980767488816
p603,process,,32,post,odor,2.0,0.8516233265399933,0.8516233265399933,0.7114569991827011,0.9917896538972855,-2.710340778498883,4.41358743157887
p603,process,,31,post,odor,2.0,0.2624567896127701,0.2624567896127701,0.19142723828554153,0.3334863409399986,-1.5425752533520196,2.0674888325775598
p603,process,,0,post,odor,2.0,-0.021625321358442307,-0.021625321358442307,-0.08856118284165859,0.04531054012477398,-1.7226268417543944,1.6793761990375098
p603,process,,4,post,odor,2.0,0.010729219764471054,0.010729219764471054,-0.03139006532728672,0.05284850485622883,-1.0596232996698987,1.0810817391988408
p603,process,,2,post,odor,2.0,0.11569484882056713,0.11569484882056713,0.08210538048297167,0.1492843171581626,-0.7378944745329237,0.9692841721740579
p603,process,,3,post,odor,2.0,0.04582310584373772,0.04582310584373772,0.02127098839264363,0.07037522329483181,-0.5781053562366805,0.6697515679241559
p603,process,,21,post,odor,2.0,0.39079779386520386,0.39079779386520386,0.3809642493724823,0.4006313383579254,0.1409037346515974,0.6406918530788104
p603,process,,1,post,odor,2.0,-0.027089111506938934,-0.027089111506938934,-0.0806613452732563,0.026483122259378433,-1.3884886523250182,1.3343104293111403
p603,process,,22,post,odor,2.0,-0.06614187732338905,-0.06614187732338905,-0.12802003510296345,-0.004263719543814659,-1.6386149602125752,1.5063312055657971
p603,process,,10,post,odor,1.0,-0.048073623329401016,-0.048073623329401016,-0.048073623329401016,-0.048073623329401016,,
p603,process,,30,post,odor,2.0,0.18996982462704182,0.18996982462704182,0.1188687039539218,0.26107094530016184,-1.6168809678612104,1.996820617115294
p603,process,,17,post,odor,2.0,-0.006584814516827464,-0.006584814516827464,-0.012598245753906667,-0.000571383279748261,-0.15940059144730068,0.14623096241364575
p603,process,,39,post,odor,2.0,0.0023223641328513622,0.0023223641328513622,-0.004681161371991038,0.009325889637693763,-0.1756540937462462,0.1802988220119489
p625,process,,39,pre,odor,2.0,-0.11356224119663239,-0.11356224119663239,-0.3889869526028633,0.16186247020959854,-7.11276778625543,6.885643303862166
p625,process,,17,pre,odor,2.0,-0.0756765604019165,-0.0756765604019165,-0.5012623369693756,0.3499092161655426,-10.890836580141983,10.73948345933815
p625,process,,32,pre,odor,2.0,2.1760103702545166,2.1760103702545166,1.9870877265930176,2.3649330139160156,-2.624969209070249,6.976989949579282
p625,process,,30,pre,odor,2.0,0.4334172010421753,0.4334172010421753,0.0457800030708313,0.8210543990135193,-9.417378000519783,10.284212402604133
p625,process,,40,pre,odor,2.0,0.21933957934379578,0.21933957934379578,-0.0369841605424881,0.47566331923007965,-6.294464256130425,6.7331434148180165
p625,process,,3,pre,odor,2.0,1.1872745752334595,1.1872745752334595,0.9221746325492859,1.452374517917633,-5.5495537193531135,7.924102869820032
p625,process,,2,pre,odor,2.0,1.7978633046150208,1.7978633046150208,1.476389855146408,2.1193367540836334,-6.371551627769984,9.967278237000025
p625,process,,1,pre,odor,2.0,0.37268831580877304,0.37268831580877304,0.11410895362496376,0.6312676779925823,-6.198436317105125,6.943812948722671
p625,process,,4,pre,odor,2.0,0.7942270338535309,0.7942270338535309,-0.08014155924320221,1.668595626950264,-21.425585683682698,23.01403975138976
p625,process,,31,pre,odor,2.0,0.923695296049118,0.923695296049118,0.6871805936098099,1.1602099984884262,-5.086713168569453,6.934103760667689
p625,process,,21,pre,odor,2.0,0.11499707773327827,0.11499707773327827,0.02144683711230755,0.208547318354249,-2.2623399431636426,2.492334098630199
p625,process,,12,pre,odor,2.0,0.0034796595573425293,0.0034796595573425293,-0.4509831666946411,0.45794248580932617,-11.54551577111924,11.552475090233925
p625,process,,22,pre,odor,2.0,1.221942663192749,1.221942663192749,0.8675689697265625,1.5763163566589355,-7.783546741398807,10.227432067784305
p625,process,,10,pre,odor,2.0,2.029007136821747,2.029007136821747,1.5335568487644196,2.524457424879074,-10.561578456484508,14.619592730128002
p625,process,,0,pre,odor,2.0,-1.031816452741623,-1.031816452741623,-1.4415184706449509,-0.622114434838295,-11.443331893348812,9.379698987865567
p625,process,,18,pre,odor,2.0,-0.4393490254878998,-0.4393490254878998,-0.8354397267103195,-0.04325832426548004,-10.504968113142029,9.62627006216623
p625,process,,12,post,odor,2.0,0.015669044107198715,0.015669044107198715,-0.03794708661735058,0.06928517483174801,-1.3468460241880607,1.378184112402458
p625,process,,18,post,odor,2.0,0.1516482848674059,0.1516482848674059,0.10643184464424849,0.1968647250905633,-0.9974104089654792,1.300706978700291
p625,process,,40,post,odor,2.0,0.09715856984257698,0.09715856984257698,0.023005766794085503,0.17131137289106846,-1.7872428247481664,1.9815599644333204
p625,process,,32,post,odor,2.0,0.13237197697162628,0.13237197697162628,0.08836670219898224,0.17637725174427032,-0.9859080844940507,1.2506520384373032
p625,process,,31,post,odor,2.0,-0.02195685514016077,-0.02195685514016077,-0.03270061578950845,-0.011213094490813091,-0.29498170003429824,0.2510679897539767
p625,process,,0,post,odor,2.0,0.10337443556636572,0.10337443556636572,0.060317246709018946,0.1464316244237125,-0.99081247840481,1.1975613495375415
p625,process,,4,post,odor,2.0,-0.12680041044950485,-0.12680041044950485,-0.15634561702609062,-0.09725520387291908,-0.8776152979188525,0.6240144770198428
p625,process,,2,post,odor,2.0,0.14930073358118534,0.14930073358118534,0.10462469514459372,0.19397677201777697,-0.9860250487719009,1.2846265159342716
p625,process,,3,post,odor,2.0,0.022745784372091293,0.022745784372091293,-0.04365692846477032,0.0891484972089529,-1.6647071443130668,1.7101987130572494
p625,process,,21,post,odor,2.0,0.19500228390097618,0.19500228390097618,0.07377471961081028,0.3162298481911421,-2.88568221917628,3.2756867869782322
p625,process,,1,post,odor,2.0,0.14245940744876862,0.14245940744876862,0.11846033483743668,0.16645848006010056,-0.46741485270704397,0.7523336676045812
p625,process,,22,post,odor,2.0,0.2233988307416439,0.2233988307416439,0.1610886249691248,0.285709036514163,-1.36005363265596,1.8068512941392478
p625,process,,10,post,odor,1.0,0.028779668733477592,0.028779668733477592,0.028779668733477592,0.028779668733477592,,
p625,process,,30,post,odor,2.0,-0.0721845030784607,-0.0721845030784607,-0.08556625247001648,-0.05880275368690491,-0.4122469980730386,0.2678779919161172
p625,process,,17,post,odor,2.0,0.032990578562021255,0.032990578562021255,0.03252635337412357,0.03345480374991894,0.021193497999787023,0.04478765912425549
p625,process,,39,post,odor,2.0,-0.03360333573073149,-0.03360333573073149,-0.045935727190226316,-0.021270944271236658,-0.34699911727271854,0.27979244581125556
p648,process,,39,pre,odor,2.0,0.29846420884132385,0.29846420884132385,-0.19965149462223053,0.7965799123048782,-12.359856012181885,12.956784429864532
p648,process,,17,pre,odor,2.0,-0.5982790449634194,-0.5982790449634194,-0.8825510372407734,-0.31400705268606544,-7.822315314236082,6.625757224309243
p648,process,,32,pre,odor,2.0,1.4958125352859497,1.4958125352859497,1.4147021174430847,1.5769229531288147,-0.5653986154102895,3.557023685982189
p648,process,,30,pre,odor,2.0,0.26245224475860596,0.26245224475860596,-0.01699376106262207,0.541898250579834,-6.838944080582971,7.363848570100183
p648,process,,40,pre,odor,2.0,-0.26116999983787537,-0.26116999983787537,-0.549032911658287,0.026692911982536316,-7.576460186920982,7.054120187245231
p648,process,,3,pre,odor,2.0,0.7043339163064957,0.7043339163064957,0.4813862070441246,0.9272816255688667,-4.961304562391179,6.3699723950041705
p648,process,,2,pre,odor,2.0,1.6103053092956543,1.6103053092956543,1.3311820030212402,1.8894286155700684,-5.4828904430257435,8.703501061617052
p648,process,,1,pre,odor,2.0,0.4505704343318939,0.4505704343318939,0.4366399496793747,0.46450091898441315,0.09656325419379658,0.8045776144699912
p648,process,,4,pre,odor,2.0,0.6628842055797577,0.6628842055797577,-0.06061939895153046,1.3863878101110458,-17.723085647490073,19.04885405864959
p648,process,,31,pre,odor,2.0,0.7834419459104538,0.7834419459104538,0.6338705494999886,0.933013342320919,-3.0175276250233782,4.584411516844286
p648,process,,21,pre,odor,2.0,0.09355234354734421,0.09355234354734421,-0.028424452990293503,0.21552914008498192,-3.0061719561925546,3.193276643287243
p648,process,,12,pre,odor,2.0,0.46798548102378845,0.46798548102378845,-0.12116794288158417,1.057138904929161,-14.503822569296178,15.439793531343755
p648,process,,22,pre,odor,2.0,1.090886913239956,1.090886913239956,0.6140348948538303,1.5677389316260815,-11.027071835704545,13.208845662184457
p648,process,,10,pre,odor,2.0,2.0790918469429016,2.0790918469429016,1.5394217669963837,2.6187619268894196,-11.635225204633542,15.793408898519345
p648,process,,0,pre,odor,2.0,-0.6188046634197235,-0.6188046634197235,-0.8279179185628891,-0.4096914082765579,-5.932876329213719,4.695267002374272
p648,process,,18,pre,odor,2.0,-0.30512523651123047,-0.30512523651123047,-0.6892122626304626,0.07896178960800171,-10.065702017270112,9.455451544247651
p648,process,,12,post,odor,2.0,0.015364616876468062,0.015364616876468062,0.010284347110427916,0.02044488664250821,-0.11373727864814076,0.14446651240107689
p648,process,,18,post,odor,2.0,0.020977865904569626,0.020977865904569626,-0.012238921597599983,0.054194653406739235,-0.8231407394565822,0.8650964712657214
p648,process,,40,post,odor,2.0,-0.12452556379139423,-0.12452556379139423,-0.15973822865635157,-0.0893128989264369,-1.0193642219523005,0.770313094369512
p648,process,,32,post,odor,2.0,-0.03317839652299881,-0.03317839652299881,-0.09581844136118889,0.02946164831519127,-1.6250128653174107,1.5586560722714131
p648,process,,31,post,odor,2.0,-0.016756225377321243,-0.016756225377321243,-0.04288008622825146,0.00936763547360897,-0.6806264743198375,0.647114023565195
p648,process,,0,post,odor,2.0,-0.023427829379215837,-0.023427829379215837,-0.03189216007012874,-0.014963498688302934,-0.23852686680606847,0.1916712080476368
p648,process,,4,post,odor,2.0,0.09438389167189598,0.09438389167189598,0.07761832512915134,0.11114945821464062,-0.3316695503482518,0.5204373336920438
p648,process,,2,post,odor,2.0,-0.0570090189576149,-0.0570090189576149,-0.06069984287023544,-0.053318195044994354,-0.15080174751546685,0.03678370960023705
p648,process,,3,post,odor,2.0,0.02681854460388422,0.02681854460388422,0.004085843916982412,0.04955124529078603,-0.5508741536640227,0.6045112428717911
p648,process,,21,post,odor,2.0,0.15088535845279694,0.15088535845279694,0.15063615143299103,0.15113456547260284,0.1445524076221053,0.15721830928348857
p648,process,,1,post,odor,2.0,-0.02431739680469036,-0.02431739680469036,-0.04684147145599127,-0.0017933221533894539,-0.5967084048293143,0.5480736112199336
p648,process,,22,post,odor,2.0,-0.03334186691790819,-0.03334186691790819,-0.04339221166446805,-0.023291522171348333,-0.2887453429557629,0.2220616091199465
p648,process,,10,post,odor,1.0,0.08627505600452423,0.08627505600452423,0.08627505600452423,0.08627505600452423,,
p648,process,,30,post,odor,2.0,-0.03410690790042281,-0.03410690790042281,-0.04546549613587558,-0.02274831966497004,-0.3227560031675591,0.25454218736671347
p648,process,,17,post,odor,2.0,0.08802555128931999,0.08802555128931999,0.06548372842371464,0.11056737415492535,-0.48481648162461155,0.6608675842032515
p648,process,,39,post,odor,2.0,0.020607903599739075,0.020607903599739075,-0.027976758778095245,0.0691925659775734,-1.2140454308216346,1.2552612380211128
p670,process,,39,pre,odor,2.0,1.8363644480705261,1.8363644480705261,1.4675046503543854,2.205224245786667,-7.537251769380008,11.20998066552106
p670,process,,17,pre,odor,2.0,0.49365591211244464,0.49365591211244464,0.2528892040718347,0.7344226201530546,-5.624806259925132,6.612118084150021
p670,process,,32,pre,odor,2.0,5.504150152206421,5.504150152206421,5.48591935634613,5.522380948066711,5.040861702797906,5.967438601614936
p670,process,,30,pre,odor,2.0,4.6794960498809814,4.6794960498809814,4.607622742652893,4.75136935710907,2.8530221364688306,6.505969963293133
p670,process,,40,pre,odor,2.0,1.945964753627777,1.945964753627777,1.6999298632144928,2.1919996440410614,-4.3063746260392115,8.198304133294766
p670,process,,3,pre,odor,2.0,2.8450018167495728,2.8450018167495728,2.0824431777000427,3.607560455799103,-16.533450565454558,22.223454198953704
p670,process,,2,pre,odor,2.0,3.957075357437134,3.957075357437134,3.3817838430404663,4.532366871833801,-10.662468172378963,18.576618887253233
p670,process,,1,pre,odor,2.0,1.9053298830986023,1.9053298830986023,1.4897946417331696,2.320865124464035,-8.65442182067131,12.465081586868514
p670,process,,4,pre,odor,2.0,2.6633765399456024,2.6633765399456024,1.5912135392427444,3.7355395406484604,-24.58286865501825,29.909621734909454
p670,process,,31,pre,odor,2.0,5.642686605453491,5.642686605453491,5.632448792457581,5.652924418449402,5.38251910950007,5.902854101406913
p670,process,,21,pre,odor,2.0,4.027271628379822,4.027271628379822,3.718858301639557,4.335684955120087,-3.8102541174732725,11.864797374232916
p670,process,,12,pre,odor,2.0,2.1941750049591064,2.1941750049591064,1.823331594467163,2.56501841545105,-7.229849592584708,11.618199602502921
p670,process,,22,pre,odor,2.0,5.215725421905518,5.215725421905518,4.666052341461182,5.7653985023498535,-8.752791974273592,19.184242818084627
p670,process,,10,pre,odor,2.0,3.06628954410553,3.06628954410553,2.2237488627433777,3.908830225467682,-18.344699247781733,24.477278335992793
p670,process,,0,pre,odor,2.0,0.31845611706376076,0.31845611706376076,0.11605597101151943,0.5208562631160021,-4.825019271679116,5.461931505806637
p670,process,,18,pre,odor,2.0,0.8525503408163786,0.8525503408163786,0.39835934806615114,1.306741333566606,-10.689537145605273,12.39463782723803
p670,process,,12,post,odor,2.0,0.23040573112666607,0.23040573112666607,0.1307171629741788,0.33009429927915335,-2.302920982476549,2.763732444729881
p670,process,,18,post,odor,2.0,0.8813289105892181,0.8813289105892181,0.832452192902565,0.9302056282758713,-0.3607462529284329,2.123404074106869
p670,process,,40,post,odor,2.0,-0.051575785684690345,-0.051575785684690345,-0.07731001740103238,-0.025841553968348308,-0.7055446195166947,0.602393048147314
p670,process,,32,post,odor,2.0,-0.01949102059006691,-0.01949102059006691,-0.05274808965623379,0.013766048476099968,-0.8646332775497039,0.82565123636957
p670,process,,31,post,odor,2.0,0.05915632285177708,0.05915632285177708,0.054223629646003246,0.06408901605755091,-0.06619529669482327,0.18450794239837742
p670,process,,0,post,odor,2.0,0.15041464567184448,0.15041464567184448,0.1109253317117691,0.18990395963191986,-0.853103970463754,1.153933261807443
p670,process,,4,post,odor,2.0,0.1691747922450304,0.1691747922450304,0.060007515363395214,0.2783420691266656,-2.6050287488524235,2.9433783333424843
p670,process,,2,post,odor,2.0,0.36795082688331604,0.36795082688331604,0.27616433799266815,0.45973731577396393,-1.964565012835076,2.700466666601708
p670,process,,3,post,odor,2.0,0.3550564721226692,0.3550564721226692,0.2871098183095455,0.4230031259357929,-1.3716317168524002,2.081744661097739
p670,process,,21,post,odor,2.0,3.6335948705673218,3.6335948705673218,3.6000495553016663,3.6671401858329773,2.7811275831574314,4.486062157977212
p670,process,,1,post,odor,2.0,0.08054474927484989,0.08054474927484989,0.06748395692557096,0.09360554162412882,-0.25136145393835435,0.41245095248805413
p670,process,,22,post,odor,2.0,0.04457508772611618,0.04457508772611618,0.03275603428483009,0.05639414116740227,-0.25577553789942603,0.3449257133516584
p670,process,,10,post,odor,1.0,0.05473411828279495,0.05473411828279495,0.05473411828279495,0.05473411828279495,,
p670,process,,30,post,odor,2.0,0.7880357503890991,0.7880357503890991,0.7401269674301147,0.8359445333480835,-0.42944185948652636,2.0055133602647244
p670,process,,17,post,odor,2.0,0.4109207093715668,0.4109207093715668,0.40808190405368805,0.4137595146894455,0.3387798262213497,0.4830615925217838
p670,process,,39,post,odor,2.0,-0.026410404592752457,-0.026410404592752457,-0.05589091591536999,0.003070106729865074,-0.7755812297773415,0.7227604205918365
p692,process,,39,pre,odor,2.0,0.18387526273727417,0.18387526273727417,0.17234253883361816,0.19540798664093018,-0.1091990394339839,0.47694956490853224
p692,process,,17,pre,odor,2.0,0.0939449816942215,0.0939449816942215,-0.07858943194150925,0.26647939532995224,-4.2905701856886695,4.4784601490771125
p692,process,,32,pre,odor,2.0,0.9198070764541626,0.9198070764541626,0.8340262770652771,1.005587875843048,-1.2600897224816534,3.0997038753899786
p692,process,,30,pre,odor,2.0,0.7219790071249008,0.7219790071249008,0.5530544295907021,0.8909035846590996,-3.5708015271177898,5.014759541367591
p692,process,,40,pre,odor,2.0,0.3260898292064667,0.3260898292064667,0.07763029634952545,0.5745493620634079,-5.98786555706277,6.640045215475704
p692,process,,3,pre,odor,2.0,0.28312741219997406,0.28312741219997406,0.26287174969911575,0.30338307470083237,-0.2316177774055499,0.797872601805498
p692,process,,2,pre,odor,2.0,0.8272153735160828,0.8272153735160828,0.8214416801929474,0.8329890668392181,0.680491914620797,0.9739388324113686
p692,process,,1,pre,odor,2.0,-0.09485583193600178,-0.09485583193600178,-0.13297966215759516,-0.0567320017144084,-1.0636742161814614,0.8739625523094577
p692,process,,4,pre,odor,2.0,0.25330132246017456,0.25330132246017456,-0.09191852807998657,0.5985211730003357,-8.519566877449657,9.026169522370006
p692,process,,31,pre,odor,2.0,0.5832735598087311,0.5832735598087311,0.5367659777402878,0.6297811418771744,-0.5985961592834439,1.765143278900906
p692,process,,21,pre,odor,2.0,-0.1901032577152364,-0.1901032577152364,-0.28463351479149424,-0.09557300063897856,-2.5923448580635537,2.212138342633081
p692,process,,12,pre,odor,2.0,-0.22306879982352257,-0.22306879982352257,-0.30407881550490856,-0.14205878414213657,-2.281728489680348,1.835590890033303
p692,process,,22,pre,odor,2.0,0.31910688430070877,0.31910688430070877,0.23940959200263023,0.3988041765987873,-1.70619334141558,2.3444071100169976
p692,process,,10,pre,odor,2.0,0.7235972583293915,0.7235972583293915,0.5856924206018448,0.8615020960569382,-2.7808969462209214,4.228091462879704
p692,process,,0,pre,odor,2.0,0.1408725306391716,0.1408725306391716,-0.029597830027341843,0.31134289130568504,-4.191190077517351,4.472935138795695
p692,process,,18,pre,odor,2.0,0.1174852941185236,0.1174852941185236,0.08267075475305319,0.152299833483994,-0.7672360358280373,1.0022066240650847
p692,process,,12,post,odor,2.0,0.21252895891666412,0.21252895891666412,0.19510385394096375,0.2299540638923645,-0.23028494382450665,0.655342861657835
p692,process,,18,post,odor,2.0,0.013111669570207596,0.013111669570207596,-0.0073439572006464005,0.03356729634106159,-0.5067150939442862,0.5329384330847013
p692,process,,40,post,odor,2.0,0.07862715423107147,0.07862715423107147,0.01287783682346344,0.1443764716386795,-1.5922214222585331,1.749475730720676
p692,process,,32,post,odor,2.0,0.22355530969798565,0.22355530969798565,0.08447966445237398,0.3626309549435973,-3.3106919349146993,3.7578025543106706
p692,process,,31,post,odor,2.0,0.16214539110660553,0.16214539110660553,0.11970863491296768,0.20458214730024338,-0.9162748339643783,1.2405656161775893
p692,process,,0,post,odor,2.0,0.3065447211265564,0.3065447211265564,0.22223103046417236,0.39085841178894043,-1.8360693101109473,2.44915875236406
p692,process,,4,post,odor,2.0,0.056921519339084625,0.056921519339084625,-0.0167604498565197,0.13060348853468895,-1.8155148525886466,1.929357891266816
p692,process,,2,post,odor,2.0,-0.04491444444283843,-0.04491444444283843,-0.06174006569199264,-0.02808882319368422,-0.47249402125300805,0.3826651323673312
p692,process,,3,post,odor,2.0,-0.07932689785957336,-0.07932689785957336,-0.25830772519111633,0.0996539294719696,-4.627660969708606,4.46900717398946
p692,process,,21,post,odor,2.0,0.07919350266456604,0.07919350266456604,-0.09681805968284607,0.25520506501197815,-4.393684391575824,4.552071396904956
p692,process,,1,post,odor,2.0,0.38023778796195984,0.38023778796195984,0.34512923657894135,0.41534633934497833,-0.5119550957643245,1.272430671688244
p692,process,,22,post,odor,2.0,0.1246391013264656,0.1246391013264656,-0.017011869698762894,0.2662900723516941,-3.4750533765225398,3.724331579175471
p692,process,,10,post,odor,1.0,0.15409816801548004,0.15409816801548004,0.15409816801548004,0.15409816801548004,,
p692,process,,30,post,odor,2.0,0.051231250166893005,0.051231250166893005,-0.06619686633348465,0.16865936666727066,-2.9329001299074515,3.0353626302412375
p692,process,,17,post,odor,2.0,0.3153246305882931,0.3153246305882931,0.11068875528872013,0.519960505887866,-4.884966025257083,5.515615286433669
p692,process,,39,post,odor,2.0,0.25989510864019394,0.25989510864019394,0.19689539447426796,0.3228948228061199,-1.341079424385287,1.860869641665675
p714,process,,39,pre,odor,2.0,0.21682213991880417,0.21682213991880417,0.2040712721645832,0.22957300767302513,-0.107208132579235,0.5408524124168433
p714,process,,17,pre,odor,2.0,-0.3682756870985031,-0.3682756870985031,-0.4589133784174919,-0.2776379957795143,-2.671597812525054,1.935046438328048
p714,process,,32,pre,odor,2.0,0.46426498144865036,0.46426498144865036,0.320926059037447,0.6076039038598537,-3.1783224081901684,4.106852371087469
p714,process,,30,pre,odor,2.0,0.07456017658114433,0.07456017658114433,0.011717701330780983,0.13740265183150768,-1.5224185367370713,1.67153888989936
p714,process,,40,pre,odor,2.0,-0.11986348778009415,-0.11986348778009415,-0.28077762201428413,0.04105064645409584,-4.209079356827924,3.9693523812677354
p714,process,,3,pre,odor,2.0,0.1541540026664734,0.1541540026664734,-0.15091615915298462,0.4592241644859314,-7.598413867285481,7.906721872618427
p714,process,,2,pre,odor,2.0,0.603227473795414,0.603227473795414,0.3854234479367733,0.8210314996540546,-4.9316976160505375,6.138152563641365
p714,process,,1,pre,odor,2.0,0.048582740128040314,0.048582740128040314,-0.0850786603987217,0.18224414065480232,-3.348075500705732,3.4452409809618127
p714,process,,4,pre,odor,2.0,0.6470839083194733,0.6470839083194733,0.23352764546871185,1.0606401711702347,-9.862377183098628,11.156544999737575
p714,process,,31,pre,odor,2.0,0.4080546051263809,0.4080546051263809,0.3507405146956444,0.46536869555711746,-1.0484345294347577,1.8645437396875195
p714,process,,21,pre,odor,2.0,-0.2868031859397888,-0.2868031859397888,-0.31252552568912506,-0.2610808461904526,-0.9404698162368103,0.3668634443572326
p714,process,,12,pre,odor,2.0,0.2726067826151848,0.2726067826151848,0.11761398985981941,0.42759957537055016,-3.666133532147148,4.211347097377518
p714,process,,22,pre,odor,2.0,0.07927800295874476,0.07927800295874476,0.03274181601591408,0.12581418990157545,-1.1033186349142674,1.261874640831757
p714,process,,10,pre,odor,2.0,0.7531231641769409,0.7531231641769409,0.6374995708465576,0.8687467575073242,-2.185150934199165,3.6913972625530467
p714,process,,0,pre,odor,2.0,-0.07510460913181305,-0.07510460913181305,-0.2502247765660286,0.1000155583024025,-4.525330010836483,4.375120792572857
p714,process,,18,pre,odor,2.0,-0.2557011693716049,-0.2557011693716049,-0.32686374336481094,-0.1845385953783989,-2.0641136387933177,1.552711300050108
p714,process,,12,post,odor,2.0,0.060945479199290276,0.060945479199290276,0.004659396596252918,0.11723156180232763,-1.3694194995035764,1.491310457902157
p714,process,,18,post,odor,2.0,0.06023269146680832,0.06023269146680832,0.04787744581699371,0.07258793711662292,-0.2537438701177439,0.37420925305136055
p714,process,,40,post,odor,2.0,-0.01998736709356308,-0.01998736709356308,-0.08641639724373817,0.046441663056612015,-1.7081090821208558,1.6681343479337296
p714,process,,32,post,odor,2.0,-0.0032399985939264297,-0.0032399985939264297,-0.03513743821531534,0.028657441027462482,-0.8138307953722027,0.8073507981843498
p714,process,,31,post,odor,2.0,0.2104649692773819,0.2104649692773819,0.15732044726610184,0.26360949128866196,-1.1400653852855518,1.5609953238403156
p714,process,,0,post,odor,2.0,0.006316076964139938,0.006316076964139938,-0.036114441230893135,0.04874659515917301,-1.0719456255320117,1.0845777794602915
p714,process,,4,post,odor,2.0,0.09278781339526176,0.09278781339526176,0.0888614859431982,0.09671414084732533,-0.006989627539103677,0.1925652543296272
p714,process,,2,post,odor,2.0,0.11062466353178024,0.11062466353178024,-0.03948071226477623,0.2607300393283367,-3.703914610211196,3.9251639372747564
p714,process,,3,post,odor,2.0,-0.057275764644145966,-0.057275764644145966,-0.15987427160143852,0.04532274231314659,-2.6645510346945516,2.5499995054062596
p714,process,,21,post,odor,2.0,0.03855225071310997,0.03855225071310997,-0.018783798441290855,0.0958882998675108,-1.4184949079252758,1.4955994093514957
p714,process,,1,post,odor,2.0,0.0658382698893547,0.0658382698893547,-0.018243711441755295,0.1499202512204647,-2.0708874689432495,2.202564008721959
p714,process,,22,post,odor,2.0,-0.17858974635601044,-0.17858974635601044,-0.1799112856388092,-0.17726820707321167,-0.21217324374428764,-0.14500624896773323
p714,process,,10,post,odor,1.0,-0.14259439706802368,-0.14259439706802368,-0.14259439706802368,-0.14259439706802368,,
p714,process,,30,post,odor,2.0,0.020574663765728474,0.020574663765728474,0.005145538132637739,0.03600378939881921,-0.3715165946226952,0.41266592215415215
p714,process,,17,post,odor,2.0,-0.07587510719895363,-0.07587510719895363,-0.09145352058112621,-0.060296693816781044,-0.47176012699625064,0.3200099125983434
p714,process,,39,post,odor,2.0,-0.01939702033996582,-0.01939702033996582,-0.054330602288246155,0.015536561608314514,-0.9071435091455385,0.8683494684656069
p737,process,,39,pre,odor,2.0,-0.2407601773738861,-0.2407601773738861,-0.7873456925153732,0.305825337767601,-14.130815099804384,13.649294745056611
p737,process,,17,pre,odor,2.0,-1.7226382493972778,-1.7226382493972778,-2.2560364603996277,-1.189240038394928,-15.27757199920761,11.832295500413055
p737,process,,32,pre,odor,2.0,-0.1870109736919403,-0.1870109736919403,-0.4633571058511734,0.08933515846729279,-7.209632040222352,6.835610092838471
p737,process,,30,pre,odor,2.0,-1.0613026767969131,-1.0613026767969131,-1.3733375146985054,-0.7492678388953209,-8.990859747190342,6.868254393596516
p737,process,,40,pre,odor,2.0,-0.12473363429307938,-0.12473363429307938,-0.2534884996712208,0.004021231085062027,-3.3967049948396304,3.1472377262534716
p737,process,,3,pre,odor,2.0,-0.2819928263197653,-0.2819928263197653,-0.42337076537660323,-0.14061488726292737,-3.874746903988988,3.3107612513494575
p737,process,,2,pre,odor,2.0,0.32817117124795914,0.32817117124795914,0.10269146785140038,0.5536508746445179,-5.401811379169281,6.0581537216651995
p737,process,,1,pre,odor,2.0,-0.38322213292121887,-0.38322213292121887,-0.3958498537540436,-0.37059441208839417,-0.7041229454274771,-0.062321320414960635
p737,process,,4,pre,odor,2.0,0.5818639546632767,0.5818639546632767,0.12584155052900314,1.0378863587975502,-11.006764107762075,12.170492017088629
p737,process,,31,pre,odor,2.0,-0.2452748715877533,-0.2452748715877533,-0.3584303855895996,-0.13211935758590698,-3.1208291274568363,2.6302793842813297
p737,process,,21,pre,odor,2.0,-1.0586870908737183,-1.0586870908737183,-1.120067834854126,-0.9973063468933105,-2.6185196906212838,0.5011455088738472
p737,process,,12,pre,odor,2.0,0.03019636869430542,0.03019636869430542,-0.25955358147621155,0.3199463188648224,-7.3330480096317014,7.393440747020312
p737,process,,22,pre,odor,2.0,-0.23689717054367065,-0.23689717054367065,-0.44238772988319397,-0.03140661120414734,-5.458907407181747,4.985113066094406
p737,process,,10,pre,odor,2.0,1.2285004258155823,1.2285004258155823,1.0379862487316132,1.4190146028995514,-3.6129238525299234,6.069924704161088
p737,process,,0,pre,odor,2.0,-0.32560352236032486,-0.32560352236032486,-0.5803947634994984,-0.07081228122115135,-6.800462872157115,6.149255827436465
p737,process,,18,pre,odor,2.0,-0.2244272120296955,-0.2244272120296955,-0.39335515536367893,-0.05549926869571209,-4.517293279354716,4.068438855295325
p737,process,,12,post,odor,2.0,-0.0025923922657966614,-0.0025923922657966614,-0.04422072321176529,0.03903593868017197,-1.060468583915225,1.0552837993836317
p737,process,,18,post,odor,2.0,-0.009596910327672958,-0.009596910327672958,-0.030344465747475624,0.011150645092129707,-0.5368422842059601,0.5176484635506142
p737,process,,40,post,odor,2.0,0.22920537739992142,0.22920537739992142,0.18520094081759453,0.2732098139822483,-0.8890533836302004,1.3474641384300432
p737,process,,32,post,odor,2.0,-0.2005307823419571,-0.2005307823419571,-0.20662304759025574,-0.19443851709365845,-0.35534992144588656,-0.04571164323802762
p737,process,,31,post,odor,2.0,0.19197982549667358,0.19197982549667358,0.18110817670822144,0.20285147428512573,-0.08429496515504353,0.4682546161483907
p737,process,,0,post,odor,2.0,0.03230130817973986,0.03230130817973986,0.017025465465849265,0.04757715089363046,-0.35589466190085295,0.4204972782603327
p737,process,,4,post,odor,2.0,0.050276484340429306,0.050276484340429306,0.046746766194701195,0.05380620248615742,-0.03942215850079525,0.13997512718165386
p737,process,,2,post,odor,2.0,0.001517176628112793,0.001517176628112793,-0.04095242917537689,0.04398678243160248,-1.077737836179433,1.0807721894356586
p737,process,,3,post,odor,2.0,-0.015427649021148682,-0.015427649021148682,-0.06476638093590736,0.03391108289361,-1.2692437072854692,1.2383884092431718
p737,process,,21,post,odor,2.0,0.043875234201550484,0.043875234201550484,-0.009206113405525684,0.09695658180862665,-1.3050497065335822,1.3928001749366832
p737,process,,1,post,odor,2.0,0.0653923824429512,0.0653923824429512,-0.03347261622548103,0.16425738111138344,-2.447005446202526,2.5777902110884283
p737,process,,22,post,odor,2.0,0.09390870854258537,0.09390870854258537,0.0855675432831049,0.10224987380206585,-0.11806039850786793,0.30587781559303867
p737,process,,10,post,odor,1.0,0.26463666558265686,0.26463666558265686,0.26463666558265686,0.26463666558265686,,
p737,process,,30,post,odor,2.0,-0.10409925132989883,-0.10409925132989883,-0.21511853113770485,0.006920028477907181,-2.9253666491311954,2.7171681464713977
p737,process,,17,post,odor,2.0,0.06977090891450644,0.06977090891450644,0.026823217514902353,0.11271860031411052,-1.0216334108243308,1.1611752286533437
p737,process,,39,post,odor,2.0,-0.03353411331772804,-0.03353411331772804,-0.08602661080658436,0.018958384171128273,-1.3674949537308168,1.3004267270953607
p759,process,,39,pre,odor,2.0,0.19426307827234268,0.19426307827234268,-0.014145318418741226,0.4026714749634266,-5.101896435917307,5.490422592461992
p759,process,,17,pre,odor,2.0,-0.6773096919059753,-0.6773096919059753,-0.9582497179508209,-0.39636966586112976,-7.8166726709300915,6.462053287118141
p759,process,,32,pre,odor,2.0,4.890520334243774,4.890520334243774,4.4608107805252075,5.320229887962341,-6.029434799032963,15.810475467520511
p759,process,,30,pre,odor,2.0,2.4131513983011246,2.4131513983011246,1.423370324075222,3.402932472527027,-22.739570547909352,27.5658733445116
p759,process,,40,pre,odor,2.0,0.8519199229776859,0.8519199229776859,0.390592148527503,1.3132476974278688,-10.871530382318005,12.575370228273377
p759,process,,3,pre,odor,2.0,1.215275913476944,1.215275913476944,0.9990969151258469,1.431454911828041,-4.278353311943478,6.708905138897366
p759,process,,2,pre,odor,2.0,1.3931656181812286,1.3931656181812286,1.066661760210991,1.7196694761514664,-6.904084114860259,9.690415351222716
p759,process,,1,pre,odor,2.0,1.350246250629425,1.350246250629425,1.2134775817394257,1.4870149195194244,-2.1253751661914126,4.825867667450263
p759,process,,4,pre,odor,2.0,1.8282994306646287,1.8282994306646287,0.9216015154961497,2.734997345833108,-21.21307925732227,24.869678118651528
p759,process,,31,pre,odor,2.0,2.11231529712677,2.11231529712677,2.0658573508262634,2.1587732434272766,0.9317069424938771,3.292923651759663
p759,process,,21,pre,odor,2.0,0.5772618129849434,0.5772618129849434,0.23999334499239922,0.9145302809774876,-7.993542597753553,9.14806622372344
p759,process,,12,pre,odor,2.0,0.8317505642771721,0.8317505642771721,0.45198966935276985,1.2115114592015743,-8.818888799127587,10.48238992768193
p759,process,,22,pre,odor,2.0,1.4679063856601715,1.4679063856601715,1.1366615146398544,1.7991512566804886,-6.949823912323684,9.885636683644027
p759,process,,10,pre,odor,2.0,1.5800779461860657,1.5800779461860657,1.3893344700336456,1.7708214223384857,-3.267173373978543,6.427329266350674
p759,process,,0,pre,odor,2.0,0.16906500235199928,0.16906500235199928,0.03521420620381832,0.30291579850018024,-3.2324062375655416,3.57053624226954
p759,process,,18,pre,odor,2.0,0.02861163020133972,0.02861163020133972,-0.23055748641490936,0.2877807468175888,-6.557500083837851,6.614723344240531
p759,process,,12,post,odor,2.0,-0.023267604410648346,-0.023267604410648346,-0.0727933757007122,0.026258166879415512,-1.2818367838676765,1.2353015750463798
p759,process,,18,post,odor,2.0,-0.17972194124013186,-0.17972194124013186,-0.2811784246005118,-0.07826545787975192,-2.7579756400187088,2.398531757538445
p759,process,,40,post,odor,2.0,0.16032447665929794,0.16032447665929794,0.14615045115351677,0.17449850216507912,-0.1998716633651374,0.5205206166837333
p759,process,,32,post,odor,2.0,0.10164791718125343,0.10164791718125343,0.09277772717177868,0.11051810719072819,-0.12376498343706172,0.3270608177995686
p759,process,,31,post,odor,2.0,0.09051629342138767,0.09051629342138767,0.0564825301989913,0.12455005664378405,-0.7743636334711341,0.9553962203139095
p759,process,,0,post,odor,2.0,0.0169860920868814,0.0169860920868814,0.0014132431242614985,0.0325589410495013,-0.37875752240226684,0.41272970657602964
p759,process,,4,post,odor,2.0,-0.006925433874130249,-0.006925433874130249,-0.11181017011404037,0.09795930236577988,-2.6722992986020895,2.658448430853829
p759,process,,2,post,odor,2.0,0.08118148893117905,0.08118148893117905,0.051969047635793686,0.11039393022656441,-0.6611770309541223,0.8235400088164804
p759,process,,3,post,odor,2.0,0.04157290980219841,0.04157290980219841,-0.017035922035574913,0.10018174163997173,-1.4478187235553648,1.5309645431597616
p759,process,,21,post,odor,2.0,1.014847069978714,1.014847069978714,1.004114791750908,1.02557934820652,0.7421140210825254,1.2875801188749025
p759,process,,1,post,odor,2.0,0.09374779276549816,0.09374779276549816,0.07324659544974566,0.11424899008125067,-0.42723702809583464,0.614732613626831
p759,process,,22,post,odor,2.0,0.12428418733179569,0.12428418733179569,0.07528150733560324,0.17328686732798815,-1.1209919819739511,1.3695603566375425
p759,process,,10,post,odor,1.0,0.0414581298828125,0.0414581298828125,0.0414581298828125,0.0414581298828125,,
p759,process,,30,post,odor,2.0,0.20103757083415985,0.20103757083415985,0.18225351721048355,0.21982162445783615,-0.2763104914012706,0.6783856330695903
p759,process,,17,post,odor,2.0,0.14842012897133827,0.14842012897133827,0.09005956910550594,0.2067806888371706,-1.3346623153747528,1.6315025733174293
p759,process,,39,post,odor,2.0,0.04761353973299265,0.04761353973299265,0.025855147745460272,0.06937193172052503,-0.5053196269140661,0.6005467063800514
p781,process,,39,pre,odor,2.0,1.7778956890106201,1.7778956890106201,1.640949010848999,1.9148423671722412,-1.702249372310543,5.258040750331784
p781,process,,17,pre,odor,2.0,0.3007159158587456,0.3007159158587456,0.26100437715649605,0.3404274545609951,-0.7084499664198696,1.3098817981373607
p781,process,,32,pre,odor,2.0,8.297072410583496,8.297072410583496,8.047112941741943,8.547031879425049,1.9450000368909999,14.649144784275993
p781,process,,30,pre,odor,2.0,6.277608156204224,6.277608156204224,5.602437853813171,6.952778458595276,-10.880096031727152,23.4353123441356
p781,process,,40,pre,odor,2.0,2.2478067278862,2.2478067278862,1.9318360388278961,2.563777416944504,-5.781769803723803,10.277383259496203
p781,process,,3,pre,odor,2.0,4.444127559661865,4.444127559661865,3.6003737449645996,5.287881374359131,-16.997689873281857,25.885944992605587
p781,process,,2,pre,odor,2.0,4.499715685844421,4.499715685844421,4.097010433673859,4.902420938014984,-5.7339950789796355,14.733426450668478
p781,process,,1,pre,odor,2.0,3.9182382822036743,3.9182382822036743,3.89766389131546,3.9388126730918884,3.3953934363082032,4.441083128099145
p781,process,,4,pre,odor,2.0,3.8993659615516663,3.8993659615516663,2.86100110411644,4.937730818986893,-22.48798697729,30.286718900393332
p781,process,,31,pre,odor,2.0,6.460646390914917,6.460646390914917,5.986397385597229,6.934895396232605,-5.591163524072572,18.512456305902404
p781,process,,21,pre,odor,2.0,7.505907773971558,7.505907773971558,7.25929057598114,7.752524971961975,1.2387705557156083,13.773044992227508
p781,process,,12,pre,odor,2.0,2.493905782699585,2.493905782699585,1.6914478540420532,3.2963637113571167,-17.898483684678943,22.886295250078113
p781,process,,22,pre,odor,2.0,6.102379083633423,6.102379083633423,5.72129762172699,6.483460545539856,-3.5818190686543705,15.786577235921216
p781,process,,10,pre,odor,2.0,4.055769681930542,4.055769681930542,3.364386200904846,4.747153162956238,-13.51395044031274,21.625489804173824
p781,process,,0,pre,odor,2.0,1.9801063537597656,1.9801063537597656,1.8766275644302368,2.0835851430892944,-0.6495390123851985,4.60975171990473
p781,process,,18,pre,odor,2.0,-0.10164904594421387,-0.10164904594421387,-0.5459253787994385,0.34262728691101074,-11.391781135334972,11.188483043446544
p781,process,,12,post,odor,2.0,0.4921211898326874,0.4921211898326874,0.4444154351949692,0.5398269444704056,-0.7201969812084383,1.704439360873813
p781,process,,18,post,odor,2.0,0.6606419086456299,0.6606419086456299,0.6108082830905914,0.7104755342006683,-0.6057505894507418,1.9270344067420015
p781,process,,40,post,odor,2.0,0.04995275288820267,0.04995275288820267,-0.0679282583296299,0.16783376410603523,-2.94568777319397,3.0455932789703755
p781,process,,32,post,odor,2.0,0.02817564830183983,0.02817564830183983,-0.020625201985239983,0.07697649858891964,-1.2119715417922516,1.2683228383959313
p781,process,,31,post,odor,2.0,-0.0531669482588768,-0.0531669482588768,-0.05554485507309437,-0.05078904144465923,-0.11359528990886347,0.007261393391109865
p781,process,,0,post,odor,2.0,0.09399833716452122,0.09399833716452122,0.05200251843780279,0.13599415589123964,-0.973216604445406,1.1612132787744485
p781,process,,4,post,odor,2.0,0.31909556686878204,0.31909556686878204,0.28651124984025955,0.35167988389730453,-0.5089504398368784,1.1471415735744426
p781,process,,2,post,odor,2.0,0.7362956404685974,0.7362956404685974,0.6311747431755066,0.8414165377616882,-1.9350796456442105,3.4076709265814054
p781,process,,3,post,odor,2.0,0.634182333946228,0.634182333946228,0.6214323937892914,0.6469322741031647,0.31017563393020336,0.9581890339622527
p781,process,,21,post,odor,2.0,5.094387769699097,5.094387769699097,4.801808714866638,5.386966824531555,-2.340750974736303,12.529526514134496
p781,process,,1,post,odor,2.0,0.031138576567173004,0.031138576567173004,-0.061977189034223557,0.12425434216856956,-2.3351573872268223,2.3974345403611683
p781,process,,22,post,odor,2.0,0.24169345200061798,0.24169345200061798,0.2244967445731163,0.25889015942811966,-0.19531631872324673,0.6787032227244827
p781,process,,10,post,odor,1.0,0.10035686194896698,0.10035686194896698,0.10035686194896698,0.10035686194896698,,
p781,process,,30,post,odor,2.0,0.8062038421630859,0.8062038421630859,0.7694374620914459,0.842970222234726,-0.12811846303345642,1.7405261473596283
p781,process,,17,post,odor,2.0,0.36517442762851715,0.36517442762851715,0.35764168947935104,0.37270716577768326,0.17374940133392078,0.5565994539231135
p781,process,,39,post,odor,2.0,-0.1189337708055973,-0.1189337708055973,-0.1491375733166933,-0.0887299682945013,-0.8864851678395436,0.648617626228349
p804,process,,39,pre,odor,2.0,0.9046829044818878,0.9046829044818878,0.7517721503973007,1.057593658566475,-2.9811477910413604,4.790513600005136
p804,process,,17,pre,odor,2.0,0.02689078450202942,0.02689078450202942,-0.34499360620975494,0.3987751752138138,-9.423587628640998,9.477369197645057
p804,process,,32,pre,odor,2.0,4.906253099441528,4.906253099441528,4.826795220375061,4.985710978507996,2.887036940800043,6.925469258083014
p804,process,,30,pre,odor,2.0,2.9265267848968506,2.9265267848968506,2.4051769971847534,3.4478765726089478,-10.32222749876539,16.17528106855909
p804,process,,40,pre,odor,2.0,1.37528395652771,1.37528395652771,1.0349223613739014,1.7156455516815186,-7.274124268182883,10.024692181238303
p804,process,,3,pre,odor,2.0,1.9399766325950623,1.9399766325950623,1.5839444696903229,2.2960087954998016,-7.107658476466376,10.987611741656501
p804,process,,2,pre,odor,2.0,2.016749083995819,2.016749083995819,1.6615484058856964,2.3719497621059418,-7.009755992994789,11.043254160986427
p804,process,,1,pre,odor,2.0,1.2977508902549744,1.2977508902549744,1.272092193365097,1.3234095871448517,0.6457015783625143,1.9498002021474345
p804,process,,4,pre,odor,2.0,1.5400675684213638,1.5400675684213638,0.995874248445034,2.0842608883976936,-12.289195910934382,15.36933104777711
p804,process,,31,pre,odor,2.0,2.1575446724891663,2.1575446724891663,1.8334858119487762,2.4816035330295563,-6.077571784706189,10.392661129684521
p804,process,,21,pre,odor,2.0,2.3122586011886597,2.3122586011886597,2.230363190174103,2.3941540122032166,0.2310988825803877,4.393418319796932
p804,process,,12,pre,odor,2.0,1.0155255198478699,1.0155255198478699,0.8059909641742706,1.2250600755214691,-4.309252407536423,6.340303447232163
p804,process,,22,pre,odor,2.0,1.7061525583267212,1.7061525583267212,1.5700224041938782,1.8422827124595642,-1.7532426600311202,5.165547776684562
p804,process,,10,pre,odor,2.0,1.5303083062171936,1.5303083062171936,1.476835161447525,1.5837814509868622,0.17142685555615755,2.8891897568782294
p804,process,,0,pre,odor,2.0,0.6654275357723236,0.6654275357723236,0.5800076872110367,0.7508473843336105,-1.5052966329331743,2.8361517044778215
p804,process,,18,pre,odor,2.0,-0.016163378953933716,-0.016163378953933716,-0.2126045525074005,0.18027779459953308,-5.0082069185234825,4.975880160615615
p804,process,,12,post,odor,2.0,0.08533365279436111,0.08533365279436111,0.07911045104265213,0.0915568545460701,-0.07281289834910956,0.2434802039378318
p804,process,,18,post,odor,2.0,0.09341264329850674,0.09341264329850674,0.05196102801710367,0.1348642585799098,-0.9599727775228031,1.1467980641198166
p804,process,,40,post,odor,2.0,-0.05493935011327267,-0.05493935011327267,-0.11093569826334715,0.001056998036801815,-1.4779414782591993,1.368062778032654
p804,process,,32,post,odor,2.0,0.04028142639435828,0.04028142639435828,0.016970785683952272,0.06359206710476428,-0.5520981204012965,0.632660973190013
p804,process,,31,post,odor,2.0,-0.028805982321500778,-0.028805982321500778,-0.08264773897826672,0.02503577433526516,-1.3970547491938303,1.3394427845508288
p804,process,,0,post,odor,2.0,0.07138534355908632,0.07138534355908632,0.049638118129223585,0.09313256898894906,-0.48126405395207505,0.6240347410702477
p804,process,,4,post,odor,2.0,0.2076515071094036,0.2076515071094036,0.1481997836381197,0.2671032305806875,-1.3031600335797482,1.7184630477985554
p804,process,,2,post,odor,2.0,0.14481427520513535,0.14481427520513535,0.139075618237257,0.1505529321730137,-0.0010188254839400557,0.29064737589421075
p804,process,,3,post,odor,2.0,0.12239992246031761,0.12239992246031761,0.11673304624855518,0.12806679867208004,-0.021609056262105325,0.2664089011827405
p804,process,,21,post,odor,2.0,2.1021846532821655,2.1021846532821655,2.0574957728385925,2.1468735337257385,0.966532524589222,3.2378367819751093
p804,process,,1,post,odor,2.0,0.09668590035289526,0.09668590035289526,0.04472994664683938,0.14864185405895114,-1.2236400697518255,1.417011870457616
p804,process,,22,post,odor,2.0,0.009560726583003998,0.009560726583003998,-0.04253459721803665,0.06165605038404465,-1.3143069734436699,1.3334284266096779
p804,process,,10,post,odor,1.0,-0.007990345358848572,-0.007990345358848572,-0.007990345358848572,-0.007990345358848572,,
p804,process,,30,post,odor,2.0,0.22880741208791733,0.22880741208791733,0.2008942998945713,0.25672052428126335,-0.4805320246170204,0.938146848792855
p804,process,,17,post,odor,2.0,0.06676400452852249,0.06676400452852249,-0.0005741901695728302,0.1341021992266178,-1.6444617722682624,1.7779897813253074
p804,process,,39,post,odor,2.0,0.10274449922144413,0.10274449922144413,0.06741990055888891,0.13806909788399935,-0.7949386664378144,1.0004276648807027
p826,process,,39,pre,odor,2.0,0.15204186737537384,0.15204186737537384,0.11390881985425949,0.1901749148964882,-0.8170107506597418,1.1210944854104894
p826,process,,17,pre,odor,2.0,-0.18807092308998108,-0.18807092308998108,-0.4701854735612869,0.09404362738132477,-7.3572813977745835,6.981139551594621
p826,process,,32,pre,odor,2.0,0.9150674343109131,0.9150674343109131,0.8595752120018005,0.9705596566200256,-0.49512364153889643,2.3252585101607224
p826,process,,30,pre,odor,2.0,0.5012435168027878,0.5012435168027878,0.4529371038079262,0.5495499297976494,-0.7263388303630547,1.7288258639686302
p826,process,,40,pre,odor,2.0,0.10423938930034637,0.10423938930034637,-0.04435766488313675,0.2528364434838295,-3.6719697979952146,3.8804485765959074
p826,process,,3,pre,odor,2.0,0.5444519519805908,0.5444519519805908,0.5413495898246765,0.5475543141365051,0.46561345454297587,0.6232904494182058
p826,process,,2,pre,odor,2.0,0.4671514481306076,0.4671514481306076,0.34955359250307083,0.5847493037581444,-2.5212934121465835,3.4555963084077987
p826,process,,1,pre,odor,2.0,0.23849845677614212,0.23849845677614212,0.09877915307879448,0.37821776047348976,-3.312105699972396,3.78910261352468
p826,process,,4,pre,odor,2.0,0.7416691929101944,0.7416691929101944,0.494440995156765,0.9888973906636238,-5.540995001510923,7.024333387331311
p826,process,,31,pre,odor,2.0,0.9855676889419556,0.9855676889419556,0.8802711367607117,1.0908642411231995,-1.6902714111144186,3.6614067889983297
p826,process,,21,pre,odor,2.0,0.9793138206005096,0.9793138206005096,0.8595714122056961,1.0990562289953232,-2.0636292927337783,4.0222569339347976
p826,process,,12,pre,odor,2.0,0.6083369702100754,0.6083369702100754,0.4685867205262184,0.7480872198939323,-2.9430535986191635,4.159727539039315
p826,process,,22,pre,odor,2.0,0.675847977399826,0.675847977399826,0.5947760492563248,0.7569199055433273,-1.3843850572957144,2.7360810120953665
p826,process,,10,pre,odor,2.0,1.3828927874565125,1.3828927874565125,1.005811721086502,1.7599738538265228,-8.199645675408348,10.965431250321373
p826,process,,0,pre,odor,2.0,-0.03015926480293274,-0.03015926480293274,-0.212122842669487,0.15180431306362152,-4.654292214601541,4.593973684995675
p826,process,,18,pre,odor,2.0,0.16827495396137238,0.16827495396137238,-0.04195151478052139,0.37850142270326614,-5.1740861516336905,5.510636059556435
p826,process,,12,post,odor,2.0,0.20142297446727753,0.20142297446727753,0.19556909799575806,0.207276850938797,0.05266186857247293,0.35018408036208215
p826,process,,18,post,odor,2.0,-0.019983734004199505,-0.019983734004199505,-0.039019530173391104,-0.000947937835007906,-0.5037291808878763,0.46376171287947726
p826,process,,40,post,odor,2.0,-0.06993825547397137,-0.06993825547397137,-0.1304772710427642,-0.009399239905178547,-1.608380508161069,1.4685039972131262
p826,process,,32,post,odor,2.0,0.09182793647050858,0.09182793647050858,0.012871038168668747,0.1707848347723484,-1.9146570938424934,2.0983129667835105
p826,process,,31,post,odor,2.0,0.030510693788528442,0.030510693788528442,-0.08331859111785889,0.14433997869491577,-2.862165704197306,2.9231870917743628
p826,process,,0,post,odor,2.0,-0.18832893669605255,-0.18832893669605255,-0.20099900662899017,-0.17565886676311493,-0.5103059418751656,0.1336480684830606
p826,process,,4,post,odor,2.0,0.06765727698802948,0.06765727698802948,0.05333006754517555,0.08198448643088341,-0.29643163596988525,0.4317461899459442
p826,process,,2,post,odor,2.0,0.015504676848649979,0.015504676848649979,-0.026541592553257942,0.0575509462505579,-1.052992337977349,1.0840016916746489
p826,process,,3,post,odor,2.0,-0.2306845486164093,-0.2306845486164093,-0.2392193153500557,-0.2221497818827629,-0.4475735356028173,-0.013795561630001257
p826,process,,21,post,odor,2.0,0.7350120544433594,0.7350120544433594,0.7112391591072083,0.7587849497795105,0.13088550381778208,1.3391386050689367
p826,process,,1,post,odor,2.0,0.2022404968738556,0.2022404968738556,0.18808408081531525,0.21639691293239594,-0.15750814466671398,0.5619891384144251
p826,process,,22,post,odor,2.0,-0.08432813920080662,-0.08432813920080662,-0.14599768538028002,-0.022658593021333218,-1.6514998986875444,1.4828436202859312
p826,process,,10,post,odor,1.0,-0.04130474478006363,-0.04130474478006363,-0.04130474478006363,-0.04130474478006363,,
p826,process,,30,post,odor,2.0,0.38112638890743256,0.38112638890743256,0.3240538164973259,0.4381989613175392,-1.069225190818508,1.831477968633373
p826,process,,17,post,odor,2.0,0.3772566542029381,0.3772566542029381,0.2950250543653965,0.45948825404047966,-1.7124464324350481,2.4669597408409243
p826,process,,39,post,odor,2.0,0.05985305458307266,0.05985305458307266,0.003977898508310318,0.115728210657835,-1.3600692909202183,1.4797754000863637
p848,process,,39,pre,odor,2.0,0.9989429861307144,0.9989429861307144,0.310497485101223,1.6873884871602058,-16.496115985427455,18.494001957688884
p848,process,,17,pre,odor,2.0,1.0801799297332764,1.0801799297332764,0.9011155962944031,1.2592442631721497,-3.4702762335086756,5.630636092975228
p848,process,,32,pre,odor,2.0,4.032498478889465,4.032498478889465,3.8881961703300476,4.176800787448883,0.3654291259722342,7.6995678318066965
p848,process,,30,pre,odor,2.0,2.1503431499004364,2.1503431499004364,1.3582157641649246,2.942470535635948,-17.979522330672037,22.28020863047291
p848,process,,40,pre,odor,2.0,0.31023307144641876,0.31023307144641876,0.012920461595058441,0.6075456812977791,-7.245196711389208,7.8656628542820455
p848,process,,3,pre,odor,2.0,0.46327532827854156,0.46327532827854156,0.1033487543463707,0.8232019022107124,-8.68332614846562,9.609876805022703
p848,process,,2,pre,odor,2.0,0.7794867753982544,0.7794867753982544,0.6467390656471252,0.9122344851493835,-2.5939523813140264,4.152925932110535
p848,process,,1,pre,odor,2.0,1.4186305105686188,1.4186305105686188,1.113963708281517,1.7232973128557205,-6.323687021782524,9.160948042919761
p848,process,,4,pre,odor,2.0,0.8129046242684126,0.8129046242684126,0.3863450111821294,1.2394642373546958,-10.02700292784714,11.652812176383966
p848,process,,31,pre,odor,2.0,1.9692499041557312,1.9692499041557312,1.929619938135147,2.0088798701763153,0.9621569802653553,2.976342828046107
p848,process,,21,pre,odor,2.0,0.6731976270675659,0.6731976270675659,0.5320782959461212,0.8143169581890106,-2.9129845998546453,4.259379853989778
p848,process,,12,pre,odor,2.0,0.9061900526285172,0.9061900526285172,0.36783870309591293,1.4445414021611214,-12.774614881685908,14.586994986942942
p848,process,,22,pre,odor,2.0,2.0208778381347656,2.0208778381347656,1.487007975578308,2.554747700691223,-11.546041714096821,15.587797390366353
p848,process,,10,pre,odor,2.0,2.115305295214057,2.115305295214057,1.0375965097919106,3.1930140806362033,-25.27187165188185,29.502482242309963
p848,process,,0,pre,odor,2.0,-0.06295971246436238,-0.06295971246436238,-0.09016396687366068,-0.03575545805506408,-0.7542853649034171,0.6283659399746924
p848,process,,18,pre,odor,2.0,-0.08482159674167633,-0.08482159674167633,-0.22415029257535934,0.05450709909200668,-3.6254994665156492,3.4558562730322966
p848,process,,12,post,odor,2.0,-0.07355468370951712,-0.07355468370951712,-0.11192177433986217,-0.035187593079172075,-1.048554901070585,0.9014455336515507
p848,process,,18,post,odor,2.0,-0.05394216626882553,-0.05394216626882553,-0.05407386086881161,-0.053810471668839455,-0.05728884336896896,-0.0505954891686821
p848,process,,40,post,odor,2.0,-0.126485213637352,-0.126485213637352,-0.23386090248823166,-0.01910952478647232,-2.8551601860914873,2.6021897588167833
p848,process,,32,post,odor,2.0,0.003254183568060398,0.003254183568060398,-0.007629923988133669,0.014138291124254465,-0.2733372143910352,0.279845581527156
p848,process,,31,post,odor,2.0,0.06184881180524826,0.06184881180524826,0.05156886205077171,0.07212876155972481,-0.1993894807106873,0.3230871043211838
p848,process,,0,post,odor,2.0,0.21134503185749054,0.21134503185749054,0.1923176795244217,0.2303723841905594,-0.2721858368051175,0.6948759005200986
p848,process,,4,post,odor,2.0,-0.02926333574578166,-0.02926333574578166,-0.04994370206259191,-0.00858296942897141,-0.5548012726267456,0.4962746011351823
p848,process,,2,post,odor,2.0,0.03817754238843918,0.03817754238843918,0.03453204222023487,0.041823042556643486,-0.05446340061748725,0.1308184853943656
p848,process,,3,post,odor,2.0,-0.21711807698011398,-0.21711807698011398,-0.2625436596572399,-0.17169249430298805,-1.3714915844912994,0.9372554305310714
p848,process,,21,post,odor,2.0,0.07660763710737228,0.07660763710737228,0.06382307410240173,0.08939220011234283,-0.24827891289998882,0.4014941871147334
p848,process,,1,post,odor,2.0,0.07188681699335575,0.07188681699335575,0.0545998914167285,0.089173742569983,-0.36741561427792563,0.5111892482646372
p848,process,,22,post,odor,2.0,0.026761030312627554,0.026761030312627554,0.02038209163583815,0.03313996898941696,-0.1353431713409513,0.18886523196620641
p848,process,,10,post,odor,1.0,-0.10118362307548523,-0.10118362307548523,-0.10118362307548523,-0.10118362307548523,,
p848,process,,30,post,odor,2.0,0.12724889069795609,0.12724889069795609,0.11675908789038658,0.1377386935055256,-0.1393222735322004,0.39382005492811256
p848,process,,17,post,odor,2.0,0.05078206118196249,0.05078206118196249,0.014250932727009058,0.08731318963691592,-0.8775619336023084,0.9791260559662334
p848,process,,39,post,odor,2.0,0.06806408241391182,0.06806408241391182,0.05737035907804966,0.07875780574977398,-0.20368919378103545,0.3398173586088591
p871,process,,39,pre,odor,2.0,1.247959852218628,1.247959852218628,0.9323168396949768,1.563602864742279,-6.773289629118299,9.269209333555555
p871,process,,17,pre,odor,2.0,-0.5756895914673805,-0.5756895914673805,-0.8268084712326527,-0.3245707117021084,-6.95722539030015,5.805846207365389
p871,process,,32,pre,odor,2.0,2.11237895488739,2.11237895488739,2.000731408596039,2.2240265011787415,-0.724854208051513,4.949612117826293
p871,process,,30,pre,odor,2.0,2.0669379830360413,2.0669379830360413,1.7770907580852509,2.3567852079868317,-5.298778381837609,9.432654347909692
p871,process,,40,pre,odor,2.0,0.9864479303359985,0.9864479303359985,0.76701420545578,1.205881655216217,-4.589891738362976,6.562787599034973
p871,process,,3,pre,odor,2.0,2.210863709449768,2.210863709449768,1.8519583344459534,2.5697690844535828,-6.90978664197428,11.331514060873817
p871,process,,2,pre,odor,2.0,2.8369545936584473,2.8369545936584473,2.551903247833252,3.1220059394836426,-4.406886927095686,10.08079611441258
p871,process,,1,pre,odor,2.0,1.8943979740142822,1.8943979740142822,1.8690714836120605,1.919724464416504,1.2507908294154984,2.538005118613066
p871,process,,4,pre,odor,2.0,2.091724157333374,2.091724157333374,1.6631059646606445,2.5203423500061035,-8.80049686216437,12.983945176831119
p871,process,,31,pre,odor,2.0,1.807515025138855,1.807515025138855,1.7077414393424988,1.9072886109352112,-0.7279721916427313,4.343002241920441
p871,process,,21,pre,odor,2.0,0.3878885507583618,0.3878885507583618,0.2696651220321655,0.5061119794845581,-2.6164536292568514,3.392230730773575
p871,process,,12,pre,odor,2.0,1.4100662469863892,1.4100662469863892,1.0212587714195251,1.7988737225532532,-8.470468528029238,11.290601022002017
p871,process,,22,pre,odor,2.0,1.5625542402267456,1.5625542402267456,1.307676374912262,1.8174321055412292,-4.91450643858323,8.039614919036723
p871,process,,10,pre,odor,2.0,2.0914636850357056,2.0914636850357056,2.068848431110382,2.114078938961029,1.5167555919642282,2.666171778107183
p871,process,,0,pre,odor,2.0,0.1445750892162323,0.1445750892162323,-0.23670916259288788,0.5258593410253525,-9.5447764431155,9.833926621547965
p871,process,,18,pre,odor,2.0,0.04558730125427246,0.04558730125427246,-0.3571535348892212,0.4483281373977661,-10.189027738060558,10.280202340569103
p871,process,,12,post,odor,2.0,-0.031438905745744705,-0.031438905745744705,-0.07332957349717617,0.01045176200568676,-1.0959817077152627,1.0331038962237733
p871,process,,18,post,odor,2.0,0.17265967559069395,0.17265967559069395,0.07332707988098264,0.27199227130040526,-2.351620920535826,2.6969402717172137
p871,process,,40,post,odor,2.0,-0.11766058951616287,-0.11766058951616287,-0.12401998415589333,-0.11130119487643242,-0.279268130097257,0.04394695106493124
p871,process,,32,post,odor,2.0,-0.07533498853445053,-0.07533498853445053,-0.13940678909420967,-0.011263187974691391,-1.7035538199897546,1.5528838429208536
p871,process,,31,post,odor,2.0,-0.12997552752494812,-0.12997552752494812,-0.15430961549282074,-0.1056414395570755,-0.7483633351006974,0.4884122800508012
p871,process,,0,post,odor,2.0,0.06791896000504494,0.06791896000504494,0.06720412708818913,0.06863379292190075,0.04975333321759116,0.08608458679249872
p871,process,,4,post,odor,2.0,-0.02490659337490797,-0.02490659337490797,-0.0406586448661983,-0.00915454188361764,-0.4252041759011096,0.37539098915129365
p871,process,,2,post,odor,2.0,0.13804496824741364,0.13804496824741364,0.12740283459424973,0.14868710190057755,-0.1323972898062571,0.40848722630108436
p871,process,,3,post,odor,2.0,0.029211662709712982,0.029211662709712982,-0.05296481028199196,0.11138813570141792,-2.059090517948953,2.117513843368379
p871,process,,21,post,odor,2.0,0.6165789663791656,0.6165789663791656,0.5814145356416702,0.6517433971166611,-0.27703394638413703,1.5101918791424684
p871,process,,1,post,odor,2.0,0.06592617556452751,0.06592617556452751,0.045768728479743004,0.08608362264931202,-0.44632312367123184,0.5781754748002869
p871,process,,22,post,odor,2.0,0.10041618160903454,0.10041618160903454,0.03983043599873781,0.16100192721933126,-1.4392135940274204,1.6400459572454895
p871,process,,10,post,odor,1.0,-0.30652257800102234,-0.30652257800102234,-0.30652257800102234,-0.30652257800102234,,
p871,process,,30,post,odor,2.0,0.14115470089018345,0.14115470089018345,0.09640079643577337,0.18590860534459352,-0.9961498445916868,1.2784592463720537
p871,process,,17,post,odor,2.0,0.15608513448387384,0.15608513448387384,0.09295626124367118,0.2192140077240765,-1.4481716418241959,1.7603419107919436
p871,process,,39,post,odor,2.0,-0.005649742000969127,-0.005649742000969127,-0.008294956423924305,-0.003004527578013949,-0.07287101405927049,0.061571530057332235
p893,process,,39,pre,odor,2.0,-0.09191916882991791,-0.09191916882991791,-0.31014346331357956,0.12630512565374374,-5.637524297063283,5.4536859594034475
p893,process,,17,pre,odor,2.0,-0.9111670255661011,-0.9111670255661011,-1.318656325340271,-0.5036777257919312,-11.266451967028237,9.444117915896035
p893,process,,32,pre,odor,2.0,2.3812859058380127,2.3812859058380127,2.2955002784729004,2.467071533203125,0.20126641639339837,4.561305395282627
p893,process,,30,pre,odor,2.0,0.47335356660187244,0.47335356660187244,0.21551385801285505,0.7311932751908898,-6.0789746862934795,7.025681819497224
p893,process,,40,pre,odor,2.0,-0.05036437511444092,-0.05036437511444092,-0.1478458046913147,0.04711705446243286,-2.5276023794719475,2.4268736292430657
p893,process,,3,pre,odor,2.0,0.20731008052825928,0.20731008052825928,-0.22161608934402466,0.6362362504005432,-10.69273738167271,11.107357542729229
p893,process,,2,pre,odor,2.0,1.6627920866012573,1.6627920866012573,1.6241446733474731,1.7014394998550415,0.680668195948991,2.6449159772535236
p893,process,,1,pre,odor,2.0,0.2009160127490759,0.2009160127490759,0.0906201908364892,0.3112118346616626,-2.6019665767829028,3.0037986022810546
p893,process,,4,pre,odor,2.0,-0.20185465924441814,-0.20185465924441814,-0.32445291336625814,-0.07925640512257814,-3.317371693583762,2.9136623750949258
p893,process,,31,pre,odor,2.0,-0.2367556057870388,-0.2367556057870388,-0.37159126810729504,-0.10191994346678257,-3.663254668144822,3.1897434565707443
p893,process,,21,pre,odor,2.0,0.21061214804649353,0.21061214804649353,-0.02807946503162384,0.4493037611246109,-5.8551168611102105,6.2763411572031975
p893,process,,12,pre,odor,2.0,0.184008177369833,0.184008177369833,0.1374774668365717,0.2305388879030943,-0.9984492917407637,1.3664656464804297
p893,process,,22,pre,odor,2.0,0.757201761007309,0.757201761007309,0.7461258322000504,0.7682776898145676,0.4757357228706629,1.038667799143955
p893,process,,10,pre,odor,2.0,0.23528386652469635,0.23528386652469635,-0.060911186039447784,0.5314789190888405,-7.291746092919384,7.762313825968777
p893,process,,0,pre,odor,2.0,0.3169837787281722,0.3169837787281722,0.16003277816344053,0.47393477929290384,-3.6715193147177287,4.3054868721740736
p893,process,,18,pre,odor,2.0,-0.3568689450621605,-0.3568689450621605,-0.44527314230799675,-0.26846474781632423,-2.6034326045476934,1.8896947144233724
p893,process,,12,post,odor,2.0,0.11744056269526482,0.11744056269526482,0.10184193588793278,0.13303918950259686,-0.27895812893902294,0.5138392543295526
p893,process,,18,post,odor,2.0,0.27109168469905853,0.27109168469905853,0.24682436138391495,0.2953590080142021,-0.3455994721832615,0.8877828415813785
p893,process,,40,post,odor,2.0,0.06080597639083862,0.06080597639083862,0.047649137675762177,0.07396281510591507,-0.27354099639834323,0.3951529491800205
p893,process,,32,post,odor,2.0,-0.07333194464445114,-0.07333194464445114,-0.08491237834095955,-0.061751510947942734,-0.3676186676075154,0.2209547783186131
p893,process,,31,post,odor,2.0,0.05375146120786667,0.05375146120786667,-0.043034207075834274,0.1505371294915676,-2.405805572272521,2.5133084946882542
p893,process,,0,post,odor,2.0,0.11110114678740501,0.11110114678740501,0.06641826964914799,0.15578402392566204,-1.0243984234526615,1.2466007170274715
p893,process,,4,post,odor,2.0,-0.09437758475542068,-0.09437758475542068,-0.09739575907588005,-0.09135941043496132,-0.17107666644586395,-0.017678503064977424
p893,process,,2,post,odor,2.0,-0.0731151606887579,-0.0731151606887579,-0.10004896204918623,-0.04618135932832956,-0.7575679495068837,0.6113376281293679
p893,process,,3,post,odor,2.0,-0.11407089978456497,-0.11407089978456497,-0.14610176905989647,-0.08204003050923347,-0.9280524655645839,0.6999106659954539
p893,process,,21,post,odor,2.0,0.7377984523773193,0.7377984523773193,0.6565263867378235,0.8190705180168152,-1.327520558317206,2.8031174630718447
p893,process,,1,post,odor,2.0,0.08432342670857906,0.08432342670857906,0.02673520240932703,0.1419116510078311,-1.3791321099695144,1.5477789633866725
p893,process,,22,post,odor,2.0,0.010646957904100418,0.010646957904100418,0.008275155909359455,0.013018759898841381,-0.04962624557359201,0.07092016138179284
p893,process,,10,post,odor,1.0,0.1922917366027832,0.1922917366027832,0.1922917366027832,0.1922917366027832,,
p893,process,,30,post,odor,2.0,0.08130543678998947,0.08130543678998947,0.06906232982873917,0.09354854375123978,-0.22982141052307453,0.3924322841030535
p893,process,,17,post,odor,2.0,-0.09515063092112541,-0.09515063092112541,-0.09731131605803967,-0.09298994578421116,-0.15005884636120972,-0.040242415481041106
p893,process,,39,post,odor,2.0,-0.04193059355020523,-0.04193059355020523,-0.08399338647723198,0.00013219937682151794,-1.1108475109624505,1.02698632386204
p915,process,,39,pre,odor,2.0,-0.26523349434137344,-0.26523349434137344,-0.351865042001009,-0.1786019466817379,-2.4667498566913832,1.9362828680086364
p915,process,,17,pre,odor,2.0,-0.3064521439373493,-0.3064521439373493,-0.49116345681250095,-0.12174083106219769,-5.000411660895944,4.387507373021245
p915,process,,32,pre,odor,2.0,2.8662302494049072,2.8662302494049072,2.6539714336395264,3.078489065170288,-2.52777769094092,8.260238189750734
p915,process,,30,pre,odor,2.0,0.9168170690536499,0.9168170690536499,0.6612452268600464,1.1723889112472534,-5.577879234372863,7.4115133724801625
p915,process,,40,pre,odor,2.0,-0.37473877519369125,-0.37473877519369125,-0.46093420311808586,-0.28854334726929665,-2.5651722842527853,1.8156947338654028
p915,process,,3,pre,odor,2.0,-0.20806658267974854,-0.20806658267974854,-0.6774419546127319,0.26130878925323486,-12.136025730477012,11.719892565117515
p915,process,,2,pre,odor,2.0,1.3890513181686401,1.3890513181686401,1.1551535725593567,1.6229490637779236,-4.554853967913882,7.332956604251162
p915,process,,1,pre,odor,2.0,0.30679450929164886,0.30679450929164886,0.29139020293951035,0.3221988156437874,-0.08466603136640782,0.6982550499497056
p915,process,,4,pre,odor,2.0,0.4606674397364259,0.4606674397364259,0.22380794351920485,0.6975269359536469,-5.558503065549986,6.479837945022838
p915,process,,31,pre,odor,2.0,1.586039662361145,1.586039662361145,1.2347202897071838,1.9373590350151062,-7.3418320910902235,10.513911415812514
p915,process,,21,pre,odor,2.0,0.5613608434796333,0.5613608434796333,0.3682323507964611,0.7544893361628056,-4.346499493362772,5.469221180322038
p915,process,,12,pre,odor,2.0,0.007937988266348839,0.007937988266348839,-0.027170452289283276,0.04304642882198095,-0.8842520790690119,0.9001280556017096
p915,process,,22,pre,odor,2.0,1.7751016020774841,1.7751016020774841,1.7435066998004913,1.806696504354477,0.9721990081756791,2.578004195979289
p915,process,,10,pre,odor,2.0,0.4446280916745309,0.4446280916745309,0.2226472080074018,0.66660897534166,-5.196441019108508,6.0856972024575695
p915,process,,0,pre,odor,2.0,0.1740570068359375,0.1740570068359375,-0.10633549094200134,0.45444950461387634,-6.9513919596718585,7.2995059733437335
p915,process,,18,pre,odor,2.0,-0.16746486723423004,-0.16746486723423004,-0.17691518366336823,-0.15801455080509186,-0.40762017797476024,0.07269044350630019
p915,process,,12,post,odor,2.0,0.27184295654296875,0.27184295654296875,0.2232864946126938,0.3203994184732437,-0.9620937365577231,1.5057796496436606
p915,process,,18,post,odor,2.0,-0.013511642813682556,-0.013511642813682556,-0.17665789276361465,0.14963460713624954,-4.159450950419617,4.132427664792252
p915,process,,40,post,odor,2.0,-0.04233795590698719,-0.04233795590698719,-0.08020828384906054,-0.004467627964913845,-1.0047142364231094,0.9200383246091351
p915,process,,32,post,odor,2.0,-0.08010321296751499,-0.08010321296751499,-0.09018312487751245,-0.07002330105751753,-0.33625806186958196,0.17605163593455198
p915,process,,31,post,odor,2.0,0.1552077066153288,0.1552077066153288,0.06066754925996065,0.24974786397069693,-2.24728548367963,2.5577008969102875
p915,process,,0,post,odor,2.0,0.05663671437650919,0.05663671437650919,0.03646606346592307,0.07680736528709531,-0.4559481258871223,0.5692215546401407
p915,process,,4,post,odor,2.0,0.19414857402443886,0.19414857402443886,0.04568304680287838,0.34261410124599934,-3.5787181962580905,3.9670153443069682
p915,process,,2,post,odor,2.0,0.13392378389835358,0.13392378389835358,0.12065519392490387,0.14719237387180328,-0.20326305762765984,0.471110625424367
p915,process,,3,post,odor,2.0,0.20908042788505554,0.20908042788505554,0.18108531832695007,0.237075537443161,-0.5023427594288027,0.9205036151989138
p915,process,,21,post,odor,2.0,0.7424823641777039,0.7424823641777039,0.6238765716552734,0.8610881567001343,-2.271576601194813,3.756541329550221
p915,process,,1,post,odor,2.0,0.009211257100105286,0.009211257100105286,-0.06413164734840393,0.0825541615486145,-1.8546086626368063,1.873031176837017
p915,process,,22,post,odor,2.0,0.07061003521084785,0.07061003521084785,-0.010804297402501106,0.15202436782419682,-1.9983243220776252,2.139544392499321
p915,process,,10,post,odor,1.0,-0.029679642990231514,-0.029679642990231514,-0.029679642990231514,-0.029679642990231514,,
p915,process,,30,post,odor,2.0,-0.12765200319699943,-0.12765200319699943,-0.19422589929308742,-0.06107810710091144,-1.8194551109604296,1.5641511045664307
p915,process,,17,post,odor,2.0,-0.056556329131126404,-0.056556329131126404,-0.2277826890349388,0.114670030772686,-4.407830699466674,4.294718041204421
p915,process,,39,post,odor,2.0,0.0028995759785175323,0.0028995759785175323,-0.04289272613823414,0.0486918780952692,-1.1607931560939073,1.1665923080509424
p937,process,,39,pre,odor,2.0,0.1648885323666036,0.1648885323666036,0.08368830592371523,0.246088758809492,-1.8986048712475685,2.2283819359807757
p937,process,,17,pre,odor,2.0,0.027330190525390208,0.027330190525390208,0.014176287630107254,0.04048409342067316,-0.3069421760090623,0.36160255705984273
p937,process,,32,pre,odor,2.0,2.176060438156128,2.176060438156128,2.1079941987991333,2.2441266775131226,0.44633329237323727,3.9057875839390186
p937,process,,30,pre,odor,2.0,0.35445311665534973,0.35445311665534973,-0.1199854165315628,0.8288916498422623,-11.702173158151295,12.411079391461994
p937,process,,40,pre,odor,2.0,0.37814171612262726,0.37814171612262726,0.03152840584516525,0.7247550264000893,-8.430137653214725,9.18642108545998
p937,process,,3,pre,odor,2.0,0.9592472035437822,0.9592472035437822,0.47543759923428297,1.4430568078532815,-11.335520567824545,13.25401497491211
p937,process,,2,pre,odor,2.0,1.3794115483760834,1.3794115483760834,1.101577177643776,1.6572459191083908,-5.681029246165838,8.439852342918005
p937,process,,1,pre,odor,2.0,0.6798094809055328,0.6798094809055328,0.6466746181249619,0.7129443436861038,-0.16222721988444644,1.521846181695512
p937,process,,4,pre,odor,2.0,1.0622326582670212,1.0622326582670212,0.41409433633089066,1.7103709802031517,-15.408523773495336,17.53298909002938
p937,process,,31,pre,odor,2.0,2.697798490524292,2.697798490524292,2.56112277507782,2.834474205970764,-0.7754607553277668,6.171057736376351
p937,process,,21,pre,odor,2.0,0.2427257001399994,0.2427257001399994,0.16406022012233734,0.32139118015766144,-1.7563536894077467,2.2418050896877455
p937,process,,12,pre,odor,2.0,0.19922655820846558,0.19922655820846558,-0.165367990732193,0.5638211071491241,-9.065999410858078,9.464452527275009
p937,process,,22,pre,odor,2.0,0.9503920823335648,0.9503920823335648,0.5622464343905449,1.3385377302765846,-8.913324058104823,10.814108222771953
p937,process,,10,pre,odor,2.0,1.166735365986824,1.166735365986824,0.7767745181918144,1.5566962137818336,-8.743109376364474,11.076580108338122
p937,process,,0,pre,odor,2.0,0.42686204612255096,0.42686204612255096,0.3873043432831764,0.4664197489619255,-0.578394496217153,1.432118588462255
p937,process,,18,pre,odor,2.0,-0.6452864110469818,-0.6452864110469818,-1.164094254374504,-0.12647856771945953,-13.829443763152463,12.5388709410585
p937,process,,12,post,odor,2.0,0.16638018190860748,0.16638018190860748,0.14470797777175903,0.18805238604545593,-0.38436274378532953,0.7171231076025445
p937,process,,18,post,odor,2.0,0.0871686339378357,0.0871686339378357,-0.0377826988697052,0.2121199667453766,-3.088145799483197,3.2624830673588683
p937,process,,40,post,odor,2.0,0.04560658149421215,0.04560658149421215,0.013867774046957493,0.07734538894146681,-0.7609529895194754,0.8521661525078997
p937,process,,32,post,odor,2.0,0.01012426521629095,0.01012426521629095,0.008943543303757906,0.011304987128823996,-0.019880723497974283,0.040129253930556184
p937,process,,31,post,odor,2.0,0.12189902737736702,0.12189902737736702,0.0901340451091528,0.15366400964558125,-0.6853257089044104,0.9291237636591444
p937,process,,0,post,odor,2.0,0.06723064836114645,0.06723064836114645,0.03760733688250184,0.09685395983979106,-0.6855690728611182,0.8200303695834111
p937,process,,4,post,odor,2.0,0.05690339487046003,0.05690339487046003,0.023702450562268496,0.09010433917865157,-0.7868125967579711,0.9006193864988912
p937,process,,2,post,odor,2.0,-0.07125875755446032,-0.07125875755446032,-0.10664563826867379,-0.03587187684024684,-0.9705246602132367,0.8280071451043161
p937,process,,3,post,odor,2.0,0.09848170727491379,0.09848170727491379,0.0972551628947258,0.09970825165510178,0.06731225924956766,0.12965115530025992
p937,process,,21,post,odor,2.0,0.42271995544433594,0.42271995544433594,0.4098777770996094,0.4355621337890625,0.0963692608312065,0.7490706500574653
p937,process,,1,post,odor,2.0,-0.01955984067171812,-0.01955984067171812,-0.027842467185109854,-0.011277214158326387,-0.23004133713656638,0.19092165579313014
p937,process,,22,post,odor,2.0,0.05116366781294346,0.05116366781294346,0.0037820925936102867,0.09854524303227663,-1.1529163231056736,1.2552436587315605
p937,process,,10,post,odor,1.0,0.08500324189662933,0.08500324189662933,0.08500324189662933,0.08500324189662933,,
p937,process,,30,post,odor,2.0,0.039975062012672424,0.039975062012672424,-0.009515278041362762,0.08946540206670761,-1.2176937243662838,1.2976438483916286
p937,process,,17,post,odor,2.0,0.2500435411930084,0.2500435411930084,0.19381190836429596,0.3062751740217209,-1.1789377375490369,1.6790248199350537
p937,process,,39,post,odor,2.0,0.13347749784588814,0.13347749784588814,0.049492014572024345,0.21746298111975193,-2.000795992842689,2.2677509885344653
p960,process,,39,pre,odor,2.0,0.16739849746227264,0.16739849746227264,-0.0650397464632988,0.3998367413878441,-5.739417334208176,6.0742143291327215
p960,process,,17,pre,odor,2.0,-0.13153783977031708,-0.13153783977031708,-0.2722550854086876,0.009179405868053436,-3.7075021057537594,3.4444264262131252
p960,process,,32,pre,odor,2.0,4.271755576133728,4.271755576133728,3.9807658791542053,4.562745273113251,-3.122993755744772,11.666504908012229
p960,process,,30,pre,odor,2.0,0.393216609954834,0.393216609954834,0.11115020513534546,0.6752830147743225,-6.774770367711473,7.561203587621141
p960,process,,40,pre,odor,2.0,0.14815395697951317,0.14815395697951317,0.027150163426995277,0.26915775053203106,-2.926843992484702,3.223151906443728
p960,process,,3,pre,odor,2.0,0.3167575001716614,0.3167575001716614,-0.517793744802475,1.1513087451457977,-20.891200462770055,21.524715463113377
p960,process,,2,pre,odor,2.0,1.5882983803749084,1.5882983803749084,1.3037566840648651,1.8728400766849518,-5.6425917182128,8.819188478962616
p960,process,,1,pre,odor,2.0,0.5934971272945404,0.5934971272945404,0.554633840918541,0.6323604136705399,-0.39411261953353494,1.5811068741226157
p960,process,,4,pre,odor,2.0,0.9745746403932571,0.9745746403932571,0.3136778995394707,1.6354713812470436,-15.820403957124345,17.76955323791086
p960,process,,31,pre,odor,2.0,3.4777907133102417,3.4777907133102417,3.323076069355011,3.6325053572654724,-0.4538811702488261,7.409462596869309
p960,process,,21,pre,odor,2.0,0.35651977360248566,0.35651977360248566,0.2162448689341545,0.4967946782708168,-3.2082035425239197,3.921243089728891
p960,process,,12,pre,odor,2.0,0.4237072095274925,0.4237072095274925,0.08861512318253517,0.7587992958724499,-8.091790099614421,8.939204518669406
p960,process,,22,pre,odor,2.0,1.6603452563285828,1.6603452563285828,1.0848000347614288,2.2358904778957367,-12.965645583989987,16.286336096647155
p960,process,,10,pre,odor,2.0,1.6265020072460175,1.6265020072460175,1.0973907262086868,2.155613288283348,-11.81949052291396,15.072494537405994
p960,process,,0,pre,odor,2.0,0.5755655746906996,0.5755655746906996,0.3176838727667928,0.8334472766146064,-5.97782983002597,7.128960979407369
p960,process,,18,pre,odor,2.0,-0.5995299965143204,-0.5995299965143204,-1.0962771847844124,-0.10278280824422836,-13.223072949072131,12.02401295604349
p960,process,,12,post,odor,2.0,0.09859069157391787,0.09859069157391787,0.04826646996662021,0.14891491318121552,-1.1802690342879827,1.3774504174358184
p960,process,,18,post,odor,2.0,0.05265112081542611,0.05265112081542611,0.02807296230457723,0.07722927932627499,-0.5719391073385746,0.6772413489694268
p960,process,,40,post,odor,2.0,0.022209670394659042,0.022209670394659042,-0.028763452544808388,0.07318279333412647,-1.2731402018274929,1.317559542616811
p960,process,,32,post,odor,2.0,0.04669840261340141,0.04669840261340141,-0.014026632532477379,0.1074234377592802,-1.4964710557364782,1.589867860963281
p960,process,,31,post,odor,2.0,0.00806877389550209,0.00806877389550209,-0.011166566982865334,0.027304114773869514,-0.48074758484579166,0.49688513263679585
p960,process,,0,post,odor,2.0,0.17584727704524994,0.17584727704524994,0.15364763885736465,0.19804691523313522,-0.3882990187232953,0.7399935728137952
p960,process,,4,post,odor,2.0,-0.01556483656167984,-0.01556483656167984,-0.08307498320937157,0.05194531008601189,-1.7311603267111775,1.7000306535878178
p960,process,,2,post,odor,2.0,0.056345248594880104,0.056345248594880104,0.04862501751631498,0.06406547967344522,-0.1398444247947743,0.25253492198453453
p960,process,,3,post,odor,2.0,0.09364732727408409,0.09364732727408409,0.058012763038277626,0.12928189150989056,-0.8119128104549669,0.9992074650031351
p960,process,,21,post,odor,2.0,0.6682184040546417,0.6682184040546417,0.6508686393499374,0.685568168759346,0.2273190791297815,1.109117728979502
p960,process,,1,post,odor,2.0,0.02391998190432787,0.02391998190432787,0.01429611211642623,0.03354385169222951,-0.22064573785440086,0.26848570166305663
p960,process,,22,post,odor,2.0,-0.13564680144190788,-0.13564680144190788,-0.22200427018105984,-0.04928933270275593,-2.330198158036849,2.0589045551530334
p960,process,,10,post,odor,1.0,0.0284174345433712,0.0284174345433712,0.0284174345433712,0.0284174345433712,,
p960,process,,30,post,odor,2.0,0.02976150973699987,0.02976150973699987,0.012744369567371905,0.046778649906627834,-0.4026850243019511,0.4622080437759508
p960,process,,17,post,odor,2.0,0.03222587445634417,0.03222587445634417,0.016599431473878212,0.04785231743881013,-0.3648796932104014,0.42933144212308977
p960,process,,39,post,odor,2.0,0.10524863377213478,0.10524863377213478,0.02820550464093685,0.1822917629033327,-1.8526029107409565,2.063100178285226
p982,process,,39,pre,odor,2.0,0.2516658790409565,0.2516658790409565,0.17630569450557232,0.3270260635763407,-1.6634179882840379,2.1667497463659506
p982,process,,17,pre,odor,2.0,-0.6678581610321999,-0.6678581610321999,-0.8914237208664417,-0.444292601197958,-6.349197711454981,5.013481389390582
p982,process,,32,pre,odor,2.0,1.8329854905605316,1.8329854905605316,1.3502128273248672,2.315758153796196,-10.435431109640806,14.10140209076187
p982,process,,30,pre,odor,2.0,0.19152037799358368,0.19152037799358368,0.020244605839252472,0.3627961501479149,-4.161009676685098,4.5440504326722655
p982,process,,40,pre,odor,2.0,0.9965463280677795,0.9965463280677795,0.6517005860805511,1.341392070055008,-7.766814872107815,9.759907528243374
p982,process,,3,pre,odor,2.0,0.7773176282644272,0.7773176282644272,0.5269771590828896,1.0276580974459648,-5.584436882076869,7.139072138605723
p982,process,,2,pre,odor,2.0,0.39386919885873795,0.39386919885873795,0.17919545993208885,0.608542937785387,-5.061507757705499,5.849246155422975
p982,process,,1,pre,odor,2.0,0.8340742886066437,0.8340742886066437,0.8267298489809036,0.8414187282323837,0.647434381492389,1.0207141957208983
p982,process,,4,pre,odor,2.0,0.8186356574296951,0.8186356574296951,0.5285959765315056,1.1086753383278847,-6.551971476784651,8.189242791644041
p982,process,,31,pre,odor,2.0,1.8920565247535706,1.8920565247535706,1.7421703040599823,2.041942745447159,-1.9169134897748226,5.701026539281964
p982,process,,21,pre,odor,2.0,0.2826503701508045,0.2826503701508045,0.1930702906101942,0.37223044969141483,-1.9937952917008128,2.559096032002422
p982,process,,12,pre,odor,2.0,0.2552547864615917,0.2552547864615917,0.16310271807014942,0.347406854853034,-2.086551309225685,2.5970608821488685
p982,process,,22,pre,odor,2.0,0.8413602113723755,0.8413602113723755,0.6848340630531311,0.9978863596916199,-3.1363463628459556,4.819066785590707
p982,process,,10,pre,odor,2.0,1.0256640315055847,1.0256640315055847,0.7489403784275055,1.302387684583664,-6.006550751198922,8.057878814210092
p982,process,,0,pre,odor,2.0,0.6480612456798553,0.6480612456798553,0.4726378172636032,0.8234846740961075,-3.809870748277315,5.105993239637026
p982,process,,18,pre,odor,2.0,-0.3401869237422943,-0.3401869237422943,-0.8702229112386703,0.18984906375408173,-13.809678473081263,13.129304625596674
p982,process,,12,post,odor,2.0,0.17326518893241882,0.17326518893241882,0.1273597627878189,0.21917061507701874,-0.9933022972568473,1.339832675121685
p982,process,,18,post,odor,2.0,0.10923437029123306,0.10923437029123306,0.10199888050556183,0.1164698600769043,-0.07463685887524582,0.293105599457712
p982,process,,40,post,odor,2.0,0.04354644566774368,0.04354644566774368,-0.016308043152093887,0.10340093448758125,-1.477500332980127,1.5645932243156144
p982,process,,32,post,odor,2.0,0.01976609043776989,0.01976609043776989,-0.015374514274299145,0.054906695149838924,-0.8732413456112988,0.9127735264868386
p982,process,,31,post,odor,2.0,0.062486454378813505,0.062486454378813505,0.02644713898189366,0.09852576977573335,-0.8533593855908593,0.9783322943484863
p982,process,,0,post,odor,2.0,-0.07920143194496632,-0.07920143194496632,-0.10114928055554628,-0.05725358333438635,-0.636949147874159,0.4785462839842264
p982,process,,4,post,odor,2.0,0.002666432410478592,0.002666432410478592,-0.016828326508402824,0.022161191329360008,-0.4927423638008712,0.4980752286218284
p982,process,,2,post,odor,2.0,0.03109129355289042,0.03109129355289042,0.017998068942688406,0.044184518163092434,-0.3016390915550054,0.36382167866078624
p982,process,,3,post,odor,2.0,0.10275125503540039,0.10275125503540039,0.0924336314201355,0.11306887865066528,-0.1594444210572929,0.3649469311280937
p982,process,,21,post,odor,2.0,0.4975086599588394,0.4975086599588394,0.46717800945043564,0.5278393104672432,-0.27326625032343943,1.2682835702411182
p982,process,,1,post,odor,2.0,0.012341350317001343,0.012341350317001343,-0.036972951143980026,0.06165565177798271,-1.240853871252335,1.2655365718863376
p982,process,,22,post,odor,2.0,-0.09540623147040606,-0.09540623147040606,-0.13472372153773904,-0.05608874140307307,-1.0945583884865018,0.9037459255456897
p982,process,,10,post,odor,1.0,0.01906372793018818,0.01906372793018818,0.01906372793018818,0.01906372793018818,,
p982,process,,30,post,odor,2.0,0.0773298975545913,0.0773298975545913,0.041572896647267044,0.11308689846191555,-0.8313416510055013,0.9860014461146839
p982,process,,17,post,odor,2.0,0.016879022121429443,0.016879022121429443,-0.09292198717594147,0.12668003141880035,-2.7734291866206022,2.807187230863461
p982,process,,39,post,odor,2.0,0.16648676991462708,0.16648676991462708,0.11906839907169342,0.21390514075756073,-1.038528286457716,1.3715018262869703
p1004,process,,39,pre,odor,2.0,-0.33270083367824554,-0.33270083367824554,-0.6146746799349785,-0.050726987421512604,-7.498335675247636,6.8329340078911445
p1004,process,,17,pre,odor,2.0,-0.7811666987836361,-0.7811666987836361,-1.110775662586093,-0.45155773498117924,-9.157324652688457,7.594991255121185
p1004,process,,32,pre,odor,2.0,1.0077982544898987,1.0077982544898987,0.956466943025589,1.0591295659542084,-0.2966540511938416,2.3122505601736387
p1004,process,,30,pre,odor,2.0,-0.17451883852481842,-0.17451883852481842,-0.40518302470445633,0.05614534765481949,-6.036251588328011,5.687213911278374
p1004,process,,40,pre,odor,2.0,-0.21533705294132233,-0.21533705294132233,-0.47569409757852554,0.04501999169588089,-6.831636880272677,6.400962774390032
p1004,process,,3,pre,odor,2.0,0.22427013143897057,0.22427013143897057,0.06406564451754093,0.3844746183604002,-3.846911889516041,4.295452152393982
p1004,process,,2,pre,odor,2.0,0.9066274762153625,0.9066274762153625,0.6104114949703217,1.2028434574604034,-6.620934331437382,8.434189283868108
p1004,process,,1,pre,odor,2.0,0.20347155630588531,0.20347155630588531,0.17964095622301102,0.2273021563887596,-0.40212141097191967,0.8090645235836903
p1004,process,,4,pre,odor,2.0,0.3456078767776489,0.3456078767776489,-0.46130526065826416,1.152521014213562,-20.15999918036191,20.85121493391721
p1004,process,,31,pre,odor,2.0,0.4671475887298584,0.4671475887298584,0.3942425847053528,0.540052592754364,-1.3855442261241584,2.319839403583875
p1004,process,,21,pre,odor,2.0,-0.23239558935165405,-0.23239558935165405,-0.2706322520971298,-0.19415892660617828,-1.2040813198958116,0.7392901411925034
p1004,process,,12,pre,odor,2.0,-0.10721713304519653,-0.10721713304519653,-0.3550409972667694,0.14060673117637634,-6.405018647663724,6.190584381573331
p1004,process,,22,pre,odor,2.0,0.08408975601196289,0.08408975601196289,-0.3142924904823303,0.4824720025062561,-10.039763018415442,10.207942530439368
p1004,process,,10,pre,odor,2.0,1.1469709873199463,1.1469709873199463,0.7469378709793091,1.5470041036605835,-9.018834367628308,11.3127763422682
p1004,process,,0,pre,odor,2.0,-0.8080713003873825,-0.8080713003873825,-1.109946571290493,-0.506196029484272,-8.479449294153625,6.863306693378861
p1004,process,,18,pre,odor,2.0,-0.9144398123025894,-0.9144398123025894,-1.245409794151783,-0.5834698304533958,-9.325184514110342,7.496304889505163
p1004,process,,12,post,odor,2.0,-0.030875080730766058,-0.030875080730766058,-0.042217842070385814,-0.019532319391146302,-0.31912197644031753,0.2573718149787854
p1004,process,,18,post,odor,2.0,0.21565154194831848,0.21565154194831848,0.17182676494121552,0.25947631895542145,-0.8980416363905845,1.3293447202872215
p1004,process,,40,post,odor,2.0,0.05380966514348984,0.05380966514348984,0.0033084340393543243,0.10431089624762535,-1.229548298532549,1.3371676288195287
p1004,process,,32,post,odor,2.0,0.010286847595125437,0.010286847595125437,0.00042301579378545284,0.02015067939646542,-0.2403768851069079,0.2609505802971588
p1004,process,,31,post,odor,2.0,0.029380264808423817,0.029380264808423817,0.015730126469861716,0.04303040314698592,-0.31750264000533124,0.3762631696221789
p1004,process,,0,post,odor,2.0,0.05079509969800711,0.05079509969800711,0.03306186804547906,0.06852833135053515,-0.39984904432406265,0.5014392437200769
p1004,process,,4,post,odor,2.0,-0.0032150689512491226,-0.0032150689512491226,-0.010412417352199554,0.003982279449701309,-0.1861170336313606,0.17968689572886234
p1004,process,,2,post,odor,2.0,-0.04412283934652805,-0.04412283934652805,-0.04821947682648897,-0.040026201866567135,-0.14822826844706843,0.059982589754012314
p1004,process,,3,post,odor,2.0,0.07657534256577492,0.07657534256577492,0.013449346646666527,0.1397013384848833,-1.527608314080464,1.6807589992120138
p1004,process,,21,post,odor,2.0,0.26583728939294815,0.26583728939294815,0.24172179028391838,0.2899527885019779,-0.34699564859579324,0.8786702273816895
p1004,process,,1,post,odor,2.0,0.012997090816497803,0.012997090816497803,-0.08512268215417862,0.11111686378717422,-2.480462757248291,2.5064569388812865
p1004,process,,22,post,odor,2.0,0.10651769116520882,0.10651769116520882,0.10308041982352734,0.1099549625068903,0.019168344362827272,0.19386703796759036
p1004,process,,10,post,odor,1.0,0.055579524487257004,0.055579524487257004,0.055579524487257004,0.055579524487257004,,
p1004,process,,30,post,odor,2.0,0.19927792251110077,0.19927792251110077,0.16390260308980942,0.23465324193239212,-0.6996941798379088,1.0982500248601104
p1004,process,,17,post,odor,2.0,0.008108727633953094,0.008108727633953094,-0.06980450078845024,0.08602195605635643,-1.9718541363488507,1.9880715916167568
p1004,process,,39,post,odor,2.0,0.1088356301188469,0.1088356301188469,-0.0007405988872051239,0.2184118591248989,-2.675760369818875,2.893431630056569
p1027,process,,39,pre,odor,2.0,-0.11363348364830017,-0.11363348364830017,-0.5665891617536545,0.33932219445705414,-11.624328648487246,11.397061681190646
p1027,process,,17,pre,odor,2.0,-0.05419161915779114,-0.05419161915779114,-0.5729669481515884,0.46458370983600616,-13.237522703700936,13.129139465385354
p1027,process,,32,pre,odor,2.0,2.635294795036316,2.635294795036316,2.516895353794098,2.753694236278534,-0.3735202871082999,5.644109877180932
p1027,process,,30,pre,odor,2.0,-0.17109063267707825,-0.17109063267707825,-0.5082541555166245,0.16607289016246796,-8.739228134215452,8.397046868861295
p1027,process,,40,pre,odor,2.0,0.7136367987841368,0.7136367987841368,0.3786235498264432,1.0486500477418303,-7.799857062390897,9.22713065995917
p1027,process,,3,pre,odor,2.0,1.4410198777914047,1.4410198777914047,0.6342491284012794,2.24779062718153,-19.060968756024625,21.943008511607434
p1027,process,,2,pre,odor,2.0,1.3044797480106354,1.3044797480106354,0.9047287553548813,1.7042307406663895,-8.85415616433552,11.463115660356792
p1027,process,,1,pre,odor,2.0,0.4854031652212143,0.4854031652212143,0.4137059524655342,0.5571003779768944,-1.3365957633522794,2.3074020937947077
p1027,process,,4,pre,odor,2.0,1.5540695041418076,1.5540695041418076,0.8906094804406166,2.2175295278429985,-15.306048286687489,18.414187294971104
p1027,process,,31,pre,odor,2.0,3.4830918312072754,3.4830918312072754,3.411612033843994,3.5545716285705566,1.6666179516110122,5.299565710803538
p1027,process,,21,pre,odor,2.0,-0.24356065690517426,-0.24356065690517426,-0.2635920122265816,-0.22352930158376694,-0.7526056606189019,0.2654843468085534
p1027,process,,12,pre,odor,2.0,0.44926097989082336,0.44926097989082336,0.07392148673534393,0.8246004730463028,-9.0890199113203,9.987541871101946
p1027,process,,22,pre,odor,2.0,1.6960018277168274,1.6960018277168274,1.2725020349025726,2.119501620531082,-9.066148318734143,12.458151974167798
p1027,process,,10,pre,odor,2.0,1.7888100743293762,1.7888100743293762,1.065968006849289,2.5116521418094635,-16.580348528314207,20.15796867697296
p1027,process,,0,pre,odor,2.0,-0.1173047125339508,-0.1173047125339508,-0.27145127952098846,0.03684185445308685,-4.034540391565486,3.7999309664975844
p1027,process,,18,pre,odor,2.0,-0.7024134993553162,-0.7024134993553162,-1.2228315770626068,-0.1819954216480255,-13.92749078686593,12.522663788155297
p1027,process,,12,post,odor,2.0,-0.005368733778595924,-0.005368733778595924,-0.01597391441464424,0.005236446857452393,-0.27487192663008647,0.2641344590728946
p1027,process,,18,post,odor,2.0,-0.030342938378453255,-0.030342938378453255,-0.030716477893292904,-0.029969398863613605,-0.03983547748366115,-0.02085039927324536
p1027,process,,40,post,odor,2.0,0.07599735260009766,0.07599735260009766,0.07549778744578362,0.0764969177544117,0.06330219834055184,0.08869250685964347
p1027,process,,32,post,odor,2.0,0.15579242259263992,0.15579242259263992,0.14375971630215645,0.1678251288831234,-0.14998763672164034,0.4615724819069202
p1027,process,,31,post,odor,2.0,0.026258425321429968,0.026258425321429968,0.007614167639985681,0.044902683002874255,-0.4475370851874277,0.5000539358302876
p1027,process,,0,post,odor,2.0,-0.09942660247907043,-0.09942660247907043,-0.15388933825306594,-0.044963866705074906,-1.4834559449522158,1.284602739994075
p1027,process,,4,post,odor,2.0,0.018482554703950882,0.018482554703950882,-0.04543900676071644,0.0824041161686182,-1.6059183393481247,1.6428834487560264
p1027,process,,2,post,odor,2.0,-0.03858501184731722,-0.03858501184731722,-0.06101993704214692,-0.016150086652487516,-0.6087105173798575,0.531540493685223
p1027,process,,3,post,odor,2.0,0.05400148872286081,0.05400148872286081,0.03851658618077636,0.06948639126494527,-0.3395071953160133,0.44751017276173494
p1027,process,,21,post,odor,2.0,0.754247397184372,0.754247397184372,0.7395127266645432,0.7689820677042007,0.3798039164943274,1.1286908778744165
p1027,process,,1,post,odor,2.0,-0.044398595578968525,-0.044398595578968525,-0.062031804118305445,-0.026765387039631605,-0.4925009112919262,0.40370372013398914
p1027,process,,22,post,odor,2.0,0.04975548014044762,0.04975548014044762,0.0460894200950861,0.053421540185809135,-0.04340793888249907,0.1429188991633943
p1027,process,,10,post,odor,1.0,-0.1438390165567398,-0.1438390165567398,-0.1438390165567398,-0.1438390165567398,,
p1027,process,,30,post,odor,2.0,0.05024747923016548,0.05024747923016548,-0.011561984196305275,0.11205694265663624,-1.520479914629513,1.620974873089844
p1027,process,,17,post,odor,2.0,-0.10660216212272644,-0.10660216212272644,-0.21146103739738464,-0.0017432868480682373,-2.7713188374123536,2.5581145131669007
p1027,process,,39,post,odor,2.0,-0.10187448002398014,-0.10187448002398014,-0.13463081140071154,-0.06911814864724874,-0.9342917857814446,0.7305428257334843
p1049,process,,39,pre,odor,2.0,-0.16091285645961761,-0.16091285645961761,-0.424205981194973,0.10238026827573776,-6.8518255534888315,6.529999840569596
p1049,process,,17,pre,odor,2.0,-0.3021302241832018,-0.3021302241832018,-0.46559122297912836,-0.13866922538727522,-4.456068058344497,3.851807609978094
p1049,process,,32,pre,odor,2.0,0.956323891878128,0.956323891878128,0.7800065129995346,1.1326412707567215,-3.524325537276055,5.436973321032311
p1049,process,,30,pre,odor,2.0,0.25253549218177795,0.25253549218177795,0.24121536314487457,0.26385562121868134,-0.035136262183842915,0.5402072465473988
p1049,process,,40,pre,odor,2.0,-0.03606049716472626,-0.03606049716472626,-0.1254536360502243,0.05333264172077179,-2.307755546541601,2.2356345522121486
p1049,process,,3,pre,odor,2.0,0.7537446022033691,0.7537446022033691,0.5565447211265564,0.9509444832801819,-4.2575795236192,5.7650687280259385
p1049,process,,2,pre,odor,2.0,0.5327104926109314,0.5327104926109314,0.3299461901187897,0.7354747951030731,-4.620018988694688,5.685439973916551
p1049,process,,1,pre,odor,2.0,0.5145035088062286,0.5145035088062286,0.3858371824026108,0.6431698352098465,-2.755217863065467,3.7842248806779244
p1049,process,,4,pre,odor,2.0,0.582780085504055,0.582780085504055,0.3552067317068577,0.8103534393012524,-5.200407166186161,6.365967337194271
p1049,process,,31,pre,odor,2.0,1.5491902232170105,1.5491902232170105,1.5161748826503754,1.5822055637836456,0.7101908698686109,2.38818957656541
p1049,process,,21,pre,odor,2.0,-0.31954263150691986,-0.31954263150691986,-0.3300553932785988,-0.30902986973524094,-0.5866972383340858,-0.05238802467975384
p1049,process,,12,pre,odor,2.0,0.16176405549049377,0.16176405549049377,-0.05961941182613373,0.3831475228071213,-5.464123266368121,5.787651377349109
p1049,process,,22,pre,odor,2.0,1.0241561532020569,1.0241561532020569,0.8135941922664642,1.2347181141376495,-4.326730617394059,6.375042923798173
p1049,process,,10,pre,odor,2.0,1.0251806750893593,1.0251806750893593,0.5812058709561825,1.469155479222536,-10.257288842949047,12.307650193127765
p1049,process,,0,pre,odor,2.0,0.10016728192567825,0.10016728192567825,-0.040096480399370193,0.2404310442507267,-3.4642728804107463,3.664607444262103
p1049,process,,18,pre,odor,2.0,-0.3044198453426361,-0.3044198453426361,-0.6093119531869888,0.00047226250171661377,-8.052462934771036,7.443623244085765
p1049,process,,12,post,odor,2.0,-0.03543471917510033,-0.03543471917510033,-0.07553943432867527,0.004669995978474617,-1.0545921624296823,0.9837227240794817
p1049,process,,18,post,odor,2.0,0.14969725534319878,0.14969725534319878,0.1252301950007677,0.17416431568562984,-0.47206970066334053,0.7714642113497381
p1049,process,,40,post,odor,2.0,-0.030237611383199692,-0.030237611383199692,-0.0374896414577961,-0.022985581308603287,-0.21452916914463602,0.15405394637823663
p1049,process,,32,post,odor,2.0,-0.158202163875103,-0.158202163875103,-0.18085582181811333,-0.13554850593209267,-0.7338861955694216,0.4174818678192156
p1049,process,,31,post,odor,2.0,-0.04549156501889229,-0.04549156501889229,-0.12334848381578922,0.032365353778004646,-2.0240234657410934,1.9330403357033086
p1049,process,,0,post,odor,2.0,0.06541477143764496,0.06541477143764496,-0.11451742798089981,0.24534697085618973,-4.507095957446841,4.637925500322131
p1049,process,,4,post,odor,2.0,0.035025451332330704,0.035025451332330704,-0.019549908116459846,0.08960081078112125,-1.351865930080987,1.4219168327456484
p1049,process,,2,post,odor,2.0,0.23511671647429466,0.23511671647429466,0.15568594075739384,0.3145474921911955,-1.7834106807499355,2.253644113698525
p1049,process,,3,post,odor,2.0,-0.027300670742988586,-0.027300670742988586,-0.05772249028086662,0.00312114879488945,-0.800392405733464,0.7457910642474869
p1049,process,,21,post,odor,2.0,0.29923296719789505,0.29923296719789505,0.26007940992712975,0.33838652446866035,-0.6957532624658752,1.2942191968616652
p1049,process,,1,post,odor,2.0,0.11229068040847778,0.11229068040847778,0.03565073013305664,0.18893063068389893,-1.8353151179310205,2.059896478747976
p1049,process,,22,post,odor,2.0,0.08911679312586784,0.08911679312586784,0.012325743213295937,0.16590784303843975,-1.8623288110640293,2.0405623973157647
p1049,process,,10,post,odor,1.0,0.08131388574838638,0.08131388574838638,0.08131388574838638,0.08131388574838638,,
p1049,process,,30,post,odor,2.0,0.0597086027264595,0.0597086027264595,0.05589569732546806,0.06352150812745094,-0.0371865106028675,0.1566037160557865
p1049,process,,17,post,odor,2.0,0.06018288619816303,0.06018288619816303,0.05765960272401571,0.06270616967231035,-0.003939826661680995,0.12430559905800706
p1049,process,,39,post,odor,2.0,-0.06166237220168114,-0.06166237220168114,-0.10684705339372158,-0.016477691009640694,-1.2099139925313769,1.0865892481280146
p1071,process,,39,pre,odor,2.0,-0.24775012210011482,-0.24775012210011482,-0.39124430157244205,-0.10425594262778759,-3.8942829677496866,3.398782723549457
p1071,process,,17,pre,odor,2.0,0.05495293438434601,0.05495293438434601,-0.13806987553834915,0.24797574430704117,-4.850221748874648,4.96012761764334
p1071,process,,32,pre,odor,2.0,0.9737316071987152,0.9737316071987152,0.8650421053171158,1.0824211090803146,-1.7883305199621784,3.735793734359609
p1071,process,,30,pre,odor,2.0,0.30642688646912575,0.30642688646912575,0.20097238384187222,0.4118813890963793,-2.3734261149975855,2.986279887935837
p1071,process,,40,pre,odor,2.0,0.26838065683841705,0.26838065683841705,0.19281675666570663,0.34394455701112747,-1.6518801156782328,2.1886414293550667
p1071,process,,3,pre,odor,2.0,0.36161181796342134,0.36161181796342134,0.18393897218629718,0.5392846637405455,-4.15348329104244,4.876706926969283
p1071,process,,2,pre,odor,2.0,0.41332608088850975,0.41332608088850975,0.266905689612031,0.5597464721649885,-3.307568857330983,4.134221019108002
p1071,process,,1,pre,odor,2.0,0.2796229347586632,0.2796229347586632,0.16485289111733437,0.394392978399992,-2.6369604094141934,3.1962062789315198
p1071,process,,4,pre,odor,2.0,0.594894528388977,0.594894528388977,0.46700814366340637,0.7227809131145477,-2.655006646195633,3.8447957029735873
p1071,process,,31,pre,odor,2.0,2.206812620162964,2.206812620162964,2.160092353820801,2.253532886505127,1.0195380812186923,3.3940871591072357
p1071,process,,21,pre,odor,2.0,-0.3365575969219208,-0.3365575969219208,-0.3442777395248413,-0.32883745431900024,-0.5327450219322666,-0.140370171911575
p1071,process,,12,pre,odor,2.0,0.2430712878704071,0.2430712878704071,-0.05366496741771698,0.5398075431585312,-7.297711936803002,7.783854512543816
p1071,process,,22,pre,odor,2.0,1.3749489784240723,1.3749489784240723,1.163740336894989,1.5861576199531555,-3.9923715042116488,6.742269461059793
p1071,process,,10,pre,odor,2.0,1.3861379623413086,1.3861379623413086,1.0216058492660522,1.750670075416565,-7.877501360947875,10.649777285630492
p1071,process,,0,pre,odor,2.0,-0.3013203889131546,-0.3013203889131546,-0.35608407109975815,-0.24655670672655106,-1.69299750485273,1.0903567270264207
p1071,process,,18,pre,odor,2.0,-0.3769181966781616,-0.3769181966781616,-0.9362230896949768,0.18238669633865356,-14.590203157910038,13.836366764553715
p1071,process,,12,post,odor,2.0,0.14198650885373354,0.14198650885373354,0.085447549354285,0.19852546835318208,-1.2948046810868308,1.5787776987942979
p1071,process,,18,post,odor,2.0,0.19393188506364822,0.19393188506364822,0.17919277027249336,0.20867099985480309,-0.18062453526914052,0.5684883053964369
p1071,process,,40,post,odor,2.0,0.06042707338929176,0.06042707338929176,0.017142770811915398,0.10371137596666813,-1.0395313474320644,1.160385494210648
p1071,process,,32,post,odor,2.0,0.10893590375781059,0.10893590375781059,0.10144072212278843,0.11643108539283276,-0.08153472102100581,0.29940652853662697
p1071,process,,31,post,odor,2.0,-0.1053925147280097,-0.1053925147280097,-0.17027492774650455,-0.040510101709514856,-1.7542109619080934,1.543425932452074
p1071,process,,0,post,odor,2.0,0.09719491191208363,0.09719491191208363,0.066413807682693,0.12797601614147425,-0.6850271127762563,0.8794169366004235
p1071,process,,4,post,odor,2.0,-0.03792346641421318,-0.03792346641421318,-0.10144489072263241,0.025597957894206047,-1.6521559112066107,1.5763089783781843
p1071,process,,2,post,odor,2.0,0.06278881058096886,0.06278881058096886,0.04680349864065647,0.07877412252128124,-0.3434364819894853,0.469014103151423
p1071,process,,3,post,odor,2.0,-0.07483910489827394,-0.07483910489827394,-0.12163567030802369,-0.0280425394885242,-1.264052586990416,1.1143743771938681
p1071,process,,21,post,odor,2.0,0.5721609592437744,0.5721609592437744,0.5436890125274658,0.600632905960083,-0.15137980918597316,1.295701727673522
p1071,process,,1,post,odor,2.0,-0.07663212716579437,-0.07663212716579437,-0.07958255708217621,-0.07368169724941254,-0.15160966032035916,-0.001654594011229596
p1071,process,,22,post,odor,2.0,0.07653963193297386,0.07653963193297386,0.0525550227612257,0.10052424110472202,-0.5329670773737571,0.6860463412397049
p1071,process,,10,post,odor,1.0,-0.06766226142644882,-0.06766226142644882,-0.06766226142644882,-0.06766226142644882,,
p1071,process,,30,post,odor,2.0,-0.061523688258603215,-0.061523688258603215,-0.08960692083928734,-0.03344045567791909,-0.7751862939061714,0.652138917388965
p1071,process,,17,post,odor,2.0,-0.03488019481301308,-0.03488019481301308,-0.08502581901848316,0.015265429392457008,-1.3092013303689738,1.2394409407429476
p1071,process,,39,post,odor,2.0,-0.055631560273468494,-0.055631560273468494,-0.0928144515492022,-0.018448668997734785,-1.000538418738261,0.8892752981913242
p1093,process,,39,pre,odor,2.0,0.18608435988426208,0.18608435988426208,0.05024987459182739,0.3219188451766968,-3.265797200832909,3.637965920601433
p1093,process,,17,pre,odor,2.0,-0.9883033633232117,-0.9883033633232117,-0.9892085194587708,-0.9873982071876526,-1.0113055616764484,-0.9653011649699749
p1093,process,,32,pre,odor,2.0,1.716216504573822,1.716216504573822,1.5610171854496002,1.8714158236980438,-2.2277721428407276,5.660205151988372
p1093,process,,30,pre,odor,2.0,-0.23766297101974487,-0.23766297101974487,-0.7854913175106049,0.3101653754711151,-14.159301232605575,13.683975290566085
p1093,process,,40,pre,odor,2.0,-0.5550253987312317,-0.5550253987312317,-1.0918178260326385,-0.01823297142982483,-14.196214362970924,13.08616356550846
p1093,process,,3,pre,odor,2.0,0.46059037279337645,0.46059037279337645,0.24458436714485288,0.6765963784419,-5.028642691233519,5.949823436820272
p1093,process,,2,pre,odor,2.0,1.6598802208900452,1.6598802208900452,1.3345631062984467,1.9851973354816437,-6.607211503474865,9.926971945254955
p1093,process,,1,pre,odor,2.0,0.5312125533819199,0.5312125533819199,0.35773957520723343,0.7046855315566063,-3.87715380038114,4.93957890714498
p1093,process,,4,pre,odor,2.0,0.36968523263931274,0.36968523263931274,-0.5835566818714142,1.3229271471500397,-23.85448862511355,24.593859090392176
p1093,process,,31,pre,odor,2.0,0.16027033980935812,0.16027033980935812,0.07501381123438478,0.24552686838433146,-2.006303474528921,2.3268441541476372
p1093,process,,21,pre,odor,2.0,-0.03915303200483322,-0.03915303200483322,-0.09917638078331947,0.02087031677365303,-1.5644909490653682,1.4861848850557018
p1093,process,,12,pre,odor,2.0,-0.6721767485141754,-0.6721767485141754,-1.1236598640680313,-0.22069363296031952,-12.145450550820795,10.801097053792445
p1093,process,,22,pre,odor,2.0,0.4793744385242462,0.4793744385242462,0.09759633243083954,0.8611525446176529,-9.22252712109945,10.181275998147942
p1093,process,,10,pre,odor,2.0,1.4085404872894287,1.4085404872894287,0.9829392433166504,1.834141731262207,-9.407012596488086,12.224093571066943
p1093,process,,0,pre,odor,2.0,-1.280367374420166,-1.280367374420166,-1.5840165615081787,-0.9767181873321533,-8.996824852646771,6.436090103806439
p1093,process,,18,pre,odor,2.0,-0.8873098641633987,-0.8873098641633987,-1.1483198180794716,-0.6262999102473259,-7.520201689437684,5.7455819611108865
p1093,process,,12,post,odor,2.0,0.21471357345581055,0.21471357345581055,0.15798057615756989,0.2714465707540512,-1.2270085844807725,1.6564357313923936
p1093,process,,18,post,odor,2.0,0.33662283420562744,0.33662283420562744,0.3201393634080887,0.3531063050031662,-0.082261875226941,0.7555075436381959
p1093,process,,40,post,odor,2.0,0.2947639971971512,0.2947639971971512,0.17987852543592453,0.40964946895837784,-2.624752653623173,3.2142806480174753
p1093,process,,32,post,odor,2.0,0.32490038126707077,0.32490038126707077,0.24716592207551003,0.4026348404586315,-1.6505195258205045,2.300320288354646
p1093,process,,31,post,odor,2.0,0.18444213457405567,0.18444213457405567,0.10829529445618391,0.26058897469192743,-1.750632546526823,2.1195168156749347
p1093,process,,0,post,odor,2.0,0.20670010149478912,0.20670010149478912,0.1824490651488304,0.23095113784074783,-0.4095771642575413,0.8229773672471196
p1093,process,,4,post,odor,2.0,-0.08175283670425415,-0.08175283670425415,-0.09554160386323929,-0.06796406954526901,-0.4321586338672682,0.2686529604587599
p1093,process,,2,post,odor,2.0,-0.04504885245114565,-0.04504885245114565,-0.06081366026774049,-0.02928404463455081,-0.44567060393934804,0.35557289903705674
p1093,process,,3,post,odor,2.0,0.0984467975795269,0.0984467975795269,0.09303179197013378,0.10386180318892002,-0.03916154226143989,0.2360551374204937
p1093,process,,21,post,odor,2.0,0.6667611002922058,0.6667611002922058,0.6653808653354645,0.6681413352489471,0.6316860044034446,0.701836196180967
p1093,process,,1,post,odor,2.0,-0.02786608226597309,-0.02786608226597309,-0.02850194461643696,-0.027230219915509224,-0.044024876684011414,-0.011707287847934768
p1093,process,,22,post,odor,2.0,0.08887414634227753,0.08887414634227753,0.076155174523592,0.10159311816096306,-0.23434557358143154,0.4120938662659866
p1093,process,,10,post,odor,1.0,0.4148619472980499,0.4148619472980499,0.4148619472980499,0.4148619472980499,,
p1093,process,,30,post,odor,2.0,-0.07729154825210571,-0.07729154825210571,-0.1498333215713501,-0.004749774932861328,-1.920752795691094,1.7661696991868825
p1093,process,,17,post,odor,2.0,0.1501755267381668,0.1501755267381668,0.14850293099880219,0.15184812247753143,0.10767083892772601,0.19268021454860762
p1093,process,,39,post,odor,2.0,0.36011248640716076,0.36011248640716076,0.20019998867064714,0.5200249841436744,-3.7036493858192676,4.423874358633589
p1116,process,,39,pre,odor,2.0,1.440963864326477,1.440963864326477,1.223011314868927,1.658916413784027,-4.097735568031266,6.97966329668422
p1116,process,,17,pre,odor,2.0,0.9654596149921417,0.9654596149921417,0.9370395988225937,0.9938796311616898,0.2432385268807965,1.6876807031034868
p1116,process,,32,pre,odor,2.0,1.5508770942687988,1.5508770942687988,1.4277271032333374,1.6740270853042603,-1.578660904440503,4.680415092978101
p1116,process,,30,pre,odor,2.0,2.2967545986175537,2.2967545986175537,2.2045767307281494,2.388932466506958,-0.045707124476114025,4.6392163217112214
p1116,process,,40,pre,odor,2.0,1.0167246758937836,1.0167246758937836,0.9197017103433609,1.1137476414442062,-1.4488626528952055,3.4823120046827727
p1116,process,,3,pre,odor,2.0,1.3022413849830627,1.3022413849830627,0.9364108741283417,1.6680718958377838,-7.994393354335866,10.598876124301992
p1116,process,,2,pre,odor,2.0,1.7547702193260193,1.7547702193260193,1.6932412087917328,1.8162992298603058,0.19116980920023185,3.318370629451807
p1116,process,,1,pre,odor,2.0,1.3912372589111328,1.3912372589111328,1.2796121835708618,1.5028623342514038,-1.445424863017684,4.22789938083995
p1116,process,,4,pre,odor,2.0,1.8687906861305237,1.8687906861305237,1.7529474198818207,1.9846339523792267,-1.0750658303959089,4.812647202656956
p1116,process,,31,pre,odor,2.0,2.267996072769165,2.267996072769165,2.2438879013061523,2.2921042442321777,1.655349347921478,2.880642797616852
p1116,process,,21,pre,odor,2.0,1.914082407951355,1.914082407951355,1.891379714012146,1.936785101890564,1.3371522534427518,2.491012562459958
p1116,process,,12,pre,odor,2.0,1.6083118915557861,1.6083118915557861,1.284185767173767,1.9324380159378052,-6.62851390192573,9.845137685037303
p1116,process,,22,pre,odor,2.0,1.9473376274108887,1.9473376274108887,1.838724970817566,2.0559502840042114,-0.8127716758182975,4.707446930640074
p1116,process,,10,pre,odor,2.0,1.4626361429691315,1.4626361429691315,1.0245399326086044,1.9007323533296585,-9.670444142997097,12.59571642893536
p1116,process,,0,pre,odor,2.0,1.1644468009471893,1.1644468009471893,0.9543808251619339,1.3745127767324448,-4.1738357919163525,6.502729393810731
p1116,process,,18,pre,odor,2.0,-0.025785627774894238,-0.025785627774894238,-0.044019592460244894,-0.007551663089543581,-0.4891546046633835,0.43758334911359503
p1116,process,,12,post,odor,2.0,0.05506512522697449,0.05506512522697449,-0.010338850319385529,0.1204691007733345,-1.6070074824766525,1.7171377329306015
p1116,process,,18,post,odor,2.0,0.049039749428629875,0.049039749428629875,-0.004193331114947796,0.10227282997220755,-1.303741090819321,1.4018205896765807
p1116,process,,40,post,odor,2.0,-0.1084599420428276,-0.1084599420428276,-0.12239048257470131,-0.0945294015109539,-0.4624685422099619,0.2455486581243067
p1116,process,,32,post,odor,2.0,-0.0022883584606461227,-0.0022883584606461227,-0.003031299536814913,-0.0015454173844773322,-0.02116828130207534,0.016591564380783096
p1116,process,,31,post,odor,2.0,0.11012225225567818,0.11012225225567818,0.023452429100871086,0.19679207541048527,-2.092366782650388,2.312611287161744
p1116,process,,0,post,odor,2.0,0.03502236679196358,0.03502236679196358,0.005313938483595848,0.0647307951003313,-0.7199403781602132,0.7899851117441403
p1116,process,,4,post,odor,2.0,-0.08428272418677807,-0.08428272418677807,-0.09900628682225943,-0.06955916155129671,-0.45844392677141405,0.2898784783978579
p1116,process,,2,post,odor,2.0,0.004115564748644829,0.004115564748644829,-0.004234655760228634,0.012465785257518291,-0.20808365800725723,0.21631478750454688
p1116,process,,3,post,odor,2.0,-0.0865111704915762,-0.0865111704915762,-0.140735256485641,-0.03228708449751139,-1.4644758470366366,1.2914535060534842
p1116,process,,21,post,odor,2.0,2.4240310192108154,2.4240310192108154,2.0804799795150757,2.767582058906555,-6.3064286761886805,11.154490714610311
p1116,process,,1,post,odor,2.0,-0.040775685803964734,-0.040775685803964734,-0.06008262524846941,-0.021468746359460056,-0.5314115366255714,0.4498601650176419
p1116,process,,22,post,odor,2.0,0.0741470642387867,0.0741470642387867,-0.005034016445279121,0.15332814492285252,-1.9380349805678287,2.086329109045402
p1116,process,,10,post,odor,1.0,-0.09002932161092758,-0.09002932161092758,-0.09002932161092758,-0.09002932161092758,,
p1116,process,,30,post,odor,2.0,0.08368706330657005,0.08368706330657005,0.06493210233747959,0.10244202427566051,-0.39292168447788745,0.5602958110910276
p1116,process,,17,post,odor,2.0,-0.002523820847272873,-0.002523820847272873,-0.06322275288403034,0.058175111189484596,-1.5450299362996602,1.5399822946051145
p1116,process,,39,post,odor,2.0,0.07332088612020016,0.07332088612020016,0.022638523019850254,0.12400324922055006,-1.2146400780121829,1.3612818502525832
p1138,process,,39,pre,odor,2.0,0.2908046543598175,0.2908046543598175,0.2578609883785248,0.32374832034111023,-0.5463732750770999,1.1279825837967348
p1138,process,,17,pre,odor,2.0,-1.039194107055664,-1.039194107055664,-1.052034318447113,-1.026353895664215,-1.3654948166466905,-0.7128933974646376
p1138,process,,32,pre,odor,2.0,1.4851563572883606,1.4851563572883606,1.375206083059311,1.5951066315174103,-1.3089450330173542,4.279257747594075
p1138,process,,30,pre,odor,2.0,1.022427573800087,1.022427573800087,0.7060519680380821,1.3388031795620918,-7.017438866886561,9.062294014486735
p1138,process,,40,pre,odor,2.0,0.43612025678157806,0.43612025678157806,0.34338585287332535,0.5288546606898308,-1.9204843875091773,2.7927249010723334
p1138,process,,3,pre,odor,2.0,0.3983123004436493,0.3983123004436493,0.3740597814321518,0.4225648194551468,-0.21800264341246323,1.0146272442997617
p1138,process,,2,pre,odor,2.0,-0.05863714963197708,-0.05863714963197708,-0.18132640793919563,0.06405210867524147,-3.1764668195938586,3.0591925203299044
p1138,process,,1,pre,odor,2.0,1.130674958229065,1.130674958229065,0.9328449964523315,1.3285049200057983,-3.896661036340512,6.158010952798642
p1138,process,,4,pre,odor,2.0,-0.31172043085098267,-0.31172043085098267,-0.3599212318658829,-0.26351962983608246,-1.5366189231368608,0.9131780614348954
p1138,process,,31,pre,odor,2.0,1.3708903789520264,1.3708903789520264,1.192337691783905,1.5494430661201477,-3.1665636197525773,5.90834437765663
p1138,process,,21,pre,odor,2.0,-0.018393196165561676,-0.018393196165561676,-0.1329154558479786,0.09612906351685524,-2.9286797529138693,2.891893360582746
p1138,process,,12,pre,odor,2.0,0.4254111433401704,0.4254111433401704,0.2196966684423387,0.6311256182380021,-4.8022893271528675,5.653111613833208
p1138,process,,22,pre,odor,2.0,0.19699165225028992,0.19699165225028992,0.16298457980155945,0.23099872469902039,-0.6672099977727002,1.06119330227328
p1138,process,,10,pre,odor,2.0,0.6927169561386108,0.6927169561386108,0.6648564636707306,0.7205774486064911,-0.01528528655646788,1.4007191988336896
p1138,process,,0,pre,odor,2.0,-0.13230599462985992,-0.13230599462985992,-0.36235661059617996,0.09774462133646011,-5.978446446932182,5.713834457672462
p1138,process,,18,pre,odor,2.0,-0.5524626523256302,-0.5524626523256302,-0.594566710293293,-0.5103585943579674,-1.6224282138474124,0.517502909196152
p1138,process,,12,post,odor,2.0,0.11722852289676666,0.11722852289676666,0.07774557173252106,0.15671147406101227,-0.8861283992658167,1.12058544505935
p1138,process,,18,post,odor,2.0,-0.029595140367746353,-0.029595140367746353,-0.06057623587548733,0.0013859551399946213,-0.8168994253124241,0.7577091445769314
p1138,process,,40,post,odor,2.0,-0.07858489360660315,-0.07858489360660315,-0.12953878147527575,-0.027631005737930536,-1.3734459563334873,1.216276169120281
p1138,process,,32,post,odor,2.0,0.0292345667257905,0.0292345667257905,0.0044274902902543545,0.05404164316132665,-0.6011730174659236,0.6596421509175046
p1138,process,,31,post,odor,2.0,0.1309933364391327,0.1309933364391327,0.12643270194530487,0.1355539709329605,0.015096625228259261,0.2468900476500061
p1138,process,,0,post,odor,2.0,0.0021328534930944443,0.0021328534930944443,-0.02241767104715109,0.026683378033339977,-0.6217551288845873,0.6260208358707762
p1138,process,,4,post,odor,2.0,-0.0013191774487495422,-0.0013191774487495422,-0.02443232573568821,0.021793970838189125,-0.5886799659115657,0.5860416110140666
p1138,process,,2,post,odor,2.0,0.09151720628142357,0.09151720628142357,0.0681720469146967,0.11486236564815044,-0.5017395427430924,0.6847739553059395
p1138,process,,3,post,odor,2.0,0.034706939943134785,0.034706939943134785,0.020184419583529234,0.049229460302740335,-0.33434529400569213,0.4037591738919617
p1138,process,,21,post,odor,2.0,0.22039739042520523,0.22039739042520523,0.1689310036599636,0.27186377719044685,-1.087487504115418,1.5282822849658284
p1138,process,,1,post,odor,2.0,0.04088269639760256,0.04088269639760256,0.033548380713909864,0.04821701208129525,-0.1454999369558703,0.2272653297510754
p1138,process,,22,post,odor,2.0,0.15858088061213493,0.15858088061213493,0.14020087011158466,0.1769608911126852,-0.3084994723339299,0.6256612335581997
p1138,process,,10,post,odor,1.0,-0.1435272991657257,-0.1435272991657257,-0.1435272991657257,-0.1435272991657257,,
p1138,process,,30,post,odor,2.0,0.08861901797354221,0.08861901797354221,0.05987828876823187,0.11735974717885256,-0.641752161125715,0.8189901970727994
p1138,process,,17,post,odor,2.0,0.08024982549250126,0.08024982549250126,0.06690490152686834,0.09359474945813417,-0.258876846699531,0.4193764976845335
p1138,process,,39,post,odor,2.0,0.06498671625740826,0.06498671625740826,0.03621608845423907,0.09375734406057745,-0.666144258253287,0.7961176907681036
p1160,process,,39,pre,odor,2.0,1.628006398677826,1.628006398677826,1.544466644525528,1.711546152830124,-0.49494004105976996,3.750952838415422
p1160,process,,17,pre,odor,2.0,1.140303134918213,1.140303134918213,0.9442718625068665,1.3363344073295593,-3.8413238289845895,6.121930098821015
p1160,process,,32,pre,odor,2.0,3.107111632823944,3.107111632823944,2.4478886425495148,3.7663346230983734,-13.645332929616451,19.85955619526434
p1160,process,,30,pre,odor,2.0,2.2297919392585754,2.2297919392585754,2.090258091688156,2.3693257868289948,-1.3160993304533037,5.775683208970454
p1160,process,,40,pre,odor,2.0,1.0672553032636642,1.0672553032636642,0.757423885166645,1.3770867213606834,-6.80630756081647,8.9408181673438
p1160,process,,3,pre,odor,2.0,1.8746963143348694,1.8746963143348694,1.336469978094101,2.412922650575638,-11.80293173101794,15.55232435968768
p1160,process,,2,pre,odor,2.0,2.4652706384658813,2.4652706384658813,2.3233914971351624,2.6071497797966003,-1.1402201966156795,6.070761473547442
p1160,process,,1,pre,odor,2.0,1.8108460307121277,1.8108460307121277,1.7613126337528229,1.8603794276714325,0.5520830646258479,3.0696089967984075
p1160,process,,4,pre,odor,2.0,2.117646336555481,2.117646336555481,1.8216943144798279,2.413598358631134,-5.403207632600799,9.638500305711762
p1160,process,,31,pre,odor,2.0,2.575296998023987,2.575296998023987,2.421874701976776,2.7287192940711975,-1.3235332113157425,6.474127207363717
p1160,process,,21,pre,odor,2.0,1.7975046634674072,1.7975046634674072,1.7703832387924194,1.824626088142395,1.108283914153137,2.486725412781677
p1160,process,,12,pre,odor,2.0,1.4439118802547455,1.4439118802547455,1.1555506139993668,1.7322731465101242,-5.884042693792105,8.771866454301595
p1160,process,,22,pre,odor,2.0,2.7527161836624146,2.7527161836624146,2.6566362977027893,2.84879606962204,0.3110947795997854,5.194337587725044
p1160,process,,10,pre,odor,2.0,1.838150143623352,1.838150143623352,1.4916231036186218,2.1846771836280823,-6.9679368902180485,10.644237177464753
p1160,process,,0,pre,odor,2.0,0.8525371849536896,0.8525371849536896,0.7611401528120041,0.9439342170953751,-1.4700816203883003,3.1751559902956794
p1160,process,,18,pre,odor,2.0,-0.49106311053037643,-0.49106311053037643,-0.807085569947958,-0.17504065111279488,-8.521955251708876,7.539829030648123
p1160,process,,12,post,odor,2.0,-0.06791229732334614,-0.06791229732334614,-0.12492725346237421,-0.010897341184318066,-1.516799708776368,1.3809751141296758
p1160,process,,18,post,odor,2.0,-0.07229031203314662,-0.07229031203314662,-0.10449224500916898,-0.04008837905712426,-0.8906190186209775,0.7460383945546842
p1160,process,,40,post,odor,2.0,0.005102565512061119,0.005102565512061119,-0.009195116348564625,0.019400247372686863,-0.35823598043554256,0.3684411114596648
p1160,process,,32,post,odor,2.0,0.0650106817483902,0.0650106817483902,0.05571826174855232,0.07430310174822807,-0.17113210027653872,0.3011534637733191
p1160,process,,31,post,odor,2.0,-0.11548193916678429,-0.11548193916678429,-0.19455687515437603,-0.03640700317919254,-2.124966591483282,1.8940027131497135
p1160,process,,0,post,odor,2.0,0.1244390718638897,0.1244390718638897,0.11578360386192799,0.1330945398658514,-0.09551722517677905,0.34439536890455846
p1160,process,,4,post,odor,2.0,-0.0628019142895937,-0.0628019142895937,-0.07813736144453287,-0.04746646713465452,-0.45251257683248347,0.3269087482532961
p1160,process,,2,post,odor,2.0,0.0020432863384485245,0.0020432863384485245,-0.013514448888599873,0.01760102156549692,-0.3933162517136999,0.39740282439059693
p1160,process,,3,post,odor,2.0,0.1494445540010929,0.1494445540010929,0.09914824925363064,0.19974085874855518,-1.128705737187489,1.4275948451896747
p1160,process,,21,post,odor,2.0,3.048197031021118,3.048197031021118,2.93491530418396,3.1614787578582764,0.1694354029004237,5.926958659141812
p1160,process,,1,post,odor,2.0,0.10866347467526793,0.10866347467526793,0.04663512879051268,0.1706918205600232,-1.4676262498406505,1.6849531991911864
p1160,process,,22,post,odor,2.0,0.08425603527575731,0.08425603527575731,0.02697800425812602,0.1415340662933886,-1.371316742714218,1.5398288132657327
p1160,process,,10,post,odor,1.0,-0.1448771208524704,-0.1448771208524704,-0.1448771208524704,-0.1448771208524704,,
p1160,process,,30,post,odor,2.0,-0.057737880386412144,-0.057737880386412144,-0.09705941053107381,-0.01841635024175048,-1.0569927055018842,0.94151694472906
p1160,process,,17,post,odor,2.0,-0.024287018924951553,-0.024287018924951553,-0.08004178293049335,0.03146774508059025,-1.4411499118679865,1.3925758740180834
p1160,process,,39,post,odor,2.0,0.039437923580408096,0.039437923580408096,0.0020336639136075974,0.0768421832472086,-0.911094439082409,0.9899702862432251
p1183,process,,39,pre,odor,2.0,-0.5959554053843021,-0.5959554053843021,-0.8572613168507814,-0.33464949391782284,-7.236368225115951,6.044457414347347
p1183,process,,17,pre,odor,2.0,-0.2729956600815058,-0.2729956600815058,-0.4259923743084073,-0.11999894585460424,-4.161010809939551,3.615019489776539
p1183,process,,32,pre,odor,2.0,3.9492194652557373,3.9492194652557373,3.867515444755554,4.03092348575592,1.872923440767856,6.0255154897436185
p1183,process,,30,pre,odor,2.0,4.658542990684509,4.658542990684509,4.313068449497223,5.004017531871796,-4.1207975122388465,13.437883493607865
p1183,process,,40,pre,odor,2.0,0.3976692333817482,0.3976692333817482,0.31261732801795006,0.48272113874554634,-1.763704612126599,2.5590430788900953
p1183,process,,3,pre,odor,2.0,1.540992110967636,1.540992110967636,0.9819479137659073,2.100036308169365,-12.665667941463537,15.74765216339881
p1183,process,,2,pre,odor,2.0,1.0049479603767395,1.0049479603767395,0.7553678452968597,1.2545280754566193,-5.337484120189247,7.347380040942726
p1183,process,,1,pre,odor,2.0,0.4895108491182327,0.4895108491182327,0.4029747471213341,0.5760469511151314,-1.7095800089679472,2.6886017072044126
p1183,process,,4,pre,odor,2.0,1.2227663695812225,1.2227663695812225,0.8013729602098465,1.6441597789525986,-9.485855498313535,11.93138823747598
p1183,process,,31,pre,odor,2.0,3.7913544178009033,3.7913544178009033,3.69298255443573,3.8897262811660767,1.2914883454071129,6.291220490194694
p1183,process,,21,pre,odor,2.0,6.046530842781067,6.046530842781067,4.412975013256073,7.680086672306061,-35.466058793051445,47.55912047861358
p1183,process,,12,pre,odor,2.0,0.7321279123425484,0.7321279123425484,0.45933301374316216,1.0049228109419346,-6.200247752833085,7.664503577518182
p1183,process,,22,pre,odor,2.0,1.951168715953827,1.951168715953827,1.8419630825519562,2.0603743493556976,-0.8240095567417871,4.726346988649441
p1183,process,,10,pre,odor,2.0,1.3406561017036438,1.3406561017036438,1.0999559462070465,1.581356257200241,-4.776114809834056,7.457427013241343
p1183,process,,0,pre,odor,2.0,-0.2105308584868908,-0.2105308584868908,-0.2721464540809393,-0.1489152628928423,-1.776331603605538,1.3552698866317565
p1183,process,,18,pre,odor,2.0,-0.8696036487817764,-0.8696036487817764,-1.1153723075985909,-0.623834989964962,-7.1151774421047955,5.375970144541243
p1183,process,,12,post,odor,2.0,-0.01262967474758625,-0.01262967474758625,-0.048602812923491,0.0233434634283185,-0.9267937920790815,0.901534442583909
p1183,process,,18,post,odor,2.0,0.13866430893540382,0.13866430893540382,0.07759515009820461,0.19973346777260303,-1.4132501615674466,1.6905787794382543
p1183,process,,40,post,odor,2.0,0.04657481983304024,0.04657481983304024,0.03754636459052563,0.05560327507555485,-0.18285998169252055,0.276009621358601
p1183,process,,32,post,odor,2.0,0.5143269300460815,0.5143269300460815,0.4249636232852936,0.6036902368068695,-1.7566100131622302,2.7852638732543933
p1183,process,,31,post,odor,2.0,0.29674217849969864,0.29674217849969864,0.1794612966477871,0.4140230603516102,-2.6836476143993075,3.277131971398705
p1183,process,,0,post,odor,2.0,0.20977403037250042,0.20977403037250042,0.091192533262074,0.32835552748292685,-2.803667530041871,3.223215590786872
p1183,process,,4,post,odor,2.0,-0.08733681216835976,-0.08733681216835976,-0.12063396163284779,-0.05403966270387173,-0.9334976086219487,0.7588239842852292
p1183,process,,2,post,odor,2.0,0.0038820207118988037,0.0038820207118988037,-0.026663877069950104,0.03442791849374771,-0.7723628414209744,0.780126882844772
p1183,process,,3,post,odor,2.0,0.3098844066262245,0.3098844066262245,0.2148314230144024,0.40493739023804665,-2.1056409344859155,2.7254097477383645
p1183,process,,21,post,odor,2.0,5.133020639419556,5.133020639419556,4.267384886741638,5.998656392097473,-16.864869561537045,27.130910840376156
p1183,process,,1,post,odor,2.0,-0.04950127750635147,-0.04950127750635147,-0.14575162157416344,0.046749066561460495,-2.495454432812104,2.396451877799401
p1183,process,,22,post,odor,2.0,-0.19106225669384003,-0.19106225669384003,-0.21401243656873703,-0.16811207681894302,-0.774281625138795,0.3921571117511149
p1183,process,,10,post,odor,1.0,0.08304692804813385,0.08304692804813385,0.08304692804813385,0.08304692804813385,,
p1183,process,,30,post,odor,2.0,0.1119354497641325,0.1119354497641325,0.07497110683470964,0.14889979269355536,-0.8274175686347038,1.0512884681629688
p1183,process,,17,post,odor,2.0,0.022767863236367702,0.022767863236367702,0.018895693589001894,0.02664003288373351,-0.07563329738889496,0.12116902386163036
p1183,process,,39,post,odor,2.0,0.0654512383043766,0.0654512383043766,0.06349381990730762,0.06740865670144558,0.015708520489349967,0.11519395611940324
p1205,process,,39,pre,odor,2.0,0.9686092436313629,0.9686092436313629,0.8488074988126755,1.0884109884500504,-2.0758417512030336,4.013060238465759
p1205,process,,17,pre,odor,2.0,0.8736100196838379,0.8736100196838379,0.8599672913551331,0.8872527480125427,0.5269154210747699,1.2203046182929058
p1205,process,,32,pre,odor,2.0,1.6223947405815125,1.6223947405815125,1.35370472073555,1.891084760427475,-5.205666064877771,8.450455546040796
p1205,process,,30,pre,odor,2.0,1.9658925533294678,1.9658925533294678,1.945225477218628,1.9865596294403076,1.4406923526045956,2.49109275405434
p1205,process,,40,pre,odor,2.0,1.6698073148727417,1.6698073148727417,1.4574747681617737,1.8821398615837097,-3.72607430645313,7.0656889361986135
p1205,process,,3,pre,odor,2.0,1.6598111689090729,1.6598111689090729,1.3142052739858627,2.005417063832283,-7.1228673489373,10.442489686755446
p1205,process,,2,pre,odor,2.0,1.9272511005401611,1.9272511005401611,1.7361057996749878,2.1183964014053345,-2.930211553761043,6.784713754841365
p1205,process,,1,pre,odor,2.0,1.1495340466499329,1.1495340466499329,0.8252308666706085,1.4738372266292572,-7.091791156169677,9.390859249469543
p1205,process,,4,pre,odor,2.0,1.445482075214386,1.445482075214386,1.3292600810527802,1.5617040693759918,-1.5079988301133413,4.398962980542113
p1205,process,,31,pre,odor,2.0,2.6850606203079224,2.6850606203079224,2.5546346306800842,2.8154866099357605,-0.6293780339510939,5.999499274566938
p1205,process,,21,pre,odor,2.0,1.6610524654388428,1.6610524654388428,1.3357760906219482,1.9863288402557373,-6.605003963089478,9.927108893967164
p1205,process,,12,pre,odor,2.0,1.4369688630104065,1.4369688630104065,1.0018660724163055,1.8720716536045074,-9.620041414128776,12.49397914014959
p1205,process,,22,pre,odor,2.0,2.338743567466736,2.338743567466736,2.2763217091560364,2.4011654257774353,0.7524537440502657,3.925033390883206
p1205,process,,10,pre,odor,2.0,2.27077579498291,2.27077579498291,2.1537866592407227,2.3877649307250977,-0.7022000263138235,5.243751616279644
p1205,process,,0,pre,odor,2.0,1.6698333024978638,1.6698333024978638,1.5199722051620483,1.8196943998336792,-2.138498266975486,5.478164871971213
p1205,process,,18,pre,odor,2.0,-0.37489379197359085,-0.37489379197359085,-0.4720761813223362,-0.2777114026248455,-2.8445324636051934,2.0947448796580117
p1205,process,,12,post,odor,2.0,0.3617285490036011,0.3617285490036011,0.31995490193367004,0.4035021960735321,-0.6998404754908942,1.4232975734980964
p1205,process,,18,post,odor,2.0,0.009839847683906555,0.009839847683906555,-0.06806503981351852,0.08774473518133163,-1.969911053297972,1.9895907486657851
p1205,process,,40,post,odor,2.0,-0.041814847849309444,-0.041814847849309444,-0.05067429831251502,-0.03295539738610387,-0.26695483072028503,0.1833251350216661
p1205,process,,32,post,odor,2.0,-0.05241336673498154,-0.05241336673498154,-0.14692014828324318,0.042093414813280106,-2.45405839735328,2.349231663883317
p1205,process,,31,post,odor,2.0,0.07218712940812111,0.07218712940812111,0.003732098266482353,0.14064216054975986,-1.667420152405632,1.8117944112218742
p1205,process,,0,post,odor,2.0,0.06381537392735481,0.06381537392735481,0.017630917951464653,0.10999982990324497,-1.1098429325896595,1.2374736804443691
p1205,process,,4,post,odor,2.0,0.10461612418293953,0.10461612418293953,0.09998609684407711,0.10924615152180195,-0.013044026420404448,0.2222762747862835
p1205,process,,2,post,odor,2.0,-0.004850412718951702,-0.004850412718951702,-0.017729909624904394,0.00802908418700099,-0.33214946189087846,0.32244863645297506
p1205,process,,3,post,odor,2.0,-0.00036775553598999977,-0.00036775553598999977,-0.0054956532549113035,0.004760142182931304,-0.13067999210154457,0.12994448102956457
p1205,process,,21,post,odor,2.0,1.4407231211662292,1.4407231211662292,1.3784021437168121,1.5030440986156464,-0.14300307649541066,3.024449318827869
p1205,process,,1,post,odor,2.0,-0.10777858644723892,-0.10777858644723892,-0.120684664696455,-0.09487250819802284,-0.43575313159850004,0.2201959587040222
p1205,process,,22,post,odor,2.0,-0.007043385878205299,-0.007043385878205299,-0.015668448992073536,0.0015816772356629372,-0.22622702145268178,0.21214024969627118
p1205,process,,10,post,odor,1.0,-0.024724207818508148,-0.024724207818508148,-0.024724207818508148,-0.024724207818508148,,
p1205,process,,30,post,odor,2.0,-0.05568421632051468,-0.05568421632051468,-0.1450888253748417,0.03372039273381233,-2.327670750324388,2.2163023176833585
p1205,process,,17,post,odor,2.0,0.0013042520731687546,0.0013042520731687546,-0.01843684073537588,0.02104534488171339,-0.5003644818092193,0.5029729859555568
p1205,process,,39,post,odor,2.0,0.022936683148145676,0.022936683148145676,-0.02067151851952076,0.06654488481581211,-1.0852527939833831,1.1311261602796745
p1227,process,,39,pre,odor,2.0,-1.2148191928863525,-1.2148191928863525,-1.270089328289032,-1.159549057483673,-2.619366505331437,0.18972811955873192
p1227,process,,17,pre,odor,2.0,-1.4640707671642303,-1.4640707671642303,-1.7334422916173935,-1.1946992427110672,-8.309450246758988,5.381308712430528
p1227,process,,32,pre,odor,2.0,0.631345946341753,0.631345946341753,0.2848606090992689,0.9778312835842371,-8.173681319829322,9.436373212512828
p1227,process,,30,pre,odor,2.0,-0.030477494932711124,-0.030477494932711124,-0.05145946564152837,-0.00949552422389388,-0.5636799261220159,0.5027249362565936
p1227,process,,40,pre,odor,2.0,-0.9091371446847916,-0.9091371446847916,-1.1336881592869759,-0.6845861300826073,-6.615519475187005,4.797245185817422
p1227,process,,3,pre,odor,2.0,-0.4105796217918396,-0.4105796217918396,-0.4165140688419342,-0.404645174741745,-0.5613882202208196,-0.2597710233628596
p1227,process,,2,pre,odor,2.0,-0.029668979346752167,-0.029668979346752167,-0.12425071373581886,0.06491275504231453,-2.4332187422467046,2.3738807835532003
p1227,process,,1,pre,odor,2.0,1.7962042689323425,1.7962042689323425,1.418161779642105,2.17424675822258,-7.810766266857428,11.403174804722113
p1227,process,,4,pre,odor,2.0,-0.02078906260430813,-0.02078906260430813,-0.022166816517710686,-0.01941130869090557,-0.05580110920382571,0.014222983995209451
p1227,process,,31,pre,odor,2.0,-0.11931231804192066,-0.11931231804192066,-0.16548719350248575,-0.07313744258135557,-1.2927271605805382,1.0541025244966968
p1227,process,,21,pre,odor,2.0,-1.3724950551986694,-1.3724950551986694,-1.4952803254127502,-1.2497097849845886,-4.492764619051956,1.7477745086546168
p1227,process,,12,pre,odor,2.0,0.30901387333869934,0.30901387333869934,0.08279450237751007,0.5352332442998886,-5.439765412104347,6.057793158781745
p1227,process,,22,pre,odor,2.0,-0.20067808777093887,-0.20067808777093887,-0.2753896750509739,-0.12596650049090385,-2.0992795360603584,1.6979233605184807
p1227,process,,10,pre,odor,2.0,2.391253709793091,2.391253709793091,2.223352551460266,2.5591548681259155,-1.875519276642418,6.6580266962286
p1227,process,,0,pre,odor,2.0,0.20965206623077393,0.20965206623077393,-0.2952595353126526,0.7145636677742004,-12.621368299530499,13.040672431992046
p1227,process,,18,pre,odor,2.0,-1.4327893927693367,-1.4327893927693367,-2.07102445140481,-0.7945543341338634,-17.651880042422903,14.78630125688423
p1227,process,,12,post,odor,2.0,-0.07217185199260712,-0.07217185199260712,-0.07561042159795761,-0.06873328238725662,-0.1595541908029487,0.015210486817734473
p1227,process,,18,post,odor,2.0,-0.22486040741205215,-0.22486040741205215,-0.2252889908850193,-0.224431823939085,-0.2357517461201749,-0.2139690687039294
p1227,process,,40,post,odor,2.0,-0.07425727182999253,-0.07425727182999253,-0.11583700147457421,-0.03267754218541086,-1.1308983873076865,0.9823838436477015
p1227,process,,32,post,odor,2.0,-0.07029049843549728,-0.07029049843549728,-0.08891992270946503,-0.05166107416152954,-0.5437090563196908,0.40312805944869623
p1227,process,,31,post,odor,2.0,0.0020510517060756683,0.0020510517060756683,-0.061444079503417015,0.06554618291556835,-1.6115132220901034,1.6156153255022547
p1227,process,,0,post,odor,2.0,-0.08528698422014713,-0.08528698422014713,-0.1191805424168706,-0.05139342602342367,-0.9466039635901875,0.7760299951498932
p1227,process,,4,post,odor,2.0,0.08382672443985939,0.08382672443985939,0.025796575471758842,0.14185687340795994,-1.390859182878945,1.5585126317586637
p1227,process,,2,post,odor,2.0,-0.06694230437278748,-0.06694230437278748,-0.11289162933826447,-0.020992979407310486,-1.234625365373535,1.1007407566279601
p1227,process,,3,post,odor,2.0,-0.21914957091212273,-0.21914957091212273,-0.2927908506244421,-0.14550829119980335,-2.090551925029398,1.6522527832051526
p1227,process,,21,post,odor,2.0,0.07748838514089584,0.07748838514089584,-0.011512752622365952,0.16648952290415764,-2.184244971204091,2.3392217414858827
p1227,process,,1,post,odor,2.0,0.09888947755098343,0.09888947755098343,-0.0330379344522953,0.23081688955426216,-3.2537039369036775,3.4514828920056444
p1227,process,,22,post,odor,2.0,0.02506304904818535,0.02506304904818535,-0.03111378662288189,0.08123988471925259,-1.4025257018858586,1.4526517999822293
p1227,process,,10,post,odor,1.0,0.0325707346200943,0.0325707346200943,0.0325707346200943,0.0325707346200943,,
p1227,process,,30,post,odor,2.0,0.01866031438112259,0.01866031438112259,-0.018551167100667953,0.05587179586291313,-0.9269730901068852,0.9642937188691304
p1227,process,,17,post,odor,2.0,-0.1159425440710038,-0.1159425440710038,-0.17079177813138813,-0.06109331001061946,-1.5097937392582232,1.2779086511162157
p1227,process,,39,post,odor,2.0,-0.11672277376055717,-0.11672277376055717,-0.13419119827449322,-0.09925434924662113,-0.5606375303455258,0.32719198282441136
p1250,process,,39,pre,odor,2.0,0.5593916028738022,0.5593916028738022,0.4495592787861824,0.669223926961422,-2.2317123901405744,3.350495595888179
p1250,process,,17,pre,odor,2.0,0.27489645779132843,0.27489645779132843,0.2537929192185402,0.29599999636411667,-0.261395305735886,0.8111882213185428
p1250,process,,32,pre,odor,2.0,0.4544224850833416,0.4544224850833416,0.26574339158833027,0.6431015785783529,-4.34036789768358,5.249212867850263
p1250,process,,30,pre,odor,2.0,1.1330891251564026,1.1330891251564026,1.0879893004894257,1.1781889498233795,-0.013006086411978535,2.279184336724784
p1250,process,,40,pre,odor,2.0,0.8989593982696533,0.8989593982696533,0.7994763255119324,0.9984424710273743,-1.6291451822170777,3.4270639787563844
p1250,process,,3,pre,odor,2.0,0.7814170718193054,0.7814170718193054,0.6576679646968842,0.9051661789417267,-2.3633459102132917,3.9261800538519025
p1250,process,,2,pre,odor,2.0,0.6089003384113312,0.6089003384113312,0.5844037085771561,0.6333969682455063,-0.013618049627296958,1.2314187264499594
p1250,process,,1,pre,odor,2.0,0.871044933795929,0.871044933795929,0.8632089793682098,0.8788808882236481,0.6719144512720616,1.0701754163197963
p1250,process,,4,pre,odor,2.0,0.8792949616909027,0.8792949616909027,0.8478822261095047,0.9107076972723007,0.08102166244977727,1.6775682609320282
p1250,process,,31,pre,odor,2.0,1.6500709056854248,1.6500709056854248,1.5812907218933105,1.718851089477539,-0.09779928842323149,3.397941099794081
p1250,process,,21,pre,odor,2.0,1.0277685225009918,1.0277685225009918,0.8993007987737656,1.156236246228218,-2.236905876835937,4.292442921837921
p1250,process,,12,pre,odor,2.0,0.8216637521982193,0.8216637521982193,0.5568689927458763,1.0864585116505623,-5.907409101136979,7.550736605533418
p1250,process,,22,pre,odor,2.0,1.004727691411972,1.004727691411972,0.8788085728883743,1.1306468099355698,-2.195180508906988,4.204635891730932
p1250,process,,10,pre,odor,2.0,1.009369820356369,1.009369820356369,0.8488330990076065,1.1699065417051315,-3.070255077906837,5.088994718619575
p1250,process,,0,pre,odor,2.0,1.034480631351471,1.034480631351471,0.8919852674007416,1.1769759953022003,-2.5866699052759174,4.655631167978859
p1250,process,,18,pre,odor,2.0,-0.03804630786180496,-0.03804630786180496,-0.12561148777604103,0.04951887205243111,-2.263288515362316,2.187195899638706
p1250,process,,12,post,odor,2.0,-0.09316259017214179,-0.09316259017214179,-0.13873285497538745,-0.04759232536889613,-1.2512128191156116,1.064887638771328
p1250,process,,18,post,odor,2.0,0.04736115038394928,0.04736115038394928,0.04066231846809387,0.05405998229980469,-0.12287230924821105,0.2175946100161096
p1250,process,,40,post,odor,2.0,0.024720272311242297,0.024720272311242297,0.012198315394925885,0.03724222922755871,-0.29349282424130785,0.34293336886379244
p1250,process,,32,post,odor,2.0,-0.046652305871248245,-0.046652305871248245,-0.09307623095810413,-0.00022838078439235687,-1.2263960994921033,1.1330914877496068
p1250,process,,31,post,odor,2.0,0.033567244186997414,0.033567244186997414,0.032701156102120876,0.03443333227187395,0.011557859134991955,0.055576629239002875
p1250,process,,0,post,odor,2.0,0.16427402198314667,0.16427402198314667,0.1469610035419464,0.18158704042434692,-0.2756914918469703,0.6042395358132636
p1250,process,,4,post,odor,2.0,-0.036506710574030876,-0.036506710574030876,-0.0367622347548604,-0.03625118639320135,-0.04300019568735741,-0.030013225460704337
p1250,process,,2,post,odor,2.0,0.14743714220821857,0.14743714220821857,0.0900361193343997,0.20483816508203745,-1.31126115519296,1.6061354396093972
p1250,process,,3,post,odor,2.0,-0.011991103645414114,-0.011991103645414114,-0.02237554336898029,-0.0016066639218479395,-0.27588473804160846,0.25190253075078023
p1250,process,,21,post,odor,2.0,2.2278302907943726,2.2278302907943726,2.1430349946022034,2.3126255869865417,0.07297750262982072,4.382683078958925
p1250,process,,1,post,odor,2.0,-0.0021920213475823402,-0.0021920213475823402,-0.01568984566256404,0.011305802967399359,-0.34520425982573116,0.3408202171305665
p1250,process,,22,post,odor,2.0,-0.00947526190429926,-0.00947526190429926,-0.027577767614275217,0.008627243805676699,-0.4695035494817511,0.4505530256731526
p1250,process,,10,post,odor,1.0,-0.2125534862279892,-0.2125534862279892,-0.2125534862279892,-0.2125534862279892,,
p1250,process,,30,post,odor,2.0,0.14991021528840065,0.14991021528840065,0.057772522792220116,0.24204790778458118,-2.1915305542619525,2.491350984838754
p1250,process,,17,post,odor,2.0,-0.0627269595861435,-0.0627269595861435,-0.0731118656694889,-0.05234205350279808,-0.3266324453080092,0.20117852613572224
p1250,process,,39,post,odor,2.0,-0.006396539509296417,-0.006396539509296417,-0.09033781662583351,0.07754473760724068,-2.1395466452266887,2.126753566208096
p1272,process,,39,pre,odor,2.0,3.316429615020752,3.316429615020752,3.0421825647354126,3.5906766653060913,-3.6528487234142846,10.285707953455788
p1272,process,,17,pre,odor,2.0,0.7687634974718094,0.7687634974718094,0.5845976993441582,0.9529292955994606,-3.911333175350099,5.448860170293718
p1272,process,,32,pre,odor,2.0,9.902594089508057,9.902594089508057,9.327806234359741,10.477381944656372,-4.704150245254382,24.509338424270496
p1272,process,,30,pre,odor,2.0,6.438309192657471,6.438309192657471,6.326003789901733,6.550614595413208,3.5843583118715587,9.292260073443384
p1272,process,,40,pre,odor,2.0,1.6332702338695526,1.6332702338695526,1.0916214734315872,2.174918994307518,-12.131329856570504,15.39787032430961
p1272,process,,3,pre,odor,2.0,4.553531050682068,4.553531050682068,3.4018245339393616,5.705237567424774,-24.714106544756795,33.82116864612093
p1272,process,,2,pre,odor,2.0,4.501564383506775,4.501564383506775,4.140363276004791,4.8627654910087585,-4.677426062199723,13.680554829213273
p1272,process,,1,pre,odor,2.0,2.7662938833236694,2.7662938833236694,2.172566831111908,3.360020935535431,-12.321741082292576,17.854328848939915
p1272,process,,4,pre,odor,2.0,4.9883710741996765,4.9883710741996765,2.8253200352191925,7.1514221131801605,-49.97996763796316,59.95670978636252
p1272,process,,31,pre,odor,2.0,6.663480758666992,6.663480758666992,6.557464122772217,6.769497394561768,3.9693425964279863,9.357618920905999
p1272,process,,21,pre,odor,2.0,6.052532196044922,6.052532196044922,5.096454381942749,7.008610010147095,-18.243708703348233,30.348773095438077
p1272,process,,12,pre,odor,2.0,2.436844378709793,2.436844378709793,1.6062009781599045,3.2674877792596817,-18.671805841568702,23.545494598988288
p1272,process,,22,pre,odor,2.0,6.165607213973999,6.165607213973999,5.303776383399963,7.027438044548035,-15.735590748468361,28.06680517641636
p1272,process,,10,pre,odor,2.0,3.427287459373474,3.427287459373474,2.043555796146393,4.811019122600555,-31.736668166408172,38.59124308515512
p1272,process,,0,pre,odor,2.0,-0.0742315873503685,-0.0742315873503685,-0.15795893594622612,0.00949576124548912,-2.20194525390244,2.053482079201703
p1272,process,,18,pre,odor,2.0,-0.03583335876464844,-0.03583335876464844,-0.64155113697052,0.5698844194412231,-15.428581563213966,15.356914845684669
p1272,process,,12,post,odor,2.0,0.009413522202521563,0.009413522202521563,0.007844466948881745,0.01098257745616138,-0.030459952387714498,0.04928699679275762
p1272,process,,18,post,odor,2.0,0.2633415088057518,0.2633415088057518,0.1799432821571827,0.3467397354543209,-1.8560083760554864,2.38269139366699
p1272,process,,40,post,odor,2.0,-0.05727614834904671,-0.05727614834904671,-0.06656987778842449,-0.04798241890966892,-0.29345220638774305,0.17889990968964967
p1272,process,,32,post,odor,2.0,0.1929585188627243,0.1929585188627243,0.147784523665905,0.2381325140595436,-0.9550215445807921,1.3409385823062407
p1272,process,,31,post,odor,2.0,0.14575588330626488,0.14575588330626488,0.12276961095631123,0.16874215565621853,-0.43838068189370005,0.7298924485062298
p1272,process,,0,post,odor,2.0,0.039699921384453773,0.039699921384453773,0.03006358351558447,0.04933625925332308,-0.20518264235315967,0.2845824851220672
p1272,process,,4,post,odor,2.0,0.037291498854756355,0.037291498854756355,0.02548262383788824,0.04910037387162447,-0.2628004684816929,0.3373834661912056
p1272,process,,2,post,odor,2.0,0.03495260328054428,0.03495260328054428,0.030194485560059547,0.039710721001029015,-0.08596263255005544,0.155867839111144
p1272,process,,3,post,odor,2.0,0.045081102289259434,0.045081102289259434,0.0348664871416986,0.05529571743682027,-0.21449688044301907,0.30465908502153793
p1272,process,,21,post,odor,2.0,3.5550663471221924,3.5550663471221924,3.2375797033309937,3.872552990913391,-4.513034246901682,11.623166941146067
p1272,process,,1,post,odor,2.0,-0.004430942237377167,-0.004430942237377167,-0.03228393942117691,0.023422054946422577,-0.7122427117042905,0.7033808272295362
p1272,process,,22,post,odor,2.0,-0.024376600049436092,-0.024376600049436092,-0.04023978440091014,-0.008513415697962046,-0.42749833632445977,0.3787451362255876
p1272,process,,10,post,odor,1.0,0.040048472583293915,0.040048472583293915,0.040048472583293915,0.040048472583293915,,
p1272,process,,30,post,odor,2.0,0.2827877178788185,0.2827877178788185,0.2560066692531109,0.30956876650452614,-0.3977832558965635,0.9633586916542005
p1272,process,,17,post,odor,2.0,0.04730692831799388,0.04730692831799388,0.02483583358116448,0.06977802305482328,-0.5237377324262701,0.6183515890622578
p1272,process,,39,post,odor,2.0,-0.010058789514005184,-0.010058789514005184,-0.030075165908783674,0.009957586880773306,-0.5187231426107847,0.4986055635827743
p1294,process,,39,pre,odor,2.0,-0.13360978662967682,-0.13360978662967682,-0.29311906546354294,0.0258994922041893,-4.187124894995036,3.9199053217356825
p1294,process,,17,pre,odor,2.0,-1.414978802204132,-1.414978802204132,-1.6173685491085052,-1.212589055299759,-6.55818992354322,3.728232319134956
p1294,process,,32,pre,odor,2.0,5.231087684631348,5.231087684631348,5.065627813339233,5.396547555923462,1.0263536841139125,9.435821685148783
p1294,process,,30,pre,odor,2.0,3.9113975763320923,3.9113975763320923,3.2673136591911316,4.555481493473053,-12.456326660608756,20.27912181327294
p1294,process,,40,pre,odor,2.0,1.8368521928787231,1.8368521928787231,1.7303797602653503,1.943324625492096,-0.8688688622094336,4.54257324796688
p1294,process,,3,pre,odor,2.0,0.920165341347456,0.920165341347456,0.4439657349139452,1.3963649477809668,-11.181214047912542,13.021544730607454
p1294,process,,2,pre,odor,2.0,1.262484461069107,1.262484461069107,1.0178358405828476,1.5071330815553665,-4.954626459573123,7.479595381711337
p1294,process,,1,pre,odor,2.0,2.5513561367988586,2.5513561367988586,2.096956342458725,3.0057559311389923,-8.996037501123968,14.098749774721686
p1294,process,,4,pre,odor,2.0,1.1785029768943787,1.1785029768943787,1.144540399312973,1.2124655544757843,0.315432048659265,2.0415739051294923
p1294,process,,31,pre,odor,2.0,3.9184142351150513,3.9184142351150513,3.6452683806419373,4.191560089588165,-3.0228800644304776,10.85970853466058
p1294,process,,21,pre,odor,2.0,-0.6828946322202682,-0.6828946322202682,-0.8254219219088554,-0.5403673425316811,-4.304856478770806,2.9390672143302696
p1294,process,,12,pre,odor,2.0,2.495128720998764,2.495128720998764,1.7208181768655777,3.2694392651319504,-17.181967885271426,22.172225327268954
p1294,process,,22,pre,odor,2.0,1.006166934967041,1.006166934967041,0.8967764973640442,1.1155573725700378,-1.7737076577598003,3.7860415276938824
p1294,process,,10,pre,odor,2.0,1.428907111287117,1.428907111287117,0.8484052941203117,2.0094089284539223,-13.323042765998638,16.18085698857287
p1294,process,,0,pre,odor,2.0,0.22752327471971512,0.22752327471971512,0.053929608315229416,0.4011169411242008,-4.183910057757497,4.638956607196927
p1294,process,,18,pre,odor,2.0,0.6325288265943527,0.6325288265943527,0.528277076780796,0.7367805764079094,-2.016759327876673,3.2818169810653783
p1294,process,,12,post,odor,2.0,0.27531410567462444,0.27531410567462444,0.14816458988934755,0.40246362145990133,-2.955861453671784,3.506489665021033
p1294,process,,18,post,odor,2.0,0.7527162730693817,0.7527162730693817,0.5844119340181351,0.9210206121206284,-3.5243025068740215,5.029735053012785
p1294,process,,40,post,odor,2.0,0.00788956880569458,0.00788956880569458,-0.05804445594549179,0.07382359355688095,-1.667652866331473,1.683432003942862
p1294,process,,32,post,odor,2.0,0.5466701537370682,0.5466701537370682,0.4255542680621147,0.6677860394120216,-2.5311763266411047,3.624516634115241
p1294,process,,31,post,odor,2.0,0.39496709406375885,0.39496709406375885,0.3683002069592476,0.4216339811682701,-0.2827027603889949,1.0726369485165126
p1294,process,,0,post,odor,2.0,0.27227799594402313,0.27227799594402313,0.21314067393541336,0.3314153179526329,-1.2305438460369476,1.7750998379249938
p1294,process,,4,post,odor,2.0,0.06589851900935173,0.06589851900935173,0.0153761375695467,0.11642090044915676,-1.2179969256571983,1.3497939636759018
p1294,process,,2,post,odor,2.0,0.28526176139712334,0.28526176139712334,0.1536633837968111,0.41686013899743557,-3.058970096078862,3.629493618873109
p1294,process,,3,post,odor,2.0,0.5385003834962845,0.5385003834962845,0.44424744695425034,0.6327533200383186,-1.8566938338812498,2.9336946008738187
p1294,process,,21,post,odor,2.0,1.8391535878181458,1.8391535878181458,1.787102073431015,1.8912051022052765,0.5163991905564944,3.161907985079797
p1294,process,,1,post,odor,2.0,0.05501647666096687,0.05501647666096687,-0.0022892970591783524,0.1123222503811121,-1.4012613102451623,1.511294263567096
p1294,process,,22,post,odor,2.0,0.21307675540447235,0.21307675540447235,0.14610574394464493,0.2800477668642998,-1.4888180105900652,1.91497152139901
p1294,process,,10,post,odor,1.0,0.12049102783203125,0.12049102783203125,0.12049102783203125,0.12049102783203125,,
p1294,process,,30,post,odor,2.0,0.22651414573192596,0.22651414573192596,0.2094811126589775,0.24354717880487442,-0.2063362652739097,0.6593645567377616
p1294,process,,17,post,odor,2.0,0.295500710606575,0.295500710606575,0.23823127895593643,0.3527701422572136,-1.1598535367481786,1.7508549579613286
p1294,process,,39,post,odor,2.0,0.025883200578391552,0.025883200578391552,0.016749388072639704,0.0350170130841434,-0.20622898286143998,0.2579953840182231
p1316,process,,39,pre,odor,2.0,0.09681946039199829,0.09681946039199829,-0.34706181287765503,0.5407007336616516,-11.183273213044247,11.376912133828244
p1316,process,,17,pre,odor,2.0,0.19839276373386383,0.19839276373386383,-0.0419280007481575,0.43871352821588516,-5.908736907991301,6.305522435459029
p1316,process,,32,pre,odor,2.0,1.6819110326468945,1.6819110326468945,0.8997300285845995,2.4640920367091894,-18.195192924077524,21.559014989371313
p1316,process,,30,pre,odor,2.0,1.997462809085846,1.997462809085846,1.9600424468517303,2.0348831713199615,1.0465212413888614,2.9484043767828307
p1316,process,,40,pre,odor,2.0,1.7988733053207397,1.7988733053207397,1.5601889491081238,2.0375576615333557,-4.266671289398357,7.864417900039837
p1316,process,,3,pre,odor,2.0,2.628059148788452,2.628059148788452,2.126335024833679,3.129783272743225,-10.121959731306015,15.37807802888292
p1316,process,,2,pre,odor,2.0,1.7686929106712341,1.7686929106712341,1.7341045439243317,1.8032812774181366,0.8897191719191553,2.647666649423313
p1316,process,,1,pre,odor,2.0,2.0791496634483337,2.0791496634483337,1.9976449310779572,2.1606543958187103,0.007918030518073937,4.150381296378594
p1316,process,,4,pre,odor,2.0,2.129823923110962,2.129823923110962,1.8039971590042114,2.4556506872177124,-6.150219223420372,10.409867069642296
p1316,process,,31,pre,odor,2.0,3.9966366291046143,3.9966366291046143,3.112183928489685,4.8810893297195435,-18.479437557847206,26.472710816056434
p1316,process,,21,pre,odor,2.0,1.9992895722389221,1.9992895722389221,1.3936420381069183,2.604937106370926,-13.391673561042257,17.3902527055201
p1316,process,,12,pre,odor,2.0,3.6657278537750244,3.6657278537750244,3.091741681098938,4.239714026451111,-10.920643797736323,18.252099505286374
p1316,process,,22,pre,odor,2.0,3.5431231260299683,3.5431231260299683,3.338558852672577,3.7476873993873596,-1.655347951941673,8.74159420400161
p1316,process,,10,pre,odor,2.0,4.184205412864685,4.184205412864685,3.83926922082901,4.52914160490036,-4.581454340978832,12.949865166708202
p1316,process,,0,pre,odor,2.0,4.808940887451172,4.808940887451172,4.179107666015625,5.438774108886719,-11.196638834957845,20.81452060986019
p1316,process,,18,pre,odor,2.0,-2.4381946325302124,-2.4381946325302124,-2.5880245566368103,-2.2883647084236145,-6.24573401513811,1.3693447500776852
p1316,process,,12,post,odor,2.0,-0.05173356644809246,-0.05173356644809246,-0.10577316489070654,0.002306031994521618,-1.4250099697931355,1.3215428368969506
p1316,process,,18,post,odor,2.0,-0.02700658142566681,-0.02700658142566681,-0.08301645517349243,0.029003292322158813,-1.4503524276000037,1.39633926474867
p1316,process,,40,post,odor,2.0,0.1432391069829464,0.1432391069829464,0.12611169554293156,0.16036651842296124,-0.292009685732112,0.5784878996980047
p1316,process,,32,post,odor,2.0,0.011750433593988419,0.011750433593988419,-0.03713451512157917,0.06063538230955601,-1.2305339002008155,1.2540347673887924
p1316,process,,31,post,odor,2.0,-0.06874143332242966,-0.06874143332242966,-0.15391770377755165,0.016434837132692337,-2.233275695455565,2.0957928288107057
p1316,process,,0,post,odor,2.0,0.278734028339386,0.278734028339386,0.25520044565200806,0.3022676110267639,-0.31931101126365447,0.8767790679424264
p1316,process,,4,post,odor,2.0,0.0597563236951828,0.0597563236951828,-0.0057528018951416016,0.1252654492855072,-1.6049883999817023,1.7245010473720679
p1316,process,,2,post,odor,2.0,0.004660852253437042,0.004660852253437042,-0.019770875573158264,0.02909258008003235,-0.6162082193929955,0.6255299238998696
p1316,process,,3,post,odor,2.0,0.05235088989138603,0.05235088989138603,0.041300369426608086,0.06340141035616398,-0.22846946104212779,0.33317124082489985
p1316,process,,21,post,odor,2.0,2.018921732902527,2.018921732902527,1.939716637134552,2.0981268286705017,0.006129406950102112,4.031714058854952
p1316,process,,1,post,odor,2.0,0.04803839698433876,0.04803839698433876,0.017065035179257393,0.07901175878942013,-0.7390693559416157,0.8351461499102932
p1316,process,,22,post,odor,2.0,0.19129106029868126,0.19129106029868126,0.09984665550291538,0.28273546509444714,-2.132531598326591,2.5151137189239536
p1316,process,,10,post,odor,1.0,-0.0049291872419416904,-0.0049291872419416904,-0.0049291872419416904,-0.0049291872419416904,,
p1316,process,,30,post,odor,2.0,0.06935694627463818,0.06935694627463818,0.05891130957752466,0.07980258297175169,-0.19609185067180968,0.334805743221086
p1316,process,,17,post,odor,2.0,0.08313481509685516,0.08313481509685516,0.04964166134595871,0.11662796884775162,-0.7680069225412803,0.9342765527349907
p1316,process,,39,post,odor,2.0,0.06274758651852608,0.06274758651852608,0.039433958008885384,0.08606121502816677,-0.5297078874547019,0.655203060491754
p1339,process,,39,pre,odor,2.0,2.9188780784606934,2.9188780784606934,2.7909727096557617,3.046783447265625,-0.3315055273220935,6.16926168424348
p1339,process,,17,pre,odor,2.0,2.8680641651153564,2.8680641651153564,2.755128026008606,2.981000304222107,-0.0019152460915976555,5.73804357632231
p1339,process,,32,pre,odor,2.0,5.00372040271759,5.00372040271759,4.467194497585297,5.540246307849884,-8.630695591027136,18.638136396462315
p1339,process,,30,pre,odor,2.0,4.934628963470459,4.934628963470459,4.920508861541748,4.94874906539917,4.575803151466746,5.293454775474172
p1339,process,,40,pre,odor,2.0,3.254606246948242,3.254606246948242,2.996197819709778,3.5130146741867065,-3.3121745171414174,9.821387011037903
p1339,process,,3,pre,odor,2.0,4.250128149986267,4.250128149986267,3.2790051102638245,5.22125118970871,-20.428448183473062,28.928704483445596
p1339,process,,2,pre,odor,2.0,4.10687518119812,4.10687518119812,4.0867146253585815,4.127035737037659,3.5945468810136014,4.619203481382639
p1339,process,,1,pre,odor,2.0,2.802548050880432,2.802548050880432,2.6371538043022156,2.9679422974586487,-1.4005182675359276,7.005614369296792
p1339,process,,4,pre,odor,2.0,4.95080828666687,4.95080828666687,4.6582430601119995,5.243373513221741,-2.4839790479161685,12.385595621249909
p1339,process,,31,pre,odor,2.0,6.470141410827637,6.470141410827637,6.3987932205200195,6.541489601135254,4.657011983619359,8.283270838035914
p1339,process,,21,pre,odor,2.0,3.6266974210739136,3.6266974210739136,3.47712379693985,3.7762710452079773,-0.17432876168419353,7.427723603832021
p1339,process,,12,pre,odor,2.0,4.241248726844788,4.241248726844788,3.6550797820091248,4.82741767168045,-10.654716519294054,19.13721397298363
p1339,process,,22,pre,odor,2.0,7.066539764404297,7.066539764404297,6.970177173614502,7.162902355194092,4.6177341494375845,9.51534537937101
p1339,process,,10,pre,odor,2.0,4.101831257343292,4.101831257343292,2.9704887568950653,5.233173757791519,-24.648307617518665,32.85197013220525
p1339,process,,0,pre,odor,2.0,2.575983762741089,2.575983762741089,2.3901973962783813,2.7617701292037964,-2.145295456189195,7.2972629816713726
p1339,process,,18,pre,odor,2.0,0.2629796862602234,0.2629796862602234,-0.494841068983078,1.0208004415035248,-18.995071652627615,19.521031025148062
p1339,process,,12,post,odor,2.0,0.17926834523677826,0.17926834523677826,0.16941175609827042,0.1891249343752861,-0.07121133395169454,0.42974802442525106
p1339,process,,18,post,odor,2.0,0.3506491631269455,0.3506491631269455,0.30927782505750656,0.39202050119638443,-0.7006962203126332,1.4019945465665242
p1339,process,,40,post,odor,2.0,0.026600636541843414,0.026600636541843414,-0.0351376049220562,0.08833887800574303,-1.5423168356415526,1.5955181087252395
p1339,process,,32,post,odor,2.0,0.27908847481012344,0.27908847481012344,0.1965879313647747,0.3615890182554722,-1.8174491169144291,2.375626066534676
p1339,process,,31,post,odor,2.0,0.36729754507541656,0.36729754507541656,0.3448726162314415,0.38972247391939163,-0.2025739290959765,0.9371690192468096
p1339,process,,0,post,odor,2.0,-0.04359577130526304,-0.04359577130526304,-0.06428462034091353,-0.02290692226961255,-0.5693492745108341,0.482157731900308
p1339,process,,4,post,odor,2.0,0.0038346070796251297,0.0038346070796251297,-0.02592484373599291,0.03359405789524317,-0.7524247427191023,0.7600939568783526
p1339,process,,2,post,odor,2.0,0.2684609740972519,0.2684609740972519,0.26641572266817093,0.27050622552633286,0.2164862073075387,0.3204357408869651
p1339,process,,3,post,odor,2.0,0.15801171213388443,0.15801171213388443,0.15376197174191475,0.1622614525258541,0.05001556914196831,0.26600785512580055
p1339,process,,21,post,odor,2.0,1.8733723759651184,1.8733723759651184,1.6372518241405487,2.109492927789688,-4.127019771837941,7.873764523768178
p1339,process,,1,post,odor,2.0,-0.02387794852256775,-0.02387794852256775,-0.04604464769363403,-0.0017112493515014648,-0.5871871845080919,0.5394312874629564
p1339,process,,22,post,odor,2.0,0.28705301880836487,0.28705301880836487,0.24044758081436157,0.33365845680236816,-0.8973034551334365,1.4714094927501662
p1339,process,,10,post,odor,1.0,-0.0634099692106247,-0.0634099692106247,-0.0634099692106247,-0.0634099692106247,,
p1339,process,,30,post,odor,2.0,0.24212659895420074,0.24212659895420074,0.23272302001714706,0.2515301778912544,0.003159000500232656,0.48109419740816883
p1339,process,,17,post,odor,2.0,0.07933257333934307,0.07933257333934307,0.049315464682877064,0.10934968199580908,-0.6834744830147744,0.8421396296934606
p1339,process,,39,post,odor,2.0,-0.0415046401321888,-0.0415046401321888,-0.09424802102148533,0.011238740757107735,-1.3818410322470795,1.298831751982702
p1361,process,,39,pre,odor,2.0,1.3805198073387146,1.3805198073387146,1.1139942109584808,1.6470454037189484,-5.392537782737906,8.153577397415336
p1361,process,,17,pre,odor,2.0,-0.010771900415420532,-0.010771900415420532,-0.16330884397029877,0.1417650431394577,-3.887103169692632,3.865559368861791
p1361,process,,32,pre,odor,2.0,4.707709789276123,4.707709789276123,4.380986213684082,5.034433364868164,-3.5951234979389213,13.010543076491167
p1361,process,,30,pre,odor,2.0,3.305490016937256,3.305490016937256,2.0878076553344727,4.523172378540039,-27.638752763370086,34.2497327972446
p1361,process,,40,pre,odor,2.0,1.146141141653061,1.146141141653061,0.4652532488107681,1.8270290344953537,-16.156860796020435,18.449143079326557
p1361,process,,3,pre,odor,2.0,0.8653974682092667,0.8653974682092667,0.561978779733181,1.1688161566853523,-6.845202484908241,8.575997421326775
p1361,process,,2,pre,odor,2.0,0.6915535628795624,0.6915535628795624,0.6441200524568558,0.738987073302269,-0.5138462266932105,1.8969533524523352
p1361,process,,1,pre,odor,2.0,2.3165102005004883,2.3165102005004883,2.3022502660751343,2.3307701349258423,1.954130907834541,2.6788894931664355
p1361,process,,4,pre,odor,2.0,0.791643887758255,0.791643887758255,0.5440708249807358,1.0392169505357742,-5.499784157867724,7.083071933384234
p1361,process,,31,pre,odor,2.0,2.0258363485336304,2.0258363485336304,1.5583098530769348,2.493362843990326,-9.855138393184413,13.906811090251674
p1361,process,,21,pre,odor,2.0,1.17649906873703,1.17649906873703,0.9605158865451813,1.3924822509288788,-4.312153996263271,6.665152133737331
p1361,process,,12,pre,odor,2.0,0.3896566331386566,0.3896566331386566,0.06630589067935944,0.7130073755979538,-7.827464837425193,8.606778103702506
p1361,process,,22,pre,odor,2.0,0.6387791037559509,0.6387791037559509,0.6311057507991791,0.6464524567127228,0.44378071639260175,0.8337774911193001
p1361,process,,10,pre,odor,2.0,0.18520439323037863,0.18520439323037863,0.08368810499086976,0.2867206814698875,-2.3945690916250673,2.7649778780858245
p1361,process,,0,pre,odor,2.0,0.43658483028411865,0.43658483028411865,0.3638511598110199,0.5093185007572174,-1.4117529862051947,2.284922646773432
p1361,process,,18,pre,odor,2.0,0.26789335906505585,0.26789335906505585,0.23090369254350662,0.30488302558660507,-0.6721031928262066,1.2078899109563181
p1361,process,,12,post,odor,2.0,0.01600293070077896,0.01600293070077896,-0.06375044211745262,0.09575630351901054,-2.0107224361570615,2.0427282975586194
p1361,process,,18,post,odor,2.0,0.37466368079185486,0.37466368079185486,0.33280374109745026,0.41652362048625946,-0.6890982472102067,1.4384256087939165
p1361,process,,40,post,odor,2.0,0.05918460339307785,0.05918460339307785,-0.018570665270090103,0.1369398720562458,-1.9167641225078826,2.0351333292940383
p1361,process,,32,post,odor,2.0,0.10688167810440063,0.10688167810440063,-0.10911574959754944,0.3228791058063507,-5.382133399631737,5.595896755840538
p1361,process,,31,post,odor,2.0,0.08032563328742981,0.08032563328742981,-0.08567595481872559,0.2463272213935852,-4.138174696726474,4.298825963301334
p1361,process,,0,post,odor,2.0,-0.10322245303541422,-0.10322245303541422,-0.145018991548568,-0.06142591452226043,-1.1653732042584997,0.9589282981876712
p1361,process,,4,post,odor,2.0,-0.14699359238147736,-0.14699359238147736,-0.1879102662205696,-0.1060769185423851,-1.1867848622270558,0.8927976774641011
p1361,process,,2,post,odor,2.0,0.01808229461312294,0.01808229461312294,-0.03804824687540531,0.07421283610165119,-1.4083300095980527,1.4444945988242985
p1361,process,,3,post,odor,2.0,0.10221783397719264,0.10221783397719264,0.057411902816966176,0.1470237651374191,-1.036408835456381,1.2408445034107662
p1361,process,,21,post,odor,2.0,1.27362459897995,1.27362459897995,0.9719314873218536,1.5753177106380463,-6.393124289462818,8.940373487422718
p1361,process,,1,post,odor,2.0,0.036247368901968,0.036247368901968,-0.019697872921824455,0.09219261072576046,-1.3854560243538525,1.4579507621577885
p1361,process,,22,post,odor,2.0,-0.012450702488422394,-0.012450702488422394,-0.06435263901948929,0.0394512340426445,-1.3314039660237835,1.3065025610469387
p1361,process,,10,post,odor,1.0,-0.21153952181339264,-0.21153952181339264,-0.21153952181339264,-0.21153952181339264,,
p1361,process,,30,post,odor,2.0,0.043577080592513084,0.043577080592513084,0.013660718686878681,0.07349344249814749,-0.7166697580764629,0.8038239192614891
p1361,process,,17,post,odor,2.0,0.20007853396236897,0.20007853396236897,0.11704207491129637,0.28311499301344156,-1.9100779645774604,2.3102350325021983
p1361,process,,39,post,odor,2.0,-0.017728477716445923,-0.017728477716445923,-0.12029580771923065,0.0848388522863388,-2.624211466232798,2.588754510799906
p1383,process,,39,pre,odor,2.0,0.08360660076141357,0.08360660076141357,-0.49284952878952026,0.6600627303123474,-14.565532606232603,14.73274580775543
p1383,process,,17,pre,odor,2.0,0.9331957027316093,0.9331957027316093,0.3793777711689472,1.4870136342942715,-13.14065234726833,15.00704375273155
p1383,process,,32,pre,odor,2.0,1.7445719838142395,1.7445719838142395,1.6302495896816254,1.8588943779468536,-1.1606355077430637,4.649779475371543
p1383,process,,30,pre,odor,2.0,0.21309801563620567,0.21309801563620567,0.16854442097246647,0.2576516102999449,-0.9191161754238155,1.3453122066962269
p1383,process,,40,pre,odor,2.0,-0.5638194978237152,-0.5638194978237152,-0.6312534660100937,-0.49638552963733673,-2.2774791097213467,1.1498401140739163
p1383,process,,3,pre,odor,2.0,1.86578968167305,1.86578968167305,1.3632642477750778,2.368315115571022,-10.904592414812264,14.636171778158364
p1383,process,,2,pre,odor,2.0,1.0506937205791473,1.0506937205791473,1.0129780918359756,1.088409349322319,0.09224871945055824,2.0091387217077363
p1383,process,,1,pre,odor,2.0,0.685421347618103,0.685421347618103,0.6634487211704254,0.7073939740657806,0.12704396714674582,1.2437987280894602
p1383,process,,4,pre,odor,2.0,1.1000347435474396,1.1000347435474396,0.774521216750145,1.4255482703447342,-7.172048288213986,9.372117775308865
p1383,process,,31,pre,odor,2.0,1.6411516070365906,1.6411516070365906,1.4457313120365143,1.8365719020366669,-3.3249489487126596,6.607252162785841
p1383,process,,21,pre,odor,2.0,0.6299262046813965,0.6299262046813965,0.2737569808959961,0.9860954284667969,-8.42119195160204,9.681044360964833
p1383,process,,12,pre,odor,2.0,0.6937586925923824,0.6937586925923824,0.33377487398684025,1.0537425111979246,-8.4542975092316,9.841814894416364
p1383,process,,22,pre,odor,2.0,2.097468376159668,2.097468376159668,2.0435620546340942,2.1513746976852417,0.7275788604036664,3.4673578919156696
p1383,process,,10,pre,odor,2.0,1.1543752551078796,1.1543752551078796,0.9611971080303192,1.34755340218544,-3.75474691953682,6.063497429752579
p1383,process,,0,pre,odor,2.0,-0.7508600950241089,-0.7508600950241089,-0.8748289048671722,-0.6268912851810455,-3.901206252555852,2.399486062507634
p1383,process,,18,pre,odor,2.0,0.7045470178127289,0.7045470178127289,0.5206031948328018,0.888490840792656,-3.969908731662528,5.379002767287986
p1383,process,,12,post,odor,2.0,0.20489171892404556,0.20489171892404556,0.184943575412035,0.22483986243605614,-0.30203867221635694,0.7118221100644481
p1383,process,,18,post,odor,2.0,0.4252217710018158,0.4252217710018158,0.3765581399202347,0.4738854020833969,-0.8114383484546723,1.661881890458304
p1383,process,,40,post,odor,2.0,0.08966715633869171,0.08966715633869171,0.07929779216647148,0.10003652051091194,-0.173843371973678,0.3531776846510614
p1383,process,,32,post,odor,2.0,0.4628429561853409,0.4628429561853409,0.41048746556043625,0.5151984468102455,-0.867636209700485,1.7933221220711668
p1383,process,,31,post,odor,2.0,0.4574004262685776,0.4574004262685776,0.44498320668935776,0.4698176458477974,0.14184895781336965,0.7729518947237854
p1383,process,,0,post,odor,2.0,0.0034112315624952316,0.0034112315624952316,-0.009815078228712082,0.016637541353702545,-0.3327011686598089,0.3395236317847994
p1383,process,,4,post,odor,2.0,0.14663016609847546,0.14663016609847546,0.0920131178572774,0.20124721433967352,-1.2413206279779094,1.5345809601748603
p1383,process,,2,post,odor,2.0,0.19789858907461166,0.19789858907461166,0.18188578262925148,0.21391139551997185,-0.2090254051163568,0.6048225832655801
p1383,process,,3,post,odor,2.0,0.24169236421585083,0.24169236421585083,0.203897163271904,0.27948756515979767,-0.7187747582614523,1.202159486693154
p1383,process,,21,post,odor,2.0,1.2813224792480469,1.2813224792480469,1.2474247217178345,1.3152202367782593,0.4198987846958744,2.1427461738002194
p1383,process,,1,post,odor,2.0,-0.03870265558362007,-0.03870265558362007,-0.05154465325176716,-0.025860657915472984,-0.36504875876952986,0.2876434476022897
p1383,process,,22,post,odor,2.0,0.4355729967355728,0.4355729967355728,0.42754239588975906,0.44360359758138657,0.2314960797327585,0.6396499137383871
p1383,process,,10,post,odor,1.0,0.06641283631324768,0.06641283631324768,0.06641283631324768,0.06641283631324768,,
p1383,process,,30,post,odor,2.0,0.39251670241355896,0.39251670241355896,0.37863196432590485,0.4064014405012131,0.039672052713767225,0.7453613521133506
p1383,process,,17,post,odor,2.0,0.40922315418720245,0.40922315418720245,0.4068531021475792,0.4115932062268257,0.34899442128551933,0.4694518870888856
p1383,process,,39,post,odor,2.0,0.031906502321362495,0.031906502321362495,0.005785408429801464,0.05802759621292353,-0.6318934315166708,0.6957064361593958
p1406,process,,39,pre,odor,2.0,0.4288409724831581,0.4288409724831581,0.14710497483611107,0.7105769701302052,-6.730749562824464,7.58843150779078
p1406,process,,17,pre,odor,2.0,1.3995383381843567,1.3995383381843567,1.3336414396762848,1.4654352366924286,-0.27506062966061595,3.0741373060293293
p1406,process,,32,pre,odor,2.0,2.204327166080475,2.204327166080475,2.060254544019699,2.3483997881412506,-1.4569052994829965,5.865559631643946
p1406,process,,30,pre,odor,2.0,0.6666780710220337,0.6666780710220337,0.6056676805019379,0.7276884615421295,-0.8837429549425848,2.217099096986652
p1406,process,,40,pre,odor,2.0,-0.13940241932868958,-0.13940241932868958,-0.45257000625133514,0.173765167593956,-8.097745371674527,7.818940533017149
p1406,process,,3,pre,odor,2.0,1.7671134173870087,1.7671134173870087,1.3060410767793655,2.228185757994652,-9.949845698508964,13.484072533282982
p1406,process,,2,pre,odor,2.0,1.377078115940094,1.377078115940094,1.350309282541275,1.403846949338913,0.6968175605122042,2.057338671367984
p1406,process,,1,pre,odor,2.0,0.7333314716815948,0.7333314716815948,0.5549544543027878,0.9117084890604019,-3.7996583344050334,5.266321277768223
p1406,process,,4,pre,odor,2.0,2.03768789768219,2.03768789768219,1.5150982737541199,2.56027752161026,-11.242573611579,15.317949406943379
p1406,process,,31,pre,odor,2.0,2.786333203315735,2.786333203315735,2.7836150527000427,2.789051353931427,2.717258446862248,2.855407959769222
p1406,process,,21,pre,odor,2.0,1.5327938795089722,1.5327938795089722,1.4547717571258545,1.6108160018920898,-0.44993624239257035,3.5155240014105145
p1406,process,,12,pre,odor,2.0,1.3628126382827759,1.3628126382827759,0.8180786967277527,1.907546579837799,-12.480189338000313,15.205814614565865
p1406,process,,22,pre,odor,2.0,3.1430749893188477,3.1430749893188477,2.981912851333618,3.304237127304077,-0.9524432526010775,7.238593231238773
p1406,process,,10,pre,odor,2.0,1.610497236251831,1.610497236251831,1.232944369316101,1.988050103187561,-7.984030815778382,11.205025288282044
p1406,process,,0,pre,odor,2.0,-0.7315159663558006,-0.7315159663558006,-0.9993278197944164,-0.46370411291718483,-7.537260447486727,6.074228514775125
p1406,process,,18,pre,odor,2.0,0.8779131323099136,0.8779131323099136,0.5895254835486412,1.166300781071186,-6.450711884779614,8.206538149399442
p1406,process,,12,post,odor,2.0,0.7283681929111481,0.7283681929111481,0.6039261072874069,0.8528102785348892,-2.434005042552525,3.890741428374821
p1406,process,,18,post,odor,2.0,1.8406921029090881,1.8406921029090881,1.7967880070209503,1.884596198797226,0.7249832406864389,2.9564009651317376
p1406,process,,40,post,odor,2.0,-0.008176537230610847,-0.008176537230610847,-0.022454417310655117,0.006101342849433422,-0.37101187222179643,0.35465879776057474
p1406,process,,32,post,odor,2.0,1.6119121313095093,1.6119121313095093,1.5407502055168152,1.6830740571022034,-0.19648386577537424,3.420308128394393
p1406,process,,31,post,odor,2.0,1.8936316967010498,1.8936316967010498,1.8859587907791138,1.9013046026229858,1.6986446695699968,2.088618723832103
p1406,process,,0,post,odor,2.0,0.07412261050194502,0.07412261050194502,0.04729751916602254,0.1009477018378675,-0.6075675946596889,0.7558128156635789
p1406,process,,4,post,odor,2.0,0.31158068776130676,0.31158068776130676,0.29475137591362,0.32840999960899353,-0.11609267604997026,0.7392540515725838
p1406,process,,2,post,odor,2.0,0.9012005925178528,0.9012005925178528,0.8392897546291351,0.9631114304065704,-0.672102970686483,2.4745041557221885
p1406,process,,3,post,odor,2.0,1.02340167760849,1.02340167760849,0.9890754520893097,1.0577279031276703,0.1510895790748713,1.8957137761421086
p1406,process,,21,post,odor,2.0,3.773264765739441,3.773264765739441,3.738034188747406,3.808495342731476,2.8779709172707184,4.668558614208163
p1406,process,,1,post,odor,2.0,0.015156473964452744,0.015156473964452744,-0.0004905872046947479,0.030803535133600235,-0.38247305150482125,0.41278599943372674
p1406,process,,22,post,odor,2.0,2.043839752674103,2.043839752674103,1.9678755700588226,2.119803935289383,0.11340683882227909,3.9742726665259265
p1406,process,,10,post,odor,1.0,0.11726745963096619,0.11726745963096619,0.11726745963096619,0.11726745963096619,,
p1406,process,,30,post,odor,2.0,1.2197548747062683,1.2197548747062683,1.201246052980423,1.2382636964321136,0.7494011181583702,1.6901086312541664
p1406,process,,17,post,odor,2.0,1.4469625651836395,1.4469625651836395,1.209331288933754,1.684593841433525,-4.591820730315426,7.485745860682705
p1406,process,,39,post,odor,2.0,0.14439236372709274,0.14439236372709274,0.14224739000201225,0.14653733745217323,0.08988341311791674,0.19890131433626873
p1428,process,,39,pre,odor,2.0,0.8559635281562805,0.8559635281562805,0.8399820923805237,0.8719449639320374,0.4498367382666941,1.262090318045867
p1428,process,,17,pre,odor,2.0,2.0211371779441833,2.0211371779441833,1.9493280947208405,2.0929462611675262,0.19629535123857922,3.8459790046497875
p1428,process,,32,pre,odor,2.0,3.804181933403015,3.804181933403015,3.7641385197639465,3.8442253470420837,2.7865823093363433,4.821781557469687
p1428,process,,30,pre,odor,2.0,2.7936638593673706,2.7936638593673706,2.668817102909088,2.918510615825653,-0.3789930370451837,5.966320755779925
p1428,process,,40,pre,odor,2.0,1.224722683429718,1.224722683429718,0.8628818690776825,1.5865634977817535,-7.970524254692567,10.419969621552003
p1428,process,,3,pre,odor,2.0,3.118447780609131,3.118447780609131,2.529125690460205,3.7077698707580566,-11.85764648535617,18.094542046574432
p1428,process,,2,pre,odor,2.0,3.264206647872925,3.264206647872925,2.9327768087387085,3.595636487007141,-5.158224135560667,11.686637431306517
p1428,process,,1,pre,odor,2.0,1.5776038467884064,1.5776038467884064,1.28822760283947,1.8669800907373428,-5.776143756012434,8.931351449589247
p1428,process,,4,pre,odor,2.0,2.448358178138733,2.448358178138733,1.9489502310752869,2.947766125202179,-10.242801066382944,15.13951742266041
p1428,process,,31,pre,odor,2.0,3.9791473150253296,3.9791473150253296,3.7324097752571106,4.225884854793549,-2.291048077764742,10.249342707815401
p1428,process,,21,pre,odor,2.0,2.6490010023117065,2.6490010023117065,2.441027820110321,2.856974184513092,-2.6360986630574264,7.934100667680839
p1428,process,,12,pre,odor,2.0,2.4788675010204315,2.4788675010204315,1.6165344268083572,3.341200575232506,-19.435093682406652,24.392828684447515
p1428,process,,22,pre,odor,2.0,4.254567980766296,4.254567980766296,4.0181925892829895,4.490943372249603,-1.7523002567943866,10.26143621832698
p1428,process,,10,pre,odor,2.0,1.6004666090011597,1.6004666090011597,1.0791329741477966,2.1218002438545227,-11.647877191600777,14.848810409603097
p1428,process,,0,pre,odor,2.0,-0.910319060087204,-0.910319060087204,-1.2274058908224106,-0.5932322293519974,-8.968259441019816,7.147621320845408
p1428,process,,18,pre,odor,2.0,1.1879745423793793,1.1879745423793793,0.9842055588960648,1.3917435258626938,-3.990286303663008,6.366235388421766
p1428,process,,12,post,odor,2.0,0.5654724761843681,0.5654724761843681,0.3997819311916828,0.7311630211770535,-3.6451234988664805,4.776068451235217
p1428,process,,18,post,odor,2.0,0.8857876062393188,0.8857876062393188,0.807100772857666,0.9644744396209717,-1.1138344237377733,2.8854096362164112
p1428,process,,40,post,odor,2.0,0.04403250850737095,0.04403250850737095,0.020965865813195705,0.06709915120154619,-0.5421464607893868,0.6302114778041287
p1428,process,,32,post,odor,2.0,0.5783925354480743,0.5783925354480743,0.5284601598978043,0.6283249109983444,-0.6905094379625158,1.8472945088586645
p1428,process,,31,post,odor,2.0,0.5508034080266953,0.5508034080266953,0.5143081620335579,0.5872986540198326,-0.3766287269450297,1.4782355429984202
p1428,process,,0,post,odor,2.0,0.17442896589636803,0.17442896589636803,0.13732186146080494,0.21153607033193111,-0.7685519663533934,1.1174098981461293
p1428,process,,4,post,odor,2.0,0.3573652133345604,0.3573652133345604,0.2962667681276798,0.41846365854144096,-1.1952934943865914,1.9100239210557122
p1428,process,,2,post,odor,2.0,0.6287818253040314,0.6287818253040314,0.5158059448003769,0.7417577058076859,-2.2422075105540498,3.4997711611621125
p1428,process,,3,post,odor,2.0,0.6497138738632202,0.6497138738632202,0.5837619602680206,0.7156657874584198,-1.0262831599029978,2.325710907629438
p1428,process,,21,post,odor,2.0,2.293058753013611,2.293058753013611,2.253556191921234,2.3325613141059875,1.2892034953276368,3.296914010699585
p1428,process,,1,post,odor,2.0,-0.05846901796758175,-0.05846901796758175,-0.06638900469988585,-0.05054903123527765,-0.2597349638244678,0.14279692788930434
p1428,process,,22,post,odor,2.0,0.2533554285764694,0.2533554285764694,0.2394443079829216,0.26726654917001724,-0.10015966416599986,0.6068705213189387
p1428,process,,10,post,odor,1.0,0.08514459431171417,0.08514459431171417,0.08514459431171417,0.08514459431171417,,
p1428,process,,30,post,odor,2.0,0.6590764224529266,0.6590764224529266,0.5744509249925613,0.7437019199132919,-1.4914613708111397,2.809614215716993
p1428,process,,17,post,odor,2.0,0.7035327553749084,0.7035327553749084,0.7011451423168182,0.7059203684329987,0.6428577546811917,0.7642077560686252
p1428,process,,39,post,odor,2.0,0.014606818789616227,0.014606818789616227,0.010683739907108247,0.018529897672124207,-0.08508806816500342,0.11430170574423587
p1450,process,,39,pre,odor,2.0,6.5254844427108765,6.5254844427108765,4.448169767856598,8.602799117565155,-46.26408667760638,59.31505556302813
p1450,process,,17,pre,odor,2.0,2.525979310274124,2.525979310274124,1.0369781702756882,4.01498045027256,-35.31312736416116,40.36508598470941
p1450,process,,32,pre,odor,2.0,16.38068675994873,16.38068675994873,16.18138837814331,16.57998514175415,11.316034674332773,21.445338845564688
p1450,process,,30,pre,odor,2.0,13.391794204711914,13.391794204711914,13.085162162780762,13.698426246643066,5.5995351978148635,21.184053211608965
p1450,process,,40,pre,odor,2.0,2.2168596386909485,2.2168596386909485,1.242611140012741,3.191108137369156,-22.5411421375413,26.974861414923197
p1450,process,,3,pre,odor,2.0,9.51973271369934,9.51973271369934,7.9611510038375854,11.078314423561096,-30.087583893422035,49.12704932082072
p1450,process,,2,pre,odor,2.0,6.8485413789749146,6.8485413789749146,5.258255183696747,8.438827574253082,-33.56446259365846,47.26154535160829
p1450,process,,1,pre,odor,2.0,9.393850803375244,9.393850803375244,9.173171281814575,9.614530324935913,3.78585243931337,15.001849167437118
p1450,process,,4,pre,odor,2.0,7.696243166923523,7.696243166923523,4.367255508899689,11.025230824947357,-76.90135432717555,92.2938406610226
p1450,process,,31,pre,odor,2.0,14.262447357177734,14.262447357177734,14.113622188568115,14.411272525787354,10.480441232678654,18.044453481676815
p1450,process,,21,pre,odor,2.0,13.351340293884277,13.351340293884277,12.75458574295044,13.948094844818115,-1.8136307089343902,28.516311296702945
p1450,process,,12,pre,odor,2.0,3.8885398134589195,3.8885398134589195,2.0323932506144047,5.744686376303434,-43.28061668223979,51.05769630915763
p1450,process,,22,pre,odor,2.0,10.959576606750488,10.959576606750488,9.72659158706665,12.192561626434326,-20.373543586727966,42.29269680022894
p1450,process,,10,pre,odor,2.0,8.919607162475586,8.919607162475586,8.209328174591064,9.629886150360107,-9.130293317251763,26.969507642202935
p1450,process,,0,pre,odor,2.0,1.3841646909713745,1.3841646909713745,0.8358493447303772,1.9324800372123718,-12.54984940767788,15.31817878962063
p1450,process,,18,pre,odor,2.0,-1.0065048336982727,-1.0065048336982727,-1.5858754217624664,-0.427134245634079,-15.729707453821424,13.716697786424879
p1450,process,,12,post,odor,2.0,0.16647830978035927,0.16647830978035927,0.11701229773461819,0.21594432182610035,-1.0905722432901803,1.4235288628508989
p1450,process,,18,post,odor,2.0,0.4753984063863754,0.4753984063863754,0.3923335447907448,0.5584632679820061,-1.63547986924582,2.5862766820185707
p1450,process,,40,post,odor,2.0,0.03844843991100788,0.03844843991100788,0.032507131807506084,0.04438974801450968,-0.11253451441656737,0.18943139423858313
p1450,process,,32,post,odor,2.0,0.06254641618579626,0.06254641618579626,0.021190247032791376,0.10390258533880115,-0.9884134885381086,1.1135063209097011
p1450,process,,31,post,odor,2.0,0.04220146220177412,0.04220146220177412,0.010424085427075624,0.07397883897647262,-0.7653382483539893,0.8497411727575376
p1450,process,,0,post,odor,2.0,-0.1360836885869503,-0.1360836885869503,-0.15335978381335735,-0.11880759336054325,-0.5751108945637069,0.3029435173898063
p1450,process,,4,post,odor,2.0,-0.003870200365781784,-0.003870200365781784,-0.03602424077689648,0.02828384004533291,-0.8209818414834978,0.8132414407519343
p1450,process,,2,post,odor,2.0,0.11343189422041178,0.11343189422041178,0.04275897657498717,0.18410481186583638,-1.6825372275907446,1.9094010160315682
p1450,process,,3,post,odor,2.0,0.14623666554689407,0.14623666554689407,0.12407408282160759,0.16839924827218056,-0.41696796163290306,0.7094412927266912
p1450,process,,21,post,odor,2.0,6.801110506057739,6.801110506057739,6.5361233949661255,7.066097617149353,0.06714953410271374,13.535071478012764
p1450,process,,1,post,odor,2.0,0.15823893621563911,0.15823893621563911,0.12198535166680813,0.1944925207644701,-0.7630519991796929,1.0795298716109711
p1450,process,,22,post,odor,2.0,0.24177391827106476,0.24177391827106476,0.22024746984243393,0.2633003666996956,-0.3052650036827139,0.7888128402248434
p1450,process,,10,post,odor,1.0,-0.096250981092453,-0.096250981092453,-0.096250981092453,-0.096250981092453,,
p1450,process,,30,post,odor,2.0,0.3506925255060196,0.3506925255060196,0.2720009908080101,0.4293840602040291,-1.649048976247387,2.350434027259426
p1450,process,,17,post,odor,2.0,0.05461997166275978,0.05461997166275978,0.008508941158652306,0.10073100216686726,-1.1171724166996124,1.226412360025132
p1450,process,,39,post,odor,2.0,0.014719482511281967,0.014719482511281967,-0.0012284871190786362,0.03066745214164257,-0.39055685198803414,0.41999581701059807
p1473,process,,39,pre,odor,2.0,0.193768709897995,0.193768709897995,0.05530118942260742,0.33223623037338257,-3.325024619043477,3.712562038839467
p1473,process,,17,pre,odor,2.0,1.2865284085273743,1.2865284085273743,1.1621915400028229,1.4108652770519257,-1.8731710069281955,4.4462278239829445
p1473,process,,32,pre,odor,2.0,3.263494372367859,3.263494372367859,3.169815719127655,3.3571730256080627,0.8828940774095688,5.644094667326149
p1473,process,,30,pre,odor,2.0,2.9842641353607178,2.9842641353607178,2.8526804447174072,3.1158478260040283,-0.35959449115003883,6.328122761871475
p1473,process,,40,pre,odor,2.0,0.9141510650515556,0.9141510650515556,0.37210069969296455,1.4562014304101467,-12.86065477407755,14.688956904180662
p1473,process,,3,pre,odor,2.0,2.0819357484579086,2.0819357484579086,1.176194466650486,2.9876770302653313,-20.93513258084291,25.099004077758728
p1473,process,,2,pre,odor,2.0,2.9404304027557373,2.9404304027557373,2.6502801179885864,3.230580687522888,-4.43298744226588,10.313848247777354
p1473,process,,1,pre,odor,2.0,1.8295209407806396,1.8295209407806396,1.440136432647705,2.218905448913574,-8.065677622082854,11.724719503644133
p1473,process,,4,pre,odor,2.0,1.617512185126543,1.617512185126543,0.8503186088055372,2.384705761447549,-17.878725120898984,21.11374949115207
p1473,process,,31,pre,odor,2.0,4.734791040420532,4.734791040420532,4.437804579734802,5.031777501106262,-2.8123505062690315,12.281932587110095
p1473,process,,21,pre,odor,2.0,2.6345092058181763,2.6345092058181763,2.6116029620170593,2.657415449619293,2.0524063588707278,3.216612052765625
p1473,process,,12,pre,odor,2.0,2.1867997497320175,2.1867997497320175,1.3348847404122353,3.0387147590517998,-19.462413302742632,23.836012802206668
p1473,process,,22,pre,odor,2.0,4.207413673400879,4.207413673400879,4.200738906860352,4.214088439941406,4.037791772940661,4.377035573861097
p1473,process,,10,pre,odor,2.0,2.1055752635002136,2.1055752635002136,1.2351090013980865,2.9760415256023407,-20.015069820904447,24.226220347904874
p1473,process,,0,pre,odor,2.0,-0.14207839220762253,-0.14207839220762253,-0.288373913615942,0.004217129200696945,-3.8598000862066932,3.575643301791448
p1473,process,,18,pre,odor,2.0,1.5407679080963135,1.5407679080963135,1.3375009298324585,1.7440348863601685,-3.624735775751912,6.706271591944539
p1473,process,,12,post,odor,2.0,1.255062758922577,1.255062758922577,1.1680394113063812,1.3420861065387726,-0.9564101843547879,3.4665357021999417
p1473,process,,18,post,odor,2.0,2.064167559146881,2.064167559146881,1.9997113645076752,2.128623753786087,0.42618034794592874,3.7021547703478337
p1473,process,,40,post,odor,2.0,0.3079686909914017,0.3079686909914017,0.2509562596678734,0.36498112231492996,-1.1408545588162977,1.756791940799101
p1473,process,,32,post,odor,2.0,1.5080174803733826,1.5080174803733826,1.4270813763141632,1.588953584432602,-0.5487639370761794,3.5647988978229446
p1473,process,,31,post,odor,2.0,1.4525210857391357,1.4525210857391357,1.352650761604309,1.5523914098739624,-1.0854244853113366,3.990466656789608
p1473,process,,0,post,odor,2.0,0.216777004301548,0.216777004301548,0.14340749010443687,0.29014651849865913,-1.6477191332627918,2.081273141865888
p1473,process,,4,post,odor,2.0,0.6090919673442841,0.6090919673442841,0.4747404605150223,0.7434434741735458,-2.8051035374280615,4.02328747211663
p1473,process,,2,post,odor,2.0,1.3277410864830017,1.3277410864830017,1.1479203402996063,1.507561832666397,-3.2419373471528496,5.897419520118853
p1473,process,,3,post,odor,2.0,1.4546377062797546,1.4546377062797546,1.439121812582016,1.4701535999774933,1.060341462303375,1.8489339502561344
p1473,process,,21,post,odor,2.0,3.913405179977417,3.913405179977417,3.851876378059387,3.9749339818954468,2.349810071293368,5.477000288661467
p1473,process,,1,post,odor,2.0,0.13520564138889313,0.13520564138889313,0.12693904340267181,0.14347223937511444,-0.07486853158026174,0.345279814358048
p1473,process,,22,post,odor,2.0,1.101602017879486,1.101602017879486,1.099698394536972,1.1035056412220001,1.053226362018397,1.1499776737405751
p1473,process,,10,post,odor,1.0,0.0024206913076341152,0.0024206913076341152,0.0024206913076341152,0.0024206913076341152,,
p1473,process,,30,post,odor,2.0,2.2532031536102295,2.2532031536102295,2.164690375328064,2.341715931892395,0.003880188368564852,4.502526118851894
p1473,process,,17,post,odor,2.0,1.634044110774994,1.634044110774994,1.5659212172031403,1.7021670043468475,-0.09712275511422863,3.3652109766642164
p1473,process,,39,post,odor,2.0,0.14361719973385334,0.14361719973385334,0.10283519607037306,0.18439920339733362,-0.8927517764653605,1.1799861759330672
p1495,process,,39,pre,odor,2.0,0.39077794551849365,0.39077794551849365,0.2980153262615204,0.4835405647754669,-1.9665437187673533,2.7480996098043406
p1495,process,,17,pre,odor,2.0,0.711207926273346,0.711207926273346,0.6401818692684174,0.7822339832782745,-1.093735317542329,2.516151170089021
p1495,process,,32,pre,odor,2.0,4.332386493682861,4.332386493682861,4.274554252624512,4.390218734741211,2.8627299032044644,5.802043084161259
p1495,process,,30,pre,odor,2.0,3.300953507423401,3.300953507423401,3.209842026233673,3.3920649886131287,0.9855912397977793,5.6163157750490225
p1495,process,,40,pre,odor,2.0,1.1332550211809576,1.1332550211809576,0.5625294691417366,1.7039805732201785,-13.370256403572375,15.63676644593429
p1495,process,,3,pre,odor,2.0,2.6825005412101746,2.6825005412101746,2.229674130678177,3.1353269517421722,-8.824909623123137,14.189910705543486
p1495,process,,2,pre,odor,2.0,3.4846338033676147,3.4846338033676147,3.144818603992462,3.8244490027427673,-5.150889188081809,12.120156794817039
p1495,process,,1,pre,odor,2.0,2.5970290303230286,2.5970290303230286,2.2009454667568207,2.9931125938892365,-7.468408672288774,12.662466732934831
p1495,process,,4,pre,odor,2.0,2.16868057847023,2.16868057847023,1.4637977927923203,2.87356336414814,-15.74408940118711,20.08145055812757
p1495,process,,31,pre,odor,2.0,4.607973337173462,4.607973337173462,4.438181281089783,4.777765393257141,0.29314808282289473,8.922798591524028
p1495,process,,21,pre,odor,2.0,2.7787997722625732,2.7787997722625732,2.7730000019073486,2.784599542617798,2.631413633150012,2.9261859113751343
p1495,process,,12,pre,odor,2.0,2.5106551349163055,2.5106551349163055,1.5352049618959427,3.4861053079366684,-22.27788408175121,27.29919435158382
p1495,process,,22,pre,odor,2.0,3.9949028491973877,3.9949028491973877,3.7396942377090454,4.25011146068573,-2.4905628868140965,10.480368585208872
p1495,process,,10,pre,odor,2.0,2.3438500463962555,2.3438500463962555,1.5444989055395126,3.1432011872529984,-17.969588457244928,22.65728855003744
p1495,process,,0,pre,odor,2.0,-0.416443794965744,-0.416443794965744,-0.43131715059280396,-0.4015704393386841,-0.794411598388463,-0.038475991543025
p1495,process,,18,pre,odor,2.0,1.5489906072616577,1.5489906072616577,1.3293521404266357,1.7686290740966797,-4.0325520478289505,7.130533262352266
p1495,process,,12,post,odor,2.0,1.2399364709854126,1.2399364709854126,1.1494801044464111,1.330392837524414,-1.0587777548846167,3.538650696855442
p1495,process,,18,post,odor,2.0,1.5670120120048523,1.5670120120048523,1.5016472041606903,1.6323768198490143,-0.09406525001242705,3.228089274022132
p1495,process,,40,post,odor,2.0,0.2051991932094097,0.2051991932094097,0.13732038624584675,0.2730780001729727,-1.5197648438432134,1.9301632302620328
p1495,process,,32,post,odor,2.0,0.6894630193710327,0.6894630193710327,0.5840039253234863,0.7949221134185791,-1.9905066611482196,3.369432699890285
p1495,process,,31,post,odor,2.0,0.7740957140922546,0.7740957140922546,0.7719707190990448,0.7762207090854645,0.7200944711981139,0.8280969569863954
p1495,process,,0,post,odor,2.0,0.2185729518532753,0.2185729518532753,0.21683863177895546,0.22030727192759514,0.17449969996854411,0.26264620373800646
p1495,process,,4,post,odor,2.0,0.36218444257974625,0.36218444257974625,0.28082432970404625,0.44354455545544624,-1.7053720605341076,2.4297409456936
p1495,process,,2,post,odor,2.0,0.9547315239906311,0.9547315239906311,0.8819387257099152,1.027524322271347,-0.8951088725570531,2.804571920538315
p1495,process,,3,post,odor,2.0,1.1576527953147888,1.1576527953147888,1.0987146198749542,1.2165909707546234,-0.34010825251545374,2.6554138431450314
p1495,process,,21,post,odor,2.0,3.8794569969177246,3.8794569969177246,3.754289388656616,4.004624605178833,0.698646483111816,7.060267510723634
p1495,process,,1,post,odor,2.0,0.1090339682996273,0.1090339682996273,0.08902948535978794,0.12903845123946667,-0.3993281434501982,0.6173960800494528
p1495,process,,22,post,odor,2.0,0.6870551705360413,0.6870551705360413,0.6866732537746429,0.6874370872974396,0.6773497454110337,0.6967605956610489
p1495,process,,10,post,odor,1.0,-0.12771545350551605,-0.12771545350551605,-0.12771545350551605,-0.12771545350551605,,
p1495,process,,30,post,odor,2.0,1.4900727272033691,1.4900727272033691,1.4319713711738586,1.5481740832328796,0.013577276882692502,2.966568177524046
p1495,process,,17,post,odor,2.0,1.0361432433128357,1.0361432433128357,0.9661910831928253,1.106095403432846,-0.7415096931322172,2.8137961797578885
p1495,process,,39,post,odor,2.0,0.24890093505382538,0.24890093505382538,0.17300526052713394,0.3247966095805168,-1.679791023198614,2.1775928933062647
p1517,process,,39,pre,odor,2.0,0.3366286903619766,0.3366286903619766,0.24223264306783676,0.4310247376561165,-2.062202316047964,2.735459696771917
p1517,process,,17,pre,odor,2.0,0.7706991732120514,0.7706991732120514,0.7664396911859512,0.7749586552381516,0.6624554718246818,0.878942874599421
p1517,process,,32,pre,odor,2.0,0.9016606509685516,0.9016606509685516,0.8335774093866348,0.9697438925504684,-0.8284985623160028,2.631819864253106
p1517,process,,30,pre,odor,2.0,0.9013327062129974,0.9013327062129974,0.8653531819581985,0.9373122304677963,-0.012993696770278396,1.8156591091962733
p1517,process,,40,pre,odor,2.0,0.35969895869493484,0.35969895869493484,0.06186581775546074,0.657532099634409,-7.208958773294928,7.928356690684797
p1517,process,,3,pre,odor,2.0,0.9848241209983826,0.9848241209983826,0.8584810793399811,1.111167162656784,-2.225856987607013,4.1955052296037785
p1517,process,,2,pre,odor,2.0,1.6006616353988647,1.6006616353988647,1.4268686771392822,1.7744545936584473,-2.8158361833045715,6.017159454102301
p1517,process,,1,pre,odor,2.0,0.05470944941043854,0.05470944941043854,-0.12038858979940414,0.22980748862028122,-4.394953620795572,4.5043725196164495
p1517,process,,4,pre,odor,2.0,0.9706917107105255,0.9706917107105255,0.6844130009412766,1.2569704204797745,-6.304340085161496,8.245723506582546
p1517,process,,31,pre,odor,2.0,1.8488041162490845,1.8488041162490845,1.714331567287445,1.9832766652107239,-1.568467360754647,5.2660755932528165
p1517,process,,21,pre,odor,2.0,1.0270477533340454,1.0270477533340454,0.7847404479980469,1.269355058670044,-5.130564708005939,7.18466021467403
p1517,process,,12,pre,odor,2.0,0.8996973782777786,0.8996973782777786,0.6243171617388725,1.1750775948166847,-6.098377444993145,7.897772201548702
p1517,process,,22,pre,odor,2.0,1.7173761129379272,1.7173761129379272,1.5492817759513855,1.885470449924469,-2.5543060085471554,5.98905823442301
p1517,process,,10,pre,odor,2.0,0.8562793601304293,0.8562793601304293,0.44639776181429625,1.2661609584465623,-9.559799651460176,11.272358371721035
p1517,process,,0,pre,odor,2.0,-0.14234506525099277,-0.14234506525099277,-0.24396682996302843,-0.04072330053895712,-2.7247989614159884,2.440108830914003
p1517,process,,18,pre,odor,2.0,0.5305408239364624,0.5305408239364624,0.41252660751342773,0.6485550403594971,-2.4684847673641546,3.5295664152370794
p1517,process,,12,post,odor,2.0,0.8927733600139618,0.8927733600139618,0.7342131286859512,1.0513335913419724,-3.136624164523883,4.922170884551806
p1517,process,,18,post,odor,2.0,1.2682033777236938,1.2682033777236938,1.1633960604667664,1.3730106949806213,-1.3952030841077776,3.9316098395551653
p1517,process,,40,post,odor,2.0,0.17435107752680779,0.17435107752680779,0.13855831511318684,0.21014383994042873,-0.7352292570746444,1.08393141212826
p1517,process,,32,post,odor,2.0,0.6100085228681564,0.6100085228681564,0.5499228313565254,0.6700942143797874,-0.9169136732546788,2.1369307189909916
p1517,process,,31,post,odor,2.0,0.9735163748264313,0.9735163748264313,0.8163856714963913,1.1306470781564713,-3.0195533988747982,4.966586148527661
p1517,process,,0,post,odor,2.0,-0.07015957310795784,-0.07015957310795784,-0.10698463208973408,-0.0333345141261816,-1.005973050796273,0.8656539045803574
p1517,process,,4,post,odor,2.0,0.42851588129997253,0.42851588129997253,0.39519093930721283,0.46184082329273224,-0.41835119026232803,1.275382952862273
p1517,process,,2,post,odor,2.0,0.6361430287361145,0.6361430287361145,0.5631279349327087,0.7091581225395203,-1.2193464326580328,2.491632490130262
p1517,process,,3,post,odor,2.0,0.8738636672496796,0.8738636672496796,0.8374532014131546,0.9102741330862045,-0.051413999667081045,1.7991413341664402
p1517,process,,21,post,odor,2.0,2.5143970251083374,2.5143970251083374,2.4598678946495056,2.568926155567169,1.128680433717345,3.90011361649933
p1517,process,,1,post,odor,2.0,0.06742281094193459,0.06742281094193459,-0.026750976219773293,0.16159659810364246,-2.325760029973266,2.460605651857135
p1517,process,,22,post,odor,2.0,0.7142662107944489,0.7142662107944489,0.687397375702858,0.7411350458860397,0.03146437140191116,1.3970680501869865
p1517,process,,10,post,odor,1.0,0.06615614891052246,0.06615614891052246,0.06615614891052246,0.06615614891052246,,
p1517,process,,30,post,odor,2.0,0.8181194365024567,0.8181194365024567,0.7871567457914352,0.8490821272134781,0.031282861788271554,1.6049560112166419
p1517,process,,17,post,odor,2.0,0.5759371519088745,0.5759371519088745,0.5479160249233246,0.6039582788944244,-0.1361472009246194,1.2880215047423684
p1517,process,,39,post,odor,2.0,0.07729405164718628,0.07729405164718628,0.062122929841279984,0.09246517345309258,-0.3082407078393932,0.4628288111337658
p1539,process,,39,pre,odor,2.0,0.22405212000012398,0.22405212000012398,0.1679761242121458,0.28012811578810215,-1.2009740465337169,1.6490782865339648
p1539,process,,17,pre,odor,2.0,2.0841761231422424,2.0841761231422424,1.898086041212082,2.270266205072403,-2.644821237610042,6.813173483894527
p1539,process,,32,pre,odor,2.0,3.106796145439148,3.106796145439148,3.019782245159149,3.1938100457191467,0.8955632817376422,5.318029009140654
p1539,process,,30,pre,odor,2.0,1.8865423798561096,1.8865423798561096,1.7608480155467987,2.0122367441654205,-1.3076542743387578,5.080739034050977
p1539,process,,40,pre,odor,2.0,0.48148223757743835,0.48148223757743835,0.24736057221889496,0.7156039029359818,-5.468113388862223,6.4310778640171
p1539,process,,3,pre,odor,2.0,2.3866074681282043,2.3866074681282043,1.601159781217575,3.1720551550388336,-17.57351077075439,22.346725707010798
p1539,process,,2,pre,odor,2.0,2.3863775730133057,2.3863775730133057,1.983635425567627,2.7891197204589844,-7.848270789649593,12.621025935676204
p1539,process,,1,pre,odor,2.0,0.5052565783262253,0.5052565783262253,0.015981562435626984,0.9945315942168236,-11.92840047007591,12.938913626728361
p1539,process,,4,pre,odor,2.0,1.6410297453403473,1.6410297453403473,1.0538246482610703,2.2282348424196243,-13.281266625888914,16.56332611656961
p1539,process,,31,pre,odor,2.0,2.3242810368537903,2.3242810368537903,1.9196625649929047,2.728899508714676,-7.958049250151314,12.606611323858894
p1539,process,,21,pre,odor,2.0,2.11685848236084,2.11685848236084,2.034436821937561,2.1992801427841187,0.022325498293544577,4.211391466428135
p1539,process,,12,pre,odor,2.0,1.2552517354488373,1.2552517354488373,0.7908053547143936,1.719698116183281,-10.547449869725527,13.057953340623202
p1539,process,,22,pre,odor,2.0,2.73169869184494,2.73169869184494,2.32257679104805,3.1408205926418304,-7.6650745753115395,13.12847195900142
p1539,process,,10,pre,odor,2.0,0.8751533478498459,0.8751533478498459,0.5325814560055733,1.2177252396941185,-7.830423841414197,9.580730537113888
p1539,process,,0,pre,odor,2.0,-0.5838587582111359,-0.5838587582111359,-0.7924260646104813,-0.37529145181179047,-5.884056550976258,4.716339034553986
p1539,process,,18,pre,odor,2.0,0.8057447969913483,0.8057447969913483,0.6769137233495712,0.9345758706331253,-2.4681631991558883,4.079652793138585
p1539,process,,12,post,odor,2.0,0.7982987761497498,0.7982987761497498,0.6765618026256561,0.9200357496738434,-2.2953310429690736,3.891928595268573
p1539,process,,18,post,odor,2.0,1.3482133746147156,1.3482133746147156,1.3314220607280731,1.365004688501358,0.9215056305486111,1.77492111868082
p1539,process,,40,post,odor,2.0,0.27451419085264206,0.27451419085264206,0.24372339621186256,0.30530498549342155,-0.5079540905378676,1.0569824722431518
p1539,process,,32,post,odor,2.0,0.37414586544036865,0.37414586544036865,0.3485500067472458,0.3997417241334915,-0.27630657646566315,1.0245983073464004
p1539,process,,31,post,odor,2.0,0.3899047374725342,0.3899047374725342,0.3101843297481537,0.4696251451969147,-1.635982906922068,2.4157923818671363
p1539,process,,0,post,odor,2.0,0.09436705708503723,0.09436705708503723,-0.009411662817001343,0.1981457769870758,-2.542900267581822,2.7316343817518964
p1539,process,,4,post,odor,2.0,0.0548125896602869,0.0548125896602869,0.045208162628114223,0.06441701669245958,-0.18925904282858663,0.29888422214916044
p1539,process,,2,post,odor,2.0,0.7544577121734619,0.7544577121734619,0.7262521386146545,0.7826632857322693,0.037686127494578,1.471229296852346
p1539,process,,3,post,odor,2.0,0.7109702825546265,0.7109702825546265,0.67286017537117,0.7490803897380829,-0.2574993662264917,1.6794399313357447
p1539,process,,21,post,odor,2.0,2.4237918853759766,2.4237918853759766,2.3192445039749146,2.5283392667770386,-0.23300898004969595,5.0805927508016495
p1539,process,,1,post,odor,2.0,0.11364094261080027,0.11364094261080027,0.04187977081164718,0.18540211440995336,-1.709983339364889,1.9372652245864896
p1539,process,,22,post,odor,2.0,0.16630583629012108,0.16630583629012108,0.035328442230820656,0.2972832303494215,-3.162145333166083,3.494757005746325
p1539,process,,10,post,odor,1.0,-0.00439580949023366,-0.00439580949023366,-0.00439580949023366,-0.00439580949023366,,
p1539,process,,30,post,odor,2.0,1.031027615070343,1.031027615070343,0.8875422775745392,1.1745129525661469,-2.615280534651271,4.677335764791957
p1539,process,,17,post,odor,2.0,0.6012122333049774,0.6012122333049774,0.4949459284543991,0.7074785381555557,-2.0992706186714263,3.301695085281381
p1539,process,,39,post,odor,2.0,0.13794231414794922,0.13794231414794922,0.134060800075531,0.14182382822036743,0.039303689166971176,0.23658093912892725
p1562,process,,39,pre,odor,2.0,2.243916153907776,2.243916153907776,2.176425039768219,2.3114072680473328,0.5288043256482868,3.9590279821672647
p1562,process,,17,pre,odor,2.0,5.0988640785217285,5.0988640785217285,4.880645751953125,5.317082405090332,-0.44658939061048386,10.644317547653941
p1562,process,,32,pre,odor,2.0,1.8695446252822876,1.8695446252822876,1.6574693322181702,2.081619918346405,-3.5197995610315624,7.258888811596138
p1562,process,,30,pre,odor,2.0,1.0523401200771332,1.0523401200771332,0.9517234712839127,1.1529567688703537,-1.5045713587917553,3.6092515989460217
p1562,process,,40,pre,odor,2.0,1.3054963052272797,1.3054963052272797,1.0488190799951553,1.562173530459404,-5.217290444597914,7.828283055052474
p1562,process,,3,pre,odor,2.0,0.9193500727415085,0.9193500727415085,0.3397405222058296,1.4989596232771873,-13.809925159555549,15.648625305038566
p1562,process,,2,pre,odor,2.0,1.0600466132164001,1.0600466132164001,0.9030646979808807,1.2170285284519196,-2.929242096502262,5.049335322935063
p1562,process,,1,pre,odor,2.0,6.073901176452637,6.073901176452637,6.0554914474487305,6.092310905456543,5.606065604730384,6.541736748174889
p1562,process,,4,pre,odor,2.0,1.4886804968118668,1.4886804968118668,0.621757946908474,2.3556030467152596,-20.541910322146396,23.51927131577013
p1562,process,,31,pre,odor,2.0,1.7001741528511047,1.7001741528511047,1.609985202550888,1.7903631031513214,-0.5917443820593693,3.9920926877615788
p1562,process,,21,pre,odor,2.0,0.9994072914123535,0.9994072914123535,0.9078366756439209,1.0909779071807861,-1.3276226921302294,3.3264372749549365
p1562,process,,12,pre,odor,2.0,1.093430370092392,1.093430370092392,0.6100690513849258,1.576791688799858,-11.18994538399651,13.376806124181295
p1562,process,,22,pre,odor,2.0,1.4682602286338806,1.4682602286338806,1.3098691999912262,1.626651257276535,-2.5568374479798734,5.493357905247635
p1562,process,,10,pre,odor,2.0,2.6652159690856934,2.6652159690856934,2.5048811435699463,2.8255507946014404,-1.409278269598163,6.73971020776955
p1562,process,,0,pre,odor,2.0,-0.23043156415224075,-0.23043156415224075,-0.2685541845858097,-0.1923089437186718,-1.1992192047690486,0.7383560764645671
p1562,process,,18,pre,odor,2.0,3.9198020696640015,3.9198020696640015,3.392973244190216,4.446630895137787,-9.468187765112722,17.307791904440727
p1562,process,,12,post,odor,2.0,0.307211697101593,0.307211697101593,0.2851087301969528,0.3293146640062332,-0.2544779484329105,0.8689013426360965
p1562,process,,18,post,odor,2.0,0.4983477145433426,0.4983477145433426,0.4490104541182518,0.5476849749684334,-0.7554309496230032,1.7521263787096883
p1562,process,,40,post,odor,2.0,-0.05777590209618211,-0.05777590209618211,-0.0819179315585643,-0.03363387263379991,-0.6712830402877614,0.5557312360953972
p1562,process,,32,post,odor,2.0,0.24932177364826202,0.24932177364826202,0.2313002422451973,0.26734330505132675,-0.208648761685222,0.707292308981746
p1562,process,,31,post,odor,2.0,0.15096716210246086,0.15096716210246086,0.12231962569057941,0.1796146985143423,-0.5770357635703093,0.878970087775231
p1562,process,,0,post,odor,2.0,0.2216385304927826,0.2216385304927826,0.20057272911071777,0.2427043318748474,-0.3136942400914322,0.7569713010769974
p1562,process,,4,post,odor,2.0,-0.045805674046278,-0.045805674046278,-0.08983818255364895,-0.001773165538907051,-1.1647778103302966,1.0731664622377406
p1562,process,,2,post,odor,2.0,0.1961935218423605,0.1961935218423605,0.08883143309503794,0.30355561058968306,-2.5321358392113145,2.9245228828960355
p1562,process,,3,post,odor,2.0,0.3231601119041443,0.3231601119041443,0.297999769449234,0.34832045435905457,-0.31622481302457206,0.9625450368328606
p1562,process,,21,post,odor,2.0,1.2103883624076843,1.2103883624076843,1.0495423376560211,1.3712343871593475,-2.877096680581226,5.297873405396595
p1562,process,,1,post,odor,2.0,-0.24074412137269974,-0.24074412137269974,-0.2769070453941822,-0.20458119735121727,-1.159731154324072,0.6782429115786726
p1562,process,,22,post,odor,2.0,0.12768873944878578,0.12768873944878578,0.12341227941215038,0.13196519948542118,0.019013585905668776,0.2363638929919028
p1562,process,,10,post,odor,1.0,-0.02507462166249752,-0.02507462166249752,-0.02507462166249752,-0.02507462166249752,,
p1562,process,,30,post,odor,2.0,0.3385022208094597,0.3385022208094597,0.28185540810227394,0.39514903351664543,-1.101029779009029,1.7780342206279485
p1562,process,,17,post,odor,2.0,0.44638434052467346,0.44638434052467346,0.3944298177957535,0.49833886325359344,-0.873905265003124,1.766673946052471
p1562,process,,39,post,odor,2.0,0.11238030903041363,0.11238030903041363,0.06785107124596834,0.1569095468148589,-1.0192149150395218,1.243975533100349
p1584,process,,39,pre,odor,2.0,0.19452456384897232,0.19452456384897232,0.1834223009645939,0.20562682673335075,-0.08761068663851918,0.4766598143364638
p1584,process,,17,pre,odor,2.0,0.3195687234401703,0.3195687234401703,0.0949103981256485,0.5442270487546921,-5.389540630824733,6.028678077705074
p1584,process,,32,pre,odor,2.0,0.8425368368625641,0.8425368368625641,0.7073391526937485,0.9777345210313797,-2.5931620729487466,4.278235746673875
p1584,process,,30,pre,odor,2.0,1.6579464673995972,1.6579464673995972,1.548107087612152,1.7677858471870422,-1.1333368279478533,4.449229762747048
p1584,process,,40,pre,odor,2.0,0.6702121049165726,0.6702121049165726,0.5565455481410027,0.7838786616921425,-2.2183289791762597,3.558753189009405
p1584,process,,3,pre,odor,2.0,0.21977899223566055,0.21977899223566055,0.16651565954089165,0.27304232493042946,-1.1337706280657815,1.5733286125371027
p1584,process,,2,pre,odor,2.0,0.3519648164510727,0.3519648164510727,0.3164985403418541,0.3874310925602913,-0.5493187144957928,1.2532483473979381
p1584,process,,1,pre,odor,2.0,0.42363446578383446,0.42363446578383446,0.25762307085096836,0.5896458607167006,-3.7951150793260675,4.642384010893736
p1584,process,,4,pre,odor,2.0,0.4243113473057747,0.4243113473057747,0.33380214497447014,0.5148205496370792,-1.875745563353056,2.7243682579646054
p1584,process,,31,pre,odor,2.0,1.602815866470337,1.602815866470337,1.5700972080230713,1.6355345249176025,0.7713559206224796,2.4342758123181945
p1584,process,,21,pre,odor,2.0,1.4319801330566406,1.4319801330566406,1.3158721327781677,1.5480881333351135,-1.5186039130355695,4.382564179148851
p1584,process,,12,pre,odor,2.0,0.6906119342893362,0.6906119342893362,0.3651745552197099,1.0160493133589625,-7.579536000236194,8.960759868814867
p1584,process,,22,pre,odor,2.0,1.5997881889343262,1.5997881889343262,1.4246193170547485,1.7749570608139038,-2.8516749100790086,6.051251287947661
p1584,process,,10,pre,odor,2.0,1.7982657551765442,1.7982657551765442,1.6431524455547333,1.953379064798355,-2.1435371835442263,5.740068693897315
p1584,process,,0,pre,odor,2.0,-0.3504631072282791,-0.3504631072282791,-0.4067372903227806,-0.2941889241337776,-1.7805256907477127,1.0795994762911545
p1584,process,,18,pre,odor,2.0,0.39374891109764576,0.39374891109764576,0.21974103432148695,0.5677567878738046,-4.0282105049522166,4.815708327147508
p1584,process,,12,post,odor,2.0,0.11349477991461754,0.11349477991461754,0.05881263501942158,0.1681769248098135,-1.276110276988442,1.5030998368176771
p1584,process,,18,post,odor,2.0,0.18822336941957474,0.18822336941957474,0.18201549723744392,0.19443124160170555,0.030466379575259384,0.3459803592638901
p1584,process,,40,post,odor,2.0,0.3491735905408859,0.3491735905408859,0.34892765432596207,0.3494195267558098,0.3429237587431611,0.35542342233861074
p1584,process,,32,post,odor,2.0,0.1007209625095129,0.1007209625095129,0.05700907204300165,0.14443285297602415,-1.0101034968359566,1.2115454218549824
p1584,process,,31,post,odor,2.0,-0.0036857929080724716,-0.0036857929080724716,-0.0303138243034482,0.022942238487303257,-0.6803682301699354,0.6729966443537905
p1584,process,,0,post,odor,2.0,-0.06390948011539876,-0.06390948011539876,-0.09830151952337474,-0.029517440707422793,-0.9378940681400608,0.8100751079092633
p1584,process,,4,post,odor,2.0,0.014369804062880576,0.014369804062880576,0.00793715420877561,0.02080245391698554,-0.14909932802188336,0.1778389361476445
p1584,process,,2,post,odor,2.0,0.40313538908958435,0.40313538908958435,0.34426791965961456,0.46200285851955414,-1.092828848665818,1.8990996268449867
p1584,process,,3,post,odor,2.0,0.443163126707077,0.443163126707077,0.3803021162748337,0.5060241371393204,-1.1542866102427172,2.0406128636568712
p1584,process,,21,post,odor,2.0,0.918594479560852,0.918594479560852,0.9124881029129028,0.9247008562088013,0.7634167357907742,1.07377222333093
p1584,process,,1,post,odor,2.0,-0.06832069158554077,-0.06832069158554077,-0.10586725175380707,-0.030774131417274475,-1.0224692528597272,0.8858278696886457
p1584,process,,22,post,odor,2.0,-0.0012956717982888222,-0.0012956717982888222,-0.015789079945534468,0.013197736348956823,-0.3696080942859798,0.36701675068940215
p1584,process,,10,post,odor,1.0,-0.009519212879240513,-0.009519212879240513,-0.009519212879240513,-0.009519212879240513,,
p1584,process,,30,post,odor,2.0,0.09647402912378311,0.09647402912378311,0.02992429956793785,0.16302375867962837,-1.594714948623469,1.7876630068710353
p1584,process,,17,post,odor,2.0,-0.06943455152213573,-0.06943455152213573,-0.08276235591620207,-0.0561067471280694,-0.40812617415152685,0.2692570711072554
p1584,process,,39,post,odor,2.0,0.1980949565768242,0.1980949565768242,0.16889718547463417,0.2272927276790142,-0.5438907583519585,0.9400806715056069
s1,soma,,39,pre,post_odor,2.0,-0.8785545825958252,-0.8785545825958252,-2.240682005882263,0.4835728406906128,-35.49349441666697,33.73638525147532
s1,soma,,17,pre,post_odor,2.0,2.9540833234786987,2.9540833234786987,1.0977864861488342,4.810380160808563,-44.21889200897496,50.12705865593236
s1,soma,,32,pre,post_odor,2.0,8.03278112411499,8.03278112411499,7.6146252155303955,8.450937032699585,-2.593568048119028,18.65913029634901
s1,soma,,30,pre,post_odor,2.0,3.1871648877859116,3.1871648877859116,1.5582632198929787,4.8160665556788445,-38.20715128690217,44.58148106247399
s1,soma,,40,pre,post_odor,2.0,3.714184522628784,3.714184522628784,3.354843497276306,4.073525547981262,-5.417536753842269,12.845905799099837
s1,soma,,3,pre,post_odor,2.0,0.5458712577819824,0.5458712577819824,-0.34084320068359375,1.4325857162475586,-21.987679645797783,23.079422161361748
s1,soma,,2,pre,post_odor,2.0,1.6593898385763168,1.6593898385763168,0.9802961722016335,2.338483504951,-15.59801648141616,18.916796158568793
s1,soma,,1,pre,post_odor,2.0,2.971232295036316,2.971232295036316,2.698683202266693,3.2437813878059387,-3.954896851742679,9.89736144181531
s1,soma,,4,pre,post_odor,2.0,1.8900474905967712,1.8900474905967712,1.7780596315860748,2.0020353496074677,-0.9558338385147778,4.73592881970832
s1,soma,,31,pre,post_odor,2.0,1.1662916541099548,1.1662916541099548,-0.16380569338798523,2.496389001607895,-32.63468677859349,34.9672700868134
s1,soma,,21,pre,post_odor,2.0,4.72276508808136,4.72276508808136,4.243490159511566,5.202040016651154,-7.456765646565241,16.90229582272796
s1,soma,,12,pre,post_odor,2.0,2.351073443889618,2.351073443889618,2.1211027204990387,2.581044167280197,-3.4930367455641784,8.195183633343415
s1,soma,,22,pre,post_odor,2.0,0.6348827052861452,0.6348827052861452,0.34521820675581694,0.9245472038164735,-6.726190140969305,7.995955551541595
s1,soma,,10,pre,post_odor,2.0,4.256934642791748,4.256934642791748,3.3393733501434326,5.1744959354400635,-19.06050864196545,27.574377927548944
s1,soma,,0,pre,post_odor,2.0,5.498093366622925,5.498093366622925,5.045003533363342,5.951183199882507,-6.016011003928094,17.012197737173942
s1,soma,,18,pre,post_odor,2.0,0.18154336512088776,0.18154336512088776,-0.1062745526432991,0.4693612828850746,-7.13260341458161,7.495690144823386
s1,soma,,12,post,post_odor,2.0,1.720070719718933,1.720070719718933,1.6470536589622498,1.7930877804756165,-0.13546872669731758,3.575610166135184
s1,soma,,18,post,post_odor,2.0,1.613949716091156,1.613949716091156,1.5587376058101654,1.6691618263721466,0.21087696179811166,3.0170224703842003
s1,soma,,40,post,post_odor,2.0,0.08879619650542736,0.08879619650542736,0.06304652709513903,0.1145458659157157,-0.565564946326449,0.7431573393373038
s1,soma,,32,post,post_odor,2.0,0.47282645106315613,0.47282645106315613,0.4081277400255203,0.5375251621007919,-1.171323686158456,2.116976588284768
s1,soma,,31,post,post_odor,2.0,0.46560533344745636,0.46560533344745636,0.3774876222014427,0.55372304469347,-1.7736780265024885,2.7048886933974012
s1,soma,,0,post,post_odor,2.0,0.05077196183265187,0.05077196183265187,0.025057059116079472,0.07648686454922426,-0.6027056755425155,0.7042495992078193
s1,soma,,4,post,post_odor,2.0,1.1692082285881042,1.1692082285881042,0.8297629058361053,1.5086535513401031,-7.456915306659486,9.795331763835694
s1,soma,,2,post,post_odor,2.0,0.6696048080921173,0.6696048080921173,0.44404105842113495,0.8951685577630997,-5.062513560665401,6.401723176849636
s1,soma,,3,post,post_odor,2.0,1.4226484894752502,1.4226484894752502,1.398394376039505,1.4469026029109955,0.8062930274572814,2.039003951493219
s1,soma,,21,post,post_odor,2.0,4.599721431732178,4.599721431732178,4.465238332748413,4.734204530715942,1.1821818532462567,8.0172610102181
s1,soma,,1,post,post_odor,2.0,0.013104218989610672,0.013104218989610672,-0.03638594411313534,0.06259438209235668,-1.244560070630728,1.2707685086099494
s1,soma,,22,post,post_odor,2.0,0.6933933049440384,0.6933933049440384,0.5374474450945854,0.8493391647934914,-3.26956674106787,4.656353350955946
s1,soma,,10,post,post_odor,1.0,0.06751637905836105,0.06751637905836105,0.06751637905836105,0.06751637905836105,,
s1,soma,,30,post,post_odor,2.0,1.112489640712738,1.112489640712738,1.0602783262729645,1.1647009551525116,-0.21432566092037586,2.439304942345852
s1,soma,,17,post,post_odor,2.0,0.2596535459160805,0.2596535459160805,0.24264908954501152,0.27665800228714943,-0.17247066224022412,0.6917777540723851
s1,soma,,39,post,post_odor,2.0,0.35145552083849907,0.35145552083849907,0.15476755984127522,0.5481434818357229,-4.646859482304439,5.349770523981437
s23,soma,,39,pre,post_odor,2.0,2.2975850701332092,2.2975850701332092,1.719148963689804,2.8760211765766144,-12.40187012039808,16.997040260664498
s23,soma,,17,pre,post_odor,2.0,4.215126395225525,4.215126395225525,3.7412508130073547,4.689001977443695,-7.827193939050584,16.257446729501634
s23,soma,,32,pre,post_odor,2.0,3.281511068344116,3.281511068344116,3.0107367038726807,3.5522854328155518,-3.599517956219178,10.16254009290741
s23,soma,,30,pre,post_odor,2.0,0.5451847687363625,0.5451847687363625,0.2583482824265957,0.8320212550461292,-6.74402147297737,7.834391010450095
s23,soma,,40,pre,post_odor,2.0,3.0838332176208496,3.0838332176208496,2.7585134506225586,3.4091529846191406,-5.1833259107890175,11.350992346030717
s23,soma,,3,pre,post_odor,2.0,4.049430251121521,4.049430251121521,3.042959749698639,5.055900752544403,-21.527410252877566,29.626270755120608
s23,soma,,2,pre,post_odor,2.0,2.579580068588257,2.579580068588257,2.064197301864624,3.0949628353118896,-10.517537834385022,15.676697971561536
s23,soma,,1,pre,post_odor,2.0,0.644342452287674,0.644342452287674,0.5282462984323502,0.7604386061429977,-2.305940547648688,3.5946254522240357
s23,soma,,4,pre,post_odor,2.0,3.5920077562332153,3.5920077562332153,2.7606257796287537,4.423389732837677,-17.53541146117056,24.719426973636992
s23,soma,,31,pre,post_odor,2.0,3.223746597766876,3.223746597766876,2.4510535895824432,3.996439605951309,-16.412244522637348,22.8597377181711
s23,soma,,21,pre,post_odor,2.0,2.1818917989730835,2.1818917989730835,1.908448040485382,2.455335557460785,-4.766972959374597,9.130756557320764
s23,soma,,12,pre,post_odor,2.0,4.051947712898254,4.051947712898254,3.2021448016166687,4.90175062417984,-17.543591839383996,25.647487265180505
s23,soma,,22,pre,post_odor,2.0,4.446003198623657,4.446003198623657,4.183535933494568,4.708470463752747,-2.2239224159244513,11.115928813171767
s23,soma,,10,pre,post_odor,2.0,2.27835413813591,2.27835413813591,1.2777761965990067,3.2789320796728134,-23.148742221200347,27.705450497472167
s23,soma,,0,pre,post_odor,2.0,2.1772401332855225,2.1772401332855225,1.9654825925827026,2.3889976739883423,-3.2040291999122275,7.558509466483272
s23,soma,,18,pre,post_odor,2.0,1.3839759528636932,1.3839759528636932,0.446739986538887,2.3212119191884995,-22.433448195595343,25.20140010132273
s23,soma,,12,post,post_odor,2.0,0.06111283227801323,0.06111283227801323,0.050123969092965126,0.07210169546306133,-0.21814065861605464,0.3403663231720811
s23,soma,,18,post,post_odor,2.0,0.10798973962664604,0.10798973962664604,0.10139535553753376,0.11458412371575832,-0.05958944906382099,0.2755689283171131
s23,soma,,40,post,post_odor,2.0,0.07717501744627953,0.07717501744627953,0.06426611728966236,0.09008391760289669,-0.250871239171351,0.40522127406391006
s23,soma,,32,post,post_odor,2.0,0.137906052172184,0.137906052172184,0.10222861543297768,0.1735834889113903,-0.7687435791683684,1.0445556835127365
s23,soma,,31,post,post_odor,2.0,-0.007154297083616257,-0.007154297083616257,-0.024837825447320938,0.010529231280088425,-0.45653536077798407,0.44222676661075155
s23,soma,,0,post,post_odor,2.0,-0.010659960098564625,-0.010659960098564625,-0.02365610795095563,0.0023361877538263798,-0.34092339088671897,0.3196034706895897
s23,soma,,4,post,post_odor,2.0,0.05841282708570361,0.05841282708570361,0.022319662617519498,0.09450599155388772,-0.8588014475326428,0.97562710170405
s23,soma,,2,post,post_odor,2.0,-0.01806869450956583,-0.01806869450956583,-0.025731465313583612,-0.010405923705548048,-0.21279816387402967,0.176660774854898
s23,soma,,3,post,post_odor,2.0,0.026004786719568074,0.026004786719568074,0.014827976643573493,0.037181596795562655,-0.25802488752628666,0.3100344609654228
s23,soma,,21,post,post_odor,2.0,0.8238541930913925,0.8238541930913925,0.6511456146836281,0.996562771499157,-3.5650869207940774,5.212795306976862
s23,soma,,1,post,post_odor,2.0,-0.010994736570864916,-0.010994736570864916,-0.022207956993952394,0.00021848385222256184,-0.29594968546607475,0.2739602123243449
s23,soma,,22,post,post_odor,2.0,0.08042033016681671,0.08042033016681671,0.07343559712171555,0.08740506321191788,-0.09707856603034393,0.25791922636397735
s23,soma,,10,post,post_odor,1.0,0.09072191268205643,0.09072191268205643,0.09072191268205643,0.09072191268205643,,
s23,soma,,30,post,post_odor,2.0,0.09772350173443556,0.09772350173443556,0.062067743856459856,0.13337925961241126,-0.8083752175076303,1.0038222209765015
s23,soma,,17,post,post_odor,2.0,0.13358177663758397,0.13358177663758397,0.06451156619004905,0.2026519870851189,-1.621658693596518,1.888822246871686
s23,soma,,39,post,post_odor,2.0,0.06028243526816368,0.06028243526816368,0.03881215862929821,0.08175271190702915,-0.485329026163303,0.6058938966996303
s46,soma,,39,pre,post_odor,2.0,0.7865330725908279,0.7865330725908279,0.5517087504267693,1.0213573947548866,-5.18091875630912,6.753984901490776
s46,soma,,17,pre,post_odor,2.0,1.4902346730232239,1.4902346730232239,1.268022745847702,1.7124466001987457,-4.15670581000102,7.137175156047467
s46,soma,,32,pre,post_odor,2.0,4.597793340682983,4.597793340682983,4.440637469291687,4.75494921207428,0.6040839859034808,8.591502695462486
s46,soma,,30,pre,post_odor,2.0,2.1520134806632996,2.1520134806632996,1.4119981825351715,2.8920287787914276,-16.653558291171397,20.957585252497996
s46,soma,,40,pre,post_odor,2.0,2.385619282722473,2.385619282722473,1.7117192149162292,3.059519350528717,-14.73980518381381,19.511043749258757
s46,soma,,3,pre,post_odor,2.0,2.19020839035511,2.19020839035511,1.2760648056864738,3.1043519750237465,-21.040382699765566,25.420799480475786
s46,soma,,2,pre,post_odor,2.0,2.2964082956314087,2.2964082956314087,2.2631158232688904,2.329700767993927,1.4503663556082182,3.142450235654599
s46,soma,,1,pre,post_odor,2.0,1.5865651369094849,1.5865651369094849,1.2954906821250916,1.8776395916938782,-5.810338095012364,8.983468368831334
s46,soma,,4,pre,post_odor,2.0,1.723210334777832,1.723210334777832,0.34755516052246094,3.098865509033203,-33.235502246155804,36.68192291571147
s46,soma,,31,pre,post_odor,2.0,4.012442231178284,4.012442231178284,3.6839887499809265,4.340895712375641,-4.334352125627566,12.359236587984133
s46,soma,,21,pre,post_odor,2.0,2.6619922518730164,2.6619922518730164,2.2680677473545074,3.0559167563915253,-7.348578558143679,12.672563061889711
s46,soma,,12,pre,post_odor,2.0,0.7285889983177185,0.7285889983177185,-0.16865167021751404,1.625829666852951,-22.07245826574412,23.529636262379558
s46,soma,,22,pre,post_odor,2.0,2.5221760272979736,2.5221760272979736,1.7581640481948853,3.286188006401062,-16.893209227449752,21.9375612820457
s46,soma,,10,pre,post_odor,2.0,1.500515341758728,1.500515341758728,1.421505630016327,1.5795250535011292,-0.5073118053314611,3.508342488848917
s46,soma,,0,pre,post_odor,2.0,1.1311004906892776,1.1311004906892776,0.7547681257128716,1.5074328556656837,-8.432411665788791,10.694612647167347
s46,soma,,18,pre,post_odor,2.0,0.14078956842422485,0.14078956842422485,-0.5918803513050079,0.8734594881534576,-18.478118439808398,18.759697576656848
s46,soma,,12,post,post_odor,2.0,0.4036151394248009,0.4036151394248009,0.2705671228468418,0.5366631560027599,-2.9774555373382245,3.7846858161878263
s46,soma,,18,post,post_odor,2.0,-0.18485625833272934,-0.18485625833272934,-0.24444302543997765,-0.12526949122548103,-1.699099583195643,1.3293870665301843
s46,soma,,40,post,post_odor,2.0,0.02354423701763153,0.02354423701763153,-0.04367608577013016,0.09076455980539322,-1.684686130528467,1.7317746045637301
s46,soma,,32,post,post_odor,2.0,0.04822577349841595,0.04822577349841595,-0.0015628887340426445,0.09801443573087454,-1.217024098233319,1.3134756452301508
s46,soma,,31,post,post_odor,2.0,0.12488111853599548,0.12488111853599548,0.11358240991830826,0.1361798271536827,-0.162246291365435,0.41200852843742597
s46,soma,,0,post,post_odor,2.0,0.06122484616935253,0.06122484616935253,0.05769695062190294,0.06475274171680212,-0.02842748005811463,0.1508771723968197
s46,soma,,4,post,post_odor,2.0,0.002050444483757019,0.002050444483757019,-0.032547976821660995,0.036648865789175034,-0.8771788048263827,0.8812796937938967
s46,soma,,2,post,post_odor,2.0,0.07673309370875359,0.07673309370875359,0.06489078514277935,0.08857540227472782,-0.22420850066769432,0.3776746880852015
s46,soma,,3,post,post_odor,2.0,0.21290037035942078,0.21290037035942078,0.186976358294487,0.23882438242435455,-0.4458912394008021,0.8716919801196437
s46,soma,,21,post,post_odor,2.0,0.5462498068809509,0.5462498068809509,0.5356326401233673,0.5568669736385345,0.27644201780101996,0.8160575959608819
s46,soma,,1,post,post_odor,2.0,-0.026516415178775787,-0.026516415178775787,-0.1493053175508976,0.09627248719334602,-3.146878280919468,3.0938454505619166
s46,soma,,22,post,post_odor,2.0,0.44090965390205383,0.44090965390205383,0.3939089924097061,0.48791031539440155,-0.7534904014127703,1.635309709216878
s46,soma,,10,post,post_odor,1.0,0.23853890597820282,0.23853890597820282,0.23853890597820282,0.23853890597820282,,
s46,soma,,30,post,post_odor,2.0,0.012112960801459849,0.012112960801459849,0.007441335299517959,0.01678458630340174,-0.10660429935535719,0.1308302209582769
s46,soma,,17,post,post_odor,2.0,-0.11713018827140331,-0.11713018827140331,-0.19193251337856054,-0.04232786316424608,-2.0180375033782845,1.7837771268354776
s46,soma,,39,post,post_odor,2.0,0.1359599083662033,0.1359599083662033,0.13281503319740295,0.13910478353500366,0.056041052837224825,0.2158787638951818
s68,soma,,39,pre,post_odor,2.0,7.575811147689819,7.575811147689819,7.160530209541321,7.991092085838318,-2.9774780986012246,18.129100393980863
s68,soma,,17,pre,post_odor,2.0,0.10044443607330322,0.10044443607330322,-1.4733867049217224,1.6742755770683289,-39.89439695922712,40.09528583137373
s68,soma,,32,pre,post_odor,2.0,15.687461853027344,15.687461853027344,15.154597282409668,16.22032642364502,2.1460891911833304,29.22883451487136
s68,soma,,30,pre,post_odor,2.0,10.457021397422068,10.457021397422068,5.22749281238066,15.686549982463475,-122.43790035300606,143.3519431478502
s68,soma,,40,pre,post_odor,2.0,6.7911741733551025,6.7911741733551025,5.3234909772872925,8.258857369422913,-30.506192180806536,44.08854052751674
s68,soma,,3,pre,post_odor,2.0,-1.6635146141052246,-1.6635146141052246,-1.8233007192611694,-1.5037285089492798,-5.724064546319973,2.3970353181095234
s68,soma,,2,pre,post_odor,2.0,1.4717222452163696,1.4717222452163696,1.2658458948135376,1.6775985956192017,-3.7600918718932803,6.70353636232602
s68,soma,,1,pre,post_odor,2.0,17.620779514312744,17.620779514312744,16.423863172531128,18.81769585609436,-12.795748667188178,48.037307695813666
s68,soma,,4,pre,post_odor,2.0,-0.5267576202750206,-0.5267576202750206,-0.6994779817759991,-0.35403725877404213,-4.915998170950097,3.8624829304000556
s68,soma,,31,pre,post_odor,2.0,3.667428970336914,3.667428970336914,0.3713855743408203,6.963472366333008,-80.09297544734885,87.42783338802268
s68,soma,,21,pre,post_odor,2.0,-1.1421693563461304,-1.1421693563461304,-2.249499022960663,-0.0348396897315979,-29.282084265234765,26.997745552542504
s68,soma,,12,pre,post_odor,2.0,6.18743459880352,6.18743459880352,2.8841205909848213,9.490748606622219,-77.7577335836328,90.13260278123984
s68,soma,,22,pre,post_odor,2.0,-1.1492987275123596,-1.1492987275123596,-1.158486932516098,-1.1401105225086212,-1.3827931553832495,-0.9158042996414698
s68,soma,,10,pre,post_odor,2.0,-0.9093916118144989,-0.9093916118144989,-1.6758060306310654,-0.14297719299793243,-20.385828648293764,18.567045424664766
s68,soma,,0,pre,post_odor,2.0,-0.04924695007503033,-0.04924695007503033,-0.09851024206727743,1.63419172167778e-05,-1.3011458981379245,1.2026519979878638
s68,soma,,18,pre,post_odor,2.0,-0.43978180922567844,-0.43978180922567844,-0.6359323086217046,-0.2436313098296523,-5.4244386180833155,4.544874999631959
s68,soma,,12,post,post_odor,2.0,-0.023031583055853844,-0.023031583055853844,-0.05554553400725126,0.009482367895543575,-0.8492894181966488,0.8032262520849411
s68,soma,,18,post,post_odor,2.0,0.4248337522149086,0.4248337522149086,0.2986946664750576,0.5509728379547596,-2.7806643450739728,3.63033184950379
s68,soma,,40,post,post_odor,2.0,0.04911485128104687,0.04911485128104687,0.009409111924469471,0.08882059063762426,-0.9599036556506764,1.05813335821277
s68,soma,,32,post,post_odor,2.0,-0.08585146255791187,-0.08585146255791187,-0.11327453050762415,-0.058428394608199596,-0.7827376942840609,0.6110347691682372
s68,soma,,31,post,post_odor,2.0,0.0771091477945447,0.0771091477945447,0.03269820613786578,0.12152008945122361,-1.0514798866375985,1.205698182226688
s68,soma,,0,post,post_odor,2.0,-0.06664102151989937,-0.06664102151989937,-0.07307559438049793,-0.060206448659300804,-0.2301590218330966,0.09687697879329787
s68,soma,,4,post,post_odor,2.0,0.15380430221557617,0.15380430221557617,0.14628130197525024,0.1613273024559021,-0.037373260352169146,0.3449818647833215
s68,soma,,2,post,post_odor,2.0,-0.20098625868558884,-0.20098625868558884,-0.21584993228316307,-0.1861225850880146,-0.5787080184104938,0.17673550103931612
s68,soma,,3,post,post_odor,2.0,-0.012854602187871933,-0.012854602187871933,-0.059251444414258,0.03354224003851414,-1.1919101550687852,1.1662009506930413
s68,soma,,21,post,post_odor,2.0,0.6109866499900818,0.6109866499900818,0.60275599360466,0.6192173063755035,0.40182583969753705,0.8201474602826265
s68,soma,,1,post,post_odor,2.0,-0.07394986529834569,-0.07394986529834569,-0.1083457056665793,-0.039554024930112064,-0.9480310448814633,0.8001313142847719
s68,soma,,22,post,post_odor,2.0,-0.042939648032188416,-0.042939648032188416,-0.07990161702036858,-0.005977679044008255,-0.9822323388641022,0.8963530427997254
s68,soma,,10,post,post_odor,1.0,-0.017964860424399376,-0.017964860424399376,-0.017964860424399376,-0.017964860424399376,,
s68,soma,,30,post,post_odor,2.0,-0.0074178725481033325,-0.0074178725481033325,-0.03660096973180771,0.021765224635601044,-0.7490306878517652,0.7341949427555585
s68,soma,,17,post,post_odor,2.0,0.008746339357458055,0.008746339357458055,0.002778110618237406,0.014714568096678704,-0.1429207331882606,0.1604134119031767
s68,soma,,39,post,post_odor,2.0,0.08987859077751637,0.08987859077751637,0.06357681285589933,0.1161803686991334,-0.5785129596174142,0.758270141172447
s90,soma,,39,pre,post_odor,2.0,0.6899240911006927,0.6899240911006927,-0.029891714453697205,1.4097398966550827,-17.60232990431649,18.982178086517877
s90,soma,,17,pre,post_odor,2.0,-2.498701751232147,-2.498701751232147,-3.4997657239437103,-1.497637778520584,-27.938149333795177,22.940745831330883
s90,soma,,32,pre,post_odor,2.0,7.954052209854126,7.954052209854126,6.433107256889343,9.474997162818909,-30.69682371979011,46.60492813949836
s90,soma,,30,pre,post_odor,2.0,5.9284104108810425,5.9284104108810425,4.837056457996368,7.0197643637657166,-21.805523119091397,33.66234394085348
s90,soma,,40,pre,post_odor,2.0,1.8202798962593079,1.8202798962593079,1.6645674407482147,1.975992351770401,-2.1367487831335783,5.777308575652194
s90,soma,,3,pre,post_odor,2.0,4.800356864929199,4.800356864929199,3.1858034133911133,6.414910316467285,-36.22933656055166,45.83005029041006
s90,soma,,2,pre,post_odor,2.0,4.081176400184631,4.081176400184631,2.855592429637909,5.306760370731354,-27.06386530209647,35.22621810246574
s90,soma,,1,pre,post_odor,2.0,4.383496046066284,4.383496046066284,3.343534827232361,5.4234572649002075,-22.04442428230492,30.81141637443749
s90,soma,,4,pre,post_odor,2.0,3.668594866991043,3.668594866991043,1.7160926312208176,5.621097102761269,-45.94919144407959,53.286381178061674
s90,soma,,31,pre,post_odor,2.0,9.319395303726196,9.319395303726196,7.361863970756531,11.276926636695862,-40.42619248465286,59.06498309210525
s90,soma,,21,pre,post_odor,2.0,1.028185486793518,1.028185486793518,0.6636444926261902,1.392726480960846,-8.235679526443947,10.292050500030983
s90,soma,,12,pre,post_odor,2.0,2.3928182721138,2.3928182721138,1.1227221190929413,3.662914425134659,-29.88338523770799,34.66902178193559
s90,soma,,22,pre,post_odor,2.0,5.104019746184349,5.104019746184349,2.773677743971348,7.43436174839735,-54.11558542466696,64.32362491703566
s90,soma,,10,pre,post_odor,2.0,3.040013909339905,3.040013909339905,2.0826281905174255,3.997399628162384,-21.289464000356492,27.369491819036302
s90,soma,,0,pre,post_odor,2.0,2.2574546337127686,2.2574546337127686,1.7077034711837769,2.8072057962417603,-11.713047016374068,16.227956283799607
s90,soma,,18,pre,post_odor,2.0,-0.437743466347456,-0.437743466347456,-0.712676515802741,-0.1628104168921709,-7.424454696586844,6.548967763891932
s90,soma,,12,post,post_odor,2.0,-9.34237614274025e-05,-9.34237614274025e-05,-0.01427749590948224,0.014090648386627436,-0.36054487317314327,0.36035802565028846
s90,soma,,18,post,post_odor,2.0,-0.004953479394316673,-0.004953479394316673,-0.031065273098647594,0.021158314310014248,-0.6685170730662888,0.6586101142776555
s90,soma,,40,post,post_odor,2.0,-0.0065420689061284065,-0.0065420689061284065,-0.020021083299070597,0.006936945486813784,-0.3490763019432663,0.33599216413100946
s90,soma,,32,post,post_odor,2.0,0.07191465608775616,0.07191465608775616,0.0582342641428113,0.08559504803270102,-0.2757370657594128,0.4195663779349251
s90,soma,,31,post,post_odor,2.0,-0.034486714750528336,-0.034486714750528336,-0.059973521158099174,-0.008999908342957497,-0.6821678753222166,0.6131944458211599
s90,soma,,0,post,post_odor,2.0,-0.0254304027184844,-0.0254304027184844,-0.04991858405992389,-0.0009422213770449162,-0.6477340942002906,0.5968732887633218
s90,soma,,4,post,post_odor,2.0,0.0742323286831379,0.0742323286831379,0.06761887855827808,0.0808457788079977,-0.09383137391475976,0.24229603128103555
s90,soma,,2,post,post_odor,2.0,0.022728596813976765,0.022728596813976765,0.0019945348612964153,0.043462658766657114,-0.5041738755525964,0.5496310691805499
s90,soma,,3,post,post_odor,2.0,0.007376173511147499,0.007376173511147499,-0.02259309310466051,0.03734544012695551,-0.7542151013157763,0.7689674483380713
s90,soma,,21,post,post_odor,2.0,0.03748101880773902,0.03748101880773902,0.011254282901063561,0.06370775471441448,-0.6290035331758662,0.7039655707913443
s90,soma,,1,post,post_odor,2.0,-0.07721663638949394,-0.07721663638949394,-0.08832281269133091,-0.06611046008765697,-0.359451336243878,0.2050180634648901
s90,soma,,22,post,post_odor,2.0,-0.014635217376053333,-0.014635217376053333,-0.029764727223664522,0.0004942924715578556,-0.3991125167394912,0.36984208198738455
s90,soma,,10,post,post_odor,1.0,-0.054635800421237946,-0.054635800421237946,-0.054635800421237946,-0.054635800421237946,,
s90,soma,,30,post,post_odor,2.0,0.004212979227304459,0.004212979227304459,-0.02453712932765484,0.032963087782263756,-0.7263965517458163,0.7348225102004252
s90,soma,,17,post,post_odor,2.0,-0.061247238889336586,-0.061247238889336586,-0.06157329585403204,-0.06092118192464113,-0.06953313198748882,-0.05296134579118435
s90,soma,,39,post,post_odor,2.0,0.00827783439308405,0.00827783439308405,-0.0028318879194557667,0.019387556705623865,-0.27404697813727413,0.29060264692344223
s112,soma,,39,pre,post_odor,2.0,7.4462714195251465,7.4462714195251465,6.583042860031128,8.309499979019165,-14.490446202563167,29.38298904161346
s112,soma,,17,pre,post_odor,2.0,1.9581339955329895,1.9581339955329895,1.649158090353012,2.267109900712967,-5.893688223990395,9.809956215056374
s112,soma,,32,pre,post_odor,2.0,3.8599236011505127,3.8599236011505127,3.6731263399124146,4.046720862388611,-0.8870448897454555,8.60689209204648
s112,soma,,30,pre,post_odor,2.0,6.2183060348033905,6.2183060348033905,2.7398120909929276,9.696799978613853,-82.1786064123956,94.61521848200238
s112,soma,,40,pre,post_odor,2.0,4.467521965503693,4.467521965503693,3.0779857337474823,5.857058197259903,-30.843941732550505,39.77898566355789
s112,soma,,3,pre,post_odor,2.0,9.232140302658081,9.232140302658081,7.7762709856033325,10.68800961971283,-27.76500692056684,46.229287525883
s112,soma,,2,pre,post_odor,2.0,11.751806259155273,11.751806259155273,10.96778392791748,12.535828590393066,-8.172090257725465,31.67570277603601
s112,soma,,1,pre,post_odor,2.0,11.363980770111084,11.363980770111084,11.306353330612183,11.421608209609985,9.899528680721962,12.828432859500206
s112,soma,,4,pre,post_odor,2.0,7.647469341754913,7.647469341754913,4.629246920347214,10.665691763162613,-69.05283470968341,84.34777339319324
s112,soma,,31,pre,post_odor,2.0,2.690825492143631,2.690825492143631,0.941179558634758,4.440471425652504,-41.771893401814836,47.1535443861021
s112,soma,,21,pre,post_odor,2.0,5.511354684829712,5.511354684829712,4.254114508628845,6.768594861030579,-26.438147477875408,37.46085684753483
s112,soma,,12,pre,post_odor,2.0,5.984362900257111,5.984362900257111,2.3300594985485077,9.638666301965714,-86.88029148016118,98.8490172806754
s112,soma,,22,pre,post_odor,2.0,4.975033914670348,4.975033914670348,2.4954397613182664,7.45462806802243,-58.03742803555625,67.98749586489694
s112,soma,,10,pre,post_odor,2.0,5.0110557079315186,5.0110557079315186,3.8662842512130737,6.155827164649963,-24.080345302455495,34.102456718318535
s112,soma,,0,pre,post_odor,2.0,1.1950701475143433,1.1950701475143433,0.6583549380302429,1.7317853569984436,-12.444156525933392,14.834296820962079
s112,soma,,18,pre,post_odor,2.0,-1.3029801547527313,-1.3029801547527313,-1.6526373475790024,-0.9533229619264603,-10.188611913806158,7.582651604300695
s112,soma,,12,post,post_odor,2.0,-0.040775881556328386,-0.040775881556328386,-0.06181804902735166,-0.01973371408530511,-0.5755080575157224,0.49395629440306565
s112,soma,,18,post,post_odor,2.0,0.03979133418761194,0.03979133418761194,0.02232325228396803,0.057259416091255844,-0.4041147158443234,0.4836973842195473
s112,soma,,40,post,post_odor,2.0,-0.01914159581065178,-0.01914159581065178,-0.031101154163479805,-0.007182037457823753,-0.3230627897811739,0.28477959815987036
s112,soma,,32,post,post_odor,2.0,0.03234304767102003,0.03234304767102003,0.022752853576093912,0.04193324176594615,-0.21136689158854963,0.27605298693058966
s112,soma,,31,post,post_odor,2.0,-0.0011174343526363373,-0.0011174343526363373,-0.01414752472192049,0.011912656016647816,-0.3322434262786015,0.3300085575733288
s112,soma,,0,post,post_odor,2.0,0.013204769231379032,0.013204769231379032,-0.004731957335025072,0.031141495797783136,-0.44261067086764955,0.4690202093304076
s112,soma,,4,post,post_odor,2.0,0.009980745613574982,0.009980745613574982,-0.0009772442281246185,0.020938735455274582,-0.2684881792375403,0.2884496704646903
s112,soma,,2,post,post_odor,2.0,-0.006954589392989874,-0.006954589392989874,-0.01463175262324512,0.0007225738372653723,-0.2020498049863007,0.18814062620032096
s112,soma,,3,post,post_odor,2.0,0.029596628970466554,0.029596628970466554,0.013517004961613566,0.04567625297931954,-0.37902536050392577,0.4382186184448589
s112,soma,,21,post,post_odor,2.0,0.5022639334201813,0.5022639334201813,0.4430685192346573,0.5614593476057053,-1.0020341707476736,2.0065620375880364
s112,soma,,1,post,post_odor,2.0,0.01965344324707985,0.01965344324707985,-0.0048872847110033035,0.044194171205163,-0.6039855843732619,0.6432924708674216
s112,soma,,22,post,post_odor,2.0,0.04432749841362238,0.04432749841362238,0.031056912150233984,0.057598084677010775,-0.29291007364973853,0.3815650704769833
s112,soma,,10,post,post_odor,1.0,-0.06451903283596039,-0.06451903283596039,-0.06451903283596039,-0.06451903283596039,,
s112,soma,,30,post,post_odor,2.0,0.03374837525188923,0.03374837525188923,0.02704607415944338,0.04045067634433508,-0.13657324451631933,0.2040699950200978
s112,soma,,17,post,post_odor,2.0,0.05750057380646467,0.05750057380646467,0.03282758640125394,0.0821735612116754,-0.5694994850408698,0.6845006326537991
s112,soma,,39,post,post_odor,2.0,-0.011323596118018031,-0.011323596118018031,-0.01313524681609124,-0.009511945419944823,-0.05736200547832201,0.034714813242285945
s135,soma,,39,pre,post_odor,2.0,1.1444386839866638,1.1444386839866638,1.0899358689785004,1.1989414989948273,-0.24060916839649527,2.5294865363698227
s135,soma,,17,pre,post_odor,2.0,1.7809686362743378,1.7809686362743378,1.1370565444231033,2.424880728125572,-14.582389106046282,18.144326378594958
s135,soma,,32,pre,post_odor,2.0,1.683276355266571,1.683276355266571,1.4356379806995392,1.930914729833603,-4.609811420297874,7.9763641308310165
s135,soma,,30,pre,post_odor,2.0,1.2432148456573486,1.2432148456573486,0.9224135875701904,1.5640161037445068,-6.909118084098351,9.395547775413048
s135,soma,,40,pre,post_odor,2.0,1.2899612784385681,1.2899612784385681,1.150785893201828,1.4291366636753082,-2.2468205996694417,4.826743156546578
s135,soma,,3,pre,post_odor,2.0,1.39401975274086,1.39401975274086,1.033007726073265,1.755031779408455,-7.780165693378777,10.568205198860497
s135,soma,,2,pre,post_odor,2.0,1.2932369410991669,1.2932369410991669,0.9926592856645584,1.5938145965337753,-6.3451655170438475,8.931639399242181
s135,soma,,1,pre,post_odor,2.0,0.8396629840135574,0.8396629840135574,0.5895602032542229,1.089765764772892,-5.516051290815879,7.195377258842994
s135,soma,,4,pre,post_odor,2.0,1.6164047122001648,1.6164047122001648,1.2545316517353058,1.9782777726650238,-7.579661677345081,10.81247110174541
s135,soma,,31,pre,post_odor,2.0,2.7027604579925537,2.7027604579925537,2.6590605974197388,2.7464603185653687,1.592241707231604,3.8132792087535035
s135,soma,,21,pre,post_odor,2.0,1.6840408742427826,1.6840408742427826,1.3253919035196304,2.0426898449659348,-7.430093626610606,10.798175375096172
s135,soma,,12,pre,post_odor,2.0,1.3838564157485962,1.3838564157485962,0.9902380108833313,1.777474820613861,-8.618935664540517,11.38664849603771
s135,soma,,22,pre,post_odor,2.0,2.504434823989868,2.504434823989868,2.3542755842208862,2.65459406375885,-1.3114732630761914,6.320342911055928
s135,soma,,10,pre,post_odor,2.0,0.1768711805343628,0.1768711805343628,-0.475787878036499,0.8295302391052246,-16.408768061706436,16.76251042277516
s135,soma,,0,pre,post_odor,2.0,1.208604022860527,1.208604022860527,0.8478940799832344,1.5693139657378197,-7.95790474628499,10.375112792006044
s135,soma,,18,pre,post_odor,2.0,1.1510324031114578,1.1510324031114578,0.7276672646403313,1.5743975415825844,-9.607695852034709,11.909760658257625
s135,soma,,12,post,post_odor,2.0,-0.0764356292784214,-0.0764356292784214,-0.13205391354858875,-0.02081734500825405,-1.4898302433014432,1.3369589847446004
s135,soma,,18,post,post_odor,2.0,0.043337613344192505,0.043337613344192505,0.03749401681125164,0.04918120987713337,-0.10516225454210196,0.19183748123048697
s135,soma,,40,post,post_odor,2.0,-0.04850960895419121,-0.04850960895419121,-0.05913781188428402,-0.037881406024098396,-0.3185978537689333,0.22157863586055088
s135,soma,,32,post,post_odor,2.0,0.08914875704795122,0.08914875704795122,0.04853625176474452,0.12976126233115792,-0.9429128569068501,1.1212103710027526
s135,soma,,31,post,post_odor,2.0,-0.04178035631775856,-0.04178035631775856,-0.0963559839874506,0.01279527135193348,-1.4286785538704538,1.3451178412349367
s135,soma,,0,post,post_odor,2.0,0.019682886078953743,0.019682886078953743,0.0030879275873303413,0.036277844570577145,-0.4020349942868217,0.4414007664447292
s135,soma,,4,post,post_odor,2.0,0.0016362816095352173,0.0016362816095352173,-0.06619405001401901,0.06946661323308945,-1.7220958802534745,1.725368443472545
s135,soma,,2,post,post_odor,2.0,0.05911326967179775,0.05911326967179775,0.056259249337017536,0.06196729000657797,-0.013414263718048769,0.13164080306164427
s135,soma,,3,post,post_odor,2.0,-0.008147088810801506,-0.008147088810801506,-0.03532794397324324,0.019033766351640224,-0.6988781100073924,0.6825839323857894
s135,soma,,21,post,post_odor,2.0,2.6323002576828003,2.6323002576828003,2.555071771144867,2.7095287442207336,0.669738334851016,4.594862180514585
s135,soma,,1,post,post_odor,2.0,0.04608723148703575,0.04608723148703575,0.039866963401436806,0.0523074995726347,-0.11198476813199146,0.20415923110606296
s135,soma,,22,post,post_odor,2.0,0.00219062902033329,0.00219062902033329,-0.020996090956032276,0.025377348996698856,-0.5870397933397717,0.5914210513804383
s135,soma,,10,post,post_odor,1.0,-0.04330528900027275,-0.04330528900027275,-0.04330528900027275,-0.04330528900027275,,
s135,soma,,30,post,post_odor,2.0,0.01684219390153885,0.01684219390153885,-0.006157916039228439,0.03984230384230614,-0.5676460178222931,0.6013304056253708
s135,soma,,17,post,post_odor,2.0,0.09397844225168228,0.09397844225168228,0.08393898978829384,0.10401789471507072,-0.16114823462613154,0.3491051191294961
s135,soma,,39,post,post_odor,2.0,-0.01794913108460605,-0.01794913108460605,-0.030409777886234224,-0.005488484282977879,-0.33460418989790186,0.29870592772868976
s157,soma,,39,pre,post_odor,2.0,-0.431153766810894,-0.431153766810894,-0.7522833310067654,-0.11002420261502266,-8.591829745833486,7.729522212211698
s157,soma,,17,pre,post_odor,2.0,0.5719105824828148,0.5719105824828148,0.38635602965950966,0.7574651353061199,-4.143477693321699,5.287298858287328
s157,soma,,32,pre,post_odor,2.0,5.643473863601685,5.643473863601685,5.248756766319275,6.038190960884094,-4.387238638276077,15.674186365479446
s157,soma,,30,pre,post_odor,2.0,5.118640184402466,5.118640184402466,5.031441569328308,5.2058387994766235,2.902713272716192,7.3345670960887395
s157,soma,,40,pre,post_odor,2.0,0.6901261359453201,0.6901261359453201,0.19017236679792404,1.1900799050927162,-12.014903762872747,13.395156034763387
s157,soma,,3,pre,post_odor,2.0,1.1460464745759964,1.1460464745759964,0.7492639347910881,1.5428290143609047,-8.937153897916854,11.229246847068847
s157,soma,,2,pre,post_odor,2.0,0.4833624064922333,0.4833624064922333,0.1332044154405594,0.8335203975439072,-8.414995842128155,9.381720655112622
s157,soma,,1,pre,post_odor,2.0,1.965837299823761,1.965837299823761,1.624209851026535,2.307464748620987,-6.71573931600542,10.647413915652942
s157,soma,,4,pre,post_odor,2.0,1.1631012558937073,1.1631012558937073,0.5132673680782318,1.8129351437091827,-15.350743590281912,17.676946102069326
s157,soma,,31,pre,post_odor,2.0,4.856471538543701,4.856471538543701,4.808109998703003,4.904833078384399,3.627488285398539,6.085454791688863
s157,soma,,21,pre,post_odor,2.0,3.021644711494446,3.021644711494446,2.9465399384498596,3.096749484539032,1.113051465557553,4.930237957431339
s157,soma,,12,pre,post_odor,2.0,1.3723125159740448,1.3723125159740448,0.5204096585512161,2.2242153733968735,-20.276591727519357,23.021216759467446
s157,soma,,22,pre,post_odor,2.0,2.5595704913139343,2.5595704913139343,2.23653045296669,2.8826105296611786,-5.649655239129686,10.768796221757555
s157,soma,,10,pre,post_odor,2.0,1.2457806169986725,1.2457806169986725,1.0729970186948776,1.4185642153024673,-3.145066933203295,5.63662816720064
s157,soma,,0,pre,post_odor,2.0,0.862591490149498,0.862591490149498,0.24934659153223038,1.4758363887667656,-14.72143898034189,16.446621960640886
s157,soma,,18,pre,post_odor,2.0,-0.4694855511188507,-0.4694855511188507,-1.1289926916360855,0.1900215893983841,-17.229151055881086,16.290179953643385
s157,soma,,12,post,post_odor,2.0,0.02188972756266594,0.02188972756266594,-0.004103420302271843,0.04788287542760372,-0.6386587894564572,0.682438244581789
s157,soma,,18,post,post_odor,2.0,0.04232589062303305,0.04232589062303305,0.03311778465285897,0.05153399659320712,-0.19167426875581556,0.27632605000188165
s157,soma,,40,post,post_odor,2.0,-0.09568919613957405,-0.09568919613957405,-0.1166298184543848,-0.0747485738247633,-0.6278408650093618,0.43646247273021366
s157,soma,,32,post,post_odor,2.0,0.05525698000565171,0.05525698000565171,0.02473863190971315,0.08577532810159028,-0.7202877782280332,0.8308017382393367
s157,soma,,31,post,post_odor,2.0,-0.03817315958440304,-0.03817315958440304,-0.043909438885748386,-0.03243688028305769,-0.1839458380379533,0.10759951886914723
s157,soma,,0,post,post_odor,2.0,-0.010655249483534135,-0.010655249483534135,-0.01581779449043097,-0.0054927044766373,-0.1418479571182293,0.12053745815116104
s157,soma,,4,post,post_odor,2.0,0.060508368303999305,0.060508368303999305,0.032207318232394755,0.08880941837560385,-0.6586895046130784,0.779706241221077
s157,soma,,2,post,post_odor,2.0,0.07285565882921219,0.07285565882921219,0.06833076477050781,0.07738055288791656,-0.04213280180958437,0.18784411946800875
s157,soma,,3,post,post_odor,2.0,-0.024808527901768684,-0.024808527901768684,-0.045748342759907246,-0.003868713043630123,-0.5569396773519715,0.5073226215484341
s157,soma,,21,post,post_odor,2.0,2.1898013949394226,2.1898013949394226,1.9499637186527252,2.42963907122612,-3.9050518417549114,8.284654631633757
s157,soma,,1,post,post_odor,2.0,-0.048673216719180346,-0.048673216719180346,-0.06597652123309672,-0.03136991220526397,-0.4883918762515747,0.391045442813214
s157,soma,,22,post,post_odor,2.0,0.09165464714169502,0.09165464714169502,0.06576083414256573,0.11754846014082432,-0.566369531592622,0.7496788258760121
s157,soma,,10,post,post_odor,1.0,0.0036916264798492193,0.0036916264798492193,0.0036916264798492193,0.0036916264798492193,,
s157,soma,,30,post,post_odor,2.0,0.039180039428174496,0.039180039428174496,0.011464788112789392,0.0668952907435596,-0.6651312756274618,0.7434913544838108
s157,soma,,17,post,post_odor,2.0,0.03653581626713276,0.03653581626713276,0.022564600221812725,0.05050703231245279,-0.3185064467031978,0.3915780792374633
s157,soma,,39,post,post_odor,2.0,0.01683187112212181,0.01683187112212181,0.014617211185395718,0.019046531058847904,-0.039447974031969056,0.07311171627621268
s179,soma,,39,pre,post_odor,2.0,2.98333016037941,2.98333016037941,1.1747590154409409,4.791901305317879,-42.97682033467271,48.94348065543153
s179,soma,,17,pre,post_odor,2.0,1.3991718292236328,1.3991718292236328,1.0956735610961914,1.7026700973510742,-6.313450434579792,9.111794093027058
s179,soma,,32,pre,post_odor,2.0,12.291797161102295,12.291797161102295,12.128660440444946,12.454933881759644,8.146100015781473,16.43749430642312
s179,soma,,30,pre,post_odor,2.0,2.296429395675659,2.296429395675659,1.1695488691329956,3.4233099222183228,-26.34031997124319,30.93317876259451
s179,soma,,40,pre,post_odor,2.0,1.8542907238006592,1.8542907238006592,1.7276402711868286,1.9809411764144897,-1.3642024378803854,5.072783885481703
s179,soma,,3,pre,post_odor,2.0,5.444314241409302,5.444314241409302,4.918529152870178,5.970099329948425,-7.91715172300238,18.805780205820984
s179,soma,,2,pre,post_odor,2.0,3.0414061546325684,3.0414061546325684,2.4538424015045166,3.62896990776062,-11.89000453096789,17.972816840233026
s179,soma,,1,pre,post_odor,2.0,0.8271985948085785,0.8271985948085785,0.659478023648262,0.994919165968895,-3.4349852364536977,5.089382426070855
s179,soma,,4,pre,post_odor,2.0,1.487496666610241,1.487496666610241,0.7100876159965992,2.2649057172238827,-18.268340455094012,21.243333788314494
s179,soma,,31,pre,post_odor,2.0,15.899466514587402,15.899466514587402,15.68601942062378,16.112913608551025,10.47526156210078,21.323671467074025
s179,soma,,21,pre,post_odor,2.0,5.293834686279297,5.293834686279297,4.7579345703125,5.829734802246094,-8.324678496948467,18.91234786950706
s179,soma,,12,pre,post_odor,2.0,2.921883225440979,2.921883225440979,1.596580684185028,4.24718576669693,-30.757247627700465,36.60101407858242
s179,soma,,22,pre,post_odor,2.0,14.673503398895264,14.673503398895264,13.861067056655884,15.485939741134644,-5.972461600309639,35.31946839810017
s179,soma,,10,pre,post_odor,2.0,0.7788955280557275,0.7788955280557275,0.39862333377823234,1.1591677223332226,-8.884737183872778,10.442528239984233
s179,soma,,0,pre,post_odor,2.0,1.029441624879837,1.029441624879837,0.9574660509824753,1.1014171987771988,-0.7996311310072621,2.858514380766936
s179,soma,,18,pre,post_odor,2.0,-0.19462870061397552,-0.19462870061397552,-0.4500806853175163,0.06082328408956528,-6.686279136424686,6.297021735196735
s179,soma,,12,post,post_odor,2.0,0.04324213042855263,0.04324213042855263,0.03307154215872288,0.05341271869838238,-0.21521702325903447,0.3017012841161397
s179,soma,,18,post,post_odor,2.0,0.09856880456209183,0.09856880456209183,0.03364362195134163,0.16349398717284203,-1.5513365210093504,1.748474130133534
s179,soma,,40,post,post_odor,2.0,-0.21044544875621796,-0.21044544875621796,-0.2399851456284523,-0.1809057518839836,-0.9611203213625156,0.5402294238500797
s179,soma,,32,post,post_odor,2.0,0.003475610166788101,0.003475610166788101,-0.05781528539955616,0.06476650573313236,-1.5540737248921557,1.5610249452257319
s179,soma,,31,post,post_odor,2.0,0.029426421504467726,0.029426421504467726,0.019649039255455136,0.039203803753480315,-0.21904041977512054,0.277893262784056
s179,soma,,0,post,post_odor,2.0,-0.018678534775972366,-0.018678534775972366,-0.06573119200766087,0.028374122455716133,-1.2143999271097419,1.1770428575577971
s179,soma,,4,post,post_odor,2.0,-0.0878145769238472,-0.0878145769238472,-0.10562008619308472,-0.07000906765460968,-0.5402954693374236,0.36466631548972916
s179,soma,,2,post,post_odor,2.0,-0.08880359958857298,-0.08880359958857298,-0.12464929884299636,-0.0529579003341496,-0.999729186864669,0.8221219876875231
s179,soma,,3,post,post_odor,2.0,-0.003700416535139084,-0.003700416535139084,-0.04569773189723492,0.03829689882695675,-1.0709533912561076,1.0635525581858294
s179,soma,,21,post,post_odor,2.0,0.7313250005245209,0.7313250005245209,0.6211149841547012,0.8415350168943405,-2.0693770634196644,3.532027064468706
s179,soma,,1,post,post_odor,2.0,0.1574135571718216,0.1574135571718216,0.13594438135623932,0.17888273298740387,-0.38816992968761577,0.702997044031259
s179,soma,,22,post,post_odor,2.0,-0.0571508314460516,-0.0571508314460516,-0.10324964951723814,-0.011052013374865055,-1.2286328724623834,1.1143312095702802
s179,soma,,10,post,post_odor,1.0,0.10806775838136673,0.10806775838136673,0.10806775838136673,0.10806775838136673,,
s179,soma,,30,post,post_odor,2.0,0.014671973185613751,0.014671973185613751,0.004547937656752765,0.024796008714474738,-0.24260416318641487,0.27194810955764237
s179,soma,,17,post,post_odor,2.0,0.07387861236929893,0.07387861236929893,0.06142806448042393,0.08632916025817394,-0.24251980873788792,0.3902770334764858
s179,soma,,39,post,post_odor,2.0,0.22083831578493118,0.22083831578493118,0.20476756617426872,0.23690906539559364,-0.1875581538488228,0.6292347854186852
s202,soma,,39,pre,post_odor,2.0,0.01039905846118927,0.01039905846118927,-0.12359196692705154,0.14439008384943008,-3.394635744324748,3.4154338612471267
s202,soma,,17,pre,post_odor,2.0,0.5240751206874847,0.5240751206874847,-0.11299614608287811,1.1611463874578476,-15.665440773549307,16.713591014924276
s202,soma,,32,pre,post_odor,2.0,2.9793007373809814,2.9793007373809814,2.915574789047241,3.0430266857147217,1.3598708443101937,4.598730630451769
s202,soma,,30,pre,post_odor,2.0,1.0512292981147766,1.0512292981147766,0.9655924737453461,1.1368661224842072,-1.1250087486728608,3.227467344902414
s202,soma,,40,pre,post_odor,2.0,1.1149173080921173,1.1149173080921173,0.7712011784315109,1.4586334377527237,-7.6197377210943475,9.849572337278582
s202,soma,,3,pre,post_odor,2.0,2.824061870574951,2.824061870574951,1.897263765335083,3.7508599758148193,-20.728111077978138,26.37623481912804
s202,soma,,2,pre,post_odor,2.0,1.5222868621349335,1.5222868621349335,1.0288667231798172,2.0157070010900497,-11.016707750896014,14.061281475165881
s202,soma,,1,pre,post_odor,2.0,1.2924694418907166,1.2924694418907166,0.7684670984745026,1.8164717853069305,-12.023692673472757,14.60863155725419
s202,soma,,4,pre,post_odor,2.0,1.2082181870937347,1.2082181870937347,0.5164225250482559,1.9000138491392136,-16.371976448001007,18.788412822188477
s202,soma,,31,pre,post_odor,2.0,4.059782981872559,4.059782981872559,4.053617000579834,4.065948963165283,3.9030905404629945,4.216475423282122
s202,soma,,21,pre,post_odor,2.0,1.40923610329628,1.40923610329628,1.1256903856992722,1.6927818208932877,-5.796343776410023,8.614815983002583
s202,soma,,12,pre,post_odor,2.0,2.7730595469474792,2.7730595469474792,1.8536920845508575,3.692427009344101,-20.59028286303025,26.13640195692521
s202,soma,,22,pre,post_odor,2.0,5.329292058944702,5.329292058944702,5.095282673835754,5.56330144405365,-0.6174502558165766,11.276034373705981
s202,soma,,10,pre,post_odor,2.0,0.19843682646751404,0.19843682646751404,-0.08014343678951263,0.4770170897245407,-6.8809588943349365,7.2778325472699645
s202,soma,,0,pre,post_odor,2.0,0.5584820471704006,0.5584820471704006,0.3216893617063761,0.7952747326344252,-5.458990635898626,6.5759547302394274
s202,soma,,18,pre,post_odor,2.0,1.4334570914506912,1.4334570914506912,0.8766950890421867,1.9902190938591957,-12.715206892399399,15.582121075300781
s202,soma,,12,post,post_odor,2.0,0.13146275095641613,0.13146275095641613,0.08593100775033236,0.1769944941624999,-1.025608551386447,1.2885340532992793
s202,soma,,18,post,post_odor,2.0,0.2923912815749645,0.2923912815749645,0.20850090868771076,0.3762816544622183,-1.8394652250240053,2.4242477881739344
s202,soma,,40,post,post_odor,2.0,0.02965063718147576,0.02965063718147576,0.017685208353213966,0.04161606600973755,-0.2744197397145666,0.33372101407751814
s202,soma,,32,post,post_odor,2.0,0.3679915815591812,0.3679915815591812,0.3336578533053398,0.4023253098130226,-0.5045111795398078,1.2404943426581703
s202,soma,,31,post,post_odor,2.0,0.39566484093666077,0.39566484093666077,0.2813683897256851,0.5099612921476364,-2.508883378473056,3.3002130603463775
s202,soma,,0,post,post_odor,2.0,-0.04717226140201092,-0.04717226140201092,-0.08780570235103369,-0.006538820452988148,-1.0797659010691067,0.9854213782650849
s202,soma,,4,post,post_odor,2.0,0.03820589161477983,0.03820589161477983,0.022902011522091925,0.053509771707467735,-0.35070257581634146,0.4271143590459011
s202,soma,,2,post,post_odor,2.0,0.13279751408845186,0.13279751408845186,0.08037359965965152,0.1852214285172522,-1.1994204655196277,1.4650154936965314
s202,soma,,3,post,post_odor,2.0,0.03316635265946388,0.03316635265946388,-0.040269674733281136,0.1066023800522089,-1.8330200454676389,1.8993527507865666
s202,soma,,21,post,post_odor,2.0,4.2326531410217285,4.2326531410217285,4.183151721954346,4.282154560089111,2.974702810219033,5.490603471824424
s202,soma,,1,post,post_odor,2.0,0.10624266229569912,0.10624266229569912,0.024418377317488194,0.18806694727391005,-1.9731095723528038,2.185594896944202
s202,soma,,22,post,post_odor,2.0,0.5609407126903534,0.5609407126903534,0.49807192385196686,0.6238095015287399,-1.0367066923013941,2.158588117682101
s202,soma,,10,post,post_odor,1.0,0.09125342965126038,0.09125342965126038,0.09125342965126038,0.09125342965126038,,
s202,soma,,30,post,post_odor,2.0,0.1139147337526083,0.1139147337526083,0.0817909175530076,0.146038549952209,-0.702428837326135,0.9302583048313516
s202,soma,,17,post,post_odor,2.0,0.10494444891810417,0.10494444891810417,0.09089500643312931,0.11899389140307903,-0.2520857363682989,0.46197463420450724
s202,soma,,39,post,post_odor,2.0,0.05907905474305153,0.05907905474305153,-0.02009478397667408,0.13825289346277714,-1.9529189543003662,2.0710770637864693
s224,soma,,39,pre,post_odor,2.0,-0.9139715433120728,-0.9139715433120728,-1.087252676486969,-0.7406904101371765,-5.317462653385241,3.4895195667610954
s224,soma,,17,pre,post_odor,2.0,3.955062747001648,3.955062747001648,3.545945465564728,4.364180028438568,-6.441593131087771,14.351718625091067
s224,soma,,32,pre,post_odor,2.0,3.7988791465759277,3.7988791465759277,3.6916537284851074,3.906104564666748,1.074022916208142,6.523735376943714
s224,soma,,30,pre,post_odor,2.0,2.8328725695610046,2.8328725695610046,2.059221535921097,3.6065236032009125,-16.827464286002684,22.493209425124693
s224,soma,,40,pre,post_odor,2.0,2.5249948501586914,2.5249948501586914,2.435425281524658,2.6145644187927246,0.24881629576893793,4.801173404548445
s224,soma,,3,pre,post_odor,2.0,4.762340664863586,4.762340664863586,3.2512781023979187,6.273403227329254,-33.637399910851485,43.16208124057866
s224,soma,,2,pre,post_odor,2.0,2.7138571739196777,2.7138571739196777,2.3012229204177856,3.12649142742157,-7.7721734383876235,13.199887786226979
s224,soma,,1,pre,post_odor,2.0,1.6219027638435364,1.6219027638435364,1.5316629707813263,1.7121425569057465,-0.6713078081534198,3.9151133358404926
s224,soma,,4,pre,post_odor,2.0,4.977508068084717,4.977508068084717,4.686925411224365,5.268090724945068,-2.4068973936137334,12.361913529783166
s224,soma,,31,pre,post_odor,2.0,4.361927270889282,4.361927270889282,3.951766610145569,4.772087931632996,-6.061243389379342,14.785097931157907
s224,soma,,21,pre,post_odor,2.0,3.0575233697891235,3.0575233697891235,2.6584390997886658,3.4566076397895813,-7.084169513436148,13.199216253014395
s224,soma,,12,pre,post_odor,2.0,3.8911964297294617,3.8911964297294617,2.491463452577591,5.290929406881332,-31.67939113760454,39.46178399706346
s224,soma,,22,pre,post_odor,2.0,4.7047119140625,4.7047119140625,3.962794542312622,5.446629285812378,-14.149196131494659,23.55861995961966
s224,soma,,10,pre,post_odor,2.0,0.9348121602088213,0.9348121602088213,0.48995961528271437,1.3796647051349282,-10.369962866270109,12.239587186687752
s224,soma,,0,pre,post_odor,2.0,-0.02172042429447174,-0.02172042429447174,-0.20800227671861649,0.164561428129673,-4.7555911353645985,4.712150286775655
s224,soma,,18,pre,post_odor,2.0,3.169248580932617,3.169248580932617,2.980790376663208,3.3577067852020264,-1.6199284743852722,7.958425636250507
s224,soma,,12,post,post_odor,2.0,0.26567303389310837,0.26567303389310837,0.21550268307328224,0.3158433847129345,-1.009276464511733,1.5406225322979497
s224,soma,,18,post,post_odor,2.0,1.7543026953935623,1.7543026953935623,1.0713344141840935,2.437270976603031,-15.601566923328122,19.110172314115246
s224,soma,,40,post,post_odor,2.0,0.06326822564005852,0.06326822564005852,0.0573772843927145,0.06915916688740253,-0.08643478551500028,0.2129712367951173
s224,soma,,32,post,post_odor,2.0,0.21928760968148708,0.21928760968148708,0.13828157726675272,0.30029364209622145,-1.83927085577215,2.277846075135124
s224,soma,,31,post,post_odor,2.0,0.31369152665138245,0.31369152665138245,0.28231900930404663,0.34506404399871826,-0.4835597303574998,1.1109427836602648
s224,soma,,0,post,post_odor,2.0,0.016176370903849602,0.016176370903849602,-0.008518646471202374,0.04087138827890158,-0.6113835225577539,0.6437362643654531
s224,soma,,4,post,post_odor,2.0,0.06222907081246376,0.06222907081246376,0.04503962956368923,0.07941851206123829,-0.37459604880228736,0.4990541904272149
s224,soma,,2,post,post_odor,2.0,0.16595162823796272,0.16595162823796272,0.056340498849749565,0.2755627576261759,-2.619531274501979,2.9514345309779046
s224,soma,,3,post,post_odor,2.0,0.37763822078704834,0.37763822078704834,0.27485862374305725,0.48041781783103943,-2.2342389846979236,2.9895154262720203
s224,soma,,21,post,post_odor,2.0,5.596227645874023,5.596227645874023,4.855324745178223,6.337130546569824,-13.23190024585908,24.424355537607127
s224,soma,,1,post,post_odor,2.0,-0.09918919950723648,-0.09918919950723648,-0.102169468998909,-0.09620893001556396,-0.174925028167569,-0.02345337084690395
s224,soma,,22,post,post_odor,2.0,0.07026732433587313,0.07026732433587313,0.05064676655456424,0.08988788211718202,-0.4283383240786393,0.5688729727503856
s224,soma,,10,post,post_odor,1.0,-0.0599319152534008,-0.0599319152534008,-0.0599319152534008,-0.0599319152534008,,
s224,soma,,30,post,post_odor,2.0,0.25448910892009735,0.25448910892009735,0.25379929691553116,0.25517892092466354,0.23695932380111911,0.2720188940390756
s224,soma,,17,post,post_odor,2.0,0.14610547199845314,0.14610547199845314,0.12207923643290997,0.17013170756399632,-0.46445906427225403,0.7566700082691603
s224,soma,,39,post,post_odor,2.0,0.12298240140080452,0.12298240140080452,0.11124327592551708,0.13472152687609196,-0.17533706202448796,0.421301864826097
p246,process,,39,pre,post_odor,2.0,-0.06673396751284599,-0.06673396751284599,-0.14221752248704433,0.008749587461352348,-1.9849529749457697,1.8514850399200777
p246,process,,17,pre,post_odor,2.0,-0.18057391047477722,-0.18057391047477722,-0.19160187989473343,-0.16954594105482101,-0.46082118502325176,0.09967336407369731
p246,process,,32,pre,post_odor,2.0,0.08423955924808979,0.08423955924808979,0.07083823066204786,0.09764088783413172,-0.2563204902539087,0.42479960875008826
p246,process,,30,pre,post_odor,2.0,0.041086345911026,0.041086345911026,-0.04773451387882233,0.12990720570087433,-2.216065712754732,2.298238404576784
p246,process,,40,pre,post_odor,2.0,-0.01664975844323635,-0.01664975844323635,-0.03430420812219381,0.0010046912357211113,-0.4652918626938905,0.4319923458074178
p246,process,,3,pre,post_odor,2.0,-0.0393780842423439,-0.0393780842423439,-0.08408135548233986,0.005325186997652054,-1.1753959177466209,1.096639749261933
p246,process,,2,pre,post_odor,2.0,0.169374855235219,0.169374855235219,0.10803847294300795,0.23071123752743006,-1.3893304071270083,1.7280801175974463
p246,process,,1,pre,post_odor,2.0,0.14139370992779732,0.14139370992779732,0.09966949932277203,0.1831179205328226,-0.9189190148776483,1.201706434733243
p246,process,,4,pre,post_odor,2.0,0.18603025004267693,0.18603025004267693,0.15135017223656178,0.22071032784879208,-0.6952740876992575,1.0673345877846114
p246,process,,31,pre,post_odor,2.0,0.461719810962677,0.461719810962677,0.44725997745990753,0.47617964446544647,0.09426060108830314,0.8291790208370509
p246,process,,21,pre,post_odor,2.0,-0.2718835920095444,-0.2718835920095444,-0.33855531364679337,-0.20521187037229538,-1.9661726824818124,1.4224054984627237
p246,process,,12,pre,post_odor,2.0,0.07345138490200043,0.07345138490200043,-0.04480748623609543,0.19171025604009628,-2.9317914721970926,3.0786942420010934
p246,process,,22,pre,post_odor,2.0,0.13796318881213665,0.13796318881213665,0.09264586586505175,0.18328051175922155,-1.01365917810988,1.2895855557341533
p246,process,,10,pre,post_odor,2.0,-0.030502472072839737,-0.030502472072839737,-0.05896100588142872,-0.0020439382642507553,-0.7537023861994017,0.6926974420537222
p246,process,,0,pre,post_odor,2.0,0.15386267006397247,0.15386267006397247,0.09571405500173569,0.21201128512620926,-1.323833746147612,1.631559086275557
p246,process,,18,pre,post_odor,2.0,0.05004573427140713,0.05004573427140713,0.035478015430271626,0.06461345311254263,-0.32015510199758734,0.4202465705404016
p246,process,,12,post,post_odor,2.0,-0.008760988712310791,-0.008760988712310791,-0.07562925666570663,0.05810727924108505,-1.7080447946507844,1.6905228172261628
p246,process,,18,post,post_odor,2.0,-0.1319934781640768,-0.1319934781640768,-0.20859048049896955,-0.055396475829184055,-2.0785078658528735,1.81452090952472
p246,process,,40,post,post_odor,2.0,-0.05077256914228201,-0.05077256914228201,-0.06267405627295375,-0.03887108201161027,-0.3532180334368088,0.2516728951522448
p246,process,,32,post,post_odor,2.0,-0.027895301580429077,-0.027895301580429077,-0.12158127874135971,0.06579067558050156,-2.4086817150111712,2.352891111850313
p246,process,,31,post,post_odor,2.0,-0.006189568899571896,-0.006189568899571896,-0.02337450487539172,0.01099536707624793,-0.44290019867321334,0.43052106087406955
p246,process,,0,post,post_odor,2.0,-0.097122298553586,-0.097122298553586,-0.12791371438652277,-0.06633088272064924,-0.879606365933557,0.685361768826385
p246,process,,4,post,post_odor,2.0,-0.19615372642874718,-0.19615372642874718,-0.24222621135413647,-0.1500812415033579,-1.3669665787613843,0.9746591259038899
p246,process,,2,post,post_odor,2.0,-0.04864927571907174,-0.04864927571907174,-0.07310326120204991,-0.02419529023609357,-0.6700839680434005,0.5727854166052571
p246,process,,3,post,post_odor,2.0,-0.04459812492132187,-0.04459812492132187,-0.051776276901364326,-0.03741997294127941,-0.22701226229291632,0.13781601245027258
p246,process,,21,post,post_odor,2.0,0.13475794345140457,0.13475794345140457,0.10844876989722252,0.16106711700558662,-0.5338215477865754,0.8033374346893846
p246,process,,1,post,post_odor,2.0,-0.1639566421508789,-0.1639566421508789,-0.17689265310764313,-0.15102063119411469,-0.4926918495229694,0.1647785652212116
p246,process,,22,post,post_odor,2.0,0.04933337611146271,0.04933337611146271,0.023698679986409843,0.07496807223651558,-0.6021060185176289,0.7007727707405543
p246,process,,10,post,post_odor,1.0,-0.21544498205184937,-0.21544498205184937,-0.21544498205184937,-0.21544498205184937,,
p246,process,,30,post,post_odor,2.0,-0.059109967201948166,-0.059109967201948166,-0.12506127916276455,0.0068413447588682175,-1.735091711988868,1.6168717775849717
p246,process,,17,post,post_odor,2.0,0.17411868833005428,0.17411868833005428,0.11306946072727442,0.23516791593283415,-1.3772892814824425,1.725526658142551
p246,process,,39,post,post_odor,2.0,-0.08480175584554672,-0.08480175584554672,-0.22122110053896904,0.051617588847875595,-3.5515460031443675,3.381942491453274
p269,process,,39,pre,post_odor,2.0,-0.4281993880867958,-0.4281993880867958,-0.5445845611393452,-0.31181421503424644,-3.385827062208424,2.5294282860348325
p269,process,,17,pre,post_odor,2.0,0.3007180690765381,0.3007180690765381,-0.19234055280685425,0.7937766909599304,-12.229089524096517,12.830525662249594
p269,process,,32,pre,post_odor,2.0,0.4441603645682335,0.4441603645682335,0.30191728845238686,0.5864034406840801,-3.1705789302942224,4.05889965943069
p269,process,,30,pre,post_odor,2.0,0.5463042855262756,0.5463042855262756,0.4827794134616852,0.6098291575908661,-1.068015775057706,2.160624346110257
p269,process,,40,pre,post_odor,2.0,-0.5232603251934052,-0.5232603251934052,-0.5369889885187149,-0.5095316618680954,-0.8721387391242024,-0.174381911262608
p269,process,,3,pre,post_odor,2.0,0.2646346464753151,0.2646346464753151,0.14810266718268394,0.38116662576794624,-2.6967237279323677,3.225993020882998
p269,process,,2,pre,post_odor,2.0,0.5849070996046066,0.5849070996046066,0.4411282017827034,0.7286859974265099,-3.0688611253286813,4.238675324537894
p269,process,,1,pre,post_odor,2.0,0.38863062858581543,0.38863062858581543,0.3235875964164734,0.45367366075515747,-1.2642695382246982,2.041530795396329
p269,process,,4,pre,post_odor,2.0,0.16546037793159485,0.16546037793159485,-0.13652880489826202,0.4674495607614517,-7.508812392360912,7.839733148224101
p269,process,,31,pre,post_odor,2.0,0.7918906807899475,0.7918906807899475,0.6483979523181915,0.9353834092617035,-2.854605291438963,4.438386653018858
p269,process,,21,pre,post_odor,2.0,0.4392590979114175,0.4392590979114175,0.2109810202382505,0.6675371755845845,-5.361836885479881,6.240355081302716
p269,process,,12,pre,post_odor,2.0,0.5263005942106247,0.5263005942106247,0.4321855679154396,0.6204156205058098,-1.8653889915035484,2.917990179924798
p269,process,,22,pre,post_odor,2.0,0.7421207427978516,0.7421207427978516,0.6537175178527832,0.8305239677429199,-1.5044182081824373,2.9886596937781404
p269,process,,10,pre,post_odor,2.0,-0.06161543447524309,-0.06161543447524309,-0.08311988646164536,-0.04011098248884082,-0.6080953738321747,0.48486450488168853
p269,process,,0,pre,post_odor,2.0,0.6565265282988548,0.6565265282988548,0.3526451028883457,0.9604079537093639,-7.0658326852741995,8.378885741871908
p269,process,,18,pre,post_odor,2.0,0.15261778235435486,0.15261778235435486,-0.05799029767513275,0.36322586238384247,-5.199440985540313,5.504676550249023
p269,process,,12,post,post_odor,2.0,-0.0544793950393796,-0.0544793950393796,-0.06849285447970033,-0.040465935599058867,-0.41059516446097005,0.30163637438221086
p269,process,,18,post,post_odor,2.0,0.028138449415564537,0.028138449415564537,0.0005848491564393044,0.05569204967468977,-0.6720649228067581,0.7283418216378872
p269,process,,40,post,post_odor,2.0,0.011817706748843193,0.011817706748843193,-0.006482253782451153,0.03011766728013754,-0.4532283836002411,0.4768637970979275
p269,process,,32,post,post_odor,2.0,-0.08862237259745598,-0.08862237259745598,-0.18660350702703,0.009358761832118034,-2.578559081287101,2.401314336092189
p269,process,,31,post,post_odor,2.0,0.014326564967632294,0.014326564967632294,-0.045197632163763046,0.07385076209902763,-1.498326706048231,1.5269798359834956
p269,process,,0,post,post_odor,2.0,-0.037807305343449116,-0.037807305343449116,-0.06367426598444581,-0.011940344702452421,-0.6951491009576022,0.619534490270704
p269,process,,4,post,post_odor,2.0,0.009387658443301916,0.009387658443301916,-0.0017265675123780966,0.02050188439898193,-0.27305160251065225,0.2918269193972561
p269,process,,2,post,post_odor,2.0,0.085438322275877,0.085438322275877,0.02526669390499592,0.14560995064675808,-1.4436677365029884,1.6145443810547424
p269,process,,3,post,post_odor,2.0,-0.0171455517411232,-0.0171455517411232,-0.017561914399266243,-0.016729189082980156,-0.027726330098850047,-0.006564773383396351
p269,process,,21,post,post_odor,2.0,0.002041226252913475,0.002041226252913475,-0.01705553289502859,0.02113798540085554,-0.48325343680942434,0.4873358893152513
p269,process,,1,post,post_odor,2.0,-0.018706105649471283,-0.018706105649471283,-0.0879240445792675,0.050511833280324936,-1.7777007125655258,1.7402885012665832
p269,process,,22,post,post_odor,2.0,-0.09206802397966385,-0.09206802397966385,-0.11435700580477715,-0.06977904215455055,-0.6584847568411962,0.47434870888186853
p269,process,,10,post,post_odor,1.0,0.0292963869869709,0.0292963869869709,0.0292963869869709,0.0292963869869709,,
p269,process,,30,post,post_odor,2.0,0.0893264040350914,0.0893264040350914,0.06164217367768288,0.11701063439249992,-0.6141965937342194,0.7928494018044022
p269,process,,17,post,post_odor,2.0,0.0224929666146636,0.0224929666146636,0.020157223101705313,0.02482871012762189,-0.03686390395901624,0.08184983718834343
p269,process,,39,post,post_odor,2.0,0.10007988661527634,0.10007988661527634,0.09625134989619255,0.10390842333436012,0.0027875438299940908,0.1973722294005586
p291,process,,39,pre,post_odor,2.0,0.016081251204013824,0.016081251204013824,-0.018671229481697083,0.05083373188972473,-0.8670630181611851,0.8992255205692128
p291,process,,17,pre,post_odor,2.0,-0.24155466258525848,-0.24155466258525848,-0.29576317220926285,-0.18734615296125412,-1.6191235060362499,1.136014180865733
p291,process,,32,pre,post_odor,2.0,0.16745761036872864,0.16745761036872864,0.15057062357664108,0.1843445971608162,-0.26168141274595613,0.5965966334834134
p291,process,,30,pre,post_odor,2.0,0.8649185672402382,0.8649185672402382,0.5304379127919674,1.199399221688509,-7.635040784178619,9.364877918659095
p291,process,,40,pre,post_odor,2.0,0.7915874123573303,0.7915874123573303,0.6545606553554535,0.9286141693592072,-2.690592645242482,4.273767469957143
p291,process,,3,pre,post_odor,2.0,0.9190772473812103,0.9190772473812103,0.8278693109750748,1.0102851837873459,-1.3987361796995095,3.23689067446193
p291,process,,2,pre,post_odor,2.0,1.0327202528715134,1.0327202528715134,0.7485743835568428,1.316866122186184,-6.188110928029572,8.2535514337726
p291,process,,1,pre,post_odor,2.0,0.945738822221756,0.945738822221756,0.792384073138237,1.099093571305275,-2.9513748560180253,4.842852500461538
p291,process,,4,pre,post_odor,2.0,1.1900326609611511,1.1900326609611511,0.9902664721012115,1.3897988498210907,-3.8865075290783135,6.266572851000616
p291,process,,31,pre,post_odor,2.0,1.2352965474128723,1.2352965474128723,1.207696944475174,1.2628961503505707,0.5339241362858244,1.9366689585399204
p291,process,,21,pre,post_odor,2.0,-0.29076093062758446,-0.29076093062758446,-0.37598384730517864,-0.20553801394999027,-2.4564805856665215,1.8749587244113526
p291,process,,12,pre,post_odor,2.0,0.898271918296814,0.898271918296814,0.5261362195014954,1.2704076170921326,-8.558592838768698,10.355136675362326
p291,process,,22,pre,post_odor,2.0,0.5797490403056145,0.5797490403056145,0.27253003790974617,0.8869680427014828,-7.227426046264877,8.386924126876107
p291,process,,10,pre,post_odor,2.0,1.2648037672042847,1.2648037672042847,1.226422131061554,1.3031854033470154,0.28943391332648705,2.240173621082082
p291,process,,0,pre,post_odor,2.0,0.8485271334648132,0.8485271334648132,0.7661514580249786,0.9309028089046478,-1.2448372613736183,2.9418915283032447
p291,process,,18,pre,post_odor,2.0,-0.7475913763046265,-0.7475913763046265,-0.758776068687439,-0.736406683921814,-1.031821358958925,-0.4633613936503281
p291,process,,12,post,post_odor,2.0,0.03998411446809769,0.03998411446809769,-0.010930385440587997,0.09089861437678337,-1.2538760052913185,1.3338442342275139
p291,process,,18,post,post_odor,2.0,0.06705907062860206,0.06705907062860206,0.03443798536318354,0.09968015589402057,-0.7619213055686365,0.8960394468258406
p291,process,,40,post,post_odor,2.0,0.0666461605578661,0.0666461605578661,0.006561684422194958,0.12673063669353724,-1.4602451499334137,1.593537471049146
p291,process,,32,post,post_odor,2.0,-0.062416739761829376,-0.062416739761829376,-0.17276734486222267,0.04793386533856392,-2.8666915020945507,2.741858022570892
p291,process,,31,post,post_odor,2.0,-0.0372164249420166,-0.0372164249420166,-0.0398525632917881,-0.0345802865922451,-0.10420705211217335,0.029774202228140145
p291,process,,0,post,post_odor,2.0,-0.037942553870379925,-0.037942553870379925,-0.06909201806411147,-0.006793089676648378,-0.8295254928057715,0.7536403850650116
p291,process,,4,post,post_odor,2.0,-0.14454516069963574,-0.14454516069963574,-0.21530149527825415,-0.07378882612101734,-1.9426341077740408,1.6535437863747693
p291,process,,2,post,post_odor,2.0,-0.1127878725528717,-0.1127878725528717,-0.1299644336104393,-0.09561131149530411,-0.5492856754745901,0.3237099303688467
p291,process,,3,post,post_odor,2.0,0.12553217634558678,0.12553217634558678,0.12148080952465534,0.1295835431665182,0.022577183769386763,0.22848716892178678
p291,process,,21,post,post_odor,2.0,0.11864703893661499,0.11864703893661499,0.1072431206703186,0.13005095720291138,-0.17115400163571348,0.40844807950894346
p291,process,,1,post,post_odor,2.0,-0.07470190338790417,-0.07470190338790417,-0.08100830670446157,-0.06839550007134676,-0.2349628067660432,0.08555899999023486
p291,process,,22,post,post_odor,2.0,-0.012116649653762579,-0.012116649653762579,-0.02559715206734836,0.001363852759823203,-0.3546886968807986,0.33045539757327347
p291,process,,10,post,post_odor,1.0,-0.02435733750462532,-0.02435733750462532,-0.02435733750462532,-0.02435733750462532,,
p291,process,,30,post,post_odor,2.0,0.031175224110484123,0.031175224110484123,0.02557483036071062,0.036775617860257626,-0.11114427506514632,0.17349472328611457
p291,process,,17,post,post_odor,2.0,0.05534239113330841,0.05534239113330841,-0.013751238584518433,0.12443602085113525,-1.7004932191869957,1.8111780014536125
p291,process,,39,post,post_odor,2.0,0.039835065603256226,0.039835065603256226,-0.05363184213638306,0.1333019733428955,-2.335384265990759,2.4150543971972716
p313,process,,39,pre,post_odor,2.0,0.06272752955555916,0.06272752955555916,-0.012624027207493782,0.1380790863186121,-1.8521370852861196,1.977592144397238
p313,process,,17,pre,post_odor,2.0,-1.8539950847625732,-1.8539950847625732,-2.499226212501526,-1.2087639570236206,-18.250872707170608,14.542882537645461
p313,process,,32,pre,post_odor,2.0,0.7716206610202789,0.7716206610202789,0.7685541659593582,0.7746871560811996,0.6936936328872247,0.8495476891533331
p313,process,,30,pre,post_odor,2.0,0.8212830722332001,0.8212830722332001,0.7463711351156235,0.8961950093507767,-1.0824097481655452,2.7249758926319454
p313,process,,40,pre,post_odor,2.0,0.9029412865638733,0.9029412865638733,0.85521200299263,0.9506705701351166,-0.3099748113704397,2.1158573844981863
p313,process,,3,pre,post_odor,2.0,1.3311232328414917,1.3311232328414917,1.0187660455703735,1.6434804201126099,-6.606625511723482,9.268871977406466
p313,process,,2,pre,post_odor,2.0,0.7789662033319473,0.7789662033319473,0.5386201366782188,1.0193122699856758,-5.32880645754118,6.886738864205075
p313,process,,1,pre,post_odor,2.0,0.7780851721763611,0.7780851721763611,0.6899368166923523,0.8662335276603699,-1.4619769316974849,3.018147276050207
p313,process,,4,pre,post_odor,2.0,0.9955180138349533,0.9955180138349533,0.6838229969143867,1.3072130307555199,-6.925403386641356,8.916439414311263
p313,process,,31,pre,post_odor,2.0,0.8160791099071503,0.8160791099071503,0.6901297718286514,0.9420284479856491,-2.384597042115029,4.01675526192933
p313,process,,21,pre,post_odor,2.0,0.579585462808609,0.579585462808609,0.1951494663953781,0.9640214592218399,-9.189859493955053,10.349030419572271
p313,process,,12,pre,post_odor,2.0,0.897965282201767,0.897965282201767,0.8805394619703293,0.9153911024332047,0.45513320308892236,1.3407973613146116
p313,process,,22,pre,post_odor,2.0,0.05272011458873749,0.05272011458873749,-0.18946068733930588,0.29490091651678085,-6.101677590348642,6.207117819526117
p313,process,,10,pre,post_odor,2.0,0.4073890820145607,0.4073890820145607,0.07928639277815819,0.7354917712509632,-7.930490805839902,8.745268969869024
p313,process,,0,pre,post_odor,2.0,0.843894749879837,0.843894749879837,0.7734590023756027,0.9143304973840714,-0.9460473071887767,2.633836806948451
p313,process,,18,pre,post_odor,2.0,0.8198869228363037,0.8198869228363037,0.8182801306247711,0.8214937150478363,0.7790544612198557,0.8607193844527518
p313,process,,12,post,post_odor,2.0,0.15530920028686523,0.15530920028686523,0.15116169303655624,0.15945670753717422,0.049911047752475304,0.2607073528212552
p313,process,,18,post,post_odor,2.0,0.3204946890473366,0.3204946890473366,0.25269840285182,0.38829097524285316,-1.4023722964577192,2.0433616745523926
p313,process,,40,post,post_odor,2.0,0.05323352292180061,0.05323352292180061,0.03736891783773899,0.06909812800586224,-0.3499243175914891,0.45639136343509035
p313,process,,32,post,post_odor,2.0,-0.0033841505646705627,-0.0033841505646705627,-0.11494937166571617,0.10818107053637505,-2.8385252320576355,2.8317569309282944
p313,process,,31,post,post_odor,2.0,0.0016108285635709763,0.0016108285635709763,-0.017822942696511745,0.021044599823653698,-0.4922481242896265,0.49546978141676845
p313,process,,0,post,post_odor,2.0,0.09996307734400034,0.09996307734400034,0.05953083699569106,0.14039531769230962,-0.9275175702716816,1.1274437249596823
p313,process,,4,post,post_odor,2.0,-0.04393504559993744,-0.04393504559993744,-0.10877040028572083,0.020900309085845947,-1.6915576271600714,1.6036875359601965
p313,process,,2,post,post_odor,2.0,0.33366378396749496,0.33366378396749496,0.28913262858986855,0.3781949393451214,-0.7979801707655612,1.465307738700551
p313,process,,3,post,post_odor,2.0,0.27775130746886134,0.27775130746886134,0.13136792299337685,0.42413469194434583,-3.4422031987705024,3.997705813708225
p313,process,,21,post,post_odor,2.0,0.45076265931129456,0.45076265931129456,0.3573882728815079,0.5441370457410812,-1.9221054828718285,2.8236308014944176
p313,process,,1,post,post_odor,2.0,0.1741559412330389,0.1741559412330389,0.09219338092952967,0.25611850153654814,-1.908710202601867,2.2570220850679448
p313,process,,22,post,post_odor,2.0,0.35294369608163834,0.35294369608163834,0.2560448907315731,0.44984250143170357,-2.109488422855699,2.815375815018976
p313,process,,10,post,post_odor,1.0,0.04466544836759567,0.04466544836759567,0.04466544836759567,0.04466544836759567,,
p313,process,,30,post,post_odor,2.0,0.3339785039424896,0.3339785039424896,0.3156731426715851,0.35228386521339417,-0.13120483221302248,0.7991618400980017
p313,process,,17,post,post_odor,2.0,0.2688944414258003,0.2688944414258003,0.02356741949915886,0.5142214633524418,-5.965456294406049,6.50324517725765
p313,process,,39,post,post_odor,2.0,0.35029883682727814,0.35029883682727814,0.32734163850545883,0.37325603514909744,-0.23309888726472616,0.9336965609192824
p335,process,,39,pre,post_odor,2.0,-0.3239710107445717,-0.3239710107445717,-0.3737744130194187,-0.27416760846972466,-1.5895954624691215,0.9416534409799782
p335,process,,17,pre,post_odor,2.0,-0.005321502685546875,-0.005321502685546875,-0.9826133251190186,0.9719703197479248,-24.840661468343495,24.8300184629724
p335,process,,32,pre,post_odor,2.0,-0.4403230845928192,-0.4403230845928192,-1.0213736146688461,0.1407274454832077,-15.206217079010479,14.32557090982484
p335,process,,30,pre,post_odor,2.0,0.5736764594912529,0.5736764594912529,0.3854193575680256,0.7619335614144802,-4.210390100659613,5.357743019642119
p335,process,,40,pre,post_odor,2.0,1.7587998509407043,1.7587998509407043,1.517864316701889,1.9997353851795197,-4.363952601575326,7.8815523034567345
p335,process,,3,pre,post_odor,2.0,0.9049745500087738,0.9049745500087738,0.8185947686433792,0.9913543313741684,-1.290143824180649,3.1000929241981967
p335,process,,2,pre,post_odor,2.0,0.21856756508350372,0.21856756508350372,0.041942767798900604,0.39519236236810684,-4.269894106483535,4.707029236650542
p335,process,,1,pre,post_odor,2.0,-0.825655996799469,-0.825655996799469,-0.9451218545436859,-0.7061901390552521,-3.861571291760951,2.210259298162013
p335,process,,4,pre,post_odor,2.0,0.9307771176099777,0.9307771176099777,0.6754219606518745,1.186132274568081,-5.558412691885389,7.419966927105344
p335,process,,31,pre,post_odor,2.0,-0.3574247658252716,-0.3574247658252716,-0.3896101862192154,-0.3252393454313278,-1.175333847915876,0.4604843162653327
p335,process,,21,pre,post_odor,2.0,0.9966331049799919,0.9966331049799919,0.6035845465958118,1.389681663364172,-8.991677803195415,10.984944013155399
p335,process,,12,pre,post_odor,2.0,0.19919294118881226,0.19919294118881226,0.18355169147253036,0.21483419090509415,-0.19828890126061177,0.5966747836382362
p335,process,,22,pre,post_odor,2.0,0.618960577994585,0.618960577994585,0.3433963041752577,0.8945248518139124,-6.383791584252768,7.6217127402419385
p335,process,,10,pre,post_odor,2.0,0.2590146228321828,0.2590146228321828,0.12877755830413662,0.38925168736022897,-3.050622989431316,3.5686522350956817
p335,process,,0,pre,post_odor,2.0,0.9540638476610184,0.9540638476610184,0.7193592712283134,1.1887684240937233,-5.010344953681202,6.918472649003239
p335,process,,18,pre,post_odor,2.0,0.23697663471102715,0.23697663471102715,0.1521486509591341,0.3218046184629202,-1.9187068231058793,2.3926600925279335
p335,process,,12,post,post_odor,2.0,0.10548030771315098,0.10548030771315098,0.07045537885278463,0.14050523657351732,-0.7845875262263862,0.9955481416526881
p335,process,,18,post,post_odor,2.0,0.04809454269707203,0.04809454269707203,0.006172227673232555,0.0900168577209115,-1.0172524927175612,1.1134415781117053
p335,process,,40,post,post_odor,2.0,-0.1227024607360363,-0.1227024607360363,-0.1450574677437544,-0.10034745372831821,-0.6907970525734084,0.4453921311013358
p335,process,,32,post,post_odor,2.0,-0.04166428744792938,-0.04166428744792938,-0.055139508098363876,-0.02818906679749489,-0.38410211234702896,0.3007735374511702
p335,process,,31,post,post_odor,2.0,0.09388771560043097,0.09388771560043097,0.036554975900799036,0.1512204553000629,-1.363075341818237,1.550850773019099
p335,process,,0,post,post_odor,2.0,-0.02817797288298607,-0.02817797288298607,-0.06319250725209713,0.006836561486124992,-0.917981657754487,0.8616257119885149
p335,process,,4,post,post_odor,2.0,-0.02877829223871231,-0.02877829223871231,-0.07082963362336159,0.013273049145936966,-1.0974041983669713,1.0398476138895467
p335,process,,2,post,post_odor,2.0,0.0922639723867178,0.0922639723867178,0.06918373052030802,0.11534421425312757,-0.494260584643349,0.6787885294167846
p335,process,,3,post,post_odor,2.0,0.06291937455534935,0.06291937455534935,-0.016745520755648613,0.1425842698663473,-1.9615575656595774,2.087396314770276
p335,process,,21,post,post_odor,2.0,0.4775834381580353,0.4775834381580353,0.4221092611551285,0.5330576151609421,-0.93214906298142,1.8873159392974905
p335,process,,1,post,post_odor,2.0,0.09447139129042625,0.09447139129042625,0.023201340809464455,0.16574144177138805,-1.7166723146467864,1.9056150972276389
p335,process,,22,post,post_odor,2.0,0.14436045021284372,0.14436045021284372,0.07074321404797956,0.21797768637770787,-1.726430899431332,2.015151799857019
p335,process,,10,post,post_odor,1.0,-0.010846147313714027,-0.010846147313714027,-0.010846147313714027,-0.010846147313714027,,
p335,process,,30,post,post_odor,2.0,-0.06906867027282715,-0.06906867027282715,-0.16955749690532684,0.031420156359672546,-2.6227318800538377,2.4845945395081834
p335,process,,17,post,post_odor,2.0,0.02367996145039797,0.02367996145039797,0.019808901008218527,0.02755102189257741,-0.07469301159847987,0.1220529344992758
p335,process,,39,post,post_odor,2.0,0.24503891170024872,0.24503891170024872,0.15152020007371902,0.3385576233267784,-2.1314968814796855,2.621574704880183
p358,process,,39,pre,post_odor,2.0,0.2762436792254448,0.2762436792254448,0.24005239084362984,0.31243496760725975,-0.643464160465118,1.1959515189160075
p358,process,,17,pre,post_odor,2.0,-0.5696609169244766,-0.5696609169244766,-0.9614929035305977,-0.17782893031835556,-10.527055804923346,9.387733971074393
p358,process,,32,pre,post_odor,2.0,0.9087080955505371,0.9087080955505371,0.7461766600608826,1.0712395310401917,-3.221607295241303,5.039023486342377
p358,process,,30,pre,post_odor,2.0,1.5160123109817505,1.5160123109817505,1.2875857949256897,1.7444388270378113,-4.288855849377058,7.320880471340559
p358,process,,40,pre,post_odor,2.0,0.5669624917209148,0.5669624917209148,0.33863903768360615,0.7952859457582235,-5.235286614416318,6.369211597858148
p358,process,,3,pre,post_odor,2.0,0.680376797914505,0.680376797914505,0.17453716695308685,1.1862164288759232,-12.174227031419157,13.534980627248167
p358,process,,2,pre,post_odor,2.0,0.5438908040523529,0.5438908040523529,0.46538974344730377,0.622391864657402,-1.4510102920568708,2.5387919001615766
p358,process,,1,pre,post_odor,2.0,0.7866438031196594,0.7866438031196594,0.7505241632461548,0.8227634429931641,-0.13124327533963853,1.7045308815789575
p358,process,,4,pre,post_odor,2.0,0.09439340233802795,0.09439340233802795,-0.2504735141992569,0.4392603188753128,-8.669505894173994,8.85829269885005
p358,process,,31,pre,post_odor,2.0,1.8246068954467773,1.8246068954467773,1.7226535081863403,1.9265602827072144,-0.7662743287084575,4.415488119602012
p358,process,,21,pre,post_odor,2.0,0.7589777112007141,0.7589777112007141,0.6677095592021942,0.850245863199234,-1.5603659391702966,3.078321361571725
p358,process,,12,pre,post_odor,2.0,0.8324835747480392,0.8324835747480392,0.5714150741696358,1.0935520753264427,-5.8018960622826325,7.466863211778711
p358,process,,22,pre,post_odor,2.0,1.1274005696177483,1.1274005696177483,0.6659416146576405,1.588859524577856,-10.599383348510944,12.85418448774644
p358,process,,10,pre,post_odor,2.0,0.43701667711138725,0.43701667711138725,0.18333362229168415,0.6906997319310904,-6.009680988163365,6.883714342386139
p358,process,,0,pre,post_odor,2.0,0.7592374086380005,0.7592374086380005,0.7044053971767426,0.8140694200992584,-0.6341761188080408,2.152650936084042
p358,process,,18,pre,post_odor,2.0,0.07309368252754211,0.07309368252754211,-0.42535193264484406,0.5715392976999283,-12.593610389930221,12.739797754985306
p358,process,,12,post,post_odor,2.0,0.058471156284213066,0.058471156284213066,0.052490522153675556,0.06445179041475058,-0.0935111671453144,0.21045347971374054
p358,process,,18,post,post_odor,2.0,-0.04472008300945163,-0.04472008300945163,-0.06639716005884111,-0.023043005960062146,-0.5955868411522043,0.506146675133301
p358,process,,40,post,post_odor,2.0,-0.0009820125997066498,-0.0009820125997066498,-0.020979641005396843,0.019015615805983543,-0.5091699341209913,0.507205908921578
p358,process,,32,post,post_odor,2.0,0.022855311632156372,0.022855311632156372,-0.04155436158180237,0.08726498484611511,-1.6139496780611773,1.65966030132549
p358,process,,31,post,post_odor,2.0,-0.005319572985172272,-0.005319572985172272,-0.026842283084988594,0.01620313711464405,-0.5522634949963744,0.5416243490260298
p358,process,,0,post,post_odor,2.0,0.05314772203564644,0.05314772203564644,0.002871466800570488,0.10342397727072239,-1.2244930627344532,1.3307885068057461
p358,process,,4,post,post_odor,2.0,0.05355332139879465,0.05355332139879465,0.03109588986262679,0.07601075293496251,-0.5171441244955552,0.6242507672931445
p358,process,,2,post,post_odor,2.0,0.09331312868744135,0.09331312868744135,0.05971066793426871,0.12691558944061399,-0.7606063632507315,0.9472326206256142
p358,process,,3,post,post_odor,2.0,-0.021742884069681168,-0.021742884069681168,-0.05348922871053219,0.010003460571169853,-0.8284939933333118,0.7850082251939494
p358,process,,21,post,post_odor,2.0,-0.014293739572167397,-0.014293739572167397,-0.0332358768209815,0.0046483976766467094,-0.49565908762047317,0.4670716084761384
p358,process,,1,post,post_odor,2.0,-0.07498123135883361,-0.07498123135883361,-0.11123524798313156,-0.038727214734535664,-0.9962831468328549,0.8463206841151877
p358,process,,22,post,post_odor,2.0,0.03420846629887819,0.03420846629887819,0.029624327551573515,0.03879260504618287,-0.08228554462569107,0.15070247722344746
p358,process,,10,post,post_odor,1.0,-0.027046894654631615,-0.027046894654631615,-0.027046894654631615,-0.027046894654631615,,
p358,process,,30,post,post_odor,2.0,0.0017977235838770866,0.0017977235838770866,-0.008244599681347609,0.011840046849101782,-0.25340190728571355,0.2569973544534677
p358,process,,17,post,post_odor,2.0,0.06693048402667046,0.06693048402667046,0.06562888063490391,0.068232087418437,0.03385360566450014,0.10000736238884078
p358,process,,39,post,post_odor,2.0,0.01280019129626453,0.01280019129626453,0.004121936042793095,0.021478446549735963,-0.20773518471051877,0.23333556730304783
p380,process,,39,pre,post_odor,2.0,0.22259967122226954,0.22259967122226954,0.10058564832434058,0.3446136941201985,-2.878070640028515,3.3232699824730543
p380,process,,17,pre,post_odor,2.0,-0.059355974197387695,-0.059355974197387695,-0.4180290997028351,0.2993171513080597,-9.17410430626918,9.055392357874405
p380,process,,32,pre,post_odor,2.0,0.6109030842781067,0.6109030842781067,0.43633028864860535,0.785475879907608,-3.8254122809915465,5.04721844954776
p380,process,,30,pre,post_odor,2.0,1.60812047123909,1.60812047123909,1.1275099962949753,2.0887309461832047,-10.605349714741067,13.821590657219247
p380,process,,40,pre,post_odor,2.0,-0.06779971159994602,-0.06779971159994602,-0.11773634422570467,-0.017863078974187374,-1.3368098675560065,1.2012104443561145
p380,process,,3,pre,post_odor,2.0,0.4788953512907028,0.4788953512907028,0.14268971234560013,0.8151009902358055,-8.064900012495102,9.022690715076507
p380,process,,2,pre,post_odor,2.0,0.5044735032133758,0.5044735032133758,0.25901519623585045,0.7499318101909012,-5.733213502089133,6.742160508515885
p380,process,,1,pre,post_odor,2.0,0.20386373903602362,0.20386373903602362,0.09062370518222451,0.3171037728898227,-2.6738383699194257,3.081565847991473
p380,process,,4,pre,post_odor,2.0,0.2284366488456726,0.2284366488456726,-0.2241756021976471,0.6810488998889923,-11.273531206868963,11.730404504560308
p380,process,,31,pre,post_odor,2.0,2.3571797609329224,2.3571797609329224,2.270644724369049,2.4437147974967957,0.15811597806704825,4.5562435437987965
p380,process,,21,pre,post_odor,2.0,0.7753197252750397,0.7753197252750397,0.7579258233308792,0.7927136272192001,0.33329876674814,1.2173406838019394
p380,process,,12,pre,post_odor,2.0,1.025819331407547,1.025819331407547,0.6487822383642197,1.4028564244508743,-8.555601663273782,10.607240326088876
p380,process,,22,pre,post_odor,2.0,0.8787807375192642,0.8787807375192642,0.6210343465209007,1.1365271285176277,-5.671176090551417,7.4287375655899455
p380,process,,10,pre,post_odor,2.0,0.07220850884914398,0.07220850884914398,-0.12379232794046402,0.268209345638752,-4.908645012571496,5.053062030269784
p380,process,,0,pre,post_odor,2.0,0.7458487749099731,0.7458487749099731,0.6543327569961548,0.8373647928237915,-1.5797937455948405,3.071491295414787
p380,process,,18,pre,post_odor,2.0,-0.09378422796726227,-0.09378422796726227,-0.2681838795542717,0.08061542361974716,-4.525699585931413,4.3381311299968885
p380,process,,12,post,post_odor,2.0,0.035824061604216695,0.035824061604216695,0.015773834544233978,0.05587428866419941,-0.47370051845764405,0.5453486416660774
p380,process,,18,post,post_odor,2.0,-0.06611362658441067,-0.06611362658441067,-0.06930010300129652,-0.06292715016752481,-0.14708967006429866,0.01486241689547732
p380,process,,40,post,post_odor,2.0,0.02224119007587433,0.02224119007587433,-0.06607943773269653,0.11056181788444519,-2.2221987686504963,2.266681148802245
p380,process,,32,post,post_odor,2.0,-0.07906516082584858,-0.07906516082584858,-0.14708486292511225,-0.011045458726584911,-1.8076096827595602,1.649479361107863
p380,process,,31,post,post_odor,2.0,0.04440038464963436,0.04440038464963436,0.041865927167236805,0.04693484213203192,-0.020006286683312086,0.10880705598258081
p380,process,,0,post,post_odor,2.0,0.06542810052633286,0.06542810052633286,-0.02365177497267723,0.15450797602534294,-2.198306171400415,2.3291623724530806
p380,process,,4,post,post_odor,2.0,0.08331643068231642,0.08331643068231642,0.04392607545014471,0.12270678591448814,-0.9176874057389313,1.084320267103564
p380,process,,2,post,post_odor,2.0,0.050473231822252274,0.050473231822252274,-0.006043801084160805,0.10699026472866535,-1.3857607505577614,1.486707214202266
p380,process,,3,post,post_odor,2.0,0.11451348289847374,0.11451348289847374,0.10636377520859241,0.12266319058835506,-0.0925902259967451,0.3216171917936926
p380,process,,21,post,post_odor,2.0,0.08829987794160843,0.08829987794160843,0.08257684856653214,0.09402290731668472,-0.057136087960114185,0.23373584384333104
p380,process,,1,post,post_odor,2.0,0.08609686978161335,0.08609686978161335,0.0709544038400054,0.1012393357232213,-0.2987096751476325,0.4709034147108592
p380,process,,22,post,post_odor,2.0,0.1096780076622963,0.1096780076622963,0.10430186614394188,0.11505414918065071,-0.026942701983424272,0.24629871730801686
p380,process,,10,post,post_odor,1.0,0.38522055745124817,0.38522055745124817,0.38522055745124817,0.38522055745124817,,
p380,process,,30,post,post_odor,2.0,0.14104621298611164,0.14104621298611164,0.09523260872811079,0.1868598172441125,-1.0231878578223754,1.3052802837945987
p380,process,,17,post,post_odor,2.0,0.03194321412593126,0.03194321412593126,0.02712962729856372,0.03675680095329881,-0.09038162536183995,0.1542680536137025
p380,process,,39,post,post_odor,2.0,-0.004666687920689583,-0.004666687920689583,-0.037338257767260075,0.02800488192588091,-0.834929998966202,0.8255966231248228
p402,process,,39,pre,post_odor,2.0,0.24790135398507118,0.24790135398507118,0.09662281535565853,0.39917989261448383,-3.5964508140441875,4.09225352201433
p402,process,,17,pre,post_odor,2.0,1.1955864392220974,1.1955864392220974,0.6521109286695719,1.739061949774623,-12.615435773132821,15.006608651577016
p402,process,,32,pre,post_odor,2.0,1.304966926574707,1.304966926574707,1.1724984049797058,1.4374354481697083,-2.0613773863942213,4.671311239543636
p402,process,,30,pre,post_odor,2.0,1.8423075675964355,1.8423075675964355,1.83694589138031,1.847669243812561,1.7060544561340978,1.9785606790587733
p402,process,,40,pre,post_odor,2.0,0.8067390490323305,0.8067390490323305,0.42423492204397917,1.1892431760206819,-8.913612450859182,10.527090548923843
p402,process,,3,pre,post_odor,2.0,1.1579420566558838,1.1579420566558838,0.7227208614349365,1.593163251876831,-9.902077167344139,12.217961280655906
p402,process,,2,pre,post_odor,2.0,0.9787076115608215,0.9787076115608215,0.6593023836612701,1.298112839460373,-7.138148827431651,9.095564050553294
p402,process,,1,pre,post_odor,2.0,0.8201411962509155,0.8201411962509155,0.8068794906139374,0.8334029018878937,0.4831293023022627,1.1571530901995684
p402,process,,4,pre,post_odor,2.0,0.9694736823439598,0.9694736823439598,0.4070323742926121,1.5319149903953075,-13.323515142020689,15.262462506708609
p402,process,,31,pre,post_odor,2.0,2.925239324569702,2.925239324569702,2.923941731452942,2.9265369176864624,2.8922643569580884,2.958214292181316
p402,process,,21,pre,post_odor,2.0,1.232915461063385,1.232915461063385,1.2058445513248444,1.2599863708019257,0.5449784179985793,1.9208525041281908
p402,process,,12,pre,post_odor,2.0,1.4485839530825615,1.4485839530825615,0.8089058883488178,2.088262017816305,-14.80717695841135,17.704344864576473
p402,process,,22,pre,post_odor,2.0,1.5143386125564575,1.5143386125564575,1.2528002858161926,1.7758769392967224,-5.131980439280258,8.160657664393174
p402,process,,10,pre,post_odor,2.0,0.6257490068674088,0.6257490068674088,0.22114887088537216,1.0303491428494453,-9.656115321276348,10.907613335011165
p402,process,,0,pre,post_odor,2.0,1.2206072807312012,1.2206072807312012,1.1763243079185486,1.2648902535438538,0.09527024296315822,2.345944318499244
p402,process,,18,pre,post_odor,2.0,0.06976036727428436,0.06976036727428436,-0.11078520864248276,0.2503059431910515,-4.518337736343744,4.657858470892313
p402,process,,12,post,post_odor,2.0,-0.04893658682703972,-0.04893658682703972,-0.05950958468019962,-0.038363588973879814,-0.31762193762181024,0.2197487639677308
p402,process,,18,post,post_odor,2.0,0.08135226182639599,0.08135226182639599,0.06097844336181879,0.10172608029097319,-0.4363955555107525,0.5991000791635445
p402,process,,40,post,post_odor,2.0,-0.07565156929194927,-0.07565156929194927,-0.1446037357673049,-0.006699402816593647,-1.8278922577692884,1.6765891191853899
p402,process,,32,post,post_odor,2.0,-0.08202122570946813,-0.08202122570946813,-0.11920336843468249,-0.044839082984253764,-1.0269090617019525,0.8628666102830163
p402,process,,31,post,post_odor,2.0,-0.10825107246637344,-0.10825107246637344,-0.19797076657414436,-0.018531378358602524,-2.388244676866981,2.171742531934234
p402,process,,0,post,post_odor,2.0,0.04525258392095566,0.04525258392095566,-0.036838266998529434,0.12734343484044075,-2.040873733578589,2.1313789014205002
p402,process,,4,post,post_odor,2.0,-0.10812322795391083,-0.10812322795391083,-0.20373184233903885,-0.012514613568782806,-2.537768485792738,2.321522029884916
p402,process,,2,post,post_odor,2.0,0.13303829729557037,0.13303829729557037,0.10746078938245773,0.15861580520868301,-0.5169478070747047,0.7830244016658454
p402,process,,3,post,post_odor,2.0,0.06886471062898636,0.06886471062898636,0.00777168944478035,0.12995773181319237,-1.4836561596069722,1.6213855808649449
p402,process,,21,post,post_odor,2.0,0.9030289649963379,0.9030289649963379,0.8605237007141113,0.9455342292785645,-0.17713221567403026,1.983190145666706
p402,process,,1,post,post_odor,2.0,0.06432723253965378,0.06432723253965378,0.04620809480547905,0.0824463702738285,-0.3961237148470913,0.5247781799263989
p402,process,,22,post,post_odor,2.0,-0.07785903289914131,-0.07785903289914131,-0.16374179162085056,0.00802372582256794,-2.2603468641502027,2.10462879835192
p402,process,,10,post,post_odor,1.0,-0.02197156473994255,-0.02197156473994255,-0.02197156473994255,-0.02197156473994255,,
p402,process,,30,post,post_odor,2.0,0.21843764930963516,0.21843764930963516,0.15372001752257347,0.28315528109669685,-1.4261933097439112,1.8630686083631816
p402,process,,17,post,post_odor,2.0,-0.028724394971504807,-0.028724394971504807,-0.04064375918824226,-0.01680503075476736,-0.33162415909730586,0.27417536915429624
p402,process,,39,post,post_odor,2.0,0.028354736045002937,0.028354736045002937,-0.0019368687644600868,0.05864634085446596,-0.7414279289476595,0.7981374010376654
p425,process,,39,pre,post_odor,2.0,3.0745729207992554,3.0745729207992554,2.8249863982200623,3.3241594433784485,-3.2680219897629765,9.417167831361487
p425,process,,17,pre,post_odor,2.0,3.654185116291046,3.654185116291046,2.3199836909770966,4.988386541604996,-30.25108782237922,37.55945805496131
p425,process,,32,pre,post_odor,2.0,8.65053129196167,8.65053129196167,8.08617091178894,9.2148916721344,-5.691225778958501,22.99228836288184
p425,process,,30,pre,post_odor,2.0,8.24765396118164,8.24765396118164,8.243891716003418,8.251416206359863,8.152046246177274,8.343261676186007
p425,process,,40,pre,post_odor,2.0,4.9018237590789795,4.9018237590789795,4.736161112785339,5.06748640537262,0.6919367571920123,9.111710760965947
p425,process,,3,pre,post_odor,2.0,6.9567835330963135,6.9567835330963135,5.541824698448181,8.371742367744446,-29.000729759500338,42.914296825692965
p425,process,,2,pre,post_odor,2.0,3.3353353142738342,3.3353353142738342,2.3592685163021088,4.31140211224556,-21.468873828148578,28.139544456696246
p425,process,,1,pre,post_odor,2.0,2.2110354900360107,2.2110354900360107,1.2603079080581665,3.161763072013855,-21.949243119841586,26.371314099913608
p425,process,,4,pre,post_odor,2.0,3.1631530076265335,3.1631530076265335,1.3971893712878227,4.929116643965244,-41.71423803229189,48.040544047544955
p425,process,,31,pre,post_odor,2.0,12.270293712615967,12.270293712615967,11.0141761302948,13.526411294937134,-19.650680634747065,44.191268059978995
p425,process,,21,pre,post_odor,2.0,5.866483926773071,5.866483926773071,5.833874344825745,5.899093508720398,5.037795877605474,6.695171975940669
p425,process,,12,pre,post_odor,2.0,4.660601198673248,4.660601198673248,3.0477887094020844,6.273413687944412,-36.324850180804674,45.64605257815117
p425,process,,22,pre,post_odor,2.0,10.63030219078064,10.63030219078064,8.953906655311584,12.306697726249695,-31.970947594177403,53.23155197573868
p425,process,,10,pre,post_odor,2.0,0.9664661884307861,0.9664661884307861,-0.1711256504058838,2.104058027267456,-27.942483432489563,29.875415809351136
p425,process,,0,pre,post_odor,2.0,1.203774482011795,1.203774482011795,0.8584055155515671,1.549143448472023,-7.572883112717621,9.980432076741211
p425,process,,18,pre,post_odor,2.0,0.3415590822696686,0.3415590822696686,-0.1081160455942154,0.7912342101335526,-11.085769396538419,11.768887561077756
p425,process,,12,post,post_odor,2.0,0.09326612390577793,0.09326612390577793,0.07687430735677481,0.10965794045478106,-0.3232894302331225,0.5098216780446784
p425,process,,18,post,post_odor,2.0,0.2059137150645256,0.2059137150645256,0.18630142137408257,0.22552600875496864,-0.2924819228889871,0.7043093530180383
p425,process,,40,post,post_odor,2.0,0.1469827964901924,0.1469827964901924,0.14212841168045998,0.15183718129992485,0.023621181968918867,0.27034441101146595
p425,process,,32,post,post_odor,2.0,0.2884088307619095,0.2884088307619095,0.2854667231440544,0.29135093837976456,0.21364278726525796,0.363174874258561
p425,process,,31,post,post_odor,2.0,0.16525650396943092,0.16525650396943092,0.13476098142564297,0.19575202651321888,-0.6097082019865705,0.9402212099254323
p425,process,,0,post,post_odor,2.0,-0.00895991176366806,-0.00895991176366806,-0.030386703088879585,0.012466879561543465,-0.553466306598527,0.5355464830711909
p425,process,,4,post,post_odor,2.0,0.027467119973152876,0.027467119973152876,0.02147173252888024,0.03346250741742551,-0.12489012070608566,0.1798243606523914
p425,process,,2,post,post_odor,2.0,0.12111129984259605,0.12111129984259605,0.07063858397305012,0.171584015712142,-1.1615220230158523,1.4037446227010444
p425,process,,3,post,post_odor,2.0,0.0006826110184192657,0.0006826110184192657,-0.008720171637833118,0.01008539367467165,-0.23826475202177133,0.23962997405860986
p425,process,,21,post,post_odor,2.0,1.1832000613212585,1.1832000613212585,0.9736039340496063,1.3927961885929108,-4.143142548724623,6.50954267136714
p425,process,,1,post,post_odor,2.0,0.025287728756666183,0.025287728756666183,-0.0017546433955430984,0.052330100908875465,-0.6619241054789343,0.7124995629922667
p425,process,,22,post,post_odor,2.0,0.0136859230697155,0.0136859230697155,-0.022461628541350365,0.049833474680781364,-0.9049104598935729,0.9322823060330039
p425,process,,10,post,post_odor,1.0,0.004099388141185045,0.004099388141185045,0.004099388141185045,0.004099388141185045,,
p425,process,,30,post,post_odor,2.0,0.14709453657269478,0.14709453657269478,0.11881023459136486,0.1753788385540247,-0.5716777270164441,0.8658668001618337
p425,process,,17,post,post_odor,2.0,0.1084384098649025,0.1084384098649025,0.07637128606438637,0.14050553366541862,-0.706464470754334,0.923341290484139
p425,process,,39,post,post_odor,2.0,0.07565310969948769,0.07565310969948769,0.07215599156916142,0.07915022782981396,-0.013217088201540411,0.16452330760051578
p447,process,,39,pre,post_odor,2.0,0.42681171745061874,0.42681171745061874,0.2795621193945408,0.5740613155066967,-3.3151553629892963,4.168778797890534
p447,process,,17,pre,post_odor,2.0,0.1593155413866043,0.1593155413866043,0.005593158304691315,0.3130379244685173,-3.747140602556323,4.065771685329532
p447,process,,32,pre,post_odor,2.0,2.699000597000122,2.699000597000122,2.017771601676941,3.3802295923233032,-14.612669576589742,20.010670770589986
p447,process,,30,pre,post_odor,2.0,-0.5539150834083557,-0.5539150834083557,-1.039644569158554,-0.06818559765815735,-12.897471668086094,11.789641501269383
p447,process,,40,pre,post_odor,2.0,-0.8551668226718903,-0.8551668226718903,-0.9462341219186783,-0.7640995234251022,-3.169406320672242,1.4590726753284615
p447,process,,3,pre,post_odor,2.0,-0.1112729161977768,-0.1112729161977768,-0.27967265993356705,0.05712682753801346,-4.390716159050382,4.1681703266548285
p447,process,,2,pre,post_odor,2.0,0.792369157075882,0.792369157075882,0.7008569985628128,0.8838813155889511,-1.5331752867567752,3.117913600908539
p447,process,,1,pre,post_odor,2.0,0.8082069456577301,0.8082069456577301,0.6086822599172592,1.007731631398201,-4.2621960682209465,5.878609959536407
p447,process,,4,pre,post_odor,2.0,-0.41803376376628876,-0.41803376376628876,-0.4505837485194206,-0.3854837790131569,-1.245207304631605,0.4091397770990276
p447,process,,31,pre,post_odor,2.0,-0.1689670979976654,-0.1689670979976654,-0.4228687733411789,0.08493457734584808,-6.621220437542546,6.2832862415472155
p447,process,,21,pre,post_odor,2.0,0.9350237548351288,0.9350237548351288,0.7869183570146561,1.0831291526556015,-2.828691259643926,4.6987387693141835
p447,process,,12,pre,post_odor,2.0,-0.9450711309909821,-0.9450711309909821,-1.2407380491495132,-0.6494042128324509,-8.45867992266319,6.568537660681227
p447,process,,22,pre,post_odor,2.0,-0.139174222946167,-0.139174222946167,-0.32820776104927063,0.049859315156936646,-4.942971897229196,4.664623451336862
p447,process,,10,pre,post_odor,2.0,-1.1776769757270813,-1.1776769757270813,-1.427415817975998,-0.9279381334781647,-7.5241426961070195,5.168788744652857
p447,process,,0,pre,post_odor,2.0,0.6864544600248337,0.6864544600248337,0.5929764583706856,0.7799324616789818,-1.6890467946673309,3.0619557147169982
p447,process,,18,pre,post_odor,2.0,-1.60580575466156,-1.60580575466156,-1.94912987947464,-1.2624816298484802,-10.330498996147533,7.118887486824413
p447,process,,12,post,post_odor,2.0,0.2607922777533531,0.2607922777533531,0.24627161398530006,0.2753129415214062,-0.10821277573071891,0.6297973312374252
p447,process,,18,post,post_odor,2.0,0.2493271641433239,0.2493271641433239,0.181315453723073,0.3173388745635748,-1.4790142699709432,1.977668598257591
p447,process,,40,post,post_odor,2.0,-0.09348741546273232,-0.09348741546273232,-0.1159378457814455,-0.07103698514401913,-0.6640069435523192,0.4770321126268545
p447,process,,32,post,post_odor,2.0,-0.12918035686016083,-0.12918035686016083,-0.17185775190591812,-0.08650296181440353,-1.2137157949761603,0.9553550812558387
p447,process,,31,post,post_odor,2.0,-0.1309066265821457,-0.1309066265821457,-0.15843038260936737,-0.10338287055492401,-0.8303515849629475,0.5685383317986561
p447,process,,0,post,post_odor,2.0,-0.33631155639886856,-0.33631155639886856,-0.39132921770215034,-0.2812938950955868,-1.7344428936488967,1.0618197808511596
p447,process,,4,post,post_odor,2.0,0.05651972442865372,0.05651972442865372,-0.0364571176469326,0.14949656650424004,-2.306245857842109,2.4192853066994164
p447,process,,2,post,post_odor,2.0,-0.14888007752597332,-0.14888007752597332,-0.2012555217370391,-0.09650463331490755,-1.479866312113768,1.1821061570618214
p447,process,,3,post,post_odor,2.0,0.331276036798954,0.331276036798954,0.23379236087203026,0.42875971272587776,-2.1460190527258414,2.8085711263237494
p447,process,,21,post,post_odor,2.0,0.8409186527132988,0.8409186527132988,0.5275511629879475,1.1542861424386501,-7.122504311509569,8.804341616936167
p447,process,,1,post,post_odor,2.0,0.23759269900619984,0.23759269900619984,0.14199783187359571,0.33318756613880396,-2.19170320802237,2.6668886060347696
p447,process,,22,post,post_odor,2.0,0.3743810220621526,0.3743810220621526,0.18187739909626544,0.5668846450280398,-4.517599869657733,5.266361913782038
p447,process,,10,post,post_odor,1.0,-0.14263807237148285,-0.14263807237148285,-0.14263807237148285,-0.14263807237148285,,
p447,process,,30,post,post_odor,2.0,0.11678820848464966,0.11678820848464966,-0.017546966671943665,0.251123383641243,-3.296992269134477,3.530568686103776
p447,process,,17,post,post_odor,2.0,0.23103486746549606,0.23103486746549606,0.1894555576145649,0.27261417731642723,-0.8255955800440571,1.2876653149750492
p447,process,,39,post,post_odor,2.0,0.3689563050866127,0.3689563050866127,0.26140129193663597,0.47651131823658943,-2.3642757298845187,3.102188340057744
p469,process,,39,pre,post_odor,2.0,1.6779084205627441,1.6779084205627441,1.5012563467025757,1.8545604944229126,-2.8112464145115643,6.167063255637053
p469,process,,17,pre,post_odor,2.0,0.7208252549171448,0.7208252549171448,0.16811111569404602,1.2735393941402435,-13.324972772177368,14.766623282011658
p469,process,,32,pre,post_odor,2.0,1.8037716150283813,1.8037716150283813,1.7434564232826233,1.8640868067741394,0.2710172649819098,3.336525965074853
p469,process,,30,pre,post_odor,2.0,0.11934603750705719,0.11934603750705719,-0.13183701783418655,0.37052909284830093,-6.263820617340426,6.50251269235454
p469,process,,40,pre,post_odor,2.0,1.9970372915267944,1.9970372915267944,1.7997899651527405,2.1942846179008484,-3.015492533616805,7.009567116670394
p469,process,,3,pre,post_odor,2.0,2.04004368185997,2.04004368185997,1.3699507862329483,2.710136577486992,-14.988631366326185,19.068718730046125
p469,process,,2,pre,post_odor,2.0,0.4368317723274231,0.4368317723274231,0.35587581992149353,0.5177877247333527,-1.6204540394360878,2.494117584090934
p469,process,,1,pre,post_odor,2.0,0.03876783698797226,0.03876783698797226,-0.06716723367571831,0.14470290765166283,-2.653297556199999,2.7308332301759437
p469,process,,4,pre,post_odor,2.0,0.5765694081783295,0.5765694081783295,0.02170945703983307,1.1314293593168259,-13.523758869960915,14.676897686317574
p469,process,,31,pre,post_odor,2.0,1.0209582634270191,1.0209582634270191,0.5544738750904799,1.4874426517635584,-10.833534025439562,12.8754505522936
p469,process,,21,pre,post_odor,2.0,-0.01424238458275795,-0.01424238458275795,-0.042836206033825874,0.014351436868309975,-0.7408802836765436,0.7123955145110277
p469,process,,12,pre,post_odor,2.0,0.5626894235610962,0.5626894235610962,-0.07846283912658691,1.2038416862487793,-15.730534409981626,16.85591325710382
p469,process,,22,pre,post_odor,2.0,0.8235491439700127,0.8235491439700127,0.47471969202160835,1.172378595918417,-8.041047724958062,9.688146012898088
p469,process,,10,pre,post_odor,2.0,0.8564475964521989,0.8564475964521989,0.42909642920130864,1.2837987637030892,-10.003575254213892,11.71647044711829
p469,process,,0,pre,post_odor,2.0,1.5372524003032595,1.5372524003032595,0.767360171652399,2.30714462895412,-18.02756416375205,21.10206896435857
p469,process,,18,pre,post_odor,2.0,-0.3665655478835106,-0.3665655478835106,-0.4661971740424633,-0.2669339217245579,-2.898445228230853,2.165314132463832
p469,process,,12,post,post_odor,2.0,-0.047192289493978024,-0.047192289493978024,-0.06595283700153232,-0.02843174198642373,-0.5239430046814113,0.4295584256934553
p469,process,,18,post,post_odor,2.0,0.04309254512190819,0.04309254512190819,-0.017692653462290764,0.10387774370610714,-1.5016058111578279,1.5877909014016443
p469,process,,40,post,post_odor,2.0,-0.059730789391323924,-0.059730789391323924,-0.08923784957733005,-0.030223729205317795,-0.8095762851633694,0.6901147063807216
p469,process,,32,post,post_odor,2.0,-0.05906294286251068,-0.05906294286251068,-0.1292225942015648,0.011096708476543427,-1.8419887311278198,1.7238628454027984
p469,process,,31,post,post_odor,2.0,0.00016940198838710785,0.00016940198838710785,-0.025818313471972942,0.026157117448747158,-0.6602410645411873,0.6605798685179615
p469,process,,0,post,post_odor,2.0,-0.028119434602558613,-0.028119434602558613,-0.03191667655482888,-0.024322192650288343,-0.12461650195923409,0.06837763275411686
p469,process,,4,post,post_odor,2.0,-0.05528216669335961,-0.05528216669335961,-0.08843969111330807,-0.022124642273411155,-0.897894754342514,0.7873304209557948
p469,process,,2,post,post_odor,2.0,-0.04287765920162201,-0.04287765920162201,-0.1014438197016716,0.015688501298427582,-1.5311849110522167,1.4454295926489726
p469,process,,3,post,post_odor,2.0,0.00460072373971343,0.00460072373971343,-0.0019008542876690626,0.011102301767095923,-0.1606200393085601,0.16982148678798695
p469,process,,21,post,post_odor,2.0,0.17339996248483658,0.17339996248483658,0.1141827367246151,0.23261718824505806,-1.331452426350468,1.678252351320141
p469,process,,1,post,post_odor,2.0,0.07176259905099869,0.07176259905099869,-0.03389068320393562,0.177415881305933,-2.613141871709097,2.7566670698110944
p469,process,,22,post,post_odor,2.0,0.12368493899703026,0.12368493899703026,0.10851005651056767,0.13885982148349285,-0.26194538844374055,0.5093152664378011
p469,process,,10,post,post_odor,1.0,0.0036769602447748184,0.0036769602447748184,0.0036769602447748184,0.0036769602447748184,,
p469,process,,30,post,post_odor,2.0,-0.015141882002353668,-0.015141882002353668,-0.06493929773569107,0.034655533730983734,-1.2806142012827375,1.2503304372780302
p469,process,,17,post,post_odor,2.0,0.10148892644792795,0.10148892644792795,0.03997435932978988,0.16300349356606603,-1.461744441672516,1.664722294568372
p469,process,,39,post,post_odor,2.0,0.0686234999448061,0.0686234999448061,0.061268980614840984,0.07597801927477121,-0.11827255674057605,0.2555195566301882
p492,process,,39,pre,post_odor,2.0,0.5000590085983276,0.5000590085983276,0.3440423607826233,0.656075656414032,-3.4646999301976753,4.46481794739433
p492,process,,17,pre,post_odor,2.0,-0.3902873992919922,-0.3902873992919922,-1.1563544273376465,0.3757796287536621,-19.85789639925392,19.077321600669936
p492,process,,32,pre,post_odor,2.0,1.0606906414031982,1.0606906414031982,0.9456378221511841,1.1757434606552124,-1.8630787123771886,3.984459995183585
p492,process,,30,pre,post_odor,2.0,1.3531170785427094,1.3531170785427094,1.15322245657444,1.5530117005109787,-3.7266869062354386,6.432921063320857
p492,process,,40,pre,post_odor,2.0,0.5447050333023071,0.5447050333023071,0.2944762110710144,0.7949338555335999,-5.814212259023027,6.903622325627642
p492,process,,3,pre,post_odor,2.0,1.5229322016239166,1.5229322016239166,0.9508489221334457,2.0950154811143875,-13.015082349072427,16.060946752320262
p492,process,,2,pre,post_odor,2.0,1.2536971867084503,1.2536971867084503,0.8695861548185349,1.6378082185983658,-8.507489638524735,11.014884011941636
p492,process,,1,pre,post_odor,2.0,0.6906978562474251,0.6906978562474251,0.4349789433181286,0.9464167691767216,-5.807735868935918,7.189131581430768
p492,process,,4,pre,post_odor,2.0,1.1061306670308113,1.1061306670308113,0.5884127430617809,1.6238485909998417,-12.050329208044834,14.262590542106457
p492,process,,31,pre,post_odor,2.0,2.2025784254074097,2.2025784254074097,1.864047110080719,2.5411097407341003,-6.400317978887482,10.805474829702302
p492,process,,21,pre,post_odor,2.0,1.4011059999465942,1.4011059999465942,1.332206904888153,1.4700050950050354,-0.349786015952837,3.1519980158460257
p492,process,,12,pre,post_odor,2.0,1.2451030910015106,1.2451030910015106,0.8339111357927322,1.656295046210289,-9.204275246499913,11.694481428502934
p492,process,,22,pre,post_odor,2.0,1.4943850934505463,1.4943850934505463,0.9615665823221207,2.027203604578972,-12.045817085792555,15.034587272693647
p492,process,,10,pre,post_odor,2.0,0.5597911179065704,0.5597911179065704,0.011682376265525818,1.107899859547615,-13.368972660049815,14.488554895862956
p492,process,,0,pre,post_odor,2.0,1.0207809805870056,1.0207809805870056,1.0172373354434967,1.0243246257305145,0.9307284191754549,1.1108335419985564
p492,process,,18,pre,post_odor,2.0,-0.12377077341079712,-0.12377077341079712,-0.435819149017334,0.18827760219573975,-8.053671869505592,7.806130322683999
p492,process,,12,post,post_odor,2.0,0.2456219643354416,0.2456219643354416,0.2378356084227562,0.253408320248127,0.047751899584831614,0.44349202908605156
p492,process,,18,post,post_odor,2.0,0.1555987074971199,0.1555987074971199,0.15251761302351952,0.1586798019707203,0.07730067311099406,0.23389674188324575
p492,process,,40,post,post_odor,2.0,-0.028765979455783963,-0.028765979455783963,-0.04536986874882132,-0.012162090162746608,-0.45071081300400695,0.393178854092439
p492,process,,32,post,post_odor,2.0,-0.055338675156235695,-0.055338675156235695,-0.06218303833156824,-0.04849431198090315,-0.22927043474525582,0.11859308443278443
p492,process,,31,post,post_odor,2.0,0.07546265237033367,0.07546265237033367,0.018404905684292316,0.13252039905637503,-1.3745121699849356,1.525437474725603
p492,process,,0,post,post_odor,2.0,-0.08351741917431355,-0.08351741917431355,-0.11411407683044672,-0.05292076151818037,-0.8610522120172636,0.6940173736686365
p492,process,,4,post,post_odor,2.0,-0.017394294729456306,-0.017394294729456306,-0.02968014299403876,-0.00510844646487385,-0.3296073015441788,0.29481871208526617
p492,process,,2,post,post_odor,2.0,0.0355458315461874,0.0355458315461874,0.004512486048042774,0.06657917704433203,-0.7530862515495542,0.824177914641929
p492,process,,3,post,post_odor,2.0,0.0617012083530426,0.0617012083530426,0.051798392087221146,0.07160402461886406,-0.18995321352345418,0.3133556302295394
p492,process,,21,post,post_odor,2.0,0.4272962957620621,0.4272962957620621,0.42386535555124283,0.4307272359728813,0.3401078382495747,0.5144847532745495
p492,process,,1,post,post_odor,2.0,-0.020494327880442142,-0.020494327880442142,-0.023594337049871683,-0.017394318711012602,-0.09927303026202335,0.05828437450113906
p492,process,,22,post,post_odor,2.0,0.06335131963714957,0.06335131963714957,0.03931355313397944,0.0873890861403197,-0.5475062455421339,0.674208884816433
p492,process,,10,post,post_odor,1.0,0.24403439462184906,0.24403439462184906,0.24403439462184906,0.24403439462184906,,
p492,process,,30,post,post_odor,2.0,0.07992168515920639,0.07992168515920639,0.021065104752779007,0.13877826556563377,-1.415765836271182,1.5756092065895948
p492,process,,17,post,post_odor,2.0,0.04502313118427992,0.04502313118427992,0.03273373143747449,0.05731253093108535,-0.2672801273509265,0.3573263897194863
p492,process,,39,post,post_odor,2.0,-0.0658856532536447,-0.0658856532536447,-0.10306828725151718,-0.028703019255772233,-1.0107859736680793,0.8790146671607899
p514,process,,39,pre,post_odor,2.0,2.3418054282665253,2.3418054282665253,1.015762522816658,3.6678483337163925,-31.35613986292939,36.03975071946244
p514,process,,17,pre,post_odor,2.0,2.3964868783950806,2.3964868783950806,1.9758184552192688,2.8171553015708923,-8.293711343436199,13.08668510022636
p514,process,,32,pre,post_odor,2.0,3.6039834022521973,3.6039834022521973,3.464531421661377,3.7434353828430176,0.06017256974815277,7.147794234756242
p514,process,,30,pre,post_odor,2.0,-0.6075898110866547,-0.6075898110866547,-1.1819875091314316,-0.03319211304187775,-15.204419313775427,13.989239691602117
p514,process,,40,pre,post_odor,2.0,-1.889387845993042,-1.889387845993042,-2.0372718572616577,-1.7415038347244263,-5.647476894764635,1.868701202778551
p514,process,,3,pre,post_odor,2.0,2.4495590925216675,2.4495590925216675,2.3646005988121033,2.5345175862312317,0.2905590622202019,4.608559122823133
p514,process,,2,pre,post_odor,2.0,0.9396947920322418,0.9396947920322418,0.8595625013113022,1.0198270827531815,-1.0966597917256196,2.976049375790103
p514,process,,1,pre,post_odor,2.0,1.085711270570755,1.085711270570755,0.26325230300426483,1.9081702381372452,-19.814952787434617,21.986375328576127
p514,process,,4,pre,post_odor,2.0,0.08174007572233677,0.08174007572233677,0.06577206309884787,0.09770808834582567,-0.3240455995254071,0.48752575097008066
p514,process,,31,pre,post_odor,2.0,3.351725220680237,3.351725220680237,3.1253806948661804,3.578069746494293,-2.4002345511313194,9.103684992491793
p514,process,,21,pre,post_odor,2.0,1.450197994709015,1.450197994709015,1.358197420835495,1.5421985685825348,-0.8877582602560015,3.7881542496740312
p514,process,,12,pre,post_odor,2.0,0.8696364760398865,0.8696364760398865,0.7977369725704193,0.9415359795093536,-0.9575031469848185,2.6967760990645915
p514,process,,22,pre,post_odor,2.0,2.7685235738754272,2.7685235738754272,2.4832116961479187,3.053835451602936,-4.481938690260901,10.018985838011755
p514,process,,10,pre,post_odor,2.0,-0.3761262744665146,-0.3761262744665146,-0.38922104984521866,-0.3630314990878105,-0.7088960683385814,-0.043356480594447744
p514,process,,0,pre,post_odor,2.0,-0.5461486652493477,-0.5461486652493477,-0.718609694391489,-0.37368763610720634,-4.9287989558322245,3.836501625333529
p514,process,,18,pre,post_odor,2.0,0.15640117228031158,0.15640117228031158,-0.028081722557544708,0.3408840671181679,-4.531753691983663,4.844556036544287
p514,process,,12,post,post_odor,2.0,0.10048485547304153,0.10048485547304153,0.08799344673752785,0.11297626420855522,-0.2169519382003144,0.41792164914639746
p514,process,,18,post,post_odor,2.0,0.34711354225873947,0.34711354225873947,0.2487400658428669,0.44548701867461205,-2.1527935216399197,2.8470206061573986
p514,process,,40,post,post_odor,2.0,-0.04101688787341118,-0.04101688787341118,-0.10426232032477856,0.0222285445779562,-1.648235714583373,1.5662019388365507
p514,process,,32,post,post_odor,2.0,0.25839129090309143,0.25839129090309143,0.24818666279315948,0.2685959190130234,-0.0009328971395459185,0.5177154789457288
p514,process,,31,post,post_odor,2.0,0.20641859993338585,0.20641859993338585,0.1237641666084528,0.2890730332583189,-1.8940297044248138,2.3068669042915855
p514,process,,0,post,post_odor,2.0,-0.15054397098720074,-0.15054397098720074,-0.2061957037076354,-0.09489223826676607,-1.564788590724631,1.2637006487502296
p514,process,,4,post,post_odor,2.0,0.027533438056707382,0.027533438056707382,-0.01229635439813137,0.06736323051154613,-0.9846375570043471,1.0397044331177618
p514,process,,2,post,post_odor,2.0,0.13259761035442352,0.13259761035442352,0.09213323891162872,0.17306198179721832,-0.8956995657911191,1.1608947864999661
p514,process,,3,post,post_odor,2.0,0.0225624549202621,0.0225624549202621,0.014553657965734601,0.030571251874789596,-0.1809603726690954,0.2260852825096196
p514,process,,21,post,post_odor,2.0,0.9551763236522675,0.9551763236522675,0.8518064767122269,1.058546170592308,-1.6717005538821263,3.5820532011866613
p514,process,,1,post,post_odor,2.0,0.029017108492553234,0.029017108492553234,0.0009893369860947132,0.057044879999011755,-0.6832360976270175,0.741270314612124
p514,process,,22,post,post_odor,2.0,0.11441431567072868,0.11441431567072868,0.09308412857353687,0.1357445027679205,-0.4276371329649332,0.6564657643063906
p514,process,,10,post,post_odor,1.0,0.0913262665271759,0.0913262665271759,0.0913262665271759,0.0913262665271759,,
p514,process,,30,post,post_odor,2.0,0.15452884137630463,0.15452884137630463,0.14887723326683044,0.1601804494857788,0.010907861921096329,0.2981498208315129
p514,process,,17,post,post_odor,2.0,-6.843917071819305e-05,-6.843917071819305e-05,-0.03000773210078478,0.029870853759348392,-0.7608980104221853,0.7607611320807489
p514,process,,39,post,post_odor,2.0,0.0327166635543108,0.0327166635543108,-0.012237866409122944,0.07767119351774454,-1.109686259513467,1.1751195866220887
p536,process,,39,pre,post_odor,2.0,1.6987091302871704,1.6987091302871704,1.5291799902915955,1.8682382702827454,-2.609434792775624,6.006853053349965
p536,process,,17,pre,post_odor,2.0,1.9007766842842102,1.9007766842842102,1.6102226674556732,2.191330701112747,-5.482900965198467,9.284454333766888
p536,process,,32,pre,post_odor,2.0,3.811811923980713,3.811811923980713,3.7032124996185303,3.9204113483428955,1.0520388836274925,6.571584964333933
p536,process,,30,pre,post_odor,2.0,0.9604035764932632,0.9604035764932632,0.43701644986867905,1.4837907031178474,-12.340124397847049,14.260931550833575
p536,process,,40,pre,post_odor,2.0,1.9350834488868713,1.9350834488868713,1.5507058799266815,2.319461017847061,-7.832876725515687,11.70304362328943
p536,process,,3,pre,post_odor,2.0,1.7179891616106033,1.7179891616106033,1.1054822728037834,2.3304960504174232,-13.84728670138308,17.283265024604287
p536,process,,2,pre,post_odor,2.0,1.6844054758548737,1.6844054758548737,1.1826696246862411,2.186141327023506,-11.065911421000166,14.434722372709913
p536,process,,1,pre,post_odor,2.0,1.088031381368637,1.088031381368637,0.7335974723100662,1.442465290427208,-7.91898824651321,10.095051009250485
p536,process,,4,pre,post_odor,2.0,0.6078529506921768,0.6078529506921768,0.17309322208166122,1.0426126793026924,-10.440439294845739,11.656145196230092
p536,process,,31,pre,post_odor,2.0,1.26482255756855,1.26482255756855,0.7129053995013237,1.8167397156357765,-12.760722258051189,15.290367373188289
p536,process,,21,pre,post_odor,2.0,1.670646071434021,1.670646071434021,1.3866360783576965,1.9546560645103455,-5.546732166860651,8.888024309728692
p536,process,,12,pre,post_odor,2.0,0.5683143641799688,0.5683143641799688,0.3094835439696908,0.8271451843902469,-6.0092004230676626,7.1458291514276
p536,process,,22,pre,post_odor,2.0,1.7967272400856018,1.7967272400856018,1.0992799699306488,2.494174510240555,-15.927088374464347,19.52054285463555
p536,process,,10,pre,post_odor,2.0,-0.0355956107378006,-0.0355956107378006,-0.25453387945890427,0.18334265798330307,-5.59934454464575,5.528153323170149
p536,process,,0,pre,post_odor,2.0,0.8266493678092957,0.8266493678092957,0.7129006683826447,0.9403980672359467,-2.0639791589679537,3.717277894586545
p536,process,,18,pre,post_odor,2.0,0.13769380748271942,0.13769380748271942,-0.16553577035665512,0.44092338532209396,-7.568100388699107,7.843488003664546
p536,process,,12,post,post_odor,2.0,0.2070796862244606,0.2070796862244606,0.20329398289322853,0.21086538955569267,0.11087584303035408,0.3032835294185671
p536,process,,18,post,post_odor,2.0,0.09287596493959427,0.09287596493959427,0.09001782909035683,0.09573410078883171,0.020243846411171343,0.1655080834680172
p536,process,,40,post,post_odor,2.0,0.0625828318297863,0.0625828318297863,0.04985359124839306,0.07531207241117954,-0.26089784209662553,0.38606350575619813
p536,process,,32,post,post_odor,2.0,0.02345337811857462,0.02345337811857462,0.001586021389812231,0.04532073484733701,-0.5322488451506698,0.5791556013878191
p536,process,,31,post,post_odor,2.0,0.0031994129603845067,0.0031994129603845067,0.0017210526966664474,0.004677773224102566,-0.034369283408869244,0.04076810932963826
p536,process,,0,post,post_odor,2.0,-0.09082506597042084,-0.09082506597042084,-0.09480158984661102,-0.08684854209423065,-0.1918781189887398,0.010227987047898138
p536,process,,4,post,post_odor,2.0,-0.1671110987663269,-0.1671110987663269,-0.17483648657798767,-0.15938571095466614,-0.36343181716894746,0.029209619636293677
p536,process,,2,post,post_odor,2.0,-0.08398238848894835,-0.08398238848894835,-0.12458225106820464,-0.04338252590969205,-1.1157227208741245,0.9477579438962278
p536,process,,3,post,post_odor,2.0,0.11537399142980576,0.11537399142980576,0.11205291748046875,0.11869506537914276,0.030977500341301242,0.19977048251831026
p536,process,,21,post,post_odor,2.0,0.23474348336458206,0.23474348336458206,0.19779526814818382,0.2716916985809803,-0.7041996909870204,1.1736866577161846
p536,process,,1,post,post_odor,2.0,0.012015717278700322,0.012015717278700322,0.006363618449540809,0.017667816107859835,-0.13161773254608777,0.15564916710348842
p536,process,,22,post,post_odor,2.0,0.08961316384375095,0.08961316384375095,0.06443070527166128,0.11479562241584063,-0.5503337849106666,0.7295601125981686
p536,process,,10,post,post_odor,1.0,0.15247796475887299,0.15247796475887299,0.15247796475887299,0.15247796475887299,,
p536,process,,30,post,post_odor,2.0,0.03875263873487711,0.03875263873487711,0.022733913268893957,0.05477136420086026,-0.3683217720318375,0.44582704950159174
p536,process,,17,post,post_odor,2.0,-0.002164028584957123,-0.002164028584957123,-0.09270821139216423,0.08838015422224998,-2.3031098774209617,2.2987818202510475
p536,process,,39,post,post_odor,2.0,0.2232091873884201,0.2232091873884201,0.183890201151371,0.2625281736254692,-0.7759809909051416,1.2223993656819818
p558,process,,39,pre,post_odor,2.0,1.3973161280155182,1.3973161280155182,1.1560444086790085,1.638587847352028,-4.733979597861624,7.52861185389266
p558,process,,17,pre,post_odor,2.0,1.0164451897144318,1.0164451897144318,0.6416569203138351,1.3912334591150284,-8.507827777726723,10.540718157155586
p558,process,,32,pre,post_odor,2.0,1.7100825309753418,1.7100825309753418,1.6820722222328186,1.738092839717865,0.9982730957634145,2.4218919661872693
p558,process,,30,pre,post_odor,2.0,0.4156747795641422,0.4156747795641422,0.24898909591138363,0.5823604632169008,-3.8202100665982544,4.651559625726539
p558,process,,40,pre,post_odor,2.0,1.1395001411437988,1.1395001411437988,0.8230106234550476,1.45598965883255,-6.903261076069111,9.182261358356708
p558,process,,3,pre,post_odor,2.0,1.302410289645195,1.302410289645195,0.8254460170865059,1.7793745622038841,-10.818401108297472,13.423221687587862
p558,process,,2,pre,post_odor,2.0,1.4711109697818756,1.4711109697818756,0.9175281375646591,2.024693801999092,-12.596762639384918,15.53898457894867
p558,process,,1,pre,post_odor,2.0,0.22263295948505402,0.22263295948505402,-0.09178385883569717,0.5370497778058052,-7.767455972675159,8.212721891645266
p558,process,,4,pre,post_odor,2.0,0.9400823414325714,0.9400823414325714,0.22075919806957245,1.6594054847955704,-17.33965192064544,19.219816603510584
p558,process,,31,pre,post_odor,2.0,0.720438290387392,0.720438290387392,0.30331279151141644,1.1375637892633677,-9.879725688406912,11.320602269181697
p558,process,,21,pre,post_odor,2.0,1.2393532991409302,1.2393532991409302,0.9363555312156677,1.5423510670661926,-6.460550048583731,8.93925664686559
p558,process,,12,pre,post_odor,2.0,0.4388728439807892,0.4388728439807892,0.018924281001091003,0.8588214069604874,-10.233031995784007,11.110777683745585
p558,process,,22,pre,post_odor,2.0,1.2653588354587555,1.2653588354587555,0.9546322673559189,1.576085403561592,-6.630951947108387,9.161669618025897
p558,process,,10,pre,post_odor,2.0,-0.17925867438316345,-0.17925867438316345,-0.6030242294073105,0.24450688064098358,-10.948162478934194,10.589645130167867
p558,process,,0,pre,post_odor,2.0,0.2699777390807867,0.2699777390807867,0.12098260316997766,0.41897287499159575,-3.5163476640730416,4.056303142234615
p558,process,,18,pre,post_odor,2.0,0.37412410974502563,0.37412410974502563,-0.00283166766166687,0.7510798871517181,-9.205230458681633,9.953478678171685
p558,process,,12,post,post_odor,2.0,0.05429798364639282,0.05429798364639282,-0.04493819177150726,0.1535341590642929,-2.4675323405431766,2.5761283078359623
p558,process,,18,post,post_odor,2.0,0.00947563536465168,0.00947563536465168,-0.004326728172600269,0.02327799890190363,-0.3412756785302195,0.36022694925952287
p558,process,,40,post,post_odor,2.0,0.08872910984791815,0.08872910984791815,0.043672638363204896,0.1337855813326314,-1.056264392900849,1.2337226125966854
p558,process,,32,post,post_odor,2.0,-0.005970379337668419,-0.005970379337668419,-0.03414859715849161,0.022207838483154774,-0.7220467888014801,0.7101060301261433
p558,process,,31,post,post_odor,2.0,0.053191081853583455,0.053191081853583455,0.025818893569521606,0.0805632701376453,-0.6424021749752408,0.7487843386824077
p558,process,,0,post,post_odor,2.0,0.17039112001657486,0.17039112001657486,0.15181023254990578,0.18897200748324394,-0.30179400064606454,0.6425762406792143
p558,process,,4,post,post_odor,2.0,0.004556055413559079,0.004556055413559079,-0.001189311151392758,0.010301421978510916,-0.14144755230374242,0.15055966313086058
p558,process,,2,post,post_odor,2.0,0.08353121764957905,0.08353121764957905,0.05476582329720259,0.11229661200195551,-0.6474667622666181,0.8145291975657762
p558,process,,3,post,post_odor,2.0,0.06971802935004234,0.06971802935004234,0.06419664062559605,0.07523941807448864,-0.07059376177159984,0.21002982047168453
p558,process,,21,post,post_odor,2.0,0.09209178869787138,0.09209178869787138,0.04617353506182553,0.13801004233391723,-1.0748016749565217,1.2589852523522644
p558,process,,1,post,post_odor,2.0,0.041483101435005665,0.041483101435005665,0.03509424393996596,0.047871958930045366,-0.12087316128943162,0.20383936415944295
p558,process,,22,post,post_odor,2.0,-0.07969856262207031,-0.07969856262207031,-0.19187113642692566,0.032474011182785034,-2.9302739397183872,2.7708768144742466
p558,process,,10,post,post_odor,1.0,-0.0326516218483448,-0.0326516218483448,-0.0326516218483448,-0.0326516218483448,,
p558,process,,30,post,post_odor,2.0,-0.09782663953956217,-0.09782663953956217,-0.14511368161765859,-0.050539597461465746,-1.2995043155643635,1.1038510364852392
p558,process,,17,post,post_odor,2.0,0.013068336993455887,0.013068336993455887,-0.012653840705752373,0.038790514692664146,-0.6405941752193582,0.66673084920627
p558,process,,39,post,post_odor,2.0,0.016630083322525024,0.016630083322525024,-0.007329657673835754,0.0405898243188858,-0.5922446657284315,0.6255048323734815
p581,process,,39,pre,post_odor,2.0,2.199039340019226,2.199039340019226,1.3592594265937805,3.0388192534446716,-19.141791686602314,23.539870366640766
p581,process,,17,pre,post_odor,2.0,1.5305181741714478,1.5305181741714478,1.4341712594032288,1.6268650889396667,-0.9178890753160798,3.9789254236589753
p581,process,,32,pre,post_odor,2.0,4.47070837020874,4.47070837020874,4.286639213562012,4.654777526855469,-0.2069324097279468,9.148349150145428
p581,process,,30,pre,post_odor,2.0,1.026782065629959,1.026782065629959,0.6171541661024094,1.4364099651575089,-9.382849848462529,11.436413979722447
p581,process,,40,pre,post_odor,2.0,0.8895265758037567,0.8895265758037567,0.8173679262399673,0.9616852253675461,-0.9441985738830239,2.7232517254905373
p581,process,,3,pre,post_odor,2.0,2.322613298892975,2.322613298892975,1.8606906831264496,2.7845359146595,-9.415953357504677,14.061179955290626
p581,process,,2,pre,post_odor,2.0,1.8278968185186386,1.8278968185186386,1.0720412507653236,2.5837523862719536,-17.380214371183726,21.036008008221003
p581,process,,1,pre,post_odor,2.0,0.5727357864379883,0.5727357864379883,0.07839059829711914,1.0670809745788574,-11.989766555283374,13.13523812815935
p581,process,,4,pre,post_odor,2.0,0.17115232348442078,0.17115232348442078,-0.07036738097667694,0.4126720279455185,-5.966445301921803,6.308749948890645
p581,process,,31,pre,post_odor,2.0,3.8876317739486694,3.8876317739486694,3.4217835068702698,4.353480041027069,-7.950695141032,15.725958688929339
p581,process,,21,pre,post_odor,2.0,1.9999632239341736,1.9999632239341736,1.879737764596939,2.120188683271408,-1.05525537774492,5.055181825613268
p581,process,,12,pre,post_odor,2.0,1.197940319776535,1.197940319776535,0.9771999269723892,1.4186807125806808,-4.411604929249664,6.8074855688027345
p581,process,,22,pre,post_odor,2.0,2.5441858768463135,2.5441858768463135,2.0685243606567383,3.0198473930358887,-9.543519342801718,14.631891096494344
p581,process,,10,pre,post_odor,2.0,-0.22231370583176613,-0.22231370583176613,-0.3219641465693712,-0.12266326509416103,-2.754671509955873,2.310044098292341
p581,process,,0,pre,post_odor,2.0,-0.15280499681830406,-0.15280499681830406,-0.27861796133220196,-0.026992032304406166,-3.3500155679756403,3.044405574339032
p581,process,,18,pre,post_odor,2.0,0.4788808524608612,0.4788808524608612,0.4456484168767929,0.5121132880449295,-0.3656354083649569,1.3233971132866793
p581,process,,12,post,post_odor,2.0,0.045737216249108315,0.045737216249108315,-0.004236289300024509,0.09571072179824114,-1.2242099695341793,1.315684402032396
p581,process,,18,post,post_odor,2.0,0.17062421888113022,0.17062421888113022,0.16571907326579094,0.1755293644964695,0.045972649982629246,0.2952757877796312
p581,process,,40,post,post_odor,2.0,0.09014763683080673,0.09014763683080673,0.08357691019773483,0.09671836346387863,-0.07683035889968798,0.25712563256130144
p581,process,,32,post,post_odor,2.0,0.16381046921014786,0.16381046921014786,0.15714140608906746,0.17047953233122826,-0.005666493619691626,0.33328743203998734
p581,process,,31,post,post_odor,2.0,0.1528974249958992,0.1528974249958992,0.13161935284733772,0.17417549714446068,-0.3878296572255381,0.6936245072173365
p581,process,,0,post,post_odor,2.0,-0.06884089671075344,-0.06884089671075344,-0.08918145205825567,-0.04850034136325121,-0.5857434180964661,0.44806162467495925
p581,process,,4,post,post_odor,2.0,-0.007648460566997528,-0.007648460566997528,-0.03863022103905678,0.023333299905061722,-0.7949696438572159,0.7796727227232209
p581,process,,2,post,post_odor,2.0,0.012006975710391998,0.012006975710391998,-0.011263595893979073,0.03527754731476307,-0.579354318555512,0.603368269976296
p581,process,,3,post,post_odor,2.0,0.01578933373093605,0.01578933373093605,-0.04208521731197834,0.07366388477385044,-1.4549424553999897,1.4865211228618618
p581,process,,21,post,post_odor,2.0,0.7874448597431183,0.7874448597431183,0.6624585837125778,0.9124311357736588,-2.388757565169063,3.9636472846552997
p581,process,,1,post,post_odor,2.0,0.06014977488666773,0.06014977488666773,0.04475970705971122,0.07553984271362424,-0.33094893053918145,0.4512484803125169
p581,process,,22,post,post_odor,2.0,0.12008785083889961,0.12008785083889961,0.1104737650603056,0.12970193661749363,-0.12422923366902253,0.3644049353468217
p581,process,,10,post,post_odor,1.0,0.039657171815633774,0.039657171815633774,0.039657171815633774,0.039657171815633774,,
p581,process,,30,post,post_odor,2.0,0.07495569065213203,0.07495569065213203,0.07211858220398426,0.07779279910027981,0.0028579290503390753,0.147053452253925
p581,process,,17,post,post_odor,2.0,0.10238540358841419,0.10238540358841419,0.07581597100943327,0.12895483616739511,-0.572807896556629,0.7775787037334574
p581,process,,39,post,post_odor,2.0,0.07448840327560902,0.07448840327560902,0.06684214528650045,0.08213466126471758,-0.11982143567484058,0.26879824222605864
p603,process,,39,pre,post_odor,2.0,0.526712205260992,0.526712205260992,0.24526874162256718,0.8081556688994169,-6.625444336034936,7.67886874655692
p603,process,,17,pre,post_odor,2.0,0.7788283377885818,0.7788283377885818,0.568129651248455,0.9895270243287086,-4.575532959855311,6.133189635432474
p603,process,,32,pre,post_odor,2.0,0.7754459492862225,0.7754459492862225,0.40615387447178364,1.1447380241006613,-8.609155470791782,10.160047369364227
p603,process,,30,pre,post_odor,2.0,0.7645372152328491,0.7645372152328491,0.5736010074615479,0.9554734230041504,-4.087611879749037,5.616686310214735
p603,process,,40,pre,post_odor,2.0,0.45298343896865845,0.45298343896865845,0.44514574110507965,0.46082113683223724,0.2538086515388361,0.6521582263984809
p603,process,,3,pre,post_odor,2.0,0.48561992682516575,0.48561992682516575,0.25412688311189413,0.7171129705384374,-5.397176090016968,6.3684159436673
p603,process,,2,pre,post_odor,2.0,0.5398442335426807,0.5398442335426807,0.32184588722884655,0.7578425798565149,-5.000019007279501,6.079707474364863
p603,process,,1,pre,post_odor,2.0,0.4855850785970688,0.4855850785970688,0.38774100691080093,0.5834291502833366,-2.000868535536277,2.9720386927304148
p603,process,,4,pre,post_odor,2.0,0.2519090324640274,0.2519090324640274,-0.05516425520181656,0.5589823201298714,-7.551563091720935,8.05538115664899
p603,process,,31,pre,post_odor,2.0,0.8689020574092865,0.8689020574092865,0.7651115208864212,0.9726925939321518,-1.7686655560646005,3.5064696708831735
p603,process,,21,pre,post_odor,2.0,0.1288769617676735,0.1288769617676735,-0.056171122938394547,0.31392504647374153,-4.573640738856922,4.831394662392269
p603,process,,12,pre,post_odor,2.0,0.25031667947769165,0.25031667947769165,-0.14895978569984436,0.6495931446552277,-9.896260346286104,10.396893705241487
p603,process,,22,pre,post_odor,2.0,0.7364886626601219,0.7364886626601219,0.4314410127699375,1.0415363125503063,-7.01550712492712,8.488484450247363
p603,process,,10,pre,post_odor,2.0,0.0660959929227829,0.0660959929227829,-0.09867504984140396,0.23086703568696976,-4.121133214986725,4.253325200832291
p603,process,,0,pre,post_odor,2.0,0.2653064578771591,0.2653064578771591,0.21604939550161362,0.3145635202527046,-0.9864341806152579,1.5170470963695761
p603,process,,18,pre,post_odor,2.0,0.1163226068019867,0.1163226068019867,-0.023130029439926147,0.25577524304389954,-3.427504887376093,3.6601501009800663
p603,process,,12,post,post_odor,2.0,0.04886408522725105,0.04886408522725105,-0.03441661037504673,0.13214478082954884,-2.067499052560427,2.165227223014929
p603,process,,18,post,post_odor,2.0,-0.003972453996539116,-0.003972453996539116,-0.033755539916455746,0.025810631923377514,-0.7608324287436242,0.752887520750546
p603,process,,40,post,post_odor,2.0,0.026238616788759828,0.026238616788759828,0.013890628120861948,0.03858660545665771,-0.2875535273997912,0.34003076097731083
p603,process,,32,post,post_odor,2.0,0.6029205322265625,0.6029205322265625,0.4404114782810211,0.7654295861721039,-3.5268260896016512,4.732667154054776
p603,process,,31,post,post_odor,2.0,0.4657120704650879,0.4657120704650879,0.45588764548301697,0.4755364954471588,0.2160497599903228,0.715374380939853
p603,process,,0,post,post_odor,2.0,-0.026705569587647915,-0.026705569587647915,-0.0537129114381969,0.00030177226290106773,-0.7130271994535169,0.6596160602782211
p603,process,,4,post,post_odor,2.0,-0.012721589067950845,-0.012721589067950845,-0.016840998199768364,-0.008602179936133325,-0.11740570070983293,0.09196252257393124
p603,process,,2,post,post_odor,2.0,0.032716154120862484,0.032716154120862484,0.028619271237403154,0.036813037004321814,-0.07139551127386544,0.13682781951559042
p603,process,,3,post,post_odor,2.0,-0.03201693668961525,-0.03201693668961525,-0.0799421314150095,0.015908258035779,-1.2499116090934128,1.1858777357141823
p603,process,,21,post,post_odor,2.0,0.24551666527986526,0.24551666527986526,0.24485358968377113,0.2461797408759594,0.22866631672079904,0.26236701383893146
p603,process,,1,post,post_odor,2.0,0.047659751027822495,0.047659751027822495,0.02839062549173832,0.06692887656390667,-0.4420151572692524,0.5373346593248973
p603,process,,22,post,post_odor,2.0,0.03982728347182274,0.03982728347182274,-0.032447440549731255,0.11210200749337673,-1.7968475978649534,1.8765021648085989
p603,process,,10,post,post_odor,1.0,-0.18211932480335236,-0.18211932480335236,-0.18211932480335236,-0.18211932480335236,,
p603,process,,30,post,post_odor,2.0,0.12546703219413757,0.12546703219413757,0.08618813753128052,0.16474592685699463,-0.8727043225996649,1.12363838698794
p603,process,,17,post,post_odor,2.0,-0.035074565559625626,-0.035074565559625626,-0.07778078131377697,0.007631650194525719,-1.120342407318618,1.0501932761993666
p603,process,,39,post,post_odor,2.0,-0.019088149070739746,-0.019088149070739746,-0.06385251879692078,0.025676220655441284,-1.1566586423240928,1.1184823441826133
p625,process,,39,pre,post_odor,2.0,1.0688743889331818,1.0688743889331818,0.9177874177694321,1.2199613600969315,-2.770609588217069,4.908358366083433
p625,process,,17,pre,post_odor,2.0,1.4270229190587997,1.4270229190587997,0.9505630508065224,1.9034827873110771,-10.680970350109716,13.535016188227315
p625,process,,32,pre,post_odor,2.0,2.1346715688705444,2.1346715688705444,2.077174484729767,2.192168653011322,0.6735321232189784,3.5958110145221105
p625,process,,30,pre,post_odor,2.0,0.4865156263113022,0.4865156263113022,0.353188194334507,0.6198430582880974,-2.901655668979827,3.8746869216024313
p625,process,,40,pre,post_odor,2.0,1.1712088286876678,1.1712088286876678,0.8731632381677628,1.469254419207573,-6.402847759032334,8.745265416407669
p625,process,,3,pre,post_odor,2.0,1.865475356578827,1.865475356578827,1.4993977844715118,2.231552928686142,-7.4374378044557705,11.168388517613424
p625,process,,2,pre,post_odor,2.0,1.1619025766849518,1.1619025766849518,0.89018814265728,1.4336170107126236,-5.743015880373907,8.06682103374381
p625,process,,1,pre,post_odor,2.0,0.5420136153697968,0.5420136153697968,0.5104457288980484,0.5735815018415451,-0.2602024418269112,1.3442296725665046
p625,process,,4,pre,post_odor,2.0,0.6812356859445572,0.6812356859445572,0.12888958305120468,1.2335817888379097,-13.355209651237743,14.717681023126858
p625,process,,31,pre,post_odor,2.0,1.1744788587093353,1.1744788587093353,0.7924350649118423,1.5565226525068283,-8.534174465642371,10.883132183061042
p625,process,,21,pre,post_odor,2.0,1.2482207119464874,1.2482207119464874,0.8986794799566269,1.597761943936348,-7.634464202849317,10.130905626742292
p625,process,,12,pre,post_odor,2.0,0.7066757157444954,0.7066757157444954,0.45410023257136345,0.9592511989176273,-5.711875885327625,7.125227316816615
p625,process,,22,pre,post_odor,2.0,1.0423711016774178,1.0423711016774178,0.5808057598769665,1.503936443477869,-10.687116362400552,12.771858565755387
p625,process,,10,pre,post_odor,2.0,-0.14511191844940186,-0.14511191844940186,-0.3258620798587799,0.035638242959976196,-4.738409032377762,4.448185195478958
p625,process,,0,pre,post_odor,2.0,0.3222944848239422,0.3222944848239422,0.11635630019009113,0.5282326694577932,-4.911090989083771,5.555679958731655
p625,process,,18,pre,post_odor,2.0,0.644203394651413,0.644203394651413,0.46296288073062897,0.825443908572197,-3.961554758082589,5.249961547385415
p625,process,,12,post,post_odor,2.0,-0.0033678365871310234,-0.0033678365871310234,-0.016973817255347967,0.01023814408108592,-0.3491285886007299,0.3423929154264679
p625,process,,18,post,post_odor,2.0,0.21773649752140045,0.21773649752140045,0.19953610748052597,0.23593688756227493,-0.2447792667537717,0.6802522617965726
p625,process,,40,post,post_odor,2.0,0.18926758971065283,0.18926758971065283,0.08631069073453546,0.2922244886867702,-2.4271152850737514,2.805650464495057
p625,process,,32,post,post_odor,2.0,0.09186822175979614,0.09186822175979614,0.06817106157541275,0.11556538194417953,-0.510333716177609,0.6940701596972013
p625,process,,31,post,post_odor,2.0,0.1557013876736164,0.1557013876736164,0.11169571988284588,0.19970705546438694,-0.9625886613296208,1.2739914366768537
p625,process,,0,post,post_odor,2.0,0.1353103220462799,0.1353103220462799,0.13285589963197708,0.13776474446058273,0.07293753463590412,0.19768310945665568
p625,process,,4,post,post_odor,2.0,0.008622147142887115,0.008622147142887115,-0.038120388984680176,0.05536468327045441,-1.1792183207069373,1.1964626149927116
p625,process,,2,post,post_odor,2.0,-0.08915430679917336,-0.08915430679917336,-0.10678440891206264,-0.07152420468628407,-0.537177680731248,0.3588690671329014
p625,process,,3,post,post_odor,2.0,-0.06487483531236649,-0.06487483531236649,-0.1453612931072712,0.015611622482538223,-2.110229657775452,1.9804799871507188
p625,process,,21,post,post_odor,2.0,0.17403466440737247,0.17403466440737247,0.1148326089605689,0.23323671985417604,-1.3304322102115322,1.6785015390262772
p625,process,,1,post,post_odor,2.0,0.018945783376693726,0.018945783376693726,-0.10031174123287201,0.13820330798625946,-3.0116752646603744,3.049566831413762
p625,process,,22,post,post_odor,2.0,0.26160696148872375,0.26160696148872375,0.24227571487426758,0.28093820810317993,-0.22964659308880442,0.7528605160662519
p625,process,,10,post,post_odor,1.0,0.1829051822423935,0.1829051822423935,0.1829051822423935,0.1829051822423935,,
p625,process,,30,post,post_odor,2.0,-0.06847436167299747,-0.06847436167299747,-0.11938936728984118,-0.017559356056153774,-1.3623473326951987,1.2253986093492037
p625,process,,17,post,post_odor,2.0,0.041127271950244904,0.041127271950244904,-0.06500907614827156,0.14726362004876137,-2.6560530658290666,2.7383076097295564
p625,process,,39,post,post_odor,2.0,0.042885308153927326,0.042885308153927326,0.020424663554877043,0.06534595275297761,-0.5278937894100512,0.6136644057179058
p648,process,,39,pre,post_odor,2.0,1.0181625336408615,1.0181625336408615,0.681816466152668,1.354508601129055,-7.529201457783573,9.565526525065296
p648,process,,17,pre,post_odor,2.0,1.2406271249055862,1.2406271249055862,0.7725692912936211,1.7086849585175514,-10.65385019958245,13.135104449393623
p648,process,,32,pre,post_odor,2.0,1.4464990496635437,1.4464990496635437,1.4432486593723297,1.4497494399547577,1.3638988006382649,1.5290992986888226
p648,process,,30,pre,post_odor,2.0,0.37878821790218353,0.37878821790218353,0.3226482942700386,0.43492814153432846,-1.0478625091843075,1.8054389449886745
p648,process,,40,pre,post_odor,2.0,0.5940624950453639,0.5940624950453639,0.3080502268858254,0.8800747632049024,-6.674198377540225,7.862323367630953
p648,process,,3,pre,post_odor,2.0,1.5460329949855804,1.5460329949855804,1.2504547983407974,1.8416111916303635,-5.965321169250254,9.057387159221415
p648,process,,2,pre,post_odor,2.0,1.0214797407388687,1.0214797407388687,0.7561450228095055,1.286814458668232,-5.721314758512434,7.764274239990171
p648,process,,1,pre,post_odor,2.0,0.6452386975288391,0.6452386975288391,0.5421498715877533,0.7483275234699249,-1.9744967593097873,3.2649741543674655
p648,process,,4,pre,post_odor,2.0,0.8941481560468674,0.8941481560468674,0.29778773337602615,1.4905085787177086,-14.260807097967902,16.049103410061637
p648,process,,31,pre,post_odor,2.0,1.1048665642738342,1.1048665642738342,0.7847813665866852,1.4249517619609833,-7.029269545389898,9.239002673937566
p648,process,,21,pre,post_odor,2.0,0.9354039132595062,0.9354039132595062,0.7604698687791824,1.11033795773983,-3.5100916557286634,5.380899482247676
p648,process,,12,pre,post_odor,2.0,0.489712193608284,0.489712193608284,0.1810561940073967,0.7983681932091713,-7.3539804543467735,8.333404841563341
p648,process,,22,pre,post_odor,2.0,1.1235423013567924,1.1235423013567924,0.6462205536663532,1.6008640490472317,-11.006353401010088,13.253438003723673
p648,process,,10,pre,post_odor,2.0,0.17466141283512115,0.17466141283512115,-0.08222586661577225,0.43154869228601456,-6.353463320808827,6.7027861464790695
p648,process,,0,pre,post_odor,2.0,0.47938576340675354,0.47938576340675354,0.3920048326253891,0.566766694188118,-1.7411742296842982,2.6999457564978053
p648,process,,18,pre,post_odor,2.0,0.2972521334886551,0.2972521334886551,-0.07031715661287308,0.6648214235901833,-9.04356917603216,9.63807344300947
p648,process,,12,post,post_odor,2.0,0.0429449612274766,0.0429449612274766,0.036555788945406675,0.04933413350954652,-0.11941930099386924,0.20530922344882244
p648,process,,18,post,post_odor,2.0,-0.004484070464968681,-0.004484070464968681,-0.018045163713395596,0.009077022783458233,-0.3491041249867061,0.34013598405676876
p648,process,,40,post,post_odor,2.0,0.02897152374498546,0.02897152374498546,0.016979762469418347,0.040963285020552576,-0.27576802408438883,0.33371107157435975
p648,process,,32,post,post_odor,2.0,-0.013067752355709672,-0.013067752355709672,-0.02323976915795356,-0.0028957355534657836,-0.2715632084939493,0.24542770378252998
p648,process,,31,post,post_odor,2.0,0.006558334920555353,0.006558334920555353,-0.002598992781713605,0.01571566262282431,-0.22615142632199173,0.23926809616310243
p648,process,,0,post,post_odor,2.0,-0.038265686482191086,-0.038265686482191086,-0.05269128270447254,-0.02384009025990963,-0.40485484456558385,0.3283234716012017
p648,process,,4,post,post_odor,2.0,0.04499765858054161,0.04499765858054161,0.037729477509856224,0.052265839651227,-0.1397043349068942,0.22969965206797743
p648,process,,2,post,post_odor,2.0,-0.031286838464438915,-0.031286838464438915,-0.0396783328615129,-0.02289534406736493,-0.24453493016780864,0.1819612532389308
p648,process,,3,post,post_odor,2.0,-0.014176373835653067,-0.014176373835653067,-0.027628668351098895,-0.0007240793202072382,-0.35603159040480237,0.32767884273349623
p648,process,,21,post,post_odor,2.0,0.022451160475611687,0.022451160475611687,0.005855330266058445,0.03904699068516493,-0.39928887234314114,0.4441911932943645
p648,process,,1,post,post_odor,2.0,-0.07337088324129581,-0.07337088324129581,-0.07896365690976381,-0.06777810957282782,-0.2154967377905782,0.06875497130798658
p648,process,,22,post,post_odor,2.0,-0.03229707619175315,-0.03229707619175315,-0.04697549040429294,-0.017618661979213357,-0.40531094856556726,0.34071679618206097
p648,process,,10,post,post_odor,1.0,0.05632718279957771,0.05632718279957771,0.05632718279957771,0.05632718279957771,,
p648,process,,30,post,post_odor,2.0,-0.007878897711634636,-0.007878897711634636,-0.03183986712247133,0.01608207169920206,-0.616784863734255,0.6010270683109857
p648,process,,17,post,post_odor,2.0,0.02146259695291519,0.02146259695291519,-0.038093384355306625,0.08101857826113701,-1.491998386579204,1.5349235804850343
p648,process,,39,post,post_odor,2.0,0.0682792104780674,0.0682792104780674,-0.004482978954911232,0.14104139991104603,-1.780783341497439,1.9173417624535738
p670,process,,39,pre,post_odor,2.0,1.4084538519382477,1.4084538519382477,1.1604673117399216,1.6564403921365738,-4.893481651212847,7.710389355089342
p670,process,,17,pre,post_odor,2.0,2.768286406993866,2.768286406993866,2.0317035019397736,3.5048693120479584,-15.950059986573383,21.486632800561114
p670,process,,32,pre,post_odor,2.0,1.9455032348632812,1.9455032348632812,1.7385988235473633,2.152407646179199,-3.3124363871322267,7.203442856858789
p670,process,,30,pre,post_odor,2.0,1.566707819700241,1.566707819700241,1.168747141957283,1.9646684974431992,-8.546431876997488,11.67984751639797
p670,process,,40,pre,post_odor,2.0,1.4098450243473053,1.4098450243473053,1.0193312019109726,1.800358846783638,-8.514052136017122,11.333742184711733
p670,process,,3,pre,post_odor,2.0,1.9844340085983276,1.9844340085983276,1.3146793246269226,2.6541886925697327,-15.035646266506976,19.00451428370363
p670,process,,2,pre,post_odor,2.0,1.651332050561905,1.651332050561905,1.1340906471014023,2.1685734540224075,-11.493018290229061,14.795682391352871
p670,process,,1,pre,post_odor,2.0,1.0664936257526278,1.0664936257526278,0.5226767589338124,1.6103104925714433,-12.753203271817204,14.88619052332246
p670,process,,4,pre,post_odor,2.0,0.8327325880527496,0.8327325880527496,0.02811489999294281,1.6373502761125565,-19.61454156961815,21.28000674572365
p670,process,,31,pre,post_odor,2.0,3.4310381412506104,3.4310381412506104,3.30576491355896,3.5563113689422607,0.24754358322753234,6.614532699273688
p670,process,,21,pre,post_odor,2.0,1.9686751961708069,1.9686751961708069,1.9358581006526947,2.001492291688919,1.1347137271713383,2.8026366651702754
p670,process,,12,pre,post_odor,2.0,1.4547333270311356,1.4547333270311356,0.911721758544445,1.997744895517826,-12.344498999575338,15.253965653637609
p670,process,,22,pre,post_odor,2.0,2.525482952594757,2.525482952594757,1.9709703624248505,3.0799955427646637,-11.566018046375973,16.616983951565487
p670,process,,10,pre,post_odor,2.0,0.3939222991466522,0.3939222991466522,-0.28862403333187103,1.0764686316251755,-16.951224585647903,17.739069183941208
p670,process,,0,pre,post_odor,2.0,0.9515216052532196,0.9515216052532196,0.8455826789140701,1.057460531592369,-1.7406417699383065,3.6436849804447458
p670,process,,18,pre,post_odor,2.0,1.6476456820964813,1.6476456820964813,1.2968971282243729,1.9983942359685898,-7.265720190735937,10.5610115549289
p670,process,,12,post,post_odor,2.0,0.16203174367547035,0.16203174367547035,0.12143236212432384,0.20263112522661686,-0.8696963646264122,1.193759851977353
p670,process,,18,post,post_odor,2.0,0.5130046010017395,0.5130046010017395,0.44163963198661804,0.584369570016861,-1.3005512135920534,2.3265604155955324
p670,process,,40,post,post_odor,2.0,-0.03993426635861397,-0.03993426635861397,-0.042996084317564964,-0.03687244839966297,-0.11774243806126973,0.037873905344041794
p670,process,,32,post,post_odor,2.0,0.044527214020490646,0.044527214020490646,0.0033845845609903336,0.08566984347999096,-1.001006132573476,1.0900605606144573
p670,process,,31,post,post_odor,2.0,-0.013915739953517914,-0.013915739953517914,-0.039738450199365616,0.011906970292329788,-0.6701330264068317,0.6423015464997959
p670,process,,0,post,post_odor,2.0,0.10698612406849861,0.10698612406849861,0.09748011641204357,0.11649213172495365,-0.13458443494462527,0.34855668308162246
p670,process,,4,post,post_odor,2.0,0.2069213418290019,0.2069213418290019,0.11192006291821599,0.3019226207397878,-2.20729005824876,2.621132741906764
p670,process,,2,post,post_odor,2.0,0.1140936128795147,0.1140936128795147,0.10910062678158283,0.11908659897744656,-0.012790194330877774,0.24097742008990716
p670,process,,3,post,post_odor,2.0,0.09883450530469418,0.09883450530469418,0.03341235313564539,0.16425665747374296,-1.563700014177524,1.7613690247869123
p670,process,,21,post,post_odor,2.0,2.905704140663147,2.905704140663147,2.833602726459503,2.9778055548667908,1.073433479384683,4.737974801941611
p670,process,,1,post,post_odor,2.0,0.02706796396523714,0.02706796396523714,0.006320457439869642,0.04781547049060464,-0.5001761673876426,0.5543120953181169
p670,process,,22,post,post_odor,2.0,0.07474465668201447,0.07474465668201447,0.05029219761490822,0.09919711574912071,-0.546651245737152,0.6961405591011809
p670,process,,10,post,post_odor,1.0,0.15525123476982117,0.15525123476982117,0.15525123476982117,0.15525123476982117,,
p670,process,,30,post,post_odor,2.0,0.3810231536626816,0.3810231536626816,0.3253088667988777,0.43673744052648544,-1.0348111175802388,1.796857424905602
p670,process,,17,post,post_odor,2.0,0.28490155190229416,0.28490155190229416,0.2629280127584934,0.3068750910460949,-0.2734990223766677,0.843302126181256
p670,process,,39,post,post_odor,2.0,0.031135067343711853,0.031135067343711853,0.025639774277806282,0.036630360409617424,-0.10851357021764277,0.17078370490506647
p692,process,,39,pre,post_odor,2.0,0.328528493642807,0.328528493642807,0.23371510207653046,0.42334188520908356,-2.0809082363016103,2.7379652235872243
p692,process,,17,pre,post_odor,2.0,0.4116007313132286,0.4116007313132286,0.293743584305048,0.5294578783214092,-2.5834333477015345,3.4066348103279918
p692,process,,32,pre,post_odor,2.0,0.8403837531805038,0.8403837531805038,0.6305336728692055,1.0502338334918022,-4.492412415495614,6.1731799218566215
p692,process,,30,pre,post_odor,2.0,0.05428127944469452,0.05428127944469452,0.051030686125159264,0.057531872764229774,-0.02832412901941883,0.13688668790880787
p692,process,,40,pre,post_odor,2.0,0.03784532845020294,0.03784532845020294,-0.03550633788108826,0.11119699478149414,-1.8261972518397132,1.901887908740119
p692,process,,3,pre,post_odor,2.0,0.6338768377900124,0.6338768377900124,0.4114450179040432,0.8563086576759815,-5.018651648832103,6.286405324412128
p692,process,,2,pre,post_odor,2.0,0.08152125030755997,0.08152125030755997,-0.06942539289593697,0.2324678935110569,-3.754396655256328,3.917439155871448
p692,process,,1,pre,post_odor,2.0,0.04448655806481838,0.04448655806481838,0.03972109314054251,0.04925202298909426,-0.07661538791699862,0.1655885040466354
p692,process,,4,pre,post_odor,2.0,0.3306161165237427,0.3306161165237427,-0.1341572403907776,0.7953894734382629,-11.480394741226434,12.141626974273919
p692,process,,31,pre,post_odor,2.0,0.5023358464241028,0.5023358464241028,0.41940030455589294,0.5852713882923126,-1.6052561033420223,2.609927796190228
p692,process,,21,pre,post_odor,2.0,-0.2526834534946829,-0.2526834534946829,-0.3761030697496608,-0.12926383723970503,-3.389073278686409,2.883706371697043
p692,process,,12,pre,post_odor,2.0,-0.066073477268219,-0.066073477268219,-0.17324724793434143,0.04110029339790344,-2.7896172221313895,2.6574702675949515
p692,process,,22,pre,post_odor,2.0,0.036152541637420654,0.036152541637420654,-0.08568812906742096,0.15799321234226227,-3.0601124726996987,3.13241755597454
p692,process,,10,pre,post_odor,2.0,0.07782115042209625,0.07782115042209625,0.001884371042251587,0.15375792980194092,-1.8519153811899738,2.0075576820341663
p692,process,,0,pre,post_odor,2.0,0.47538647428154945,0.47538647428154945,0.24866925738751888,0.70210369117558,-5.286044275861003,6.236817224424102
p692,process,,18,pre,post_odor,2.0,0.20572567731142044,0.20572567731142044,0.14954103156924248,0.2619103230535984,-1.2220615463476974,1.6335129009705383
p692,process,,12,post,post_odor,2.0,0.1762293204665184,0.1762293204665184,0.1662144474685192,0.1862441934645176,-0.07827273297221232,0.4307313739052491
p692,process,,18,post,post_odor,2.0,0.3259199634194374,0.3259199634194374,0.23259058222174644,0.41924934461712837,-2.045804487377271,2.6976444142161458
p692,process,,40,post,post_odor,2.0,-0.058788126334547997,-0.058788126334547997,-0.06261553149670362,-0.05496072117239237,-0.15605171353183062,0.03847546086273462
p692,process,,32,post,post_odor,2.0,0.24946950376033783,0.24946950376033783,0.21408701688051224,0.2848519906401634,-0.64968474097982,1.1486237485004955
p692,process,,31,post,post_odor,2.0,0.009189724922180176,0.009189724922180176,-0.0305938720703125,0.04897332191467285,-1.0018073321339713,1.0201867819783317
p692,process,,0,post,post_odor,2.0,0.051258355379104614,0.051258355379104614,-0.009414002299308777,0.111930713057518,-1.4905724415975778,1.593089152355787
p692,process,,4,post,post_odor,2.0,-0.1003615502268076,-0.1003615502268076,-0.13505154568701982,-0.06567155476659536,-0.981917919455662,0.7811948190020468
p692,process,,2,post,post_odor,2.0,-0.0019715894013643265,-0.0019715894013643265,-0.019173947162926197,0.015230768360197544,-0.4391249487280222,0.43518176992529356
p692,process,,3,post,post_odor,2.0,-0.17568430304527283,-0.17568430304527283,-0.23947277665138245,-0.11189582943916321,-1.796703113939882,1.4453345078493363
p692,process,,21,post,post_odor,2.0,-0.24409467726945877,-0.24409467726945877,-0.25412141159176826,-0.23406794294714928,-0.4988981555384473,0.010708800999529755
p692,process,,1,post,post_odor,2.0,0.18250615149736404,0.18250615149736404,0.04163358733057976,0.32337871566414833,-3.397405132528771,3.762417435523499
p692,process,,22,post,post_odor,2.0,0.04765267111361027,0.04765267111361027,0.003963983617722988,0.09134135860949755,-1.062582144841388,1.1578874870686084
p692,process,,10,post,post_odor,1.0,0.012645713984966278,0.012645713984966278,0.012645713984966278,0.012645713984966278,,
p692,process,,30,post,post_odor,2.0,0.2216091826558113,0.2216091826558113,0.18071455880999565,0.26250380650162697,-0.8176217437317597,1.2608401090433823
p692,process,,17,post,post_odor,2.0,0.09947220981121063,0.09947220981121063,-0.1860501691699028,0.38499458879232407,-7.1563393983761685,7.35528381799859
p692,process,,39,post,post_odor,2.0,0.028261832892894745,0.028261832892894745,-0.04185781255364418,0.09838147833943367,-1.7536473092505116,1.810170975036301
p714,process,,39,pre,post_odor,2.0,0.4246313124895096,0.4246313124895096,0.3600374087691307,0.48922521620988846,-1.2168554182702709,2.06611804324929
p714,process,,17,pre,post_odor,2.0,0.3661191910505295,0.3661191910505295,0.09914425760507584,0.6330941244959831,-6.418357136518563,7.150595518619622
p714,process,,32,pre,post_odor,2.0,0.5597199201583862,0.5597199201583862,0.49847957491874695,0.6209602653980255,-0.9965448092993698,2.1159846496161423
p714,process,,30,pre,post_odor,2.0,0.1503419242799282,0.1503419242799282,0.10731514729559422,0.1933687012642622,-0.9430721507214255,1.2437559992812819
p714,process,,40,pre,post_odor,2.0,-0.06634162738919258,-0.06634162738919258,-0.11791127361357212,-0.014771981164813042,-1.3768505935873219,1.2441673388089367
p714,process,,3,pre,post_odor,2.0,0.3514802008867264,0.3514802008867264,0.2518674358725548,0.451092965900898,-2.1799201723263213,2.882880574099774
p714,process,,2,pre,post_odor,2.0,-0.0001387074589729309,-0.0001387074589729309,-0.10442466661334038,0.10414725169539452,-2.6502962037064615,2.6500187887885156
p714,process,,1,pre,post_odor,2.0,0.1066846251487732,0.1066846251487732,-0.00690867006778717,0.22027792036533356,-2.7799947062079253,2.9933639565054717
p714,process,,4,pre,post_odor,2.0,0.6163447871804237,0.6163447871804237,0.37183257564902306,0.8608569987118244,-5.59729965324524,6.829989227606087
p714,process,,31,pre,post_odor,2.0,0.48519977927207947,0.48519977927207947,0.41100166738033295,0.559397891163826,-1.4003530221961795,2.3707525807403385
p714,process,,21,pre,post_odor,2.0,0.1914091780781746,0.1914091780781746,0.029508452862501144,0.35330990329384804,-3.9228783449728404,4.30569670112919
p714,process,,12,pre,post_odor,2.0,0.4026741310954094,0.4026741310954094,0.18943874910473824,0.6159095130860806,-5.0161507100443625,5.821498972235181
p714,process,,22,pre,post_odor,2.0,0.3978452980518341,0.3978452980518341,0.2725117355585098,0.5231788605451584,-2.787182512656814,3.582873108760482
p714,process,,10,pre,post_odor,2.0,0.31814197450876236,0.31814197450876236,0.2811301164329052,0.3551538325846195,-0.6224185182474014,1.258702467264926
p714,process,,0,pre,post_odor,2.0,0.2943302318453789,0.2943302318453789,0.2382696159183979,0.35039084777235985,-1.1303050953631733,1.718965559053931
p714,process,,18,pre,post_odor,2.0,-0.18690038844943047,-0.18690038844943047,-0.2569351252168417,-0.11686565168201923,-1.9666517964710877,1.5928510195722267
p714,process,,12,post,post_odor,2.0,-0.029011694889049977,-0.029011694889049977,-0.04413867471157573,-0.013884715066524222,-0.4134247002190415,0.35540131044094153
p714,process,,18,post,post_odor,2.0,0.1575530730187893,0.1575530730187893,0.11711889691650867,0.1979872491210699,-0.86997676676945,1.1850829128070286
p714,process,,40,post,post_odor,2.0,0.049873799085617065,0.049873799085617065,0.00011271238327026367,0.09963488578796387,-1.2146753119834999,1.314422910154734
p714,process,,32,post,post_odor,2.0,0.038189612329006195,0.038189612329006195,-0.033852819353342056,0.11023204401135445,-1.7925821609665837,1.8689613856245961
p714,process,,31,post,post_odor,2.0,0.07357540726661682,0.07357540726661682,0.0656232237815857,0.08152759075164795,-0.12850873565424858,0.2756595501874822
p714,process,,0,post,post_odor,2.0,0.0005544871091842651,0.0005544871091842651,-0.04336078092455864,0.04446975514292717,-1.1154382862522663,1.1165472604706348
p714,process,,4,post,post_odor,2.0,0.03036615764722228,0.03036615764722228,0.009164419258013368,0.05156789603643119,-0.508421099824984,0.5691534151194285
p714,process,,2,post,post_odor,2.0,0.26093127205967903,0.26093127205967903,0.18649856559932232,0.33536397852003574,-1.6305831426460915,2.1524456867654496
p714,process,,3,post,post_odor,2.0,-0.11334449797868729,-0.11334449797868729,-0.14247172698378563,-0.08421726897358894,-0.8535375682511381,0.6268485722937636
p714,process,,21,post,post_odor,2.0,-0.031516700983047485,-0.031516700983047485,-0.06327209621667862,0.00023869425058364868,-0.8384978076163739,0.775464405650279
p714,process,,1,post,post_odor,2.0,0.07347096689045429,0.07347096689045429,0.013842429034411907,0.13309950474649668,-1.4418338533447812,1.5887757871256898
p714,process,,22,post,post_odor,2.0,-0.1465168809518218,-0.1465168809518218,-0.204255651216954,-0.08877811068668962,-1.613798153359272,1.3207643914556284
p714,process,,10,post,post_odor,1.0,-0.2543586492538452,-0.2543586492538452,-0.2543586492538452,-0.2543586492538452,,
p714,process,,30,post,post_odor,2.0,0.19243588112294674,0.19243588112294674,0.11346243415027857,0.2714093280956149,-1.8144696907893678,2.1993414530352613
p714,process,,17,post,post_odor,2.0,0.11418189108371735,0.11418189108371735,0.10072218626737595,0.12764159590005875,-0.22786163908610352,0.4562254212535382
p714,process,,39,post,post_odor,2.0,-0.14794189482927322,-0.14794189482927322,-0.17537622526288033,-0.12050756439566612,-0.8451143334078334,0.5492305437492869
p737,process,,39,pre,post_odor,2.0,0.12930938601493835,0.12930938601493835,-0.09565643966197968,0.3542752116918564,-5.5876142933720745,5.846233065401951
p737,process,,17,pre,post_odor,2.0,0.6216425746679306,0.6216425746679306,0.10614297538995743,1.1371421739459038,-12.478444325015948,13.72172947435181
p737,process,,32,pre,post_odor,2.0,1.4161230325698853,1.4161230325698853,1.217237949371338,1.6150081157684326,-3.638026139613875,6.470272204753646
p737,process,,30,pre,post_odor,2.0,-0.3022211045026779,-0.3022211045026779,-0.30318551510572433,-0.3012566938996315,-0.3267291016467689,-0.27771310735858695
p737,process,,40,pre,post_odor,2.0,0.8607926815748215,0.8607926815748215,0.5150089934468269,1.206576369702816,-7.926403989992934,9.647989353142577
p737,process,,3,pre,post_odor,2.0,1.3317058682441711,1.3317058682441711,1.0794332921504974,1.5839784443378448,-5.0791481340926845,7.742559870581027
p737,process,,2,pre,post_odor,2.0,0.39277128875255585,0.39277128875255585,0.027643270790576935,0.7578993067145348,-8.886011413524594,9.671553991029706
p737,process,,1,pre,post_odor,2.0,0.2145349681377411,0.2145349681377411,-0.021273627877235413,0.4503435641527176,-5.777929630894657,6.206999567170139
p737,process,,4,pre,post_odor,2.0,0.5360753908753395,0.5360753908753395,0.15017753466963768,0.9219732470810413,-9.270518945525758,10.342669727276437
p737,process,,31,pre,post_odor,2.0,0.48985910415649414,0.48985910415649414,0.047642529010772705,0.9320756793022156,-10.747929578906541,11.72764778721953
p737,process,,21,pre,post_odor,2.0,0.667082816362381,0.667082816362381,0.5259220153093338,0.8082436174154282,-2.9201532614425028,4.254318894167264
p737,process,,12,pre,post_odor,2.0,0.5804239362478256,0.5804239362478256,0.11965558677911758,1.0411922857165337,-11.128810032349563,12.289657904845214
p737,process,,22,pre,post_odor,2.0,0.7718177288770676,0.7718177288770676,0.20331252366304398,1.3403229340910912,-13.675269333183719,15.218904790937854
p737,process,,10,pre,post_odor,2.0,0.1993827372789383,0.1993827372789383,-0.013030298054218292,0.4117957726120949,-5.198544293871856,5.597309768429732
p737,process,,0,pre,post_odor,2.0,0.7388524413108826,0.7388524413108826,0.687362939119339,0.7903419435024261,-0.5696198719080539,2.0473247545298188
p737,process,,18,pre,post_odor,2.0,-0.3175192354246974,-0.3175192354246974,-0.4802187024615705,-0.1548197683878243,-4.452104712698729,3.817066241849334
p737,process,,12,post,post_odor,2.0,0.10020320117473602,0.10020320117473602,0.06625033169984818,0.13415607064962387,-0.7626210206823462,0.9630274230318182
p737,process,,18,post,post_odor,2.0,0.03306522220373154,0.03306522220373154,-0.024065468460321426,0.0901959128677845,-1.4187632823893106,1.4848937267967737
p737,process,,40,post,post_odor,2.0,0.10999934747815132,0.10999934747815132,0.10688880644738674,0.1131098885089159,0.030953005123818086,0.18904568983248454
p737,process,,32,post,post_odor,2.0,-0.13007435575127602,-0.13007435575127602,-0.18917436338961124,-0.07097434811294079,-1.6319479496756273,1.3717992381730753
p737,process,,31,post,post_odor,2.0,-0.028507933020591736,-0.028507933020591736,-0.11174172163009644,0.054725855588912964,-2.1436790511002957,2.086663185059112
p737,process,,0,post,post_odor,2.0,0.06043528392910957,0.06043528392910957,0.012475898489356041,0.1083946693688631,-1.1583282569081383,1.2791988247663575
p737,process,,4,post,post_odor,2.0,-0.010744862258434296,-0.010744862258434296,-0.08801567927002907,0.06652595475316048,-1.9743825044200616,1.952892779903193
p737,process,,2,post,post_odor,2.0,0.09831210412085056,0.09831210412085056,0.07447402086108923,0.1221501873806119,-0.5074710287121617,0.7040952369538628
p737,process,,3,post,post_odor,2.0,-0.10140641778707504,-0.10140641778707504,-0.11721672490239143,-0.08559611067175865,-0.5031844160850942,0.30037158051094415
p737,process,,21,post,post_odor,2.0,0.009769923985004425,0.009769923985004425,-0.030538633465766907,0.05007848143577576,-1.0145676431937165,1.0341074911637254
p737,process,,1,post,post_odor,2.0,-0.035922909853979945,-0.035922909853979945,-0.05159555876161903,-0.02025026094634086,-0.43420268141127366,0.36235686170331377
p737,process,,22,post,post_odor,2.0,0.09186208061873913,0.09186208061873913,0.07148766238242388,0.11223649885505438,-0.4259009783634067,0.6096251396008849
p737,process,,10,post,post_odor,1.0,-0.0368809811770916,-0.0368809811770916,-0.0368809811770916,-0.0368809811770916,,
p737,process,,30,post,post_odor,2.0,0.026241935789585114,0.026241935789585114,-0.05396063253283501,0.10644450411200523,-2.011898571153833,2.0643824427330033
p737,process,,17,post,post_odor,2.0,0.03549022972583771,0.03549022972583771,-0.0038894973695278168,0.07486995682120323,-0.965243520130963,1.0362239795826385
p737,process,,39,post,post_odor,2.0,0.05397297104354948,0.05397297104354948,0.02882609755033627,0.07911984453676268,-0.5850696751153536,0.6930156172024525
p759,process,,39,pre,post_odor,2.0,1.7467889785766602,1.7467889785766602,1.6181350946426392,1.8754428625106812,-1.5226162001627932,5.0161941573161135
p759,process,,17,pre,post_odor,2.0,2.1973071098327637,2.1973071098327637,2.026275157928467,2.3683390617370605,-2.149026884814395,6.5436411044799225
p759,process,,32,pre,post_odor,2.0,3.0588327646255493,3.0588327646255493,2.800959527492523,3.3167060017585754,-3.494347529359164,9.612013058610263
p759,process,,30,pre,post_odor,2.0,1.457832932472229,1.457832932472229,1.0773459076881409,1.8383199572563171,-8.211259140256967,11.126925005201425
p759,process,,40,pre,post_odor,2.0,1.5087886154651642,1.5087886154651642,1.2418190687894821,1.7757581621408463,-5.275550821304761,8.29312805223509
p759,process,,3,pre,post_odor,2.0,3.076582670211792,3.076582670211792,2.5460792779922485,3.6070860624313354,-10.404786759341613,16.557952099765195
p759,process,,2,pre,post_odor,2.0,1.2079332917928696,1.2079332917928696,0.6347496882081032,1.781116895377636,-13.358043145340005,15.773909728925744
p759,process,,1,pre,post_odor,2.0,0.9892859756946564,0.9892859756946564,0.8882507532835007,1.090321198105812,-1.5782624673475234,3.556834418736836
p759,process,,4,pre,post_odor,2.0,1.9032930135726929,1.9032930135726929,1.084379494190216,2.7222065329551697,-18.907272663417537,22.713858690562923
p759,process,,31,pre,post_odor,2.0,2.098208785057068,2.098208785057068,1.5915780663490295,2.604839503765106,-10.776498490022261,14.972916060136397
p759,process,,21,pre,post_odor,2.0,1.5409945249557495,1.5409945249557495,1.4656445384025574,1.6163445115089417,-0.3738301870699894,3.4558192369814886
p759,process,,12,pre,post_odor,2.0,1.1387345381081104,1.1387345381081104,0.620935020968318,1.6565340552479029,-12.01979881603309,14.29726789224931
p759,process,,22,pre,post_odor,2.0,1.6338711082935333,1.6338711082935333,1.0887765139341354,2.178965702652931,-12.218295924731674,15.48603814131874
p759,process,,10,pre,post_odor,2.0,0.7573873773217201,0.7573873773217201,0.4736812971532345,1.0410934574902058,-6.452267701715019,7.96704245635846
p759,process,,0,pre,post_odor,2.0,1.1410651504993439,1.1410651504993439,0.929560050368309,1.3525702506303787,-4.233789059520771,6.515919360519459
p759,process,,18,pre,post_odor,2.0,0.21872106194496155,0.21872106194496155,0.013465926051139832,0.42397619783878326,-4.997306497691555,5.434748621581478
p759,process,,12,post,post_odor,2.0,0.12395112961530685,0.12395112961530685,-0.0009990297257900238,0.24890128895640373,-3.0513334831959487,3.2992357424265624
p759,process,,18,post,post_odor,2.0,-0.026491813361644745,-0.026491813361644745,-0.12809733673930168,0.07511371001601219,-2.6085329780870308,2.5555493513637413
p759,process,,40,post,post_odor,2.0,0.06356192007660866,0.06356192007660866,0.016988782212138176,0.11013505794107914,-1.119973729747495,1.2470975699007123
p759,process,,32,post,post_odor,2.0,0.019260987057350576,0.019260987057350576,0.011030924564693123,0.02749104955000803,-0.1898847309890851,0.22840670510378625
p759,process,,31,post,post_odor,2.0,0.1467353217303753,0.1467353217303753,0.06127628870308399,0.2321943547576666,-2.024984618670181,2.318455262130932
p759,process,,0,post,post_odor,2.0,-0.07086329907178879,-0.07086329907178879,-0.0716170221567154,-0.07010957598686218,-0.09001721873470606,-0.05170937940887152
p759,process,,4,post,post_odor,2.0,-0.12171604484319687,-0.12171604484319687,-0.2577156387269497,0.014283549040555954,-3.577793412690347,3.3343613230039533
p759,process,,2,post,post_odor,2.0,0.10223801247775555,0.10223801247775555,0.03513167519122362,0.16934434976428747,-1.6030957088371809,1.807571733792692
p759,process,,3,post,post_odor,2.0,0.060779938474297523,0.060779938474297523,0.007085359655320644,0.1144745172932744,-1.3037286849188814,1.4252885618674764
p759,process,,21,post,post_odor,2.0,0.7718133926391602,0.7718133926391602,0.7496658563613892,0.7939609289169312,0.20899113194473073,1.3346356533335895
p759,process,,1,post,post_odor,2.0,0.07083712425082922,0.07083712425082922,0.0339988605119288,0.10767538798972964,-0.8653119181325087,1.0069861666341673
p759,process,,22,post,post_odor,2.0,0.0031658634543418884,0.0031658634543418884,-0.027415186166763306,0.03374691307544708,-0.7739722916114185,0.7803040185201022
p759,process,,10,post,post_odor,1.0,-0.07506494224071503,-0.07506494224071503,-0.07506494224071503,-0.07506494224071503,,
p759,process,,30,post,post_odor,2.0,-0.004013419151306152,-0.004013419151306152,-0.09318678081035614,0.08515994250774384,-2.2701233996569856,2.2620965613543733
p759,process,,17,post,post_odor,2.0,0.11076751723885536,0.11076751723885536,0.017092695459723473,0.20444233901798725,-2.2697354110617964,2.491270445539507
p759,process,,39,post,post_odor,2.0,0.06586177833378315,0.06586177833378315,0.01452645193785429,0.11719710472971201,-1.2386925564362667,1.370416113103833
p781,process,,39,pre,post_odor,2.0,0.6433678567409515,0.6433678567409515,0.6094662994146347,0.6772694140672684,-0.2181523997857382,1.5048881132676413
p781,process,,17,pre,post_odor,2.0,3.7928836345672607,3.7928836345672607,3.7170037031173706,3.868763566017151,1.8645917458288503,5.721175523305671
p781,process,,32,pre,post_odor,2.0,3.2318183183670044,3.2318183183670044,3.0934346318244934,3.3702020049095154,-0.2848445883445305,6.748481225078539
p781,process,,30,pre,post_odor,2.0,3.1288716793060303,3.1288716793060303,2.904996633529663,3.3527467250823975,-2.5603326546039753,8.818076013216036
p781,process,,40,pre,post_odor,2.0,1.756874442100525,1.756874442100525,1.4181689620018005,2.0955799221992493,-6.850447908696946,10.364196792897996
p781,process,,3,pre,post_odor,2.0,2.2940701246261597,2.2940701246261597,1.4865575432777405,3.101582705974579,-18.226770246673713,22.814910495926032
p781,process,,2,pre,post_odor,2.0,1.5781640112400055,1.5781640112400055,1.2188836187124252,1.9374444037675858,-7.5520164390572795,10.70834446153729
p781,process,,1,pre,post_odor,2.0,1.6952411532402039,1.6952411532402039,1.451429158449173,1.9390531480312347,-4.500609092659789,7.891091399140197
p781,process,,4,pre,post_odor,2.0,1.8774953782558441,1.8774953782558441,1.3596136718988419,2.3953770846128464,-11.283126601927304,15.038117358438992
p781,process,,31,pre,post_odor,2.0,4.030176520347595,4.030176520347595,3.8850467801094055,4.175306260585785,0.342080134799017,7.718272905896173
p781,process,,21,pre,post_odor,2.0,4.009690761566162,4.009690761566162,3.9368855953216553,4.082495927810669,2.1595360652582847,5.859845457874039
p781,process,,12,pre,post_odor,2.0,2.4839775562286377,2.4839775562286377,1.7417845726013184,3.226170539855957,-16.376934451213508,21.344889563670783
p781,process,,22,pre,post_odor,2.0,3.842177152633667,3.842177152633667,3.7533897161483765,3.9309645891189575,1.5858744606692508,6.098479844598083
p781,process,,10,pre,post_odor,2.0,1.2376132011413574,1.2376132011413574,0.8636291027069092,1.6115972995758057,-8.26622384442226,10.741450246704975
p781,process,,0,pre,post_odor,2.0,2.358458399772644,2.358458399772644,2.2096856236457825,2.5072311758995056,-1.422216305501327,6.139133105046615
p781,process,,18,pre,post_odor,2.0,2.347790479660034,2.347790479660034,2.0185946226119995,2.676986336708069,-6.017869436245615,10.713450395565683
p781,process,,12,post,post_odor,2.0,0.22159605473279953,0.22159605473279953,0.18429597094655037,0.2588961385190487,-0.7262889477963043,1.1694810572619034
p781,process,,18,post,post_odor,2.0,0.5273516923189163,0.5273516923189163,0.46399765461683273,0.5907057300209999,-1.082627055493093,2.137330440130926
p781,process,,40,post,post_odor,2.0,-0.06740138679742813,-0.06740138679742813,-0.1394675113260746,0.004664737731218338,-1.898775252404714,1.7639724788098576
p781,process,,32,post,post_odor,2.0,0.07002083119004965,0.07002083119004965,0.032814587000757456,0.10722707537934184,-0.8754794810764637,1.015521143456563
p781,process,,31,post,post_odor,2.0,0.08327510952949524,0.08327510952949524,0.07734991610050201,0.08920030295848846,-0.06729833209095454,0.23384855114994502
p781,process,,0,post,post_odor,2.0,0.06508698221296072,0.06508698221296072,0.04202350089326501,0.08815046353265643,-0.5210116489410277,0.6511856133669491
p781,process,,4,post,post_odor,2.0,0.2210157848894596,0.2210157848894596,0.13291378878057003,0.3091177809983492,-2.017868215560975,2.459899785339894
p781,process,,2,post,post_odor,2.0,0.1625276431441307,0.1625276431441307,0.13991856947541237,0.18513671681284904,-0.41202339471585236,0.7370786810041138
p781,process,,3,post,post_odor,2.0,0.36182865500450134,0.36182865500450134,0.3514775037765503,0.3721798062324524,0.09878096148959714,0.6248763485194055
p781,process,,21,post,post_odor,2.0,3.7989500761032104,3.7989500761032104,3.6018300652503967,3.996070086956024,-1.210344354882447,8.808244507088869
p781,process,,1,post,post_odor,2.0,-0.08354034461081028,-0.08354034461081028,-0.1494638891890645,-0.017616800032556057,-1.7588164533020851,1.5917357640804646
p781,process,,22,post,post_odor,2.0,0.11065540835261345,0.11065540835261345,0.09359234012663364,0.12771847657859325,-0.32295826826061963,0.5442690849658465
p781,process,,10,post,post_odor,1.0,-0.14919550716876984,-0.14919550716876984,-0.14919550716876984,-0.14919550716876984,,
p781,process,,30,post,post_odor,2.0,0.4401373863220215,0.4401373863220215,0.4057537913322449,0.4745209813117981,-0.4336326086896026,1.3139073813336455
p781,process,,17,post,post_odor,2.0,0.4581547677516937,0.4581547677516937,0.43089382350444794,0.4854157119989395,-0.2346115100622036,1.1509210455655912
p781,process,,39,post,post_odor,2.0,-0.018018662711256184,-0.018018662711256184,-0.026801150183018763,-0.009236175239493605,-0.24120283052946537,0.205165505106953
p804,process,,39,pre,post_odor,2.0,0.2835831344127655,0.2835831344127655,0.28168414533138275,0.28548212349414825,0.2353252462931464,0.3318410225323846
p804,process,,17,pre,post_odor,2.0,1.3478015661239624,1.3478015661239624,1.1543426513671875,1.5412604808807373,-3.568455591751536,6.264058723999461
p804,process,,32,pre,post_odor,2.0,1.652444839477539,1.652444839477539,1.5074589252471924,1.7974307537078857,-2.031996580666959,5.336886259622037
p804,process,,30,pre,post_odor,2.0,1.0237331092357635,1.0237331092357635,0.9414848238229752,1.105981394648552,-1.0663939980726762,3.1138602165442033
p804,process,,40,pre,post_odor,2.0,1.0714881420135498,1.0714881420135498,0.9632928967475891,1.1796833872795105,-1.6780137336463148,3.8209900176734144
p804,process,,3,pre,post_odor,2.0,1.0461529344320297,1.0461529344320297,0.6878775730729103,1.4044282957911491,-8.058487252279855,10.150793121143915
p804,process,,2,pre,post_odor,2.0,1.2154293656349182,1.2154293656349182,0.9342620670795441,1.4965966641902924,-5.929709155488561,8.360567886758396
p804,process,,1,pre,post_odor,2.0,0.48563770949840546,0.48563770949840546,0.45609278231859207,0.5151826366782188,-0.26517007782575697,1.2364454968225678
p804,process,,4,pre,post_odor,2.0,0.6644149273633957,0.6644149273633957,0.4935353472828865,0.8352945074439049,-3.678046932105622,5.0068767868324136
p804,process,,31,pre,post_odor,2.0,1.3284863233566284,1.3284863233566284,1.270643949508667,1.3863286972045898,-0.141427765720481,2.798400412433738
p804,process,,21,pre,post_odor,2.0,1.2179060280323029,1.2179060280323029,1.0909437388181686,1.344868317246437,-2.008511653024124,4.44432370908873
p804,process,,12,pre,post_odor,2.0,0.7641477435827255,0.7641477435827255,0.5155817046761513,1.0127137824892998,-5.552514218031068,7.080809705196519
p804,process,,22,pre,post_odor,2.0,1.2293126583099365,1.2293126583099365,1.0881889462471008,1.3704363703727722,-2.356980898888777,4.81560621550865
p804,process,,10,pre,post_odor,2.0,0.43125784397125244,0.43125784397125244,0.3522305190563202,0.5102851688861847,-1.5770168962714046,2.4395325842139095
p804,process,,0,pre,post_odor,2.0,1.0774996876716614,1.0774996876716614,1.0134086310863495,1.1415907442569733,-0.5512084857897992,2.706207861133122
p804,process,,18,pre,post_odor,2.0,0.7261514067649841,0.7261514067649841,0.6873136758804321,0.7649891376495361,-0.26080891345016155,1.71311172698013
p804,process,,12,post,post_odor,2.0,0.030418870970606804,0.030418870970606804,-0.0027872463688254356,0.06362498831003904,-0.8134285798459263,0.8742663217871399
p804,process,,18,post,post_odor,2.0,0.22921789437532425,0.22921789437532425,0.218841802328825,0.2395939864218235,-0.03446360543310251,0.492899394183751
p804,process,,40,post,post_odor,2.0,0.07594877411611378,0.07594877411611378,0.03488284244667739,0.11701470578555018,-0.9676354968311245,1.119533045063352
p804,process,,32,post,post_odor,2.0,-0.06135197705589235,-0.06135197705589235,-0.09077702451031655,-0.031926929601468146,-0.8091133317110322,0.6864093775992475
p804,process,,31,post,post_odor,2.0,-0.00806315871886909,-0.00806315871886909,-0.00848626799415797,-0.00764004944358021,-0.018815384874059107,0.0026890674363209254
p804,process,,0,post,post_odor,2.0,0.10434552282094955,0.10434552282094955,0.0959964394569397,0.11269460618495941,-0.10782480234404923,0.31651584798594834
p804,process,,4,post,post_odor,2.0,0.2072848603129387,0.2072848603129387,0.1476098783314228,0.2669598422944546,-1.3092002170564145,1.723769937682292
p804,process,,2,post,post_odor,2.0,0.15344272181391716,0.15344272181391716,0.10429381020367146,0.20259163342416286,-1.0955495451459534,1.4024349887737877
p804,process,,3,post,post_odor,2.0,0.12713384628295898,0.12713384628295898,0.11343631893396378,0.1408313736319542,-0.22095332746841168,0.47522102003432964
p804,process,,21,post,post_odor,2.0,1.1498717665672302,1.1498717665672302,1.1042609512805939,1.1954825818538666,-0.009208947864465467,2.3089524809989257
p804,process,,1,post,post_odor,2.0,0.062407758086919785,0.062407758086919785,-0.01298270933330059,0.13779822550714016,-1.8534456703075364,1.978261186481376
p804,process,,22,post,post_odor,2.0,0.05148496851325035,0.05148496851325035,0.007967354729771614,0.09500258229672909,-1.054402452212067,1.1573723892385677
p804,process,,10,post,post_odor,1.0,-0.051269952207803726,-0.051269952207803726,-0.051269952207803726,-0.051269952207803726,,
p804,process,,30,post,post_odor,2.0,0.05519773019477725,0.05519773019477725,0.032273731427267194,0.0781217289622873,-0.5273563132288209,0.6377517736183754
p804,process,,17,post,post_odor,2.0,0.13217324577271938,0.13217324577271938,0.09009698871523142,0.17424950283020735,-0.9370858276359955,1.2014323191814342
p804,process,,39,post,post_odor,2.0,0.1557305073365569,0.1557305073365569,0.08927795523777604,0.22218305943533778,-1.532988957080293,1.8444499717534069
p826,process,,39,pre,post_odor,2.0,0.4300309717655182,0.4300309717655182,0.4278181493282318,0.43224379420280457,0.3737978218995946,0.4862641216314418
p826,process,,17,pre,post_odor,2.0,0.4668090045452118,0.4668090045452118,0.33483199775218964,0.598786011338234,-2.887044733014104,3.8206627421045276
p826,process,,32,pre,post_odor,2.0,0.5915762633085251,0.5915762633085251,0.5444765165448189,0.6386760100722313,-0.60534178749474,1.7884943141117902
p826,process,,30,pre,post_odor,2.0,0.08940833620727062,0.08940833620727062,0.013766688294708729,0.16504998411983252,-1.8328281937100346,2.011644866124576
p826,process,,40,pre,post_odor,2.0,0.12306268513202667,0.12306268513202667,-0.1128123477101326,0.35893771797418594,-5.871090233756784,6.117215604020838
p826,process,,3,pre,post_odor,2.0,0.49491383135318756,0.49491383135318756,0.4596720263361931,0.530155636370182,-0.4006653482833731,1.3904930109897482
p826,process,,2,pre,post_odor,2.0,-0.07072412967681885,-0.07072412967681885,-0.2340344488620758,0.09258618950843811,-4.220832831872645,4.079384572519007
p826,process,,1,pre,post_odor,2.0,0.19739345647394657,0.19739345647394657,0.11754715349525213,0.277239759452641,-1.8316934896739068,2.2264804026218
p826,process,,4,pre,post_odor,2.0,0.2834211625158787,0.2834211625158787,0.10852355323731899,0.45831877179443836,-4.161148500205853,4.72799082523761
p826,process,,31,pre,post_odor,2.0,1.0034487545490265,1.0034487545490265,0.8823582977056503,1.1245392113924026,-2.0737515179487005,4.0806490270467535
p826,process,,21,pre,post_odor,2.0,0.17074158787727356,0.17074158787727356,0.1069098711013794,0.23457330465316772,-1.4513761361547823,1.7928593119093295
p826,process,,12,pre,post_odor,2.0,0.3624871429055929,0.3624871429055929,0.152214833535254,0.5727594522759318,-4.981038883509988,5.7060131693211735
p826,process,,22,pre,post_odor,2.0,0.5202985778450966,0.5202985778450966,0.3618345223367214,0.6787626333534718,-3.506654887382836,4.547252043073029
p826,process,,10,pre,post_odor,2.0,0.485699662938714,0.485699662938714,0.2722844025120139,0.6991149233654141,-4.937696322672672,5.9090956485501
p826,process,,0,pre,post_odor,2.0,0.5742548108100891,0.5742548108100891,0.5716384649276733,0.5768711566925049,0.5077671579248443,0.6407424636953339
p826,process,,18,pre,post_odor,2.0,0.351202328922227,0.351202328922227,0.17172884929459542,0.5306758085498586,-4.209651224802504,4.912055882646958
p826,process,,12,post,post_odor,2.0,0.18482089787721634,0.18482089787721634,0.1761918030679226,0.19344999268651009,-0.034465192792281024,0.4041069885467137
p826,process,,18,post,post_odor,2.0,0.11502218618988991,0.11502218618988991,0.03664795123040676,0.19339642114937305,-1.8766559646826162,2.106700337062396
p826,process,,40,post,post_odor,2.0,-0.11074473895132542,-0.11074473895132542,-0.1773182051256299,-0.04417127277702093,-1.8025369213663522,1.5810474434637014
p826,process,,32,post,post_odor,2.0,0.3199630230665207,0.3199630230665207,0.3199314847588539,0.31999456137418747,0.3191615586780276,0.3207644874550138
p826,process,,31,post,post_odor,2.0,0.06322407815605402,0.06322407815605402,0.023700141813606024,0.10274801449850202,-0.9411743761373055,1.0676225324494135
p826,process,,0,post,post_odor,2.0,-0.11191908176988363,-0.11191908176988363,-0.18124825088307261,-0.04258991265669465,-1.873740315652,1.6499021521122328
p826,process,,4,post,post_odor,2.0,0.11360253021121025,0.11360253021121025,0.05134676583111286,0.17585829459130764,-1.4684664462299282,1.6956715066523487
p826,process,,2,post,post_odor,2.0,-0.13207678962498903,-0.13207678962498903,-0.19697318458929658,-0.06718039466068149,-1.781250551737285,1.517096972487307
p826,process,,3,post,post_odor,2.0,0.17712263204157352,0.17712263204157352,0.09993752744048834,0.2543077366426587,-1.784336851247322,2.138582115330469
p826,process,,21,post,post_odor,2.0,0.7390490174293518,0.7390490174293518,0.7286882102489471,0.7494098246097565,0.47575594289685086,1.0023420919618529
p826,process,,1,post,post_odor,2.0,0.14463251479901373,0.14463251479901373,0.07181295228656381,0.21745207731146365,-1.705888025364707,1.9951530549627345
p826,process,,22,post,post_odor,2.0,0.07259130291640759,0.07259130291640759,0.01647954899817705,0.12870305683463812,-1.3533435638653717,1.4985261696981869
p826,process,,10,post,post_odor,1.0,-0.23296184837818146,-0.23296184837818146,-0.23296184837818146,-0.23296184837818146,,
p826,process,,30,post,post_odor,2.0,0.08012346550822258,0.08012346550822258,0.00433834083378315,0.155908590182662,-1.845759154631681,2.006006085648126
p826,process,,17,post,post_odor,2.0,0.24440380558371544,0.24440380558371544,0.16613375581800938,0.3226738553494215,-1.744626748483571,2.233434359651002
p826,process,,39,post,post_odor,2.0,0.20135688036680222,0.20135688036680222,0.19036990031599998,0.21234386041760445,-0.07784875554871812,0.48056251628232255
p848,process,,39,pre,post_odor,2.0,1.888887345790863,1.888887345790863,1.720385104417801,2.057389587163925,-2.393160608990044,6.17093530057177
p848,process,,17,pre,post_odor,2.0,2.849492073059082,2.849492073059082,2.2980799674987793,3.4009041786193848,-11.163218141449676,16.86220228756784
p848,process,,32,pre,post_odor,2.0,1.9467732906341553,1.9467732906341553,1.9337289929389954,1.9598175883293152,1.6152862563255281,2.2782603249427824
p848,process,,30,pre,post_odor,2.0,1.2773079872131348,1.2773079872131348,1.1893202662467957,1.3652957081794739,-0.958672006522296,3.5132879809485655
p848,process,,40,pre,post_odor,2.0,0.39102691295556724,0.39102691295556724,0.199188141268678,0.5828656846424565,-4.484058505824208,5.266112331735343
p848,process,,3,pre,post_odor,2.0,1.0757828652858734,1.0757828652858734,0.6951049119234085,1.4564608186483383,-8.598161162657007,10.749726893228754
p848,process,,2,pre,post_odor,2.0,0.028434716165065765,0.028434716165065765,-0.05527319386601448,0.11214262619614601,-2.098784969619328,2.1556544019494597
p848,process,,1,pre,post_odor,2.0,-0.1602833867073059,-0.1602833867073059,-0.5160659849643707,0.1954992115497589,-9.201576456752216,8.881009683337604
p848,process,,4,pre,post_odor,2.0,0.2835405245423317,0.2835405245423317,0.04510509595274925,0.5219759531319141,-5.775678219491259,6.342759268575922
p848,process,,31,pre,post_odor,2.0,1.8164571523666382,1.8164571523666382,1.7767565846443176,1.8561577200889587,0.8075700691222909,2.8253442356109852
p848,process,,21,pre,post_odor,2.0,0.8187038004398346,0.8187038004398346,0.797086551785469,0.8403210490942001,0.26935742596950374,1.3680501749101655
p848,process,,12,pre,post_odor,2.0,1.5900827944278717,1.5900827944278717,0.9746839851140976,2.205481603741646,-14.048683736650016,17.22884932550576
p848,process,,22,pre,post_odor,2.0,2.3186237812042236,2.3186237812042236,1.8385101556777954,2.798737406730652,-9.882220263927586,14.519467826336033
p848,process,,10,pre,post_odor,2.0,0.26309250202029943,0.26309250202029943,0.11807537684217095,0.4081096271984279,-3.42214206350925,3.9483270675498487
p848,process,,0,pre,post_odor,2.0,0.9351905137300491,0.9351905137300491,0.6691212579607964,1.201259769499302,-5.826270361881463,7.696651389341561
p848,process,,18,pre,post_odor,2.0,0.0779457539319992,0.0779457539319992,-0.1278505101799965,0.2837420180439949,-5.151833177561796,5.307724685425795
p848,process,,12,post,post_odor,2.0,-0.0013602115213871002,-0.0013602115213871002,-0.045934880152344704,0.0432144571095705,-1.1341099428655692,1.131389519822795
p848,process,,18,post,post_odor,2.0,-0.12866167351603508,-0.12866167351603508,-0.17668874375522137,-0.08063460327684879,-1.349145248191522,1.0918219011594519
p848,process,,40,post,post_odor,2.0,-0.050305962562561035,-0.050305962562561035,-0.05490522086620331,-0.04570670425891876,-0.1671841978438215,0.06657227271869944
p848,process,,32,post,post_odor,2.0,0.08614255115389824,0.08614255115389824,0.07557419873774052,0.09671090357005596,-0.1824247478935948,0.3547098502013913
p848,process,,31,post,post_odor,2.0,0.01596016064286232,0.01596016064286232,-0.045082392171025276,0.07700271345674992,-1.5352781867011627,1.5671985079868873
p848,process,,0,post,post_odor,2.0,0.09627792984247208,0.09627792984247208,0.08485580235719681,0.10770005732774734,-0.19398585085871944,0.3865417105436636
p848,process,,4,post,post_odor,2.0,0.0985583495348692,0.0985583495348692,0.06721107382327318,0.1299056252464652,-0.698051456690841,0.8951681557605794
p848,process,,2,post,post_odor,2.0,-0.03423740528523922,-0.03423740528523922,-0.06879448425024748,0.00031967367976903915,-0.9124160461123407,0.8439412355418623
p848,process,,3,post,post_odor,2.0,-0.016435840167105198,-0.016435840167105198,-0.035204405430704355,0.0023327250964939594,-0.49339030585420013,0.46051862551998973
p848,process,,21,post,post_odor,2.0,0.026164103066548705,0.026164103066548705,0.009474658989347517,0.04285354714374989,-0.39795488368916404,0.45028308982226145
p848,process,,1,post,post_odor,2.0,0.11275780946016312,0.11275780946016312,0.07046668604016304,0.1550489328801632,-0.9619615359345437,1.18747715485487
p848,process,,22,post,post_odor,2.0,-0.07406197860836983,-0.07406197860836983,-0.08639984764158726,-0.0617241095751524,-0.3875969584967106,0.23947300127997095
p848,process,,10,post,post_odor,1.0,-0.1745540350675583,-0.1745540350675583,-0.1745540350675583,-0.1745540350675583,,
p848,process,,30,post,post_odor,2.0,0.08533652871847153,0.08533652871847153,0.05218004807829857,0.11849300935864449,-0.7572495339716286,0.9279225914085717
p848,process,,17,post,post_odor,2.0,0.041819319245405495,0.041819319245405495,0.022688552911859006,0.060950085578951985,-0.4443395483425141,0.5279781868333251
p848,process,,39,post,post_odor,2.0,0.08651691279374063,0.08651691279374063,0.04620185645762831,0.12683196912985295,-0.9379858067203792,1.1110196323078605
p871,process,,39,pre,post_odor,2.0,2.0261623859405518,2.0261623859405518,1.9941611289978027,2.058163642883301,1.2129333408815497,2.839391430999554
p871,process,,17,pre,post_odor,2.0,1.0222288817167282,1.0222288817167282,0.7049216106534004,1.339536152780056,-7.0413134190983175,9.085771182531774
p871,process,,32,pre,post_odor,2.0,1.7663730382919312,1.7663730382919312,1.7645378112792969,1.7682082653045654,1.7197354979721524,1.8130105786117099
p871,process,,30,pre,post_odor,2.0,0.8084907829761505,0.8084907829761505,0.6779724806547165,0.9390090852975845,-2.5082937592520205,4.1252753252043215
p871,process,,40,pre,post_odor,2.0,0.9934456944465637,0.9934456944465637,0.6669582426548004,1.319933146238327,-7.303387118069654,9.290278506962782
p871,process,,3,pre,post_odor,2.0,2.6742882132530212,2.6742882132530212,2.27492693066597,3.0736494958400726,-7.474444227251764,12.823020653757807
p871,process,,2,pre,post_odor,2.0,1.411961942911148,1.411961942911148,1.0593710988759995,1.7645527869462967,-7.548220961911328,10.372144847733624
p871,process,,1,pre,post_odor,2.0,1.1538758873939514,1.1538758873939514,1.1470893919467926,1.1606623828411102,0.9814146862085168,1.3263370885793861
p871,process,,4,pre,post_odor,2.0,1.8789869546890259,1.8789869546890259,1.530328094959259,2.2276458144187927,-6.981274754926238,10.73924866430429
p871,process,,31,pre,post_odor,2.0,0.9666115641593933,0.9666115641593933,0.788508802652359,1.1447143256664276,-3.5594087394135485,5.492631867732335
p871,process,,21,pre,post_odor,2.0,0.8483991920948029,0.8483991920948029,0.6494121998548508,1.047386184334755,-4.208339734378069,5.905138118567675
p871,process,,12,pre,post_odor,2.0,0.8118881285190582,0.8118881285190582,0.4462079256772995,1.177568331360817,-8.480926922027496,10.104703179065613
p871,process,,22,pre,post_odor,2.0,0.663210079073906,0.663210079073906,0.24102968722581863,1.0853904709219933,-10.065410909766603,11.391831067914415
p871,process,,10,pre,post_odor,2.0,2.167203664779663,2.167203664779663,2.163853168487549,2.1705541610717773,2.082059481068867,2.252347848490459
p871,process,,0,pre,post_odor,2.0,1.2654719352722168,1.2654719352722168,1.202461063861847,1.3284828066825867,-0.3357861302176559,2.8667300007620895
p871,process,,18,pre,post_odor,2.0,0.29291146993637085,0.29291146993637085,-0.18747469782829285,0.7732976377010345,-11.91485853015199,12.500681470024732
p871,process,,12,post,post_odor,2.0,0.15156769379973412,0.15156769379973412,0.13123692758381367,0.17189846001565456,-0.3650860621658436,0.6682214497653118
p871,process,,18,post,post_odor,2.0,0.1478734128177166,0.1478734128177166,0.03334793634712696,0.26239888928830624,-2.7624948902688224,3.0582417159042556
p871,process,,40,post,post_odor,2.0,-0.11029914394021034,-0.11029914394021034,-0.20075960643589497,-0.01983868144452572,-2.409117457938653,2.1885191700582323
p871,process,,32,post,post_odor,2.0,0.07517226785421371,0.07517226785421371,-0.0335189513862133,0.18386348709464073,-2.6869335015324176,2.837278037240845
p871,process,,31,post,post_odor,2.0,0.03788867872208357,0.03788867872208357,0.032209104392677546,0.04356825305148959,-0.10644298976542649,0.18222034720959362
p871,process,,0,post,post_odor,2.0,0.06945005897432566,0.06945005897432566,0.043234606739133596,0.09566551120951772,-0.596747747729192,0.7356478656778433
p871,process,,4,post,post_odor,2.0,0.1516488902270794,0.1516488902270794,0.13581603206694126,0.16748174838721752,-0.250702184455979,0.5539999649101378
p871,process,,2,post,post_odor,2.0,0.22446090541779995,0.22446090541779995,0.13309349957853556,0.31582831125706434,-2.097405024195913,2.546326835031513
p871,process,,3,post,post_odor,2.0,0.1255884077399969,0.1255884077399969,0.07454343978315592,0.1766333756968379,-1.1715872194822,1.4227640349621937
p871,process,,21,post,post_odor,2.0,0.4461894929409027,0.4461894929409027,0.3572840541601181,0.5350949317216873,-1.8131119216752865,2.705490907557092
p871,process,,1,post,post_odor,2.0,0.10263116657733917,0.10263116657733917,0.08755915611982346,0.11770317703485489,-0.28038493474058224,0.4856472678952606
p871,process,,22,post,post_odor,2.0,0.11927163973450661,0.11927163973450661,0.11355310492217541,0.1249901745468378,-0.026050108498338498,0.2645933879673517
p871,process,,10,post,post_odor,1.0,-0.1777368187904358,-0.1777368187904358,-0.1777368187904358,-0.1777368187904358,,
p871,process,,30,post,post_odor,2.0,0.18570799380540848,0.18570799380540848,0.16409533098340034,0.2073206566274166,-0.3635218436152845,0.7349378312261015
p871,process,,17,post,post_odor,2.0,0.08875006437301636,0.08875006437301636,-0.030017539858818054,0.20751766860485077,-2.9294209264162956,3.1069210551623283
p871,process,,39,post,post_odor,2.0,0.3101428300142288,0.3101428300142288,0.2898111864924431,0.33047447353601456,-0.2065332204072301,0.8268188804356877
p893,process,,39,pre,post_odor,2.0,0.7136391699314117,0.7136391699314117,0.26296548545360565,1.1643128544092178,-10.739065038430986,12.16634337829381
p893,process,,17,pre,post_odor,2.0,0.6884728893637657,0.6884728893637657,0.4191504456102848,0.9577953331172466,-6.155659331393478,7.532605110121009
p893,process,,32,pre,post_odor,2.0,0.8786939680576324,0.8786939680576324,0.7877986282110214,0.9695893079042435,-1.4311756272528018,3.1885635633680667
p893,process,,30,pre,post_odor,2.0,0.1555885598063469,0.1555885598063469,0.023787323385477066,0.2873897962272167,-3.193798429082727,3.5049755486954206
p893,process,,40,pre,post_odor,2.0,0.14817677438259125,0.14817677438259125,0.005843885242938995,0.2905096635222435,-3.4688448858167624,3.765198434581945
p893,process,,3,pre,post_odor,2.0,0.6845548003911972,0.6845548003911972,0.12083104997873306,1.2482785508036613,-13.641023974378829,15.010133575161223
p893,process,,2,pre,post_odor,2.0,1.4253610372543335,1.4253610372543335,1.3535396456718445,1.4971824288368225,-0.399793574513825,3.250515649022492
p893,process,,1,pre,post_odor,2.0,0.024635236710309982,0.024635236710309982,-0.034777602180838585,0.08404807560145855,-1.485188153106282,1.534458626526902
p893,process,,4,pre,post_odor,2.0,-0.030910685658454895,-0.030910685658454895,-0.1273771896958351,0.06555581837892532,-2.4823569866224062,2.4205356153054964
p893,process,,31,pre,post_odor,2.0,-0.2970309779047966,-0.2970309779047966,-0.5245103798806667,-0.06955157592892647,-6.077830687440773,5.48376873163118
p893,process,,21,pre,post_odor,2.0,0.9288047254085541,0.9288047254085541,0.925019159913063,0.9325902909040451,0.8326043849527389,1.0250050658643692
p893,process,,12,pre,post_odor,2.0,0.3815099969506264,0.3815099969506264,0.28144529089331627,0.4815747030079365,-2.1613752871080183,2.924395281009271
p893,process,,22,pre,post_odor,2.0,-0.11133342981338501,-0.11133342981338501,-0.4407009482383728,0.21803408861160278,-8.481355674920756,8.258688815293986
p893,process,,10,pre,post_odor,2.0,-0.31798840686678886,-0.31798840686678886,-0.44740146957337856,-0.18857534416019917,-3.6066861474374736,2.970709333703896
p893,process,,0,pre,post_odor,2.0,0.8481764495372772,0.8481764495372772,0.8359199017286301,0.8604329973459244,0.5367080379065091,1.1596448611680454
p893,process,,18,pre,post_odor,2.0,-0.05607123672962189,-0.05607123672962189,-0.3222803547978401,0.21013788133859634,-6.8210863503521875,6.708943876892944
p893,process,,12,post,post_odor,2.0,0.01555817574262619,0.01555817574262619,-0.022520355880260468,0.05363670736551285,-0.9521090619639743,0.9832254134492266
p893,process,,18,post,post_odor,2.0,0.26001033931970596,0.26001033931970596,0.22862234339118004,0.2913983352482319,-0.5376342657324302,1.0576549443718422
p893,process,,40,post,post_odor,2.0,0.18429353833198547,0.18429353833198547,0.139593243598938,0.22899383306503296,-0.9516486549589198,1.3202357316228908
p893,process,,32,post,post_odor,2.0,-0.05435579549521208,-0.05435579549521208,-0.09062003111466765,-0.018091559875756502,-0.9759174002585749,0.8672058092681507
p893,process,,31,post,post_odor,2.0,0.028980213683098555,0.028980213683098555,0.007055470021441579,0.05090495734475553,-0.5281803498232253,0.5861407771894224
p893,process,,0,post,post_odor,2.0,-0.06829314166679978,-0.06829314166679978,-0.09944119420833886,-0.03714508912526071,-0.8598402071186436,0.723253923785044
p893,process,,4,post,post_odor,2.0,0.016394704580307007,0.016394704580307007,-0.028564322739839554,0.06135373190045357,-1.1261225071578005,1.1589119163184145
p893,process,,2,post,post_odor,2.0,0.25524615682661533,0.25524615682661533,0.15682195778936148,0.3536703558638692,-2.2459498910960956,2.756442204749326
p893,process,,3,post,post_odor,2.0,-0.03937122970819473,-0.03937122970819473,-0.14729348197579384,0.06855102255940437,-2.7819356955106103,2.703193236094221
p893,process,,21,post,post_odor,2.0,0.7587270438671112,0.7587270438671112,0.71443210542202,0.8030219823122025,-0.36691406945205873,1.8843681571862811
p893,process,,1,post,post_odor,2.0,0.21271008253097534,0.21271008253097534,0.20928462594747543,0.21613553911447525,0.1256609772013207,0.29975918786063
p893,process,,22,post,post_odor,2.0,-0.025060199201107025,-0.025060199201107025,-0.06111986190080643,0.010999463498592377,-0.9414231131606721,0.891302714758458
p893,process,,10,post,post_odor,1.0,0.2498975396156311,0.2498975396156311,0.2498975396156311,0.2498975396156311,,
p893,process,,30,post,post_odor,2.0,0.07568692043423653,0.07568692043423653,0.06855497322976589,0.08281886763870716,-0.10555304226094878,0.2569268831294218
p893,process,,17,post,post_odor,2.0,0.10862116888165474,0.10862116888165474,0.03860577009618282,0.17863656766712666,-1.6706388144245916,1.887881152187901
p893,process,,39,post,post_odor,2.0,0.07071454985998571,0.07071454985998571,0.03918388730380684,0.10224521241616458,-0.7305555579521064,0.8719846576720778
p915,process,,39,pre,post_odor,2.0,-0.7177331447601318,-0.7177331447601318,-0.90189528465271,-0.5335710048675537,-5.397736853014417,3.9622705634941537
p915,process,,17,pre,post_odor,2.0,-0.24862389266490936,-0.24862389266490936,-0.5082493647933006,0.011001579463481903,-6.846332699843622,6.349084914513803
p915,process,,32,pre,post_odor,2.0,0.763873279094696,0.763873279094696,0.7289876341819763,0.7987589240074158,-0.12265501413432,1.650401572323712
p915,process,,30,pre,post_odor,2.0,-0.029793834080919623,-0.029793834080919623,-0.04585717513691634,-0.013730493024922907,-0.4380020344899094,0.37841436632807013
p915,process,,40,pre,post_odor,2.0,-0.37288472801446915,-0.37288472801446915,-0.501817125827074,-0.24395233020186424,-3.6493676154802297,2.9035981594512914
p915,process,,3,pre,post_odor,2.0,-0.4430253878235817,-0.4430253878235817,-0.7004847414791584,-0.185566034168005,-6.98568790540551,6.099637129758347
p915,process,,2,pre,post_odor,2.0,1.8096131682395935,1.8096131682395935,1.483351856470108,2.135874480009079,-6.481472881432417,10.100699217911604
p915,process,,1,pre,post_odor,2.0,-0.05453999526798725,-0.05453999526798725,-0.10589372459799051,-0.0031862659379839897,-1.3595619929342286,1.2504820023982541
p915,process,,4,pre,post_odor,2.0,0.3635692447423935,0.3635692447423935,0.27134955674409866,0.4557889327406883,-1.9799552280825794,2.7070937175673664
p915,process,,31,pre,post_odor,2.0,0.8268968313932419,0.8268968313932419,0.5999880507588387,1.0538056120276451,-4.9394020149597155,6.593195677746199
p915,process,,21,pre,post_odor,2.0,0.8389689922332764,0.8389689922332764,0.7849762439727783,0.8929617404937744,-0.53311683509998,2.2110548195665327
p915,process,,12,pre,post_odor,2.0,0.09102306142449379,0.09102306142449379,0.08794134669005871,0.09410477615892887,0.012709264716057045,0.16933685813293053
p915,process,,22,pre,post_odor,2.0,0.8068480491638184,0.8068480491638184,0.6775360703468323,0.9361600279808044,-2.4792809062132024,4.092977004540839
p915,process,,10,pre,post_odor,2.0,0.3048214986920357,0.3048214986920357,0.05715734884142876,0.5524856485426426,-5.988921288932885,6.5985642863169565
p915,process,,0,pre,post_odor,2.0,0.18896742910146713,0.18896742910146713,0.13903086259961128,0.23890399560332298,-1.0800410464868997,1.457975904689834
p915,process,,18,pre,post_odor,2.0,-0.0013214349746704102,-0.0013214349746704102,-0.24478481709957123,0.2421419471502304,-6.188312593055718,6.185669723106377
p915,process,,12,post,post_odor,2.0,0.2520258277654648,0.2520258277654648,0.23182468861341476,0.2722269669175148,-0.26133379217433905,0.7653854477052686
p915,process,,18,post,post_odor,2.0,-0.02494250237941742,-0.02494250237941742,-0.07025782391428947,0.020372819155454636,-1.176514008594758,1.1266290038359232
p915,process,,40,post,post_odor,2.0,-0.13989654183387756,-0.13989654183387756,-0.1565813198685646,-0.12321176379919052,-0.5638969532066056,0.2841038695388504
p915,process,,32,post,post_odor,2.0,0.1429588869214058,0.1429588869214058,0.14247987046837807,0.14343790337443352,0.13078592467307282,0.15513184916973877
p915,process,,31,post,post_odor,2.0,0.09486279636621475,0.09486279636621475,-0.04470231011509895,0.23442790284752846,-3.451822837588973,3.6415484303214023
p915,process,,0,post,post_odor,2.0,-0.15415141358971596,-0.15415141358971596,-0.21839301474392414,-0.08990981243550777,-1.7866852872798074,1.4783824601003754
p915,process,,4,post,post_odor,2.0,0.12583437468856573,0.12583437468856573,0.049156753811985254,0.2025119955651462,-1.822728724392663,2.0743974737697943
p915,process,,2,post,post_odor,2.0,0.18387870490550995,0.18387870490550995,0.1750808134675026,0.1926765963435173,-0.039696914810409684,0.4074543246214296
p915,process,,3,post,post_odor,2.0,0.0575871616601944,0.0575871616601944,0.04529794305562973,0.06987638026475906,-0.2547114936142171,0.36988581693460587
p915,process,,21,post,post_odor,2.0,0.47060421109199524,0.47060421109199524,0.44257529079914093,0.49863313138484955,-0.2416781884578616,1.182886610641852
p915,process,,1,post,post_odor,2.0,0.07678081060294062,0.07678081060294062,0.03962742484873161,0.11393419635714963,-0.8673762414671713,1.0209378626730525
p915,process,,22,post,post_odor,2.0,0.014666226226836443,0.014666226226836443,0.0022045790683478117,0.027127873385325074,-0.3020142540646159,0.3313467065182888
p915,process,,10,post,post_odor,1.0,-0.19572678208351135,-0.19572678208351135,-0.19572678208351135,-0.19572678208351135,,
p915,process,,30,post,post_odor,2.0,-0.13921799510717392,-0.13921799510717392,-0.2471790425479412,-0.03125694766640663,-2.88276833973569,2.604332349521342
p915,process,,17,post,post_odor,2.0,-0.3431200385093689,-0.3431200385093689,-0.3651878088712692,-0.32105226814746857,-0.9039152550877559,0.21767517806901815
p915,process,,39,post,post_odor,2.0,-0.1190753374248743,-0.1190753374248743,-0.19897713232785463,-0.03917354252189398,-2.1495724670750898,1.9114217922253411
p937,process,,39,pre,post_odor,2.0,0.4208952486515045,0.4208952486515045,0.41075900197029114,0.4310314953327179,0.1633087974757676,0.6784816998272414
p937,process,,17,pre,post_odor,2.0,1.0440472066402435,1.0440472066402435,0.8801280409097672,1.20796637237072,-3.1215337532685234,5.2096281665490105
p937,process,,32,pre,post_odor,2.0,0.6741410195827484,0.6741410195827484,0.6156584173440933,0.7326236218214035,-0.8120428155144916,2.1603248546799882
p937,process,,30,pre,post_odor,2.0,0.24533508718013763,0.24533508718013763,0.1522081270813942,0.3384620472788811,-2.121245355764273,2.6119155301245485
p937,process,,40,pre,post_odor,2.0,0.9025501757860184,0.9025501757860184,0.641923300921917,1.1631770506501198,-5.72060668775929,7.525707039331326
p937,process,,3,pre,post_odor,2.0,0.7756020724773407,0.7756020724773407,0.5450731664896011,1.0061309784650803,-5.082692881695833,6.633897026650515
p937,process,,2,pre,post_odor,2.0,1.0394733101129532,1.0394733101129532,0.6572084650397301,1.4217381551861763,-8.674797459771993,10.7537440799979
p937,process,,1,pre,post_odor,2.0,0.5208990126848221,0.5208990126848221,0.39375367015600204,0.6480443552136421,-2.7101704941596716,3.7519685195293158
p937,process,,4,pre,post_odor,2.0,0.58859983086586,0.58859983086586,0.1398516148328781,1.0373480468988419,-10.815173584950578,11.992373246682298
p937,process,,31,pre,post_odor,2.0,1.7977272868156433,1.7977272868156433,1.6236176788806915,1.971836894750595,-2.6268173630975626,6.222271936728849
p937,process,,21,pre,post_odor,2.0,0.6450728923082352,0.6450728923082352,0.5115098878741264,0.7786358967423439,-2.7490848667285523,4.039230651345022
p937,process,,12,pre,post_odor,2.0,0.5177559554576874,0.5177559554576874,0.13304753601551056,0.9024643748998642,-9.258611926867246,10.294123837782621
p937,process,,22,pre,post_odor,2.0,1.0002693086862564,1.0002693086862564,0.7074631080031395,1.2930755093693733,-6.44064175911602,8.441180376488532
p937,process,,10,pre,post_odor,2.0,0.1728675365447998,0.1728675365447998,-0.08900290727615356,0.4347379803657532,-6.481891410539134,6.827626483628734
p937,process,,0,pre,post_odor,2.0,0.9091932773590088,0.9091932773590088,0.7936668395996094,1.0247197151184082,-2.0266118638647344,3.844998418582752
p937,process,,18,pre,post_odor,2.0,-0.4996565878391266,-0.4996565878391266,-0.916870728135109,-0.08244244754314423,-11.102073158694855,10.102759983016602
p937,process,,12,post,post_odor,2.0,0.11831488460302353,0.11831488460302353,0.11313330009579659,0.12349646911025047,-0.013361662610209296,0.24999143181625635
p937,process,,18,post,post_odor,2.0,0.11498309299349785,0.11498309299349785,0.1002539936453104,0.1297121923416853,-0.259318810801556,0.4892849967885517
p937,process,,40,post,post_odor,2.0,0.01036924496293068,0.01036924496293068,-0.0276161041110754,0.04835459403693676,-0.9549299996558394,0.9756684895817007
p937,process,,32,post,post_odor,2.0,-0.158292718231678,-0.158292718231678,-0.16716697439551353,-0.14941846206784248,-0.3838089496295868,0.06722351316623079
p937,process,,31,post,post_odor,2.0,-0.023747003637254238,-0.023747003637254238,-0.02491075126454234,-0.022583256009966135,-0.05332063486437455,0.005826627589866077
p937,process,,0,post,post_odor,2.0,-0.00608515739440918,-0.00608515739440918,-0.06433982774615288,0.05216951295733452,-1.4864766940496519,1.4743063792608335
p937,process,,4,post,post_odor,2.0,0.1196726611815393,0.1196726611815393,0.058490976924076676,0.18085434543900192,-1.4351013513770932,1.6744466737401718
p937,process,,2,post,post_odor,2.0,-0.1773498896509409,-0.1773498896509409,-0.23823825735598803,-0.11646152194589376,-1.7246700218745732,1.3699702425726914
p937,process,,3,post,post_odor,2.0,0.06209143064916134,0.06209143064916134,0.0036995569244027138,0.12048330437391996,-1.421786774302124,1.5459696356004466
p937,process,,21,post,post_odor,2.0,0.4319765269756317,0.4319765269756317,0.40392908453941345,0.46002396941185,-0.28077656486569535,1.144729618816959
p937,process,,1,post,post_odor,2.0,-0.1703420914709568,-0.1703420914709568,-0.19503256119787693,-0.14565162174403667,-0.7977864182360976,0.45710223529418403
p937,process,,22,post,post_odor,2.0,-0.018375955522060394,-0.018375955522060394,-0.062114715576171875,0.025362804532051086,-1.12988323582998,1.0931313247858592
p937,process,,10,post,post_odor,1.0,0.18017172813415527,0.18017172813415527,0.18017172813415527,0.18017172813415527,,
p937,process,,30,post,post_odor,2.0,0.17679835483431816,0.17679835483431816,0.10105735249817371,0.2525393571704626,-1.7479630103779562,2.1015597200465925
p937,process,,17,post,post_odor,2.0,0.2212846875190735,0.2212846875190735,0.18732404708862305,0.2552453279495239,-0.6417370130427569,1.0843063880809038
p937,process,,39,post,post_odor,2.0,0.06111293286085129,0.06111293286085129,-0.014344889670610428,0.136570755392313,-1.8564521512005254,1.978678016922228
p960,process,,39,pre,post_odor,2.0,0.8876058459281921,0.8876058459281921,0.8101306855678558,0.9650810062885284,-1.081224653084606,2.85643634494099
p960,process,,17,pre,post_odor,2.0,0.9537075459957123,0.9537075459957123,0.9296977669000626,0.977717325091362,0.343561208276407,1.5638538837150175
p960,process,,32,pre,post_odor,2.0,1.692425549030304,1.692425549030304,1.5443941056728363,1.8404569923877716,-2.069410104352559,5.454261202413167
p960,process,,30,pre,post_odor,2.0,-0.3081517592072487,-0.3081517592072487,-0.3415435738861561,-0.2747599445283413,-1.1567182268524503,0.5404147084379529
p960,process,,40,pre,post_odor,2.0,0.9649573713541031,0.9649573713541031,0.649350069463253,1.2805646732449532,-7.055384616759566,8.985299359467772
p960,process,,3,pre,post_odor,2.0,0.5780441164970398,0.5780441164970398,0.030355125665664673,1.125733107328415,-13.340052782007671,14.49614101500175
p960,process,,2,pre,post_odor,2.0,0.8288228921592236,0.8288228921592236,0.3606541771441698,1.2969916071742773,-11.06847219594697,12.726117980265418
p960,process,,1,pre,post_odor,2.0,-0.2778917998075485,-0.2778917998075485,-0.6537801846861839,0.09799658507108688,-9.830121352243495,9.274337752628398
p960,process,,4,pre,post_odor,2.0,0.39000120759010315,0.39000120759010315,-0.10944999754428864,0.8894524127244949,-12.30225732874343,13.082259743923636
p960,process,,31,pre,post_odor,2.0,2.49896776676178,2.49896776676178,2.3600348830223083,2.637900650501251,-1.0316515639999806,6.029587097523541
p960,process,,21,pre,post_odor,2.0,1.2083117961883545,1.2083117961883545,1.135654330253601,1.280969262123108,-0.6380894793688763,3.054713071745585
p960,process,,12,pre,post_odor,2.0,0.5957973897457123,0.5957973897457123,0.10432608425617218,1.0872686952352524,-11.893672669264596,13.08526744875602
p960,process,,22,pre,post_odor,2.0,1.1662370562553406,1.1662370562553406,0.5008470118045807,1.8316271007061005,-15.742927212152132,18.075401324662813
p960,process,,10,pre,post_odor,2.0,0.5115903168916702,0.5115903168916702,0.16605334728956223,0.8571272864937782,-8.269336642471842,9.292517276255182
p960,process,,0,pre,post_odor,2.0,1.3927952647209167,1.3927952647209167,0.9669478237628937,1.8186427056789398,-9.429014277656494,12.214604807098327
p960,process,,18,pre,post_odor,2.0,-0.39391256868839264,-0.39391256868839264,-0.7453011944890022,-0.04252394288778305,-9.323544211459637,8.535719074082852
p960,process,,12,post,post_odor,2.0,0.10289488732814789,0.10289488732814789,-0.00348673015832901,0.2092765048146248,-2.6005183365690465,2.8063081112253423
p960,process,,18,post,post_odor,2.0,0.04059222340583801,0.04059222340583801,-0.020799510180950165,0.10198395699262619,-1.5195196487190077,1.6007040955306837
p960,process,,40,post,post_odor,2.0,0.021637393161654472,0.021637393161654472,0.008858022280037403,0.03441676404327154,-0.30311721248101703,0.346391998804326
p960,process,,32,post,post_odor,2.0,0.0449037179350853,0.0449037179350853,0.03960519842803478,0.05020223744213581,-0.08974442937531318,0.17955186524548378
p960,process,,31,post,post_odor,2.0,0.04334277380257845,0.04334277380257845,0.035751167219132185,0.050934380386024714,-0.14957824124894134,0.23626378885409824
p960,process,,0,post,post_odor,2.0,-0.0031078532338142395,-0.0031078532338142395,-0.08712540194392204,0.08090969547629356,-2.1381962039181337,2.131980497450505
p960,process,,4,post,post_odor,2.0,0.11441725119948387,0.11441725119948387,0.059568265452980995,0.16926623694598675,-1.2794276337337023,1.50826213613267
p960,process,,2,post,post_odor,2.0,-0.1610206887125969,-0.1610206887125969,-0.16776910051703453,-0.15427227690815926,-0.3325140927750023,0.010472715349808537
p960,process,,3,post,post_odor,2.0,0.032779887318611145,0.032779887318611145,0.005453567951917648,0.06010620668530464,-0.6616477297999951,0.7272075044372174
p960,process,,21,post,post_odor,2.0,0.44027864933013916,0.44027864933013916,0.4247603565454483,0.45579694211483,0.045921438773770085,0.8346358598865082
p960,process,,1,post,post_odor,2.0,-0.15953165665268898,-0.15953165665268898,-0.20199077017605305,-0.11707254312932491,-1.238520035341384,0.9194567220360061
p960,process,,22,post,post_odor,2.0,0.007395442575216293,0.007395442575216293,-0.05070512183010578,0.06549600698053837,-1.469079890667436,1.4838707758178686
p960,process,,10,post,post_odor,1.0,-0.10208215564489365,-0.10208215564489365,-0.10208215564489365,-0.10208215564489365,,
p960,process,,30,post,post_odor,2.0,0.05353096127510071,0.05353096127510071,-0.04447685182094574,0.15153877437114716,-2.4370837166111183,2.5441456391613197
p960,process,,17,post,post_odor,2.0,-0.0056653209030628204,-0.0056653209030628204,-0.025842446833848953,0.014511805027723312,-0.5184147070313588,0.5070840652252332
p960,process,,39,post,post_odor,2.0,-0.12321317568421364,-0.12321317568421364,-0.14021764136850834,-0.10620870999991894,-0.5553376205120244,0.3089112691435971
p982,process,,39,pre,post_odor,2.0,0.4456825256347656,0.4456825256347656,0.42522186040878296,0.4661431908607483,-0.07427227716456597,0.9656373284340972
p982,process,,17,pre,post_odor,2.0,0.17397510260343552,0.17397510260343552,-0.010278504341840744,0.3582287095487118,-4.508353003847243,4.856303209054114
p982,process,,32,pre,post_odor,2.0,-0.06647392362356186,-0.06647392362356186,-0.22054342553019524,0.08759557828307152,-3.981751193275844,3.84880334602872
p982,process,,30,pre,post_odor,2.0,-0.18522273749113083,-0.18522273749113083,-0.3994651697576046,0.02901969477534294,-5.62963915259884,5.259193677616579
p982,process,,40,pre,post_odor,2.0,0.5728791654109955,0.5728791654109955,0.1255313903093338,1.0202269405126572,-10.795305672016895,11.941064002838885
p982,process,,3,pre,post_odor,2.0,0.0756700150668621,0.0756700150668621,0.0017824862152338028,0.1495575439184904,-1.8019901230107453,1.9533301531444696
p982,process,,2,pre,post_odor,2.0,-0.38642726466059685,-0.38642726466059685,-0.5365666057914495,-0.23628792352974415,-4.201829679386574,3.4289751500653796
p982,process,,1,pre,post_odor,2.0,0.04646272957324982,0.04646272957324982,-0.1647125408053398,0.25763799995183945,-5.320009711721564,5.412935170868064
p982,process,,4,pre,post_odor,2.0,0.006487071514129639,0.006487071514129639,-0.13258525729179382,0.1455594003200531,-3.5276758943752085,3.5406500374034677
p982,process,,31,pre,post_odor,2.0,1.5002816319465637,1.5002816319465637,1.3657415807247162,1.6348216831684113,-1.9187052401338867,4.9192685040270145
p982,process,,21,pre,post_odor,2.0,0.09919228591024876,0.09919228591024876,0.04061696585267782,0.1577676059678197,-1.3893477323666639,1.5877323041871614
p982,process,,12,pre,post_odor,2.0,0.5702130049467087,0.5702130049467087,0.21018106490373611,0.9302449449896812,-8.579066078549653,9.71949208844307
p982,process,,22,pre,post_odor,2.0,0.6191171333193779,0.6191171333193779,0.3484334833920002,0.8898007832467556,-6.259606616105221,7.497840882743977
p982,process,,10,pre,post_odor,2.0,0.4010191410779953,0.4010191410779953,0.046135373413562775,0.7559029087424278,-8.617432477900667,9.419470760056658
p982,process,,0,pre,post_odor,2.0,1.1254033148288727,1.1254033148288727,0.939874991774559,1.3109316378831863,-3.5893183993456645,5.84012502900341
p982,process,,18,pre,post_odor,2.0,-0.330332949757576,-0.330332949757576,-0.6857202425599098,0.025054343044757843,-9.361580355720209,8.700914456205057
p982,process,,12,post,post_odor,2.0,0.17126000672578812,0.17126000672578812,0.16840380802750587,0.17411620542407036,0.0986771158706485,0.24384289758092775
p982,process,,18,post,post_odor,2.0,0.07831601239740849,0.07831601239740849,0.010695612989366055,0.14593641180545092,-1.6400812660435775,1.7967132908383945
p982,process,,40,post,post_odor,2.0,0.18758202344179153,0.18758202344179153,0.17923762276768684,0.19592642411589622,-0.024469303289905125,0.3996333501734882
p982,process,,32,post,post_odor,2.0,0.06200565001927316,0.06200565001927316,0.03229642810765654,0.09171487193088979,-0.6929772623036231,0.8169885623421694
p982,process,,31,post,post_odor,2.0,-0.0635988786816597,-0.0635988786816597,-0.07735587283968925,-0.04984188452363014,-0.41319724733422514,0.28599948997090574
p982,process,,0,post,post_odor,2.0,-0.07713024690747261,-0.07713024690747261,-0.08039032481610775,-0.07387016899883747,-0.1599766816334692,0.005716187818523982
p982,process,,4,post,post_odor,2.0,-0.11476561520248652,-0.11476561520248652,-0.15974216954782605,-0.06978906085714698,-1.2577282308816298,1.0281970004766567
p982,process,,2,post,post_odor,2.0,0.045467063784599304,0.045467063784599304,-0.0155840665102005,0.10651819407939911,-1.5059892580166079,1.5969233855858065
p982,process,,3,post,post_odor,2.0,0.018972383812069893,0.018972383812069893,-0.01152742374688387,0.049472191371023655,-0.7561012147039201,0.7940459823280599
p982,process,,21,post,post_odor,2.0,0.3206798732280731,0.3206798732280731,0.291327103972435,0.35003264248371124,-0.425244718243591,1.0666044646997372
p982,process,,1,post,post_odor,2.0,-0.023053372278809547,-0.023053372278809547,-0.048491851426661015,0.0023851068690419197,-0.6695064207378325,0.6233996761802134
p982,process,,22,post,post_odor,2.0,-0.010051833582110703,-0.010051833582110703,-0.014478636032436043,-0.005625031131785363,-0.12254755010297785,0.10244388293875645
p982,process,,10,post,post_odor,1.0,0.07585598528385162,0.07585598528385162,0.07585598528385162,0.07585598528385162,,
p982,process,,30,post,post_odor,2.0,0.12641068175435066,0.12641068175435066,0.12435765378177166,0.12846370972692966,0.07423829425698578,0.17858306925171555
p982,process,,17,post,post_odor,2.0,0.15936915948987007,0.15936915948987007,0.05864365212619305,0.2600946668535471,-2.400308677946034,2.719046996925774
p982,process,,39,post,post_odor,2.0,-0.07008800655603409,-0.07008800655603409,-0.12320234254002571,-0.016973670572042465,-1.4198512614331709,1.2796752483211027
p1004,process,,39,pre,post_odor,2.0,0.36128784716129303,0.36128784716129303,0.3246970996260643,0.39787859469652176,-0.5685712121032984,1.2911469064258845
p1004,process,,17,pre,post_odor,2.0,0.8558981828391552,0.8558981828391552,0.39362400956451893,1.3181723561137915,-10.891602396907693,12.603398762586004
p1004,process,,32,pre,post_odor,2.0,1.0062559247016907,1.0062559247016907,0.9718518555164337,1.0406599938869476,0.1319656310509031,1.8805462183524781
p1004,process,,30,pre,post_odor,2.0,-0.01814432442188263,-0.01814432442188263,-0.1017039567232132,0.06541530787944794,-2.141595915822247,2.105307266978482
p1004,process,,40,pre,post_odor,2.0,0.6840754449367523,0.6840754449367523,0.5900882631540298,0.7780626267194748,-1.7043653036779278,3.0725161935514325
p1004,process,,3,pre,post_odor,2.0,0.8611403703689575,0.8611403703689575,0.5619630813598633,1.1603176593780518,-6.741675402757558,8.463956143495473
p1004,process,,2,pre,post_odor,2.0,0.6412972547113895,0.6412972547113895,0.35106771253049374,0.9315267968922853,-6.734134712162033,8.016729221584812
p1004,process,,1,pre,post_odor,2.0,0.37631677091121674,0.37631677091121674,0.2651486173272133,0.4874849244952202,-2.4487338682505038,3.2013674100729372
p1004,process,,4,pre,post_odor,2.0,0.4530694782733917,0.4530694782733917,-0.22551991045475006,1.1316588670015335,-16.791521931677416,17.6976608882242
p1004,process,,31,pre,post_odor,2.0,0.9037592709064484,0.9037592709064484,0.702493891119957,1.1050246506929398,-4.210878972835782,6.018397514648679
p1004,process,,21,pre,post_odor,2.0,0.891970157623291,0.891970157623291,0.7424641847610474,1.0414761304855347,-2.9073368433140003,4.691277158560583
p1004,process,,12,pre,post_odor,2.0,0.5439782217144966,0.5439782217144966,0.23342211171984673,0.8545343317091465,-7.348000809609522,8.435957253038517
p1004,process,,22,pre,post_odor,2.0,0.8327225744724274,0.8327225744724274,0.4538913816213608,1.211553767323494,-8.794290819157434,10.459735968102288
p1004,process,,10,pre,post_odor,2.0,-0.15169009193778038,-0.15169009193778038,-0.20321631245315075,-0.10016387142241001,-1.4610955062369417,1.157715322361381
p1004,process,,0,pre,post_odor,2.0,0.2439238727092743,0.2439238727092743,0.013307139277458191,0.4745406061410904,-5.616602988435682,6.104450733854231
p1004,process,,18,pre,post_odor,2.0,0.11876022815704346,0.11876022815704346,-0.2584081292152405,0.4959285855293274,-9.465996509400844,9.70351696571493
p1004,process,,12,post,post_odor,2.0,0.12426259368658066,0.12426259368658066,0.10983405634760857,0.13869113102555275,-0.24240130525846054,0.49092649263162186
p1004,process,,18,post,post_odor,2.0,0.025929976254701614,0.025929976254701614,-0.008116373792290688,0.059976326301693916,-0.8392698121784086,0.8911297646878118
p1004,process,,40,post,post_odor,2.0,-0.06983587332069874,-0.06983587332069874,-0.0746100815013051,-0.06506166514009237,-0.19116000651250786,0.0514882598711104
p1004,process,,32,post,post_odor,2.0,0.01433979719877243,0.01433979719877243,-0.04112161323428154,0.0698012076318264,-1.3950682746400256,1.4237478690375704
p1004,process,,31,post,post_odor,2.0,0.04937158618122339,0.04937158618122339,0.0347451395355165,0.06399803282693028,-0.3223216651049513,0.4210648374673981
p1004,process,,0,post,post_odor,2.0,0.08596359007060528,0.08596359007060528,0.06902959290891886,0.1028975872322917,-0.3443700798057724,0.516297259946983
p1004,process,,4,post,post_odor,2.0,0.17303478717803955,0.17303478717803955,0.1637236475944519,0.1823459267616272,-0.0635837045742905,0.4096532789303696
p1004,process,,2,post,post_odor,2.0,0.06572634354233742,0.06572634354233742,0.060204727575182915,0.07124795950949192,-0.0745912223640553,0.20604390944873013
p1004,process,,3,post,post_odor,2.0,0.0042761825025081635,0.0042761825025081635,-0.03273350931704044,0.04128587432205677,-0.9362292604613205,0.9447816254663368
p1004,process,,21,post,post_odor,2.0,0.26638849824666977,0.26638849824666977,0.2539573796093464,0.27881961688399315,-0.04951617876434583,0.5822931752576854
p1004,process,,1,post,post_odor,2.0,0.018072456121444702,0.018072456121444702,-0.03449113667011261,0.07063604891300201,-1.3176950872354423,1.3538399994783317
p1004,process,,22,post,post_odor,2.0,0.1368180401623249,0.1368180401623249,0.1262779887765646,0.1473580915480852,-0.13103006151221963,0.40466614183686944
p1004,process,,10,post,post_odor,1.0,0.03962089866399765,0.03962089866399765,0.03962089866399765,0.03962089866399765,,
p1004,process,,30,post,post_odor,2.0,0.254007488489151,0.254007488489151,0.19973954558372498,0.308275431394577,-1.125071697845613,1.633086674823915
p1004,process,,17,post,post_odor,2.0,0.066194087266922,0.066194087266922,-0.03918538987636566,0.17157356441020966,-2.6117523358803867,2.7441405104142307
p1004,process,,39,post,post_odor,2.0,0.12452204525470734,0.12452204525470734,0.021958567202091217,0.22708552330732346,-2.4818630559266928,2.7309071464361074
p1027,process,,39,pre,post_odor,2.0,0.867155946791172,0.867155946791172,0.5557843409478664,1.1785275526344776,-7.045546798961886,8.77985869254423
p1027,process,,17,pre,post_odor,2.0,1.2749013751745224,1.2749013751745224,0.846706248819828,1.7030965015292168,-9.606568509815354,12.156371260164399
p1027,process,,32,pre,post_odor,2.0,1.5337944030761719,1.5337944030761719,1.287373423576355,1.7802153825759888,-4.72835643055059,7.795945236702933
p1027,process,,30,pre,post_odor,2.0,0.01665012538433075,0.01665012538433075,-0.06920631974935532,0.10250657051801682,-2.1651690141931983,2.19846926496186
p1027,process,,40,pre,post_odor,2.0,1.4901953339576721,1.4901953339576721,1.034015029668808,1.9463756382465363,-10.102445351851884,13.082836019767228
p1027,process,,3,pre,post_odor,2.0,1.683756798505783,1.683756798505783,1.1884442120790482,2.179069384932518,-10.903329464578851,14.270843061590417
p1027,process,,2,pre,post_odor,2.0,0.6191913709044456,0.6191913709044456,0.22103697434067726,1.017345767468214,-9.498871187790215,10.737253929599106
p1027,process,,1,pre,post_odor,2.0,0.2814677804708481,0.2814677804708481,-0.006406120955944061,0.5693416818976402,-7.034101678989539,7.597037239931235
p1027,process,,4,pre,post_odor,2.0,0.5325977206230164,0.5325977206230164,-0.0772809088230133,1.142476350069046,-14.965887739294727,16.03108318054076
p1027,process,,31,pre,post_odor,2.0,2.7127045392990112,2.7127045392990112,2.604103982448578,2.8213050961494446,-0.047097280309359224,5.472506358907381
p1027,process,,21,pre,post_odor,2.0,0.9215713739395142,0.9215713739395142,0.7717633843421936,1.0713793635368347,-2.8854105999370527,4.7285533478160815
p1027,process,,12,pre,post_odor,2.0,1.3330643810331821,1.3330643810331821,0.6445644851773977,2.0215642768889666,-16.16337689412392,18.829505656190285
p1027,process,,22,pre,post_odor,2.0,1.4851912707090378,1.4851912707090378,0.598510392010212,2.3718721494078636,-21.04750629008808,24.017888831506156
p1027,process,,10,pre,post_odor,2.0,0.7926632389426231,0.7926632389426231,0.28409645333886147,1.3012300245463848,-12.131244160856689,13.716570638741935
p1027,process,,0,pre,post_odor,2.0,0.9384950995445251,0.9384950995445251,0.7011781632900238,1.1758120357990265,-5.0923000592783,6.969290258367351
p1027,process,,18,pre,post_odor,2.0,-0.4067774713039398,-0.4067774713039398,-0.9671723693609238,0.15361742675304413,-14.647762086943509,13.834207144335629
p1027,process,,12,post,post_odor,2.0,0.09979546070098877,0.09979546070098877,0.09427720680832863,0.10531371459364891,-0.04043666679167668,0.24002758819365422
p1027,process,,18,post,post_odor,2.0,0.10879478603601456,0.10879478603601456,0.09874321147799492,0.1188463605940342,-0.1466399424742298,0.3642295145462589
p1027,process,,40,post,post_odor,2.0,0.0012219033669680357,0.0012219033669680357,-0.002251526224426925,0.004695332958362997,-0.08704631168293592,0.08949011841687199
p1027,process,,32,post,post_odor,2.0,0.10475211590528488,0.10475211590528488,0.09468631073832512,0.11481792107224464,-0.15104424666638683,0.3605484784769566
p1027,process,,31,post,post_odor,2.0,-0.01981467194855213,-0.01981467194855213,-0.04559182468801737,0.005962480790913105,-0.6748742323951354,0.6352448884980312
p1027,process,,0,post,post_odor,2.0,-0.03326095826923847,-0.03326095826923847,-0.04569810535758734,-0.020823811180889606,-0.3493188327461978,0.28279691620772085
p1027,process,,4,post,post_odor,2.0,0.05983353778719902,0.05983353778719902,0.005021961405873299,0.11464511416852474,-1.3330606850400049,1.452727760614403
p1027,process,,2,post,post_odor,2.0,-0.1098371334373951,-0.1098371334373951,-0.1131667997688055,-0.10650746710598469,-0.19445197765749178,-0.02522228921729841
p1027,process,,3,post,post_odor,2.0,-0.051548703806474805,-0.051548703806474805,-0.07849317381624132,-0.024604233796708286,-0.7362726087100995,0.6331752010971499
p1027,process,,21,post,post_odor,2.0,0.38444066047668457,0.38444066047668457,0.3842788338661194,0.38460248708724976,0.3803282563854797,0.38855306456788946
p1027,process,,1,post,post_odor,2.0,-0.12267529219388962,-0.12267529219388962,-0.1620168648660183,-0.08333371952176094,-1.1224394462242142,0.877088861836435
p1027,process,,22,post,post_odor,2.0,0.058718813583254814,0.058718813583254814,0.016088304109871387,0.10134932305663824,-1.0246251491692344,1.142062776335744
p1027,process,,10,post,post_odor,1.0,-0.1550244837999344,-0.1550244837999344,-0.1550244837999344,-0.1550244837999344,,
p1027,process,,30,post,post_odor,2.0,-0.05371271353214979,-0.05371271353214979,-0.06551190977916121,-0.04191351728513837,-0.3535587200058122,0.2461332929415126
p1027,process,,17,post,post_odor,2.0,0.030556634068489075,0.030556634068489075,-0.056340910494327545,0.1174541786313057,-2.1777193505035353,2.2388326186405134
p1027,process,,39,post,post_odor,2.0,-0.20555999875068665,-0.20555999875068665,-0.2148343101143837,-0.1962856873869896,-0.4412425966990191,0.030122599197645844
p1049,process,,39,pre,post_odor,2.0,0.5471427068114281,0.5471427068114281,0.38750678673386574,0.7067786268889904,-3.509590660694826,4.603876074317682
p1049,process,,17,pre,post_odor,2.0,0.5503548830747604,0.5503548830747604,0.31147200614213943,0.7892377600073814,-5.52023460146985,6.620944367619371
p1049,process,,32,pre,post_odor,2.0,0.7917886972427368,0.7917886972427368,0.724399596452713,0.8591777980327606,-0.9207307260067714,2.504308120492245
p1049,process,,30,pre,post_odor,2.0,0.2780629135668278,0.2780629135668278,0.19787677191197872,0.3582490552216768,-1.7596601521740083,2.315785979307664
p1049,process,,40,pre,post_odor,2.0,1.0506709516048431,1.0506709516048431,0.7953699380159378,1.3059719651937485,-5.437142944422255,7.538484847631941
p1049,process,,3,pre,post_odor,2.0,0.7962577044963837,0.7962577044963837,0.5427234917879105,1.0497919172048569,-5.646657524101066,7.239172933093833
p1049,process,,2,pre,post_odor,2.0,0.3680673614144325,0.3680673614144325,0.2350424788892269,0.5010922439396381,-3.0124154233272673,3.7485501461561324
p1049,process,,1,pre,post_odor,2.0,0.3021560460329056,0.3021560460329056,0.2922156825661659,0.31209640949964523,0.049547459312135,0.5547646327536762
p1049,process,,4,pre,post_odor,2.0,0.7739193588495255,0.7739193588495255,0.5415974482893944,1.0062412694096565,-5.129940161703056,6.677778879402107
p1049,process,,31,pre,post_odor,2.0,1.5662646293640137,1.5662646293640137,1.5543142557144165,1.5782150030136108,1.2625768408328761,1.8699524178951512
p1049,process,,21,pre,post_odor,2.0,0.6011487394571304,0.6011487394571304,0.5457420274615288,0.6565554514527321,-0.8068693132916314,2.0091667922058924
p1049,process,,12,pre,post_odor,2.0,0.5743463337421417,0.5743463337421417,0.16186152398586273,0.9868311434984207,-9.907886552908558,11.056579220392841
p1049,process,,22,pre,post_odor,2.0,0.7711992776021361,0.7711992776021361,0.3979233675636351,1.1444751876406372,-8.714640994460105,10.257039549664377
p1049,process,,10,pre,post_odor,2.0,0.4461555629968643,0.4461555629968643,0.03634657710790634,0.8559645488858223,-9.968078191861586,10.860389317855315
p1049,process,,0,pre,post_odor,2.0,0.36429569870233536,0.36429569870233536,0.13092746958136559,0.5976639278233051,-5.5661532975567996,6.29474469496147
p1049,process,,18,pre,post_odor,2.0,-0.06126737594604492,-0.06126737594604492,-0.3490922451019287,0.22655749320983887,-7.37559080726075,7.25305605536866
p1049,process,,12,post,post_odor,2.0,0.11710317432880402,0.11710317432880402,0.10048574209213257,0.13372060656547546,-0.30518581804850947,0.5393921667061174
p1049,process,,18,post,post_odor,2.0,0.18617701344192028,0.18617701344192028,0.06452364940196276,0.3078303774818778,-2.9053280872302643,3.277682114114105
p1049,process,,40,post,post_odor,2.0,-0.12602749466896057,-0.12602749466896057,-0.14455202966928482,-0.10750295966863632,-0.5967805633820683,0.34472557404414716
p1049,process,,32,post,post_odor,2.0,-0.06597979972139001,-0.06597979972139001,-0.09140965272672474,-0.040549946716055274,-0.7122136371146109,0.5802540376718309
p1049,process,,31,post,post_odor,2.0,0.027679638005793095,0.027679638005793095,0.001493257936090231,0.05386601807549596,-0.6377793749240652,0.6931386509356514
p1049,process,,0,post,post_odor,2.0,-0.025953352451324463,-0.025953352451324463,-0.10138826817274094,0.04948156327009201,-1.9429363192761262,1.8910296143734773
p1049,process,,4,post,post_odor,2.0,-0.11538474634289742,-0.11538474634289742,-0.13198199309408665,-0.09878749959170818,-0.5371607768977388,0.30639128421194395
p1049,process,,2,post,post_odor,2.0,0.009929779917001724,0.009929779917001724,-0.026592766866087914,0.04645232670009136,-0.9181961339079091,0.9380556937419126
p1049,process,,3,post,post_odor,2.0,-0.06713194213807583,-0.06713194213807583,-0.07331250514835119,-0.060951379127800465,-0.22419494012484972,0.08993105584869807
p1049,process,,21,post,post_odor,2.0,0.20823390781879425,0.20823390781879425,0.16064558178186417,0.25582223385572433,-1.0011001195353386,1.4175679351729271
p1049,process,,1,post,post_odor,2.0,-0.00266464427113533,-0.00266464427113533,-0.0394743736833334,0.034145085141062737,-0.9380885606602953,0.9327592721180247
p1049,process,,22,post,post_odor,2.0,0.09353764541447163,0.09353764541447163,0.0645859120413661,0.12248937878757715,-0.642195657997169,0.8292709488261123
p1049,process,,10,post,post_odor,1.0,-0.04179936647415161,-0.04179936647415161,-0.04179936647415161,-0.04179936647415161,,
p1049,process,,30,post,post_odor,2.0,0.154369555413723,0.154369555413723,0.14888759329915047,0.15985151752829552,0.015059689446299679,0.29367942138114633
p1049,process,,17,post,post_odor,2.0,0.08110668510198593,0.08110668510198593,-0.0027818046510219574,0.16499517485499382,-2.050701966518436,2.212915336722408
p1049,process,,39,post,post_odor,2.0,-0.04555673568393104,-0.04555673568393104,-0.06876412242127117,-0.022349348946590908,-0.6353123502363889,0.5441988788685268
p1071,process,,39,pre,post_odor,2.0,-0.2611178234219551,-0.2611178234219551,-0.41072172299027443,-0.11151392385363579,-4.06291337791232,3.5406777310684094
p1071,process,,17,pre,post_odor,2.0,0.25418342649936676,0.25418342649936676,-0.04686892777681351,0.555235780775547,-7.396282272981719,7.904649125980453
p1071,process,,32,pre,post_odor,2.0,0.8805322051048279,0.8805322051048279,0.777346283197403,0.9837181270122528,-1.7416706941885214,3.502735104398177
p1071,process,,30,pre,post_odor,2.0,0.2169572189450264,0.2169572189450264,0.16334782168269157,0.2705666162073612,-1.1453867358512724,1.5793011737413252
p1071,process,,40,pre,post_odor,2.0,0.5948781138285995,0.5948781138285995,0.3046999522484839,0.885056275408715,-6.77924814817886,7.969004375836059
p1071,process,,3,pre,post_odor,2.0,0.6166883036494255,0.6166883036494255,0.3624858446419239,0.8708907626569271,-5.843208673527315,7.0765852808261664
p1071,process,,2,pre,post_odor,2.0,0.20515137910842896,0.20515137910842896,-0.12526684999465942,0.5355696082115173,-8.191571955987804,8.601874714204662
p1071,process,,1,pre,post_odor,2.0,0.46648354828357697,0.46648354828357697,0.330203615128994,0.6027634814381599,-2.996717915905089,3.929685012472243
p1071,process,,4,pre,post_odor,2.0,0.5306645762175322,0.5306645762175322,0.2351429658010602,0.8261861866340041,-6.979251595613966,8.040580748049031
p1071,process,,31,pre,post_odor,2.0,1.412830889225006,1.412830889225006,1.387321025133133,1.4383407533168793,0.7645637773383429,2.0610980011116693
p1071,process,,21,pre,post_odor,2.0,0.32598885893821716,0.32598885893821716,0.3222765475511551,0.32970117032527924,0.23165008188133046,0.42032763599510387
p1071,process,,12,pre,post_odor,2.0,0.6299134865403175,0.6299134865403175,0.27082764729857445,0.9889993257820606,-8.495322895993084,9.755149869073719
p1071,process,,22,pre,post_odor,2.0,1.0736243575811386,1.0736243575811386,0.7573178187012672,1.38993089646101,-6.964486927215754,9.111735642378031
p1071,process,,10,pre,post_odor,2.0,0.46289782226085663,0.46289782226085663,0.17393244057893753,0.7518632039427757,-6.880408780373799,7.806204424895513
p1071,process,,0,pre,post_odor,2.0,0.5952765941619873,0.5952765941619873,0.5785252749919891,0.6120279133319855,0.16958521221197792,1.0209679761119967
p1071,process,,18,pre,post_odor,2.0,0.022143691778182983,0.022143691778182983,-0.2487422078847885,0.2930295914411545,-6.8617197107429995,6.906007094299365
p1071,process,,12,post,post_odor,2.0,0.1126776784658432,0.1126776784658432,0.10912135615944862,0.11623400077223778,0.022302959800094238,0.20305239713159218
p1071,process,,18,post,post_odor,2.0,0.08454584330320358,0.08454584330320358,0.06100698933005333,0.10808469727635384,-0.513633152372329,0.6827248389787361
p1071,process,,40,post,post_odor,2.0,-0.032194958999753,-0.032194958999753,-0.07339339051395655,0.00900347251445055,-1.0791463702572366,1.0147564522577306
p1071,process,,32,post,post_odor,2.0,-0.07484245672821999,-0.07484245672821999,-0.07522743381559849,-0.07445747964084148,-0.08462565211015491,-0.06505926134628506
p1071,process,,31,post,post_odor,2.0,-0.10008200630545616,-0.10008200630545616,-0.10294252447783947,-0.09722148813307285,-0.1727746654051573,-0.02738934720575502
p1071,process,,0,post,post_odor,2.0,0.09032506868243217,0.09032506868243217,0.004232319071888924,0.17641781829297543,-2.097499137021141,2.2781492743860055
p1071,process,,4,post,post_odor,2.0,-0.0208316370844841,-0.0208316370844841,-0.10970500484108925,0.06804173067212105,-2.2793180497020273,2.237654775533059
p1071,process,,2,post,post_odor,2.0,0.10552024468779564,0.10552024468779564,0.0631303358823061,0.14791015349328518,-0.9717094753728532,1.1827499647484445
p1071,process,,3,post,post_odor,2.0,0.03513347916305065,0.03513347916305065,0.03341422509402037,0.036852733232080936,-0.008556909226149788,0.0788238675522511
p1071,process,,21,post,post_odor,2.0,0.5348353683948517,0.5348353683948517,0.5194965749979019,0.5501741617918015,0.14503966977979516,0.9246310670099083
p1071,process,,1,post,post_odor,2.0,-0.14900383725762367,-0.14900383725762367,-0.1696274597197771,-0.12838021479547024,-0.6730997760690092,0.3750921015537618
p1071,process,,22,post,post_odor,2.0,0.06916927546262741,0.06916927546262741,0.06652785465121269,0.07181069627404213,0.002044408214171206,0.13629414271108362
p1071,process,,10,post,post_odor,1.0,0.1406152993440628,0.1406152993440628,0.1406152993440628,0.1406152993440628,,
p1071,process,,30,post,post_odor,2.0,-0.02186373807489872,-0.02186373807489872,-0.02486258465796709,-0.01886489149183035,-0.09807165538858797,0.054344179238790535
p1071,process,,17,post,post_odor,2.0,0.08353294059634209,0.08353294059634209,0.0253284964710474,0.14173738472163677,-1.3955822266261273,1.5626481078188115
p1071,process,,39,post,post_odor,2.0,0.17686596885323524,0.17686596885323524,0.1256940420717001,0.2280378956347704,-1.1235359880082179,1.4772679257146883
p1093,process,,39,pre,post_odor,2.0,0.9119316041469574,0.9119316041469574,0.8218515664339066,1.0020116418600082,-1.3772191995017655,3.2010824077956803
p1093,process,,17,pre,post_odor,2.0,1.0542252287268639,1.0542252287268639,0.5955052711069584,1.5129451863467693,-10.602954167448932,12.71140462490266
p1093,process,,32,pre,post_odor,2.0,1.2697646617889404,1.2697646617889404,1.2690767049789429,1.270452618598938,1.2522820216339912,1.2872473019438897
p1093,process,,30,pre,post_odor,2.0,-0.12650687992572784,-0.12650687992572784,-0.2949262335896492,0.04191247373819351,-4.406448458301724,4.153434698450268
p1093,process,,40,pre,post_odor,2.0,0.49442168697714806,0.49442168697714806,0.28730050660669804,0.7015428673475981,-4.769026558993062,5.757869932947358
p1093,process,,3,pre,post_odor,2.0,1.1640602499246597,1.1640602499246597,0.7748972401022911,1.5532232597470284,-8.725509507173298,11.053630007022617
p1093,process,,2,pre,post_odor,2.0,0.7672498561441898,0.7672498561441898,0.4266351964324713,1.1078645158559084,-7.88858934873495,9.42308906102333
p1093,process,,1,pre,post_odor,2.0,0.21522798389196396,0.21522798389196396,0.04873884096741676,0.38171712681651115,-4.01566228880713,4.446118256591058
p1093,process,,4,pre,post_odor,2.0,0.5731221139431,0.5731221139431,-0.09084312617778778,1.2370873540639877,-16.299834443415683,17.446078671301883
p1093,process,,31,pre,post_odor,2.0,0.8968411535024643,0.8968411535024643,0.6061925664544106,1.187489740550518,-6.489239753122463,8.28292206012739
p1093,process,,21,pre,post_odor,2.0,0.9835958331823349,0.9835958331823349,0.7363508120179176,1.2308408543467522,-5.299495884647527,7.266687551012197
p1093,process,,12,pre,post_odor,2.0,0.2354697287082672,0.2354697287082672,-0.10304699838161469,0.5739864557981491,-8.367055953339358,8.837995410755893
p1093,process,,22,pre,post_odor,2.0,0.9755236655473709,0.9755236655473709,0.38905196636915207,1.5619953647255898,-13.92813529791404,15.879182629008781
p1093,process,,10,pre,post_odor,2.0,-0.04535464197397232,-0.04535464197397232,-0.11959806457161903,0.028888780623674393,-1.9320588976540483,1.8413496137061036
p1093,process,,0,pre,post_odor,2.0,0.150326669216156,0.150326669216156,0.02324904501438141,0.2774042934179306,-3.0790219517726767,3.3796752902049887
p1093,process,,18,pre,post_odor,2.0,-0.0341344028711319,-0.0341344028711319,-0.2549014762043953,0.1866326704621315,-5.644357668428206,5.576088862685943
p1093,process,,12,post,post_odor,2.0,0.21925218030810356,0.21925218030810356,0.12565571255981922,0.3128486480563879,-2.159259583276841,2.597763943893048
p1093,process,,18,post,post_odor,2.0,0.18467580527067184,0.18467580527067184,0.15531139448285103,0.21404021605849266,-0.5615446255837043,0.930896236125048
p1093,process,,40,post,post_odor,2.0,0.18780238181352615,0.18780238181352615,0.18026500567793846,0.19533975794911385,-0.0037405068911427197,0.379345270518195
p1093,process,,32,post,post_odor,2.0,0.06307435035705566,0.06307435035705566,-0.042551830410957336,0.16870053112506866,-2.621141406320086,2.7472901070341975
p1093,process,,31,post,post_odor,2.0,0.16378792375326157,0.16378792375326157,0.12684039399027824,0.2007354535162449,-0.7751378315754868,1.1027136790820098
p1093,process,,0,post,post_odor,2.0,0.23286782205104828,0.23286782205104828,0.1795467659831047,0.28618887811899185,-1.1221486882456335,1.58788433234773
p1093,process,,4,post,post_odor,2.0,-0.3516787588596344,-0.3516787588596344,-0.38841456174850464,-0.31494295597076416,-1.2852240241671202,0.5818665064478515
p1093,process,,2,post,post_odor,2.0,0.11530178785324097,0.11530178785324097,0.09807295352220535,0.13253062218427658,-0.3225244048983068,0.5531279806047887
p1093,process,,3,post,post_odor,2.0,0.09760861098766327,0.09760861098766327,0.02502363920211792,0.17019358277320862,-1.7469504135655425,1.942167635540869
p1093,process,,21,post,post_odor,2.0,0.4664178788661957,0.4664178788661957,0.4039519280195236,0.5288838297128677,-1.1209924421290844,2.053828199861476
p1093,process,,1,post,post_odor,2.0,-0.18235856294631958,-0.18235856294631958,-0.2041819766163826,-0.16053514927625656,-0.7369440872144281,0.3722269613217889
p1093,process,,22,post,post_odor,2.0,0.06515476503409445,0.06515476503409445,0.030006749904714525,0.10030278016347438,-0.8280409875740394,0.9583505176422283
p1093,process,,10,post,post_odor,1.0,0.4522203803062439,0.4522203803062439,0.4522203803062439,0.4522203803062439,,
p1093,process,,30,post,post_odor,2.0,0.055967955850064754,0.055967955850064754,0.03587024146690965,0.07606567023321986,-0.4547633915129986,0.5666993032131281
p1093,process,,17,post,post_odor,2.0,0.16498417407274246,0.16498417407274246,0.14562693610787392,0.184341412037611,-0.32692988334420414,0.6568982314896891
p1093,process,,39,post,post_odor,2.0,0.28971143066883087,0.28971143066883087,0.09374844282865524,0.4856744185090065,-4.690180257750736,5.269603119088398
p1116,process,,39,pre,post_odor,2.0,0.9153809249401093,0.9153809249401093,0.8860472291707993,0.9447146207094193,0.1699410367130807,1.6608208131671378
p1116,process,,17,pre,post_odor,2.0,0.9602770507335663,0.9602770507335663,0.6166590005159378,1.3038951009511948,-7.771885543487121,9.692439644954254
p1116,process,,32,pre,post_odor,2.0,0.6645468473434448,0.6645468473434448,0.6103819906711578,0.7187117040157318,-0.7119126694238278,2.0410063641107175
p1116,process,,30,pre,post_odor,2.0,1.0481407046318054,1.0481407046318054,0.8494966328144073,1.2467847764492035,-3.9998837876466924,6.096165196910303
p1116,process,,40,pre,post_odor,2.0,0.8552965521812439,0.8552965521812439,0.641275554895401,1.0693175494670868,-4.583492666527172,6.29408577088966
p1116,process,,3,pre,post_odor,2.0,1.1151589453220367,1.1151589453220367,0.9268329590559006,1.303484931588173,-3.6706581319570626,5.900976022601136
p1116,process,,2,pre,post_odor,2.0,0.7538798451423645,0.7538798451423645,0.6522310376167297,0.8555286526679993,-1.8292612740750962,3.337020964359825
p1116,process,,1,pre,post_odor,2.0,0.7966847717761993,0.7966847717761993,0.7052373141050339,0.8881322294473648,-1.5272154677687957,3.1205850113211944
p1116,process,,4,pre,post_odor,2.0,0.8924634456634521,0.8924634456634521,0.8468296229839325,0.9380972683429718,-0.2672019420570855,2.05212883338399
p1116,process,,31,pre,post_odor,2.0,1.696386992931366,1.696386992931366,1.5350686609745026,1.8577053248882294,-2.4031005141528317,5.795874500015564
p1116,process,,21,pre,post_odor,2.0,0.8718400001525879,0.8718400001525879,0.8702684640884399,0.8734115362167358,0.8319034821898958,0.9117765181152799
p1116,process,,12,pre,post_odor,2.0,0.9205472767353058,0.9205472767353058,0.7625678032636642,1.0785267502069473,-3.0940917913522066,4.935186344822818
p1116,process,,22,pre,post_odor,2.0,1.327217698097229,1.327217698097229,1.1812760829925537,1.4731593132019043,-2.38151038399879,5.035945780193249
p1116,process,,10,pre,post_odor,2.0,0.9791151732206345,0.9791151732206345,0.7013654187321663,1.2568649277091026,-6.079175318684831,8.0374056651261
p1116,process,,0,pre,post_odor,2.0,0.9062992334365845,0.9062992334365845,0.7653065323829651,1.0472919344902039,-2.676665018350538,4.489263485223707
p1116,process,,18,pre,post_odor,2.0,0.09832992777228355,0.09832992777228355,0.017741868272423744,0.17891798727214336,-1.94960683882021,2.146266694364777
p1116,process,,12,post,post_odor,2.0,0.027040272019803524,0.027040272019803524,0.02360606426373124,0.030474479775875807,-0.060231221690623477,0.11431176573023052
p1116,process,,18,post,post_odor,2.0,0.06440810672938824,0.06440810672938824,0.06282525975257158,0.06599095370620489,0.0241841512224531,0.10463206223632338
p1116,process,,40,post,post_odor,2.0,-0.07238461636006832,-0.07238461636006832,-0.095924305729568,-0.04884492699056864,-0.6705848414697042,0.5258156087495676
p1116,process,,32,post,post_odor,2.0,-0.007852397859096527,-0.007852397859096527,-0.046839043498039246,0.03113424777984619,-0.9985970007892935,0.9828922050711004
p1116,process,,31,post,post_odor,2.0,0.005040615797042847,0.005040615797042847,-0.038122739642858505,0.0482039712369442,-1.0918442468422895,1.1019254784363752
p1116,process,,0,post,post_odor,2.0,0.05990034807473421,0.05990034807473421,0.04378529591485858,0.07601540023460984,-0.3496219560802937,0.46942265222976215
p1116,process,,4,post,post_odor,2.0,-0.047386616468429565,-0.047386616468429565,-0.08918272703886032,-0.00559050589799881,-1.1095264926358066,1.0147532596989475
p1116,process,,2,post,post_odor,2.0,-0.1162187047302723,-0.1162187047302723,-0.12842278368771076,-0.10401462577283382,-0.42635375642958145,0.19391634696903687
p1116,process,,3,post,post_odor,2.0,-0.1247323714196682,-0.1247323714196682,-0.12583970837295055,-0.12362503446638584,-0.15287247150034325,-0.09659227133899315
p1116,process,,21,post,post_odor,2.0,2.0000123381614685,2.0000123381614685,1.7937653362751007,2.2062593400478363,-3.2412209262193263,7.241245602542263
p1116,process,,1,post,post_odor,2.0,-0.007314634509384632,-0.007314634509384632,-0.02454572217538953,0.009916453156620264,-0.44519808993185006,0.4305688209130808
p1116,process,,22,post,post_odor,2.0,-0.04153714934363961,-0.04153714934363961,-0.06522562284953892,-0.017848675837740302,-0.6435183378504526,0.5604440391631734
p1116,process,,10,post,post_odor,1.0,-0.03041037544608116,-0.03041037544608116,-0.03041037544608116,-0.03041037544608116,,
p1116,process,,30,post,post_odor,2.0,0.06024477630853653,0.06024477630853653,-0.0019520185887813568,0.12244157120585442,-1.5203256434898367,1.6408151961069097
p1116,process,,17,post,post_odor,2.0,-0.12664395198225975,-0.12664395198225975,-0.16136839799582958,-0.09191950596868992,-1.0090757927795866,0.7557878888150672
p1116,process,,39,post,post_odor,2.0,-0.08761264756321907,-0.08761264756321907,-0.09733816049993038,-0.07788713462650776,-0.3347613646395581,0.15953606951311997
p1138,process,,39,pre,post_odor,2.0,0.3195108324289322,0.3195108324289322,0.25888020545244217,0.3801414594054222,-1.2212594868629052,1.8602811517207696
p1138,process,,17,pre,post_odor,2.0,-0.25443585216999054,-0.25443585216999054,-0.28932666033506393,-0.21954504400491714,-1.141095356082027,0.632223651742046
p1138,process,,32,pre,post_odor,2.0,1.0006783604621887,1.0006783604621887,0.9351114332675934,1.066245287656784,-0.6655352412505886,2.666891962174966
p1138,process,,30,pre,post_odor,2.0,0.7442746162414551,0.7442746162414551,0.7050479352474213,0.7835012972354889,-0.2525698634201575,1.7411190959030676
p1138,process,,40,pre,post_odor,2.0,0.6892055571079254,0.6892055571079254,0.5377040058374405,0.8407071083784103,-3.160813899473772,4.539225013689623
p1138,process,,3,pre,post_odor,2.0,0.7060641348361969,0.7060641348361969,0.5661864429712296,0.8459418267011642,-2.8485650468834676,4.260693316555861
p1138,process,,2,pre,post_odor,2.0,0.21968913823366165,0.21968913823366165,0.19407562538981438,0.24530265107750893,-0.43121193817946557,0.8705902146467889
p1138,process,,1,pre,post_odor,2.0,0.636912927031517,0.636912927031517,0.4462449923157692,0.8275808617472649,-4.2084187032122475,5.482244557275282
p1138,process,,4,pre,post_odor,2.0,0.3183034509420395,0.3183034509420395,0.2997371330857277,0.3368697687983513,-0.15351142081634805,0.790118322700427
p1138,process,,31,pre,post_odor,2.0,0.8973576724529266,0.8973576724529266,0.8215425759553909,0.9731727689504623,-1.0292866039281328,2.824001948833986
p1138,process,,21,pre,post_odor,2.0,-0.10755976289510727,-0.10755976289510727,-0.13050587102770805,-0.08461365476250648,-0.6906756585575646,0.4755561327673501
p1138,process,,12,pre,post_odor,2.0,0.6971157467924058,0.6971157467924058,0.34566701599396765,1.048564477590844,-8.234043308794995,9.628274802379806
p1138,process,,22,pre,post_odor,2.0,0.26724627800285816,0.26724627800285816,0.11468579154461622,0.4198067644611001,-3.609683273174799,4.144175829180515
p1138,process,,10,pre,post_odor,2.0,-0.19604219309985638,-0.19604219309985638,-0.3203813349828124,-0.07170305121690035,-3.3557993800700823,2.9637149938703695
p1138,process,,0,pre,post_odor,2.0,0.018747985363006592,0.018747985363006592,-0.18842369318008423,0.2259196639060974,-5.2459835408479565,5.28347951157397
p1138,process,,18,pre,post_odor,2.0,0.15283707529306412,0.15283707529306412,0.12404393777251244,0.1816302128136158,-0.578865925372862,0.8845400759589902
p1138,process,,12,post,post_odor,2.0,0.017370763729559258,0.017370763729559258,0.008392856732825749,0.026348670726292767,-0.21077948507610322,0.24552101253522174
p1138,process,,18,post,post_odor,2.0,-0.003832625225186348,-0.003832625225186348,-0.02903431560844183,0.021369065158069134,-0.6442683006398443,0.6366030501894716
p1138,process,,40,post,post_odor,2.0,0.08083007112145424,0.08083007112145424,-0.004304701462388039,0.16596484370529652,-2.08264963011449,2.2443097723573984
p1138,process,,32,post,post_odor,2.0,0.048023052513599396,0.048023052513599396,0.04646931029856205,0.04957679472863674,0.00853871913059523,0.08750738589660356
p1138,process,,31,post,post_odor,2.0,-0.02512780763208866,-0.02512780763208866,-0.05586009565740824,0.005604480393230915,-0.8061092949536894,0.7558536796895121
p1138,process,,0,post,post_odor,2.0,-0.012745540589094162,-0.012745540589094162,-0.06118338741362095,0.035692306235432625,-1.2436679380529072,1.2181768568747189
p1138,process,,4,post,post_odor,2.0,0.09244394768029451,0.09244394768029451,0.049474589060992,0.13541330629959702,-0.9995109883176463,1.1843988836782353
p1138,process,,2,post,post_odor,2.0,-0.005224309861660004,-0.005224309861660004,-0.015703048557043076,0.005254428833723068,-0.27151430834248685,0.26106568861916685
p1138,process,,3,post,post_odor,2.0,0.04745864495635033,0.04745864495635033,-0.01709803007543087,0.11201531998813152,-1.5930820151246674,1.687999305037368
p1138,process,,21,post,post_odor,2.0,0.05346538685262203,0.05346538685262203,0.05171410273760557,0.05521667096763849,0.008961037819402724,0.09796973588584135
p1138,process,,1,post,post_odor,2.0,-0.04792952351272106,-0.04792952351272106,-0.1021755700930953,0.006316523067653179,-1.4264522714693293,1.3305932244438872
p1138,process,,22,post,post_odor,2.0,0.052887680009007454,0.052887680009007454,0.010226788930594921,0.09554857108741999,-1.0312283525309087,1.1370037125489236
p1138,process,,10,post,post_odor,1.0,-0.11957988888025284,-0.11957988888025284,-0.11957988888025284,-0.11957988888025284,,
p1138,process,,30,post,post_odor,2.0,0.03605979308485985,0.03605979308485985,0.0321242306381464,0.039995355531573296,-0.06395233131502351,0.1360719174847432
p1138,process,,17,post,post_odor,2.0,0.008859824389219284,0.008859824389219284,-0.007555114105343819,0.025274762883782387,-0.40828331409804863,0.4260029628764872
p1138,process,,39,post,post_odor,2.0,0.10323710180819035,0.10323710180819035,0.06831070687621832,0.13816349674016237,-0.7843267475960711,0.9908009512124518
p1160,process,,39,pre,post_odor,2.0,1.508413851261139,1.508413851261139,1.4730993211269379,1.54372838139534,0.6109865511672002,2.4058411513550775
p1160,process,,17,pre,post_odor,2.0,1.670341432094574,1.670341432094574,1.5312035977840424,1.8094792664051056,-1.8654861865005592,5.206169050689708
p1160,process,,32,pre,post_odor,2.0,1.7366089820861816,1.7366089820861816,1.3974069356918335,2.07581102848053,-6.883332314745848,10.356550278918212
p1160,process,,30,pre,post_odor,2.0,1.5063652396202087,1.5063652396202087,1.491583377122879,1.5211471021175385,1.130722497074101,1.8820079821663165
p1160,process,,40,pre,post_odor,2.0,1.1445075869560242,1.1445075869560242,1.1323827803134918,1.1566323935985565,0.8363870357829304,1.452628138129118
p1160,process,,3,pre,post_odor,2.0,1.4917567074298859,1.4917567074298859,1.187507078051567,1.7960063368082047,-6.239959456142493,9.223472871002265
p1160,process,,2,pre,post_odor,2.0,1.3971503376960754,1.3971503376960754,1.280714601278305,1.5135860741138458,-1.5617622733668495,4.356062948759
p1160,process,,1,pre,post_odor,2.0,1.3050531148910522,1.3050531148910522,1.217085361480713,1.3930208683013916,-0.930419455135151,3.5405256849172555
p1160,process,,4,pre,post_odor,2.0,1.381379395723343,1.381379395723343,1.1811555474996567,1.5816032439470291,-3.7067910214665067,6.4695498129131925
p1160,process,,31,pre,post_odor,2.0,2.290860176086426,2.290860176086426,2.25029718875885,2.3314231634140015,1.2600569326963533,3.321663419476498
p1160,process,,21,pre,post_odor,2.0,1.1723982989788055,1.1723982989788055,1.050216868519783,1.294579729437828,-1.9325262417632563,4.277322839720867
p1160,process,,12,pre,post_odor,2.0,1.1907446086406708,1.1907446086406708,0.8678183704614639,1.5136708468198776,-7.015589185334759,9.397078402616101
p1160,process,,22,pre,post_odor,2.0,1.7284099459648132,1.7284099459648132,1.5841369926929474,1.872682899236679,-1.9379134183649702,5.394733310294597
p1160,process,,10,pre,post_odor,2.0,1.237098604440689,1.237098604440689,0.8946196287870407,1.5795775800943375,-7.466117360540599,9.940314569421977
p1160,process,,0,pre,post_odor,2.0,1.250104933977127,1.250104933977127,1.0951116532087326,1.4050982147455215,-2.688647782372129,5.1888576503263835
p1160,process,,18,pre,post_odor,2.0,0.0011697709560394287,0.0011697709560394287,-0.330204501748085,0.3325440436601639,-8.41984893560314,8.422188477515219
p1160,process,,12,post,post_odor,2.0,0.016065062722191215,0.016065062722191215,0.0049290364840999246,0.027201088960282505,-0.2669281959350112,0.29905832137939364
p1160,process,,18,post,post_odor,2.0,-0.04250439768657088,-0.04250439768657088,-0.056787366745993495,-0.02822142862714827,-0.4054690559055153,0.32046026053237353
p1160,process,,40,post,post_odor,2.0,-0.03898511826992035,-0.03898511826992035,-0.09004409611225128,0.012073859572410583,-1.3365167704388483,1.2585465338990076
p1160,process,,32,post,post_odor,2.0,-0.12745653773890808,-0.12745653773890808,-0.1918942291813437,-0.06301884629647247,-1.7649735381269858,1.5100604626491696
p1160,process,,31,post,post_odor,2.0,-0.1646672822535038,-0.1646672822535038,-0.18450901098549366,-0.14482555352151394,-0.66889341743011,0.3395588529231024
p1160,process,,0,post,post_odor,2.0,-0.15544311702251434,-0.15544311702251434,-0.17518407106399536,-0.13570216298103333,-0.6571083244994605,0.34622209045443186
p1160,process,,4,post,post_odor,2.0,-0.10578895453363657,-0.10578895453363657,-0.1527731609530747,-0.058804748114198446,-1.2997708467977847,1.0881929377305115
p1160,process,,2,post,post_odor,2.0,-0.0002797660417854786,-0.0002797660417854786,-0.006812441861256957,0.006252909777686,-0.16629079891631027,0.1657312668327393
p1160,process,,3,post,post_odor,2.0,0.07538618892431259,0.07538618892431259,0.021122213453054428,0.12965016439557076,-1.3035921753488233,1.4543645531974485
p1160,process,,21,post,post_odor,2.0,1.9296553134918213,1.9296553134918213,1.9038840532302856,1.955426573753357,1.2747454951071915,2.584565131876451
p1160,process,,1,post,post_odor,2.0,-0.037092238664627075,-0.037092238664627075,-0.11566104739904404,0.041476570069789886,-2.033714977978332,1.959530500649078
p1160,process,,22,post,post_odor,2.0,-0.07879627973306924,-0.07879627973306924,-0.11999285832280293,-0.03759970114333555,-1.1257006037152035,0.968108044249065
p1160,process,,10,post,post_odor,1.0,0.016949692741036415,0.016949692741036415,0.016949692741036415,0.016949692741036415,,
p1160,process,,30,post,post_odor,2.0,0.05008190218359232,0.05008190218359232,0.018912495579570532,0.08125130878761411,-0.7420078214479604,0.842171625815145
p1160,process,,17,post,post_odor,2.0,0.02916291356086731,0.02916291356086731,-0.05311720073223114,0.11144302785396576,-2.0617730422870575,2.120098869408792
p1160,process,,39,post,post_odor,2.0,0.06376183778047562,0.06376183778047562,0.039583925157785416,0.08793975040316582,-0.5506571779740126,0.6781808535349638
p1183,process,,39,pre,post_odor,2.0,0.355909064412117,0.355909064412117,0.33065667003393173,0.3811614587903023,-0.2858151216835808,0.9976332505078148
p1183,process,,17,pre,post_odor,2.0,0.6353204324841499,0.6353204324841499,0.421830128878355,0.8488107360899448,-4.789982581122499,6.060623446090799
p1183,process,,32,pre,post_odor,2.0,1.7210148572921753,1.7210148572921753,1.6345301270484924,1.8074995875358582,-0.4767705207659727,3.9188002353503233
p1183,process,,30,pre,post_odor,2.0,3.622523546218872,3.622523546218872,2.9254382848739624,4.319608807563782,-14.092092552217657,21.3371396446554
p1183,process,,40,pre,post_odor,2.0,0.5459651201963425,0.5459651201963425,0.5146212056279182,0.5773090347647667,-0.2505592712827913,1.3424895116754763
p1183,process,,3,pre,post_odor,2.0,2.1348124146461487,2.1348124146461487,1.2626535594463348,3.0069712698459625,-20.028845538626996,24.298470367919293
p1183,process,,2,pre,post_odor,2.0,1.1692495793104172,1.1692495793104172,0.6725549176335335,1.6659442409873009,-11.452958545952598,13.791457704573432
p1183,process,,1,pre,post_odor,2.0,0.6209702491760254,0.6209702491760254,0.5135087668895721,0.7284317314624786,-2.109884941192945,3.351825439544996
p1183,process,,4,pre,post_odor,2.0,1.3125349432229996,1.3125349432229996,0.897391639649868,1.7276782467961311,-9.237256676881264,11.862326563327263
p1183,process,,31,pre,post_odor,2.0,3.1451536417007446,3.1451536417007446,2.8594927191734314,3.430814564228058,-4.114178691812415,10.404485975213905
p1183,process,,21,pre,post_odor,2.0,3.13105571269989,3.13105571269989,2.58188396692276,3.6802274584770203,-10.8247215616335,17.086832987033283
p1183,process,,12,pre,post_odor,2.0,0.621634915471077,0.621634915471077,0.23268835991621017,1.0105814710259438,-9.262434217149085,10.50570404809124
p1183,process,,22,pre,post_odor,2.0,1.3976515233516693,1.3976515233516693,1.0888841301202774,1.7064189165830612,-6.448871905154383,9.244174951857723
p1183,process,,10,pre,post_odor,2.0,0.2365189865231514,0.2365189865231514,0.02800215408205986,0.44503581896424294,-5.062396141347133,5.535434114393436
p1183,process,,0,pre,post_odor,2.0,0.6265990734100342,0.6265990734100342,0.5513394176959991,0.7018587291240692,-1.285930114343063,2.5391282611631314
p1183,process,,18,pre,post_odor,2.0,-0.3255450129508972,-0.3255450129508972,-0.5126318335533142,-0.13845819234848022,-5.0798719049794885,4.428781879077694
p1183,process,,12,post,post_odor,2.0,0.10605271719396114,0.10605271719396114,0.06987271551042795,0.14223271887749434,-0.8133683002982746,1.0254737346861968
p1183,process,,18,post,post_odor,2.0,0.12099770084023476,0.12099770084023476,0.10303611122071743,0.13895929045975208,-0.33544956934523973,0.5774449710257092
p1183,process,,40,post,post_odor,2.0,0.0881340242922306,0.0881340242922306,-0.009588221088051796,0.185856269672513,-2.395223689868909,2.5714917384533704
p1183,process,,32,post,post_odor,2.0,0.11390354670584202,0.11390354670584202,0.037319994531571865,0.19048709888011217,-1.832269039993744,2.060076133405428
p1183,process,,31,post,post_odor,2.0,0.27545365691185,0.27545365691185,0.16958051919937134,0.3813267946243286,-2.4150378707600932,2.965945184583793
p1183,process,,0,post,post_odor,2.0,-0.0009250771254301071,-0.0009250771254301071,-0.030768943019211292,0.028918788768351078,-0.7593296174560799,0.7574794632052196
p1183,process,,4,post,post_odor,2.0,0.008368684444576502,0.008368684444576502,0.0016129601281136274,0.015124408761039376,-0.16331054816768573,0.18004791705683873
p1183,process,,2,post,post_odor,2.0,-0.20618043839931488,-0.20618043839931488,-0.21773593127727509,-0.19462494552135468,-0.4998333550688566,0.08747247827022686
p1183,process,,3,post,post_odor,2.0,0.12027383223176003,0.12027383223176003,0.08534747920930386,0.1552001852542162,-0.7672889521507238,1.0078366166142438
p1183,process,,21,post,post_odor,2.0,4.965934753417969,4.965934753417969,4.07487416267395,5.856995344161987,-17.678061843242567,27.609931350078504
p1183,process,,1,post,post_odor,2.0,0.07138460874557495,0.07138460874557495,0.018694236874580383,0.12407498061656952,-1.2676046964904992,1.4103739139816491
p1183,process,,22,post,post_odor,2.0,-0.08449091389775276,-0.08449091389775276,-0.08715577609837055,-0.08182605169713497,-0.1522114833272381,-0.016770344468267404
p1183,process,,10,post,post_odor,1.0,-0.12302470952272415,-0.12302470952272415,-0.12302470952272415,-0.12302470952272415,,
p1183,process,,30,post,post_odor,2.0,0.07537534087896347,0.07537534087896347,0.06495743989944458,0.08579324185848236,-0.1893686246549603,0.34011930641288723
p1183,process,,17,post,post_odor,2.0,0.009657979011535645,0.009657979011535645,-0.015871640294790268,0.03518759831786156,-0.6391111604740148,0.6584271184970861
p1183,process,,39,post,post_odor,2.0,0.05034097656607628,0.05034097656607628,0.017303498461842537,0.08337845467031002,-0.7892209449524887,0.8899028980846413
p1205,process,,39,pre,post_odor,2.0,0.9857126772403717,0.9857126772403717,0.8854402750730515,1.085985079407692,-1.562450665411665,3.5338760198924084
p1205,process,,17,pre,post_odor,2.0,0.7641487419605255,0.7641487419605255,0.6406145542860031,0.8876829296350479,-2.3751526190584946,3.9034501029795456
p1205,process,,32,pre,post_odor,2.0,1.463886022567749,1.463886022567749,1.2498624324798584,1.6779096126556396,-3.9749690854879853,6.902741130623483
p1205,process,,30,pre,post_odor,2.0,1.1625577211380005,1.1625577211380005,1.1368756890296936,1.1882397532463074,0.5099154051196815,1.8152000371563195
p1205,process,,40,pre,post_odor,2.0,1.2711964845657349,1.2711964845657349,1.2113414406776428,1.331051528453827,-0.2498643997039034,2.792257368835373
p1205,process,,3,pre,post_odor,2.0,1.4389430284500122,1.4389430284500122,1.0588887333869934,1.818997323513031,-8.219152339416516,11.09703839631654
p1205,process,,2,pre,post_odor,2.0,1.6497551798820496,1.6497551798820496,1.4381263554096222,1.861384004354477,-3.7282431637632296,7.027753523527329
p1205,process,,1,pre,post_odor,2.0,1.124630481004715,1.124630481004715,0.9565300196409225,1.2927309423685074,-3.1472072756628258,5.396468237672256
p1205,process,,4,pre,post_odor,2.0,1.2667686939239502,1.2667686939239502,1.15880686044693,1.3747305274009705,-1.4768016257796868,4.010339013627587
p1205,process,,31,pre,post_odor,2.0,1.871272325515747,1.871272325515747,1.7427703142166138,1.9997743368148804,-1.3942734036382953,5.1368180546697895
p1205,process,,21,pre,post_odor,2.0,1.4037120342254639,1.4037120342254639,1.2210604548454285,1.5863636136054993,-3.237904691751324,6.045328760202252
p1205,process,,12,pre,post_odor,2.0,1.420775443315506,1.420775443315506,1.0593742579221725,1.7821766287088394,-7.763299463692336,10.604850350323348
p1205,process,,22,pre,post_odor,2.0,1.8053631782531738,1.8053631782531738,1.7542175650596619,1.8565087914466858,0.5056299130652528,3.105096443441095
p1205,process,,10,pre,post_odor,2.0,1.8124693036079407,1.8124693036079407,1.5285384356975555,2.096400171518326,-5.402898173570313,9.027836780786195
p1205,process,,0,pre,post_odor,2.0,1.841658890247345,1.841658890247345,1.7491175830364227,1.9342001974582672,-0.5100387017030896,4.19335648219778
p1205,process,,18,pre,post_odor,2.0,-0.32036852836608887,-0.32036852836608887,-0.5914168953895569,-0.04932016134262085,-7.2083606179781015,6.567623561245924
p1205,process,,12,post,post_odor,2.0,0.12587729468941689,0.12587729468941689,0.02676691673696041,0.22498767264187336,-2.3927562127977158,2.6445108021765495
p1205,process,,18,post,post_odor,2.0,-0.0020674094557762146,-0.0020674094557762146,-0.009164239279925823,0.005029420368373394,-0.18241495490264736,0.17828013599109493
p1205,process,,40,post,post_odor,2.0,-0.05699222348630428,-0.05699222348630428,-0.10119467508047819,-0.012789771892130375,-1.1802830230791546,1.066298576106546
p1205,process,,32,post,post_odor,2.0,-0.066025635227561,-0.066025635227561,-0.10968710761517286,-0.02236416283994913,-1.1755688497072299,1.0435175792521079
p1205,process,,31,post,post_odor,2.0,0.08920551463961601,0.08920551463961601,0.08594335801899433,0.0924676712602377,0.00630625483344234,0.1721047744457897
p1205,process,,0,post,post_odor,2.0,0.06170291639864445,0.06170291639864445,0.015140733681619167,0.10826509911566973,-1.1215543367327518,1.2449601695300407
p1205,process,,4,post,post_odor,2.0,-0.09236748516559601,-0.09236748516559601,-0.11108511686325073,-0.07364985346794128,-0.5680276062190242,0.3832926358878321
p1205,process,,2,post,post_odor,2.0,-0.02992522926069796,-0.02992522926069796,-0.04169446520972997,-0.018155993311665952,-0.32900987237419393,0.269159413852798
p1205,process,,3,post,post_odor,2.0,0.04580603912472725,0.04580603912472725,-0.023365216329693794,0.11497729457914829,-1.7120022281995013,1.8036143064489558
p1205,process,,21,post,post_odor,2.0,1.0884874165058136,1.0884874165058136,0.9456619471311569,1.2313128858804703,-2.5410518943234592,4.718026727335086
p1205,process,,1,post,post_odor,2.0,-0.12004747241735458,-0.12004747241735458,-0.1541389264166355,-0.08595601841807365,-0.9863934609548447,0.7462985161201355
p1205,process,,22,post,post_odor,2.0,0.044621799141168594,0.044621799141168594,-0.017502056434750557,0.10674565471708775,-1.5340950567551845,1.6233386550375217
p1205,process,,10,post,post_odor,1.0,-0.15338988602161407,-0.15338988602161407,-0.15338988602161407,-0.15338988602161407,,
p1205,process,,30,post,post_odor,2.0,-0.08211689628660679,-0.08211689628660679,-0.15368134249001741,-0.010552450083196163,-1.9007419068695972,1.7365081142963836
p1205,process,,17,post,post_odor,2.0,-0.13103833980858326,-0.13103833980858326,-0.18866171780973673,-0.07341496180742979,-1.595387216753865,1.3333105371366984
p1205,process,,39,post,post_odor,2.0,0.17161161080002785,0.17161161080002785,0.09879577718675137,0.24442744441330433,-1.6788141690510163,2.022037390651072
p1227,process,,39,pre,post_odor,2.0,-0.15730487927794456,-0.15730487927794456,-0.18470348976552486,-0.12990626879036427,-0.8535695879617413,0.5389598294058522
p1227,process,,17,pre,post_odor,2.0,0.026587754487991333,0.026587754487991333,-0.2532624453306198,0.3064379543066025,-7.085080114221352,7.138255623197335
p1227,process,,32,pre,post_odor,2.0,2.223738968372345,2.223738968372345,2.088546961545944,2.3589309751987457,-1.2118156664888047,5.659293603233495
p1227,process,,30,pre,post_odor,2.0,0.35657504200935364,0.35657504200935364,0.1351018100976944,0.5780482739210129,-5.271593414494328,5.984743498513035
p1227,process,,40,pre,post_odor,2.0,0.45914216339588165,0.45914216339588165,0.39936306327581406,0.5189212635159492,-1.0599888067438463,1.9782731335356096
p1227,process,,3,pre,post_odor,2.0,0.7049927711486816,0.7049927711486816,0.2676517367362976,1.1423338055610657,-10.408896674399665,11.818882216697029
p1227,process,,2,pre,post_odor,2.0,1.2843881845474243,1.2843881845474243,1.2046387195587158,1.3641376495361328,-0.7422378749464271,3.3110142440412758
p1227,process,,1,pre,post_odor,2.0,1.1332426518201828,1.1332426518201828,0.7331118062138557,1.5333734974265099,-9.035046239245212,11.301531542885577
p1227,process,,4,pre,post_odor,2.0,0.6621968448162079,0.6621968448162079,0.05923439562320709,1.2651592940092087,-14.660531810526992,15.984925500159408
p1227,process,,31,pre,post_odor,2.0,1.1861605942249298,1.1861605942249298,0.8985628932714462,1.4737582951784134,-6.122389945711282,8.494711134161141
p1227,process,,21,pre,post_odor,2.0,0.9944872856140137,0.9944872856140137,0.8112017512321472,1.1777728199958801,-3.663239764456348,5.652214335684375
p1227,process,,12,pre,post_odor,2.0,1.068541795015335,1.068541795015335,0.415603443980217,1.7214801460504532,-15.52419494168969,17.66127853172036
p1227,process,,22,pre,post_odor,2.0,1.2775702774524689,1.2775702774524689,0.8935597389936447,1.661580815911293,-8.481062767560541,11.036203322465479
p1227,process,,10,pre,post_odor,2.0,2.338876485824585,2.338876485824585,2.147048234939575,2.5307047367095947,-2.5359415740298523,7.213694545679022
p1227,process,,0,pre,post_odor,2.0,1.4797708988189697,1.4797708988189697,1.2007092237472534,1.758832573890686,-5.611858656143201,8.571400453781141
p1227,process,,18,pre,post_odor,2.0,-1.3036819100379944,-1.3036819100379944,-2.2321833670139313,-0.3751804530620575,-24.8991411303835,22.291777310307513
p1227,process,,12,post,post_odor,2.0,-0.17630715668201447,-0.17630715668201447,-0.17966262251138687,-0.17295169085264206,-0.2615776283085025,-0.09103668505552644
p1227,process,,18,post,post_odor,2.0,-0.10060827434062958,-0.10060827434062958,-0.10366939008235931,-0.09754715859889984,-0.17839860101172014,-0.022817947669539013
p1227,process,,40,post,post_odor,2.0,-0.20215644501149654,-0.20215644501149654,-0.2846493972465396,-0.1196634927764535,-2.29850112579137,1.894188235768377
p1227,process,,32,post,post_odor,2.0,-0.05612379498779774,-0.05612379498779774,-0.0929850721731782,-0.01926251780241728,-0.9928576644964563,0.8806100745208608
p1227,process,,31,post,post_odor,2.0,-0.01771614293102175,-0.01771614293102175,-0.0276905054342933,-0.0077417804277502,-0.27118872708980624,0.23575644122776274
p1227,process,,0,post,post_odor,2.0,-0.0254018846899271,-0.0254018846899271,-0.06425879988819361,0.013455030508339405,-1.0128497245406318,0.9620459551607776
p1227,process,,4,post,post_odor,2.0,0.04110444895923138,0.04110444895923138,0.009157855994999409,0.07305104192346334,-0.7707354526943074,0.8529443506127702
p1227,process,,2,post,post_odor,2.0,-0.06437459960579872,-0.06437459960579872,-0.13046167977154255,0.0017124805599451065,-1.7438065416096606,1.6150573423980632
p1227,process,,3,post,post_odor,2.0,-0.08158572018146515,-0.08158572018146515,-0.15800874680280685,-0.005162693560123444,-2.023678965799258,1.860507525436328
p1227,process,,21,post,post_odor,2.0,-0.2510913163423538,-0.2510913163423538,-0.31760048121213913,-0.1845821514725685,-1.9412494476773332,1.4390668149926256
p1227,process,,1,post,post_odor,2.0,-0.06963789090514183,-0.06963789090514183,-0.16062496416270733,0.021349182352423668,-2.381838653217047,2.242562871406763
p1227,process,,22,post,post_odor,2.0,-0.014768823981285095,-0.014768823981285095,-0.045622989535331726,0.016085341572761536,-0.7988475129683759,0.7693098650058057
p1227,process,,10,post,post_odor,1.0,-0.009217399172484875,-0.009217399172484875,-0.009217399172484875,-0.009217399172484875,,
p1227,process,,30,post,post_odor,2.0,0.01632588356733322,0.01632588356733322,-0.015617873519659042,0.048269640654325485,-0.7954419516125769,0.8280937187472434
p1227,process,,17,post,post_odor,2.0,-0.3007403016090393,-0.3007403016090393,-0.3016667664051056,-0.299813836812973,-0.3242840043683924,-0.2771965988496862
p1227,process,,39,post,post_odor,2.0,-0.002214580774307251,-0.002214580774307251,-0.03515828400850296,0.030729122459888458,-0.8393934568972493,0.8349642953486348
p1250,process,,39,pre,post_odor,2.0,0.535455971956253,0.535455971956253,0.5302242785692215,0.5406876653432846,0.4025060373712247,0.6684059065412814
p1250,process,,17,pre,post_odor,2.0,0.6760449856519699,0.6760449856519699,0.5827936306595802,0.7692963406443596,-1.6936966312660484,3.0457866025699882
p1250,process,,32,pre,post_odor,2.0,0.5587264895439148,0.5587264895439148,0.5407373011112213,0.5767156779766083,0.1015778670170569,1.0158751120707727
p1250,process,,30,pre,post_odor,2.0,0.7847009301185608,0.7847009301185608,0.7301068902015686,0.839294970035553,-0.6026651670018319,2.1720670272389535
p1250,process,,40,pre,post_odor,2.0,0.4858885332942009,0.4858885332942009,0.353617150336504,0.6181599162518978,-2.8754460119007295,3.8472230784891313
p1250,process,,3,pre,post_odor,2.0,0.6295045241713524,0.6295045241713524,0.4260696806013584,0.8329393677413464,-4.540265021572678,5.799274069915382
p1250,process,,2,pre,post_odor,2.0,0.5648520439863205,0.5648520439863205,0.48419973999261856,0.6455043479800224,-1.484717329990033,2.614421417962674
p1250,process,,1,pre,post_odor,2.0,0.7314294874668121,0.7314294874668121,0.6367556601762772,0.8261033147573471,-1.6744605779547483,3.1373195528883726
p1250,process,,4,pre,post_odor,2.0,0.8171981871128082,0.8171981871128082,0.7177458852529526,0.9166504889726639,-1.710124430717538,3.3445208049431545
p1250,process,,31,pre,post_odor,2.0,1.2215438485145569,1.2215438485145569,1.0983724296092987,1.344715267419815,-1.9085386839961402,4.351626381025254
p1250,process,,21,pre,post_odor,2.0,0.7011512815952301,0.7011512815952301,0.6465453654527664,0.7557571977376938,-0.6865166190298304,2.0888191822202904
p1250,process,,12,pre,post_odor,2.0,0.6862201690673828,0.6862201690673828,0.5836930572986603,0.7887472808361053,-1.9192407772167264,3.291681115351492
p1250,process,,22,pre,post_odor,2.0,0.6120871305465698,0.6120871305465698,0.5533240437507629,0.6708502173423767,-0.8812244929676822,2.105398754060822
p1250,process,,10,pre,post_odor,2.0,1.0118728280067444,1.0118728280067444,0.7912188470363617,1.232526808977127,-4.59547648811661,6.619222144130099
p1250,process,,0,pre,post_odor,2.0,1.075673520565033,1.075673520565033,1.0419470369815826,1.1094000041484833,0.218602309679924,1.9327447314501418
p1250,process,,18,pre,post_odor,2.0,0.06756359525024891,0.06756359525024891,0.016498724929988384,0.11862846557050943,-1.230117798980633,1.3652449894811307
p1250,process,,12,post,post_odor,2.0,-0.13938508182764053,-0.13938508182764053,-0.14735042676329613,-0.13141973689198494,-0.341803688921025,0.0630335252657439
p1250,process,,18,post,post_odor,2.0,0.18241239711642265,0.18241239711642265,0.13776582665741444,0.22705896757543087,-0.9521645329239921,1.3169893271568374
p1250,process,,40,post,post_odor,2.0,-0.1141576487571001,-0.1141576487571001,-0.17518694046884775,-0.05312835704535246,-1.66505899954349,1.4367437020292897
p1250,process,,32,post,post_odor,2.0,-0.09678135812282562,-0.09678135812282562,-0.10409629717469215,-0.08946641907095909,-0.2826715845741371,0.08910886832848586
p1250,process,,31,post,post_odor,2.0,0.05131004378199577,0.05131004378199577,0.023144492879509926,0.07947559468448162,-0.6644444687662744,0.7670645563302659
p1250,process,,0,post,post_odor,2.0,0.0807332070544362,0.0807332070544362,0.02866550860926509,0.13280090549960732,-1.2424324661170618,1.4038988802259342
p1250,process,,4,post,post_odor,2.0,-0.007610686123371124,-0.007610686123371124,-0.08500377461314201,0.06978240236639977,-1.974355541155199,1.9591341689084567
p1250,process,,2,post,post_odor,2.0,0.07384104654192924,0.07384104654192924,0.06839676387608051,0.07928532920777798,-0.06451129384583262,0.2121933869296911
p1250,process,,3,post,post_odor,2.0,0.00028443243354558945,0.00028443243354558945,-0.004398914519697428,0.004967779386788607,-0.11873069804334589,0.11929956291043707
p1250,process,,21,post,post_odor,2.0,2.1517889499664307,2.1517889499664307,2.000486373901367,2.303091526031494,-1.6931740672202524,5.996751967153114
p1250,process,,1,post,post_odor,2.0,0.1801537200808525,0.1801537200808525,0.1382029391825199,0.2221045009791851,-0.8859167017923884,1.2462241419540934
p1250,process,,22,post,post_odor,2.0,0.007347263395786285,0.007347263395786285,-0.05721938982605934,0.07191391661763191,-1.6334469665369418,1.6481414933285143
p1250,process,,10,post,post_odor,1.0,-0.07568180561065674,-0.07568180561065674,-0.07568180561065674,-0.07568180561065674,,
p1250,process,,30,post,post_odor,2.0,-0.030759189277887344,-0.030759189277887344,-0.07217768765985966,0.010659309104084969,-1.0833030298904083,1.0217846513346336
p1250,process,,17,post,post_odor,2.0,-0.0845242477953434,-0.0845242477953434,-0.11461391486227512,-0.054434580728411674,-0.8491751881868785,0.6801266925961917
p1250,process,,39,post,post_odor,2.0,-0.04773276671767235,-0.04773276671767235,-0.06167890317738056,-0.033786630257964134,-0.4021376969890385,0.3066721635536938
p1272,process,,39,pre,post_odor,2.0,1.400042712688446,1.400042712688446,1.2096773087978363,1.5904081165790558,-3.437600880348902,6.237686305725794
p1272,process,,17,pre,post_odor,2.0,5.10484504699707,5.10484504699707,4.81549072265625,5.394199371337891,-2.248345525746849,12.45803561974099
p1272,process,,32,pre,post_odor,2.0,4.68738865852356,4.68738865852356,4.556408762931824,4.818368554115295,1.3588739191007977,8.015903397946321
p1272,process,,30,pre,post_odor,2.0,3.4441131353378296,3.4441131353378296,2.9698298573493958,3.9183964133262634,-8.608567730792364,15.496794001468023
p1272,process,,40,pre,post_odor,2.0,1.5729305744171143,1.5729305744171143,1.435915231704712,1.7099459171295166,-1.908959418584737,5.0548205674189655
p1272,process,,3,pre,post_odor,2.0,3.124332845211029,3.124332845211029,2.4202074110507965,3.8284582793712616,-14.76919100756459,21.017856697986648
p1272,process,,2,pre,post_odor,2.0,2.095540165901184,2.095540165901184,1.6226539015769958,2.5684264302253723,-9.921639216954732,14.1127195487571
p1272,process,,1,pre,post_odor,2.0,1.8990006148815155,1.8990006148815155,0.8239211589097977,2.9740800708532333,-25.421358735582395,29.219359965345426
p1272,process,,4,pre,post_odor,2.0,2.116712436079979,2.116712436079979,1.003981627523899,3.229443244636059,-26.16045850344554,30.393883375605498
p1272,process,,31,pre,post_odor,2.0,5.039123773574829,5.039123773574829,4.619440197944641,5.458807349205017,-5.626047099159221,15.70429464630888
p1272,process,,21,pre,post_odor,2.0,1.630988895893097,1.630988895893097,1.5480439960956573,1.7139337956905365,-0.4768408614024269,3.7388186531886207
p1272,process,,12,pre,post_odor,2.0,1.7039964906871319,1.7039964906871319,0.9059942830353975,2.5019986983388662,-18.57516236999752,21.983155351371785
p1272,process,,22,pre,post_odor,2.0,2.991438865661621,2.991438865661621,2.308293104171753,3.6745846271514893,-14.36894095461884,20.35181868594208
p1272,process,,10,pre,post_odor,2.0,0.051745593547821045,0.051745593547821045,-0.6589542329311371,0.7624454200267792,-18.00884940886312,18.112340595958763
p1272,process,,0,pre,post_odor,2.0,1.052059531211853,1.052059531211853,0.8980613946914673,1.2060576677322388,-2.8614041720229517,4.965523234446658
p1272,process,,18,pre,post_odor,2.0,1.1957838516682386,1.1957838516682386,0.5756719084456563,1.815895794890821,-14.5627547681983,16.954322471534777
p1272,process,,12,post,post_odor,2.0,-0.07762967608869076,-0.07762967608869076,-0.08968949969857931,-0.0655698524788022,-0.38409885182748543,0.22883949965010392
p1272,process,,18,post,post_odor,2.0,0.23845653049647808,0.23845653049647808,0.1452984558418393,0.33161460515111685,-2.128914608282895,2.6058276692758513
p1272,process,,40,post,post_odor,2.0,-0.04186153132468462,-0.04186153132468462,-0.06392080569639802,-0.01980225695297122,-0.6024408443215683,0.5187177816721991
p1272,process,,32,post,post_odor,2.0,0.13568329066038132,0.13568329066038132,0.129727054387331,0.14163952693343163,-0.015679024424433363,0.287045605745196
p1272,process,,31,post,post_odor,2.0,0.07067434769123793,0.07067434769123793,0.04344249935820699,0.09790619602426887,-0.6213525328366594,0.7627012282191352
p1272,process,,0,post,post_odor,2.0,0.02566407434642315,0.02566407434642315,0.01852851640433073,0.03279963228851557,-0.15566764589170415,0.20699579458455045
p1272,process,,4,post,post_odor,2.0,0.002884414279833436,0.002884414279833436,-0.0006815503584221005,0.006450378918088973,-0.08773533927143452,0.0935041678311014
p1272,process,,2,post,post_odor,2.0,0.0036538168787956238,0.0036538168787956238,-0.025839727371931076,0.033147361129522324,-0.7458482064115274,0.7531558401691186
p1272,process,,3,post,post_odor,2.0,-0.034614088595844805,-0.034614088595844805,-0.05043574917363003,-0.01879242801805958,-0.43668060573105094,0.36745242853936133
p1272,process,,21,post,post_odor,2.0,3.0765578746795654,3.0765578746795654,2.844691753387451,3.3084239959716797,-2.8157189423610713,8.968834691720202
p1272,process,,1,post,post_odor,2.0,-0.030229148222133517,-0.030229148222133517,-0.04770181549247354,-0.012756480951793492,-0.4742517234701315,0.41379342702586447
p1272,process,,22,post,post_odor,2.0,-0.0018875205423682928,-0.0018875205423682928,-0.005797746940515935,0.00202270585577935,-0.10125579490168608,0.0974807538169495
p1272,process,,10,post,post_odor,1.0,0.00034987868275493383,0.00034987868275493383,0.00034987868275493383,0.00034987868275493383,,
p1272,process,,30,post,post_odor,2.0,0.08993593975901604,0.08993593975901604,0.061518678441643715,0.11835320107638836,-0.6322151409208041,0.8120870204388362
p1272,process,,17,post,post_odor,2.0,0.0493788649328053,0.0493788649328053,0.03136957879178226,0.06738815107382834,-0.40828048878757917,0.5070382186531898
p1272,process,,39,post,post_odor,2.0,0.015311074908822775,0.015311074908822775,0.012776321033015847,0.017845828784629703,-0.049103128494807524,0.07972527831245307
p1294,process,,39,pre,post_odor,2.0,1.0454663634300232,1.0454663634300232,1.0066395699977875,1.084293156862259,0.058783990231723204,2.032148736628323
p1294,process,,17,pre,post_odor,2.0,0.360961614176631,0.360961614176631,0.20562770683318377,0.5162955215200782,-3.5864472441750284,4.30837047252829
p1294,process,,32,pre,post_odor,2.0,4.065404772758484,4.065404772758484,4.027070343494415,4.1037392020225525,3.091234559411159,5.039574986105809
p1294,process,,30,pre,post_odor,2.0,2.345235586166382,2.345235586166382,1.7775464057922363,2.9129247665405273,-12.081114318523815,16.77158549085658
p1294,process,,40,pre,post_odor,2.0,1.6257264614105225,1.6257264614105225,1.5531914830207825,1.6982614398002625,-0.21756211049756424,3.469015033318609
p1294,process,,3,pre,post_odor,2.0,3.0512556433677673,3.0512556433677673,1.8706096708774567,4.231901615858078,-26.951803251436154,33.05431453817169
p1294,process,,2,pre,post_odor,2.0,2.7310595512390137,2.7310595512390137,2.361631155014038,3.1004879474639893,-6.657006124343397,12.119125226821424
p1294,process,,1,pre,post_odor,2.0,1.2956504225730896,1.2956504225730896,0.9331637918949127,1.6581370532512665,-7.916008264473026,10.507309109619206
p1294,process,,4,pre,post_odor,2.0,2.3424505591392517,2.3424505591392517,1.6935382187366486,2.991362899541855,-14.14797554683227,18.832876665110774
p1294,process,,31,pre,post_odor,2.0,2.735541820526123,2.735541820526123,2.322683811187744,3.148399829864502,-7.756174966719808,13.227258607772054
p1294,process,,21,pre,post_odor,2.0,0.8083795756101608,0.8083795756101608,0.4734261706471443,1.1433329805731773,-7.70359350546768,9.320352656688002
p1294,process,,12,pre,post_odor,2.0,2.572749584913254,2.572749584913254,1.4707593470811844,3.674739822745323,-25.431477573406976,30.576976743233484
p1294,process,,22,pre,post_odor,2.0,1.5761382579803467,1.5761382579803467,0.9800069332122803,2.172269582748413,-13.572995066319853,16.72527158228055
p1294,process,,10,pre,post_odor,2.0,0.37783142924308777,0.37783142924308777,-0.2027484029531479,0.9584112614393234,-14.37610099791555,15.131763856401726
p1294,process,,0,pre,post_odor,2.0,0.5358021706342697,0.5358021706342697,0.4496859088540077,0.6219184324145317,-1.6526195359537796,2.724223877222319
p1294,process,,18,pre,post_odor,2.0,0.3558521717786789,0.3558521717786789,0.3115728870034218,0.400131456553936,-0.7693911440729209,1.4810954876302787
p1294,process,,12,post,post_odor,2.0,0.6085721012204885,0.6085721012204885,0.3347222441807389,0.8824219582602382,-6.35061259981797,7.567756802258947
p1294,process,,18,post,post_odor,2.0,0.6509821861982346,0.6509821861982346,0.5084748044610023,0.7934895679354668,-2.9704737513407147,4.272438123737183
p1294,process,,40,post,post_odor,2.0,0.17817041277885437,0.17817041277885437,0.16419395059347153,0.1921468749642372,-0.1770051672509016,0.5333459928086104
p1294,process,,32,post,post_odor,2.0,0.433443620800972,0.433443620800972,0.3854909762740135,0.48139626532793045,-0.7851486172001103,1.6520358588020543
p1294,process,,31,post,post_odor,2.0,0.638293981552124,0.638293981552124,0.6263495683670044,0.6502383947372437,0.334757662784935,0.941830300319313
p1294,process,,0,post,post_odor,2.0,0.11121804267168045,0.11121804267168045,-0.008671734482049942,0.23110781982541084,-2.935470065907635,3.157906151250996
p1294,process,,4,post,post_odor,2.0,0.14452525600790977,0.14452525600790977,0.11314068175852299,0.17590983025729656,-0.6530323959328597,0.9420829079486792
p1294,process,,2,post,post_odor,2.0,-0.01670597493648529,-0.01670597493648529,-0.1606760397553444,0.1272640898823738,-3.675332213874016,3.6419202640010453
p1294,process,,3,post,post_odor,2.0,0.3406500071287155,0.3406500071287155,0.3333294466137886,0.3479705676436424,0.15461692575628,0.5266830885011511
p1294,process,,21,post,post_odor,2.0,1.880334496498108,1.880334496498108,1.780951201915741,1.9797177910804749,-0.6452344801401235,4.405903473136339
p1294,process,,1,post,post_odor,2.0,-0.025430507957935333,-0.025430507957935333,-0.11261832341551781,0.06175730749964714,-2.2410829753656545,2.190221959449784
p1294,process,,22,post,post_odor,2.0,0.27486342191696167,0.27486342191696167,0.26440778374671936,0.285319060087204,0.00916046344003818,0.5405663803938852
p1294,process,,10,post,post_odor,1.0,0.014931262470781803,0.014931262470781803,0.014931262470781803,0.014931262470781803,,
p1294,process,,30,post,post_odor,2.0,0.050296649569645524,0.050296649569645524,0.02232650702353567,0.07826679211575538,-0.6604920658120792,0.7610853649513702
p1294,process,,17,post,post_odor,2.0,0.5855941474437714,0.5855941474437714,0.5446932464838028,0.6264950484037399,-0.45379629553895806,1.6249845904265008
p1294,process,,39,post,post_odor,2.0,0.22806041687726974,0.22806041687726974,0.1979636438190937,0.2581571899354458,-0.5367711038734728,0.9928919376280123
p1316,process,,39,pre,post_odor,2.0,0.022212743759155273,0.022212743759155273,-0.9587031602859497,1.0031286478042603,-24.905223867774833,24.949649355293143
p1316,process,,17,pre,post_odor,2.0,1.14054274559021,1.14054274559021,1.0966839790344238,1.184401512145996,0.02598581092238983,2.25509968025803
p1316,process,,32,pre,post_odor,2.0,2.844464421272278,2.844464421272278,2.135493218898773,3.5534356236457825,-15.172202077547105,20.86113092009166
p1316,process,,30,pre,post_odor,2.0,2.00082266330719,2.00082266330719,1.8610532879829407,2.140592038631439,-1.5510539341271188,5.552699260741498
p1316,process,,40,pre,post_odor,2.0,2.3404306173324585,2.3404306173324585,2.2886027693748474,2.3922584652900696,1.023360122962979,3.6575011117019383
p1316,process,,3,pre,post_odor,2.0,2.558987855911255,2.558987855911255,2.3433642387390137,2.774611473083496,-2.9205277955788453,8.038503507401355
p1316,process,,2,pre,post_odor,2.0,2.5361937284469604,2.5361937284469604,2.398261845111847,2.674125611782074,-0.9689877701572684,6.041375227051189
p1316,process,,1,pre,post_odor,2.0,1.8340930342674255,1.8340930342674255,1.5769981443881989,2.091187924146652,-4.699307580592057,8.367493649126908
p1316,process,,4,pre,post_odor,2.0,1.8635598421096802,1.8635598421096802,1.8050170540809631,1.9221026301383972,0.3758465410709688,3.3512731431483918
p1316,process,,31,pre,post_odor,2.0,4.296188712120056,4.296188712120056,3.9920151829719543,4.600362241268158,-3.433593561241109,12.025970985481221
p1316,process,,21,pre,post_odor,2.0,2.511469602584839,2.511469602584839,2.3940491676330566,2.628890037536621,-0.4724665708312168,5.4954057760008945
p1316,process,,12,pre,post_odor,2.0,3.8557740449905396,3.8557740449905396,3.4215041995048523,4.290043890476227,-7.180069089985643,14.891617179966723
p1316,process,,22,pre,post_odor,2.0,3.8454684019088745,3.8454684019088745,3.6425967812538147,4.048340022563934,-1.309988292496639,9.000925096314388
p1316,process,,10,pre,post_odor,2.0,3.893376350402832,3.893376350402832,3.148834705352783,4.637917995452881,-15.027220802825624,22.81397350363129
p1316,process,,0,pre,post_odor,2.0,4.895697832107544,4.895697832107544,4.477910876274109,5.313484787940979,-5.721275361738055,15.512671025953143
p1316,process,,18,pre,post_odor,2.0,-1.9550581574440002,-1.9550581574440002,-2.402952700853348,-1.5071636140346527,-13.337137694993306,9.427021380105305
p1316,process,,12,post,post_odor,2.0,0.03473765775561333,0.03473765775561333,-0.017827635630965233,0.08730295114219189,-1.3010731018183004,1.370548417329527
p1316,process,,18,post,post_odor,2.0,-0.0032387785613536835,-0.0032387785613536835,-0.03976699896156788,0.03328944183886051,-0.9315088726678229,0.9250313155451155
p1316,process,,40,post,post_odor,2.0,-0.024264272302389145,-0.024264272302389145,-0.061300234869122505,0.012771690264344215,-0.9654373182508211,0.9169087736460428
p1316,process,,32,post,post_odor,2.0,-0.05212206672877073,-0.05212206672877073,-0.08643625816330314,-0.01780787529423833,-0.9241283501756923,0.8198842167181508
p1316,process,,31,post,post_odor,2.0,-0.2518354505300522,-0.2518354505300522,-0.3222138360142708,-0.1814570650458336,-2.0403198004578655,1.5366488993977612
p1316,process,,0,post,post_odor,2.0,0.2159767523407936,0.2159767523407936,0.20765284821391106,0.22430065646767616,0.004446292259875251,0.42750721242171197
p1316,process,,4,post,post_odor,2.0,0.06039820285513997,0.06039820285513997,0.023507955251261592,0.09728845045901835,-0.8770718747909733,0.9978682805012532
p1316,process,,2,post,post_odor,2.0,-0.10736460983753204,-0.10736460983753204,-0.13623933494091034,-0.07848988473415375,-0.8411409475661072,0.6264117278910432
p1316,process,,3,post,post_odor,2.0,0.0252325301989913,0.0252325301989913,0.004318332765251398,0.0461467276327312,-0.5062476187727657,0.5567126791707483
p1316,process,,21,post,post_odor,2.0,1.8571423888206482,1.8571423888206482,1.7025512754917145,2.011733502149582,-2.071390283880584,5.78567506152188
p1316,process,,1,post,post_odor,2.0,0.06457054242491722,0.06457054242491722,0.007050642743706703,0.12209044210612774,-1.3971487010824633,1.5262897859322977
p1316,process,,22,post,post_odor,2.0,0.08893260476179421,0.08893260476179421,0.04191981430631131,0.1359453952172771,-1.1057756767306963,1.2836408862542847
p1316,process,,10,post,post_odor,1.0,0.004673255141824484,0.004673255141824484,0.004673255141824484,0.004673255141824484,,
p1316,process,,30,post,post_odor,2.0,0.03457005665404722,0.03457005665404722,0.018154637451516464,0.05098547585657798,-0.3825852977809313,0.45172541108902575
p1316,process,,17,post,post_odor,2.0,0.01922581158578396,0.01922581158578396,-0.011265548877418041,0.04971717204898596,-0.7556331258741101,0.794084749045678
p1316,process,,39,post,post_odor,2.0,0.11277859844267368,0.11277859844267368,0.07601088937371969,0.14954630751162767,-0.8215774797777993,1.0471346766631466
p1339,process,,39,pre,post_odor,2.0,1.9849437475204468,1.9849437475204468,1.8077393174171448,2.162148177623749,-2.5182477905789797,6.488135285619873
p1339,process,,17,pre,post_odor,2.0,3.1479512453079224,3.1479512453079224,2.6095327734947205,3.6863697171211243,-10.53455942788577,16.830461918501612
p1339,process,,32,pre,post_odor,2.0,3.095500946044922,3.095500946044922,2.61602520942688,3.574976682662964,-9.089132804949108,15.280134697038951
p1339,process,,30,pre,post_odor,2.0,2.967182159423828,2.967182159423828,2.8616890907287598,3.0726752281188965,0.2863491012500683,5.648015217597588
p1339,process,,40,pre,post_odor,2.0,2.5213717222213745,2.5213717222213745,2.487686574459076,2.555056869983673,1.665350954149249,3.3773924902935
p1339,process,,3,pre,post_odor,2.0,3.677084445953369,3.677084445953369,3.0617904663085938,4.2923784255981445,-11.959018110651073,19.31318700255781
p1339,process,,2,pre,post_odor,2.0,3.0938591957092285,3.0938591957092285,2.952559232711792,3.235159158706665,-0.4969133224094455,6.684631713827903
p1339,process,,1,pre,post_odor,2.0,1.91008460521698,1.91008460521698,1.6260740160942078,2.194095194339752,-5.307308780054087,9.127477990488046
p1339,process,,4,pre,post_odor,2.0,3.7424886226654053,3.7424886226654053,3.723058581352234,3.7619186639785767,3.2487244567504288,4.236252788580382
p1339,process,,31,pre,post_odor,2.0,4.961825847625732,4.961825847625732,4.835465908050537,5.088185787200928,1.7507153222395426,8.172936373011922
p1339,process,,21,pre,post_odor,2.0,2.051921844482422,2.051921844482422,1.9397432804107666,2.164100408554077,-0.7988057597266631,4.902649448691507
p1339,process,,12,pre,post_odor,2.0,3.308944821357727,3.308944821357727,2.6841463446617126,3.9337432980537415,-12.568689906141538,19.18657954885699
p1339,process,,22,pre,post_odor,2.0,4.132998943328857,4.132998943328857,3.8227550983428955,4.443242788314819,-3.7510446817304963,12.017042568388211
p1339,process,,10,pre,post_odor,2.0,2.125448763370514,2.125448763370514,1.3756378591060638,2.875259667634964,-16.92905296263026,21.179950489371286
p1339,process,,0,pre,post_odor,2.0,2.426595091819763,2.426595091819763,2.4194563031196594,2.433733880519867,2.2451812702361456,2.608008913403381
p1339,process,,18,pre,post_odor,2.0,0.5424309074878693,0.5424309074878693,-0.21579451858997345,1.300656333565712,-18.725904092348852,19.81076590732459
p1339,process,,12,post,post_odor,2.0,0.048615166917443275,0.048615166917443275,-0.001308017410337925,0.09853835124522448,-1.2200532353837081,1.3172835692185947
p1339,process,,18,post,post_odor,2.0,0.21749766636639833,0.21749766636639833,0.11997596872970462,0.31501936400309205,-2.2607636464159095,2.695758979148706
p1339,process,,40,post,post_odor,2.0,-0.1429875712201465,-0.1429875712201465,-0.2145547231339151,-0.07142041930637788,-1.9616813404226672,1.6757061979823742
p1339,process,,32,post,post_odor,2.0,0.01451612263917923,0.01451612263917923,-0.00911363959312439,0.03814588487148285,-0.585973070942377,0.6150053162207355
p1339,process,,31,post,post_odor,2.0,0.14725809544324875,0.14725809544324875,0.12105663493275642,0.17345955595374107,-0.5185841478229748,0.8131003387094723
p1339,process,,0,post,post_odor,2.0,0.12174689024686813,0.12174689024686813,0.08272354677319527,0.160770233720541,-0.8699302930862399,1.113424073579976
p1339,process,,4,post,post_odor,2.0,0.008446775376796722,0.008446775376796722,-0.01066957600414753,0.027563126757740974,-0.47734577353307023,0.4942393242866637
p1339,process,,2,post,post_odor,2.0,0.1443769633769989,0.1443769633769989,0.12225420027971268,0.16649972647428513,-0.417815751111019,0.7065696778650168
p1339,process,,3,post,post_odor,2.0,0.014838719740509987,0.014838719740509987,-0.02059637103229761,0.050273810513317585,-0.8856523166679462,0.9153297561489662
p1339,process,,21,post,post_odor,2.0,1.3509515523910522,1.3509515523910522,1.2102386951446533,1.4916644096374512,-2.224901193978683,4.926804298760787
p1339,process,,1,post,post_odor,2.0,0.057938702404499054,0.057938702404499054,0.054979681968688965,0.06089772284030914,-0.017257136547356652,0.13313454135635477
p1339,process,,22,post,post_odor,2.0,0.1615847907960415,0.1615847907960415,0.14293179847300053,0.18023778311908245,-0.31243268800166507,0.635602269593748
p1339,process,,10,post,post_odor,1.0,0.12108764797449112,0.12108764797449112,0.12108764797449112,0.12108764797449112,,
p1339,process,,30,post,post_odor,2.0,0.138721264898777,0.138721264898777,0.13861778751015663,0.13882474228739738,0.13609165512802657,0.14135087466952745
p1339,process,,17,post,post_odor,2.0,0.06770878285169601,0.06770878285169601,-0.02230646088719368,0.1577240265905857,-2.2197954497943035,2.3552130154976956
p1339,process,,39,post,post_odor,2.0,0.0653883209452033,0.0653883209452033,0.04286829615011811,0.0879083457402885,-0.5068997704749627,0.6376764123653693
p1361,process,,39,pre,post_odor,2.0,0.6718065738677979,0.6718065738677979,0.5427968204021454,0.8008163273334503,-2.6066421071282075,3.9502552548638032
p1361,process,,17,pre,post_odor,2.0,1.2225141525268555,1.2225141525268555,1.1591910123825073,1.2858372926712036,-0.38667941389628524,2.831707718949996
p1361,process,,32,pre,post_odor,2.0,2.462149143218994,2.462149143218994,2.1188164949417114,2.805481791496277,-6.262760700029425,11.187058986467413
p1361,process,,30,pre,post_odor,2.0,1.8588421046733856,1.8588421046733856,1.217693641781807,2.4999905675649643,-14.434285166894817,18.15196937624159
p1361,process,,40,pre,post_odor,2.0,0.7747263759374619,0.7747263759374619,0.40551701933145523,1.1439357325434685,-8.607772975157044,10.157225727031967
p1361,process,,3,pre,post_odor,2.0,0.45289622247219086,0.45289622247219086,0.3475882187485695,0.5582042261958122,-2.2232338888681693,3.129026333812551
p1361,process,,2,pre,post_odor,2.0,0.3161875307559967,0.3161875307559967,0.26434648036956787,0.36802858114242554,-1.0012184691406294,1.6335935306526228
p1361,process,,1,pre,post_odor,2.0,1.0106317102909088,1.0106317102909088,0.9668574184179306,1.054406002163887,-0.10177851914734948,2.123041939729167
p1361,process,,4,pre,post_odor,2.0,0.28192630037665367,0.28192630037665367,0.17683803476393223,0.3870145659893751,-2.3886197361128367,2.952472336866144
p1361,process,,31,pre,post_odor,2.0,0.8778467662632465,0.8778467662632465,0.4759348165243864,1.2797587160021067,-9.335704272330974,11.091397804857467
p1361,process,,21,pre,post_odor,2.0,0.614030659198761,0.614030659198761,0.3784426152706146,0.8496187031269073,-5.372829179893129,6.600890498290651
p1361,process,,12,pre,post_odor,2.0,0.5660336911678314,0.5660336911678314,0.31826193630695343,0.8138054460287094,-5.730443599039375,6.862510981375038
p1361,process,,22,pre,post_odor,2.0,0.27979566156864166,0.27979566156864166,0.05343606323003769,0.5061552599072456,-5.472547139408501,6.032138462545785
p1361,process,,10,pre,post_odor,2.0,-0.22488641738891602,-0.22488641738891602,-0.41845160722732544,-0.03132122755050659,-5.143844281155619,4.694071446377787
p1361,process,,0,pre,post_odor,2.0,0.10818067332729697,0.10818067332729697,0.06074922741390765,0.1556121192406863,-1.0971666520893455,1.3135279987439394
p1361,process,,18,pre,post_odor,2.0,-0.2875697426497936,-0.2875697426497936,-0.37862384878098965,-0.1965156365185976,-2.601473971794506,2.026334486494919
p1361,process,,12,post,post_odor,2.0,0.08433165028691292,0.08433165028691292,0.018176591023802757,0.15048670955002308,-1.5968278043747828,1.7654911049486086
p1361,process,,18,post,post_odor,2.0,0.2924404591321945,0.2924404591321945,0.2815871313214302,0.30329378694295883,0.016631248667414444,0.5682496695969745
p1361,process,,40,post,post_odor,2.0,-0.16239919513463974,-0.16239919513463974,-0.18079586699604988,-0.1440025232732296,-0.6299029534052423,0.3051045631359628
p1361,process,,32,post,post_odor,2.0,0.01608214434236288,0.01608214434236288,0.00869207875803113,0.02347220992669463,-0.1717172283141925,0.20388151699891827
p1361,process,,31,post,post_odor,2.0,0.02312115579843521,0.02312115579843521,-0.04713420197367668,0.0933765135705471,-1.7622367635328762,1.8084790751297466
p1361,process,,0,post,post_odor,2.0,-0.17374274134635925,-0.17374274134635925,-0.1851564273238182,-0.1623290553689003,-0.4637920029943585,0.11630652030164002
p1361,process,,4,post,post_odor,2.0,-0.06330680288374424,-0.06330680288374424,-0.1228339048102498,-0.003779700957238674,-1.5760338917423817,1.4494202859748933
p1361,process,,2,post,post_odor,2.0,-0.10484297387301922,-0.10484297387301922,-0.12818059232085943,-0.081505355425179,-0.6979080899789896,0.48822214223295113
p1361,process,,3,post,post_odor,2.0,0.14872409030795097,0.14872409030795097,0.12272434867918491,0.17472383193671703,-0.5119919901375404,0.8094401707534423
p1361,process,,21,post,post_odor,2.0,1.1811205744743347,1.1811205744743347,0.7995606362819672,1.5626805126667023,-8.515236813114434,10.877477962063104
p1361,process,,1,post,post_odor,2.0,-0.07500634714961052,-0.07500634714961052,-0.08756591565907001,-0.062446778640151024,-0.3941752449080201,0.24416255060879904
p1361,process,,22,post,post_odor,2.0,0.0253446102142334,0.0253446102142334,-0.03771644085645676,0.08840566128492355,-1.5771886413508815,1.6278778617793483
p1361,process,,10,post,post_odor,1.0,-0.08935020118951797,-0.08935020118951797,-0.08935020118951797,-0.08935020118951797,,
p1361,process,,30,post,post_odor,2.0,-0.011519297957420349,-0.011519297957420349,-0.05038118362426758,0.02734258770942688,-0.9990934493909678,0.9760548534761271
p1361,process,,17,post,post_odor,2.0,0.15967094898223877,0.15967094898223877,0.15483100712299347,0.16451089084148407,0.03667636463273319,0.2826655333317444
p1361,process,,39,post,post_odor,2.0,0.027864093426615,0.027864093426615,0.02041264600120485,0.03531554085202515,-0.1614951397095914,0.2172233265628214
p1383,process,,39,pre,post_odor,2.0,0.2537397619453259,0.2537397619453259,0.12775306051480584,0.3797264633758459,-2.9478858828776757,3.4553654067683275
p1383,process,,17,pre,post_odor,2.0,1.7343432903289795,1.7343432903289795,1.4901939630508423,1.9784926176071167,-4.470079386861685,7.938765967519644
p1383,process,,32,pre,post_odor,2.0,1.173309862613678,1.173309862613678,1.1412942707538605,1.2053254544734955,0.3597165327723797,1.9869031924549763
p1383,process,,30,pre,post_odor,2.0,0.7207512855529785,0.7207512855529785,0.7182510793209076,0.7232514917850494,0.6572150210182724,0.7842875500876846
p1383,process,,40,pre,post_odor,2.0,0.17957548424601555,0.17957548424601555,0.1485403273254633,0.2106106411665678,-0.6091026314576762,0.9682535999497073
p1383,process,,3,pre,post_odor,2.0,0.7923252210021019,0.7923252210021019,0.27255505695939064,1.3120953850448132,-12.416287019161487,14.000937461165691
p1383,process,,2,pre,post_odor,2.0,0.9163993149995804,0.9163993149995804,0.6398800536990166,1.1929185763001442,-6.110621380161922,7.943420010161082
p1383,process,,1,pre,post_odor,2.0,-0.13044071570038795,-0.13044071570038795,-0.23427419550716877,-0.02660723589360714,-2.7690996214892234,2.5082181900884475
p1383,process,,4,pre,post_odor,2.0,0.4833412766456604,0.4833412766456604,0.44830504059791565,0.5183775126934052,-0.40701390016951744,1.3736964534608382
p1383,process,,31,pre,post_odor,2.0,0.7193239629268646,0.7193239629268646,0.6677509993314743,0.7708969265222549,-0.5912693056617626,2.029917231515492
p1383,process,,21,pre,post_odor,2.0,0.158583365380764,0.158583365380764,0.1237219087779522,0.19344482198357582,-0.727330244612428,1.044496975373956
p1383,process,,12,pre,post_odor,2.0,0.6199802197515965,0.6199802197515965,0.28725565038621426,0.9527047891169786,-7.835352778472611,9.075313217975804
p1383,process,,22,pre,post_odor,2.0,1.183857798576355,1.183857798576355,1.1319883465766907,1.2357272505760193,-0.1342699547454862,2.501985551898196
p1383,process,,10,pre,post_odor,2.0,-0.3387033697217703,-0.3387033697217703,-0.49332411866635084,-0.18408262077718973,-4.267989154822786,3.590582415379245
p1383,process,,0,pre,post_odor,2.0,0.06984817981719971,0.06984817981719971,0.04514046013355255,0.09455589950084686,-0.5580345099116687,0.6977308695460681
p1383,process,,18,pre,post_odor,2.0,0.6809260845184326,0.6809260845184326,0.608147531747818,0.7537046372890472,-1.1685522992934139,2.5304044683302793
p1383,process,,12,post,post_odor,2.0,0.0633304426446557,0.0633304426446557,0.043451187666505575,0.08320969762280583,-0.44184932486533535,0.5685102101546468
p1383,process,,18,post,post_odor,2.0,0.3763285353779793,0.3763285353779793,0.2951810471713543,0.45747602358460426,-1.6858246625814175,2.438481733337376
p1383,process,,40,post,post_odor,2.0,0.03525310545228422,0.03525310545228422,0.019382112310267985,0.05112409859430045,-0.36806707100548125,0.4385732819100497
p1383,process,,32,post,post_odor,2.0,0.270012803375721,0.270012803375721,0.2049497775733471,0.33507582917809486,-1.3833954498242376,1.9234210565756795
p1383,process,,31,post,post_odor,2.0,0.30388684570789337,0.30388684570789337,0.25659970194101334,0.3511739894747734,-0.8977934144739159,1.5055671058897027
p1383,process,,0,post,post_odor,2.0,-0.048970624804496765,-0.048970624804496765,-0.07671067863702774,-0.02123057097196579,-0.7539122315817888,0.6559709819727952
p1383,process,,4,post,post_odor,2.0,0.11616534553468227,0.11616534553468227,0.0837832698598504,0.14854742120951414,-0.7067412210787498,0.9390719121481144
p1383,process,,2,post,post_odor,2.0,0.0514476140961051,0.0514476140961051,0.04059414425864816,0.06230108393356204,-0.22436520560914403,0.3272604338013542
p1383,process,,3,post,post_odor,2.0,0.1145738773047924,0.1145738773047924,0.09926569648087025,0.12988205812871456,-0.2744438820694842,0.503591636679069
p1383,process,,21,post,post_odor,2.0,1.1949881315231323,1.1949881315231323,1.119441270828247,1.2705349922180176,-0.7248396268058295,3.1148158898520943
p1383,process,,1,post,post_odor,2.0,-0.03122495487332344,-0.03122495487332344,-0.03128731995820999,-0.03116258978843689,-0.0328098019472383,-0.02964010779940858
p1383,process,,22,post,post_odor,2.0,0.4305470734834671,0.4305470734834671,0.3972185477614403,0.4638755992054939,-0.41641106927440763,1.2775052162413418
p1383,process,,10,post,post_odor,1.0,0.07514627277851105,0.07514627277851105,0.07514627277851105,0.07514627277851105,,
p1383,process,,30,post,post_odor,2.0,0.23148596286773682,0.23148596286773682,0.2308264598250389,0.23214546591043472,0.2147264014984373,0.24824552423703633
p1383,process,,17,post,post_odor,2.0,0.451670840382576,0.451670840382576,0.4292115792632103,0.4741301015019417,-0.11907309962916102,1.022414780394313
p1383,process,,39,post,post_odor,2.0,0.10021306574344635,0.10021306574344635,0.09479844197630882,0.10562768951058388,-0.03738557056576747,0.23781170205266017
p1406,process,,39,pre,post_odor,2.0,0.15940803289413452,0.15940803289413452,0.14690719544887543,0.17190887033939362,-0.1582683670120676,0.47708443280033663
p1406,process,,17,pre,post_odor,2.0,1.8914846181869507,1.8914846181869507,1.7654842734336853,2.017484962940216,-1.3104877363402192,5.093456972714121
p1406,process,,32,pre,post_odor,2.0,0.8386455327272415,0.8386455327272415,0.6171212717890739,1.060169793665409,-4.790819694293045,6.468110759747528
p1406,process,,30,pre,post_odor,2.0,0.204481047578156,0.204481047578156,0.08925289241597056,0.3197092027403414,-2.72374401414671,3.132706109303022
p1406,process,,40,pre,post_odor,2.0,0.18294113874435425,0.18294113874435425,-0.03370407223701477,0.39958634972572327,-5.322535672937719,5.688417950426428
p1406,process,,3,pre,post_odor,2.0,0.8779188431799412,0.8779188431799412,0.3858709391206503,1.369966747239232,-11.626203974786044,13.382041661145927
p1406,process,,2,pre,post_odor,2.0,0.6245261132717133,0.6245261132717133,0.45791442692279816,0.7911377996206284,-3.6094782831055614,4.858530509648988
p1406,process,,1,pre,post_odor,2.0,0.05368193984031677,0.05368193984031677,-0.2602429836988449,0.36760686337947845,-7.923906760712833,8.031270640393465
p1406,process,,4,pre,post_odor,2.0,0.5613687187433243,0.5613687187433243,0.38886135071516037,0.7338760867714882,-3.8224591545856503,4.945196592072299
p1406,process,,31,pre,post_odor,2.0,1.617546558380127,1.617546558380127,1.4834577441215515,1.7516353726387024,-1.7899732952205931,5.025066411980847
p1406,process,,21,pre,post_odor,2.0,-0.1181090772151947,-0.1181090772151947,-0.3580898493528366,0.1218716949224472,-6.216598724267525,5.980380569837136
p1406,process,,12,pre,post_odor,2.0,0.912850484251976,0.912850484251976,0.5732792988419533,1.2524216696619987,-7.716471524398596,9.542172492902548
p1406,process,,22,pre,post_odor,2.0,1.6789679527282715,1.6789679527282715,1.6617302298545837,1.6962056756019592,1.2409158806912355,2.1170200247653077
p1406,process,,10,pre,post_odor,2.0,-0.3292407840490341,-0.3292407840490341,-0.4752361997961998,-0.18324536830186844,-4.0393360701018945,3.380854502003826
p1406,process,,0,pre,post_odor,2.0,0.38876642286777496,0.38876642286777496,0.3554987832903862,0.4220340624451637,-0.4566444562513646,1.2341773019869144
p1406,process,,18,pre,post_odor,2.0,0.7492654919624329,0.7492654919624329,0.5511005222797394,0.9474304616451263,-4.286583860689876,5.785114844614742
p1406,process,,12,post,post_odor,2.0,0.33246059715747833,0.33246059715747833,0.3019663020968437,0.36295489221811295,-0.4424729154940098,1.1073941098089666
p1406,process,,18,post,post_odor,2.0,1.40110844373703,1.40110844373703,1.3259640038013458,1.4762528836727142,-0.5084928334789409,3.310709720953001
p1406,process,,40,post,post_odor,2.0,0.14982332289218903,0.14982332289218903,0.12857401371002197,0.17107263207435608,-0.3901728230495938,0.6898194688339718
p1406,process,,32,post,post_odor,2.0,0.8951300978660583,0.8951300978660583,0.8295018970966339,0.9607582986354828,-0.7726406130201107,2.5629008087522274
p1406,process,,31,post,post_odor,2.0,1.058273196220398,1.058273196220398,1.0067286491394043,1.1098177433013916,-0.25159794026860416,2.3681443327094
p1406,process,,0,post,post_odor,2.0,-0.08648620545864105,-0.08648620545864105,-0.08794082328677177,-0.08503158763051033,-0.1234515493328785,-0.0495208615844036
p1406,process,,4,post,post_odor,2.0,0.26946018636226654,0.26946018636226654,0.18005133420228958,0.3588690385222435,-2.002634175179818,2.541554547904351
p1406,process,,2,post,post_odor,2.0,0.17304210364818573,0.17304210364818573,0.15310654789209366,0.1929776594042778,-0.3335684022844778,0.6796526095808493
p1406,process,,3,post,post_odor,2.0,0.36312924325466156,0.36312924325466156,0.32715222984552383,0.3991062566637993,-0.5511333530905509,1.277391839599874
p1406,process,,21,post,post_odor,2.0,2.5126969814300537,2.5126969814300537,2.459813117980957,2.5655808448791504,1.1687905889817978,3.8566033738783094
p1406,process,,1,post,post_odor,2.0,-0.06778700090944767,-0.06778700090944767,-0.08541952166706324,-0.050154480151832104,-0.5158718384316747,0.3802978366127794
p1406,process,,22,post,post_odor,2.0,1.6605578064918518,1.6605578064918518,1.55374214053154,1.7673734724521637,-1.0538856349532857,4.375001247936989
p1406,process,,10,post,post_odor,1.0,-0.006468640174716711,-0.006468640174716711,-0.006468640174716711,-0.006468640174716711,,
p1406,process,,30,post,post_odor,2.0,0.6959976851940155,0.6959976851940155,0.6932917088270187,0.6987036615610123,0.6272323057333933,0.7647630646546377
p1406,process,,17,post,post_odor,2.0,1.4936906695365906,1.4936906695365906,1.4044837057590485,1.5828976333141327,-0.7732732217633496,3.7606545608365307
p1406,process,,39,post,post_odor,2.0,-0.03882425278425217,-0.03882425278425217,-0.09263934567570686,0.01499084010720253,-1.4063954291344178,1.3287469235659135
p1428,process,,39,pre,post_odor,2.0,1.2602232694625854,1.2602232694625854,1.1622527837753296,1.3581937551498413,-1.2294428290269055,3.7498893679520764
p1428,process,,17,pre,post_odor,2.0,2.4939463138580322,2.4939463138580322,2.3966792821884155,2.591213345527649,0.022156676909757422,4.965735950806307
p1428,process,,32,pre,post_odor,2.0,2.2055776119232178,2.2055776119232178,2.179095506668091,2.2320597171783447,1.532603509490076,2.8785517143563597
p1428,process,,30,pre,post_odor,2.0,1.210552155971527,1.210552155971527,1.1069088876247406,1.3141954243183136,-1.4232730183095992,3.8443773302526534
p1428,process,,40,pre,post_odor,2.0,1.4861526489257812,1.4861526489257812,1.3938190340995789,1.5784862637519836,-0.8602669790998645,3.832572276951427
p1428,process,,3,pre,post_odor,2.0,2.323232203722,2.323232203722,1.5652845352888107,3.0811798721551895,-16.938044305114715,21.584508712558716
p1428,process,,2,pre,post_odor,2.0,1.9676098227500916,1.9676098227500916,1.5068749487400055,2.4283446967601776,-9.74077345378552,13.675993099285703
p1428,process,,1,pre,post_odor,2.0,1.3750605806708336,1.3750605806708336,0.7638125754892826,1.9863085858523846,-14.15822401615948,16.908345177501147
p1428,process,,4,pre,post_odor,2.0,2.2129165530204773,2.2129165530204773,1.5746020376682281,2.8512310683727264,-14.008193283255128,18.434026389296083
p1428,process,,31,pre,post_odor,2.0,2.413848102092743,2.413848102092743,1.874388962984085,2.9533072412014008,-11.29510843453756,16.122804638723046
p1428,process,,21,pre,post_odor,2.0,2.100653648376465,2.100653648376465,1.7840052843093872,2.4173020124435425,-5.946144238045676,10.147451534798606
p1428,process,,12,pre,post_odor,2.0,1.732202559709549,1.732202559709549,1.0580504387617111,2.406354680657387,-15.399627184469715,18.864032303888813
p1428,process,,22,pre,post_odor,2.0,2.628942370414734,2.628942370414734,2.0944361090660095,3.1634486317634583,-10.954149608513644,16.212034349343114
p1428,process,,10,pre,post_odor,2.0,-0.23577025532722473,-0.23577025532722473,-0.5176941305398941,0.04615361988544464,-7.400135212263109,6.9285947016086595
p1428,process,,0,pre,post_odor,2.0,0.27840761840343475,0.27840761840343475,0.2069634273648262,0.3498518094420433,-1.5371614186904405,2.0939766554973103
p1428,process,,18,pre,post_odor,2.0,1.3723934590816498,1.3723934590816498,1.1262164860963821,1.6185704320669174,-4.8835565810834645,7.628343499246764
p1428,process,,12,post,post_odor,2.0,0.18570885807275772,0.18570885807275772,0.16166596487164497,0.20975175127387047,-0.4252789888538845,0.7966967049993999
p1428,process,,18,post,post_odor,2.0,0.568633109331131,0.568633109331131,0.48380307853221893,0.653463140130043,-1.5871023688828316,2.7243685875450936
p1428,process,,40,post,post_odor,2.0,0.001476474106311798,0.001476474106311798,-0.027439216151833534,0.03039216436445713,-0.7333408869093015,0.7362938351219251
p1428,process,,32,post,post_odor,2.0,0.23413494229316711,0.23413494229316711,0.22268982231616974,0.2455800622701645,-0.05671313302245623,0.5249830176087904
p1428,process,,31,post,post_odor,2.0,0.3034229725599289,0.3034229725599289,0.27075348049402237,0.3360924646258354,-0.5267875370725572,1.133633482192415
p1428,process,,0,post,post_odor,2.0,0.08598925359547138,0.08598925359547138,0.07409978192299604,0.09787872526794672,-0.21615086895537056,0.3881293761463133
p1428,process,,4,post,post_odor,2.0,0.22833753749728203,0.22833753749728203,0.1645203698426485,0.29215470515191555,-1.3934104583078355,1.8500855333023996
p1428,process,,2,post,post_odor,2.0,0.16404516249895096,0.16404516249895096,0.11448639258742332,0.2136039324104786,-1.0953625914387375,1.4234529164366394
p1428,process,,3,post,post_odor,2.0,0.21067748963832855,0.21067748963832855,0.17867501825094223,0.24267996102571487,-0.6025824173850779,1.023937396661735
p1428,process,,21,post,post_odor,2.0,1.641058623790741,1.641058623790741,1.6355071365833282,1.6466101109981537,1.4999819576954596,1.7821352898860223
p1428,process,,1,post,post_odor,2.0,-0.029114969074726105,-0.029114969074726105,-0.033980268985033035,-0.024249669164419174,-0.1527539626012306,0.09452402445177836
p1428,process,,22,post,post_odor,2.0,0.17810776084661484,0.17810776084661484,0.15767795965075493,0.19853756204247475,-0.3410627125812703,0.6972782342745
p1428,process,,10,post,post_odor,1.0,0.0024689598940312862,0.0024689598940312862,0.0024689598940312862,0.0024689598940312862,,
p1428,process,,30,post,post_odor,2.0,0.3723389655351639,0.3723389655351639,0.3269936814904213,0.41768424957990646,-0.7799939602498263,1.524671891320154
p1428,process,,17,post,post_odor,2.0,0.5467396527528763,0.5467396527528763,0.47660376876592636,0.6168755367398262,-1.2355821498286876,2.32906145533444
p1428,process,,39,post,post_odor,2.0,0.014087153598666191,0.014087153598666191,-0.01046124380081892,0.0386355509981513,-0.6097467730070063,0.6379210802043387
p1450,process,,39,pre,post_odor,2.0,3.1860737204551697,3.1860737204551697,2.086606651544571,4.285540789365768,-24.754033636064747,31.126181076975087
p1450,process,,17,pre,post_odor,2.0,10.207672119140625,10.207672119140625,9.271316051483154,11.144028186798096,-13.587391684089905,34.00273592237116
p1450,process,,32,pre,post_odor,2.0,10.537792682647705,10.537792682647705,10.24962830543518,10.82595705986023,3.214841533578487,17.860743831716924
p1450,process,,30,pre,post_odor,2.0,10.290627002716064,10.290627002716064,9.615854024887085,10.965399980545044,-6.856980210750496,27.438234216182625
p1450,process,,40,pre,post_odor,2.0,3.583919048309326,3.583919048309326,3.3170971870422363,3.850740909576416,-3.196667346384362,10.364505443003015
p1450,process,,3,pre,post_odor,2.0,6.443608522415161,6.443608522415161,4.622211337089539,8.265005707740784,-39.8424825628642,52.72969960769452
p1450,process,,2,pre,post_odor,2.0,4.334057688713074,4.334057688713074,3.2098079323768616,5.458307445049286,-24.23583746849177,32.903952845917914
p1450,process,,1,pre,post_odor,2.0,3.5730382204055786,3.5730382204055786,3.483592927455902,3.662483513355255,1.3000178105941536,5.846058630217003
p1450,process,,4,pre,post_odor,2.0,4.61834904551506,4.61834904551506,2.566738560795784,6.669959530234337,-47.5180166699364,56.75471476096652
p1450,process,,31,pre,post_odor,2.0,11.462021827697754,11.462021827697754,11.4176664352417,11.506377220153809,10.334844432297736,12.589199223097772
p1450,process,,21,pre,post_odor,2.0,7.225722074508667,7.225722074508667,6.608573079109192,7.842871069908142,-8.45752090203186,22.908965051049194
p1450,process,,12,pre,post_odor,2.0,3.336830771120731,3.336830771120731,1.6677944602852222,5.005867081956239,-39.077403384050626,45.75106492629209
p1450,process,,22,pre,post_odor,2.0,8.671731948852539,8.671731948852539,8.264757633209229,9.07870626449585,-1.6704660050044335,19.013929902709513
p1450,process,,10,pre,post_odor,2.0,4.059387803077698,4.059387803077698,3.0702921748161316,5.048483431339264,-21.075915309615894,29.19469091577129
p1450,process,,0,pre,post_odor,2.0,2.234011188149452,2.234011188149452,1.3493902906775475,3.118632085621357,-20.246337286203797,24.7143596625027
p1450,process,,18,pre,post_odor,2.0,0.8978150486946106,0.8978150486946106,-0.06648555397987366,1.8621156513690948,-23.607386720902674,25.403016818291896
p1450,process,,12,post,post_odor,2.0,0.05105924233794212,0.05105924233794212,0.04353163577616215,0.0585868488997221,-0.14023537795675473,0.24235386263263897
p1450,process,,18,post,post_odor,2.0,0.42337052524089813,0.42337052524089813,0.3416953757405281,0.5050456747412682,-1.6521918175778576,2.498932868059654
p1450,process,,40,post,post_odor,2.0,0.10743512213230133,0.10743512213230133,0.10593660920858383,0.10893363505601883,0.06935429811518479,0.14551594614941787
p1450,process,,32,post,post_odor,2.0,0.08101113210432231,0.08101113210432231,0.043252275441773236,0.11876998876687139,-0.8785323946121227,1.0405546588207675
p1450,process,,31,post,post_odor,2.0,0.18162023276090622,0.18162023276090622,0.1717313565313816,0.19150910899043083,-0.0696799392051557,0.43292040472696813
p1450,process,,0,post,post_odor,2.0,-0.051920381374657154,-0.051920381374657154,-0.08439701283350587,-0.01944374991580844,-0.8772298382895044,0.7733890755401901
p1450,process,,4,post,post_odor,2.0,-0.003765380708500743,-0.003765380708500743,-0.004081965773366392,-0.003448795643635094,-0.011810570009696899,0.004279808592695413
p1450,process,,2,post,post_odor,2.0,0.04729277640581131,0.04729277640581131,-0.034801725298166275,0.1293872781097889,-2.0389263163241513,2.133511869135774
p1450,process,,3,post,post_odor,2.0,0.14945848286151886,0.14945848286151886,0.1462608203291893,0.15265614539384842,0.06819817323557044,0.2307187924874673
p1450,process,,21,post,post_odor,2.0,6.387173652648926,6.387173652648926,6.176279067993164,6.5980682373046875,1.0278341118756575,11.746513193422194
p1450,process,,1,post,post_odor,2.0,0.014004431664943695,0.014004431664943695,-0.00943751446902752,0.03744637779891491,-0.5817119023202905,0.6097207656501779
p1450,process,,22,post,post_odor,2.0,0.014079816173762083,0.014079816173762083,0.004352002637460828,0.02380762971006334,-0.23312736468138853,0.26128699702891267
p1450,process,,10,post,post_odor,1.0,-0.01876855082809925,-0.01876855082809925,-0.01876855082809925,-0.01876855082809925,,
p1450,process,,30,post,post_odor,2.0,0.10886896401643753,0.10886896401643753,0.05012376233935356,0.1676141656935215,-1.3839881555373663,1.6017260835702414
p1450,process,,17,post,post_odor,2.0,0.0283069321885705,0.0283069321885705,0.021585924085229635,0.035027940291911364,-0.14249007780050585,0.19910394217764685
p1450,process,,39,post,post_odor,2.0,0.015091955661773682,0.015091955661773682,-0.0006964839994907379,0.0308803953230381,-0.38613033793975904,0.4163142492633064
p1473,process,,39,pre,post_odor,2.0,1.3987945318222046,1.3987945318222046,0.9496938586235046,1.8478952050209045,-10.013935669810925,12.811524733455334
p1473,process,,17,pre,post_odor,2.0,2.9612174034118652,2.9612174034118652,2.7401866912841797,3.182248115539551,-2.655705559141862,8.578140365965591
p1473,process,,32,pre,post_odor,2.0,1.5734755396842957,1.5734755396842957,1.5566021502017975,1.5903489291667938,1.1446820569686187,2.0022690223999726
p1473,process,,30,pre,post_odor,2.0,1.1223159432411194,1.1223159432411194,1.1016229093074799,1.143008977174759,0.596456091694251,1.6481757947879878
p1473,process,,40,pre,post_odor,2.0,2.3452844619750977,2.3452844619750977,2.2986369132995605,2.3919320106506348,1.1598578541509994,3.530711069799196
p1473,process,,3,pre,post_odor,2.0,2.8502950370311737,2.8502950370311737,1.7862197905778885,3.914370283484459,-24.1904208352308,29.891010909293147
p1473,process,,2,pre,post_odor,2.0,2.323598563671112,2.323598563671112,1.9864745438098907,2.6607225835323334,-6.243535072006692,10.890732199348916
p1473,process,,1,pre,post_odor,2.0,1.2888832166790962,1.2888832166790962,0.7077212445437908,1.8700451888144016,-13.479842788981387,16.05760922233958
p1473,process,,4,pre,post_odor,2.0,2.394085004925728,2.394085004925728,1.4229165241122246,3.365253485739231,-22.285646096146504,27.07381610599796
p1473,process,,31,pre,post_odor,2.0,3.9274981021881104,3.9274981021881104,3.281710982322693,4.573285222053528,-12.483508619801054,20.338504824177274
p1473,process,,21,pre,post_odor,2.0,1.8715795874595642,1.8715795874595642,1.485603243112564,2.2575559318065643,-7.937009321726929,11.680168496646058
p1473,process,,12,pre,post_odor,2.0,2.4131609201431274,2.4131609201431274,1.426388442516327,3.399933397769928,-22.66310533735385,27.489427177640106
p1473,process,,22,pre,post_odor,2.0,3.3864974975585938,3.3864974975585938,2.6655094623565674,4.10748553276062,-14.935545677659956,21.708540672777143
p1473,process,,10,pre,post_odor,2.0,0.3492947518825531,0.3492947518825531,-0.2034078687429428,0.901997372508049,-13.69621055989313,14.394800063658236
p1473,process,,0,pre,post_odor,2.0,1.3121068179607391,1.3121068179607391,0.98329658806324,1.6409170478582382,-7.043753382891845,9.667967018813323
p1473,process,,18,pre,post_odor,2.0,1.6900522708892822,1.6900522708892822,1.5620336532592773,1.818070888519287,-1.5632092604085281,4.943313802187093
p1473,process,,12,post,post_odor,2.0,0.6519776284694672,0.6519776284694672,0.6212042719125748,0.6827509850263596,-0.13004750919289032,1.4340027661318246
p1473,process,,18,post,post_odor,2.0,1.5180746912956238,1.5180746912956238,1.4699921905994415,1.566157191991806,0.29618249514971606,2.7399668874415317
p1473,process,,40,post,post_odor,2.0,0.07663697749376297,0.07663697749376297,-0.001070227473974228,0.15434418246150017,-1.8980903340981572,2.051364289085683
p1473,process,,32,post,post_odor,2.0,0.879801481962204,0.879801481962204,0.8492064327001572,0.9103965312242508,0.10230756228836946,1.6572954016360386
p1473,process,,31,post,post_odor,2.0,0.824859082698822,0.824859082698822,0.7382292449474335,0.9114889204502106,-1.376613826762655,3.026331992160299
p1473,process,,0,post,post_odor,2.0,0.14078450202941895,0.14078450202941895,0.14020489901304245,0.14136410504579544,0.12605539284585063,0.15551361121298726
p1473,process,,4,post,post_odor,2.0,0.684963196516037,0.684963196516037,0.44723208248615265,0.9226943105459213,-5.356357217529168,6.726283610561242
p1473,process,,2,post,post_odor,2.0,0.3559505343437195,0.3559505343437195,0.3238365799188614,0.3880644887685776,-0.4601424252771409,1.1720434939645799
p1473,process,,3,post,post_odor,2.0,0.8363685309886932,0.8363685309886932,0.7698639780282974,0.902873083949089,-0.8536724006164305,2.5264094625938167
p1473,process,,21,post,post_odor,2.0,2.960801362991333,2.960801362991333,2.8586080074310303,3.0629947185516357,0.3638219661395268,5.557780759843139
p1473,process,,1,post,post_odor,2.0,0.013764114119112492,0.013764114119112492,0.0014036293141543865,0.026124598924070597,-0.3003455870212355,0.32787381525946047
p1473,process,,22,post,post_odor,2.0,0.8586026728153229,0.8586026728153229,0.8123950809240341,0.9048102647066116,-0.3156435730573184,2.0328489186879644
p1473,process,,10,post,post_odor,1.0,-0.029361356049776077,-0.029361356049776077,-0.029361356049776077,-0.029361356049776077,,
p1473,process,,30,post,post_odor,2.0,1.378437340259552,1.378437340259552,1.3221109807491302,1.4347636997699738,-0.05295117170604691,2.809825852225151
p1473,process,,17,post,post_odor,2.0,1.3820737600326538,1.3820737600326538,1.356524407863617,1.4076231122016907,0.7328031609598311,2.0313443591054767
p1473,process,,39,post,post_odor,2.0,0.008121442049741745,0.008121442049741745,-0.019727768376469612,0.0359706524759531,-0.699594096782763,0.7158369808822465
p1495,process,,39,pre,post_odor,2.0,1.6822506189346313,1.6822506189346313,1.2270061373710632,2.1374951004981995,-9.886608556586172,13.251109794455434
p1495,process,,17,pre,post_odor,2.0,2.538799524307251,2.538799524307251,2.500094175338745,2.577504873275757,1.555203347549404,3.522395701065098
p1495,process,,32,pre,post_odor,2.0,2.4006948471069336,2.4006948471069336,2.1276904344558716,2.6736992597579956,-4.537005074940096,9.338394769153963
p1495,process,,30,pre,post_odor,2.0,1.4328342080116272,1.4328342080116272,1.2821728885173798,1.5834955275058746,-2.395832934620643,5.261501350643897
p1495,process,,40,pre,post_odor,2.0,2.4700199365615845,2.4700199365615845,2.3046934008598328,2.635346472263336,-1.7313256853363201,6.671365558459489
p1495,process,,3,pre,post_odor,2.0,3.007044792175293,3.007044792175293,2.0565261840820312,3.9575634002685547,-21.147923287778266,27.16201287212885
p1495,process,,2,pre,post_odor,2.0,2.377098321914673,2.377098321914673,1.980568528175354,2.7736281156539917,-7.699679164575143,12.453875808404488
p1495,process,,1,pre,post_odor,2.0,1.6356113106012344,1.6356113106012344,0.9593415483832359,2.311881072819233,-15.5500328006509,18.82125542185337
p1495,process,,4,pre,post_odor,2.0,2.716472804546356,2.716472804546356,1.746888667345047,3.6860569417476654,-21.9229963079079,27.355941917000614
p1495,process,,31,pre,post_odor,2.0,4.50970458984375,4.50970458984375,3.613267183303833,5.406141996383667,-18.270929851479554,27.290339031167054
p1495,process,,21,pre,post_odor,2.0,2.3726552724838257,2.3726552724838257,2.1697160601615906,2.575594484806061,-2.7845190890448652,7.529829634012517
p1495,process,,12,pre,post_odor,2.0,2.7709874510765076,2.7709874510765076,1.4971241056919098,4.044850796461105,-29.600949493653722,35.14292439580674
p1495,process,,22,pre,post_odor,2.0,3.37039577960968,3.37039577960968,2.459434926509857,4.281356632709503,-19.779314432643737,26.520105991863097
p1495,process,,10,pre,post_odor,2.0,0.44813430309295654,0.44813430309295654,-0.09087181091308594,0.987140417098999,-13.249309774128431,14.145578380314344
p1495,process,,0,pre,post_odor,2.0,1.3708469867706299,1.3708469867706299,0.9038461446762085,1.8378478288650513,-10.496769636464784,13.238463610006043
p1495,process,,18,pre,post_odor,2.0,1.3930412828922272,1.3930412828922272,1.1856194585561752,1.6004631072282791,-3.8780470506372495,6.664129616421704
p1495,process,,12,post,post_odor,2.0,0.40076425671577454,0.40076425671577454,0.3527446538209915,0.44878385961055756,-0.8195295547460655,1.6210580681776146
p1495,process,,18,post,post_odor,2.0,1.1478899121284485,1.1478899121284485,1.0762827098369598,1.2194971144199371,-0.6718216336722165,2.9676014579291135
p1495,process,,40,post,post_odor,2.0,0.17338550463318825,0.17338550463318825,0.14630923233926296,0.20046177692711353,-0.5146878138848698,0.8614588231512463
p1495,process,,32,post,post_odor,2.0,0.31414392590522766,0.31414392590522766,0.31200768053531647,0.31628017127513885,0.2598567838316339,0.3684310679788214
p1495,process,,31,post,post_odor,2.0,0.5447021424770355,0.5447021424770355,0.523872509598732,0.565531775355339,0.015370982614874684,1.0740333023391964
p1495,process,,0,post,post_odor,2.0,0.003971181809902191,0.003971181809902191,-0.03602459281682968,0.043966956436634064,-1.0124178201684102,1.0203601837882146
p1495,process,,4,post,post_odor,2.0,0.46187923848629,0.46187923848629,0.43622682243585587,0.4875316545367241,-0.19001046214240924,1.1137689391149892
p1495,process,,2,post,post_odor,2.0,0.05602003633975983,0.05602003633975983,0.009824320673942566,0.10221575200557709,-1.1179244060282136,1.2299644787077333
p1495,process,,3,post,post_odor,2.0,0.49958336353302,0.49958336353302,0.4470854103565216,0.5520813167095184,-0.834516119048383,1.833682846114423
p1495,process,,21,post,post_odor,2.0,2.538757801055908,2.538757801055908,2.4636634588241577,2.6138521432876587,0.6304296272059258,4.447085974905891
p1495,process,,1,post,post_odor,2.0,0.16780878975987434,0.16780878975987434,0.12824389152228832,0.20737368799746037,-0.8376306049854962,1.173248184505245
p1495,process,,22,post,post_odor,2.0,0.4613249897956848,0.4613249897956848,0.4348008334636688,0.4878491461277008,-0.2127177318221143,1.135367711413484
p1495,process,,10,post,post_odor,1.0,-0.03447192162275314,-0.03447192162275314,-0.03447192162275314,-0.03447192162275314,,
p1495,process,,30,post,post_odor,2.0,0.814143031835556,0.814143031835556,0.7500214725732803,0.8782645910978317,-0.8153402881429113,2.4436263518140233
p1495,process,,17,post,post_odor,2.0,0.8242061734199524,0.8242061734199524,0.7720272839069366,0.8763850629329681,-0.5017851326972809,2.1501974795371854
p1495,process,,39,post,post_odor,2.0,0.1926267072558403,0.1926267072558403,0.11836815252900124,0.26688526198267937,-1.6944620922874598,2.0797155067991406
p1517,process,,39,pre,post_odor,2.0,0.3400783874094486,0.3400783874094486,0.22304834984242916,0.4571084249764681,-2.6339368478080813,3.3140936226269786
p1517,process,,17,pre,post_odor,2.0,0.854822188615799,0.854822188615799,0.8026248961687088,0.9070194810628891,-0.4716367803976258,2.1812811576292237
p1517,process,,32,pre,post_odor,2.0,0.7319747805595398,0.7319747805595398,0.6358207166194916,0.828128844499588,-1.7115316647154297,3.1754812258345093
p1517,process,,30,pre,post_odor,2.0,0.6750929951667786,0.6750929951667786,0.6016320288181305,0.7485539615154266,-1.1917271619195453,2.5419131522531027
p1517,process,,40,pre,post_odor,2.0,0.4158862829208374,0.4158862829208374,0.34927529096603394,0.48249727487564087,-1.2768595199939992,2.1086320858356737
p1517,process,,3,pre,post_odor,2.0,0.7719673812389374,0.7719673812389374,0.5607497245073318,0.9831850379705429,-4.595582199414756,6.139516961892631
p1517,process,,2,pre,post_odor,2.0,0.39275331795215607,0.39275331795215607,0.3585386350750923,0.4269680008292198,-0.47672421328636905,1.262230849190681
p1517,process,,1,pre,post_odor,2.0,0.16468405909836292,0.16468405909836292,0.05996808689087629,0.26940003130584955,-2.496401104933445,2.825769223130171
p1517,process,,4,pre,post_odor,2.0,0.7939767837524414,0.7939767837524414,0.561603307723999,1.0263502597808838,-5.1111931395955015,6.699146707100384
p1517,process,,31,pre,post_odor,2.0,0.8473194986581802,0.8473194986581802,0.6175684556365013,1.0770705416798592,-4.991208083308085,6.685847080624446
p1517,process,,21,pre,post_odor,2.0,0.15860098600387573,0.15860098600387573,-0.18834081292152405,0.5055427849292755,-8.65802607136189,8.975228043369642
p1517,process,,12,pre,post_odor,2.0,0.632177572697401,0.632177572697401,0.34972551651299,0.9146296288818121,-6.545609735367888,7.80996488076269
p1517,process,,22,pre,post_odor,2.0,1.182006150484085,1.182006150484085,0.9714557379484177,1.3925565630197525,-4.168587147444381,6.532599448412551
p1517,process,,10,pre,post_odor,2.0,0.06758184731006622,0.06758184731006622,-0.15465081483125687,0.2898145094513893,-5.579885561155513,5.715049255775646
p1517,process,,0,pre,post_odor,2.0,0.28058691695332527,0.28058691695332527,0.18481972627341747,0.37635410763323307,-2.153088146621054,2.7142619805277044
p1517,process,,18,pre,post_odor,2.0,0.9401972889900208,0.9401972889900208,0.8582872450351715,1.02210733294487,-1.141334287888745,3.0217288658687864
p1517,process,,12,post,post_odor,2.0,0.4156082272529602,0.4156082272529602,0.3702993392944336,0.4609171152114868,-0.7357997862859187,1.567016240791839
p1517,process,,18,post,post_odor,2.0,0.7505896985530853,0.7505896985530853,0.746128037571907,0.7550513595342636,0.6372081427725786,0.863971254333592
p1517,process,,40,post,post_odor,2.0,0.20295492559671402,0.20295492559671402,0.20164185389876366,0.20426799729466438,0.16958660994184632,0.23632324125158172
p1517,process,,32,post,post_odor,2.0,0.28556111454963684,0.28556111454963684,0.27012136578559875,0.3010008633136749,-0.10680010319229932,0.6779223322915731
p1517,process,,31,post,post_odor,2.0,0.5119143724441528,0.5119143724441528,0.41464337706565857,0.6091853678226471,-1.9599759918971484,2.983804736785454
p1517,process,,0,post,post_odor,2.0,-0.029361426830291748,-0.029361426830291748,-0.07857875525951385,0.01985590159893036,-1.2800923300087863,1.2213694763482028
p1517,process,,4,post,post_odor,2.0,0.19385695457458496,0.19385695457458496,0.1171727180480957,0.2705411911010742,-1.7548742641110515,2.142588173260221
p1517,process,,2,post,post_odor,2.0,0.023461170494556427,0.023461170494556427,0.02269577607512474,0.024226564913988113,0.004010654100107279,0.042911686889005575
p1517,process,,3,post,post_odor,2.0,0.2745879292488098,0.2745879292488098,0.229634091258049,0.3195417672395706,-0.8677974091260596,1.4169732676236793
p1517,process,,21,post,post_odor,2.0,1.7175365090370178,1.7175365090370178,1.6375063955783844,1.7975666224956512,-0.3162215042923546,3.7512945223663903
p1517,process,,1,post,post_odor,2.0,-0.047106300480663776,-0.047106300480663776,-0.059160365257412195,-0.03505223570391536,-0.35342913039361834,0.2592165294322908
p1517,process,,22,post,post_odor,2.0,0.5573933571577072,0.5573933571577072,0.5199430659413338,0.5948436483740807,-0.39430877809150433,1.5090954924069186
p1517,process,,10,post,post_odor,1.0,0.03577790409326553,0.03577790409326553,0.03577790409326553,0.03577790409326553,,
p1517,process,,30,post,post_odor,2.0,0.4969557374715805,0.4969557374715805,0.41756436973810196,0.576347105205059,-1.5205702079414434,2.5144816828846044
p1517,process,,17,post,post_odor,2.0,0.5189288258552551,0.5189288258552551,0.5185190439224243,0.5193386077880859,0.5085152795837878,0.5293423721267224
p1517,process,,39,post,post_odor,2.0,0.0521903820335865,0.0521903820335865,0.015892187133431435,0.08848857693374157,-0.8702342098762982,0.9746149739434712
p1539,process,,39,pre,post_odor,2.0,1.0233611166477203,1.0233611166477203,0.9235259741544724,1.1231962591409683,-1.5136904041210455,3.560412637416486
p1539,process,,17,pre,post_odor,2.0,1.9915554523468018,1.9915554523468018,1.8756517171859741,2.1074591875076294,-0.9538377249348895,4.936948629628493
p1539,process,,32,pre,post_odor,2.0,1.339404046535492,1.339404046535492,1.243186742067337,1.4356213510036469,-1.105709492934973,3.784517586005957
p1539,process,,30,pre,post_odor,2.0,0.1823077742010355,0.1823077742010355,0.06481747981160879,0.2997980685904622,-2.8034036958499495,3.1680192442520205
p1539,process,,40,pre,post_odor,2.0,0.6184552609920502,0.6184552609920502,0.49596981704235077,0.7409407049417496,-2.4941949950602105,3.731105517044311
p1539,process,,3,pre,post_odor,2.0,1.6226429343223572,1.6226429343223572,1.1984565556049347,2.0468293130397797,-9.156955014237855,12.40224088288257
p1539,process,,2,pre,post_odor,2.0,0.9840675219893456,0.9840675219893456,0.5347855128347874,1.4333495311439037,-10.433270863206111,12.401405907184802
p1539,process,,1,pre,post_odor,2.0,1.1522933170199394,1.1522933170199394,0.5129032619297504,1.7916833721101284,-15.096148575479976,17.400735209519855
p1539,process,,4,pre,post_odor,2.0,1.5872448682785034,1.5872448682785034,1.1629027724266052,2.0115869641304016,-9.196310227864867,12.370799964421874
p1539,process,,31,pre,post_odor,2.0,1.4696730971336365,1.4696730971336365,1.0304750502109528,1.9088711440563202,-9.691407510721723,12.630753704988996
p1539,process,,21,pre,post_odor,2.0,1.0589531660079956,1.0589531660079956,1.03506338596344,1.0828429460525513,0.451856293311386,1.666050038704605
p1539,process,,12,pre,post_odor,2.0,0.5738414681982249,0.5738414681982249,0.283661627327092,0.8640213090693578,-6.80032746864019,7.94801040503664
p1539,process,,22,pre,post_odor,2.0,1.4222824275493622,1.4222824275493622,1.0745588093996048,1.7700060456991196,-7.4142125400791326,10.258777395177857
p1539,process,,10,pre,post_odor,2.0,-0.3332009017467499,-0.3332009017467499,-0.3811706602573395,-0.2852311432361603,-1.5522280473075698,0.88582624381407
p1539,process,,0,pre,post_odor,2.0,0.09906650334596634,0.09906650334596634,-0.048280853778123856,0.24641386047005653,-3.6453848705599112,3.843517877251844
p1539,process,,18,pre,post_odor,2.0,0.9033145010471344,0.9033145010471344,0.7822516411542892,1.0243773609399796,-2.1731844664435105,3.9798134685377793
p1539,process,,12,post,post_odor,2.0,0.36486032605171204,0.36486032605171204,0.3038470149040222,0.42587363719940186,-1.1856349200972411,1.9153555722006652
p1539,process,,18,post,post_odor,2.0,0.8244210779666901,0.8244210779666901,0.7721819132566452,0.8766602426767349,-0.5031019661384739,2.1519441220718543
p1539,process,,40,post,post_odor,2.0,0.020778432488441467,0.020778432488441467,-0.006347868591547012,0.04790473356842995,-0.6685662380264591,0.710123103003342
p1539,process,,32,post,post_odor,2.0,0.16242948919534683,0.16242948919534683,0.14525247737765312,0.17960650101304054,-0.2740797686272702,0.5989387470179639
p1539,process,,31,post,post_odor,2.0,-0.006633199751377106,-0.006633199751377106,-0.07678566500544548,0.06351926550269127,-1.7893763722825253,1.7761099727797711
p1539,process,,0,post,post_odor,2.0,-0.03397184610366821,-0.03397184610366821,-0.10676415264606476,0.03882046043872833,-1.8837997463958263,1.8158560541884898
p1539,process,,4,post,post_odor,2.0,0.1565469242632389,0.1565469242632389,0.11652174405753613,0.1965721044689417,-0.8605893443286536,1.1736831928551315
p1539,process,,2,post,post_odor,2.0,0.3486381769180298,0.3486381769180298,0.27919523417949677,0.4180811196565628,-1.416074318918483,2.1133506727545424
p1539,process,,3,post,post_odor,2.0,0.30153918266296387,0.30153918266296387,0.2587091326713562,0.34436923265457153,-0.7868755854449645,1.3899539507708922
p1539,process,,21,post,post_odor,2.0,1.711834192276001,1.711834192276001,1.6557323336601257,1.7679360508918762,0.28615078896952695,3.137517595582475
p1539,process,,1,post,post_odor,2.0,-0.055975839495658875,-0.055975839495658875,-0.14390332996845245,0.031951650977134705,-2.290425231266389,2.1784735522750713
p1539,process,,22,post,post_odor,2.0,0.1098819375038147,0.1098819375038147,0.0525040328502655,0.1672598421573639,-1.3482288702175989,1.5679927452252282
p1539,process,,10,post,post_odor,1.0,-0.1376713216304779,-0.1376713216304779,-0.1376713216304779,-0.1376713216304779,,
p1539,process,,30,post,post_odor,2.0,0.6031096279621124,0.6031096279621124,0.5678471177816391,0.6383721381425858,-0.2929957197669645,1.4992149756911894
p1539,process,,17,post,post_odor,2.0,0.6149769425392151,0.6149769425392151,0.5446295142173767,0.6853243708610535,-1.17272071130209,2.4026745963805203
p1539,process,,39,post,post_odor,2.0,0.15266813337802887,0.15266813337802887,0.13404718786478043,0.1712890788912773,-0.3205349587669477,0.6258712255230054
p1562,process,,39,pre,post_odor,2.0,2.2926871180534363,2.2926871180534363,1.8778518736362457,2.707522362470627,-8.24927597663835,12.834650212745222
p1562,process,,17,pre,post_odor,2.0,5.69138777256012,5.69138777256012,4.810861051082611,6.571914494037628,-16.68491782497167,28.06769337009191
p1562,process,,32,pre,post_odor,2.0,1.3900272250175476,1.3900272250175476,1.2707093060016632,1.509345144033432,-1.6421285904027303,4.422183040437826
p1562,process,,30,pre,post_odor,2.0,0.9203602969646454,0.9203602969646454,0.7848531156778336,1.0558674782514572,-2.523203680339697,4.363924274268988
p1562,process,,40,pre,post_odor,2.0,1.7354909181594849,1.7354909181594849,1.39948970079422,2.0714921355247498,-6.803109600734498,10.274091437053468
p1562,process,,3,pre,post_odor,2.0,2.033078581094742,2.033078581094742,1.5154653638601303,2.5506917983293533,-11.120720443571342,15.186877605760825
p1562,process,,2,pre,post_odor,2.0,1.6626726984977722,1.6626726984977722,1.5917713344097137,1.7335740625858307,-0.13910179785609755,3.464447194851642
p1562,process,,1,pre,post_odor,2.0,5.140786647796631,5.140786647796631,4.759083032608032,5.5224902629852295,-4.559221918452119,14.84079521404538
p1562,process,,4,pre,post_odor,2.0,2.188032850623131,2.188032850623131,0.954982616007328,3.4210830852389336,-29.14674461141013,33.52281031265639
p1562,process,,31,pre,post_odor,2.0,1.959078848361969,1.959078848361969,1.3832022845745087,2.5349554121494293,-12.675332196134505,16.593489892858443
p1562,process,,21,pre,post_odor,2.0,1.412166953086853,1.412166953086853,1.4099482297897339,1.4143856763839722,1.3557838481546203,1.4685500580190858
p1562,process,,12,pre,post_odor,2.0,1.4197821840643883,1.4197821840643883,0.8297622539103031,2.0098021142184734,-13.57404587785821,16.413610245986987
p1562,process,,22,pre,post_odor,2.0,2.2871852219104767,2.2871852219104767,1.4709316939115524,3.103438749909401,-18.45578366484799,23.030154108668942
p1562,process,,10,pre,post_odor,2.0,0.9645704030990601,0.9645704030990601,0.6817744374275208,1.2473663687705994,-6.221956473674558,8.151097279872678
p1562,process,,0,pre,post_odor,2.0,0.46960777416825294,0.46960777416825294,0.2594981249421835,0.6797174233943224,-4.869784666056321,5.809000214392827
p1562,process,,18,pre,post_odor,2.0,8.056556940078735,8.056556940078735,7.153726935386658,8.959386944770813,-14.886528823079459,30.99964270323693
p1562,process,,12,post,post_odor,2.0,0.17607982456684113,0.17607982456684113,0.12014207988977432,0.23201756924390793,-1.2454330481265128,1.597592697260195
p1562,process,,18,post,post_odor,2.0,0.5616201311349869,0.5616201311349869,0.4677886888384819,0.6554515734314919,-1.8228629018849207,2.9461031641548945
p1562,process,,40,post,post_odor,2.0,0.07138970214873552,0.07138970214873552,0.022649343591183424,0.12013006070628762,-1.167220247344907,1.309999651642378
p1562,process,,32,post,post_odor,2.0,0.2515089064836502,0.2515089064836502,0.2508654221892357,0.25215239077806473,0.2351564201049626,0.26786139286233784
p1562,process,,31,post,post_odor,2.0,0.025125570129603148,0.025125570129603148,0.01640292932279408,0.033848210936412215,-0.19653774973325286,0.24678888999245915
p1562,process,,0,post,post_odor,2.0,0.1513063609600067,0.1513063609600067,0.113275907933712,0.18933681398630142,-0.8151390837631433,1.1177518056831568
p1562,process,,4,post,post_odor,2.0,0.0933014564216137,0.0933014564216137,0.02840324677526951,0.15819966606795788,-1.5559184211336596,1.742521333976887
p1562,process,,2,post,post_odor,2.0,-0.08322262577712536,-0.08322262577712536,-0.10266885068267584,-0.06377640087157488,-0.5773980557683729,0.4109528042141222
p1562,process,,3,post,post_odor,2.0,-0.1358017958700657,-0.1358017958700657,-0.16454455442726612,-0.10705903731286526,-0.8662245456905174,0.594620953950386
p1562,process,,21,post,post_odor,2.0,0.52536940574646,0.52536940574646,0.4896800220012665,0.5610587894916534,-0.381583827802207,1.432322639295127
p1562,process,,1,post,post_odor,2.0,-0.13130140560679138,-0.13130140560679138,-0.19328402110841125,-0.0693187901051715,-1.7064290109011462,1.4438261996875634
p1562,process,,22,post,post_odor,2.0,0.07470245473086834,0.07470245473086834,0.06580669898539782,0.08359821047633886,-0.1513601328390333,0.30076504230076995
p1562,process,,10,post,post_odor,1.0,-0.36674997210502625,-0.36674997210502625,-0.36674997210502625,-0.36674997210502625,,
p1562,process,,30,post,post_odor,2.0,0.11004810594022274,0.11004810594022274,0.07139960024505854,0.14869661163538694,-0.8721035462797172,1.0921997581601626
p1562,process,,17,post,post_odor,2.0,0.2577115595340729,0.2577115595340729,0.25601260364055634,0.2594105154275894,0.21453699669256932,0.30088612237557644
p1562,process,,39,post,post_odor,2.0,0.05411608796566725,0.05411608796566725,0.04030689271166921,0.06792528321966529,-0.2968088363125548,0.4050410122438893
p1584,process,,39,pre,post_odor,2.0,0.4077969342470169,0.4077969342470169,0.3051030859351158,0.510490782558918,-2.201901189346349,3.017495057840383
p1584,process,,17,pre,post_odor,2.0,1.0764717850834131,1.0764717850834131,0.5657421043142676,1.5872014658525586,-11.9023999923044,14.055343562471226
p1584,process,,32,pre,post_odor,2.0,1.3178030252456665,1.3178030252456665,1.2596840858459473,1.3759219646453857,-0.1591392608786586,2.794745311369992
p1584,process,,30,pre,post_odor,2.0,1.8237822651863098,1.8237822651863098,1.5253821313381195,2.1221823990345,-5.759284122767767,9.406848653140386
p1584,process,,40,pre,post_odor,2.0,1.0576829314231873,1.0576829314231873,0.9317676723003387,1.1835981905460358,-2.142127192223616,4.2574930550699905
p1584,process,,3,pre,post_odor,2.0,0.838511511683464,0.838511511683464,0.5621155574917793,1.1149074658751488,-6.185375652736353,7.862398676103281
p1584,process,,2,pre,post_odor,2.0,0.6061171293258667,0.6061171293258667,0.5041599869728088,0.7080742716789246,-1.984859520780656,3.1970937794323895
p1584,process,,1,pre,post_odor,2.0,0.030936837196350098,0.030936837196350098,-0.3667643666267395,0.4286380410194397,-10.075609002002286,10.137482676394987
p1584,process,,4,pre,post_odor,2.0,0.9805935323238373,0.9805935323238373,0.8840024024248123,1.0771846622228622,-1.474019812067075,3.4352068767147497
p1584,process,,31,pre,post_odor,2.0,2.1465249061584473,2.1465249061584473,2.107340097427368,2.1857097148895264,1.1507445015885738,3.1423053107283208
p1584,process,,21,pre,post_odor,2.0,1.469890296459198,1.469890296459198,1.4697133004665375,1.4700672924518585,1.4653924018187439,1.4743881910996521
p1584,process,,12,pre,post_odor,2.0,0.7826704792678356,0.7826704792678356,0.3825137931853533,1.182827165350318,-9.386275080558578,10.95161603909425
p1584,process,,22,pre,post_odor,2.0,2.192940354347229,2.192940354347229,2.1343660950660706,2.2515146136283875,0.7044272929548692,3.681453415739589
p1584,process,,10,pre,post_odor,2.0,0.7979854345321655,0.7979854345321655,0.7450933158397675,0.8508775532245636,-0.5461307435391594,2.1421016126034904
p1584,process,,0,pre,post_odor,2.0,0.35787972062826157,0.35787972062826157,0.2915164865553379,0.4242429547011852,-1.328569957542243,2.044329398798766
p1584,process,,18,pre,post_odor,2.0,0.722771942615509,0.722771942615509,0.6522789001464844,0.7932649850845337,-1.068626117559061,2.5141700027900793
p1584,process,,12,post,post_odor,2.0,0.16907580196857452,0.16907580196857452,0.155120387673378,0.18303121626377106,-0.1855649004572379,0.523716504394387
p1584,process,,18,post,post_odor,2.0,0.1395070143043995,0.1395070143043995,0.10334347002208233,0.17567055858671665,-0.7794957809692837,1.0585098095780827
p1584,process,,40,post,post_odor,2.0,0.28317952901124954,0.28317952901124954,0.2550456337630749,0.3113134242594242,-0.43177053708754976,0.9981295951100488
p1584,process,,32,post,post_odor,2.0,0.10748607665300369,0.10748607665300369,-0.015484023839235306,0.2304561771452427,-3.0174804699117264,3.2324526232177337
p1584,process,,31,post,post_odor,2.0,0.042222682386636734,0.042222682386636734,-0.030449794605374336,0.1148951593786478,-1.804560060304238,1.8890054250775115
p1584,process,,0,post,post_odor,2.0,-0.006858739070594311,-0.006858739070594311,-0.012778967153280973,-0.0009385109879076481,-0.15730599927752972,0.1435885211363411
p1584,process,,4,post,post_odor,2.0,-0.04106869176030159,-0.04106869176030159,-0.08980725891888142,0.007669875398278236,-1.2796331174897324,1.1974957339691292
p1584,process,,2,post,post_odor,2.0,0.6224428713321686,0.6224428713321686,0.5617342442274094,0.6831514984369278,-0.9203096191581412,2.1651953618224784
p1584,process,,3,post,post_odor,2.0,0.3480707257986069,0.3480707257986069,0.2693190649151802,0.42682238668203354,-1.6531987271986317,2.3493401787958454
p1584,process,,21,post,post_odor,2.0,0.6195655167102814,0.6195655167102814,0.5571818500757217,0.681949183344841,-0.9657537641936882,2.204884797614251
p1584,process,,1,post,post_odor,2.0,-0.018340558744966984,-0.018340558744966984,-0.032783730421215296,-0.003897387068718672,-0.38537635146122795,0.348695233971294
p1584,process,,22,post,post_odor,2.0,0.029829454608261585,0.029829454608261585,0.009231857489794493,0.05042705172672868,-0.49360511751270797,0.5532640267292311
p1584,process,,10,post,post_odor,1.0,-0.07046911865472794,-0.07046911865472794,-0.07046911865472794,-0.07046911865472794,,
p1584,process,,30,post,post_odor,2.0,0.0016936585307121277,0.0016936585307121277,-0.019292492419481277,0.022679809480905533,-0.5316150026641369,0.5350023197255611
p1584,process,,17,post,post_odor,2.0,-0.01988758984953165,-0.01988758984953165,-0.039555052760988474,-0.0002201269380748272,-0.5196852106377173,0.47991003093865403
p1584,process,,39,post,post_odor,2.0,0.2441316694021225,0.2441316694021225,0.221685029566288,0.266578309237957,-0.3262915333844534,0.8145548721886984
