unit_id,unit_type,group_id,odor_id,block,epoch,n_trials,mean_response_z,median_response_z,response_q25,response_q75,response_ci95_low,response_ci95_high
p237,process,,39,pre,odor,2.0,0.25365471094846725,0.25365471094846725,0.06031649187207222,0.4469929300248623,-4.6595352788756745,5.166844700772609
p237,process,,17,pre,odor,2.0,-0.07292908430099487,-0.07292908430099487,-0.4211902916431427,0.27533212304115295,-8.923085488614428,8.777227320012438
p237,process,,32,pre,odor,2.0,3.1301478147506714,3.1301478147506714,3.059495747089386,3.200799882411957,1.3347085412739528,4.92558708822739
p237,process,,30,pre,odor,2.0,0.5143928974866867,0.5143928974866867,0.45578528195619583,0.5730005130171776,-0.9749678265721706,2.003753621545544
p237,process,,40,pre,odor,2.0,0.6961310505867004,0.6961310505867004,0.20710650086402893,1.185155600309372,-11.731161048997112,13.123423150170513
p237,process,,3,pre,odor,2.0,1.1948528736829758,1.1948528736829758,0.7037500813603401,1.6859556660056114,-11.285252377834004,13.674958125199955
p237,process,,2,pre,odor,2.0,1.6296027302742004,1.6296027302742004,1.3229114711284637,1.9362939894199371,-6.16416112872768,9.423366589276082
p237,process,,1,pre,odor,2.0,0.2499496415257454,0.2499496415257454,0.20019664987921715,0.29970263317227364,-1.0143937546702089,1.5142930377216997
p237,process,,4,pre,odor,2.0,1.1194025054574013,1.1194025054574013,0.5941535495221615,1.644651461392641,-12.22843903769291,14.467244048607713
p237,process,,31,pre,odor,2.0,0.9700925499200821,0.9700925499200821,0.6862191185355186,1.2539659813046455,-6.243815326745322,8.184000426585486
p237,process,,21,pre,odor,2.0,0.16444102488458157,0.16444102488458157,0.09872419480234385,0.2301578549668193,-1.5055819703900515,1.8344640201592146
p237,process,,12,pre,odor,2.0,0.5993087366223335,0.5993087366223335,0.3294087164103985,0.8692087568342686,-6.259501093598736,7.458118566843403
p237,process,,22,pre,odor,2.0,0.6968295536935329,0.6968295536935329,0.3877627197653055,1.0058963876217604,-7.157303384413187,8.550962491800252
p237,process,,10,pre,odor,2.0,1.4408062547445297,1.4408062547445297,0.8763574734330177,2.0052550360560417,-12.903197302112206,15.784809811601265
p237,process,,0,pre,odor,2.0,0.05087222903966904,0.05087222903966904,0.04907281696796417,0.0526716411113739,0.0051448326640165035,0.09659962541532158
p237,process,,18,pre,odor,2.0,-0.1386195868253708,-0.1386195868253708,-0.2575423792004585,-0.01969679445028305,-3.1607342822562896,2.883495108605548
p237,process,,12,post,odor,2.0,0.1127290278673172,0.1127290278673172,0.011285178363323212,0.2141728773713112,-2.4652036141795652,2.6906616699141996
p237,process,,18,post,odor,2.0,-0.03624748717993498,-0.03624748717993498,-0.04559154016897082,-0.026903434190899134,-0.2737023878686441,0.20120741350877414
p237,process,,40,post,odor,2.0,0.019385799765586853,0.019385799765586853,-0.1781776174902916,0.2169492170214653,-5.001176656297413,5.039948255828587
p237,process,,32,post,odor,2.0,-0.22121787071228027,-0.22121787071228027,-0.22525601834058762,-0.21717972308397293,-0.323836931752623,-0.11859880967193755
p237,process,,31,post,odor,2.0,-0.24171504750847816,-0.24171504750847816,-0.3023980874568224,-0.18103200756013393,-1.7838173067027372,1.3003872116857809
p237,process,,0,post,odor,2.0,0.1222226582467556,0.1222226582467556,0.07002162374556065,0.17442369274795055,-1.204331405377848,1.4487767218713592
p237,process,,4,post,odor,2.0,-0.164552703499794,-0.164552703499794,-0.3031590208411217,-0.02594638615846634,-3.6868731952320144,3.3577677882324264
p237,process,,2,post,odor,2.0,-0.09389980882406235,-0.09389980882406235,-0.09609109163284302,-0.09170852601528168,-0.14958558483051662,-0.03821403281760807
p237,process,,3,post,odor,2.0,0.018215753138065338,0.018215753138065338,-0.08705518767237663,0.12348669394850731,-2.656972500276342,2.6934040065524725
p237,process,,21,post,odor,2.0,0.019253289327025414,0.019253289327025414,-0.007556590251624584,0.04606316890567541,-0.6620503484300061,0.7005569270840569
p237,process,,1,post,odor,2.0,0.19559915736317635,0.19559915736317635,0.05326723866164684,0.33793107606470585,-3.421397841665235,3.8125961563915878
p237,process,,22,post,odor,2.0,0.12754323706030846,0.12754323706030846,0.1251069251447916,0.1299795489758253,0.06563068106083028,0.18945579305978663
p237,process,,10,post,odor,1.0,-0.3079024851322174,-0.3079024851322174,-0.3079024851322174,-0.3079024851322174,,
p237,process,,30,post,odor,2.0,-0.02649613283574581,-0.02649613283574581,-0.045617478899657726,-0.007374786771833897,-0.5124156086743716,0.45942334300288
p237,process,,17,post,odor,2.0,0.06217412278056145,0.06217412278056145,-0.020696265622973442,0.14504451118409634,-2.0437621204627012,2.168110366023824
p237,process,,39,post,odor,2.0,0.11873246729373932,0.11873246729373932,-0.059257976710796356,0.296722911298275,-4.404433577914796,4.641898512502275
p256,process,,39,pre,odor,2.0,-0.6057895123958588,-0.6057895123958588,-0.6412393003702164,-0.5703397244215012,-1.5066540401082014,0.2950750153164837
p256,process,,17,pre,odor,2.0,-1.0358470380306244,-1.0358470380306244,-1.0879047363996506,-0.9837893396615982,-2.3587585851723727,0.2870645091111237
p256,process,,32,pre,odor,2.0,2.527431011199951,2.527431011199951,2.379149079322815,2.6757129430770874,-1.2407701590128517,6.2956321814127545
p256,process,,30,pre,odor,2.0,0.1398201584815979,0.1398201584815979,-0.18883222341537476,0.46847254037857056,-8.212028744347219,8.491669061310414
p256,process,,40,pre,odor,2.0,-0.6124099418520927,-0.6124099418520927,-0.7949216328561306,-0.4298982508480549,-5.250471767137609,4.025651883433423
p256,process,,3,pre,odor,2.0,0.1394176483154297,0.1394176483154297,-0.28074532747268677,0.5595806241035461,-10.537935937533007,10.816771234163866
p256,process,,2,pre,odor,2.0,0.3806688189506531,0.3806688189506531,0.11660987138748169,0.6447277665138245,-6.329705281362294,7.0910429192636
p256,process,,1,pre,odor,2.0,0.269002266228199,0.269002266228199,0.1827021948993206,0.3553023375570774,-1.924090483874218,2.462095016330616
p256,process,,4,pre,odor,2.0,0.5739883184432983,0.5739883184432983,0.022502422332763672,1.125474214553833,-13.440597091743143,14.58857372862974
p256,process,,31,pre,odor,2.0,3.1302324533462524,3.1302324533462524,2.7412964701652527,3.519168436527252,-6.753568009780107,13.014032916472612
p256,process,,21,pre,odor,2.0,0.07828040421009064,0.07828040421009064,0.06773889064788818,0.08882191777229309,-0.1896048548909225,0.34616566331110377
p256,process,,12,pre,odor,2.0,0.20212098956108093,0.20212098956108093,-0.13645793497562408,0.540699914097786,-8.401985279473351,8.806227258595513
p256,process,,22,pre,odor,2.0,3.283053755760193,3.283053755760193,2.8742321133613586,3.691875398159027,-7.106089222037376,13.672196733557762
p256,process,,10,pre,odor,2.0,0.49434899259358644,0.49434899259358644,0.2597246910445392,0.7289732941426337,-5.4680198305347805,6.456717815721953
p256,process,,0,pre,odor,2.0,-0.4851791113615036,-0.4851791113615036,-0.6395014747977257,-0.3308567479252815,-4.406882201743498,3.436523979020491
p256,process,,18,pre,odor,2.0,-0.5119471698999405,-0.5119471698999405,-0.5385961905121803,-0.48529814928770065,-1.1891629937352581,0.16526865393537726
p256,process,,12,post,odor,2.0,0.13201168179512024,0.13201168179512024,-0.0148867666721344,0.2789101302623749,-3.6010318415075693,3.8650552050978098
p256,process,,18,post,odor,2.0,0.13375573977828026,0.13375573977828026,0.028964543715119362,0.23854693584144115,-2.529241043676011,2.7967525232325716
p256,process,,40,post,odor,2.0,0.09804592281579971,0.09804592281579971,0.06581800803542137,0.13027383759617805,-0.7209430440231557,0.9170348896547551
p256,process,,32,post,odor,2.0,-0.09240458067506552,-0.09240458067506552,-0.14413975505158305,-0.04066940629854798,-1.407120016054527,1.222310854704396
p256,process,,31,post,odor,2.0,-0.062084613367915154,-0.062084613367915154,-0.06715983059257269,-0.05700939614325762,-0.1910581116420331,0.06688888490620279
p256,process,,0,post,odor,2.0,0.14343001693487167,0.14343001693487167,0.14245443418622017,0.14440559968352318,0.11863810865197953,0.1682219252177638
p256,process,,4,post,odor,2.0,0.13911834359169006,0.13911834359169006,-0.02646923065185547,0.3047059178352356,-4.068860896618344,4.347097583801724
p256,process,,2,post,odor,2.0,-0.1113000251352787,-0.1113000251352787,-0.137910271063447,-0.0846897792071104,-0.7875304908218094,0.564930440551252
p256,process,,3,post,odor,2.0,0.34005238115787506,0.34005238115787506,0.3267939016222954,0.35331086069345474,0.00312247021895945,0.6769822920967907
p256,process,,21,post,odor,2.0,0.9083758592605591,0.9083758592605591,0.7226809859275818,1.0940707325935364,-3.8105782987931125,5.627330017314231
p256,process,,1,post,odor,2.0,0.24686772376298904,0.24686772376298904,0.20795584842562675,0.28577959910035133,-0.7419767856470749,1.235712233173053
p256,process,,22,post,odor,2.0,0.12351948395371437,0.12351948395371437,0.11439411155879498,0.13264485634863377,-0.1083782159336509,0.3554171838410797
p256,process,,10,post,odor,1.0,-0.21358706057071686,-0.21358706057071686,-0.21358706057071686,-0.21358706057071686,,
p256,process,,30,post,odor,2.0,0.1069402638822794,0.1069402638822794,0.07267159130424261,0.14120893646031618,-0.7639092757446622,0.977789803509221
p256,process,,17,post,odor,2.0,-0.08480501919984818,-0.08480501919984818,-0.17725417390465736,0.007644135504961014,-2.434160793931035,2.2645507555313387
p256,process,,39,post,odor,2.0,0.21370561746880412,0.21370561746880412,0.11192175489850342,0.3154894800391048,-2.3728675758450137,2.800278810782622
p275,process,,39,pre,odor,2.0,-0.17318838834762573,-0.17318838834762573,-0.4280601739883423,0.08168339729309082,-6.650094567998374,6.303717791303122
p275,process,,17,pre,odor,2.0,-0.4791293144226074,-0.4791293144226074,-1.061143696308136,0.10288506746292114,-15.269517105693987,14.311258476848773
p275,process,,32,pre,odor,2.0,2.575292468070984,2.575292468070984,2.334435999393463,2.8161489367485046,-3.5454507380262683,8.696035674168236
p275,process,,30,pre,odor,2.0,2.0901890993118286,2.0901890993118286,1.9137548804283142,2.266623318195343,-2.3934295158901575,6.573807714513815
p275,process,,40,pre,odor,2.0,0.18927118182182312,0.18927118182182312,-0.06824956834316254,0.4467919319868088,-6.354951568997379,6.733493932641025
p275,process,,3,pre,odor,2.0,1.0030451118946075,1.0030451118946075,0.1543462723493576,1.8517439514398575,-20.56443731733703,22.570527541126246
p275,process,,2,pre,odor,2.0,1.3879538774490356,1.3879538774490356,1.3355954885482788,1.4403122663497925,0.05740105939048945,2.718506695507582
p275,process,,1,pre,odor,2.0,0.6887143105268478,0.6887143105268478,0.5007763579487801,0.8766522631049156,-4.087241895781992,5.464670516835688
p275,process,,4,pre,odor,2.0,1.1194955185055733,1.1194955185055733,0.4668195955455303,1.7721714414656162,-15.4665722884986,17.705563325509747
p275,process,,31,pre,odor,2.0,5.109450340270996,5.109450340270996,4.979544162750244,5.239356517791748,1.808221364125938,8.410679316416054
p275,process,,21,pre,odor,2.0,0.386050820350647,0.386050820350647,0.3564431369304657,0.41565850377082825,-0.36635175425068944,1.1384533949519833
p275,process,,12,pre,odor,2.0,0.900089567527175,0.900089567527175,0.4311425471678376,1.3690365878865123,-11.01698413468247,12.81716326973682
p275,process,,22,pre,odor,2.0,2.2426385581493378,2.2426385581493378,1.490298107266426,2.9949790090322495,-16.876145042299175,21.36142215859785
p275,process,,10,pre,odor,2.0,2.765219211578369,2.765219211578369,1.6659107208251953,3.864527702331543,-25.170858291871696,30.701296715028434
p275,process,,0,pre,odor,2.0,-0.178892582654953,-0.178892582654953,-0.32662466168403625,-0.03116050362586975,-3.933120667143496,3.57533550183359
p275,process,,18,pre,odor,2.0,-0.8273653127253056,-0.8273653127253056,-1.1908436585217714,-0.4638869669288397,-10.0642258704373,8.409495244986688
p275,process,,12,post,odor,2.0,0.018079746514558792,0.018079746514558792,-0.041055211797356606,0.07721470482647419,-1.4846820282381463,1.520841521267264
p275,process,,18,post,odor,2.0,0.08038710243999958,0.08038710243999958,0.02630923967808485,0.1344649652019143,-1.2938616894552923,1.4546358943352915
p275,process,,40,post,odor,2.0,0.12929902225732803,0.12929902225732803,0.027198147028684616,0.23139989748597145,-2.465330226538213,2.723928271052869
p275,process,,32,post,odor,2.0,0.34279516339302063,0.34279516339302063,0.2715718597173691,0.4140184670686722,-1.4671605935861238,2.1527509203721653
p275,process,,31,post,odor,2.0,0.06531905103474855,0.06531905103474855,0.0292421649210155,0.10139593714848161,-0.8514815513747512,0.9821196534442483
p275,process,,0,post,odor,2.0,0.03633058816194534,0.03633058816194534,-0.024095315486192703,0.09675649181008339,-1.4992372180812694,1.57189839440516
p275,process,,4,post,odor,2.0,0.006107538938522339,0.006107538938522339,-0.10430444777011871,0.11651952564716339,-2.799727077957062,2.8119421558341067
p275,process,,2,post,odor,2.0,0.1980409175157547,0.1980409175157547,0.002614222466945648,0.39346761256456375,-4.7682222788925355,5.164304113924045
p275,process,,3,post,odor,2.0,-0.045729219913482666,-0.045729219913482666,-0.1466713696718216,0.05521292984485626,-2.610912462591605,2.5194540227646396
p275,process,,21,post,odor,2.0,0.5982034541666508,0.5982034541666508,0.32970028184354305,0.8667066264897585,-6.225109105532952,7.4215160138662535
p275,process,,1,post,odor,2.0,0.1908671585842967,0.1908671585842967,0.08362196804955602,0.2981123491190374,-2.5344915372246626,2.916225854393256
p275,process,,22,post,odor,2.0,-0.004877838306128979,-0.004877838306128979,-0.01147068152204156,0.0017150049097836018,-0.17241786969590023,0.16266219308364227
p275,process,,10,post,odor,1.0,0.2484753131866455,0.2484753131866455,0.2484753131866455,0.2484753131866455,,
p275,process,,30,post,odor,2.0,-0.22739258408546448,-0.22739258408546448,-0.23798713088035583,-0.21679803729057312,-0.4966255454112104,0.041840377240281446
p275,process,,17,post,odor,2.0,0.18889665976166725,0.18889665976166725,0.1289645191282034,0.2488288003951311,-1.3341234385703453,1.7119167580936798
p275,process,,39,post,odor,2.0,-0.43261972069740295,-0.43261972069740295,-0.45199158787727356,-0.41324785351753235,-0.924905541716241,0.059666100321435045
p294,process,,39,pre,odor,2.0,0.06998109817504883,0.06998109817504883,-0.1633293330669403,0.30329152941703796,-5.858999114716797,5.9989613110668945
p294,process,,17,pre,odor,2.0,-0.9273312985897064,-0.9273312985897064,-1.2636177390813828,-0.5910448580980301,-9.473180024363039,7.618517427183626
p294,process,,32,pre,odor,2.0,4.853214621543884,4.853214621543884,3.9713216423988342,5.735107600688934,-17.557810875280204,27.264240118367972
p294,process,,30,pre,odor,2.0,4.221821427345276,4.221821427345276,4.032360732555389,4.411282122135162,-0.5928313275711314,9.036474182261683
p294,process,,40,pre,odor,2.0,0.4307396486401558,0.4307396486401558,0.1464044563472271,0.7150748409330845,-6.79490268530695,7.656381982587262
p294,process,,3,pre,odor,2.0,1.2044703960418701,1.2044703960418701,0.35067105293273926,2.058269739151001,-20.492628118270293,22.901568910354033
p294,process,,2,pre,odor,2.0,0.847066342830658,0.847066342830658,0.8429887294769287,0.8511439561843872,0.7434443626157705,0.9506883230455454
p294,process,,1,pre,odor,2.0,0.615360383875668,0.615360383875668,0.29263300402089953,0.9380877637304366,-7.5859199409321505,8.816640708683487
p294,process,,4,pre,odor,2.0,0.9608467146754265,0.9608467146754265,0.42473264411091805,1.496960785239935,-12.663103570397876,14.584796999748729
p294,process,,31,pre,odor,2.0,4.193177819252014,4.193177819252014,3.9675332903862,4.418822348117828,-1.5409933434814178,9.927348981985446
p294,process,,21,pre,odor,2.0,0.6326654106378555,0.6326654106378555,0.5024296566843987,0.7629011645913124,-2.6769388967675365,3.9422697180432476
p294,process,,12,pre,odor,2.0,0.26100730895996094,0.26100730895996094,-0.0005488991737365723,0.5225635170936584,-6.3857661521686016,6.907780770088523
p294,process,,22,pre,odor,2.0,1.7696958184242249,1.7696958184242249,1.294684261083603,2.244707375764847,-10.301492380814029,13.840884017662479
p294,process,,10,pre,odor,2.0,1.6886590644717216,1.6886590644717216,0.9371252544224262,2.440192874521017,-17.409625848815818,20.78694397775926
p294,process,,0,pre,odor,2.0,-0.17182808555662632,-0.17182808555662632,-0.24475663620978594,-0.0988995349034667,-2.025118276979692,1.6814621058664394
p294,process,,18,pre,odor,2.0,-0.29161979258060455,-0.29161979258060455,-0.5958088114857674,0.012569226324558258,-8.021795697990829,7.4385561128296205
p294,process,,12,post,odor,2.0,0.24584299325942993,0.24584299325942993,0.1910255402326584,0.3006604462862015,-1.1472005692881668,1.6388865558070267
p294,process,,18,post,odor,2.0,0.0026001930236816406,0.0026001930236816406,-0.08367137610912323,0.08887176215648651,-2.189768247601254,2.1949686336486174
p294,process,,40,post,odor,2.0,-0.12112012133002281,-0.12112012133002281,-0.12263249792158604,-0.11960774473845959,-0.15955325455122357,-0.08268698810882205
p294,process,,32,post,odor,2.0,-0.019497469067573547,-0.019497469067573547,-0.10836748778820038,0.06937254965305328,-2.277898774611498,2.238903836476351
p294,process,,31,post,odor,2.0,-0.09130639582872391,-0.09130639582872391,-0.09536899626255035,-0.08724379539489746,-0.19454686157566584,0.011934069918218021
p294,process,,0,post,odor,2.0,-0.004843295551836491,-0.004843295551836491,-0.019608013797551394,0.009921422693878412,-0.3800503613558117,0.37036377025213874
p294,process,,4,post,odor,2.0,0.20172873511910439,0.20172873511910439,0.1395121719688177,0.26394529826939106,-1.3793440436182645,1.7828015138564732
p294,process,,2,post,odor,2.0,0.06866212002933025,0.06866212002933025,0.053304185159504414,0.0840200548991561,-0.32162000953235687,0.4589442495910174
p294,process,,3,post,odor,2.0,0.13595342822372913,0.13595342822372913,0.07259546499699354,0.19931139145046473,-1.4741250766281302,1.7460319330755885
p294,process,,21,post,odor,2.0,0.12438327819108963,0.12438327819108963,-0.03364691510796547,0.28241347149014473,-3.891544702919023,4.140311259301202
p294,process,,1,post,odor,2.0,-0.03715874254703522,-0.03715874254703522,-0.10107678174972534,0.026759296655654907,-1.6614701274354773,1.5871526423414068
p294,process,,22,post,odor,2.0,0.1331861186772585,0.1331861186772585,0.0779753727838397,0.18839686457067728,-1.2698519632401322,1.5362242005946491
p294,process,,10,post,odor,1.0,0.16521550714969635,0.16521550714969635,0.16521550714969635,0.16521550714969635,,
p294,process,,30,post,odor,2.0,-0.08888693898916245,-0.08888693898916245,-0.1683211587369442,-0.009452719241380692,-2.1075018573363744,1.9297279793580495
p294,process,,17,post,odor,2.0,-0.017249136231839657,-0.017249136231839657,-0.03909023059532046,0.0045919581316411495,-0.5722839695208362,0.5377856970571568
p294,process,,39,post,odor,2.0,-0.13980483263731003,-0.13980483263731003,-0.16026756539940834,-0.11934209987521172,-0.6598121765110112,0.38020251123639115
p313,process,,39,pre,odor,2.0,0.31002723798155785,0.31002723798155785,0.17025756277143955,0.44979691319167614,-3.2418569802752493,3.861911456238365
p313,process,,17,pre,odor,2.0,-0.24078255891799927,-0.24078255891799927,-0.9568354785442352,0.4752703607082367,-18.437412556331193,17.955847438495194
p313,process,,32,pre,odor,2.0,2.5169436931610107,2.5169436931610107,2.5128382444381714,2.52104914188385,2.412614349148483,2.6212730371735384
p313,process,,30,pre,odor,2.0,1.0734144300222397,1.0734144300222397,0.7173716202378273,1.429457239806652,-7.974491241905051,10.12132010194953
p313,process,,40,pre,odor,2.0,0.29763924703001976,0.29763924703001976,0.19601588882505894,0.3992626052349806,-2.2848551436296813,2.880133637689721
p313,process,,3,pre,odor,2.0,-0.08103248476982117,-0.08103248476982117,-0.18191003799438477,0.01984506845474243,-2.6445741738811503,2.482509204341508
p313,process,,2,pre,odor,2.0,1.0294747650623322,1.0294747650623322,0.955880269408226,1.1030692607164383,-0.8407386934108507,2.899688223535515
p313,process,,1,pre,odor,2.0,0.05429463088512421,0.05429463088512421,-0.1204436644911766,0.22903292626142502,-4.386226481717767,4.494815743488015
p313,process,,4,pre,odor,2.0,0.25752338767051697,0.25752338767051697,0.04689396917819977,0.46815280616283417,-5.0950776419790875,5.6101244173201215
p313,process,,31,pre,odor,2.0,0.6712978184223175,0.6712978184223175,0.5485670119524002,0.7940286248922348,-2.447587690462888,3.790183327307523
p313,process,,21,pre,odor,2.0,-0.8202671110630035,-0.8202671110630035,-0.8565701693296432,-0.7839640527963638,-1.7428152928334102,0.10228107070740322
p313,process,,12,pre,odor,2.0,0.9363980889320374,0.9363980889320374,0.7661373317241669,1.1066588461399078,-3.39033799030663,5.263134168170705
p313,process,,22,pre,odor,2.0,0.1813272386789322,0.1813272386789322,0.1596757397055626,0.2029787376523018,-0.36888951892248845,0.7315439962803528
p313,process,,10,pre,odor,2.0,0.5909990221261978,0.5909990221261978,0.1276090368628502,1.0543890073895454,-11.18485702877194,12.366855073024336
p313,process,,0,pre,odor,2.0,0.11456640064716339,0.11456640064716339,-0.02539137750864029,0.25452417880296707,-3.4420979666883564,3.671230767982683
p313,process,,18,pre,odor,2.0,0.5516962558031082,0.5516962558031082,0.4347279891371727,0.6686645224690437,-2.4207492319826005,3.524141743588817
p313,process,,12,post,odor,2.0,0.23178930580615997,0.23178930580615997,0.21455708891153336,0.2490215227007866,-0.20612284603642866,0.6697014576487486
p313,process,,18,post,odor,2.0,0.09244559332728386,0.09244559332728386,0.0834802370518446,0.10141094960272312,-0.1353857114096759,0.32027689806424364
p313,process,,40,post,odor,2.0,0.08406644035130739,0.08406644035130739,0.034586876165121794,0.133546004537493,-1.1733285052614348,1.3414613859640496
p313,process,,32,post,odor,2.0,0.1552157625555992,0.1552157625555992,0.15358295664191246,0.15684856846928596,0.1137222300881179,0.19670929502308054
p313,process,,31,post,odor,2.0,0.18847663700580597,0.18847663700580597,-0.05302462726831436,0.4299779012799263,-5.948652378818203,6.325605652829815
p313,process,,0,post,odor,2.0,-0.13019031286239624,-0.13019031286239624,-0.24961921572685242,-0.010761409997940063,-3.165166495287397,2.9047858695626045
p313,process,,4,post,odor,2.0,0.15020209923386574,0.15020209923386574,0.12413659505546093,0.17626760341227055,-0.5121851660509912,0.8125893645187227
p313,process,,2,post,odor,2.0,0.2620401903986931,0.2620401903986931,0.08330215886235237,0.4407782219350338,-4.2801238552844945,4.804204236081881
p313,process,,3,post,odor,2.0,0.36717501282691956,0.36717501282691956,0.27973730862140656,0.45461271703243256,-1.8548277297657432,2.5891777554195823
p313,process,,21,post,odor,2.0,0.20518921315670013,0.20518921315670013,0.1772298589348793,0.23314856737852097,-0.5053253449106714,0.9157037712240716
p313,process,,1,post,odor,2.0,-0.00544419139623642,-0.00544419139623642,-0.1068456806242466,0.09595729783177376,-2.5823003567644567,2.571411973971984
p313,process,,22,post,odor,2.0,0.9952012300491333,0.9952012300491333,0.9746970534324646,1.015705406665802,0.47414069797297687,1.5162617621252896
p313,process,,10,post,odor,1.0,0.15904590487480164,0.15904590487480164,0.15904590487480164,0.15904590487480164,,
p313,process,,30,post,odor,2.0,0.3880236968398094,0.3880236968398094,0.2885180450975895,0.48752934858202934,-2.1406546700464797,2.9167020637260985
p313,process,,17,post,odor,2.0,0.04784531891345978,0.04784531891345978,-0.17413080483675003,0.2698214426636696,-5.593102830911772,5.688793468738692
p313,process,,39,post,odor,2.0,0.16660935431718826,0.16660935431718826,0.16142291948199272,0.1717957891523838,0.03480954858354224,0.2984091600508343
p332,process,,39,pre,odor,2.0,-0.7516932487487793,-0.7516932487487793,-0.7627697885036469,-0.7406167089939117,-1.0331748125362301,-0.4702116849613285
p332,process,,17,pre,odor,2.0,-1.0538274347782135,-1.0538274347782135,-1.3476495891809464,-0.7600052803754807,-8.520556334508326,6.412901464951899
p332,process,,32,pre,odor,2.0,2.666526436805725,2.666526436805725,2.4035722613334656,2.9294806122779846,-4.015772742759346,9.348825616370796
p332,process,,30,pre,odor,2.0,1.8083208203315735,1.8083208203315735,1.8002313673496246,1.8164102733135223,1.6027483287469715,2.0138933119161755
p332,process,,40,pre,odor,2.0,-0.07590895146131516,-0.07590895146131516,-0.14970780536532402,-0.0021100975573062897,-1.9513156454600786,1.7994977425374483
p332,process,,3,pre,odor,2.0,-0.10129636526107788,-0.10129636526107788,-0.45712074637413025,0.2545280158519745,-9.143651238351268,8.941058507829112
p332,process,,2,pre,odor,2.0,0.3811499886214733,0.3811499886214733,0.248074384406209,0.5142255928367376,-3.000621756477128,3.7629217337200744
p332,process,,1,pre,odor,2.0,0.1516158701851964,0.1516158701851964,0.06719445018097758,0.23603729018941522,-1.9937358231992,2.2969675635695928
p332,process,,4,pre,odor,2.0,0.24549655616283417,0.24549655616283417,-0.05011671036481857,0.5411098226904869,-7.266748818296633,7.757741930622301
p332,process,,31,pre,odor,2.0,3.192418694496155,3.192418694496155,2.8912492394447327,3.493588149547577,-4.461022817834908,10.845860206827219
p332,process,,21,pre,odor,2.0,0.4950723387300968,0.4950723387300968,0.2986006047576666,0.691544072702527,-4.497747814719798,5.487892492179991
p332,process,,12,pre,odor,2.0,0.5973411542363465,0.5973411542363465,0.2935562941711396,0.9011260143015534,-7.122564101241051,8.317246409713743
p332,process,,22,pre,odor,2.0,1.853341430425644,1.853341430425644,1.4057693630456924,2.3009134978055954,-9.520543214219632,13.22722607507092
p332,process,,10,pre,odor,2.0,2.0052230656147003,2.0052230656147003,1.431668445467949,2.5787776857614517,-12.570181796312358,16.58062792754176
p332,process,,0,pre,odor,2.0,-0.2084527537226677,-0.2084527537226677,-0.21354949101805687,-0.20335601642727852,-0.337973128846092,-0.0789323785992434
p332,process,,18,pre,odor,2.0,-0.6181742697954178,-0.6181742697954178,-0.8285394683480263,-0.4078090712428093,-5.964060834146385,4.727712294555549
p332,process,,12,post,odor,2.0,0.06292536109685898,0.06292536109685898,0.0608719140291214,0.06497880816459656,0.010742323381716441,0.11510839881200152
p332,process,,18,post,odor,2.0,0.10526289604604244,0.10526289604604244,0.07859640661627054,0.13192938547581434,-0.5723968525333978,0.7829226446254827
p332,process,,40,post,odor,2.0,-0.1031591109931469,-0.1031591109931469,-0.15988786332309246,-0.04643035866320133,-1.544773394057218,1.3384551720709241
p332,process,,32,post,odor,2.0,-0.08770874887704849,-0.08770874887704849,-0.08974683284759521,-0.08567066490650177,-0.13950137327561346,-0.03591612447848351
p332,process,,31,post,odor,2.0,-0.2981114462018013,-0.2981114462018013,-0.3503173477947712,-0.2459055446088314,-1.6247891943555295,1.0285663019519269
p332,process,,0,post,odor,2.0,0.21351894736289978,0.21351894736289978,0.20493394136428833,0.22210395336151123,-0.004646740396390153,0.4316846351221897
p332,process,,4,post,odor,2.0,-0.05126809887588024,-0.05126809887588024,-0.05722212325781584,-0.045314074493944645,-0.2025742044779796,0.10003800672621913
p332,process,,2,post,odor,2.0,0.029954150319099426,0.029954150319099426,-0.08606579154729843,0.14597409218549728,-2.9183921193479745,2.9783004199861733
p332,process,,3,post,odor,2.0,0.023056432604789734,0.023056432604789734,-0.12878742069005966,0.17490028589963913,-3.835661743183272,3.8817746083928513
p332,process,,21,post,odor,2.0,0.6552365720272064,0.6552365720272064,0.5783482640981674,0.7321248799562454,-1.298680592701621,2.609153736756034
p332,process,,1,post,odor,2.0,-0.0216204896569252,-0.0216204896569252,-0.139915619045496,0.09667463973164558,-3.0277847562638374,2.984543776949987
p332,process,,22,post,odor,2.0,0.10265927202999592,0.10265927202999592,0.07742924522608519,0.12788929883390665,-0.538496500109334,0.7438150441693259
p332,process,,10,post,odor,1.0,0.32983043789863586,0.32983043789863586,0.32983043789863586,0.32983043789863586,,
p332,process,,30,post,odor,2.0,0.22570157051086426,0.22570157051086426,0.1710050255060196,0.2803981155157089,-1.164269427875035,1.6156725688967635
p332,process,,17,post,odor,2.0,-0.05590709298849106,-0.05590709298849106,-0.14825082197785378,0.03643663600087166,-2.4025837462698365,2.2907695602928544
p332,process,,39,post,odor,2.0,0.28428807854652405,0.28428807854652405,0.2795173227787018,0.2890588343143463,0.16305167948205201,0.4055244776109961
p351,process,,39,pre,odor,2.0,-1.0019214451313019,-1.0019214451313019,-1.3331928998231888,-0.670649990439415,-9.42032729826237,7.416484407999766
p351,process,,17,pre,odor,2.0,-0.797239325940609,-0.797239325940609,-1.1609732620418072,-0.4335053898394108,-10.040595049133623,8.446116397252405
p351,process,,32,pre,odor,2.0,-0.07932233810424805,-0.07932233810424805,-0.7923134565353394,0.6336687803268433,-18.198144589823496,18.039499913615
p351,process,,30,pre,odor,2.0,0.36182525753974915,0.36182525753974915,-0.15248753130435944,0.8761380463838577,-12.708101929432706,13.431752444512204
p351,process,,40,pre,odor,2.0,-0.07997012557461858,-0.07997012557461858,-0.11317397863604128,-0.04676627251319587,-0.9237600356312142,0.7638197844819771
p351,process,,3,pre,odor,2.0,2.6874194145202637,2.6874194145202637,2.4499120712280273,2.9249267578125,-3.3482144459119,8.723053274952427
p351,process,,2,pre,odor,2.0,-0.5288398042321205,-0.5288398042321205,-0.7095271237194538,-0.3481524847447872,-5.12053995350545,4.062860345041209
p351,process,,1,pre,odor,2.0,-0.9832892715930939,-0.9832892715930939,-1.0966968685388565,-0.8698816746473312,-3.865249562453974,1.8986710192677863
p351,process,,4,pre,odor,2.0,0.7305617332458496,0.7305617332458496,0.5398247241973877,0.9212987422943115,-4.116525242224874,5.577648708716573
p351,process,,31,pre,odor,2.0,-1.142739787697792,-1.142739787697792,-1.5769261196255684,-0.7085534557700157,-12.17646064194385,9.890981066548266
p351,process,,21,pre,odor,2.0,-0.25297537446022034,-0.25297537446022034,-0.34675730764865875,-0.15919344127178192,-2.63620026175333,2.1302495128328895
p351,process,,12,pre,odor,2.0,0.04852181673049927,0.04852181673049927,-0.09186924993991852,0.18891288340091705,-3.5191534557580604,3.616197089219059
p351,process,,22,pre,odor,2.0,0.48090358078479767,0.48090358078479767,0.40157439559698105,0.5602327659726143,-1.535042156315832,2.4968493178854274
p351,process,,10,pre,odor,2.0,0.6030295044183731,0.6030295044183731,0.47037797421216965,0.7356810346245766,-2.7679654983153927,3.974024507152139
p351,process,,0,pre,odor,2.0,0.8815422505140305,0.8815422505140305,0.642810769379139,1.120273731648922,-5.185199902026286,6.9482844030543465
p351,process,,18,pre,odor,2.0,0.649828165769577,0.649828165769577,0.528716191649437,0.7709401398897171,-2.4279189125760046,3.7275752441151586
p351,process,,12,post,odor,2.0,0.1487579047679901,0.1487579047679901,0.14408715814352036,0.15342865139245987,0.030062979005370943,0.2674528305306093
p351,process,,18,post,odor,2.0,-0.04030774533748627,-0.04030774533748627,-0.1995159313082695,0.11890044063329697,-4.086171358576981,4.005555867902008
p351,process,,40,post,odor,2.0,-0.38576290011405945,-0.38576290011405945,-0.3939710259437561,-0.3775547742843628,-0.5943511546988784,-0.17717464552924048
p351,process,,32,post,odor,2.0,-0.05699522793292999,-0.05699522793292999,-0.10442601144313812,-0.009564444422721863,-1.2623257200886961,1.1483352642228362
p351,process,,31,post,odor,2.0,0.15168886305764318,0.15168886305764318,0.07229882362298667,0.23107890249229968,-1.8658033270818128,2.169181053197099
p351,process,,0,post,odor,2.0,-0.18925581872463226,-0.18925581872463226,-0.3397888317704201,-0.03872280567884445,-4.014662385350704,3.636150747901439
p351,process,,4,post,odor,2.0,0.19763723015785217,0.19763723015785217,0.18307890743017197,0.21219555288553238,-0.17232482822856765,0.567599288544272
p351,process,,2,post,odor,2.0,-0.3495792746543884,-0.3495792746543884,-0.3854835629463196,-0.3136749863624573,-1.261993750542223,0.562835201233446
p351,process,,3,post,odor,2.0,0.20684729516506195,0.20684729516506195,0.19051504880189896,0.22317954152822495,-0.20819443701892515,0.621889027349049
p351,process,,21,post,odor,2.0,0.11014832556247711,0.11014832556247711,0.10365061089396477,0.11664604023098946,-0.05497426022824953,0.27527091135320375
p351,process,,1,post,odor,2.0,-0.1269586719572544,-0.1269586719572544,-0.16350043006241322,-0.0904169138520956,-1.0555727917650921,0.8016554478505833
p351,process,,22,post,odor,2.0,0.09039096999913454,0.09039096999913454,0.03111984534189105,0.14966209465637803,-1.4158311196774012,1.5966130596756702
p351,process,,10,post,odor,1.0,0.051781006157398224,0.051781006157398224,0.051781006157398224,0.051781006157398224,,
p351,process,,30,post,odor,2.0,0.33096424443647265,0.33096424443647265,0.1603119329083711,0.5016165559645742,-4.005722173518574,4.6676506623915195
p351,process,,17,post,odor,2.0,0.16514316946268082,0.16514316946268082,-0.03380695357918739,0.364093292504549,-4.890658821851567,5.220945160776929
p351,process,,39,post,odor,2.0,-0.1954294666647911,-0.1954294666647911,-0.3210663013160229,-0.06979263201355934,-3.388164153631747,2.997305220302165
p370,process,,39,pre,odor,2.0,-0.17309679836034775,-0.17309679836034775,-0.32462672516703606,-0.02156687155365944,-4.023837345687044,3.677643748966348
p370,process,,17,pre,odor,2.0,-0.33911505341529846,-0.33911505341529846,-0.9702260047197342,0.29199589788913727,-16.377164970447573,15.698934863616977
p370,process,,32,pre,odor,2.0,2.3059576749801636,2.3059576749801636,2.029684364795685,2.5822309851646423,-4.714812809709205,9.326728159669532
p370,process,,30,pre,odor,2.0,1.1180725991725922,1.1180725991725922,0.872025802731514,1.3641193956136703,-5.134569341347884,7.3707145396930684
p370,process,,40,pre,odor,2.0,-0.5860873609781265,-0.5860873609781265,-0.6310617998242378,-0.5411129221320152,-1.7289962167246435,0.5568214947683905
p370,process,,3,pre,odor,2.0,0.265624538064003,0.265624538064003,0.2363709732890129,0.2948781028389931,-0.4777790285239413,1.0090281046519474
p370,process,,2,pre,odor,2.0,1.1569211184978485,1.1569211184978485,1.035099819302559,1.2787424176931381,-1.9388516191064382,4.252693856102136
p370,process,,1,pre,odor,2.0,0.2499162396416068,0.2499162396416068,0.13685288140550256,0.36297959787771106,-2.623296116173201,3.1231285954564147
p370,process,,4,pre,odor,2.0,0.2180577963590622,0.2180577963590622,-0.06130527704954147,0.49742086976766586,-6.8812310165543735,7.317346609272498
p370,process,,31,pre,odor,2.0,0.5071275187656283,0.5071275187656283,0.26486357348039746,0.7493914640508592,-5.649383059209507,6.663638096740764
p370,process,,21,pre,odor,2.0,-0.4653128832578659,-0.4653128832578659,-0.5130026265978813,-0.4176231399178505,-1.6772241686455847,0.7465984021298528
p370,process,,12,pre,odor,2.0,0.2991228699684143,0.2991228699684143,0.08630716800689697,0.5119385719299316,-5.109036890423132,5.707282630359961
p370,process,,22,pre,odor,2.0,0.10334481298923492,0.10334481298923492,0.0017582699656486511,0.2049313560128212,-2.4782140152065772,2.684903641185047
p370,process,,10,pre,odor,2.0,0.3364710956811905,0.3364710956811905,0.06257935613393784,0.6103628352284431,-6.623777940787663,7.296720132150044
p370,process,,0,pre,odor,2.0,0.23750041238963604,0.23750041238963604,0.13621263671666384,0.33878818806260824,-2.3364660175554026,2.8114668423346747
p370,process,,18,pre,odor,2.0,-0.1083418671041727,-0.1083418671041727,-0.17287658620625734,-0.04380714800208807,-1.748324574109395,1.5316408399010495
p370,process,,12,post,odor,2.0,0.24181193113327026,0.24181193113327026,0.08907762169837952,0.394546240568161,-3.6395348807026893,4.123158742969229
p370,process,,18,post,odor,2.0,0.1603037193417549,0.1603037193417549,0.13894124701619148,0.18166619166731834,-0.38256817473719484,0.7031756134207047
p370,process,,40,post,odor,2.0,-0.07846985943615437,-0.07846985943615437,-0.14416632894426584,-0.012773389928042889,-1.7479754434639991,1.5910357245916904
p370,process,,32,post,odor,2.0,0.02506028488278389,0.02506028488278389,0.0021407250314950943,0.047979844734072685,-0.5573809549841862,0.6075015247497539
p370,process,,31,post,odor,2.0,0.37650100886821747,0.37650100886821747,0.33480221778154373,0.4181997999548912,-0.6831657447282882,1.436167762464723
p370,process,,0,post,odor,2.0,-0.025107473134994507,-0.025107473134994507,-0.1434812992811203,0.09326635301113129,-3.033271613969041,2.983056667699052
p370,process,,4,post,odor,2.0,0.26874157786369324,0.26874157786369324,0.12399519979953766,0.4134879559278488,-3.40961265114212,3.9470958068695063
p370,process,,2,post,odor,2.0,0.5178193151950836,0.5178193151950836,0.49885396659374237,0.5367846637964249,0.03586411075195106,0.9997745196382162
p370,process,,3,post,odor,2.0,0.1451241485774517,0.1451241485774517,0.026550741866230965,0.26369755528867245,-2.8681118152995104,3.158360112454414
p370,process,,21,post,odor,2.0,0.6212230324745178,0.6212230324745178,0.6007095277309418,0.6417365372180939,0.09992545021778176,1.1425206147312539
p370,process,,1,post,odor,2.0,0.09770190526614897,0.09770190526614897,0.0485133276815759,0.14689048285072204,-1.1522983696754483,1.3477021802077462
p370,process,,22,post,odor,2.0,0.5066335760056973,0.5066335760056973,0.2989980224519968,0.7142691295593977,-4.769886131918868,5.783153283930263
p370,process,,10,post,odor,1.0,-0.1098325252532959,-0.1098325252532959,-0.1098325252532959,-0.1098325252532959,,
p370,process,,30,post,odor,2.0,0.3134479597210884,0.3134479597210884,0.26500026509165764,0.3618956543505192,-0.9177246941933486,1.5446206136355254
p370,process,,17,post,odor,2.0,0.5347402989864349,0.5347402989864349,0.532624289393425,0.5368563085794449,0.48096739676144673,0.5885132012114231
p370,process,,39,post,odor,2.0,0.37424664199352264,0.37424664199352264,0.3076268807053566,0.4408664032816887,-1.3187220108115232,2.0672152947985687
p389,process,,39,pre,odor,2.0,-0.3397131860256195,-0.3397131860256195,-0.4332897216081619,-0.2461366504430771,-2.7177184252530595,2.0382920532018205
p389,process,,17,pre,odor,2.0,-0.23836394399404526,-0.23836394399404526,-0.4174527935683727,-0.05927509441971779,-4.789443121308839,4.312715233320748
p389,process,,32,pre,odor,2.0,1.0127410292625427,1.0127410292625427,1.0028448402881622,1.0226372182369232,0.7612550228298364,1.264227035695249
p389,process,,30,pre,odor,2.0,0.39946183655411005,0.39946183655411005,0.20846052607521415,0.590463147033006,-4.45434167509093,5.25326534819915
p389,process,,40,pre,odor,2.0,0.23638612031936646,0.23638612031936646,0.1410144716501236,0.3317577689886093,-2.187237267716479,2.6600095083552118
p389,process,,3,pre,odor,2.0,-0.06481930613517761,-0.06481930613517761,-0.3620042949914932,0.232365682721138,-7.6170059319874595,7.487367319717104
p389,process,,2,pre,odor,2.0,0.6865999698638916,0.6865999698638916,0.4242589473724365,0.9489409923553467,-5.980117515083785,7.3533174548115685
p389,process,,1,pre,odor,2.0,0.4463313817977905,0.4463313817977905,0.4034850001335144,0.48917776346206665,-0.6424984134633571,1.5351611770589382
p389,process,,4,pre,odor,2.0,0.9617329090833664,0.9617329090833664,0.7191977575421333,1.2042680606245995,-5.201669673320759,7.125135491487492
p389,process,,31,pre,odor,2.0,1.6160253882408142,1.6160253882408142,1.4260055124759674,1.806045264005661,-3.212837502580432,6.44488827906206
p389,process,,21,pre,odor,2.0,-0.0583847314119339,-0.0583847314119339,-0.2415223941206932,0.12475293129682541,-4.712354005975936,4.595584543152068
p389,process,,12,pre,odor,2.0,0.8402549624443054,0.8402549624443054,0.659081906080246,1.0214280188083649,-3.763788931236209,5.44429885612482
p389,process,,22,pre,odor,2.0,1.0026782155036926,1.0026782155036926,0.8519122898578644,1.1534441411495209,-2.828647221485876,4.834003652493261
p389,process,,10,pre,odor,2.0,1.209465205669403,1.209465205669403,0.7691597044467926,1.6497707068920135,-9.979758484327608,12.398688895666414
p389,process,,0,pre,odor,2.0,-0.17089253664016724,-0.17089253664016724,-0.3035522997379303,-0.038232773542404175,-3.542096756985387,3.2003116837050527
p389,process,,18,pre,odor,2.0,-0.2687493525445461,-0.2687493525445461,-0.3960652928799391,-0.14143341220915318,-3.5041541607047555,2.9666554556156632
p389,process,,12,post,odor,2.0,0.09246189519762993,0.09246189519762993,0.08615307696163654,0.09877071343362331,-0.06786037710205894,0.2527841674973188
p389,process,,18,post,odor,2.0,0.09604167379438877,0.09604167379438877,0.052830091677606106,0.13925325591117144,-1.0020687449053425,1.19415209249412
p389,process,,40,post,odor,2.0,0.11193093017209321,0.11193093017209321,0.05539045267505571,0.1684714076691307,-1.32489883574478,1.5487606960889664
p389,process,,32,post,odor,2.0,0.66550612449646,0.66550612449646,0.6443021595478058,0.6867100894451141,0.12666228478391617,1.2043499642090039
p389,process,,31,post,odor,2.0,0.16003076825290918,0.16003076825290918,0.08484172215685248,0.23521981434896588,-1.7507040589754366,2.070765595481255
p389,process,,0,post,odor,2.0,-0.03462511021643877,-0.03462511021643877,-0.061116518918424845,-0.008133701514452696,-0.7078356356506686,0.6385854152177911
p389,process,,4,post,odor,2.0,-0.23466090112924576,-0.23466090112924576,-0.29913969710469246,-0.17018210515379906,-1.873222466741371,1.4039006644828795
p389,process,,2,post,odor,2.0,-0.11909983307123184,-0.11909983307123184,-0.24357489123940468,0.005375225096940994,-3.282310980335348,3.044111314192884
p389,process,,3,post,odor,2.0,0.0668838769197464,0.0668838769197464,-0.06775262206792831,0.2015203759074211,-3.354553965278597,3.48832171911809
p389,process,,21,post,odor,2.0,0.37358205020427704,0.37358205020427704,0.3153139725327492,0.4318501278758049,-1.1071501987512475,1.8543142991598016
p389,process,,1,post,odor,2.0,-0.06445556879043579,-0.06445556879043579,-0.23074835538864136,0.10183721780776978,-4.29035595412205,4.161444816541178
p389,process,,22,post,odor,2.0,0.22310546832159162,0.22310546832159162,0.11766566033475101,0.3285452763084322,-2.4563741069258973,2.9025850435690805
p389,process,,10,post,odor,1.0,-0.07240859419107437,-0.07240859419107437,-0.07240859419107437,-0.07240859419107437,,
p389,process,,30,post,odor,2.0,0.06726822629570961,0.06726822629570961,-0.014722878113389015,0.14925933070480824,-2.016323292038456,2.150859744629875
p389,process,,17,post,odor,2.0,0.20357845723628998,0.20357845723628998,0.17829333990812302,0.22886357456445694,-0.4389772978634858,0.8461342123360658
p389,process,,39,post,odor,2.0,-0.017598405480384827,-0.017598405480384827,-0.1223134696483612,0.08711665868759155,-2.6786604940403413,2.6434636830795717
p408,process,,39,pre,odor,2.0,-0.31700897961854935,-0.31700897961854935,-0.5614827312529087,-0.07253522798418999,-6.529676061392334,5.8956581021552354
p408,process,,17,pre,odor,2.0,-0.6555249691009521,-0.6555249691009521,-1.6397614479064941,0.32871150970458984,-25.667345386130712,24.356295447928808
p408,process,,32,pre,odor,2.0,2.6573691368103027,2.6573691368103027,2.6344467401504517,2.680291533470154,2.0748558068025535,3.239882466818052
p408,process,,30,pre,odor,2.0,1.4662672281265259,1.4662672281265259,1.3273751735687256,1.6051592826843262,-2.0633145347521857,4.9958489910052375
p408,process,,40,pre,odor,2.0,-0.39453739300370216,-0.39453739300370216,-0.5440516490489244,-0.24502313695847988,-4.194054889578581,3.404980103571176
p408,process,,3,pre,odor,2.0,-0.2556155100464821,-0.2556155100464821,-0.3767254240810871,-0.13450559601187706,-3.333310236654899,2.8220792165619346
p408,process,,2,pre,odor,2.0,0.6774173676967621,0.6774173676967621,0.598483994603157,0.7563507407903671,-1.3284698303916551,2.6833045657851793
p408,process,,1,pre,odor,2.0,0.12202206254005432,0.12202206254005432,-0.06777773797512054,0.3118218630552292,-4.701248185921799,4.945292311001908
p408,process,,4,pre,odor,2.0,-0.06894524395465851,-0.06894524395465851,-0.3248206153512001,0.1869301274418831,-6.5713549557730495,6.4334644678637325
p408,process,,31,pre,odor,2.0,1.7117954790592194,1.7117954790592194,1.1965585798025131,2.2270323783159256,-11.38161558011583,14.805206538234268
p408,process,,21,pre,odor,2.0,-0.9941220879554749,-0.9941220879554749,-1.0164317190647125,-0.9718124568462372,-1.5610635688804866,-0.427180607030463
p408,process,,12,pre,odor,2.0,0.8543615341186523,0.8543615341186523,0.7461212873458862,0.9626017808914185,-1.8962839382590246,3.6050070064963293
p408,process,,22,pre,odor,2.0,-0.004356257617473602,-0.004356257617473602,-0.12140128389000893,0.11268876865506172,-2.978752391957033,2.970039876722086
p408,process,,10,pre,odor,2.0,1.2153407037258148,1.2153407037258148,0.8075457960367203,1.6231356114149094,-9.147710471208374,11.578391878660003
p408,process,,0,pre,odor,2.0,-0.216121606528759,-0.216121606528759,-0.22935527935624123,-0.20288793370127678,-0.552421119243841,0.12017790618632296
p408,process,,18,pre,odor,2.0,-0.350690558552742,-0.350690558552742,-0.5884206667542458,-0.11296045035123825,-6.391985412075281,5.690604294969797
p408,process,,12,post,odor,2.0,-0.06379317957907915,-0.06379317957907915,-0.08266811305657029,-0.04491824610158801,-0.5434507178724395,0.4158643587142812
p408,process,,18,post,odor,2.0,0.11661072447896004,0.11661072447896004,0.016564680263400078,0.21665676869452,-2.425800317215621,2.659021766173541
p408,process,,40,post,odor,2.0,-0.28993557393550873,-0.28993557393550873,-0.4108748361468315,-0.16899631172418594,-3.363293626533474,2.7834224786624566
p408,process,,32,post,odor,2.0,0.27709880471229553,0.27709880471229553,0.2642023414373398,0.2899952679872513,-0.05063140077599598,0.6048290102005871
p408,process,,31,post,odor,2.0,0.4835447371006012,0.4835447371006012,0.4158486872911453,0.5512407869100571,-1.2367750003178513,2.2038644745190537
p408,process,,0,post,odor,2.0,0.28032372891902924,0.28032372891902924,0.07314775139093399,0.4874997064471245,-4.9845170448591825,5.545164502697241
p408,process,,4,post,odor,2.0,0.16855651140213013,0.16855651140213013,0.11858828365802765,0.2185247391462326,-1.101256552638611,1.4383695754428714
p408,process,,2,post,odor,2.0,0.21925291419029236,0.21925291419029236,0.19901983439922333,0.2394859939813614,-0.29491839434707123,0.733424222727656
p408,process,,3,post,odor,2.0,0.36828990280628204,0.36828990280628204,0.35875777155160904,0.37782203406095505,0.12605548021835214,0.610524325394212
p408,process,,21,post,odor,2.0,0.09129104018211365,0.09129104018211365,0.017629258334636688,0.1649528220295906,-1.780632322588844,1.9632144029530714
p408,process,,1,post,odor,2.0,0.12694062292575836,0.12694062292575836,-0.13642270117998123,0.39030394703149796,-6.565756009248359,6.819637255099876
p408,process,,22,post,odor,2.0,0.7101349830627441,0.7101349830627441,0.6398206055164337,0.7804493606090546,-1.076722770937466,2.4969927370629543
p408,process,,10,post,odor,1.0,0.2612140476703644,0.2612140476703644,0.2612140476703644,0.2612140476703644,,
p408,process,,30,post,odor,2.0,0.45639072358608246,0.45639072358608246,0.3322167471051216,0.5805647000670433,-2.699169212557977,3.611950659730142
p408,process,,17,post,odor,2.0,0.3240203373134136,0.3240203373134136,0.21233816631138325,0.435702508315444,-2.5140927229511267,3.162133397577954
p408,process,,39,post,odor,2.0,-0.2087533064186573,-0.2087533064186573,-0.2548058573156595,-0.16270075552165508,-1.3790595870594886,0.961552974222174
p427,process,,39,pre,odor,2.0,-0.6208018958568573,-0.6208018958568573,-0.7321862727403641,-0.5094175189733505,-3.451347290043019,2.2097434983293045
p427,process,,17,pre,odor,2.0,-0.4613550454378128,-0.4613550454378128,-0.8604564443230629,-0.062253646552562714,-10.603483214897233,9.680773124021608
p427,process,,32,pre,odor,2.0,-0.3633447587490082,-0.3633447587490082,-0.9389597028493881,0.21227018535137177,-14.991107416631367,14.26441789913335
p427,process,,30,pre,odor,2.0,0.3822455108165741,0.3822455108165741,-0.12775878608226776,0.892249807715416,-12.578192514634445,13.342683536267593
p427,process,,40,pre,odor,2.0,0.11340245511382818,0.11340245511382818,0.046660436782985926,0.18014447344467044,-1.5826730437205838,1.8094779539482402
p427,process,,3,pre,odor,2.0,1.6020892262458801,1.6020892262458801,1.475981444120407,1.7281970083713531,-1.6026133707764627,4.806791823268223
p427,process,,2,pre,odor,2.0,0.3938714414834976,0.3938714414834976,0.2551114484667778,0.5326314345002174,-3.132354319437728,3.9200972024047234
p427,process,,1,pre,odor,2.0,-0.2867588773369789,-0.2867588773369789,-0.3205993212759495,-0.25291843339800835,-1.146726095440183,0.5732083407662252
p427,process,,4,pre,odor,2.0,1.4668521285057068,1.4668521285057068,1.1713596880435944,1.7623445689678192,-6.042322764501317,8.976027021512731
p427,process,,31,pre,odor,2.0,-0.5638397336006165,-0.5638397336006165,-1.0560151636600494,-0.07166430354118347,-13.071203294500584,11.943523827299352
p427,process,,21,pre,odor,2.0,0.0005417689681053162,0.0005417689681053162,-0.08593921735882759,0.08702275529503822,-2.1971484671445625,2.198232005080773
p427,process,,12,pre,odor,2.0,0.05779455602169037,0.05779455602169037,-0.14437631517648697,0.2599654272198677,-5.079854406248,5.1954435182913805
p427,process,,22,pre,odor,2.0,0.43575089424848557,0.43575089424848557,0.27587248757481575,0.5956293009221554,-3.6271446419296085,4.49864643042658
p427,process,,10,pre,odor,2.0,1.198129653930664,1.198129653930664,1.055205225944519,1.341054081916809,-2.433924433654566,4.830183741515894
p427,process,,0,pre,odor,2.0,0.8974544256925583,0.8974544256925583,0.5802493765950203,1.2146594747900963,-7.163490168670769,8.958399020055886
p427,process,,18,pre,odor,2.0,0.3996240310370922,0.3996240310370922,0.15344751067459583,0.6458005513995886,-5.856314506892823,6.6555625689670075
p427,process,,12,post,odor,2.0,0.2562936767935753,0.2562936767935753,0.08636796846985817,0.4262193851172924,-4.061928003007733,4.574515356594883
p427,process,,18,post,odor,2.0,0.17785993218421936,0.17785993218421936,0.0466248095035553,0.3090950548648834,-3.157140742530822,3.512860606899261
p427,process,,40,post,odor,2.0,-0.07708368916064501,-0.07708368916064501,-0.10334823885932565,-0.05081913946196437,-0.7445291807103881,0.5903618023890981
p427,process,,32,post,odor,2.0,-0.1322808936238289,-0.1322808936238289,-0.2369542457163334,-0.027607541531324387,-2.792282977841953,2.527721190594295
p427,process,,31,post,odor,2.0,0.26862750202417374,0.26862750202417374,0.2542819194495678,0.2829730845987797,-0.09592831648111255,0.63318332052946
p427,process,,0,post,odor,2.0,0.10421435907483101,0.10421435907483101,-0.004639687016606331,0.21306840516626835,-2.6620292329227677,2.8704579510724297
p427,process,,4,post,odor,2.0,0.016339421272277832,0.016339421272277832,-0.047728992998600006,0.08040783554315567,-1.6117933564233828,1.6444721989679385
p427,process,,2,post,odor,2.0,0.06857439875602722,0.06857439875602722,-0.037165671586990356,0.1743144690990448,-2.6185355664357632,2.7556843639478177
p427,process,,3,post,odor,2.0,0.04068351536989212,0.04068351536989212,-0.052006665617227554,0.1333736963570118,-2.314797317940967,2.396164348680751
p427,process,,21,post,odor,2.0,0.15757159516215324,0.15757159516215324,0.03944115526974201,0.2757020350545645,-2.844407514532558,3.1595507048568643
p427,process,,1,post,odor,2.0,0.21927880123257637,0.21927880123257637,0.14343169145286083,0.2951259110122919,-1.7081790097837908,2.1467366122489437
p427,process,,22,post,odor,2.0,-0.2663195775967324,-0.2663195775967324,-0.3992909514417988,-0.133348203751666,-3.6454425778484096,3.112803422654945
p427,process,,10,post,odor,1.0,0.20929646492004395,0.20929646492004395,0.20929646492004395,0.20929646492004395,,
p427,process,,30,post,odor,2.0,0.21293213218450546,0.21293213218450546,0.1576494760811329,0.26821478828787804,-1.1919333614334733,1.6177976258024842
p427,process,,17,post,odor,2.0,0.08916237950325012,0.08916237950325012,-0.026685982942581177,0.20501074194908142,-2.8548236436713585,3.033148402677859
p427,process,,39,post,odor,2.0,0.20700421929359436,0.20700421929359436,0.18933389335870743,0.2246745452284813,-0.2420413388736274,0.656049777460816
p446,process,,39,pre,odor,2.0,-0.5145760998129845,-0.5145760998129845,-0.6976598612964153,-0.3314923383295536,-5.167175614367879,4.13802341474191
p446,process,,17,pre,odor,2.0,0.4082833528518677,0.4082833528518677,-0.12184226512908936,0.9384089708328247,-13.063485923062474,13.88005262876621
p446,process,,32,pre,odor,2.0,0.3708133026957512,0.3708133026957512,0.22764017060399055,0.5139864347875118,-3.267560955458836,4.0091875608503384
p446,process,,30,pre,odor,2.0,-0.059762053191661835,-0.059762053191661835,-0.16469838842749596,0.04517428204417229,-2.726447172732404,2.60692306634908
p446,process,,40,pre,odor,2.0,-0.12753793597221375,-0.12753793597221375,-0.20404550433158875,-0.051030367612838745,-2.0717795908544137,1.816703718909986
p446,process,,3,pre,odor,2.0,0.03253182768821716,0.03253182768821716,-0.4062163680791855,0.4712800234556198,-11.11711697840753,11.182180633783965
p446,process,,2,pre,odor,2.0,0.17092826217412949,0.17092826217412949,-0.007080044597387314,0.3489365689456463,-4.35269171898324,4.694548243331499
p446,process,,1,pre,odor,2.0,0.21369618922472,0.21369618922472,0.18936992809176445,0.23802245035767555,-0.4044927196172444,0.8318850980666844
p446,process,,4,pre,odor,2.0,0.255913645029068,0.255913645029068,-0.1265755444765091,0.6384028345346451,-9.464058257433699,9.975885547491835
p446,process,,31,pre,odor,2.0,0.5749220550060272,0.5749220550060272,0.5588947981595993,0.5909493118524551,0.1676308413060859,0.9822132687059686
p446,process,,21,pre,odor,2.0,-0.09914207831025124,-0.09914207831025124,-0.11133144982159138,-0.0869527067989111,-0.40890337836701723,0.21061922174651476
p446,process,,12,pre,odor,2.0,0.6835408508777618,0.6835408508777618,0.1564989537000656,1.210582748055458,-12.709863649285719,14.076945351041243
p446,process,,22,pre,odor,2.0,0.614671666175127,0.614671666175127,0.31798469834029675,0.9113586340099573,-6.9248590455533305,8.154202377903584
p446,process,,10,pre,odor,2.0,1.235360562801361,1.235360562801361,0.8341752588748932,1.636545866727829,-8.959724654866978,11.4304457804697
p446,process,,0,pre,odor,2.0,-0.2698315717279911,-0.2698315717279911,-0.46518357284367085,-0.07447957061231136,-5.234196615322499,4.694533471866516
p446,process,,18,pre,odor,2.0,-0.19133641570806503,-0.19133641570806503,-0.40151650831103325,0.018843676894903183,-5.532518991871006,5.149846160454876
p446,process,,12,post,odor,2.0,0.18867909163236618,0.18867909163236618,0.1667887605726719,0.21056942269206047,-0.36760696474187293,0.7449651480066053
p446,process,,18,post,odor,2.0,0.36439425498247147,0.36439425498247147,0.15640781447291374,0.5723806954920292,-4.921042335942846,5.649830845907789
p446,process,,40,post,odor,2.0,0.1007133275270462,0.1007133275270462,-0.022139258682727814,0.22356591373682022,-3.0212668979728345,3.222693553026927
p446,process,,32,post,odor,2.0,0.20196536928415298,0.20196536928415298,0.06743840500712395,0.336492333561182,-3.2166889319958276,3.6206196705641336
p446,process,,31,post,odor,2.0,0.11596221476793289,0.11596221476793289,-0.021551121026277542,0.2534755505621433,-3.3785829823432225,3.6105074118790883
p446,process,,0,post,odor,2.0,-0.17543748422758654,-0.17543748422758654,-0.2622000297124032,-0.08867493874276988,-2.380282816951086,2.029407848495913
p446,process,,4,post,odor,2.0,-0.11263399571180344,-0.11263399571180344,-0.13197126612067223,-0.09329672530293465,-0.6040406294195222,0.37877263799591526
p446,process,,2,post,odor,2.0,-0.1715315505862236,-0.1715315505862236,-0.23450395092368126,-0.10855915024876595,-1.7718119734184101,1.428748872245963
p446,process,,3,post,odor,2.0,0.2273501306772232,0.2273501306772232,0.2097162827849388,0.2449839785695076,-0.22076843253463302,0.6754686938890795
p446,process,,21,post,odor,2.0,0.28450801223516464,0.28450801223516464,0.20279211178421974,0.36622391268610954,-1.7920899104259869,2.361105934896316
p446,process,,1,post,odor,2.0,0.4006258249282837,0.4006258249282837,0.37300705909729004,0.42824459075927734,-0.301233561489859,1.1024852113464263
p446,process,,22,post,odor,2.0,-0.014742208644747734,-0.014742208644747734,-0.04191864561289549,0.01243422832340002,-0.7053609528788117,0.6758765355893163
p446,process,,10,post,odor,1.0,-0.07778532803058624,-0.07778532803058624,-0.07778532803058624,-0.07778532803058624,,
p446,process,,30,post,odor,2.0,0.2222893126308918,0.2222893126308918,0.1467199455946684,0.2978586796671152,-1.6981103860598792,2.1426890113216626
p446,process,,17,post,odor,2.0,-0.0576234869658947,-0.0576234869658947,-0.12310766987502575,0.007860695943236351,-1.7217343570149566,1.6064873830831672
p446,process,,39,post,odor,2.0,-0.12787522748112679,-0.12787522748112679,-0.2515342179685831,-0.0042162369936704636,-3.2703481286857246,3.014597673723471
p465,process,,39,pre,odor,2.0,1.24085533618927,1.24085533618927,1.170609474182129,1.3111011981964111,-0.5442612728743508,3.025971945252891
p465,process,,17,pre,odor,2.0,-0.02225717157125473,-0.02225717157125473,-0.13545379415154457,0.09093945100903511,-2.8988560954685707,2.8543417523260612
p465,process,,32,pre,odor,2.0,3.946266293525696,3.946266293525696,3.725742280483246,4.166790306568146,-1.6577802243947595,9.550312811446151
p465,process,,30,pre,odor,2.0,2.6029337644577026,2.6029337644577026,1.9535840153694153,3.25228351354599,-13.89860795014119,19.104475479056596
p465,process,,40,pre,odor,2.0,0.9424506276845932,0.9424506276845932,0.6574819460511208,1.2274193093180656,-6.2992901967807775,8.184191452149964
p465,process,,3,pre,odor,2.0,2.2082186341285706,2.2082186341285706,1.8009377419948578,2.6154995262622833,-8.1417701670371,12.558207435294241
p465,process,,2,pre,odor,2.0,1.6036987900733948,1.6036987900733948,1.2837723195552826,1.923625260591507,-6.5264036797763865,9.733801259923176
p465,process,,1,pre,odor,2.0,1.4853430390357971,1.4853430390357971,1.3979011476039886,1.5727849304676056,-0.7367661110660388,3.707452189137633
p465,process,,4,pre,odor,2.0,1.286433532834053,1.286433532834053,0.7618386670947075,1.8110283985733986,-12.044786002426347,14.617653068094453
p465,process,,31,pre,odor,2.0,2.809155225753784,2.809155225753784,2.4356141090393066,3.1826963424682617,-6.683424586953173,12.301735038460741
p465,process,,21,pre,odor,2.0,4.031296372413635,4.031296372413635,3.5487377047538757,4.513855040073395,-8.231682084587538,16.29427482941481
p465,process,,12,pre,odor,2.0,1.265944629907608,1.265944629907608,0.9031759351491928,1.6287133246660233,-7.952881985042968,10.484771244858184
p465,process,,22,pre,odor,2.0,1.6979261338710785,1.6979261338710785,1.2943538576364517,2.1014984101057053,-8.557817801491353,11.95367006923351
p465,process,,10,pre,odor,2.0,1.5500229001045227,1.5500229001045227,1.324201911687851,1.7758438885211945,-4.188632524990608,7.288678325199653
p465,process,,0,pre,odor,2.0,0.7901134490966797,0.7901134490966797,0.7153777480125427,0.8648491501808167,-1.1091007890565145,2.689327687249874
p465,process,,18,pre,odor,2.0,0.019886378198862076,0.019886378198862076,-0.007359171286225319,0.04713192768394947,-0.6724886816153367,0.7122614380130609
p465,process,,12,post,odor,2.0,0.30929169058799744,0.30929169058799744,0.2217906266450882,0.3967927545309067,-1.9143211755954388,2.5329045567714337
p465,process,,18,post,odor,2.0,0.34135691821575165,0.34135691821575165,0.2364937737584114,0.4462200626730919,-2.323468247292303,3.0061820837238065
p465,process,,40,post,odor,2.0,0.054380711168050766,0.054380711168050766,-0.029572023078799248,0.13833344541490078,-2.0790605478362316,2.187821970172333
p465,process,,32,post,odor,2.0,0.1958708092570305,0.1958708092570305,0.12927499786019325,0.2624666206538677,-1.4964892191027495,1.8882308376168104
p465,process,,31,post,odor,2.0,0.05853147804737091,0.05853147804737091,-0.11912272125482559,0.2361856773495674,-4.456089779102413,4.573152735197155
p465,process,,0,post,odor,2.0,0.04291563108563423,0.04291563108563423,0.04013805277645588,0.045693209394812584,-0.027669326248721912,0.11350058841999038
p465,process,,4,post,odor,2.0,0.47961367666721344,0.47961367666721344,0.47785385698080063,0.48137349635362625,0.4348924181985896,0.5243349351358373
p465,process,,2,post,odor,2.0,0.12364259175956249,0.12364259175956249,0.07393158692866564,0.17335359659045935,-1.1396338182851269,1.3869190018042519
p465,process,,3,post,odor,2.0,0.17753804102540016,0.17753804102540016,0.026662176474928856,0.32841390557587147,-3.6565812084259,4.0116572904767
p465,process,,21,post,odor,2.0,2.857161283493042,2.857161283493042,2.8066269159317017,2.9076956510543823,1.5729612425980513,4.141361324388033
p465,process,,1,post,odor,2.0,-0.04067132924683392,-0.04067132924683392,-0.05824414046946913,-0.02309851802419871,-0.4872388036167365,0.40589614512306865
p465,process,,22,post,odor,2.0,-0.06483512371778488,-0.06483512371778488,-0.19110561534762383,0.06143536791205406,-3.2736725612901174,3.1440023138545476
p465,process,,10,post,odor,1.0,-0.006473277695477009,-0.006473277695477009,-0.006473277695477009,-0.006473277695477009,,
p465,process,,30,post,odor,2.0,0.5348337441682816,0.5348337441682816,0.41922517865896225,0.6504423096776009,-2.403058461065469,3.472725949402032
p465,process,,17,post,odor,2.0,0.12646126374602318,0.12646126374602318,0.09022386558353901,0.16269866190850735,-0.7944183365715858,1.0473408640636321
p465,process,,39,post,odor,2.0,-0.078636284917593,-0.078636284917593,-0.15026634000241756,-0.00700622983276844,-1.898928575260097,1.741656005424911
p484,process,,39,pre,odor,2.0,-0.13216252624988556,-0.13216252624988556,-0.32551661878824234,0.06119156628847122,-5.0457558989891425,4.781430846489371
p484,process,,17,pre,odor,2.0,0.002958953380584717,0.002958953380584717,-0.2664788067340851,0.2723967134952545,-6.844103733966051,6.8500216407272205
p484,process,,32,pre,odor,2.0,0.803036242723465,0.803036242723465,0.7961257845163345,0.8099467009305954,0.627424849122309,0.9786476363246209
p484,process,,30,pre,odor,2.0,0.2397505808621645,0.2397505808621645,0.1287488890811801,0.3507522726431489,-2.5810698627997306,3.0605710245240596
p484,process,,40,pre,odor,2.0,0.39746642112731934,0.39746642112731934,0.37117110192775726,0.4237617403268814,-0.2707609975780825,1.0656938398327211
p484,process,,3,pre,odor,2.0,-0.005911096930503845,-0.005911096930503845,-0.2044835314154625,0.1926613375544548,-5.052115111983545,5.040292918122537
p484,process,,2,pre,odor,2.0,0.6619092673063278,0.6619092673063278,0.5286361053586006,0.795182429254055,-2.724882895784049,4.048701430396704
p484,process,,1,pre,odor,2.0,0.25083325803279877,0.25083325803279877,0.21440795809030533,0.2872585579752922,-0.674821379258989,1.1764878953245865
p484,process,,4,pre,odor,2.0,0.11602914333343506,0.11602914333343506,-0.20250707864761353,0.43456536531448364,-7.978743761424152,8.210802048091022
p484,process,,31,pre,odor,2.0,0.5016490742564201,0.5016490742564201,0.3100084252655506,0.6932897232472897,-4.368401569446336,5.371699717959176
p484,process,,21,pre,odor,2.0,-0.40512320399284363,-0.40512320399284363,-0.449083611369133,-0.36116279661655426,-1.5222630768103973,0.71201666882471
p484,process,,12,pre,odor,2.0,0.24822292756289244,0.24822292756289244,0.13206201838329434,0.36438383674249053,-2.703705661189443,3.200151516315228
p484,process,,22,pre,odor,2.0,0.5371198803186417,0.5371198803186417,0.34095271676778793,0.7332870438694954,-4.447960404864985,5.5222001655022686
p484,process,,10,pre,odor,2.0,1.2552997469902039,1.2552997469902039,0.9569948017597198,1.5536046922206879,-6.325347668833613,8.835947162814021
p484,process,,0,pre,odor,2.0,-0.4061066657304764,-0.4061066657304764,-0.46594981104135513,-0.3462635204195976,-1.9268651784838324,1.1146518470228797
p484,process,,18,pre,odor,2.0,-0.2882870137691498,-0.2882870137691498,-0.5005217045545578,-0.07605232298374176,-5.681681880245395,5.105107852707095
p484,process,,12,post,odor,2.0,0.4269459694623947,0.4269459694623947,0.28187132626771927,0.5720206126570702,-3.2597502674556833,4.113642206380472
p484,process,,18,post,odor,2.0,0.3379819691181183,0.3379819691181183,0.2778955549001694,0.3980683833360672,-1.1889585927135955,1.864922530949832
p484,process,,40,post,odor,2.0,0.2017177678644657,0.2017177678644657,0.09539165161550045,0.308043884113431,-2.500285035858861,2.9037205715877925
p484,process,,32,post,odor,2.0,0.06906403601169586,0.06906403601169586,0.06680590659379959,0.07132216542959213,0.01167952660255786,0.12644854542083386
p484,process,,31,post,odor,2.0,-0.09300883347168565,-0.09300883347168565,-0.1325165939051658,-0.053501073038205504,-1.0969962189427669,0.9109785519993956
p484,process,,0,post,odor,2.0,-0.10375697165727615,-0.10375697165727615,-0.2461809553205967,0.03866701200604439,-3.7230935631927777,3.5155796198782254
p484,process,,4,post,odor,2.0,-0.014566339552402496,-0.014566339552402496,-0.04906725883483887,0.019934579730033875,-0.89131782753015,0.862185148425345
p484,process,,2,post,odor,2.0,-0.06012936681509018,-0.06012936681509018,-0.13183950260281563,0.01158076897263527,-1.8824567007705448,1.7621979671403645
p484,process,,3,post,odor,2.0,-0.047461493872106075,-0.047461493872106075,-0.05979189230129123,-0.03513109544292092,-0.3608066277117728,0.26588363996756065
p484,process,,21,post,odor,2.0,-0.024828478693962097,-0.024828478693962097,-0.07451146468520164,0.02485450729727745,-1.2873928625123399,1.2377359051244157
p484,process,,1,post,odor,2.0,0.14108192175626755,0.14108192175626755,-0.026969309896230698,0.3091331534087658,-4.12950478932966,4.411668632842195
p484,process,,22,post,odor,2.0,-0.08555636368691921,-0.08555636368691921,-0.14846582990139723,-0.022646897472441196,-1.6842374788161643,1.5131247514423258
p484,process,,10,post,odor,1.0,-0.00601190235465765,-0.00601190235465765,-0.00601190235465765,-0.00601190235465765,,
p484,process,,30,post,odor,2.0,0.1227716263383627,0.1227716263383627,0.08659124467521906,0.15895200800150633,-0.7966590473513245,1.04220230002805
p484,process,,17,post,odor,2.0,0.083607979118824,0.083607979118824,0.00704004243016243,0.16017591580748558,-1.8621677804663677,2.0293837387040154
p484,process,,39,post,odor,2.0,0.08377083763480186,0.08377083763480186,0.07912843488156796,0.08841324038803577,-0.034203802065940425,0.20174547733554415
p503,process,,39,pre,odor,2.0,0.06821075454354286,0.06821075454354286,-0.002614753320813179,0.1390362624078989,-1.7316360523925747,1.8680575614796604
p503,process,,17,pre,odor,2.0,-0.8618862181901932,-0.8618862181901932,-1.392237164080143,-0.3315352723002434,-14.33938161919341,12.615609182813024
p503,process,,32,pre,odor,2.0,2.902453303337097,2.902453303337097,2.5923375487327576,3.2125690579414368,-4.978335236495001,10.783241843169195
p503,process,,30,pre,odor,2.0,2.3848413228988647,2.3848413228988647,2.310209095478058,2.4594735503196716,0.4882565998478181,4.281426045949911
p503,process,,40,pre,odor,2.0,0.1691891085356474,0.1691891085356474,0.10753404069691896,0.23084417637437582,-1.397614721427599,1.7359929384988937
p503,process,,3,pre,odor,2.0,0.841249942779541,0.841249942779541,0.5932218432426453,1.0892780423164368,-5.461741683300685,7.144241568859767
p503,process,,2,pre,odor,2.0,0.9030695557594299,0.9030695557594299,0.816208153963089,0.9899309575557709,-1.3042879540314507,3.1104270655503106
p503,process,,1,pre,odor,2.0,0.25933787412941456,0.25933787412941456,0.10916208010166883,0.4095136681571603,-3.556990896538861,4.07566664479769
p503,process,,4,pre,odor,2.0,0.5942341238260269,0.5942341238260269,0.14427121728658676,1.044197030365467,-10.840407504522704,12.028875752174757
p503,process,,31,pre,odor,2.0,2.606472611427307,2.606472611427307,2.477871358394623,2.7350738644599915,-0.6615950892964806,5.874540312151095
p503,process,,21,pre,odor,2.0,0.020259058102965355,0.020259058102965355,-0.012425056658685207,0.05294317286461592,-0.8103230494613579,0.8508411656672886
p503,process,,12,pre,odor,2.0,0.3739764429628849,0.3739764429628849,0.24678870104253292,0.5011641848832369,-2.858170534580597,3.606123420506367
p503,process,,22,pre,odor,2.0,1.2377376556396484,1.2377376556396484,0.9560889601707458,1.519386351108551,-5.9196343209691396,8.395109632248436
p503,process,,10,pre,odor,2.0,0.8727670609951019,0.8727670609951019,0.5809765011072159,1.164557620882988,-6.542334127041945,8.28786824903215
p503,process,,0,pre,odor,2.0,-0.16947844624519348,-0.16947844624519348,-0.3897016793489456,0.050744786858558655,-5.765881421202391,5.4269245287120045
p503,process,,18,pre,odor,2.0,-0.24999040365219116,-0.24999040365219116,-0.5266688168048859,0.02668800950050354,-7.281055530848327,6.781074723543945
p503,process,,12,post,odor,2.0,0.15633292123675346,0.15633292123675346,0.051085339859128,0.26158050261437893,-2.518261712705879,2.830927555179386
p503,process,,18,post,odor,2.0,-0.1529399547725916,-0.1529399547725916,-0.2133718179538846,-0.09250809159129858,-1.688659207112604,1.382779297567421
p503,process,,40,post,odor,2.0,0.16854439675807953,0.16854439675807953,0.15262282639741898,0.18446596711874008,-0.236061068689848,0.573149862206007
p503,process,,32,post,odor,2.0,0.047043509781360626,0.047043509781360626,-0.051289256662130356,0.1453762762248516,-2.4518290156295293,2.5459160351922505
p503,process,,31,post,odor,2.0,0.20135127007961273,0.20135127007961273,0.15988752990961075,0.24281501024961472,-0.8523422733755794,1.255044813534805
p503,process,,0,post,odor,2.0,0.025304164737462997,0.025304164737462997,-0.011563168838620186,0.06217149831354618,-0.9115836122516577,0.9621919417265837
p503,process,,4,post,odor,2.0,0.07017426937818527,0.07017426937818527,-0.030136283487081528,0.17048482224345207,-2.478958574431725,2.6193071131880954
p503,process,,2,post,odor,2.0,0.240256629884243,0.240256629884243,0.18292850628495216,0.29758475348353386,-1.216589121302392,1.697102381070878
p503,process,,3,post,odor,2.0,0.2036961428821087,0.2036961428821087,0.04341183789074421,0.36398044787347317,-3.8695142475493807,4.276906533313598
p503,process,,21,post,odor,2.0,0.22729139029979706,0.22729139029979706,0.21426425129175186,0.24031852930784225,-0.10375960042586291,0.5583423810254571
p503,process,,1,post,odor,2.0,-0.19084583967924118,-0.19084583967924118,-0.19906071946024895,-0.1826309598982334,-0.39960572844033443,0.017914049081852068
p503,process,,22,post,odor,2.0,0.1279730722308159,0.1279730722308159,0.08385267481207848,0.1720934696495533,-0.993232533056926,1.2491786775185578
p503,process,,10,post,odor,1.0,-0.2296084612607956,-0.2296084612607956,-0.2296084612607956,-0.2296084612607956,,
p503,process,,30,post,odor,2.0,0.1302210558205843,0.1302210558205843,0.08749970328062773,0.17294240836054087,-0.9554314481373856,1.2158735597785542
p503,process,,17,post,odor,2.0,0.1630764752626419,0.1630764752626419,0.15444211661815643,0.17171083390712738,-0.05634338214214257,0.3824963326674264
p503,process,,39,post,odor,2.0,0.09783750027418137,0.09783750027418137,-0.037724655121564865,0.2333996556699276,-3.34712350159678,3.5427985021451427
p522,process,,39,pre,odor,2.0,0.18181601911783218,0.18181601911783218,0.17573434486985207,0.1878976933658123,0.027266022850718913,0.3363660153849455
p522,process,,17,pre,odor,2.0,-0.3039686679840088,-0.3039686679840088,-0.7866101264953613,0.17867279052734375,-12.569051040006427,11.961113704038409
p522,process,,32,pre,odor,2.0,2.170296549797058,2.170296549797058,2.167936861515045,2.172656238079071,2.1103311849474404,2.230261914646676
p522,process,,30,pre,odor,2.0,1.5225903987884521,1.5225903987884521,1.4221099019050598,1.6230708956718445,-1.0308611319974403,4.076041929574345
p522,process,,40,pre,odor,2.0,0.15334394574165344,0.15334394574165344,0.013983175158500671,0.2927047163248062,-3.388149020699568,3.694836912182875
p522,process,,3,pre,odor,2.0,0.9777861218899488,0.9777861218899488,0.5176094444468617,1.437962799333036,-10.716412034919028,12.671984278698925
p522,process,,2,pre,odor,2.0,1.0674444735050201,1.0674444735050201,0.8673764914274216,1.2675124555826187,-4.016765009357574,6.151653956367614
p522,process,,1,pre,odor,2.0,0.034897346049547195,0.034897346049547195,0.0071047041565179825,0.06268998794257641,-0.6713806500544828,0.7411753421535772
p522,process,,4,pre,odor,2.0,0.4354434013366699,0.4354434013366699,-0.10372984409332275,0.9746166467666626,-13.266247888065834,14.137134690739174
p522,process,,31,pre,odor,2.0,1.8956499695777893,1.8956499695777893,1.887474685907364,1.9038252532482147,1.6878963133923273,2.1034036257632516
p522,process,,21,pre,odor,2.0,0.561615526676178,0.561615526676178,0.5339354574680328,0.5892955958843231,-0.1418017262641762,1.2650327796165322
p522,process,,12,pre,odor,2.0,0.2673414722084999,0.2673414722084999,0.20544187352061272,0.3292410708963871,-1.3056764758221904,1.8403594202391902
p522,process,,22,pre,odor,2.0,0.867062509059906,0.867062509059906,0.6344733536243439,1.0996516644954681,-5.0435883476965175,6.7777133658163295
p522,process,,10,pre,odor,2.0,0.9677282422780991,0.9677282422780991,0.5789544954895973,1.3565019890666008,-8.911949403210784,10.847405887766982
p522,process,,0,pre,odor,2.0,-0.20677560567855835,-0.20677560567855835,-0.35057981312274933,-0.06297139823436737,-3.8611870090970135,3.447635797739897
p522,process,,18,pre,odor,2.0,-0.36899447441101074,-0.36899447441101074,-0.686146080493927,-0.05184286832809448,-8.428580953003333,7.690592004181312
p522,process,,12,post,odor,2.0,0.19516059756278992,0.19516059756278992,0.17930270731449127,0.21101848781108856,-0.20782660279455156,0.5981477979201314
p522,process,,18,post,odor,2.0,0.2580931857228279,0.2580931857228279,0.22718260809779167,0.28900376334786415,-0.527419069911434,1.0436054413570899
p522,process,,40,post,odor,2.0,0.2873571589589119,0.2873571589589119,0.26349711045622826,0.31121720746159554,-0.3189841636214016,0.8936984815392254
p522,process,,32,post,odor,2.0,-0.3264729231595993,-0.3264729231595993,-0.4045094922184944,-0.2484363541007042,-2.3095701699015123,1.656624323582314
p522,process,,31,post,odor,2.0,0.14677690947428346,0.14677690947428346,0.06813929206691682,0.2254145268816501,-1.851594424011667,2.145148242960234
p522,process,,0,post,odor,2.0,0.03897833451628685,0.03897833451628685,-0.036793237552046776,0.11474990658462048,-1.8865598812478386,1.9645165502804123
p522,process,,4,post,odor,2.0,0.015514671802520752,0.015514671802520752,-0.05940217524766922,0.09043151885271072,-1.8883029218142773,1.9193322654193188
p522,process,,2,post,odor,2.0,0.15235525369644165,0.15235525369644165,0.13960950076580048,0.16510100662708282,-0.17154503881040906,0.47625554620329236
p522,process,,3,post,odor,2.0,0.17553633451461792,0.17553633451461792,0.1699238196015358,0.18114884942770004,0.03290880737370758,0.31816386165552824
p522,process,,21,post,odor,2.0,0.21003806591033936,0.21003806591033936,0.018512308597564697,0.401563823223114,-4.657092903423705,5.077169035244384
p522,process,,1,post,odor,2.0,-0.07919138669967651,-0.07919138669967651,-0.10643954575061798,-0.051943227648735046,-0.7716327618699041,0.6132499884705511
p522,process,,22,post,odor,2.0,0.006983688101172447,0.006983688101172447,-0.0209053261205554,0.034872702322900295,-0.7017433610815511,0.715710737283896
p522,process,,10,post,odor,1.0,0.25746840238571167,0.25746840238571167,0.25746840238571167,0.25746840238571167,,
p522,process,,30,post,odor,2.0,0.3402574062347412,0.3402574062347412,0.2604929059743881,0.4200219064950943,-1.6867507357386708,2.3672655482081533
p522,process,,17,post,odor,2.0,0.41077470779418945,0.41077470779418945,0.4012761414051056,0.4202732741832733,0.16939324931449518,0.6521561662738837
p522,process,,39,post,odor,2.0,-0.0012832805514335632,-0.0012832805514335632,-0.04283222556114197,0.04026566445827484,-1.0571420842822712,1.054575523179404
p541,process,,39,pre,odor,2.0,-0.2379345130175352,-0.2379345130175352,-0.32603739853948355,-0.14983162749558687,-2.476841115596809,2.0009720895617384
p541,process,,17,pre,odor,2.0,0.026771217584609985,0.026771217584609985,-0.3404712826013565,0.3940137177705765,-9.305745572790515,9.359288007959735
p541,process,,32,pre,odor,2.0,0.906890269368887,0.906890269368887,0.512483412399888,1.3012971263378859,-9.115938278629649,10.929718817367423
p541,process,,30,pre,odor,2.0,0.3729573041200638,0.3729573041200638,0.3277691528201103,0.41814545542001724,-0.7753825000128307,1.5212971082529583
p541,process,,40,pre,odor,2.0,0.09488579630851746,0.09488579630851746,-0.15413810312747955,0.34390969574451447,-6.233411504560194,6.423183097177229
p541,process,,3,pre,odor,2.0,-0.05137157440185547,-0.05137157440185547,-0.4300243556499481,0.3272812068462372,-9.673851099322325,9.571107950518615
p541,process,,2,pre,odor,2.0,0.7159972935914993,0.7159972935914993,0.5636477991938591,0.8683467879891396,-3.1555704409467333,4.587565028129732
p541,process,,1,pre,odor,2.0,-0.1504341885447502,-0.1504341885447502,-0.26900530979037285,-0.03186306729912758,-3.1636120732340984,2.862743696144598
p541,process,,4,pre,odor,2.0,0.9708806308917701,0.9708806308917701,0.4806792784947902,1.46108198328875,-11.486316860119722,13.428078121903262
p541,process,,31,pre,odor,2.0,0.06817162781953812,0.06817162781953812,0.04490887373685837,0.09143438190221786,-0.5229910043840871,0.6593342600231633
p541,process,,21,pre,odor,2.0,-0.022502906620502472,-0.022502906620502472,-0.1155598796904087,0.07055406644940376,-2.38730481053035,2.342298997289345
p541,process,,12,pre,odor,2.0,1.0333914160728455,1.0333914160728455,0.3782179653644562,1.6885648667812347,-15.616144588740863,17.682927420886553
p541,process,,22,pre,odor,2.0,0.11655202507972717,0.11655202507972717,-0.40204013884067535,0.6351441890001297,-13.062124393617276,13.29522844377673
p541,process,,10,pre,odor,2.0,0.7687878608703613,0.7687878608703613,0.47571802139282227,1.0618577003479004,-6.678822903928566,8.216398625669289
p541,process,,0,pre,odor,2.0,-0.24960941076278687,-0.24960941076278687,-0.32187704741954803,-0.1773417741060257,-2.0861041850833684,1.5868853635577946
p541,process,,18,pre,odor,2.0,-0.4779032915830612,-0.4779032915830612,-0.4876120761036873,-0.46819450706243515,-0.7246268993000182,-0.2311796838661042
p541,process,,12,post,odor,2.0,0.09856323152780533,0.09856323152780533,-0.024657059460878372,0.22178352251648903,-3.032761258378668,3.2298877214342787
p541,process,,18,post,odor,2.0,0.22174404561519623,0.22174404561519623,0.19975661486387253,0.24373147636651993,-0.33700954788236825,0.7804976391127607
p541,process,,40,post,odor,2.0,0.0551057830452919,0.0551057830452919,0.039485614746809006,0.0707259513437748,-0.3418403297827664,0.4520518958733502
p541,process,,32,post,odor,2.0,-0.03563563525676727,-0.03563563525676727,-0.11827977746725082,0.04700850695371628,-2.1358224176006493,2.0645511470871147
p541,process,,31,post,odor,2.0,-0.03433831641450524,-0.03433831641450524,-0.04924982343800366,-0.019426809391006827,-0.4132756387454608,0.3445990059164503
p541,process,,0,post,odor,2.0,-0.06177910976111889,-0.06177910976111889,-0.06238498445600271,-0.061173235066235065,-0.07717584559644136,-0.04638237392579642
p541,process,,4,post,odor,2.0,0.051828499883413315,0.051828499883413315,-0.026159150525927544,0.12981615029275417,-1.9300256061051926,2.033682605872019
p541,process,,2,post,odor,2.0,-0.1763147646561265,-0.1763147646561265,-0.24932531686499715,-0.10330421244725585,-2.03168881319029,1.6790592838780372
p541,process,,3,post,odor,2.0,-0.19731179624795914,-0.19731179624795914,-0.22272760048508644,-0.17189599201083183,-0.8431886205909107,0.44856502809499244
p541,process,,21,post,odor,2.0,0.29192275181412697,0.29192275181412697,0.20289050601422787,0.38095499761402607,-1.9706011346957677,2.5544466383240216
p541,process,,1,post,odor,2.0,-0.3254040330648422,-0.3254040330648422,-0.4223404750227928,-0.22846759110689163,-2.7887925888929126,2.137984522763228
p541,process,,22,post,odor,2.0,0.18499623239040375,0.18499623239040375,0.16264287382364273,0.20734959095716476,-0.38305646859037623,0.7530489333711837
p541,process,,10,post,odor,1.0,0.23389562964439392,0.23389562964439392,0.23389562964439392,0.23389562964439392,,
p541,process,,30,post,odor,2.0,0.009621936827898026,0.009621936827898026,-0.03765932656824589,0.05690320022404194,-1.1919088889649159,1.211152762620712
p541,process,,17,post,odor,2.0,0.01594267226755619,0.01594267226755619,-0.01684930268675089,0.04873464722186327,-0.8173804226783209,0.8492657672134333
p541,process,,39,post,odor,2.0,-0.18875108659267426,-0.18875108659267426,-0.2382901832461357,-0.1392119899392128,-1.44765889564073,1.0701567224553814
p560,process,,39,pre,odor,2.0,0.48069435358047485,0.48069435358047485,0.1549328863620758,0.8064558207988739,-7.797689441686803,8.759078148847752
p560,process,,17,pre,odor,2.0,-0.6858810484409332,-0.6858810484409332,-0.9017003327608109,-0.4700617641210556,-6.170369073607056,4.79860697672519
p560,process,,32,pre,odor,2.0,0.9093687236309052,0.9093687236309052,0.8682451099157333,0.950492337346077,-0.13568138708176436,1.9544188343435747
p560,process,,30,pre,odor,2.0,0.1315796710550785,0.1315796710550785,0.011114051565527916,0.2520452905446291,-2.9297419787536136,3.1929013208637707
p560,process,,40,pre,odor,2.0,-0.05794379115104675,-0.05794379115104675,-0.20490090548992157,0.08901332318782806,-3.7924781556054015,3.676590573303308
p560,process,,3,pre,odor,2.0,0.5350700318813324,0.5350700318813324,0.4499601274728775,0.6201799362897873,-1.6277777090988375,2.6979177728615023
p560,process,,2,pre,odor,2.0,1.0184813737869263,1.0184813737869263,0.7011399865150452,1.3358227610588074,-7.04592790208952,9.082890649663373
p560,process,,1,pre,odor,2.0,0.47865821421146393,0.47865821421146393,0.4192616865038872,0.5380547419190407,-1.0307506691292223,1.9880670975521502
p560,process,,4,pre,odor,2.0,0.9112029671669006,0.9112029671669006,0.18629643321037292,1.6361095011234283,-17.510418702917928,19.33282463725173
p560,process,,31,pre,odor,2.0,0.11919717490673065,0.11919717490673065,0.05327676981687546,0.18511757999658585,-1.5559991518198144,1.7943935016332757
p560,process,,21,pre,odor,2.0,0.15966258943080902,0.15966258943080902,0.043338485062122345,0.2759866937994957,-2.796413182290563,3.115738361152181
p560,process,,12,pre,odor,2.0,0.5075141191482544,0.5075141191482544,0.05438190698623657,0.9606463313102722,-11.00766720142444,12.022695439720948
p560,process,,22,pre,odor,2.0,0.8014841873664409,0.8014841873664409,0.40303266036789864,1.1999357143649831,-9.32412917160339,10.927097546336272
p560,process,,10,pre,odor,2.0,1.556181162595749,1.556181162595749,1.1358462125062943,1.9765161126852036,-9.125542704617017,12.237905029808514
p560,process,,0,pre,odor,2.0,-0.5000616535544395,-0.5000616535544395,-0.6575414948165417,-0.3425818122923374,-4.502003863347562,3.5018805562386826
p560,process,,18,pre,odor,2.0,-0.1293921321630478,-0.1293921321630478,-0.3895639404654503,0.1307796761393547,-6.74098465790529,6.482200393579195
p560,process,,12,post,odor,2.0,0.26195380091667175,0.26195380091667175,0.22885875403881073,0.2950488477945328,-0.5790710818501308,1.1029786836834743
p560,process,,18,post,odor,2.0,0.180541530251503,0.180541530251503,-0.00225646048784256,0.36333952099084854,-4.464795861139478,4.8258789216424836
p560,process,,40,post,odor,2.0,0.0959530621767044,0.0959530621767044,-0.07651237398386002,0.26841849833726883,-4.286809221362891,4.4787153457163
p560,process,,32,post,odor,2.0,0.02237768960185349,0.02237768960185349,0.008776953327469528,0.03597842587623745,-0.3232497897282274,0.36800516893193436
p560,process,,31,post,odor,2.0,0.35605184733867645,0.35605184733867645,0.2680639699101448,0.4440397247672081,-1.879932122478058,2.592035817155411
p560,process,,0,post,odor,2.0,0.10637517645955086,0.10637517645955086,0.09533864818513393,0.11741170473396778,-0.17408959920309364,0.38683995212219535
p560,process,,4,post,odor,2.0,0.16385944187641144,0.16385944187641144,0.10436002165079117,0.2233588621020317,-1.3481641882644377,1.6758830720172606
p560,process,,2,post,odor,2.0,-0.16330520063638687,-0.16330520063638687,-0.16395236179232597,-0.16265803948044777,-0.1797511249257103,-0.14685927634706344
p560,process,,3,post,odor,2.0,-0.1499134860932827,-0.1499134860932827,-0.17150158993899822,-0.12832538224756718,-0.6985192207522061,0.3986922485656407
p560,process,,21,post,odor,2.0,-0.16342629119753838,-0.16342629119753838,-0.21157067082822323,-0.11528191156685352,-1.386890980164739,1.0600383977696624
p560,process,,1,post,odor,2.0,-0.10279035195708275,-0.10279035195708275,-0.21175372414290905,0.006173020228743553,-2.8718121834313064,2.666231479517141
p560,process,,22,post,odor,2.0,0.14534543827176094,0.14534543827176094,0.12346363626420498,0.1672272402793169,-0.4107238743371281,0.70141475088065
p560,process,,10,post,odor,1.0,0.2611754536628723,0.2611754536628723,0.2611754536628723,0.2611754536628723,,
p560,process,,30,post,odor,2.0,-0.11293494328856468,-0.11293494328856468,-0.1588094886392355,-0.06706039793789387,-1.2787176740976733,1.052847787520544
p560,process,,17,post,odor,2.0,0.22269928082823753,0.22269928082823753,0.07263552583754063,0.37276303581893444,-3.5907823079536665,4.036180869610142
p560,process,,39,post,odor,2.0,-0.0939214751124382,-0.0939214751124382,-0.20363516733050346,0.01579221710562706,-2.882010746481225,2.6941677962563486
p578,process,,39,pre,odor,2.0,1.035368174314499,1.035368174314499,0.8201181441545486,1.2506182044744492,-4.434653731045713,6.505390079674711
p578,process,,17,pre,odor,2.0,-0.05732995271682739,-0.05732995271682739,-0.38314327597618103,0.26848337054252625,-8.337031534930459,8.222371629496804
p578,process,,32,pre,odor,2.0,6.645823001861572,6.645823001861572,5.957703351974487,7.333942651748657,-10.84095530703873,24.132601310761874
p578,process,,30,pre,odor,2.0,4.685633182525635,4.685633182525635,4.425449848175049,4.945816516876221,-1.9262522478726432,11.297518612923913
p578,process,,40,pre,odor,2.0,1.2296050488948822,1.2296050488948822,0.9168839007616043,1.54232619702816,-6.717392818131205,9.17660291592097
p578,process,,3,pre,odor,2.0,2.097375273704529,2.097375273704529,1.5613601803779602,2.6333903670310974,-11.524059761269804,15.718810308678862
p578,process,,2,pre,odor,2.0,2.135562539100647,2.135562539100647,1.977166473865509,2.293958604335785,-1.889663129463643,6.160788207664937
p578,process,,1,pre,odor,2.0,1.3478857278823853,1.3478857278823853,1.2666524052619934,1.429119050502777,-0.7164487293464745,3.412220185111245
p578,process,,4,pre,odor,2.0,1.6712325662374496,1.6712325662374496,0.9802850857377052,2.362180046737194,-15.887407732110198,19.229872864585097
p578,process,,31,pre,odor,2.0,5.155641078948975,5.155641078948975,4.752888202667236,5.558393955230713,-5.079279929289033,15.390562087186982
p578,process,,21,pre,odor,2.0,2.3973649740219116,2.3973649740219116,2.2816259264945984,2.513104021549225,-0.543843093681879,5.338573041725702
p578,process,,12,pre,odor,2.0,1.6065344959497452,1.6065344959497452,0.9738580211997032,2.239210970699787,-14.471299143920838,17.68436813582033
p578,process,,22,pre,odor,2.0,3.7293869256973267,3.7293869256973267,2.908838450908661,4.549935400485992,-17.122726907544003,24.581500758938656
p578,process,,10,pre,odor,2.0,3.1219005584716797,3.1219005584716797,2.112680435180664,4.131120681762695,-22.524814462334536,28.768615579277895
p578,process,,0,pre,odor,2.0,0.2550034876912832,0.2550034876912832,0.1465875143185258,0.36341946106404066,-2.500107621000557,3.0101145963831235
p578,process,,18,pre,odor,2.0,0.2887229025363922,0.2887229025363922,-0.005293115973472595,0.582738921046257,-7.182932551266149,7.760378356338934
p578,process,,12,post,odor,2.0,0.07734029926359653,0.07734029926359653,0.029773465357720852,0.12490713316947222,-1.1314475612557486,1.2861281597829417
p578,process,,18,post,odor,2.0,0.39542771875858307,0.39542771875858307,0.3671724274754524,0.4236830100417137,-0.3226073130888373,1.1134627506060033
p578,process,,40,post,odor,2.0,0.2731269896030426,0.2731269896030426,0.2705695480108261,0.2756844311952591,0.20813623666001993,0.3381177425460653
p578,process,,32,post,odor,2.0,0.00646045058965683,0.00646045058965683,-0.06078288331627846,0.07370378449559212,-1.7023546849138858,1.7152755860931994
p578,process,,31,post,odor,2.0,-0.009041622281074524,-0.009041622281074524,-0.10230207443237305,0.084218829870224,-2.3790144199263197,2.3609311753641706
p578,process,,0,post,odor,2.0,0.2763538025319576,0.2763538025319576,0.19133802689611912,0.36136957816779613,-1.884101899535355,2.43680950459927
p578,process,,4,post,odor,2.0,-0.06527021713554859,-0.06527021713554859,-0.12155319843441248,-0.008987235836684704,-1.4955563842268607,1.3650159499557635
p578,process,,2,post,odor,2.0,-0.25559117645025253,-0.25559117645025253,-0.4374469332396984,-0.07373541966080666,-4.8769841328876335,4.3658017799871285
p578,process,,3,post,odor,2.0,0.3729040175676346,0.3729040175676346,0.3025287613272667,0.44327927380800247,-1.4155008107341058,2.161308845869375
p578,process,,21,post,odor,2.0,2.7015647888183594,2.7015647888183594,2.50877583026886,2.894353747367859,-2.197667167589316,7.6007967452260345
p578,process,,1,post,odor,2.0,0.33461254835128784,0.33461254835128784,0.3027442842721939,0.3664808124303818,-0.4752368275996106,1.1444619243021863
p578,process,,22,post,odor,2.0,0.40883491188287735,0.40883491188287735,0.24194034561514854,0.5757294781506062,-3.8323581448227966,4.650027968588551
p578,process,,10,post,odor,1.0,0.17708314955234528,0.17708314955234528,0.17708314955234528,0.17708314955234528,,
p578,process,,30,post,odor,2.0,0.09119400940835476,0.09119400940835476,0.06463638041168451,0.117751638405025,-0.583699333269769,0.7660873520864785
p578,process,,17,post,odor,2.0,0.20216885209083557,0.20216885209083557,0.18942590057849884,0.2149118036031723,-0.12166024962695932,0.5259979538086305
p578,process,,39,post,odor,2.0,-0.026085689663887024,-0.026085689663887024,-0.1848721131682396,0.13270073384046555,-4.0612313024063775,4.0090599230786035
p597,process,,39,pre,odor,2.0,-0.35925381630659103,-0.35925381630659103,-0.4522050879895687,-0.26630254462361336,-2.7213695932900146,2.0028619606768325
p597,process,,17,pre,odor,2.0,-0.23003651201725006,-0.23003651201725006,-0.5193695202469826,0.05929649621248245,-7.582685391017848,7.122612366983348
p597,process,,32,pre,odor,2.0,1.5448935627937317,1.5448935627937317,1.3136481940746307,1.7761389315128326,-4.331608435680477,7.42139556126794
p597,process,,30,pre,odor,2.0,1.0264884531497955,1.0264884531497955,0.6850913614034653,1.3678855448961258,-7.649234234977179,9.70221114127677
p597,process,,40,pre,odor,2.0,0.3090012175962329,0.3090012175962329,0.142455801833421,0.4755466333590448,-3.923319083511015,4.541321518703481
p597,process,,3,pre,odor,2.0,0.2197350561618805,0.2197350561618805,-0.19992466270923615,0.6393947750329971,-10.444829558841965,10.884299671165726
p597,process,,2,pre,odor,2.0,0.9114498496055603,0.9114498496055603,0.7106644213199615,1.112235277891159,-4.190991670069118,6.0138913692802385
p597,process,,1,pre,odor,2.0,0.49533116817474365,0.49533116817474365,0.4547238349914551,0.5359385013580322,-0.5365990102591065,1.5272613466085938
p597,process,,4,pre,odor,2.0,0.707540288567543,0.707540288567543,0.1446516141295433,1.2704289630055428,-13.59681719359887,15.011897770733956
p597,process,,31,pre,odor,2.0,1.077198714017868,1.077198714017868,0.9375296980142593,1.2168677300214767,-2.4721275112659553,4.626524939301691
p597,process,,21,pre,odor,2.0,-0.18440881883725524,-0.18440881883725524,-0.28232953208498657,-0.08648810558952391,-2.672810079713111,2.3039924420386004
p597,process,,12,pre,odor,2.0,0.29781636595726013,0.29781636595726013,-0.1070273369550705,0.7026600688695908,-9.990237584753052,10.585870316667572
p597,process,,22,pre,odor,2.0,0.9138826876878738,0.9138826876878738,0.6118641421198845,1.2159012332558632,-6.761136260529283,8.588901635905032
p597,process,,10,pre,odor,2.0,2.3735543489456177,2.3735543489456177,1.8303747773170471,2.9167339205741882,-11.429947342294952,16.177056040186187
p597,process,,0,pre,odor,2.0,-0.3140798807144165,-0.3140798807144165,-0.39135409891605377,-0.23680566251277924,-2.2778039553100964,1.6496441938812636
p597,process,,18,pre,odor,2.0,-0.1856721043586731,-0.1856721043586731,-0.42251384258270264,0.051169633865356445,-6.204391336250695,5.833047127533349
p597,process,,12,post,odor,2.0,0.20233698934316635,0.20233698934316635,0.18317825719714165,0.22149572148919106,-0.2845325569226765,0.6892065356090091
p597,process,,18,post,odor,2.0,0.4554027281701565,0.4554027281701565,0.2761105839163065,0.6346948724240065,-4.100842656784213,5.011648113124526
p597,process,,40,post,odor,2.0,-0.19783813506364822,-0.19783813506364822,-0.40843433514237404,0.012758065015077591,-5.549595004785047,5.153918734657751
p597,process,,32,post,odor,2.0,-0.026977811008691788,-0.026977811008691788,-0.07224978692829609,0.018294164910912514,-1.1774478007000173,1.1234921786826337
p597,process,,31,post,odor,2.0,-0.2446504347026348,-0.2446504347026348,-0.32038759253919125,-0.16891327686607838,-2.1693141019171622,1.6800132325118926
p597,process,,0,post,odor,2.0,0.01904870569705963,0.01904870569705963,0.01784981880337,0.020247592590749264,-0.011417898956414319,0.04951531035053358
p597,process,,4,post,odor,2.0,-0.16798234079033136,-0.16798234079033136,-0.26387110399082303,-0.0720935775898397,-2.6047468550383734,2.2687821734577107
p597,process,,2,post,odor,2.0,-0.19452205300331116,-0.19452205300331116,-0.20305033028125763,-0.18599377572536469,-0.41124612728422016,0.022202021277597822
p597,process,,3,post,odor,2.0,-0.2579928785562515,-0.2579928785562515,-0.3033707067370415,-0.21261505037546158,-1.411152829252401,0.8951670721398979
p597,process,,21,post,odor,2.0,0.13021138310432434,0.13021138310432434,-0.06821851432323456,0.32864128053188324,-4.912370421881091,5.17279318808974
p597,process,,1,post,odor,2.0,0.08118592947721481,0.08118592947721481,-0.056904520839452744,0.21927637979388237,-3.4280251381910603,3.59039699714549
p597,process,,22,post,odor,2.0,0.25361747294664383,0.25361747294664383,0.19758955761790276,0.3096453882753849,-1.170186853269445,1.6774217991627327
p597,process,,10,post,odor,1.0,-0.09820497781038284,-0.09820497781038284,-0.09820497781038284,-0.09820497781038284,,
p597,process,,30,post,odor,2.0,-0.13511797413229942,-0.13511797413229942,-0.14179055951535702,-0.12844538874924183,-0.3046844461257723,0.03444849786117343
p597,process,,17,post,odor,2.0,0.3693903535604477,0.3693903535604477,0.2848671153187752,0.4539135918021202,-1.778548786565875,2.5173294936867703
p597,process,,39,post,odor,2.0,0.4130285531282425,0.4130285531282425,0.3261254355311394,0.4999316707253456,-1.7953890556730734,2.6214461619295584
p616,process,,39,pre,odor,2.0,-0.14276017248630524,-0.14276017248630524,-0.17661118507385254,-0.10890915989875793,-1.0029959654147107,0.7174756204421002
p616,process,,17,pre,odor,2.0,-1.009834237396717,-1.009834237396717,-1.3964159227907658,-0.6232525520026684,-10.83380632114123,8.814137846347796
p616,process,,32,pre,odor,2.0,3.052369236946106,3.052369236946106,2.6147508025169373,3.4899876713752747,-8.06856961141641,14.173308085308621
p616,process,,30,pre,odor,2.0,2.5572673678398132,2.5572673678398132,2.205002576112747,2.9095321595668793,-6.394629762220264,11.50916449789989
p616,process,,40,pre,odor,2.0,0.0542435348033905,0.0542435348033905,-0.15793243050575256,0.26641950011253357,-5.337658975823552,5.446146045430333
p616,process,,3,pre,odor,2.0,0.5499323308467865,0.5499323308467865,0.1105351597070694,0.9893295019865036,-10.616208503147686,11.716073164841259
p616,process,,2,pre,odor,2.0,0.7913345694541931,0.7913345694541931,0.7382221221923828,0.8444470167160034,-0.5583806884414924,2.1410498273498786
p616,process,,1,pre,odor,2.0,0.22107557207345963,0.22107557207345963,0.1335158906877041,0.30863525345921516,-2.0040269045698085,2.4461780487167277
p616,process,,4,pre,odor,2.0,0.6304235365241766,0.6304235365241766,0.3013326982036233,0.9595143748447299,-7.732567600476454,8.993414673524807
p616,process,,31,pre,odor,2.0,2.894401431083679,2.894401431083679,2.710738956928253,3.0780639052391052,-1.7729045668587933,7.561707429026152
p616,process,,21,pre,odor,2.0,-0.05306918919086456,-0.05306918919086456,-0.14249738305807114,0.03635900467634201,-2.3256550701169623,2.219516691735233
p616,process,,12,pre,odor,2.0,0.36073150113224983,0.36073150113224983,0.13290282897651196,0.5885601732879877,-5.428944005231006,6.150407007495506
p616,process,,22,pre,odor,2.0,1.1935771256685257,1.1935771256685257,0.840730182826519,1.5464240685105324,-7.773113866899207,10.160268118236258
p616,process,,10,pre,odor,2.0,1.816894143819809,1.816894143819809,1.2980529218912125,2.3357353657484055,-11.368111438963787,15.001899726603405
p616,process,,0,pre,odor,2.0,-0.743566244840622,-0.743566244840622,-0.9319870322942734,-0.5551454573869705,-5.531792448715325,4.044659959034081
p616,process,,18,pre,odor,2.0,-0.5498543083667755,-0.5498543083667755,-0.9778005033731461,-0.12190811336040497,-11.424998248002543,10.325289631268992
p616,process,,12,post,odor,2.0,0.15999412164092064,0.15999412164092064,0.11129678227007389,0.2086914610117674,-1.0775226066649979,1.3975108499468392
p616,process,,18,post,odor,2.0,0.02267663273960352,0.02267663273960352,0.0020832172594964504,0.04327004821971059,-0.5006516738750959,0.5460049393543029
p616,process,,40,post,odor,2.0,-0.04155919514596462,-0.04155919514596462,-0.08002894278615713,-0.003089447505772114,-1.0191681744764831,0.936049784184554
p616,process,,32,post,odor,2.0,-0.045081157237291336,-0.045081157237291336,-0.04683527909219265,-0.04332703538239002,-0.08965762007844055,-0.0005046943961421191
p616,process,,31,post,odor,2.0,-0.13262160122394562,-0.13262160122394562,-0.1448517069220543,-0.12039149552583694,-0.4434180551143967,0.17817485266650546
p616,process,,0,post,odor,2.0,-0.14335272274911404,-0.14335272274911404,-0.1885202256962657,-0.09818521980196238,-1.2911678024856799,1.0044623569874518
p616,process,,4,post,odor,2.0,-0.14454506011679769,-0.14454506011679769,-0.21456675813533366,-0.07452336209826171,-1.9239651221130296,1.6348750018794342
p616,process,,2,post,odor,2.0,0.01673054974526167,0.01673054974526167,0.00042783329263329506,0.03303326619789004,-0.3975607562605378,0.4310218557510611
p616,process,,3,post,odor,2.0,0.2271407414227724,0.2271407414227724,0.13169903587549925,0.32258244697004557,-2.198262960683933,2.652544443529478
p616,process,,21,post,odor,2.0,0.329206719994545,0.329206719994545,0.3111044242978096,0.34730901569128036,-0.1308162306404428,0.7892296706295328
p616,process,,1,post,odor,2.0,0.2761441841721535,0.2761441841721535,0.1674569509923458,0.38483141735196114,-2.485860289809837,3.038148658154144
p616,process,,22,post,odor,2.0,0.0830898005515337,0.0830898005515337,0.06880650948733091,0.09737309161573648,-0.2798830405847365,0.4460626416878039
p616,process,,10,post,odor,1.0,0.0470447912812233,0.0470447912812233,0.0470447912812233,0.0470447912812233,,
p616,process,,30,post,odor,2.0,0.12325376644730568,0.12325376644730568,0.11653378419578075,0.1299737486988306,-0.04751717417536608,0.2940247070699774
p616,process,,17,post,odor,2.0,0.2665097042918205,0.2665097042918205,0.24563804641366005,0.287381362169981,-0.26388941207478056,0.7969088206584216
p616,process,,39,post,odor,2.0,0.11949663795530796,0.11949663795530796,0.054162479005753994,0.18483079690486193,-1.5408017618023178,1.7797950377129337
p635,process,,39,pre,odor,2.0,0.2999451532959938,0.2999451532959938,0.18661132082343102,0.4132789857685566,-2.5801406045674193,3.180030911159407
p635,process,,17,pre,odor,2.0,0.05126428231596947,0.05126428231596947,0.02368464134633541,0.07884392328560352,-0.6496008471047542,0.7521294117366931
p635,process,,32,pre,odor,2.0,0.7822297513484955,0.7822297513484955,0.6717345267534256,0.8927249759435654,-2.025720140800632,3.5901796434976228
p635,process,,30,pre,odor,2.0,0.8827892243862152,0.8827892243862152,0.8740685433149338,0.8915099054574966,0.661175706125045,1.1044027426473855
p635,process,,40,pre,odor,2.0,0.03426800714805722,0.03426800714805722,0.009891957743093371,0.05864405655302107,-0.5851861416491028,0.6537221559452172
p635,process,,3,pre,odor,2.0,0.6815837919712067,0.6815837919712067,0.6027723997831345,0.7603951841592789,-1.321203577398002,2.6843711613404153
p635,process,,2,pre,odor,2.0,0.305951826274395,0.305951826274395,0.1105692870914936,0.5013343654572964,-4.659189263188843,5.271092915737633
p635,process,,1,pre,odor,2.0,0.519947737455368,0.519947737455368,0.4890911132097244,0.5508043617010117,-0.2641934328093516,1.3040889077200877
p635,process,,4,pre,odor,2.0,0.6719264090061188,0.6719264090061188,0.6568581312894821,0.6869946867227554,0.2890051656278702,1.0548476523843673
p635,process,,31,pre,odor,2.0,1.6329597234725952,1.6329597234725952,1.550534725189209,1.7153847217559814,-0.46165808366251104,3.7275775306077015
p635,process,,21,pre,odor,2.0,2.0490809082984924,2.0490809082984924,1.5313591659069061,2.5668026506900787,-11.107476002094685,15.20563781869167
p635,process,,12,pre,odor,2.0,0.621656522154808,0.621656522154808,0.4766157940030098,0.7666972503066063,-3.064177851806402,4.307490896116018
p635,process,,22,pre,odor,2.0,1.251621425151825,1.251621425151825,1.195476919412613,1.307765930891037,-0.1751457443157014,2.678388594619351
p635,process,,10,pre,odor,2.0,1.0542254149913788,1.0542254149913788,0.9859790354967117,1.1224717944860458,-0.6800795257324492,2.788530355715207
p635,process,,0,pre,odor,2.0,0.3160625249147415,0.3160625249147415,0.23774335533380508,0.39438169449567795,-1.6742162820103856,2.3063413318398687
p635,process,,18,pre,odor,2.0,0.31202323734760284,0.31202323734760284,0.276788167655468,0.3472583070397377,-0.5833847814556957,1.2074312561509015
p635,process,,12,post,odor,2.0,0.05982054956257343,0.05982054956257343,0.05712370481342077,0.0625173943117261,-0.00871277348624934,0.1283538726113962
p635,process,,18,post,odor,2.0,0.2612656429409981,0.2612656429409981,0.1901000253856182,0.33243126049637794,-1.5472241707289311,2.0697554566109275
p635,process,,40,post,odor,2.0,0.03165928274393082,0.03165928274393082,-0.030233491212129593,0.09355205669999123,-1.541185232407038,1.6045037978948997
p635,process,,32,post,odor,2.0,-0.028827860951423645,-0.028827860951423645,-0.16257036477327347,0.10491464287042618,-3.4275471319295243,3.369891410026677
p635,process,,31,post,odor,2.0,-0.006617099046707153,-0.006617099046707153,-0.05878928303718567,0.04555508494377136,-1.3324380016794983,1.319203803586084
p635,process,,0,post,odor,2.0,0.15298843756318092,0.15298843756318092,0.09842798672616482,0.20754888840019703,-1.2335240801030602,1.539500955229422
p635,process,,4,post,odor,2.0,0.08582355920225382,0.08582355920225382,0.04755416279658675,0.12409295560792089,-0.8866940125182136,1.058341130922721
p635,process,,2,post,odor,2.0,0.0983969196677208,0.0983969196677208,0.0865541361272335,0.11023970320820808,-0.20255674495554182,0.3993505842909834
p635,process,,3,post,odor,2.0,0.43984776735305786,0.43984776735305786,0.38704580068588257,0.49264973402023315,-0.901977430538544,1.7816729652446597
p635,process,,21,post,odor,2.0,3.0318708419799805,3.0318708419799805,3.00686514377594,3.056876540184021,2.3964158000769107,3.6673258838830503
p635,process,,1,post,odor,2.0,-0.07837926736101508,-0.07837926736101508,-0.12327333982102573,-0.033485194901004434,-1.2192458195961295,1.0624872848740994
p635,process,,22,post,odor,2.0,0.44152236729860306,0.44152236729860306,0.2762548141181469,0.6067899204790592,-3.758324366616427,4.641369101213633
p635,process,,10,post,odor,1.0,-0.36108461022377014,-0.36108461022377014,-0.36108461022377014,-0.36108461022377014,,
p635,process,,30,post,odor,2.0,0.7790234088897705,0.7790234088897705,0.7567196488380432,0.8013271689414978,0.2122311256822479,1.3458156920972932
p635,process,,17,post,odor,2.0,-0.17633278667926788,-0.17633278667926788,-0.19181764125823975,-0.16084793210029602,-0.5698402518598852,0.21717467850134942
p635,process,,39,post,odor,2.0,0.18011505529284477,0.18011505529284477,0.12780060060322285,0.2324295099824667,-1.1493212886024962,1.5095513991881857
p654,process,,39,pre,odor,2.0,0.0768666211515665,0.0768666211515665,0.06619260367006063,0.08754063863307238,-0.19438588180347627,0.3481191241066093
p654,process,,17,pre,odor,2.0,-0.007471233606338501,-0.007471233606338501,-0.313523069024086,0.298580601811409,-7.784985795006221,7.770043327793544
p654,process,,32,pre,odor,2.0,0.6576598882675171,0.6576598882675171,0.5917892456054688,0.7235305309295654,-1.0162718552672618,2.3315916318022962
p654,process,,30,pre,odor,2.0,0.10577620565891266,0.10577620565891266,-0.13984502106904984,0.35139743238687515,-6.136050983052837,6.347603394370663
p654,process,,40,pre,odor,2.0,0.1438213735818863,0.1438213735818863,0.021811552345752716,0.26583119481801987,-2.95674216331889,3.2443849104826628
p654,process,,3,pre,odor,2.0,0.4533194303512573,0.4533194303512573,0.17760461568832397,0.7290342450141907,-6.553258337456126,7.45989719815864
p654,process,,2,pre,odor,2.0,0.41202718019485474,0.41202718019485474,0.3484485149383545,0.475605845451355,-1.203659895008763,2.0277142553984726
p654,process,,1,pre,odor,2.0,0.23291077837347984,0.23291077837347984,0.14121592976152897,0.3246056269854307,-2.0972762610585036,2.5630978178054633
p654,process,,4,pre,odor,2.0,0.11119180917739868,0.11119180917739868,-0.20305243134498596,0.4254360496997833,-7.874511505304887,8.096895123659685
p654,process,,31,pre,odor,2.0,0.16241076216101646,0.16241076216101646,0.06398863531649113,0.2608328890055418,-2.338732626351572,2.663554150673605
p654,process,,21,pre,odor,2.0,-0.12809516722336411,-0.12809516722336411,-0.1866622578818351,-0.06952807656489313,-1.6164260566406374,1.3602357221939092
p654,process,,12,pre,odor,2.0,0.054302915930747986,0.054302915930747986,-0.20471590012311935,0.3133217319846153,-6.527989298673274,6.63659513053477
p654,process,,22,pre,odor,2.0,0.43661735486239195,0.43661735486239195,0.23349708365276456,0.6397376260720193,-4.72515814925132,5.598392858976104
p654,process,,10,pre,odor,2.0,1.104031503200531,1.104031503200531,0.8632524311542511,1.344810575246811,-5.014744868011848,7.22280787441291
p654,process,,0,pre,odor,2.0,-0.1834981208667159,-0.1834981208667159,-0.28708848683163524,-0.07990775490179658,-2.815978918157771,2.448982676424339
p654,process,,18,pre,odor,2.0,-0.45395131409168243,-0.45395131409168243,-0.5274230912327766,-0.3804795369505882,-2.3210461994623675,1.4131435712790028
p654,process,,12,post,odor,2.0,0.2143518328666687,0.2143518328666687,0.2100633904337883,0.2186402752995491,0.10537217776371376,0.32333148796962363
p654,process,,18,post,odor,2.0,0.08755193650722504,0.08755193650722504,0.06171242892742157,0.1133914440870285,-0.5690922106746164,0.7441960836890664
p654,process,,40,post,odor,2.0,0.20069791749119759,0.20069791749119759,0.1517836283892393,0.24961220659315586,-1.0423320262166431,1.4437278611990383
p654,process,,32,post,odor,2.0,0.4526997208595276,0.4526997208595276,0.42643699049949646,0.4789624512195587,-0.21469953691148524,1.1200989786305404
p654,process,,31,post,odor,2.0,0.11879399418830872,0.11879399418830872,0.1027931347489357,0.13479485362768173,-0.28782639779454516,0.5254143861711627
p654,process,,0,post,odor,2.0,0.3031407352536917,0.3031407352536917,0.16198017541319132,0.44430129509419203,-3.2840892127591816,3.890370683266565
p654,process,,4,post,odor,2.0,0.010522058233618736,0.010522058233618736,-0.014675588347017765,0.03571970481425524,-0.6298108544130604,0.6508549708802979
p654,process,,2,post,odor,2.0,0.2679057791829109,0.2679057791829109,0.20174473151564598,0.33406682685017586,-1.413405855257252,1.9492174136230738
p654,process,,3,post,odor,2.0,0.18452269583940506,0.18452269583940506,0.1726517640054226,0.19639362767338753,-0.11714628474410488,0.486191676422915
p654,process,,21,post,odor,2.0,0.34137406013906,0.34137406013906,0.19398376438766718,0.48876435589045286,-3.404168487746013,4.086916608024133
p654,process,,1,post,odor,2.0,0.24165748059749603,0.24165748059749603,0.2401198297739029,0.24319513142108917,0.2025820682428519,0.28073289295214016
p654,process,,22,post,odor,2.0,0.2127559632062912,0.2127559632062912,0.01795307546854019,0.4075588509440422,-4.737654786381547,5.163166712794129
p654,process,,10,post,odor,1.0,0.015065381303429604,0.015065381303429604,0.015065381303429604,0.015065381303429604,,
p654,process,,30,post,odor,2.0,-0.20578107051551342,-0.20578107051551342,-0.2820747038349509,-0.12948743719607592,-2.144586120562338,1.7330239795313112
p654,process,,17,post,odor,2.0,0.17351045086979866,0.17351045086979866,0.1371325757354498,0.20988832600414753,-0.7509390077782718,1.0979599095178691
p654,process,,39,post,odor,2.0,0.054640114307403564,0.054640114307403564,-0.1327977031469345,0.24207793176174164,-4.708606453445712,4.817886682060519
p673,process,,39,pre,odor,2.0,0.10602551512420177,0.10602551512420177,0.024667722173035145,0.1873833080753684,-1.9614720331174649,2.1735230633658684
p673,process,,17,pre,odor,2.0,-0.1667359545826912,-0.1667359545826912,-0.37024444714188576,0.03677253797650337,-5.338377098597512,5.0049051894321295
p673,process,,32,pre,odor,2.0,1.0327965021133423,1.0327965021133423,0.9014757871627808,1.1641172170639038,-2.3043792784120014,4.369972282638686
p673,process,,30,pre,odor,2.0,0.06784743070602417,0.06784743070602417,-0.24665585160255432,0.38235071301460266,-7.924438759717468,8.060133621129516
p673,process,,40,pre,odor,2.0,-0.048817381262779236,-0.048817381262779236,-0.13550449907779694,0.037869736552238464,-2.2517459151558024,2.154111152630244
p673,process,,3,pre,odor,2.0,0.2246617078781128,0.2246617078781128,0.03112277388572693,0.41820064187049866,-4.693628931578396,5.142952347334622
p673,process,,2,pre,odor,2.0,0.5257144570350647,0.5257144570350647,0.5228548049926758,0.5285741090774536,0.45304380838543734,0.598385105684692
p673,process,,1,pre,odor,2.0,-0.030047034844756126,-0.030047034844756126,-0.05675216671079397,-0.003341902978718281,-0.7086887808375958,0.6485947111480835
p673,process,,4,pre,odor,2.0,0.3524646833539009,0.3524646833539009,0.21027426049113274,0.4946551062166691,-3.260936565481274,3.9658659321890757
p673,process,,31,pre,odor,2.0,0.185404492309317,0.185404492309317,0.08920316828880459,0.2816058163298294,-2.259302945482105,2.630111930100739
p673,process,,21,pre,odor,2.0,0.04651469737291336,0.04651469737291336,0.0033445991575717926,0.08968479558825493,-1.0505415154368862,1.143570910182713
p673,process,,12,pre,odor,2.0,-0.004028722643852234,-0.004028722643852234,-0.23033904284238815,0.22228159755468369,-5.755119247347549,5.747061802059845
p673,process,,22,pre,odor,2.0,0.2445500772446394,0.2445500772446394,0.09850738663226366,0.39059276785701513,-3.4667465770406887,3.9558467315299675
p673,process,,10,pre,odor,2.0,0.8437374532222748,0.8437374532222748,0.6757744699716568,1.0117004364728928,-3.424606653339791,5.1120815597843405
p673,process,,0,pre,odor,2.0,-0.4344015046954155,-0.4344015046954155,-0.5921567939221859,-0.2766462154686451,-4.443343510955013,3.574540501564182
p673,process,,18,pre,odor,2.0,-0.049564311280846596,-0.049564311280846596,-0.09108527470380068,-0.008043347857892513,-1.1047120354713975,1.0055834129097043
p673,process,,12,post,odor,2.0,-0.09325603395700455,-0.09325603395700455,-0.22262199595570564,0.03610992804169655,-3.3807568320523873,3.194244764138378
p673,process,,18,post,odor,2.0,0.4611092507839203,0.4611092507839203,0.36972467601299286,0.5524938255548477,-1.8611929827514166,2.7834114843192572
p673,process,,40,post,odor,2.0,0.015988763887435198,0.015988763887435198,0.005329479230567813,0.026648048544302583,-0.25488934249521006,0.28686687027008045
p673,process,,32,post,odor,2.0,0.241920106112957,0.241920106112957,0.22067423537373543,0.2631659768521786,-0.29798866070874797,0.781828872934662
p673,process,,31,post,odor,2.0,0.10183532908558846,0.10183532908558846,0.09416127391159534,0.10950938425958157,-0.09318090330932591,0.29685156148050285
p673,process,,0,post,odor,2.0,-0.057344187051057816,-0.057344187051057816,-0.14408556558191776,0.02939719147980213,-2.261651616473327,2.1469632423712115
p673,process,,4,post,odor,2.0,-0.11151818558573723,-0.11151818558573723,-0.22661701403558254,0.0035806428641080856,-3.0364567439409034,2.813420372769429
p673,process,,2,post,odor,2.0,0.31025010347366333,0.31025010347366333,0.3009464293718338,0.31955377757549286,0.07382132760067892,0.5466788793466477
p673,process,,3,post,odor,2.0,0.19515640288591385,0.19515640288591385,0.14440732821822166,0.24590547755360603,-1.0944998629123135,1.4848126686841412
p673,process,,21,post,odor,2.0,-0.11785827111452818,-0.11785827111452818,-0.18746953224763274,-0.048247009981423616,-1.8868481429156214,1.651131600686565
p673,process,,1,post,odor,2.0,-0.033977193757891655,-0.033977193757891655,-0.07002272363752127,0.002068336121737957,-0.9499809587068441,0.8820265711910608
p673,process,,22,post,odor,2.0,0.3175631910562515,0.3175631910562515,0.31431376188993454,0.3208126202225685,0.2349873665304094,0.40013901558209364
p673,process,,10,post,odor,1.0,-0.3995552062988281,-0.3995552062988281,-0.3995552062988281,-0.3995552062988281,,
p673,process,,30,post,odor,2.0,0.1873055398464203,0.1873055398464203,0.05375802516937256,0.320853054523468,-3.2064585871413063,3.581069666834147
p673,process,,17,post,odor,2.0,0.16359014785848558,0.16359014785848558,0.08416468615178019,0.24301560956519097,-1.854802207562718,2.181982503279689
p673,process,,39,post,odor,2.0,0.13790684193372726,0.13790684193372726,-0.010457020252943039,0.28627070412039757,-3.6323763748531523,3.908190058720607
p692,process,,39,pre,odor,2.0,0.15257810056209564,0.15257810056209564,0.1408708170056343,0.16428538411855698,-0.14493218298360255,0.45008838410779384
p692,process,,17,pre,odor,2.0,0.08313668519258499,0.08313668519258499,-0.06292504444718361,0.2291984148323536,-3.6286437966528053,3.7949171670379753
p692,process,,32,pre,odor,2.0,0.7454499304294586,0.7454499304294586,0.6836773902177811,0.8072224706411362,-0.8243391555768593,2.3152390164357763
p692,process,,30,pre,odor,2.0,0.5325869619846344,0.5325869619846344,0.4607266038656235,0.6044473201036453,-1.2935578833653378,2.358731807334607
p692,process,,40,pre,odor,2.0,0.23795711994171143,0.23795711994171143,0.03879648447036743,0.4371177554130554,-4.823194499429395,5.299108739312818
p692,process,,3,pre,odor,2.0,0.20779574662446976,0.20779574662446976,0.18957575038075447,0.22601574286818504,-0.25521825850549085,0.6708097517544304
p692,process,,2,pre,odor,2.0,0.6522040367126465,0.6522040367126465,0.6422303318977356,0.6621777415275574,0.3987481659997883,0.9056599074255047
p692,process,,1,pre,odor,2.0,-0.08072714228183031,-0.08072714228183031,-0.10968920448794961,-0.05176508007571101,-0.8167229262273886,0.655268641663728
p692,process,,4,pre,odor,2.0,0.21796774864196777,0.21796774864196777,-0.06027492880821228,0.4962104260921478,-6.852849103404842,7.2887846006887775
p692,process,,31,pre,odor,2.0,0.5762946009635925,0.5762946009635925,0.5436610281467438,0.6089281737804413,-0.2530031140038983,1.4055923159310835
p692,process,,21,pre,odor,2.0,-0.15088765951804817,-0.15088765951804817,-0.22877974377479404,-0.07299557526130229,-2.1303131993052133,1.828537880269117
p692,process,,12,pre,odor,2.0,-0.1900409497320652,-0.1900409497320652,-0.24010619707405567,-0.13997570239007473,-1.4623195155211788,1.0822376160570484
p692,process,,22,pre,odor,2.0,0.235577754676342,0.235577754676342,0.15827946737408638,0.31287604197859764,-1.7287579737598835,2.1999134831125673
p692,process,,10,pre,odor,2.0,0.7554516196250916,0.7554516196250916,0.5876559317111969,0.9232473075389862,-3.508641109337346,5.019544348587529
p692,process,,0,pre,odor,2.0,0.17256294190883636,0.17256294190883636,0.0002971366047859192,0.3448287472128868,-4.205126240561711,4.550252124379384
p692,process,,18,pre,odor,2.0,0.18038339540362358,0.18038339540362358,0.12688869424164295,0.2338780965656042,-1.1790458551255927,1.5398126459328398
p692,process,,12,post,odor,2.0,0.37237341701984406,0.37237341701984406,0.3710557445883751,0.373691089451313,0.33888818564092854,0.40585864839875957
p692,process,,18,post,odor,2.0,0.041681764647364616,0.041681764647364616,0.002949965186417103,0.08041356410831213,-0.9425865828551547,1.025950112149884
p692,process,,40,post,odor,2.0,0.08566278219223022,0.08566278219223022,-0.016011208295822144,0.1873367726802826,-2.498118296777913,2.6694438611623736
p692,process,,32,post,odor,2.0,0.39027152583003044,0.39027152583003044,0.14069572277367115,0.6398473288863897,-5.9520509758286,6.732594027488661
p692,process,,31,post,odor,2.0,0.324032187461853,0.324032187461853,0.2461763620376587,0.40188801288604736,-1.6544719280255233,2.302536302949229
p692,process,,0,post,odor,2.0,0.501527950167656,0.501527950167656,0.3489500358700752,0.6541058644652367,-3.3758444843994977,4.378900384734809
p692,process,,4,post,odor,2.0,0.1586611494421959,0.1586611494421959,0.027384255081415176,0.2899380438029766,-3.177401044312318,3.4947233431967097
p692,process,,2,post,odor,2.0,-0.056038372218608856,-0.056038372218608856,-0.08484964445233345,-0.027227099984884262,-0.7882022196413485,0.6761254752041308
p692,process,,3,post,odor,2.0,-0.1836552917957306,-0.1836552917957306,-0.4411550313234329,0.07384444773197174,-6.727344111697012,6.360033528105551
p692,process,,21,post,odor,2.0,0.13246552646160126,0.13246552646160126,-0.1180558130145073,0.3829868659377098,-6.233885333866716,6.498816386789919
p692,process,,1,post,odor,2.0,0.6228301227092743,0.6228301227092743,0.6092603653669357,0.6363998800516129,0.2779898926853472,0.9676703527332013
p692,process,,22,post,odor,2.0,0.2193702906370163,0.2193702906370163,0.03247807174921036,0.40626250952482224,-4.530011302935859,4.968751884209891
p692,process,,10,post,odor,1.0,0.2821310758590698,0.2821310758590698,0.2821310758590698,0.2821310758590698,,
p692,process,,30,post,odor,2.0,0.11532031744718552,0.11532031744718552,-0.051684003323316574,0.2823246382176876,-4.128661865624397,4.359302500518768
p692,process,,17,post,odor,2.0,0.4467327408492565,0.4467327408492565,0.16257456131279469,0.7308909203857183,-6.774411272448684,7.667876754147197
p692,process,,39,post,odor,2.0,0.3268590122461319,0.3268590122461319,0.2521623745560646,0.4015556499361992,-1.5713625309415844,2.2250805554338484
p711,process,,39,pre,odor,2.0,-0.009436994791030884,-0.009436994791030884,-0.2869570702314377,0.2680830806493759,-7.061890788679942,7.04301679909788
p711,process,,17,pre,odor,2.0,0.18538673222064972,0.18538673222064972,-0.037464357912540436,0.4082378223538399,-5.477796421603419,5.848569886044719
p711,process,,32,pre,odor,2.0,0.8216087222099304,0.8216087222099304,0.6662212312221527,0.9769962131977081,-3.1271618256524762,4.770379270072337
p711,process,,30,pre,odor,2.0,-0.09602762758731842,-0.09602762758731842,-0.25730571895837784,0.065250463783741,-4.194492524427659,4.002437269253022
p711,process,,40,pre,odor,2.0,-0.05839607119560242,-0.05839607119560242,-0.17762118577957153,0.0608290433883667,-3.0881935023912,2.9714013599999953
p711,process,,3,pre,odor,2.0,0.4656287431716919,0.4656287431716919,0.41121870279312134,0.5200387835502625,-0.9170614823356071,1.848318968678991
p711,process,,2,pre,odor,2.0,0.6844963133335114,0.6844963133335114,0.64012311398983,0.7288695126771927,-0.4431335979863038,1.8121262246533265
p711,process,,1,pre,odor,2.0,0.2688598707318306,0.2688598707318306,0.2548100911080837,0.28290965035557747,-0.08817888206309576,0.625898623526757
p711,process,,4,pre,odor,2.0,0.29108673334121704,0.29108673334121704,-0.26253899931907654,0.8447124660015106,-13.777877079451597,14.360050546134032
p711,process,,31,pre,odor,2.0,0.5069240778684616,0.5069240778684616,0.4854382053017616,0.5284099504351616,-0.03908371366723673,1.0529318694041598
p711,process,,21,pre,odor,2.0,0.11964219063520432,0.11964219063520432,0.0076218582689762115,0.23166252300143242,-2.727064364684057,2.9663487459544657
p711,process,,12,pre,odor,2.0,-0.08951292186975479,-0.08951292186975479,-0.19179126992821693,0.012765426188707352,-2.6886521828868655,2.509626339147356
p711,process,,22,pre,odor,2.0,0.5516427680850029,0.5516427680850029,0.32867466285824776,0.774610873311758,-5.114514021211184,6.2177995573811895
p711,process,,10,pre,odor,2.0,1.027181327342987,1.027181327342987,0.7790823876857758,1.2752802670001984,-5.277610516881769,7.331973171567743
p711,process,,0,pre,odor,2.0,-0.10390518046915531,-0.10390518046915531,-0.17044092435389757,-0.03736943658441305,-1.7947387486155923,1.5869283876772817
p711,process,,18,pre,odor,2.0,-0.1749359667301178,-0.1749359667301178,-0.4766153246164322,0.1267433911561966,-7.841335338692574,7.491463405232339
p711,process,,12,post,odor,2.0,0.18262049555778503,0.18262049555778503,-0.03534732758998871,0.4005883187055588,-5.356467078070077,5.721708069185647
p711,process,,18,post,odor,2.0,-0.05357573926448822,-0.05357573926448822,-0.21559862047433853,0.10844714194536209,-4.170967540459028,4.063816061930051
p711,process,,40,post,odor,2.0,0.06374962674453855,0.06374962674453855,0.025803089840337634,0.10169616364873946,-0.9005633071226321,1.0280625606117093
p711,process,,32,post,odor,2.0,0.021595075726509094,0.021595075726509094,-0.11456281691789627,0.15775296837091446,-3.438505045045309,3.481695196498327
p711,process,,31,post,odor,2.0,0.09984451159834862,0.09984451159834862,0.09879645518958569,0.10089256800711155,0.07321087298874501,0.12647815020795222
p711,process,,0,post,odor,2.0,0.20415688678622246,0.20415688678622246,0.11729426868259907,0.29101950488984585,-2.003231532303364,2.411545305875809
p711,process,,4,post,odor,2.0,0.09020135179162025,0.09020135179162025,0.08989167772233486,0.09051102586090565,0.08233178753997115,0.09807091604326935
p711,process,,2,post,odor,2.0,0.01981295645236969,0.01981295645236969,-0.16016403585672379,0.19978994876146317,-4.553836067708191,4.59346198061293
p711,process,,3,post,odor,2.0,0.14101415500044823,0.14101415500044823,0.1312949676066637,0.15073334239423275,-0.1059738147889003,0.3880021247897968
p711,process,,21,post,odor,2.0,0.20572466822341084,0.20572466822341084,0.09966920572333038,0.3117801307234913,-2.4894001716080294,2.900849508054851
p711,process,,1,post,odor,2.0,0.06284822802990675,0.06284822802990675,0.0250529614277184,0.1006434946320951,-0.8976205629815149,1.0233170190413285
p711,process,,22,post,odor,2.0,0.18384665064513683,0.18384665064513683,0.1158301355317235,0.25186316575855017,-1.5446168822991635,1.9123101835894372
p711,process,,10,post,odor,1.0,0.24594227969646454,0.24594227969646454,0.24594227969646454,0.24594227969646454,,
p711,process,,30,post,odor,2.0,0.16973073035478592,0.16973073035478592,0.13065780326724052,0.20880365744233131,-0.8232064920771697,1.1626679527867414
p711,process,,17,post,odor,2.0,0.17573750019073486,0.17573750019073486,0.171814925968647,0.17966007441282272,0.0760554378733558,0.27541956250811395
p711,process,,39,post,odor,2.0,-0.13464511930942535,-0.13464511930942535,-0.15294673293828964,-0.11634350568056107,-0.5997332188508548,0.3304429802320041
p730,process,,39,pre,odor,2.0,-0.034598127007484436,-0.034598127007484436,-0.18175645917654037,0.1125602051615715,-3.7742459213555386,3.7050496673405697
p730,process,,17,pre,odor,2.0,-0.6914298832416534,-0.6914298832416534,-0.7515551298856735,-0.6313046365976334,-2.2193572705854923,0.8364975041021856
p730,process,,32,pre,odor,2.0,0.29533444344997406,0.29533444344997406,0.21623552590608597,0.37443336099386215,-1.714759637994911,2.305428524894859
p730,process,,30,pre,odor,2.0,0.05959993228316307,0.05959993228316307,-0.005072316154837608,0.12427218072116375,-1.5838777265208184,1.7030775910871445
p730,process,,40,pre,odor,2.0,-0.21854225359857082,-0.21854225359857082,-0.33537896256893873,-0.10170554462820292,-3.1876445433552765,2.750560036158135
p730,process,,3,pre,odor,2.0,0.20028484612703323,0.20028484612703323,0.1652158759534359,0.23535381630063057,-0.6909021836980297,1.091471875952096
p730,process,,2,pre,odor,2.0,0.3202538527548313,0.3202538527548313,0.21560371480882168,0.42490399070084095,-2.339158304067014,2.9796660095766767
p730,process,,1,pre,odor,2.0,0.5423455834388733,0.5423455834388733,0.4713614284992218,0.6133297383785248,-1.2615328279362426,2.346223994813989
p730,process,,4,pre,odor,2.0,0.21408596634864807,0.21408596634864807,-0.06499548256397247,0.4931674152612686,-6.87804608955542,7.306218022252716
p730,process,,31,pre,odor,2.0,0.40257734432816505,0.40257734432816505,0.23872417770326138,0.5664305109530687,-3.7613264192849796,4.56648110794131
p730,process,,21,pre,odor,2.0,-0.18684984743595123,-0.18684984743595123,-0.3551260903477669,-0.01857360452413559,-4.463154636779541,4.089454941907639
p730,process,,12,pre,odor,2.0,0.4688301533460617,0.4688301533460617,0.20316798239946365,0.7344923242926598,-6.2822857160621695,7.219946022754293
p730,process,,22,pre,odor,2.0,0.13147443253546953,0.13147443253546953,0.08056769846007228,0.18238116661086679,-1.162188338688527,1.425137203759466
p730,process,,10,pre,odor,2.0,0.8044625818729401,0.8044625818729401,0.7580625861883163,0.8508625775575638,-0.37467310797996234,1.9835982717258425
p730,process,,0,pre,odor,2.0,0.07356156827881932,0.07356156827881932,0.03408019128255546,0.11304294527508318,-0.9297553504824336,1.0768784870400723
p730,process,,18,pre,odor,2.0,-0.46768738329410553,-0.46768738329410553,-0.5722363665699959,-0.3631384000182152,-3.1245289562188394,2.1891541896306284
p730,process,,12,post,odor,2.0,0.27116337418556213,0.27116337418556213,0.17120318114757538,0.3711235672235489,-2.2690659822308454,2.8113927306019697
p730,process,,18,post,odor,2.0,-0.2820838540792465,-0.2820838540792465,-0.30883582681417465,-0.2553318813443184,-0.9619159394123666,0.3977482312538736
p730,process,,40,post,odor,2.0,0.12475186213850975,0.12475186213850975,0.09579473920166492,0.15370898507535458,-0.6111184030737513,0.8606221273507708
p730,process,,32,post,odor,2.0,-0.047136301174759865,-0.047136301174759865,-0.08508956525474787,-0.009183037094771862,-1.0116201887876246,0.9173475864381049
p730,process,,31,post,odor,2.0,-0.00014084577560424805,-0.00014084577560424805,-0.06504906713962555,0.06476737558841705,-1.64961514520001,1.6493334536488016
p730,process,,0,post,odor,2.0,0.22883426398038864,0.22883426398038864,0.042936939746141434,0.41473158821463585,-4.4952646592744,4.952933187235177
p730,process,,4,post,odor,2.0,0.23505762964487076,0.23505762964487076,0.21512704715132713,0.2549882121384144,-0.27142649370349814,0.7415417529932397
p730,process,,2,post,odor,2.0,0.2604600340127945,0.2604600340127945,0.2178374007344246,0.3030826672911644,-0.8226837756469272,1.3436038436725162
p730,process,,3,post,odor,2.0,0.2732710987329483,0.2732710987329483,0.21646689623594284,0.33007530122995377,-1.1702605548712062,1.7168027523371028
p730,process,,21,post,odor,2.0,-0.005532149225473404,-0.005532149225473404,-0.030283620581030846,0.019219322130084038,-0.6345266743560259,0.6234623759050791
p730,process,,1,post,odor,2.0,-0.007699418114498258,-0.007699418114498258,-0.015271312207914889,-0.00012752402108162642,-0.20011949129766543,0.18472065506866892
p730,process,,22,post,odor,2.0,-0.09357186034321785,-0.09357186034321785,-0.10090537182986736,-0.08623834885656834,-0.27993405711213293,0.09279033642569726
p730,process,,10,post,odor,1.0,0.2842249572277069,0.2842249572277069,0.2842249572277069,0.2842249572277069,,
p730,process,,30,post,odor,2.0,-0.13472891552373767,-0.13472891552373767,-0.20683466247282922,-0.06262316857464612,-1.9671096823036598,1.6976518512561845
p730,process,,17,post,odor,2.0,0.1262943291803822,0.1262943291803822,0.06359029473969713,0.18899836362106726,-1.4671662695946053,1.7197549279553697
p730,process,,39,post,odor,2.0,0.1522931568324566,0.1522931568324566,0.11846702732145786,0.18611928634345531,-0.7073102971657647,1.0118966108306777
p749,process,,39,pre,odor,2.0,-0.19648314267396927,-0.19648314267396927,-0.31363846734166145,-0.07932781800627708,-3.1736822249953978,2.7807159396474592
p749,process,,17,pre,odor,2.0,-0.8988402783870697,-0.8988402783870697,-0.902332529425621,-0.8953480273485184,-0.9875867917589736,-0.8100937650151658
p749,process,,32,pre,odor,2.0,-0.026212342083454132,-0.026212342083454132,-0.07752105221152306,0.025096368044614792,-1.330090293356022,1.2776656091891136
p749,process,,30,pre,odor,2.0,-0.4576463848352432,-0.4576463848352432,-0.5471751168370247,-0.36811765283346176,-2.732787182004744,1.8174944123342573
p749,process,,40,pre,odor,2.0,-0.2624581754207611,-0.2624581754207611,-0.5530794113874435,0.028163060545921326,-7.647844025166369,7.122927674324846
p749,process,,3,pre,odor,2.0,0.021359629929065704,0.021359629929065704,-0.043677184730768204,0.08639644458889961,-1.6313825349839286,1.67410179484206
p749,process,,2,pre,odor,2.0,0.34306003153324127,0.34306003153324127,0.08540641516447067,0.6007136479020119,-6.20453916966158,6.890659232728063
p749,process,,1,pre,odor,2.0,0.3567194193601608,0.3567194193601608,0.2907915487885475,0.42264728993177414,-1.3186666232457298,2.0321054619660517
p749,process,,4,pre,odor,2.0,0.32544660568237305,0.32544660568237305,-0.15702396631240845,0.8079171776771545,-11.935293128207638,12.586186339572384
p749,process,,31,pre,odor,2.0,-0.12184462696313858,-0.12184462696313858,-0.29652080312371254,0.05283154919743538,-4.560787140619878,4.317097886693601
p749,process,,21,pre,odor,2.0,-0.5380148589611053,-0.5380148589611053,-0.6592829674482346,-0.41674675047397614,-3.6197296877733205,2.54369996985111
p749,process,,12,pre,odor,2.0,-0.39636845141649246,-0.39636845141649246,-0.7149035669863224,-0.07783333584666252,-8.491113239599146,7.698376336766161
p749,process,,22,pre,odor,2.0,0.009248100221157074,0.009248100221157074,-0.11280502006411552,0.13130122050642967,-3.0924157698461037,3.110911970288418
p749,process,,10,pre,odor,2.0,1.4165830612182617,1.4165830612182617,1.3687061667442322,1.4644599556922913,0.19991581457976149,2.6332503078567617
p749,process,,0,pre,odor,2.0,-0.560093104839325,-0.560093104839325,-0.6500650346279144,-0.4701211750507355,-2.84649662564443,1.7263104159657803
p749,process,,18,pre,odor,2.0,-0.5866456031799316,-0.5866456031799316,-0.7250265777111053,-0.44826462864875793,-4.10323959114887,2.9299483847890064
p749,process,,12,post,odor,2.0,0.2523408606648445,0.2523408606648445,0.1584598682820797,0.34622185304760933,-2.1334013594364887,2.6380830807661777
p749,process,,18,post,odor,2.0,-0.044734299182891846,-0.044734299182891846,-0.1498359888792038,0.060367390513420105,-2.7156214739813755,2.626152875615592
p749,process,,40,post,odor,2.0,0.3453499674797058,0.3453499674797058,0.3364916741847992,0.3542082607746124,0.12023939104337183,0.5704605439160397
p749,process,,32,post,odor,2.0,0.5525414794683456,0.5525414794683456,0.4880944862961769,0.6169884726405144,-1.0852119002845113,2.1902948592212024
p749,process,,31,post,odor,2.0,-0.17366043807123788,-0.17366043807123788,-0.26083413303422276,-0.086486743108253,-2.388954069688291,2.0416331935458154
p749,process,,0,post,odor,2.0,0.3907896466553211,0.3907896466553211,0.20653012208640575,0.5750491712242365,-4.2916888408703775,5.07326813418102
p749,process,,4,post,odor,2.0,-0.2623399179428816,-0.2623399179428816,-0.4201578637585044,-0.10452197212725878,-4.272874179094536,3.748194343208773
p749,process,,2,post,odor,2.0,-0.387353852391243,-0.387353852391243,-0.48976511508226395,-0.284942589700222,-2.989870794475806,2.21516308969332
p749,process,,3,post,odor,2.0,0.0007833167910575867,0.0007833167910575867,-0.04136404022574425,0.04293067380785942,-1.0702825778972087,1.0718492114793239
p749,process,,21,post,odor,2.0,1.338086485862732,1.338086485862732,1.3149494528770447,1.3612235188484192,0.750118729655193,1.9260542420702709
p749,process,,1,post,odor,2.0,0.5129148960113525,0.5129148960113525,0.3829035758972168,0.6429262161254883,-2.790986006769759,3.8168157987924642
p749,process,,22,post,odor,2.0,0.1551748049678281,0.1551748049678281,0.07917601353256032,0.23117359640309587,-1.7761376023888764,2.0864872123245326
p749,process,,10,post,odor,1.0,0.2853279113769531,0.2853279113769531,0.2853279113769531,0.2853279113769531,,
p749,process,,30,post,odor,2.0,-0.25372806191444397,-0.25372806191444397,-0.2959650158882141,-0.21149110794067383,-1.3270708311606654,0.8196147073317774
p749,process,,17,post,odor,2.0,-0.013623693026602268,-0.013623693026602268,-0.023596542421728373,-0.003650843631476164,-0.26705782546161877,0.23981043940841423
p749,process,,39,post,odor,2.0,0.7711831629276276,0.7711831629276276,0.758107379078865,0.7842589467763901,0.438895989590942,1.103470336264313
p768,process,,39,pre,odor,2.0,0.11583545804023743,0.11583545804023743,-0.09281755983829498,0.32448847591876984,-5.186540469930465,5.41821138601094
p768,process,,17,pre,odor,2.0,-0.06051954627037048,-0.06051954627037048,-0.32118819653987885,0.20014910399913788,-6.684738023523755,6.563698930983014
p768,process,,32,pre,odor,2.0,2.786110043525696,2.786110043525696,2.730502188205719,2.8417178988456726,1.372980454255283,4.199239632796108
p768,process,,30,pre,odor,2.0,0.7340131998062134,0.7340131998062134,0.12631529569625854,1.3417111039161682,-14.709054774924473,16.1770811745369
p768,process,,40,pre,odor,2.0,0.068468376994133,0.068468376994133,-0.17078717797994614,0.3077239319682121,-6.011591754541365,6.148528508529631
p768,process,,3,pre,odor,2.0,0.7449608594179153,0.7449608594179153,0.5534312054514885,0.9364905133843422,-4.122269133274311,5.612190852110142
p768,process,,2,pre,odor,2.0,0.642885684967041,0.642885684967041,0.47311344742774963,0.8126579225063324,-3.6714359324183974,4.957207302352479
p768,process,,1,pre,odor,2.0,0.7104616761207581,0.7104616761207581,0.7083068490028381,0.712616503238678,0.6557023270580545,0.7652210251834616
p768,process,,4,pre,odor,2.0,0.9892925843596458,0.9892925843596458,0.46134335175156593,1.5172418169677258,-12.427169495289515,14.405754664008807
p768,process,,31,pre,odor,2.0,0.9003006685525179,0.9003006685525179,0.47170532774180174,1.328896009363234,-9.99133963007054,11.791940967175575
p768,process,,21,pre,odor,2.0,-0.4708545506000519,-0.4708545506000519,-0.6085655838251114,-0.33314351737499237,-3.9704237157755755,3.0287146145754718
p768,process,,12,pre,odor,2.0,0.20249736309051514,0.20249736309051514,-0.14964070916175842,0.5546354353427887,-8.746179519788015,9.151174245969045
p768,process,,22,pre,odor,2.0,1.039433617144823,1.039433617144823,0.5639394801110029,1.5149277541786432,-11.044018094860025,13.122885329149671
p768,process,,10,pre,odor,2.0,1.1745386123657227,1.1745386123657227,0.9943774938583374,1.354699730873108,-3.403789502140415,5.7528667268718605
p768,process,,0,pre,odor,2.0,-0.11596987396478653,-0.11596987396478653,-0.20999719575047493,-0.02194255217909813,-2.5054306767710584,2.2734909288414853
p768,process,,18,pre,odor,2.0,-0.37493934109807014,-0.37493934109807014,-0.5910322461277246,-0.15884643606841564,-5.866380727781159,5.116502045585019
p768,process,,12,post,odor,2.0,-0.03510168194770813,-0.03510168194770813,-0.1343921348452568,0.06418877094984055,-2.5583113276752347,2.4881079637798185
p768,process,,18,post,odor,2.0,0.014503961894661188,0.014503961894661188,0.011355390539392829,0.017652533249929547,-0.0655088226383284,0.09451674642765077
p768,process,,40,post,odor,2.0,0.11937327310442924,0.11937327310442924,0.11839287169277668,0.12035367451608181,0.09445891098424489,0.1442876352246136
p768,process,,32,post,odor,2.0,-0.07648327574133873,-0.07648327574133873,-0.08645406179130077,-0.06651248969137669,-0.32986497360416334,0.17689842212148588
p768,process,,31,post,odor,2.0,0.11298529803752899,0.11298529803752899,0.09101680666208267,0.1349537894129753,-0.44528700028508894,0.6712575963601469
p768,process,,0,post,odor,2.0,-0.06686482951045036,-0.06686482951045036,-0.14865404181182384,0.014924382790923119,-2.1453257829338686,2.011596123912968
p768,process,,4,post,odor,2.0,0.16388218104839325,0.16388218104839325,0.14732914417982101,0.18043521791696548,-0.2567703698666604,0.5845347319634469
p768,process,,2,post,odor,2.0,0.21780754625797272,0.21780754625797272,0.20536161959171295,0.23025347292423248,-0.09847343844785278,0.5340885309637982
p768,process,,3,post,odor,2.0,0.39814331382513046,0.39814331382513046,0.2703661359846592,0.5259204916656017,-2.848982650678134,3.645269278328395
p768,process,,21,post,odor,2.0,0.2916141673922539,0.2916141673922539,0.2650028057396412,0.31822552904486656,-0.3846446515407159,0.9678729863252237
p768,process,,1,post,odor,2.0,0.17766843736171722,0.17766843736171722,0.10797908157110214,0.2473577931523323,-1.593306007853636,1.9486428825770705
p768,process,,22,post,odor,2.0,-0.23972207307815552,-0.23972207307815552,-0.4468739330768585,-0.032570213079452515,-5.503949962323989,5.024505816167678
p768,process,,10,post,odor,1.0,0.25820010900497437,0.25820010900497437,0.25820010900497437,0.25820010900497437,,
p768,process,,30,post,odor,2.0,0.06697659194469452,0.06697659194469452,-0.09907237440347672,0.23302555829286575,-4.152727733355397,4.286680917244786
p768,process,,17,post,odor,2.0,0.18429667502641678,0.18429667502641678,0.1715114749968052,0.19708187505602837,-0.14060606331196634,0.5091994133647999
p768,process,,39,post,odor,2.0,0.00678011029958725,0.00678011029958725,-0.07042781636118889,0.08398803696036339,-1.955259336515177,1.9688195571143514
p787,process,,39,pre,odor,2.0,0.8327901363372803,0.8327901363372803,0.7865909934043884,0.8789892792701721,-0.3412414011449638,2.006821673819524
p787,process,,17,pre,odor,2.0,-0.0644196942448616,-0.0644196942448616,-0.17224637046456337,0.043406981974840164,-2.8045553423823613,2.675715953892638
p787,process,,32,pre,odor,2.0,4.144947409629822,4.144947409629822,3.741216480731964,4.548678338527679,-6.1148282721745115,14.404723091434155
p787,process,,30,pre,odor,2.0,2.543229639530182,2.543229639530182,2.0580842196941376,3.028375059366226,-9.78548442297823,14.871943702038594
p787,process,,40,pre,odor,2.0,1.2558577358722687,1.2558577358722687,0.9496458619832993,1.562069609761238,-6.525723788689634,9.037439260434171
p787,process,,3,pre,odor,2.0,2.4081336855888367,2.4081336855888367,2.04618039727211,2.7700869739055634,-6.789971486979157,11.60623885815683
p787,process,,2,pre,odor,2.0,1.9276211857795715,1.9276211857795715,1.683911770582199,2.171330600976944,-4.265622265482865,8.120864637042008
p787,process,,1,pre,odor,2.0,1.4443017840385437,1.4443017840385437,1.4217974245548248,1.4668061435222626,0.8724117859253305,2.0161917821517568
p787,process,,4,pre,odor,2.0,1.704866647720337,1.704866647720337,1.3044121265411377,2.105321168899536,-8.471647619539082,11.881380914979756
p787,process,,31,pre,odor,2.0,2.85761559009552,2.85761559009552,2.7258995175361633,2.9893316626548767,-0.48960717987253544,6.204838360063576
p787,process,,21,pre,odor,2.0,3.9327276945114136,3.9327276945114136,3.650903046131134,4.214552342891693,-3.229115669529138,11.094571058551965
p787,process,,12,pre,odor,2.0,0.9815739989280701,0.9815739989280701,0.9536018073558807,1.0095461905002594,0.27073321285659413,1.6924147849995461
p787,process,,22,pre,odor,2.0,2.219686210155487,2.219686210155487,1.940560132265091,2.498812288045883,-4.873579975606148,9.312952395917122
p787,process,,10,pre,odor,2.0,2.425317168235779,2.425317168235779,2.058225929737091,2.7924084067344666,-6.9033556982047415,11.753990034676299
p787,process,,0,pre,odor,2.0,0.957929790019989,0.957929790019989,0.8975232541561127,1.0183363258838654,-0.577145834158995,2.493005414198973
p787,process,,18,pre,odor,2.0,0.6269868463277817,0.6269868463277817,0.40229038149118423,0.8516833111643791,-5.083091725089188,6.337065417744752
p787,process,,12,post,odor,2.0,0.771252304315567,0.771252304315567,0.7675464898347855,0.7749581187963486,0.6770786293013843,0.8654259793297497
p787,process,,18,post,odor,2.0,1.3344849944114685,1.3344849944114685,1.3240096867084503,1.3449603021144867,1.0682821857135145,1.6006878031094225
p787,process,,40,post,odor,2.0,-0.02098049968481064,-0.02098049968481064,-0.14189111813902855,0.09993011876940727,-3.0936106453984005,3.051649646028779
p787,process,,32,post,odor,2.0,0.2801140621304512,0.2801140621304512,0.24718030914664268,0.3130478151142597,-0.5568119541552992,1.1170400784162016
p787,process,,31,post,odor,2.0,0.2369130700826645,0.2369130700826645,0.18659701198339462,0.28722912818193436,-1.0417392013705031,1.5155653415358321
p787,process,,0,post,odor,2.0,0.0736972726881504,0.0736972726881504,-0.012890385463833809,0.16028493084013462,-2.126703751521884,2.2740982968981847
p787,process,,4,post,odor,2.0,0.7104614675045013,0.7104614675045013,0.6287693828344345,0.7921535521745682,-1.3655312387810734,2.786454173790076
p787,process,,2,post,odor,2.0,0.8555736541748047,0.8555736541748047,0.7471147775650024,0.9640325307846069,-1.900627729144507,3.6117750374941164
p787,process,,3,post,odor,2.0,1.1367557048797607,1.1367557048797607,1.0884891152381897,1.1850222945213318,-0.08981463492570008,2.3633260446852216
p787,process,,21,post,odor,2.0,4.801284551620483,4.801284551620483,4.593921542167664,5.008647561073303,-0.46830915401323114,10.070878257254197
p787,process,,1,post,odor,2.0,0.09440764971077442,0.09440764971077442,0.07773772906512022,0.11107757035642862,-0.32921519960816104,0.5180304990297099
p787,process,,22,post,odor,2.0,0.1975567638874054,0.1975567638874054,0.1494033932685852,0.24571013450622559,-1.0261364077518513,1.4212499355266621
p787,process,,10,post,odor,1.0,-0.024084459990262985,-0.024084459990262985,-0.024084459990262985,-0.024084459990262985,,
p787,process,,30,post,odor,2.0,1.370798647403717,1.370798647403717,1.2607589066028595,1.4808383882045746,-1.4255763040588665,4.167173598866301
p787,process,,17,post,odor,2.0,0.5759851336479187,0.5759851336479187,0.4989021122455597,0.6530681550502777,-1.3828801695947,2.5348504368905376
p787,process,,39,post,odor,2.0,0.0009872876107692719,0.0009872876107692719,-0.022878309711813927,0.02485288493335247,-0.6054950438529202,0.6074696190744587
p806,process,,39,pre,odor,2.0,1.3046696037054062,1.3046696037054062,0.4298970475792885,2.179442159831524,-20.92540878774523,23.534747995156042
p806,process,,17,pre,odor,2.0,0.09274335205554962,0.09274335205554962,-0.0690448060631752,0.25453151017427444,-4.018683569834693,4.204170273945793
p806,process,,32,pre,odor,2.0,2.964546799659729,2.964546799659729,2.752082884311676,3.177010715007782,-2.4346732152635715,8.36376681458303
p806,process,,30,pre,odor,2.0,0.22170329093933105,0.22170329093933105,-0.551720142364502,0.9951267242431641,-19.43284969168798,19.876256273566643
p806,process,,40,pre,odor,2.0,0.22994846105575562,0.22994846105575562,-0.5932978689670563,1.0531947910785675,-20.690724374092817,21.150621296204328
p806,process,,3,pre,odor,2.0,1.6565947532653809,1.6565947532653809,1.4090805053710938,1.904109001159668,-4.6333386644648344,7.946528170995596
p806,process,,2,pre,odor,2.0,2.187947630882263,2.187947630882263,2.088655650615692,2.2872396111488342,-0.3353008289722754,4.711196090736802
p806,process,,1,pre,odor,2.0,0.4153176471590996,0.4153176471590996,0.33103256300091743,0.4996027313172817,-1.7265694238800537,2.557204718198253
p806,process,,4,pre,odor,2.0,0.9382978677749634,0.9382978677749634,-0.40150827169418335,2.27810400724411,-33.10940436198264,34.98600009753257
p806,process,,31,pre,odor,2.0,0.1141745001077652,0.1141745001077652,-0.04170752316713333,0.2700565233826637,-3.847163304732254,4.075512304947784
p806,process,,21,pre,odor,2.0,0.5914023816585541,0.5914023816585541,0.5470549315214157,0.6357498317956924,-0.5355731802810031,1.7183779435981112
p806,process,,12,pre,odor,2.0,-0.5766701698303223,-0.5766701698303223,-1.0159204602241516,-0.13741987943649292,-11.73907841016669,10.585738070506045
p806,process,,22,pre,odor,2.0,0.4768454134464264,0.4768454134464264,-0.06925202906131744,1.0229428559541702,-13.400806407363138,14.354497234255991
p806,process,,10,pre,odor,2.0,1.02853524684906,1.02853524684906,0.3454374670982361,1.711633026599884,-16.330625241831616,18.387695735529736
p806,process,,0,pre,odor,2.0,-0.9978209137916565,-0.9978209137916565,-1.1233420073986053,-0.8722998201847076,-4.187614341948538,2.191972514365225
p806,process,,18,pre,odor,2.0,-1.0848512947559357,-1.0848512947559357,-1.335565224289894,-0.8341373652219772,-7.456096332494638,5.286393742982766
p806,process,,12,post,odor,2.0,0.3019836856983602,0.3019836856983602,0.15712394029833376,0.44684343109838665,-3.3792514804673925,3.983218851864113
p806,process,,18,post,odor,2.0,0.44645197689533234,0.44645197689533234,0.4300319477915764,0.4628720059990883,0.029179473762791952,0.8637244800278727
p806,process,,40,post,odor,2.0,0.21635238081216812,0.21635238081216812,0.037072744220495224,0.395632017403841,-4.339575154309416,4.772279915933752
p806,process,,32,post,odor,2.0,0.06934729218482971,0.06934729218482971,0.06809278577566147,0.07060179859399796,0.03746726162935963,0.1012273227402998
p806,process,,31,post,odor,2.0,0.11896705254912376,0.11896705254912376,0.0028204265981912613,0.23511367850005627,-2.8325985649477747,3.0705326700460223
p806,process,,0,post,odor,2.0,0.18858847941737622,0.18858847941737622,0.09524379560025409,0.28193316323449835,-2.183524847810317,2.5607018066450693
p806,process,,4,post,odor,2.0,0.04270540177822113,0.04270540177822113,-0.13801734894514084,0.2234281525015831,-4.549895140573179,4.635305944129621
p806,process,,2,post,odor,2.0,0.04988717846572399,0.04988717846572399,0.0073731811717152596,0.09240117575973272,-1.0304959290759796,1.1302702860074276
p806,process,,3,post,odor,2.0,0.19568492099642754,0.19568492099642754,0.08163628168404102,0.30973356030881405,-2.702565800974222,3.093935642967077
p806,process,,21,post,odor,2.0,1.3612123727798462,1.3612123727798462,1.2091447710990906,1.5132799744606018,-2.503191788609641,5.225616534169333
p806,process,,1,post,odor,2.0,-0.07926412299275398,-0.07926412299275398,-0.15141322650015354,-0.0071150194853544235,-1.912746684385711,1.754218438400203
p806,process,,22,post,odor,2.0,0.443102702498436,0.443102702498436,0.3689448609948158,0.5172605440020561,-1.4414267313771452,2.3276321363740173
p806,process,,10,post,odor,1.0,0.04245728999376297,0.04245728999376297,0.04245728999376297,0.04245728999376297,,
p806,process,,30,post,odor,2.0,0.08647428452968597,0.08647428452968597,0.07204055041074753,0.10090801864862442,-0.2803216771157979,0.45327024617516987
p806,process,,17,post,odor,2.0,-0.05728854984045029,-0.05728854984045029,-0.16595379635691643,0.051376696676015854,-2.8187342897306755,2.704157190049775
p806,process,,39,post,odor,2.0,0.279248314909637,0.279248314909637,0.15098514826968312,0.4075114815495908,-2.9802277959650545,3.5387244257843284
p825,process,,39,pre,odor,2.0,1.0878204256296158,1.0878204256296158,0.773048959672451,1.4025918915867805,-6.911280957485541,9.086921808744773
p825,process,,17,pre,odor,2.0,0.42511427588760853,0.42511427588760853,0.24124500434845686,0.6089835474267602,-4.247446941847911,5.097675493623128
p825,process,,32,pre,odor,2.0,2.8855020999908447,2.8855020999908447,2.7557568550109863,3.015247344970703,-0.4116371925276008,6.18264139250929
p825,process,,30,pre,odor,2.0,1.0456842631101608,1.0456842631101608,0.6693661287426949,1.4220023974776268,-8.51746625930648,10.6088347855268
p825,process,,40,pre,odor,2.0,0.564842002466321,0.564842002466321,0.29275169502943754,0.8369323099032044,-6.349628303577193,7.479312308509835
p825,process,,3,pre,odor,2.0,2.211009681224823,2.211009681224823,1.5270992815494537,2.8949200809001923,-15.168801437723783,19.59082080017343
p825,process,,2,pre,odor,2.0,1.990312397480011,1.990312397480011,1.587841957807541,2.392782837152481,-8.23743121599329,12.218056010953312
p825,process,,1,pre,odor,2.0,0.5885876417160034,0.5885876417160034,0.5527025759220123,0.6244727075099945,-0.3233383441830967,1.5005136276151037
p825,process,,4,pre,odor,2.0,0.9213724285364151,0.9213724285364151,0.29666032642126083,1.5460845306515694,-14.95406731274603,16.79681216981886
p825,process,,31,pre,odor,2.0,2.512209177017212,2.512209177017212,2.266403317451477,2.7580150365829468,-3.734309976970051,8.758728331004475
p825,process,,21,pre,odor,2.0,1.4218928813934326,1.4218928813934326,1.4046514630317688,1.4391342997550964,0.9837468981027484,1.8600388646841168
p825,process,,12,pre,odor,2.0,0.4915705770254135,0.4915705770254135,0.16683433204889297,0.816306822001934,-7.760759850831089,8.743901004881916
p825,process,,22,pre,odor,2.0,2.1755629777908325,2.1755629777908325,1.694639265537262,2.656486690044403,-10.045867322959236,14.3969932785409
p825,process,,10,pre,odor,2.0,1.5510777235031128,1.5510777235031128,1.160689890384674,1.9414655566215515,-8.369617744725852,11.471773191732078
p825,process,,0,pre,odor,2.0,-0.1115446537733078,-0.1115446537733078,-0.36348050087690353,0.14039119333028793,-6.513841561133091,6.290752253586476
p825,process,,18,pre,odor,2.0,-0.447347030043602,-0.447347030043602,-0.8300049230456352,-0.06468913704156876,-10.17160609483773,9.276912034750525
p825,process,,12,post,odor,2.0,0.14640247076749802,0.14640247076749802,-0.041193824261426926,0.33399876579642296,-4.6208713940032045,4.9136763355382005
p825,process,,18,post,odor,2.0,0.3912673890590668,0.3912673890590668,0.10117895901203156,0.681355819106102,-6.980578578487174,7.763113356605308
p825,process,,40,post,odor,2.0,0.13928616722114384,0.13928616722114384,0.07318788289558142,0.20538445154670626,-1.5404304994798217,1.8190028339221094
p825,process,,32,post,odor,2.0,0.09160878136754036,0.09160878136754036,0.07548697851598263,0.10773058421909809,-0.3180850741287347,0.5013026368638154
p825,process,,31,post,odor,2.0,-0.02573140012100339,-0.02573140012100339,-0.0451922791544348,-0.006270521087571979,-0.5202792268104213,0.4688164265684145
p825,process,,0,post,odor,2.0,-0.10783784464001656,-0.10783784464001656,-0.11874826438724995,-0.09692742489278316,-0.3850978987719182,0.16942220949188508
p825,process,,4,post,odor,2.0,0.29884346574544907,0.29884346574544907,0.2547043599188328,0.34298257157206535,-0.8228375652638866,1.4205244967547848
p825,process,,2,post,odor,2.0,0.21331308037042618,0.21331308037042618,0.0896056704223156,0.33702049031853676,-2.930390275994748,3.3570164367356004
p825,process,,3,post,odor,2.0,0.058848924934864044,0.058848924934864044,0.002353046089410782,0.1153448037803173,-1.3768474817860357,1.4945453316557638
p825,process,,21,post,odor,2.0,5.204049110412598,5.204049110412598,4.929284572601318,5.478813648223877,-1.778379832928458,12.186478053753653
p825,process,,1,post,odor,2.0,-0.047232030890882015,-0.047232030890882015,-0.06952674640342593,-0.0249373153783381,-0.6137944705651879,0.5193304087834238
p825,process,,22,post,odor,2.0,0.007077746093273163,0.007077746093273163,-0.057969193905591965,0.07212468609213829,-1.6459217280812293,1.6600772202677756
p825,process,,10,post,odor,1.0,0.1504162847995758,0.1504162847995758,0.1504162847995758,0.1504162847995758,,
p825,process,,30,post,odor,2.0,0.2247590273618698,0.2247590273618698,0.223347470164299,0.2261705845594406,0.18888795786355864,0.260630096860181
p825,process,,17,post,odor,2.0,-0.060295220464468,-0.060295220464468,-0.14650708250701427,0.02591664157807827,-2.2511463600633497,2.1305559191344137
p825,process,,39,post,odor,2.0,-0.09932971885427833,-0.09932971885427833,-0.15643741632811725,-0.0422220213804394,-1.5505739110825256,1.351914473373969
p844,process,,39,pre,odor,2.0,0.48921068012714386,0.48921068012714386,0.47896211594343185,0.49945924431085587,0.22876997058700022,0.7496513896672875
p844,process,,17,pre,odor,2.0,0.25706910714507103,0.25706910714507103,0.0831106249243021,0.43102758936583996,-4.16363507423752,4.677773288527662
p844,process,,32,pre,odor,2.0,1.1813806891441345,1.1813806891441345,1.1720055639743805,1.1907558143138885,0.9431361694758161,1.419625208812453
p844,process,,30,pre,odor,2.0,0.20033396780490875,0.20033396780490875,-0.0010350719094276428,0.40170300751924515,-4.916938524469594,5.3176064600794115
p844,process,,40,pre,odor,2.0,-0.11351265851408243,-0.11351265851408243,-0.15706734778359532,-0.06995796924456954,-1.220342256671886,0.9933169396437211
p844,process,,3,pre,odor,2.0,0.5460712611675262,0.5460712611675262,0.4628933519124985,0.629249170422554,-1.5676798278751591,2.6598223502102116
p844,process,,2,pre,odor,2.0,0.560112714767456,0.560112714767456,0.4964936375617981,0.623731791973114,-1.0566013254357334,2.1768267549706453
p844,process,,1,pre,odor,2.0,-0.2262910082936287,-0.2262910082936287,-0.38752973452210426,-0.06505228206515312,-4.323755542011691,3.8711735254244335
p844,process,,4,pre,odor,2.0,0.3204747214913368,0.3204747214913368,0.106346245855093,0.5346031971275806,-5.12104578106688,5.761995224049554
p844,process,,31,pre,odor,2.0,1.098095566034317,1.098095566034317,0.9756917804479599,1.2204993516206741,-2.012479554251848,4.208670686320482
p844,process,,21,pre,odor,2.0,1.2268710732460022,1.2268710732460022,1.1538211405277252,1.2999210059642792,-0.6295037289184249,3.0832458754104293
p844,process,,12,pre,odor,2.0,0.48682625964283943,0.48682625964283943,0.2878842633217573,0.6857682559639215,-4.568769212115124,5.542421731400803
p844,process,,22,pre,odor,2.0,0.7044053971767426,0.7044053971767426,0.6410514861345291,0.767759308218956,-0.9055701319027825,2.3143809262562676
p844,process,,10,pre,odor,2.0,0.43841684982180595,0.43841684982180595,0.2694761622697115,0.6073575373739004,-3.854773078792257,4.731606778435869
p844,process,,0,pre,odor,2.0,-0.1631855983287096,-0.1631855983287096,-0.2183103719726205,-0.10806082468479872,-1.5640389182383465,1.2376677215809273
p844,process,,18,pre,odor,2.0,-0.3208337128162384,-0.3208337128162384,-0.5404369682073593,-0.10123045742511749,-5.901481560276321,5.259814134643844
p844,process,,12,post,odor,2.0,-0.04425821453332901,-0.04425821453332901,-0.07905849814414978,-0.00945793092250824,-0.9286172714053957,0.8401008423387377
p844,process,,18,post,odor,2.0,0.46536919474601746,0.46536919474601746,0.4420650154352188,0.4886733740568161,-0.12684615231705065,1.0575845418090855
p844,process,,40,post,odor,2.0,0.08781735599040985,0.08781735599040985,0.06047694385051727,0.11515776813030243,-0.6069683924513324,0.7826031044321521
p844,process,,32,post,odor,2.0,0.05095241841627285,0.05095241841627285,0.024723203881876543,0.07718163295066915,-0.615595121469904,0.7174999583024497
p844,process,,31,post,odor,2.0,0.1059228042140603,0.1059228042140603,0.041127250995486975,0.17071835743263364,-1.5406883261637316,1.7525339345918522
p844,process,,0,post,odor,2.0,0.35137099027633667,0.35137099027633667,0.3220749795436859,0.3806670010089874,-0.3931112303681267,1.0958532109208
p844,process,,4,post,odor,2.0,0.03324953466653824,0.03324953466653824,-0.08049095049500465,0.14699001982808113,-2.8571702478422694,2.923669317175346
p844,process,,2,post,odor,2.0,-0.1917131245136261,-0.1917131245136261,-0.21474310010671616,-0.16868314892053604,-0.776960294423443,0.39353404539619086
p844,process,,3,post,odor,2.0,0.1519714593887329,0.1519714593887329,0.12946981191635132,0.1744731068611145,-0.41984961998188375,0.7237925387593496
p844,process,,21,post,odor,2.0,3.1454708576202393,3.1454708576202393,3.006599187850952,3.2843425273895264,-0.38359287866576874,6.674534593906247
p844,process,,1,post,odor,2.0,-0.023794611915946007,-0.023794611915946007,-0.05379296746104956,0.006203743629157543,-0.7861251065252403,0.7385358826933482
p844,process,,22,post,odor,2.0,0.06924060557503253,0.06924060557503253,0.03626577666727826,0.1022154344827868,-0.7687292489094826,0.9072104600595476
p844,process,,10,post,odor,1.0,-0.2181175798177719,-0.2181175798177719,-0.2181175798177719,-0.2181175798177719,,
p844,process,,30,post,odor,2.0,0.2745739221572876,0.2745739221572876,0.2728075683116913,0.2763402760028839,0.2296866149599351,0.3194612293546401
p844,process,,17,post,odor,2.0,-0.09901810996234417,-0.09901810996234417,-0.173314212821424,-0.024722007103264332,-1.9870610980170686,1.7890248780923803
p844,process,,39,post,odor,2.0,0.07251584157347679,0.07251584157347679,0.04684361256659031,0.09818807058036327,-0.5798773540174479,0.7249090371644015
p863,process,,39,pre,odor,2.0,-0.6077261865139008,-0.6077261865139008,-0.6614556461572647,-0.5539967268705368,-1.9731212156991371,0.7576688426713356
p863,process,,17,pre,odor,2.0,-0.8517921231687069,-0.8517921231687069,-1.230481518432498,-0.4731027279049158,-10.475202098448532,8.771617852111119
p863,process,,32,pre,odor,2.0,0.9254430830478668,0.9254430830478668,0.8895658105611801,0.9613203555345535,0.01371514386512962,1.8371710222306041
p863,process,,30,pre,odor,2.0,-0.053289562463760376,-0.053289562463760376,-0.3083096891641617,0.20173056423664093,-6.533965445864778,6.4273863209372575
p863,process,,40,pre,odor,2.0,-0.2466234266757965,-0.2466234266757965,-0.4452064782381058,-0.048040375113487244,-5.29309724724587,4.799850393894277
p863,process,,3,pre,odor,2.0,-0.0501924604177475,-0.0501924604177475,-0.1526242420077324,0.052239321172237396,-2.653230837164703,2.552845916329208
p863,process,,2,pre,odor,2.0,0.6023717969655991,0.6023717969655991,0.5325048342347145,0.6722387596964836,-1.1731160685410131,2.3778596624722113
p863,process,,1,pre,odor,2.0,0.23400906659662724,0.23400906659662724,0.1329908361658454,0.3350272970274091,-2.3331075692825465,2.801125702475801
p863,process,,4,pre,odor,2.0,0.19901520013809204,0.19901520013809204,-0.19250386953353882,0.5905342698097229,-9.75042771459068,10.148458114866864
p863,process,,31,pre,odor,2.0,1.413668930530548,1.413668930530548,0.9769425094127655,1.8503953516483307,-9.684601710308236,12.511939571369332
p863,process,,21,pre,odor,2.0,-0.02141094207763672,-0.02141094207763672,-0.184243842959404,0.14142195880413055,-4.159387294855589,4.116565410700315
p863,process,,12,pre,odor,2.0,-0.07569706439971924,-0.07569706439971924,-0.3904726803302765,0.239078551530838,-8.074903908338026,7.923509779538587
p863,process,,22,pre,odor,2.0,0.8464997112751007,0.8464997112751007,0.47710709273815155,1.2158923298120499,-8.540656767049208,10.23365618959941
p863,process,,10,pre,odor,2.0,1.3936572074890137,1.3936572074890137,1.1354495882987976,1.6518648266792297,-5.168020540253217,7.955334955231244
p863,process,,0,pre,odor,2.0,-0.1992272101342678,-0.1992272101342678,-0.3320807348936796,-0.066373685374856,-3.575355381165348,3.176900960896812
p863,process,,18,pre,odor,2.0,-0.5111680626869202,-0.5111680626869202,-0.9217248857021332,-0.10061123967170715,-10.944406160816389,9.922070035442548
p863,process,,12,post,odor,2.0,0.21106122620403767,0.21106122620403767,0.11418994795531034,0.307932504452765,-2.250671362762514,2.6727938151705892
p863,process,,18,post,odor,2.0,0.13221335038542747,0.13221335038542747,0.11138898320496082,0.15303771756589413,-0.396983995407145,0.661410696178
p863,process,,40,post,odor,2.0,0.012788742780685425,0.012788742780685425,-0.06745625287294388,0.09303373843431473,-2.0264299448762393,2.05200743043761
p863,process,,32,post,odor,2.0,-0.0035798214375972748,-0.0035798214375972748,-0.054361654445528984,0.047202011570334435,-1.2940685555916258,1.2869089127164313
p863,process,,31,post,odor,2.0,0.11830221535637975,0.11830221535637975,0.053357600001618266,0.18324683071114123,-1.532096943063048,1.7687013737758075
p863,process,,0,post,odor,2.0,0.21439969912171364,0.21439969912171364,0.16816802881658077,0.2606313694268465,-0.9604584372629785,1.3892578355064058
p863,process,,4,post,odor,2.0,0.05243630334734917,0.05243630334734917,-0.031039459630846977,0.1359120663255453,-2.068883966471355,2.1737565731660533
p863,process,,2,post,odor,2.0,0.20621442049741745,0.20621442049741745,0.030599940568208694,0.3818289004266262,-4.256572652737319,4.669001493732154
p863,process,,3,post,odor,2.0,-0.08747861906886101,-0.08747861906886101,-0.16439605318009853,-0.010561184957623482,-2.042135950266083,1.8671787121283612
p863,process,,21,post,odor,2.0,0.2965475767850876,0.2965475767850876,0.294937439262867,0.2981577143073082,0.25563010276362336,0.3374650508065518
p863,process,,1,post,odor,2.0,0.12235105037689209,0.12235105037689209,0.0011774301528930664,0.2435246706008911,-2.9569626040023276,3.2016647047561118
p863,process,,22,post,odor,2.0,0.11918521672487259,0.11918521672487259,0.08292900398373604,0.15544142946600914,-0.8021725073695005,1.0405429408192457
p863,process,,10,post,odor,1.0,0.08660156279802322,0.08660156279802322,0.08660156279802322,0.08660156279802322,,
p863,process,,30,post,odor,2.0,0.26632605865597725,0.26632605865597725,0.18384322337806225,0.34880889393389225,-1.829761525866744,2.3624136431786984
p863,process,,17,post,odor,2.0,0.03272464871406555,0.03272464871406555,-0.07756274938583374,0.14301204681396484,-2.769943871440583,2.835393168868714
p863,process,,39,post,odor,2.0,0.03647637367248535,0.03647637367248535,-0.041949450969696045,0.11490219831466675,-1.9565127953412973,2.029465542686268
p882,process,,39,pre,odor,2.0,0.11316072940826416,0.11316072940826416,-0.058822959661483765,0.2851444184780121,-4.25735919979739,4.483680658613919
p882,process,,17,pre,odor,2.0,-0.8110588043928146,-0.8110588043928146,-1.0463673695921898,-0.5757502391934395,-6.790816415590359,5.16869880680473
p882,process,,32,pre,odor,2.0,1.0885908603668213,1.0885908603668213,0.9715986251831055,1.205583095550537,-1.8844637252071657,4.061645445940808
p882,process,,30,pre,odor,2.0,-0.3747562915086746,-0.3747562915086746,-0.7889639511704445,0.039451368153095245,-10.900770945417106,10.151258362399757
p882,process,,40,pre,odor,2.0,-0.10721570253372192,-0.10721570253372192,-0.5162189900875092,0.3017875850200653,-10.500974721387625,10.28654331632018
p882,process,,3,pre,odor,2.0,0.5229430794715881,0.5229430794715881,0.4292598366737366,0.6166263222694397,-1.857773847204942,2.9036600061481184
p882,process,,2,pre,odor,2.0,0.9874333739280701,0.9874333739280701,0.7941949665546417,1.1806717813014984,-3.9232201600301506,5.898086907886291
p882,process,,1,pre,odor,2.0,0.22986160963773727,0.22986160963773727,0.22578448429703712,0.23393873497843742,0.12625203100977309,0.33347118826570143
p882,process,,4,pre,odor,2.0,0.30628859996795654,0.30628859996795654,-0.3871808648109436,0.9997580647468567,-17.316441395564425,17.929018595500338
p882,process,,31,pre,odor,2.0,0.1476811245083809,0.1476811245083809,0.11414599046111107,0.1812162585556507,-0.7045274336109651,0.9998896826277269
p882,process,,21,pre,odor,2.0,-0.02274360368028283,-0.02274360368028283,-0.041817399905994534,-0.003669807454571128,-0.5074547235602209,0.46196751619965526
p882,process,,12,pre,odor,2.0,-0.4215775653719902,-0.4215775653719902,-0.7345291934907436,-0.10862593725323677,-8.374432484164164,7.531277353420183
p882,process,,22,pre,odor,2.0,0.3366522863507271,0.3366522863507271,0.1918359212577343,0.48146865144371986,-3.34348048168965,4.016785054391104
p882,process,,10,pre,odor,2.0,0.8450217545032501,0.8450217545032501,0.5276589840650558,1.1623845249414444,-7.219930919151361,8.909974428157861
p882,process,,0,pre,odor,2.0,-0.6787990480661392,-0.6787990480661392,-0.8888946250081062,-0.4687034711241722,-6.017833877644891,4.660235781512613
p882,process,,18,pre,odor,2.0,-0.812269389629364,-0.812269389629364,-0.9241893589496613,-0.7003494203090668,-3.656425478129538,2.03188669887081
p882,process,,12,post,odor,2.0,0.02369457297027111,0.02369457297027111,-0.013442370109260082,0.0608315160498023,-0.9200446311181074,0.9674337770586496
p882,process,,18,post,odor,2.0,-0.18309873715043068,-0.18309873715043068,-0.2225139457732439,-0.14368352852761745,-1.1847341581114366,0.8185366838105752
p882,process,,40,post,odor,2.0,-0.011489566415548325,-0.011489566415548325,-0.061514800414443016,0.03853566758334637,-1.2827512967455543,1.2597721639144577
p882,process,,32,post,odor,2.0,-0.10731349885463715,-0.10731349885463715,-0.16349144279956818,-0.051135554909706116,-1.5349304136979152,1.3203034159886409
p882,process,,31,post,odor,2.0,0.13673081621527672,0.13673081621527672,0.10615971870720387,0.16730191372334957,-0.6401544316789906,0.913616064109544
p882,process,,0,post,odor,2.0,0.28453443199396133,0.28453443199396133,0.2313769869506359,0.33769187703728676,-1.0663243279509336,1.6353931919388562
p882,process,,4,post,odor,2.0,-0.06405034288764,-0.06405034288764,-0.13322423212230206,0.005123546347022057,-1.821925540913813,1.693824855138533
p882,process,,2,post,odor,2.0,-0.14785115607082844,-0.14785115607082844,-0.24301073793321848,-0.052691574208438396,-2.566085415575436,2.270383103433779
p882,process,,3,post,odor,2.0,-0.05979861319065094,-0.05979861319065094,-0.06757386773824692,-0.05202335864305496,-0.2573865655059066,0.13778933912460473
p882,process,,21,post,odor,2.0,0.36284903436899185,0.36284903436899185,0.2526893578469753,0.4730087108910084,-2.436573772750045,3.1622718414880286
p882,process,,1,post,odor,2.0,0.21693167090415955,0.21693167090415955,0.14656566083431244,0.28729768097400665,-1.5712381899262555,2.0051015317345744
p882,process,,22,post,odor,2.0,0.23488860949873924,0.23488860949873924,0.16658290661871433,0.30319431237876415,-1.5009238813850887,1.9707011003825672
p882,process,,10,post,odor,1.0,-0.002062823623418808,-0.002062823623418808,-0.002062823623418808,-0.002062823623418808,,
p882,process,,30,post,odor,2.0,0.08323587849736214,0.08323587849736214,0.0024608056992292404,0.16401095129549503,-1.9694533466076218,2.135925103602346
p882,process,,17,post,odor,2.0,-0.0735694095492363,-0.0735694095492363,-0.13957686349749565,-0.007561955600976944,-1.750977857509648,1.6038390384111754
p882,process,,39,post,odor,2.0,0.2939208671450615,0.2939208671450615,0.2242094911634922,0.3636322431266308,-1.4776131641794796,2.0654548984696026
p901,process,,39,pre,odor,2.0,0.10287270694971085,0.10287270694971085,-0.07125817611813545,0.27700359001755714,-4.32221259535219,4.527958009251612
p901,process,,17,pre,odor,2.0,-0.1121597234159708,-0.1121597234159708,-0.13742048013955355,-0.08689896669238806,-0.7540964168570584,0.5297769700251168
p901,process,,32,pre,odor,2.0,-0.19356068968772888,-0.19356068968772888,-0.21042803674936295,-0.17669334262609482,-0.622200619930203,0.23507924055474522
p901,process,,30,pre,odor,2.0,-0.35824986174702644,-0.35824986174702644,-0.5349550638347864,-0.18154465965926647,-4.8487548130954305,4.132255089601378
p901,process,,40,pre,odor,2.0,-0.08467791974544525,-0.08467791974544525,-0.10920435190200806,-0.060151487588882446,-0.7079536566038165,0.538597817112926
p901,process,,3,pre,odor,2.0,-0.05022147297859192,-0.05022147297859192,-0.2334212064743042,0.13297826051712036,-4.705768115796913,4.6053251698397295
p901,process,,2,pre,odor,2.0,-0.05730515345931053,-0.05730515345931053,-0.10666695795953274,-0.007943348959088326,-1.3117075417130157,1.1970972347943947
p901,process,,1,pre,odor,2.0,-0.08098293840885162,-0.08098293840885162,-0.08106743171811104,-0.08089844509959221,-0.08313011698142572,-0.07883575983627752
p901,process,,4,pre,odor,2.0,-0.4423665255308151,-0.4423665255308151,-0.5408895835280418,-0.3438434675335884,-2.946074817824367,2.061341766762737
p901,process,,31,pre,odor,2.0,-0.11836075596511364,-0.11836075596511364,-0.1720971679314971,-0.06462434399873018,-1.4839324604297057,1.2472109484994784
p901,process,,21,pre,odor,2.0,-0.15740669262595475,-0.15740669262595475,-0.23876206821296364,-0.07605131703894585,-2.224842809819801,1.9100294245678917
p901,process,,12,pre,odor,2.0,-0.2591271214187145,-0.2591271214187145,-0.4376733209937811,-0.08058092184364796,-4.79641625475212,4.278162011914691
p901,process,,22,pre,odor,2.0,-0.17681530117988586,-0.17681530117988586,-0.23550324141979218,-0.11812736093997955,-1.6682172696451556,1.3145866672853839
p901,process,,10,pre,odor,2.0,0.02583456039428711,0.02583456039428711,-0.05937045067548752,0.11103957146406174,-2.1394300700068882,2.1910991907954624
p901,process,,0,pre,odor,2.0,-0.23276017978787422,-0.23276017978787422,-0.2898155990988016,-0.17570476047694683,-1.6826758579337517,1.2171554983580033
p901,process,,18,pre,odor,2.0,-0.24991288222372532,-0.24991288222372532,-0.38349003810435534,-0.1163357263430953,-3.6444302636141375,3.144604499166687
p901,process,,12,post,odor,2.0,0.28273845463991165,0.28273845463991165,0.08032442256808281,0.4851524867117405,-4.861089811318664,5.426566720598487
p901,process,,18,post,odor,2.0,0.12137117981910706,0.12137117981910706,-0.06373266875743866,0.30647502839565277,-4.58256361511583,4.825305974754044
p901,process,,40,post,odor,2.0,-0.1201004832983017,-0.1201004832983017,-0.2703660801053047,0.030165113508701324,-3.9387113589648193,3.698510392368216
p901,process,,32,post,odor,2.0,0.019399486482143402,0.019399486482143402,-0.035031747072935104,0.07383072003722191,-1.3638293087045954,1.4026282816688822
p901,process,,31,post,odor,2.0,-0.12361273169517517,-0.12361273169517517,-0.13018739968538284,-0.1170380637049675,-0.29069088680708094,0.0434654234167306
p901,process,,0,post,odor,2.0,0.3291765060275793,0.3291765060275793,0.19479349348694086,0.46355951856821775,-3.085819634782987,3.7441726468381455
p901,process,,4,post,odor,2.0,-0.4402402490377426,-0.4402402490377426,-0.5678858384490013,-0.3125946596264839,-3.684022234496034,2.8035417364205486
p901,process,,2,post,odor,2.0,0.030138275935314596,0.030138275935314596,0.014730843773577362,0.04554570809705183,-0.36140169907619724,0.4216782509468264
p901,process,,3,post,odor,2.0,-0.025585495866835117,-0.025585495866835117,-0.02621815772727132,-0.024952834006398916,-0.04166295812177822,-0.009508033611892015
p901,process,,21,post,odor,2.0,0.4178660660982132,0.4178660660982132,0.3422524258494377,0.4934797063469887,-1.503658721598588,2.339390853795014
p901,process,,1,post,odor,2.0,-0.29036904871463776,-0.29036904871463776,-0.3503432050347328,-0.2303948923945427,-1.8144568668795842,1.2337187694503087
p901,process,,22,post,odor,2.0,0.20299627259373665,0.20299627259373665,0.07903355173766613,0.32695899344980717,-2.9471951491072725,3.353187694294746
p901,process,,10,post,odor,1.0,-0.4468909502029419,-0.4468909502029419,-0.4468909502029419,-0.4468909502029419,,
p901,process,,30,post,odor,2.0,-0.015113096684217453,-0.015113096684217453,-0.06981083191931248,0.03958463855087757,-1.4051143416886052,1.3748881483201703
p901,process,,17,post,odor,2.0,0.07691872492432594,0.07691872492432594,0.06306133978068829,0.0907761100679636,-0.27523082056184534,0.4290682704104972
p901,process,,39,post,odor,2.0,0.14043345674872398,0.14043345674872398,0.09389784373342991,0.18696906976401806,-1.0421485962427204,1.3230155097401683
p920,process,,39,pre,odor,2.0,0.6353969424962997,0.6353969424962997,0.5447973385453224,0.7259965464472771,-1.6669572911386195,2.937751176131219
p920,process,,17,pre,odor,2.0,-0.056355684995651245,-0.056355684995651245,-0.17520886659622192,0.062497496604919434,-3.0767014029208553,2.9639900329295528
p920,process,,32,pre,odor,2.0,1.3409634232521057,1.3409634232521057,1.1495815217494965,1.532345324754715,-3.5225118233290393,6.204438669833251
p920,process,,30,pre,odor,2.0,0.4341094382107258,0.4341094382107258,0.26761613599956036,0.6006027404218912,-3.7968865319830236,4.665105408404475
p920,process,,40,pre,odor,2.0,0.11139070987701416,0.11139070987701416,-0.07527729868888855,0.29805871844291687,-4.6322931591877285,4.855074578941757
p920,process,,3,pre,odor,2.0,0.9514230936765671,0.9514230936765671,0.5629912689328194,1.3398549184203148,-8.919565488803403,10.822411676156538
p920,process,,2,pre,odor,2.0,0.629320427775383,0.629320427775383,0.5013961270451546,0.7572447285056114,-2.6215442838451457,3.8801851393959117
p920,process,,1,pre,odor,2.0,0.21298814564943314,0.21298814564943314,0.150482889264822,0.27549340203404427,-1.3754210237704858,1.801397315069352
p920,process,,4,pre,odor,2.0,0.500049889087677,0.500049889087677,-0.003480464220046997,1.003580242395401,-12.29586963092496,13.295969409100314
p920,process,,31,pre,odor,2.0,0.7596851885318756,0.7596851885318756,0.6392332166433334,0.8801371604204178,-2.3012896428516756,3.820660019915427
p920,process,,21,pre,odor,2.0,0.40356214344501495,0.40356214344501495,0.4006717875599861,0.4064524993300438,0.3301112361738473,0.4770130507161826
p920,process,,12,pre,odor,2.0,0.3893427588045597,0.3893427588045597,0.13944708369672298,0.6392384339123964,-5.961108462404975,6.7397939800140945
p920,process,,22,pre,odor,2.0,0.8213780075311661,0.8213780075311661,0.5768781527876854,1.0658778622746468,-5.391952417140112,7.034708432202444
p920,process,,10,pre,odor,2.0,0.8462105840444565,0.8462105840444565,0.46231136471033096,1.230109803378582,-8.909593573789609,10.602014741878522
p920,process,,0,pre,odor,2.0,-0.42513591796159744,-0.42513591796159744,-0.5959109701216221,-0.2543608658015728,-4.764941471113969,3.9146696351907737
p920,process,,18,pre,odor,2.0,-0.35305867344141006,-0.35305867344141006,-0.5842841155827045,-0.12183323130011559,-6.229054289561017,5.5229369426781965
p920,process,,12,post,odor,2.0,0.14096320793032646,0.14096320793032646,0.11100673116743565,0.17091968469321728,-0.6203030459171743,0.9022294617778273
p920,process,,18,post,odor,2.0,0.09230545535683632,0.09230545535683632,0.08498785085976124,0.0996230598539114,-0.09365250647954093,0.27826341719321357
p920,process,,40,post,odor,2.0,0.03520190715789795,0.03520190715789795,-0.021712668240070343,0.09211648255586624,-1.4111345878001749,1.4815384021159708
p920,process,,32,post,odor,2.0,-0.06728209368884563,-0.06728209368884563,-0.11655535455793142,-0.018008832819759846,-1.3194343749319437,1.1848701875542524
p920,process,,31,post,odor,2.0,-0.07031793892383575,-0.07031793892383575,-0.09191890805959702,-0.04871696978807449,-0.619250611601382,0.47861473375371044
p920,process,,0,post,odor,2.0,-0.16796574788168073,-0.16796574788168073,-0.2574519703630358,-0.07847952540032566,-2.442026275711633,2.1060947799482714
p920,process,,4,post,odor,2.0,0.12627048417925835,0.12627048417925835,0.11856642551720142,0.13397454284131527,-0.06950820913993236,0.3220491774984491
p920,process,,2,post,odor,2.0,-0.20568060874938965,-0.20568060874938965,-0.25718820095062256,-0.15417301654815674,-1.5146126327019103,1.103251415203131
p920,process,,3,post,odor,2.0,-0.047149522230029106,-0.047149522230029106,-0.07614340167492628,-0.01815564278513193,-0.7839538588756902,0.689654814415632
p920,process,,21,post,odor,2.0,0.5614753663539886,0.5614753663539886,0.49274562299251556,0.6302051097154617,-1.1851130148772524,2.30806374758523
p920,process,,1,post,odor,2.0,-0.013747285585850477,-0.013747285585850477,-0.018431842094287276,-0.009062729077413678,-0.13279315377460574,0.10529858260290478
p920,process,,22,post,odor,2.0,0.04121765214949846,0.04121765214949846,0.026802509557455778,0.05563279474154115,-0.32510585400179415,0.4075411583007911
p920,process,,10,post,odor,1.0,-0.4773648977279663,-0.4773648977279663,-0.4773648977279663,-0.4773648977279663,,
p920,process,,30,post,odor,2.0,-0.18730390258133411,-0.18730390258133411,-0.26409095618873835,-0.11051684897392988,-2.1386479510279335,1.764040145865265
p920,process,,17,post,odor,2.0,0.04033295810222626,0.04033295810222626,-0.0942012295126915,0.174867145717144,-3.3785049055979393,3.4591708218023918
p920,process,,39,post,odor,2.0,0.15266143530607224,0.15266143530607224,0.069688830524683,0.23563404008746147,-1.9558723723860054,2.26119524299815
p939,process,,39,pre,odor,2.0,1.8522843718528748,1.8522843718528748,1.740226536989212,1.9643422067165375,-0.9953752122874309,4.699943955993181
p939,process,,17,pre,odor,2.0,-0.4407989978790283,-0.4407989978790283,-0.5401307344436646,-0.3414672613143921,-2.965057761059104,2.0834597653010474
p939,process,,32,pre,odor,2.0,5.646348476409912,5.646348476409912,5.4636640548706055,5.829032897949219,1.0038971520337672,10.288799800786057
p939,process,,30,pre,odor,2.0,3.673838973045349,3.673838973045349,3.0346465706825256,4.313031375408173,-12.569580087413428,19.917258033504126
p939,process,,40,pre,odor,2.0,2.2412132918834686,2.2412132918834686,1.3211130648851395,3.161313518881798,-21.14075043219969,25.62317701596663
p939,process,,3,pre,odor,2.0,3.3218204975128174,3.3218204975128174,2.684893488883972,3.9587475061416626,-12.864029449762008,19.507670444787642
p939,process,,2,pre,odor,2.0,3.922593355178833,3.922593355178833,3.6649030447006226,4.1802836656570435,-2.625938331750297,10.471125042107964
p939,process,,1,pre,odor,2.0,3.1777538061141968,3.1777538061141968,3.0698264241218567,3.285681188106537,0.43505898164618273,5.920448630582211
p939,process,,4,pre,odor,2.0,2.239499256014824,2.239499256014824,1.2389388158917427,3.240059696137905,-23.18715235022703,27.66615086225668
p939,process,,31,pre,odor,2.0,4.23604416847229,4.23604416847229,3.9934650659561157,4.478623270988464,-1.9284753141037507,10.40056365104833
p939,process,,21,pre,odor,2.0,1.5259925723075867,1.5259925723075867,1.1998187601566315,1.8521663844585419,-6.7628699012296565,9.81485504584483
p939,process,,12,pre,odor,2.0,2.367479920387268,2.367479920387268,1.6206513047218323,3.114308536052704,-16.61123466657063,21.346194507345167
p939,process,,22,pre,odor,2.0,3.517266035079956,3.517266035079956,2.710257887840271,4.324274182319641,-16.990755450096945,24.025287520256857
p939,process,,10,pre,odor,2.0,3.4586681127548218,3.4586681127548218,3.3303359150886536,3.58700031042099,0.19743775717567447,6.7198984683339695
p939,process,,0,pre,odor,2.0,0.6824062913656235,0.6824062913656235,0.46926019340753555,0.8955523893237114,-4.7341496273788,6.098962210110047
p939,process,,18,pre,odor,2.0,-0.14015941694378853,-0.14015941694378853,-0.2566434685140848,-0.02367536537349224,-3.1002998324464204,2.8199809985588433
p939,process,,12,post,odor,2.0,0.31639786064624786,0.31639786064624786,0.30931804329156876,0.32347767800092697,0.13648264303969695,0.4963130782527988
p939,process,,18,post,odor,2.0,0.33825017511844635,0.33825017511844635,0.3244367018342018,0.3520636484026909,-0.012783464216134743,0.6892838144530274
p939,process,,40,post,odor,2.0,-0.06892819702625275,-0.06892819702625275,-0.1809389963746071,0.04308260232210159,-2.915392495391799,2.7775361013392934
p939,process,,32,post,odor,2.0,-0.017375841736793518,-0.017375841736793518,-0.17896635085344315,0.1442146673798561,-4.1237800262545,4.089028342780913
p939,process,,31,post,odor,2.0,-0.004252124577760696,-0.004252124577760696,-0.050309574231505394,0.041805325075984,-1.1746828944308374,1.166178645275316
p939,process,,0,post,odor,2.0,-0.20224598748609424,-0.20224598748609424,-0.298180062090978,-0.10631191288121045,-2.640161973696316,2.2356699987241275
p939,process,,4,post,odor,2.0,-0.04144652001559734,-0.04144652001559734,-0.06869840528815985,-0.01419463474303484,-0.7339825874554435,0.6510895474242488
p939,process,,2,post,odor,2.0,0.017424732446670532,0.017424732446670532,-0.10869519412517548,0.14354465901851654,-3.187586484219718,3.222435949113059
p939,process,,3,post,odor,2.0,-0.14080042392015457,-0.14080042392015457,-0.1423506774008274,-0.13925017043948174,-0.18019610015694756,-0.10140474768336158
p939,process,,21,post,odor,2.0,0.5301279574632645,0.5301279574632645,0.42345642298460007,0.6367994919419289,-2.180652755752391,3.24090867067892
p939,process,,1,post,odor,2.0,0.2170848548412323,0.2170848548412323,0.18586541712284088,0.24830429255962372,-0.5762762799550396,1.0104459896375042
p939,process,,22,post,odor,2.0,-0.26478682085871696,-0.26478682085871696,-0.34160842560231686,-0.18796521611511707,-2.217008896926055,1.6874352552086214
p939,process,,10,post,odor,1.0,0.006063165608793497,0.006063165608793497,0.006063165608793497,0.006063165608793497,,
p939,process,,30,post,odor,2.0,-0.14600922912359238,-0.14600922912359238,-0.17639221623539925,-0.11562624201178551,-0.9181141386019426,0.6260956803547578
p939,process,,17,post,odor,2.0,-0.06544838659465313,-0.06544838659465313,-0.12000553216785192,-0.010891241021454334,-1.4518769095433546,1.3209801363540483
p939,process,,39,post,odor,2.0,0.0027375519275665283,0.0027375519275665283,-0.15731045603752136,0.16278555989265442,-4.064467961715083,4.069943065570216
p958,process,,39,pre,odor,2.0,0.33383292704820633,0.33383292704820633,0.2552695833146572,0.41239627078175545,-1.6626509334256783,2.330316787522091
p958,process,,17,pre,odor,2.0,-0.33752205967903137,-0.33752205967903137,-0.3656882345676422,-0.30935588479042053,-1.0532924292182149,0.3782483098601521
p958,process,,32,pre,odor,2.0,1.4463093280792236,1.4463093280792236,1.4048810005187988,1.4877376556396484,0.39351570435909133,2.499102951799356
p958,process,,30,pre,odor,2.0,0.30101627856492996,0.30101627856492996,0.038725029677152634,0.5633075274527073,-6.364436339185174,6.966468896315034
p958,process,,40,pre,odor,2.0,0.3215683773159981,0.3215683773159981,0.20224861428141594,0.4408881403505802,-2.7106342990625016,3.353771053694498
p958,process,,3,pre,odor,2.0,0.6858828514814377,0.6858828514814377,0.37832576781511307,0.9934399351477623,-7.129883694768823,8.501649397731699
p958,process,,2,pre,odor,2.0,0.6491722464561462,0.6491722464561462,0.487219899892807,0.8111245930194855,-3.466427099419266,4.764771592331559
p958,process,,1,pre,odor,2.0,0.19602742046117783,0.19602742046117783,0.005492154508829117,0.38656268641352654,-4.645932776842899,5.037987617765254
p958,process,,4,pre,odor,2.0,0.4015979655086994,0.4015979655086994,0.15805347077548504,0.6451424602419138,-5.787454459388183,6.590650390405582
p958,process,,31,pre,odor,2.0,1.4893156290054321,1.4893156290054321,1.441204309463501,1.5374269485473633,0.2666910765508326,2.7119401814600317
p958,process,,21,pre,odor,2.0,0.26827459037303925,0.26827459037303925,0.20299705117940903,0.33355212956666946,-1.3905849649628275,1.927134145708906
p958,process,,12,pre,odor,2.0,0.24853738769888878,0.24853738769888878,0.09064553119242191,0.40642924420535564,-3.7638751221928803,4.260949897590658
p958,process,,22,pre,odor,2.0,0.5341884940862656,0.5341884940862656,0.4260625019669533,0.6423144862055779,-2.213553492253721,3.281930480426252
p958,process,,10,pre,odor,2.0,0.6044746600091457,0.6044746600091457,0.3559007588773966,0.8530485611408949,-5.712387099690157,6.921336419708449
p958,process,,0,pre,odor,2.0,0.05603617988526821,0.05603617988526821,-0.0002512028440833092,0.11232356261461973,-1.3743618381598595,1.4864341979303959
p958,process,,18,pre,odor,2.0,-0.37209097295999527,-0.37209097295999527,-0.44697682932019234,-0.2972051165997982,-2.2751210184728627,1.530939072552872
p958,process,,12,post,odor,2.0,0.2744014263153076,0.2744014263153076,0.2709820717573166,0.27782078087329865,0.18750738815649537,0.36129546447411987
p958,process,,18,post,odor,2.0,0.1651320978999138,0.1651320978999138,0.14817091450095177,0.1820932812988758,-0.2658924397701238,0.5961566355699514
p958,process,,40,post,odor,2.0,0.07400880381464958,0.07400880381464958,-0.01746976189315319,0.16548736952245235,-2.2506819658952533,2.3986995735245524
p958,process,,32,post,odor,2.0,0.028425130993127823,0.028425130993127823,-0.0211478341370821,0.07799809612333775,-1.2313433576542647,1.2881936196405204
p958,process,,31,post,odor,2.0,0.19613200426101685,0.19613200426101685,0.08664192259311676,0.30562208592891693,-2.5862747842446354,2.978538792766669
p958,process,,0,post,odor,2.0,0.01983489003032446,0.01983489003032446,-0.0019874214194715023,0.04165720148012042,-0.5347226241650288,0.5743924042256777
p958,process,,4,post,odor,2.0,0.2022942677140236,0.2022942677140236,0.15353139862418175,0.25105713680386543,-1.0368877286436065,1.4414762640716536
p958,process,,2,post,odor,2.0,0.29543010145425797,0.29543010145425797,0.22770318016409874,0.3631570227444172,-1.4256741546728458,2.016534357581362
p958,process,,3,post,odor,2.0,0.06958278082311153,0.06958278082311153,0.05557063315063715,0.08359492849558592,-0.2864996534168349,0.425665215063058
p958,process,,21,post,odor,2.0,1.4736319184303284,1.4736319184303284,1.3967595398426056,1.5505042970180511,-0.479880443354346,3.4271442802150025
p958,process,,1,post,odor,2.0,0.056652382016181946,0.056652382016181946,-0.13320281356573105,0.24650757759809494,-4.7680255885643685,4.881330352596732
p958,process,,22,post,odor,2.0,0.09454370103776455,0.09454370103776455,0.02868127916008234,0.16040612291544676,-1.5791791325585185,1.7682665346340476
p958,process,,10,post,odor,1.0,-0.03153516352176666,-0.03153516352176666,-0.03153516352176666,-0.03153516352176666,,
p958,process,,30,post,odor,2.0,-0.06077886372804642,-0.06077886372804642,-0.06544817239046097,-0.056109555065631866,-0.179437247410113,0.05787951995402016
p958,process,,17,post,odor,2.0,-0.07299583032727242,-0.07299583032727242,-0.089381268247962,-0.05661039240658283,-0.4893892881515972,0.3433976274970524
p958,process,,39,post,odor,2.0,0.009143412113189697,0.009143412113189697,-0.05890948325395584,0.07719630748033524,-1.7202446307356614,1.7385314549620408
p977,process,,39,pre,odor,2.0,0.6248484700918198,0.6248484700918198,0.5198459401726723,0.7298510000109673,-2.0435188158461735,3.293215756029813
p977,process,,17,pre,odor,2.0,-1.484791874885559,-1.484791874885559,-1.9580636620521545,-1.0115200877189636,-13.511768322073673,10.542184572302554
p977,process,,32,pre,odor,2.0,3.5784753561019897,3.5784753561019897,3.389383018016815,3.7675676941871643,-1.226816567402393,8.383767279606372
p977,process,,30,pre,odor,2.0,0.2945551648736,0.2945551648736,0.25310319289565086,0.33600713685154915,-0.7588393204663959,1.347949650213596
p977,process,,40,pre,odor,2.0,0.13771766424179077,0.13771766424179077,-0.22138944268226624,0.4968247711658478,-8.988059181343099,9.26349450982668
p977,process,,3,pre,odor,2.0,-0.5232651233673096,-0.5232651233673096,-1.501625895500183,0.45509564876556396,-25.385769676491805,24.339239429757185
p977,process,,2,pre,odor,2.0,3.4375901222229004,3.4375901222229004,2.9797966480255127,3.895383596420288,-8.19604509785053,15.07122534229633
p977,process,,1,pre,odor,2.0,-0.4375338852405548,-0.4375338852405548,-0.4644297659397125,-0.4106380045413971,-1.1210230186870094,0.24595524820589976
p977,process,,4,pre,odor,2.0,0.15204106271266937,0.15204106271266937,-0.05998402088880539,0.36406614631414413,-5.2360271801771185,5.540109305602457
p977,process,,31,pre,odor,2.0,-0.5484868362545967,-0.5484868362545967,-0.8779584802687168,-0.2190151922404766,-8.921155163469546,7.824181490960353
p977,process,,21,pre,odor,2.0,1.08346426486969,1.08346426486969,0.9700459241867065,1.1968826055526733,-1.7987690502407072,3.965697579980087
p977,process,,12,pre,odor,2.0,-0.5527509255334735,-0.5527509255334735,-0.8182459375821054,-0.2872559134848416,-7.299618884579642,6.194117033512695
p977,process,,22,pre,odor,2.0,0.01798155903816223,0.01798155903816223,-0.18823735415935516,0.22420047223567963,-5.222537904080024,5.258501022156349
p977,process,,10,pre,odor,2.0,-1.0763520300388336,-1.0763520300388336,-1.2490169554948807,-0.9036871045827866,-5.464183817240585,3.3114797571629175
p977,process,,0,pre,odor,2.0,0.13751044869422913,0.13751044869422913,-0.37620939314365387,0.6512302905321121,-12.917348526160618,13.192369423549076
p977,process,,18,pre,odor,2.0,-0.0563783198595047,-0.0563783198595047,-0.14981363713741302,0.037056997418403625,-2.4307948617045927,2.3180382219855833
p977,process,,12,post,odor,2.0,0.39337676018476486,0.39337676018476486,0.30792682245373726,0.47882669791579247,-1.7781120468228666,2.5648655671923963
p977,process,,18,post,odor,2.0,0.5916042625904083,0.5916042625904083,0.4732758551836014,0.7099326699972153,-2.4154056786423497,3.5986142038231663
p977,process,,40,post,odor,2.0,-0.24019667506217957,-0.24019667506217957,-0.3277784287929535,-0.15261492133140564,-2.4658600631750702,1.985466713050711
p977,process,,32,post,odor,2.0,0.05789593607187271,0.05789593607187271,-0.08713758364319801,0.20292945578694344,-3.627755254143562,3.7435471262873072
p977,process,,31,post,odor,2.0,0.4185701459646225,0.4185701459646225,0.40785855799913406,0.42928173393011093,0.1463628864865405,0.6907774054427045
p977,process,,0,post,odor,2.0,0.017791137099266052,0.017791137099266052,-0.1513538882136345,0.1869361624121666,-4.280591506363065,4.316173780561597
p977,process,,4,post,odor,2.0,-0.0879996120929718,-0.0879996120929718,-0.21949607133865356,0.04349684715270996,-3.4296414786083402,3.2536422544223966
p977,process,,2,post,odor,2.0,0.8239768594503403,0.8239768594503403,0.6210072413086891,1.0269464775919914,-4.333970187211694,5.981923906112375
p977,process,,3,post,odor,2.0,0.2549879476428032,0.2549879476428032,0.2431134171783924,0.266862478107214,-0.04677248281069074,0.5567483780962972
p977,process,,21,post,odor,2.0,1.7500720024108887,1.7500720024108887,1.4664384126663208,2.0337055921554565,-5.457740920290427,8.957884925112204
p977,process,,1,post,odor,2.0,0.17751635052263737,0.17751635052263737,0.07380355801433325,0.2812291430309415,-2.4580756002191966,2.8131083012644713
p977,process,,22,post,odor,2.0,0.3769350200891495,0.3769350200891495,0.33294836431741714,0.4209216758608818,-0.7408718877013929,1.4947419278796918
p977,process,,10,post,odor,1.0,0.16227135062217712,0.16227135062217712,0.16227135062217712,0.16227135062217712,,
p977,process,,30,post,odor,2.0,-0.2722652032971382,-0.2722652032971382,-0.49316224828362465,-0.05136815831065178,-5.8857913617257145,5.341260955131438
p977,process,,17,post,odor,2.0,-0.019413936883211136,-0.019413936883211136,-0.07793202437460423,0.03910415060818195,-1.506499537753259,1.4676716639868368
p977,process,,39,post,odor,2.0,0.34112200140953064,0.34112200140953064,0.3006058931350708,0.3816381096839905,-0.6884899322870859,1.3707339351061472
p996,process,,39,pre,odor,2.0,0.40044768154621124,0.40044768154621124,0.3773331716656685,0.423562191426754,-0.18694770829080698,0.9878430713832295
p996,process,,17,pre,odor,2.0,-0.26752161607146263,-0.26752161607146263,-0.3660773616284132,-0.16896587051451206,-2.7720605780173693,2.237017345874444
p996,process,,32,pre,odor,2.0,2.768047571182251,2.768047571182251,2.498725175857544,3.037369966506958,-4.076083418883161,9.612178561247664
p996,process,,30,pre,odor,2.0,0.1967707872390747,0.1967707872390747,-0.36383897066116333,0.7573805451393127,-14.049673934716433,14.443215509194582
p996,process,,40,pre,odor,2.0,0.2176380753517151,0.2176380753517151,-0.06989279389381409,0.5051689445972443,-7.089214109856223,7.524490260559653
p996,process,,3,pre,odor,2.0,0.8004504889249802,0.8004504889249802,0.15273142606019974,1.4481695517897606,-15.659651559641233,17.260552537491193
p996,process,,2,pre,odor,2.0,1.222148358821869,1.222148358821869,1.1283940970897675,1.3159026205539703,-1.1603733300921095,3.6046700477358473
p996,process,,1,pre,odor,2.0,0.47919507324695587,0.47919507324695587,0.3004271611571312,0.6579629853367805,-4.063728309296628,5.022118455790539
p996,process,,4,pre,odor,2.0,1.048860028386116,1.048860028386116,0.3319755122065544,1.7657445445656776,-17.16890284115598,19.26662289792821
p996,process,,31,pre,odor,2.0,3.3264647722244263,3.3264647722244263,3.2950214743614197,3.357908070087433,2.5274148117686543,4.125514732680198
p996,process,,21,pre,odor,2.0,-0.002820839872583747,-0.002820839872583747,-0.00675416539888829,0.001112485653720796,-0.10277611873507896,0.09713443898991146
p996,process,,12,pre,odor,2.0,0.12444840371608734,0.12444840371608734,-0.17055832594633102,0.4194551333785057,-7.3723834075639685,7.621280214996143
p996,process,,22,pre,odor,2.0,2.3743188977241516,2.3743188977241516,1.8739300668239594,2.874707728624344,-10.34176696850173,15.090404763950033
p996,process,,10,pre,odor,2.0,1.672858089208603,1.672858089208603,0.9692889600992203,2.3764272183179855,-16.206528711823278,19.552244890240484
p996,process,,0,pre,odor,2.0,-0.10819122195243835,-0.10819122195243835,-0.18302850425243378,-0.03335393965244293,-2.009986883557727,1.7936044396528505
p996,process,,18,pre,odor,2.0,-1.0999101102352142,-1.0999101102352142,-1.7708878964185715,-0.428932324051857,-18.15107235957718,15.951252139106753
p996,process,,12,post,odor,2.0,-0.05766085535287857,-0.05766085535287857,-0.15281332656741142,0.03749161586165428,-2.4757144161625253,2.360392705456768
p996,process,,18,post,odor,2.0,0.5699679851531982,0.5699679851531982,0.5605289936065674,0.5794069766998291,0.3301004669641704,0.8098355033422261
p996,process,,40,post,odor,2.0,0.20935934782028198,0.20935934782028198,0.16735002398490906,0.2513686716556549,-0.8581987911407416,1.2769174867813056
p996,process,,32,post,odor,2.0,-0.0873961541801691,-0.0873961541801691,-0.10997303295880556,-0.06481927540153265,-0.661129042310474,0.48633673395013577
p996,process,,31,post,odor,2.0,0.20691035687923431,0.20691035687923431,-0.018296293914318085,0.4321170076727867,-5.516133268982917,5.929953982741385
p996,process,,0,post,odor,2.0,0.06043527729343623,0.06043527729343623,0.031678053841460496,0.08919250074541196,-0.6703550603560198,0.7912256149428922
p996,process,,4,post,odor,2.0,0.2650652080774307,0.2650652080774307,0.035345934331417084,0.49478448182344437,-5.572655040046988,6.1027854562018495
p996,process,,2,post,odor,2.0,-0.03630832955241203,-0.03630832955241203,-0.07414944283664227,0.0015327837318181992,-0.9979421952208305,0.9253255361160064
p996,process,,3,post,odor,2.0,0.15928956866264343,0.15928956866264343,0.1306641474366188,0.18791498988866806,-0.5681513568515759,0.8867304941768628
p996,process,,21,post,odor,2.0,1.8056877851486206,1.8056877851486206,1.7365108132362366,1.8748647570610046,0.04773424885390498,3.5636413214433365
p996,process,,1,post,odor,2.0,-0.12241139262914658,-0.12241139262914658,-0.2663542293012142,0.021531444042921066,-3.7803456987512387,3.5355229134929456
p996,process,,22,post,odor,2.0,-0.2037049513310194,-0.2037049513310194,-0.2909839292988181,-0.11642597336322069,-2.421674077776881,2.014264175114842
p996,process,,10,post,odor,1.0,-0.3984030485153198,-0.3984030485153198,-0.3984030485153198,-0.3984030485153198,,
p996,process,,30,post,odor,2.0,-0.5019378960132599,-0.5019378960132599,-0.5110846012830734,-0.49279119074344635,-0.7343777156526575,-0.26949807637386225
p996,process,,17,post,odor,2.0,0.22697745636105537,0.22697745636105537,0.14332850091159344,0.3106264118105173,-1.8987440514549827,2.3526989641770935
p996,process,,39,post,odor,2.0,0.014343351125717163,0.014343351125717163,-0.17086756229400635,0.19955426454544067,-4.692312219444147,4.720998921695581
p1015,process,,39,pre,odor,2.0,0.04270617477595806,0.04270617477595806,0.0036831581965088844,0.08172919135540724,-0.9489627013872832,1.0343750509391993
p1015,process,,17,pre,odor,2.0,0.0666557252407074,0.0666557252407074,-0.17503081262111664,0.30834226310253143,-6.0751815388584385,6.208492989339853
p1015,process,,32,pre,odor,2.0,1.5386070609092712,1.5386070609092712,1.4857876002788544,1.591426521539688,0.19633729926048016,2.8808768225580623
p1015,process,,30,pre,odor,2.0,0.21300958842039108,0.21300958842039108,-0.00875629112124443,0.4347754679620266,-5.4225957494873605,5.848614926328143
p1015,process,,40,pre,odor,2.0,0.3062925860285759,0.3062925860285759,0.09774093702435493,0.5148442350327969,-4.9935073146003734,5.606092486657525
p1015,process,,3,pre,odor,2.0,0.9285923838615417,0.9285923838615417,0.5523237884044647,1.3048609793186188,-8.63329923547948,10.490484003202564
p1015,process,,2,pre,odor,2.0,0.877508670091629,0.877508670091629,0.7566295713186264,0.9983877688646317,-2.1943204845764797,3.9493378247597377
p1015,process,,1,pre,odor,2.0,0.39192067086696625,0.39192067086696625,0.3643656000494957,0.4194757416844368,-0.3083200717861805,1.092161413520113
p1015,process,,4,pre,odor,2.0,0.6628982424736023,0.6628982424736023,0.6237994134426117,0.7019970715045929,-0.3306972107513123,1.6564936956985168
p1015,process,,31,pre,odor,2.0,0.4950902760028839,0.4950902760028839,0.45737825334072113,0.5328022986650467,-0.46326308591851617,1.453443637924284
p1015,process,,21,pre,odor,2.0,0.07142721861600876,0.07142721861600876,-0.07632210478186607,0.2191765420138836,-3.6832390868333587,3.826093524065376
p1015,process,,12,pre,odor,2.0,0.3916655480861664,0.3916655480861664,0.37870122492313385,0.4046298712491989,0.062210859335319946,0.7211202368370129
p1015,process,,22,pre,odor,2.0,0.4411195367574692,0.4411195367574692,0.38098765164613724,0.5012514218688011,-1.0869765500359678,1.9692156235509062
p1015,process,,10,pre,odor,2.0,0.8237038254737854,0.8237038254737854,0.7789768278598785,0.8684308230876923,-0.3129169523596098,1.9603246033071806
p1015,process,,0,pre,odor,2.0,-0.31850623339414597,-0.31850623339414597,-0.37849993631243706,-0.2585125304758549,-1.8430907777162415,1.2060783109279496
p1015,process,,18,pre,odor,2.0,0.08701854944229126,0.08701854944229126,-0.21568283438682556,0.3897199332714081,-7.605352964270024,7.779390063154606
p1015,process,,12,post,odor,2.0,0.5861426666378975,0.5861426666378975,0.3488483540713787,0.8234369792044163,-5.444077569762141,6.616362903037936
p1015,process,,18,post,odor,2.0,0.6193884164094925,0.6193884164094925,0.2613389417529106,0.9774378910660744,-8.47951144492315,9.718288277742134
p1015,process,,40,post,odor,2.0,0.12330922391265631,0.12330922391265631,0.07157458970323205,0.17504385812208056,-1.1913924845194475,1.43801093234476
p1015,process,,32,post,odor,2.0,0.23295320942997932,0.23295320942997932,0.055542854592204094,0.41036356426775455,-4.275471372342365,4.741377791202324
p1015,process,,31,post,odor,2.0,0.026244841516017914,0.026244841516017914,-0.05916306748986244,0.11165275052189827,-2.1441759143185704,2.196665597350606
p1015,process,,0,post,odor,2.0,0.19538903329521418,0.19538903329521418,0.089539201464504,0.30123886512592435,-2.4945102357661146,2.885288302356543
p1015,process,,4,post,odor,2.0,-0.05989430844783783,-0.05989430844783783,-0.25205837935209274,0.13226976245641708,-4.943246364140345,4.823457747244669
p1015,process,,2,post,odor,2.0,0.2537636160850525,0.2537636160850525,0.22588154673576355,0.28164568543434143,-0.45478694715552037,0.9623141793256254
p1015,process,,3,post,odor,2.0,0.2609190484508872,0.2609190484508872,0.1406057090498507,0.3812323878519237,-2.7965327973939997,3.318370894295774
p1015,process,,21,post,odor,2.0,0.803847074508667,0.803847074508667,0.782771497964859,0.824922651052475,0.2682658935115765,1.3394282555057575
p1015,process,,1,post,odor,2.0,0.15879514440894127,0.15879514440894127,0.021944129839539528,0.295646158978343,-3.318918874535148,3.6365091633530304
p1015,process,,22,post,odor,2.0,-0.2722275108098984,-0.2722275108098984,-0.32639574259519577,-0.21805927902460098,-1.648772797331007,1.1043177757112101
p1015,process,,10,post,odor,1.0,-0.39280223846435547,-0.39280223846435547,-0.39280223846435547,-0.39280223846435547,,
p1015,process,,30,post,odor,2.0,0.25361989438533783,0.25361989438533783,0.17391080409288406,0.3333289846777916,-1.771980146794967,2.2792199355656426
p1015,process,,17,post,odor,2.0,0.38077761232852936,0.38077761232852936,0.3757098838686943,0.3858453407883644,0.2519944216125225,0.5095608030445362
p1015,process,,39,post,odor,2.0,-0.016792766749858856,-0.016792766749858856,-0.10372433438897133,0.07013880088925362,-2.2259333596682223,2.1923478261685045
p1034,process,,39,pre,odor,2.0,2.4391454458236694,2.4391454458236694,2.4170283675193787,2.46126252412796,1.8770971956230174,3.0011936960243215
p1034,process,,17,pre,odor,2.0,1.6310428977012634,1.6310428977012634,1.5204549133777618,1.741630882024765,-1.1792642426493138,4.441350038051841
p1034,process,,32,pre,odor,2.0,10.059850692749023,10.059850692749023,9.829503059387207,10.29019832611084,4.206162312771936,15.91353907272611
p1034,process,,30,pre,odor,2.0,7.236639499664307,7.236639499664307,7.102239370346069,7.371039628982544,3.8212083802925507,10.652070619036063
p1034,process,,40,pre,odor,2.0,2.052471160888672,2.052471160888672,1.6358815431594849,2.469060778617859,-8.53407478677493,12.639017108552274
p1034,process,,3,pre,odor,2.0,3.3471091985702515,3.3471091985702515,2.3615694642066956,4.332648932933807,-21.697830082346872,28.392048479487375
p1034,process,,2,pre,odor,2.0,2.877307176589966,2.877307176589966,2.769342064857483,2.9852722883224487,0.13365354851615718,5.620960804663774
p1034,process,,1,pre,odor,2.0,2.8004873991012573,2.8004873991012573,2.662343680858612,2.9386311173439026,-0.7100773349137062,6.31105213311622
p1034,process,,4,pre,odor,2.0,2.2990140318870544,2.2990140318870544,1.4259759485721588,3.17205211520195,-19.886987226266154,24.485015290040263
p1034,process,,31,pre,odor,2.0,11.64300012588501,11.64300012588501,11.122222661972046,12.163777589797974,-1.5912100310428823,24.877210282812904
p1034,process,,21,pre,odor,2.0,6.100058555603027,6.100058555603027,5.630340337753296,6.569776773452759,-5.836613133016561,18.036730244222618
p1034,process,,12,pre,odor,2.0,2.796996086835861,2.796996086835861,1.7268964797258377,3.8670956939458847,-24.396813305244255,29.990805478915977
p1034,process,,22,pre,odor,2.0,10.071566581726074,10.071566581726074,9.563360691070557,10.579772472381592,-2.8431696078719586,22.986302771324105
p1034,process,,10,pre,odor,2.0,3.031519114971161,3.031519114971161,1.8970077335834503,4.1660304963588715,-25.799148659894083,31.862186889836405
p1034,process,,0,pre,odor,2.0,0.2622060626745224,0.2622060626745224,0.22005542367696762,0.3043567016720772,-0.8089432350525181,1.3333553604015629
p1034,process,,18,pre,odor,2.0,1.558878481388092,1.558878481388092,1.2994868457317352,1.8182701170444489,-5.032887977613711,8.150644940389896
p1034,process,,12,post,odor,2.0,0.44080791622400284,0.44080791622400284,0.3303571306169033,0.5512587018311024,-2.3660126741662846,3.2476285066142903
p1034,process,,18,post,odor,2.0,0.6732667982578278,0.6732667982578278,0.592698261141777,0.7538353353738785,-1.374173857523433,2.7207074540390885
p1034,process,,40,post,odor,2.0,0.1068532345816493,0.1068532345816493,0.06764253647997975,0.14606393268331885,-0.8895850812746502,1.1032915504379488
p1034,process,,32,post,odor,2.0,0.7663713693618774,0.7663713693618774,0.7408751249313354,0.7918676137924194,0.1184503658858369,1.414292372837918
p1034,process,,31,post,odor,2.0,0.3913401663303375,0.3913401663303375,0.3800473064184189,0.40263302624225616,0.10436138613478163,0.6783189465258934
p1034,process,,0,post,odor,2.0,-0.12824299186468124,-0.12824299186468124,-0.1455601267516613,-0.11092585697770119,-0.5683131145005254,0.3118271307711628
p1034,process,,4,post,odor,2.0,0.11842315644025803,0.11842315644025803,-0.0337291918694973,0.27057550475001335,-3.7481346209867707,3.984980933867287
p1034,process,,2,post,odor,2.0,0.26555007696151733,0.26555007696151733,0.21834667026996613,0.31275348365306854,-0.9340022223740192,1.4651023762970539
p1034,process,,3,post,odor,2.0,0.5183409452438354,0.5183409452438354,0.4337581992149353,0.6029236912727356,-1.6311104311383091,2.66779232162598
p1034,process,,21,post,odor,2.0,8.575690746307373,8.575690746307373,8.152706384658813,8.998675107955933,-2.1733610523061397,19.324742544920888
p1034,process,,1,post,odor,2.0,0.1712564378976822,0.1712564378976822,0.1470075249671936,0.19550535082817078,-0.4449668667512414,0.7874797425466058
p1034,process,,22,post,odor,2.0,0.056873369961977005,0.056873369961977005,0.04722328297793865,0.06652345694601536,-0.18835859192019477,0.3021053318441488
p1034,process,,10,post,odor,1.0,0.29063642024993896,0.29063642024993896,0.29063642024993896,0.29063642024993896,,
p1034,process,,30,post,odor,2.0,0.5775462836027145,0.5775462836027145,0.46012187749147415,0.6949706897139549,-2.4064908065435717,3.561583373749001
p1034,process,,17,post,odor,2.0,0.33066704124212265,0.33066704124212265,0.2596665360033512,0.4016675464808941,-1.473626870629225,2.1349609531134703
p1034,process,,39,post,odor,2.0,0.20791233330965042,0.20791233330965042,0.18642057105898857,0.22940409556031227,-0.3382451292865498,0.7540697959058507
p1053,process,,39,pre,odor,2.0,0.20927030220627785,0.20927030220627785,0.14629838429391384,0.27224222011864185,-1.3909978610418894,1.809538465454445
p1053,process,,17,pre,odor,2.0,-0.35458462685346603,-0.35458462685346603,-0.4343828521668911,-0.27478640154004097,-2.3824498036850197,1.6732805499780876
p1053,process,,32,pre,odor,2.0,0.7182859480381012,0.7182859480381012,0.6499022990465164,0.786669597029686,-1.019507341349463,2.4560792374256657
p1053,process,,30,pre,odor,2.0,0.2585996612906456,0.2585996612906456,0.009054455906152725,0.5081448666751385,-6.082945279801614,6.600144602382906
p1053,process,,40,pre,odor,2.0,-0.023609966039657593,-0.023609966039657593,-0.12157820165157318,0.074358269572258,-2.5132188846932575,2.4659989526139423
p1053,process,,3,pre,odor,2.0,0.2675636364147067,0.2675636364147067,0.13881357805803418,0.39631369477137923,-3.0042855661339347,3.539412838963348
p1053,process,,2,pre,odor,2.0,0.32083970308303833,0.32083970308303833,0.310792937874794,0.33088646829128265,0.06552719173858007,0.5761522144274966
p1053,process,,1,pre,odor,2.0,0.10401202738285065,0.10401202738285065,0.009397350251674652,0.19862670451402664,-2.300374889968725,2.5083989447344264
p1053,process,,4,pre,odor,2.0,-0.07157881557941437,-0.07157881557941437,-0.31210923939943314,0.1689516082406044,-6.184036436251472,6.040878805092643
p1053,process,,31,pre,odor,2.0,0.696856826543808,0.696856826543808,0.6756896525621414,0.7180240005254745,0.158947933949237,1.234765719138379
p1053,process,,21,pre,odor,2.0,0.24562165886163712,0.24562165886163712,0.09471845254302025,0.396524865180254,-3.589192410797476,4.080435728520751
p1053,process,,12,pre,odor,2.0,0.04753278195858002,0.04753278195858002,-0.14403002709150314,0.23909559100866318,-4.82053976129561,4.91560532521277
p1053,process,,22,pre,odor,2.0,0.5173554718494415,0.5173554718494415,0.5145923942327499,0.5201185494661331,0.44713901205019163,0.5875719316486915
p1053,process,,10,pre,odor,2.0,0.33822014927864075,0.33822014927864075,0.1371106654405594,0.5393296331167221,-4.7724564027875145,5.448896701344796
p1053,process,,0,pre,odor,2.0,-0.0955454504583031,-0.0955454504583031,-0.14617772877682,-0.044913172139786184,-1.3822336396064128,1.1911427386898066
p1053,process,,18,pre,odor,2.0,-0.34550371021032333,-0.34550371021032333,-0.4338379018008709,-0.25716951861977577,-2.59028835731828,1.8992809368976333
p1053,process,,12,post,odor,2.0,0.13729719817638397,0.13729719817638397,0.10435637086629868,0.17023802548646927,-0.699808593785453,0.974402990138221
p1053,process,,18,post,odor,2.0,-0.22881954163312912,-0.22881954163312912,-0.25787219032645226,-0.19976689293980598,-0.9671173464841729,0.5094782632179147
p1053,process,,40,post,odor,2.0,0.16048254072666168,0.16048254072666168,0.15472270548343658,0.16624237596988678,0.014111249032556394,0.30685383242076697
p1053,process,,32,post,odor,2.0,0.10118350945413113,0.10118350945413113,0.07319653127342463,0.12917048763483763,-0.6100330399676903,0.8124000588759526
p1053,process,,31,post,odor,2.0,0.028485628543421626,0.028485628543421626,0.010724377003498375,0.04624688008334488,-0.42287056833050407,0.4798418254173473
p1053,process,,0,post,odor,2.0,0.10682498663663864,0.10682498663663864,0.053312744945287704,0.16033722832798958,-1.2530500110072977,1.466699984280575
p1053,process,,4,post,odor,2.0,-0.15903272666037083,-0.15903272666037083,-0.21785101015120745,-0.1002144431695342,-1.653747031190239,1.3356815778694973
p1053,process,,2,post,odor,2.0,0.3546601012349129,0.3546601012349129,0.2830224297940731,0.42629777267575264,-1.4658257390653369,2.1751459415351624
p1053,process,,3,post,odor,2.0,0.13288186118006706,0.13288186118006706,0.10862858034670353,0.1571351420134306,-0.4834524424052502,0.7492161647653843
p1053,process,,21,post,odor,2.0,0.8787495791912079,0.8787495791912079,0.8152387887239456,0.9422603696584702,-0.735212634075445,2.492711792457861
p1053,process,,1,post,odor,2.0,-0.19028953462839127,-0.19028953462839127,-0.20378049835562706,-0.17679857090115547,-0.5331274290415202,0.15254835978473763
p1053,process,,22,post,odor,2.0,0.431372731924057,0.431372731924057,0.3807186931371689,0.48202677071094513,-0.8558684431566119,1.718613907004726
p1053,process,,10,post,odor,1.0,-0.2231103777885437,-0.2231103777885437,-0.2231103777885437,-0.2231103777885437,,
p1053,process,,30,post,odor,2.0,-0.032854264602065086,-0.032854264602065086,-0.06119059305638075,-0.004517936147749424,-0.7529486462261199,0.6872401170219897
p1053,process,,17,post,odor,2.0,0.15206408128142357,0.15206408128142357,0.026585424318909645,0.2775427382439375,-3.036650929490445,3.340779092053292
p1053,process,,39,post,odor,2.0,0.02601661905646324,0.02601661905646324,-0.017378708347678185,0.06941194646060467,-1.0767632101242433,1.1287964482371697
p1072,process,,39,pre,odor,2.0,-0.1609608381986618,-0.1609608381986618,-0.2779257073998451,-0.043995968997478485,-3.13331998821892,2.8113983118215966
p1072,process,,17,pre,odor,2.0,-0.8937542736530304,-0.8937542736530304,-0.9179391711950302,-0.8695693761110306,-1.5083507930371458,-0.27915775426891487
p1072,process,,32,pre,odor,2.0,-0.06794414296746254,-0.06794414296746254,-0.09877760149538517,-0.03711068443953991,-0.8514966165277356,0.7156083305928105
p1072,process,,30,pre,odor,2.0,-0.4787495881319046,-0.4787495881319046,-0.6610115244984627,-0.2964876517653465,-5.1104645463021665,4.152965370038357
p1072,process,,40,pre,odor,2.0,-0.4859531647525728,-0.4859531647525728,-0.7265999082010239,-0.2453064213041216,-6.601366747452026,5.629460417946881
p1072,process,,3,pre,odor,2.0,-0.04094454646110535,-0.04094454646110535,-0.14314832538366318,0.061259232461452484,-2.6381888260626165,2.556299733140406
p1072,process,,2,pre,odor,2.0,0.42468660697340965,0.42468660697340965,0.17817645706236362,0.6711967568844557,-5.839730261656324,6.689103475603143
p1072,process,,1,pre,odor,2.0,0.15008473582565784,0.15008473582565784,0.08270664792507887,0.21746282372623682,-1.562154823367805,1.8623242950191208
p1072,process,,4,pre,odor,2.0,-0.13150903582572937,-0.13150903582572937,-0.45803074538707733,0.1950126737356186,-8.429212420810245,8.166194349158786
p1072,process,,31,pre,odor,2.0,-0.1244303286075592,-0.1244303286075592,-0.23991695046424866,-0.008943706750869751,-3.059223651808126,2.8103629945930075
p1072,process,,21,pre,odor,2.0,-0.398886576294899,-0.398886576294899,-0.4569651260972023,-0.3408080264925957,-1.8748024654312674,1.0770293128414694
p1072,process,,12,pre,odor,2.0,-0.4237542040646076,-0.4237542040646076,-0.6213347259908915,-0.22617368213832378,-5.444751331015838,4.597242922886623
p1072,process,,22,pre,odor,2.0,-0.07049565017223358,-0.07049565017223358,-0.20518182963132858,0.06419052928686142,-3.493195992853089,3.352204692508622
p1072,process,,10,pre,odor,2.0,0.4749393090605736,0.4749393090605736,0.2894035615026951,0.6604750566184521,-4.239971079638682,5.189849697759829
p1072,process,,0,pre,odor,2.0,-0.4908195100724697,-0.4908195100724697,-0.6810229700058699,-0.30061605013906956,-5.324347716957634,4.342708696812695
p1072,process,,18,pre,odor,2.0,-0.5043044686317444,-0.5043044686317444,-0.6142748892307281,-0.3943340480327606,-3.2989178267396055,2.2903088894761168
p1072,process,,12,post,odor,2.0,0.07229332532733679,0.07229332532733679,0.027065774891525507,0.11752087576314807,-1.0770477057788332,1.2216343564335068
p1072,process,,18,post,odor,2.0,0.5714339166879654,0.5714339166879654,0.4663432165980339,0.6765246167778969,-2.099173985733238,3.242041819109169
p1072,process,,40,post,odor,2.0,0.30746177211403847,0.30746177211403847,0.19463839195668697,0.42028515227138996,-2.5596521624991166,3.1745757067271936
p1072,process,,32,post,odor,2.0,0.1775330975651741,0.1775330975651741,0.053322117775678635,0.30174407735466957,-2.9789671818071985,3.3340333769375468
p1072,process,,31,post,odor,2.0,0.20788097381591797,0.20788097381591797,0.18644489347934723,0.2293170541524887,-0.3368614771791948,0.7526234248110307
p1072,process,,0,post,odor,2.0,0.31727205216884613,0.31727205216884613,0.2540169134736061,0.38052719086408615,-1.2901934335848457,1.924737537922538
p1072,process,,4,post,odor,2.0,-0.5370653867721558,-0.5370653867721558,-0.5657868385314941,-0.5083439350128174,-1.2669466795207924,0.1928159059764809
p1072,process,,2,post,odor,2.0,0.11813593655824661,0.11813593655824661,0.03236937150359154,0.2039025016129017,-2.06139913364754,2.297671006764033
p1072,process,,3,post,odor,2.0,0.22444391623139381,0.22444391623139381,0.1575543936342001,0.29133343882858753,-1.4753800214184603,1.9242678538812479
p1072,process,,21,post,odor,2.0,0.3976225517690182,0.3976225517690182,0.2445169184356928,0.5507281851023436,-3.493160495020832,4.288405598558868
p1072,process,,1,post,odor,2.0,0.2785271853208542,0.2785271853208542,0.2608122155070305,0.2962421551346779,-0.17165288137834261,0.728707252020051
p1072,process,,22,post,odor,2.0,0.01765090593835339,0.01765090593835339,0.008040331216761842,0.027261480659944937,-0.22657695415134121,0.261878766028048
p1072,process,,10,post,odor,1.0,-0.04155411198735237,-0.04155411198735237,-0.04155411198735237,-0.04155411198735237,,
p1072,process,,30,post,odor,2.0,-0.02459408901631832,-0.02459408901631832,-0.05448791664093733,0.005299738608300686,-0.7842682773089662,0.7350800992763296
p1072,process,,17,post,odor,2.0,0.32134346663951874,0.32134346663951874,0.3149021938443184,0.3277847394347191,0.15765520484478301,0.48503172843425446
p1072,process,,39,post,odor,2.0,0.41594184935092926,0.41594184935092926,0.308170847594738,0.5237128511071205,-2.3227789765226876,3.154662675224546
p1091,process,,39,pre,odor,2.0,-0.5013155490159988,-0.5013155490159988,-0.5406018868088722,-0.46202921122312546,-1.499676051677532,0.49704495364553447
p1091,process,,17,pre,odor,2.0,-0.9341772198677063,-0.9341772198677063,-0.9962113201618195,-0.8721431195735931,-2.5106131777904994,0.6422587380550868
p1091,process,,32,pre,odor,2.0,0.5235887318849564,0.5235887318849564,0.47959738224744797,0.5675800815224648,-0.5943374583446956,1.6415149221146084
p1091,process,,30,pre,odor,2.0,-0.2757645472884178,-0.2757645472884178,-0.3152158819139004,-0.23631321266293526,-1.2783180170218562,0.7267889224450206
p1091,process,,40,pre,odor,2.0,-0.4815586991608143,-0.4815586991608143,-0.7002114150673151,-0.26290598325431347,-6.038051048018095,5.074933649696466
p1091,process,,3,pre,odor,2.0,-0.636261373758316,-0.636261373758316,-0.8174649029970169,-0.4550578445196152,-5.241079656607018,3.9685569090903856
p1091,process,,2,pre,odor,2.0,0.24547081999480724,0.24547081999480724,0.10665350873023272,0.38428813125938177,-3.282211535711139,3.7731531757007537
p1091,process,,1,pre,odor,2.0,0.2088296264410019,0.2088296264410019,0.20363221317529678,0.214027039706707,0.07675083233588303,0.34090842054612075
p1091,process,,4,pre,odor,2.0,-0.16867152601480484,-0.16867152601480484,-0.3400219865143299,0.00267893448472023,-4.523099591504366,4.185756539474756
p1091,process,,31,pre,odor,2.0,0.28727686777710915,0.28727686777710915,0.17399669252336025,0.40055704303085804,-2.5914453308706578,3.165999066424876
p1091,process,,21,pre,odor,2.0,-0.34583545476198196,-0.34583545476198196,-0.46626240387558937,-0.22540850564837456,-3.4061743971427565,2.7145034876187926
p1091,process,,12,pre,odor,2.0,-0.10249166190624237,-0.10249166190624237,-0.3137795254588127,0.10879620164632797,-5.471825367042046,5.266842043229561
p1091,process,,22,pre,odor,2.0,0.01208342146128416,0.01208342146128416,0.0021112863905727863,0.022055556531995535,-0.24133255826920913,0.26549940119177745
p1091,process,,10,pre,odor,2.0,1.3471667170524597,1.3471667170524597,0.9957276880741119,1.6986057460308075,-7.583745791910175,10.278079226015095
p1091,process,,0,pre,odor,2.0,-0.622010737657547,-0.622010737657547,-0.7166808694601059,-0.5273406058549881,-3.0278068918254597,1.7837854165103657
p1091,process,,18,pre,odor,2.0,-0.5478243231773376,-0.5478243231773376,-0.7275867760181427,-0.3680618703365326,-5.116021382521772,4.020372736167097
p1091,process,,12,post,odor,2.0,-0.07220271974802017,-0.07220271974802017,-0.07309538125991821,-0.07131005823612213,-0.09488739960857967,-0.049518039887460674
p1091,process,,18,post,odor,2.0,0.042407337576150894,0.042407337576150894,-0.034247467294335365,0.11906214244663715,-1.905575951815688,1.9903906269679899
p1091,process,,40,post,odor,2.0,0.0018369108438491821,0.0018369108438491821,-0.1076694205403328,0.11134324222803116,-2.780982822105768,2.7846566437934666
p1091,process,,32,post,odor,2.0,-0.07554933801293373,-0.07554933801293373,-0.15162894316017628,0.000530267134308815,-2.0089154165093213,1.8578167404834536
p1091,process,,31,post,odor,2.0,0.010837942361831665,0.010837942361831665,-0.06818926334381104,0.08986514806747437,-1.9974337684855463,2.0191096532092097
p1091,process,,0,post,odor,2.0,0.08377923094667494,0.08377923094667494,0.03843069856520742,0.12912776332814246,-1.0686362429012732,1.2361947047946231
p1091,process,,4,post,odor,2.0,0.14506546454504132,0.14506546454504132,0.07477064128033817,0.21536028780974448,-1.641295368044027,1.9314262971341096
p1091,process,,2,post,odor,2.0,0.0638193862978369,0.0638193862978369,0.029789422056637704,0.0978493505390361,-0.8009639993289245,0.9286027719245983
p1091,process,,3,post,odor,2.0,0.18038296699523926,0.18038296699523926,0.00983738899230957,0.35092854499816895,-4.153591094913712,4.5143570289041905
p1091,process,,21,post,odor,2.0,-0.015251845121383667,-0.015251845121383667,-0.08759671449661255,0.057093024253845215,-1.8537092889083293,1.823205598665562
p1091,process,,1,post,odor,2.0,-0.13265575654804707,-0.13265575654804707,-0.16930922213941813,-0.096002290956676,-1.0641086327366371,0.798797119640543
p1091,process,,22,post,odor,2.0,0.4105001538991928,0.4105001538991928,0.3689204677939415,0.4520798400044441,-0.6461398551392099,1.4671401629375955
p1091,process,,10,post,odor,1.0,0.19259653985500336,0.19259653985500336,0.19259653985500336,0.19259653985500336,,
p1091,process,,30,post,odor,2.0,0.22902920842170715,0.22902920842170715,0.21216991543769836,0.24588850140571594,-0.1994060483022314,0.6574644651456457
p1091,process,,17,post,odor,2.0,-0.31900812312960625,-0.31900812312960625,-0.4586601611226797,-0.17935608513653278,-3.867902896257683,3.2298866499984706
p1091,process,,39,post,odor,2.0,-0.07668611407279968,-0.07668611407279968,-0.0976332500576973,-0.05573897808790207,-0.6090033109940024,0.45563108284840304
p1110,process,,39,pre,odor,2.0,-0.2797879818826914,-0.2797879818826914,-0.4347023190930486,-0.1248736446723342,-4.2165345522099,3.656958588444517
p1110,process,,17,pre,odor,2.0,-0.8337014317512512,-0.8337014317512512,-0.8794795572757721,-0.7879233062267303,-1.9970339024569848,0.3296310389544823
p1110,process,,32,pre,odor,2.0,0.777767077088356,0.777767077088356,0.6250620111823082,0.9304721429944038,-3.102836586218231,4.658370740394943
p1110,process,,30,pre,odor,2.0,-0.2281755656003952,-0.2281755656003952,-0.5503043755888939,0.09395324438810349,-8.414244787868753,7.957893656667963
p1110,process,,40,pre,odor,2.0,-0.32212965562939644,-0.32212965562939644,-0.4537698272615671,-0.19048948399722576,-3.6674236001564693,3.0231642888976764
p1110,process,,3,pre,odor,2.0,0.4443216621875763,0.4443216621875763,0.31358374655246735,0.5750595778226852,-2.8780437834932817,3.7666871078684343
p1110,process,,2,pre,odor,2.0,0.7824411243200302,0.7824411243200302,0.5421798601746559,1.0227023884654045,-5.323176500486517,6.888058749126578
p1110,process,,1,pre,odor,2.0,0.45493070781230927,0.45493070781230927,0.36745626479387283,0.5424051508307457,-1.7680056565378912,2.6778670721625097
p1110,process,,4,pre,odor,2.0,0.3441839814186096,0.3441839814186096,-0.25053510069847107,0.9389030635356903,-14.769060854360426,15.457428817197645
p1110,process,,31,pre,odor,2.0,0.3598107323050499,0.3598107323050499,0.2646719552576542,0.4549495093524456,-2.0578948267219253,2.777516291332025
p1110,process,,21,pre,odor,2.0,0.08787304162979126,0.08787304162979126,-0.08172236382961273,0.25746844708919525,-4.221954846533701,4.397700929793284
p1110,process,,12,pre,odor,2.0,-0.23016726225614548,-0.23016726225614548,-0.4451269470155239,-0.015207577496767044,-5.692810791408612,5.232476266896321
p1110,process,,22,pre,odor,2.0,0.09306511282920837,0.09306511282920837,-0.1483989804983139,0.33452920615673065,-6.043119299679375,6.229249525337791
p1110,process,,10,pre,odor,2.0,0.9382038563489914,0.9382038563489914,0.6203206852078438,1.256087027490139,-7.139973453058769,9.016381165756751
p1110,process,,0,pre,odor,2.0,-0.6267951726913452,-0.6267951726913452,-0.6428037583827972,-0.6107865869998932,-1.0336119073557175,-0.21997843802697287
p1110,process,,18,pre,odor,2.0,-0.6203694455325603,-0.6203694455325603,-0.9078623708337545,-0.33287652023136616,-7.926257383690062,6.685518492624941
p1110,process,,12,post,odor,2.0,0.20956408604979515,0.20956408604979515,0.069674888625741,0.3494532834738493,-3.3453574796485914,3.7644856517481817
p1110,process,,18,post,odor,2.0,0.22572061419487,0.22572061419487,0.17844384908676147,0.2729973793029785,-0.9756958992604641,1.427137127650204
p1110,process,,40,post,odor,2.0,0.2715390473604202,0.2715390473604202,0.19648025184869766,0.3465978428721428,-1.635885798684814,2.1789638934056548
p1110,process,,32,post,odor,2.0,0.3771343231201172,0.3771343231201172,0.2686951458454132,0.48557350039482117,-2.3785664526293444,3.132835098869579
p1110,process,,31,post,odor,2.0,0.35210445523262024,0.35210445523262024,0.32947421073913574,0.37473469972610474,-0.22298458429518775,0.9271934947604282
p1110,process,,0,post,odor,2.0,0.23621482029557228,0.23621482029557228,0.14381211064755917,0.3286175299435854,-2.111960673634346,2.5843903142254905
p1110,process,,4,post,odor,2.0,-0.42752955108880997,-0.42752955108880997,-0.6096272356808186,-0.24543186649680138,-5.055070475907661,4.200011373730041
p1110,process,,2,post,odor,2.0,-0.0705404132604599,-0.0705404132604599,-0.1958889588713646,0.054808132350444794,-3.255948981088234,3.114868154567314
p1110,process,,3,post,odor,2.0,0.21583213657140732,0.21583213657140732,0.17912140861153603,0.2525428645312786,-0.7170759143728674,1.1487401875156822
p1110,process,,21,post,odor,2.0,0.5003058612346649,0.5003058612346649,0.4471745043992996,0.5534372180700302,-0.8498899344871476,1.8505016569564774
p1110,process,,1,post,odor,2.0,-0.03567228885367513,-0.03567228885367513,-0.05916734249331057,-0.012177235214039683,-0.6327382125189037,0.5613936348115535
p1110,process,,22,post,odor,2.0,0.09763822332024574,0.09763822332024574,0.08926578052341938,0.1060106661170721,-0.11512572131652793,0.3104021679570194
p1110,process,,10,post,odor,1.0,0.03163936361670494,0.03163936361670494,0.03163936361670494,0.03163936361670494,,
p1110,process,,30,post,odor,2.0,0.05132908374071121,0.05132908374071121,-0.027268435806035995,0.12992660328745842,-1.9460232664922135,2.048681433973636
p1110,process,,17,post,odor,2.0,-0.21801504399627447,-0.21801504399627447,-0.3395594651810825,-0.09647062281146646,-3.306751644224313,2.870721556231764
p1110,process,,39,post,odor,2.0,0.38208240270614624,0.38208240270614624,0.35502034425735474,0.40914446115493774,-0.30562970775919573,1.0697945131714883
p1129,process,,39,pre,odor,2.0,0.0036272555589675903,0.0036272555589675903,-0.13737451285123825,0.14462902396917343,-3.5795674196065614,3.5868219307244966
p1129,process,,17,pre,odor,2.0,-1.1229724287986755,-1.1229724287986755,-1.2914226949214935,-0.9545221626758575,-5.40369956723795,3.1577547096405993
p1129,process,,32,pre,odor,2.0,2.1956405639648438,2.1956405639648438,1.9454923868179321,2.4457887411117554,-4.161227342454266,8.552508470383954
p1129,process,,30,pre,odor,2.0,0.43072779290378094,0.43072779290378094,0.22894998360425234,0.6325056022033095,-4.696932519449468,5.55838810525703
p1129,process,,40,pre,odor,2.0,0.010825470089912415,0.010825470089912415,-0.17105009406805038,0.1927010342478752,-4.61107083930679,4.632721779486615
p1129,process,,3,pre,odor,2.0,0.5811213999986649,0.5811213999986649,0.3425920531153679,0.8196507468819618,-5.480484034171744,6.642726834169074
p1129,process,,2,pre,odor,2.0,0.6737749055027962,0.6737749055027962,0.4414268545806408,0.9061229564249516,-5.230748904633303,6.578298715638895
p1129,process,,1,pre,odor,2.0,1.7318994402885437,1.7318994402885437,1.5589559376239777,1.9048429429531097,-2.6630116650057563,6.126810545582844
p1129,process,,4,pre,odor,2.0,0.6903195725753903,0.6903195725753903,0.33452146453782916,1.0461176806129515,-8.35136763836232,9.7320067835131
p1129,process,,31,pre,odor,2.0,0.46402455121278763,0.46402455121278763,0.292182307690382,0.6358667947351933,-3.9029009058257627,4.830950008251338
p1129,process,,21,pre,odor,2.0,-1.1707038581371307,-1.1707038581371307,-1.3965532630681992,-0.9448544532060623,-6.910081415331886,4.568673699057625
p1129,process,,12,pre,odor,2.0,0.31705334037542343,0.31705334037542343,0.08081040158867836,0.5532962791621685,-5.686448955024514,6.320555635775361
p1129,process,,22,pre,odor,2.0,0.556760136038065,0.556760136038065,0.23967192135751247,0.8738483507186174,-7.501215414280363,8.614735686356493
p1129,process,,10,pre,odor,2.0,2.2522671818733215,2.2522671818733215,1.4949217736721039,3.009612590074539,-16.993704443339613,21.498238807086256
p1129,process,,0,pre,odor,2.0,-0.27896951884031296,-0.27896951884031296,-0.33023663982748985,-0.22770239785313606,-1.581790589834929,1.023851552154303
p1129,process,,18,pre,odor,2.0,-0.3565773516893387,-0.3565773516893387,-0.7391471639275551,0.025992460548877716,-10.078598072046717,9.36544336866804
p1129,process,,12,post,odor,2.0,0.10080735757946968,0.10080735757946968,0.07876851223409176,0.1228462029248476,-0.45925280463505547,0.6608675197939948
p1129,process,,18,post,odor,2.0,0.3454584702849388,0.3454584702849388,0.29489288106560707,0.39602405950427055,-0.9395349881673352,1.6304519287372128
p1129,process,,40,post,odor,2.0,0.26217563450336456,0.26217563450336456,0.11344533413648605,0.4109059348702431,-3.5174196593652685,4.041770928371998
p1129,process,,32,post,odor,2.0,0.2798175811767578,0.2798175811767578,0.26901975274086,0.29061540961265564,0.005418743551544314,0.5542164188019714
p1129,process,,31,post,odor,2.0,0.15644492022693157,0.15644492022693157,0.086299036629498,0.22659080382436514,-1.6261309965508068,1.93902083700467
p1129,process,,0,post,odor,2.0,0.008184075355529785,0.008184075355529785,-0.17444756627082825,0.19081571698188782,-4.63292598426085,4.6492941349719095
p1129,process,,4,post,odor,2.0,-0.12388129625469446,-0.12388129625469446,-0.1970936139114201,-0.05066897859796882,-1.9843826909671216,1.7366200984577327
p1129,process,,2,post,odor,2.0,0.17270051501691341,0.17270051501691341,0.0812709191814065,0.26413011085242033,-2.1507458122463987,2.4961468422802255
p1129,process,,3,post,odor,2.0,0.04274008236825466,0.04274008236825466,-0.009817375801503658,0.09529754053801298,-1.2928715654675185,1.3783517302040278
p1129,process,,21,post,odor,2.0,0.8977034687995911,0.8977034687995911,0.8232392966747284,0.9721676409244537,-0.9946105642569243,2.7900175018561066
p1129,process,,1,post,odor,2.0,0.18952545523643494,0.18952545523643494,0.18848375976085663,0.19056715071201324,0.16305346326554523,0.21599744720732464
p1129,process,,22,post,odor,2.0,-0.018405707785859704,-0.018405707785859704,-0.027343920548446476,-0.009467495023272932,-0.24554723045969398,0.20873581488797457
p1129,process,,10,post,odor,1.0,0.009531824849545956,0.009531824849545956,0.009531824849545956,0.009531824849545956,,
p1129,process,,30,post,odor,2.0,0.3850076049566269,0.3850076049566269,0.23787973076105118,0.5321354791522026,-3.3538661788976505,4.123881388810904
p1129,process,,17,post,odor,2.0,-0.1531593929976225,-0.1531593929976225,-0.20491596218198538,-0.1014028238132596,-1.4684185219946322,1.1620997359993872
p1129,process,,39,post,odor,2.0,0.1257457695901394,0.1257457695901394,0.1000953409820795,0.15139619819819927,-0.5260934253391433,0.777584964519422
p1148,process,,39,pre,odor,2.0,1.8413037657737732,1.8413037657737732,1.232452780008316,2.4501547515392303,-13.63106679214159,17.313674323689135
p1148,process,,17,pre,odor,2.0,-0.04233919829130173,-0.04233919829130173,-0.09675243124365807,0.012074034661054611,-1.4251105547909158,1.3404321582083123
p1148,process,,32,pre,odor,2.0,10.326177597045898,10.326177597045898,9.290835857391357,11.36151933670044,-15.984350634869848,36.636705828961645
p1148,process,,30,pre,odor,2.0,7.879367828369141,7.879367828369141,7.729602813720703,8.029132843017578,4.073477951490643,11.685257705247638
p1148,process,,40,pre,odor,2.0,1.7586155598983169,1.7586155598983169,0.8736951150931418,2.643536004703492,-20.72934513394435,24.246576253740983
p1148,process,,3,pre,odor,2.0,2.377503216266632,2.377503216266632,1.5725731551647186,3.1824332773685455,-18.077709093058402,22.832715525591667
p1148,process,,2,pre,odor,2.0,1.867474377155304,1.867474377155304,1.5862774550914764,2.1486712992191315,-5.278416948694999,9.013365703005608
p1148,process,,1,pre,odor,2.0,1.7396205067634583,1.7396205067634583,1.3766634166240692,2.1025775969028473,-7.483993688751122,10.963234702278038
p1148,process,,4,pre,odor,2.0,2.1173877120018005,2.1173877120018005,0.8018828928470612,3.43289253115654,-31.312759415207367,35.54753483921097
p1148,process,,31,pre,odor,2.0,10.224860668182373,10.224860668182373,9.004367589950562,11.445353746414185,-20.790809194012578,41.24053053037733
p1148,process,,21,pre,odor,2.0,6.952141761779785,6.952141761779785,6.659504175186157,7.244779348373413,-0.4844844157375885,14.388767939297159
p1148,process,,12,pre,odor,2.0,2.0956372022628784,2.0956372022628784,1.1664748787879944,3.0247995257377625,-21.516616228160427,25.707890632686183
p1148,process,,22,pre,odor,2.0,4.833195388317108,4.833195388317108,3.392450124025345,6.2739406526088715,-31.779613213213423,41.44600398984764
p1148,process,,10,pre,odor,2.0,3.4069339632987976,3.4069339632987976,2.151769906282425,4.66209802031517,-28.48980900857656,35.30367693517415
p1148,process,,0,pre,odor,2.0,0.06896165804937482,0.06896165804937482,0.028413002146407962,0.10951031395234168,-0.961477389310216,1.0994007054089656
p1148,process,,18,pre,odor,2.0,-0.034653497859835625,-0.034653497859835625,-0.07941907551139593,0.010112079791724682,-1.1722546874075386,1.1029476916878673
p1148,process,,12,post,odor,2.0,0.7392138242721558,0.7392138242721558,0.5002639293670654,0.9781637191772461,-5.333078748430853,6.811506396975164
p1148,process,,18,post,odor,2.0,0.8306002020835876,0.8306002020835876,0.8073855340480804,0.8538148701190948,0.24065955220061785,1.4205408519665574
p1148,process,,40,post,odor,2.0,0.24091698974370956,0.24091698974370956,0.22207609191536903,0.2597578875720501,-0.23787562069677837,0.7197096001841975
p1148,process,,32,post,odor,2.0,1.1219305992126465,1.1219305992126465,1.0690504312515259,1.174810767173767,-0.22188188198196124,2.465743080407254
p1148,process,,31,post,odor,2.0,1.2176986932754517,1.2176986932754517,1.161073625087738,1.2743237614631653,-0.22128072591043213,2.6566781124613357
p1148,process,,0,post,odor,2.0,0.04638673737645149,0.04638673737645149,-0.01758893020451069,0.11036240495741367,-1.5793891234578672,1.6721625982107702
p1148,process,,4,post,odor,2.0,0.12752480059862137,0.12752480059862137,0.018500786274671555,0.23654881492257118,-2.643038093720876,2.898087694918119
p1148,process,,2,post,odor,2.0,0.4042098596692085,0.4042098596692085,0.3171897642314434,0.49122995510697365,-1.8071804379182015,2.6156001572566185
p1148,process,,3,post,odor,2.0,0.48784199357032776,0.48784199357032776,0.3828219324350357,0.5928620547056198,-2.18097080281088,3.1566547899515354
p1148,process,,21,post,odor,2.0,5.896552801132202,5.896552801132202,5.415688633918762,6.377416968345642,-6.3233643166760185,18.116469918940425
p1148,process,,1,post,odor,2.0,0.03433042764663696,0.03433042764663696,-0.08395019173622131,0.15261104702949524,-2.9714651047536633,3.0401259600469372
p1148,process,,22,post,odor,2.0,0.23679746687412262,0.23679746687412262,0.22288642078638077,0.25070851296186447,-0.1167157324962973,0.5903106662445425
p1148,process,,10,post,odor,1.0,-0.1469821035861969,-0.1469821035861969,-0.1469821035861969,-0.1469821035861969,,
p1148,process,,30,post,odor,2.0,1.0680662989616394,1.0680662989616394,0.979363888502121,1.1567687094211578,-1.1860756768200504,3.3222082747433292
p1148,process,,17,post,odor,2.0,0.34828268736600876,0.34828268736600876,0.2486392743885517,0.4479261003434658,-2.1838965244395427,2.8804618991715603
p1148,process,,39,post,odor,2.0,0.15100327879190445,0.15100327879190445,0.008985649794340134,0.29302090778946877,-3.4580068615863992,3.760013419170208
p1167,process,,39,pre,odor,2.0,0.5382288098335266,0.5382288098335266,0.5358544588088989,0.5406031608581543,0.47789082936459554,0.5985667903024576
p1167,process,,17,pre,odor,2.0,0.288666196167469,0.288666196167469,0.06433067843317986,0.5130017139017582,-5.412239839687785,5.989572232022723
p1167,process,,32,pre,odor,2.0,1.027451753616333,1.027451753616333,0.8540533185005188,1.2008501887321472,-3.3790202814113437,5.43392378864401
p1167,process,,30,pre,odor,2.0,1.5441729426383972,1.5441729426383972,1.4363808929920197,1.6519649922847748,-1.195082760839163,4.283428646115958
p1167,process,,40,pre,odor,2.0,0.7294021248817444,0.7294021248817444,0.7230402529239655,0.7357639968395233,0.5677316296800091,0.8910726200834796
p1167,process,,3,pre,odor,2.0,1.0029473900794983,1.0029473900794983,0.7941337525844574,1.2117610275745392,-4.303510269355209,6.309405049514206
p1167,process,,2,pre,odor,2.0,0.616854190826416,0.616854190826416,0.5583449900150299,0.6753633916378021,-0.8700055780924449,2.103713959745277
p1167,process,,1,pre,odor,2.0,0.5670501738786697,0.5670501738786697,0.42783959954977036,0.7062607482075691,-2.9706259438482516,4.104726291605591
p1167,process,,4,pre,odor,2.0,1.0302165150642395,1.0302165150642395,0.9470405876636505,1.1133924424648285,-1.083484210281933,3.143917240410412
p1167,process,,31,pre,odor,2.0,1.2882184386253357,1.2882184386253357,1.288071483373642,1.2883653938770294,1.2844839515951825,1.291952925655489
p1167,process,,21,pre,odor,2.0,1.0016209483146667,1.0016209483146667,0.8440510332584381,1.1591908633708954,-3.002610253617526,5.005852150246859
p1167,process,,12,pre,odor,2.0,0.6159875988960266,0.6159875988960266,0.3997615873813629,0.8322136104106903,-4.87883634428754,6.110811542079594
p1167,process,,22,pre,odor,2.0,1.595707893371582,1.595707893371582,1.51100754737854,1.680408239364624,-0.556731981453269,3.748147768196433
p1167,process,,10,pre,odor,2.0,1.4664806127548218,1.4664806127548218,1.081290066242218,1.8516711592674255,-8.322139280101508,11.255100505611152
p1167,process,,0,pre,odor,2.0,0.5977589637041092,0.5977589637041092,0.5288746580481529,0.6666432693600655,-1.1527572178435244,2.3482751452517427
p1167,process,,18,pre,odor,2.0,-0.23970093578100204,-0.23970093578100204,-0.454995583742857,-0.02440628781914711,-5.710856686992971,5.231454815430967
p1167,process,,12,post,odor,2.0,-0.06138174049556255,-0.06138174049556255,-0.10116527881473303,-0.02159820217639208,-1.0723773065212252,0.9496138255301001
p1167,process,,18,post,odor,2.0,0.34513816982507706,0.34513816982507706,0.2733335308730602,0.4169428087770939,-1.479590717237783,2.169867056887937
p1167,process,,40,post,odor,2.0,-0.026322751073166728,-0.026322751073166728,-0.03573364519979805,-0.01691185694653541,-0.26547624612004966,0.2128307439737162
p1167,process,,32,post,odor,2.0,-0.10134236206067726,-0.10134236206067726,-0.15142399663454853,-0.05126072748680599,-1.374037366896464,1.1713526427751095
p1167,process,,31,post,odor,2.0,-0.059696272015571594,-0.059696272015571594,-0.16818755120038986,0.048795007169246674,-2.8167210828391496,2.6973285388080064
p1167,process,,0,post,odor,2.0,0.31733541190624237,0.31733541190624237,0.29577361792325974,0.338897205889225,-0.2306017257477515,0.8652725495602362
p1167,process,,4,post,odor,2.0,-0.19009316712617874,-0.19009316712617874,-0.24066996946930885,-0.13951636478304863,-1.475371578071881,1.0951852438195235
p1167,process,,2,post,odor,2.0,0.14445810578763485,0.14445810578763485,0.06476788315922022,0.22414832841604948,-1.8806624625883206,2.1695786741635903
p1167,process,,3,post,odor,2.0,0.12164743803441525,0.12164743803441525,0.04098680708557367,0.20230806898325682,-1.9281335439356044,2.171428420004435
p1167,process,,21,post,odor,2.0,2.150773346424103,2.150773346424103,1.956771582365036,2.3447751104831696,-2.7792789202030157,7.080825613051221
p1167,process,,1,post,odor,2.0,0.030335000716149807,0.030335000716149807,0.024359943810850382,0.03631005762144923,-0.12150559198190791,0.18217559341420753
p1167,process,,22,post,odor,2.0,0.16670401208102703,0.16670401208102703,0.11050120461732149,0.22290681954473257,-1.2615447446822725,1.5949527688443266
p1167,process,,10,post,odor,1.0,-0.21293498575687408,-0.21293498575687408,-0.21293498575687408,-0.21293498575687408,,
p1167,process,,30,post,odor,2.0,0.13152685202658176,0.13152685202658176,0.05330540891736746,0.20974829513579607,-1.8562684897828547,2.1193221938360183
p1167,process,,17,post,odor,2.0,0.12010691314935684,0.12010691314935684,-0.008551541715860367,0.24876536801457405,-3.1494144239653243,3.389628250264038
p1167,process,,39,post,odor,2.0,0.3315957859158516,0.3315957859158516,0.28990304097533226,0.3732885308563709,-0.7279173205388487,1.391108892370552
p1186,process,,39,pre,odor,2.0,-0.17761817923747003,-0.17761817923747003,-0.2685015219030902,-0.08673483657184988,-2.48718289727205,2.13194653879711
p1186,process,,17,pre,odor,2.0,-0.21348505187779665,-0.21348505187779665,-0.3154271193780005,-0.1115429843775928,-2.8040786136508573,2.377108509895264
p1186,process,,32,pre,odor,2.0,0.5839220285415649,0.5839220285415649,0.5501120090484619,0.617732048034668,-0.27527203108528386,1.4431160881684137
p1186,process,,30,pre,odor,2.0,-0.030939161777496338,-0.030939161777496338,-0.10118996351957321,0.039311639964580536,-1.8161813014079895,1.7543029778529968
p1186,process,,40,pre,odor,2.0,0.23381962906569242,0.23381962906569242,0.1299808551557362,0.33765840297564864,-2.4049738126408253,2.87261307077221
p1186,process,,3,pre,odor,2.0,-0.04015672951936722,-0.04015672951936722,-0.15270425751805305,0.07239079847931862,-2.900260596122679,2.8199471370839446
p1186,process,,2,pre,odor,2.0,0.63026262819767,0.63026262819767,0.4442324861884117,0.8162927702069283,-4.097211514740906,5.357736771136246
p1186,process,,1,pre,odor,2.0,0.593997448682785,0.593997448682785,0.4566633552312851,0.731331542134285,-2.8959927686206273,4.083987665986197
p1186,process,,4,pre,odor,2.0,0.3909483850002289,0.3909483850002289,0.15100644528865814,0.6308903247117996,-5.706554436539977,6.488451206540435
p1186,process,,31,pre,odor,2.0,0.32403814792633057,0.32403814792633057,0.247135728597641,0.40094056725502014,-1.6302376214686447,2.278313917321306
p1186,process,,21,pre,odor,2.0,-0.3934973031282425,-0.3934973031282425,-0.4460624232888222,-0.3409321829676628,-1.7293036606121415,0.9423090543556565
p1186,process,,12,pre,odor,2.0,0.028883084654808044,0.028883084654808044,-0.18420355767011642,0.2419697269797325,-5.386161923194228,5.443928092503844
p1186,process,,22,pre,odor,2.0,0.4564840514212847,0.4564840514212847,0.24655585270375013,0.6664122501388192,-4.878297294181434,5.791265397024003
p1186,process,,10,pre,odor,2.0,0.8388178083114326,0.8388178083114326,0.42588891577906907,1.2517467008437961,-9.654700291684746,11.332335908307611
p1186,process,,0,pre,odor,2.0,-0.5045907199382782,-0.5045907199382782,-0.6060746759176254,-0.40310676395893097,-3.08354256415933,2.0743611242827735
p1186,process,,18,pre,odor,2.0,-0.5031670704483986,-0.5031670704483986,-0.7198503501713276,-0.2864837907254696,-6.009611300579091,5.003277159682294
p1186,process,,12,post,odor,2.0,-0.12483115121722221,-0.12483115121722221,-0.15028095059096813,-0.0993813518434763,-0.7715718738919946,0.5219095714575501
p1186,process,,18,post,odor,2.0,0.08641019836068153,0.08641019836068153,0.055883174762129784,0.11693722195923328,-0.6893550252977881,0.8621754220191512
p1186,process,,40,post,odor,2.0,-0.12469671666622162,-0.12469671666622162,-0.25027554482221603,0.0008821114897727966,-3.3159573188241493,3.066563885491706
p1186,process,,32,post,odor,2.0,0.19106687512248755,0.19106687512248755,0.09753181645646691,0.2846019337885082,-2.185884335718651,2.568018085963626
p1186,process,,31,post,odor,2.0,0.2742181122303009,0.2742181122303009,0.21040597558021545,0.33803024888038635,-1.3474020336271841,1.895838258087786
p1186,process,,0,post,odor,2.0,-0.2523256428539753,-0.2523256428539753,-0.3456416968256235,-0.15900958888232708,-2.6237114167253552,2.1190601310174046
p1186,process,,4,post,odor,2.0,-0.12764274701476097,-0.12764274701476097,-0.16008847020566463,-0.09519702382385731,-0.9521667503685075,0.6968812563389856
p1186,process,,2,post,odor,2.0,-0.044664906337857246,-0.044664906337857246,-0.07922371197491884,-0.01010610070079565,-0.9228874260622028,0.8335576133864883
p1186,process,,3,post,odor,2.0,-0.028945214115083218,-0.028945214115083218,-0.03193384362384677,-0.025956584606319666,-0.10489349095292899,0.047003062722762556
p1186,process,,21,post,odor,2.0,1.0994084477424622,1.0994084477424622,0.9638092815876007,1.2350076138973236,-2.3464930866940175,4.545309982178942
p1186,process,,1,post,odor,2.0,-0.062081970274448395,-0.062081970274448395,-0.15618771687150002,0.032023776322603226,-2.453535736499874,2.329371795950977
p1186,process,,22,post,odor,2.0,0.12534582987427711,0.12534582987427711,0.09871569089591503,0.1519759688526392,-0.551390166149432,0.8020818258979863
p1186,process,,10,post,odor,1.0,0.14689351618289948,0.14689351618289948,0.14689351618289948,0.14689351618289948,,
p1186,process,,30,post,odor,2.0,-0.03434133529663086,-0.03434133529663086,-0.14555588364601135,0.07687321305274963,-2.8605709772334866,2.791888306640225
p1186,process,,17,post,odor,2.0,-0.04099688678979874,-0.04099688678979874,-0.04238358698785305,-0.03961018659174442,-0.07623628003814295,-0.0057574935414545225
p1186,process,,39,post,odor,2.0,-0.042067039757966995,-0.042067039757966995,-0.048890361562371254,-0.035243717953562737,-0.2154640874130979,0.1313300078971639
p1205,process,,39,pre,odor,2.0,0.7661535739898682,0.7661535739898682,0.6705352365970612,0.8617719113826752,-1.6637387689014003,3.1960459168811366
p1205,process,,17,pre,odor,2.0,0.9642821550369263,0.9642821550369263,0.9017201066017151,1.0268442034721375,-0.6255702372276155,2.554134547301468
p1205,process,,32,pre,odor,2.0,1.4846639931201935,1.4846639931201935,1.123953029513359,1.845374956727028,-7.6818707152224,10.651198701462787
p1205,process,,30,pre,odor,2.0,1.735131323337555,1.735131323337555,1.7289422452449799,1.74132040143013,1.57785193659269,1.89241071008242
p1205,process,,40,pre,odor,2.0,1.5660954117774963,1.5660954117774963,1.365870326757431,1.7663204967975616,-3.5221064353883733,6.654297258943366
p1205,process,,3,pre,odor,2.0,1.4144111275672913,1.4144111275672913,1.0440960824489594,1.7847261726856232,-7.996186432751298,10.82500868788588
p1205,process,,2,pre,odor,2.0,1.6826398968696594,1.6826398968696594,1.5172671973705292,1.8480125963687897,-2.519878858350027,5.885158652089346
p1205,process,,1,pre,odor,2.0,0.8549458384513855,0.8549458384513855,0.5814550220966339,1.128436654806137,-6.0951147736826705,7.8050064505854415
p1205,process,,4,pre,odor,2.0,1.449514389038086,1.449514389038086,1.405238389968872,1.4937903881072998,0.3243545708938629,2.574674207182309
p1205,process,,31,pre,odor,2.0,2.3339731097221375,2.3339731097221375,2.1377255022525787,2.530220717191696,-2.6531514492631807,7.321097668707456
p1205,process,,21,pre,odor,2.0,1.7472614347934723,1.7472614347934723,1.365394338965416,2.1291285306215286,-7.956901568405977,11.451424437992921
p1205,process,,12,pre,odor,2.0,1.2583810985088348,1.2583810985088348,0.849958136677742,1.6668040603399277,-9.12063044545262,11.63739264247029
p1205,process,,22,pre,odor,2.0,2.1329233646392822,2.1329233646392822,1.9638593196868896,2.301987409591675,-2.1634013727426016,6.429248102021166
p1205,process,,10,pre,odor,2.0,2.1261022090911865,2.1261022090911865,1.9009435176849365,2.3512609004974365,-3.5957226531827935,7.8479270713651665
p1205,process,,0,pre,odor,2.0,1.4442796111106873,1.4442796111106873,1.2019732296466827,1.6865859925746918,-4.7133093724158845,7.601868594637259
p1205,process,,18,pre,odor,2.0,-0.27194739505648613,-0.27194739505648613,-0.35671540163457394,-0.18717938847839832,-2.4261066883736597,1.8822118982606875
p1205,process,,12,post,odor,2.0,0.475984126329422,0.475984126329422,0.43028031289577484,0.5216879397630692,-0.6854598950942823,1.6374281477531263
p1205,process,,18,post,odor,2.0,0.013567402958869934,0.013567402958869934,-0.08789018541574478,0.11502499133348465,-2.5647143768939142,2.591849182811654
p1205,process,,40,post,odor,2.0,-0.036902984604239464,-0.036902984604239464,-0.04811969306319952,-0.025686276145279408,-0.3219465728952975,0.24814060368681856
p1205,process,,32,post,odor,2.0,-0.06491807103157043,-0.06491807103157043,-0.18990890681743622,0.06007276475429535,-3.241236370313173,3.111400228250032
p1205,process,,31,post,odor,2.0,0.10167047381401062,0.10167047381401062,0.0068095773458480835,0.19653137028217316,-2.3089734701490774,2.5123144177770986
p1205,process,,0,post,odor,2.0,0.0916726691648364,0.0916726691648364,0.030891865957528353,0.15245347237214446,-1.4529139899975627,1.6362593283272355
p1205,process,,4,post,odor,2.0,0.150201715528965,0.150201715528965,0.13168314471840858,0.1687202863395214,-0.32039978875159164,0.6208032198095217
p1205,process,,2,post,odor,2.0,-0.003332848660647869,-0.003332848660647869,-0.01839067367836833,0.011724976357072592,-0.38598846377394685,0.3793227664526511
p1205,process,,3,post,odor,2.0,0.0025233477354049683,0.0025233477354049683,-0.00771558191627264,0.012762277387082577,-0.2576725251316061,0.26271922060241604
p1205,process,,21,post,odor,2.0,2.0910202860832214,2.0910202860832214,1.96249058842659,2.219549983739853,-1.1752290201243625,5.357269592290805
p1205,process,,1,post,odor,2.0,-0.1513514146208763,-0.1513514146208763,-0.1746056266129017,-0.12809720262885094,-0.7422969717190427,0.4395941424772901
p1205,process,,22,post,odor,2.0,-0.00046247243881225586,-0.00046247243881225586,-0.016319675371050835,0.015394730493426323,-0.4034322064389984,0.4025072615613739
p1205,process,,10,post,odor,1.0,-0.03510141000151634,-0.03510141000151634,-0.03510141000151634,-0.03510141000151634,,
p1205,process,,30,post,odor,2.0,-0.0529835969209671,-0.0529835969209671,-0.16051647812128067,0.054549284279346466,-2.785653205724837,2.679686011882903
p1205,process,,17,post,odor,2.0,-0.004167946055531502,-0.004167946055531502,-0.027149255387485027,0.018813363276422024,-0.5881783890098586,0.5798424968987956
p1205,process,,39,post,odor,2.0,0.044590916484594345,0.044590916484594345,-0.010081982240080833,0.09926381520926952,-1.3447791729471397,1.4339610059163284
p1224,process,,39,pre,odor,2.0,1.919199287891388,1.919199287891388,1.758484572172165,2.079914003610611,-2.1649488761977347,6.003347451980511
p1224,process,,17,pre,odor,2.0,1.2053149342536926,1.2053149342536926,1.1613719761371613,1.249257892370224,0.08861848917009851,2.3220113793372867
p1224,process,,32,pre,odor,2.0,1.8179023265838623,1.8179023265838623,1.5063799619674683,2.1294246912002563,-6.09863156284247,9.734436216010195
p1224,process,,30,pre,odor,2.0,2.624029517173767,2.624029517173767,2.327778398990631,2.920280635356903,-4.904425204737454,10.152484239084988
p1224,process,,40,pre,odor,2.0,1.7523524761199951,1.7523524761199951,1.613215446472168,1.8914895057678223,-1.783454694057005,5.288159646296995
p1224,process,,3,pre,odor,2.0,1.9284491539001465,1.9284491539001465,1.6362724304199219,2.220625877380371,-5.496465381468721,9.353363689269013
p1224,process,,2,pre,odor,2.0,1.9857011437416077,1.9857011437416077,1.8696454465389252,2.10175684094429,-0.9635537551719535,4.934956042655169
p1224,process,,1,pre,odor,2.0,1.2646996080875397,1.2646996080875397,0.9239814728498459,1.6054177433252335,-7.39376915922805,9.92316837540313
p1224,process,,4,pre,odor,2.0,2.3567641973495483,2.3567641973495483,1.975300133228302,2.7382282614707947,-7.337156799086106,12.050685193785203
p1224,process,,31,pre,odor,2.0,3.039772391319275,3.039772391319275,2.8413265347480774,3.2382182478904724,-2.0032149739591123,8.082759756597662
p1224,process,,21,pre,odor,2.0,1.9554035067558289,1.9554035067558289,1.7882252037525177,2.12258180975914,-2.292999984056812,6.20380699756847
p1224,process,,12,pre,odor,2.0,1.5049375295639038,1.5049375295639038,1.3278604745864868,1.6820145845413208,-2.9950170996799406,6.004892158807748
p1224,process,,22,pre,odor,2.0,2.709615707397461,2.709615707397461,2.5960164070129395,2.8232150077819824,-0.17721622974641615,5.596447644541338
p1224,process,,10,pre,odor,2.0,1.958328902721405,1.958328902721405,1.6094715893268585,2.3071862161159515,-6.906975992684526,10.823633798127336
p1224,process,,0,pre,odor,2.0,1.8100343942642212,1.8100343942642212,1.7108483910560608,1.9092203974723816,-0.7105209331873108,4.330589721715754
p1224,process,,18,pre,odor,2.0,-0.03597728908061981,-0.03597728908061981,-0.2588924244046211,0.1869378462433815,-5.700787985518317,5.628833407357077
p1224,process,,12,post,odor,2.0,0.4840404987335205,0.4840404987335205,0.36081844568252563,0.6072625517845154,-2.6473287694219203,3.6154097668889613
p1224,process,,18,post,odor,2.0,0.5326087474822998,0.5326087474822998,0.41674286127090454,0.6484746336936951,-2.411822596798318,3.4770400917629174
p1224,process,,40,post,odor,2.0,-0.09345290809869766,-0.09345290809869766,-0.13166816160082817,-0.055237654596567154,-1.064594578184472,0.8776887619870767
p1224,process,,32,post,odor,2.0,0.2857378385961056,0.2857378385961056,0.19223746098577976,0.3792382162064314,-2.090332043056782,2.6618077202489934
p1224,process,,31,post,odor,2.0,0.3183664232492447,0.3183664232492447,0.07508661597967148,0.5616462305188179,-5.86395965543939,6.50069250193788
p1224,process,,0,post,odor,2.0,0.1461428552865982,0.1461428552865982,0.07697205990552902,0.2153136506676674,-1.6116537204652257,1.9039394310384221
p1224,process,,4,post,odor,2.0,-0.10548730939626694,-0.10548730939626694,-0.1835818998515606,-0.027392718940973282,-2.0900590196216173,1.8790844008290837
p1224,process,,2,post,odor,2.0,0.33612261712551117,0.33612261712551117,0.205900676548481,0.46634455770254135,-2.9731306591019298,3.645375893352952
p1224,process,,3,post,odor,2.0,0.42496249079704285,0.42496249079704285,0.4100794196128845,0.43984556198120117,0.0467477916590876,0.8031771899349981
p1224,process,,21,post,odor,2.0,5.700209617614746,5.700209617614746,5.628583908081055,5.7718353271484375,3.880027758197021,7.520391477032471
p1224,process,,1,post,odor,2.0,0.3324926793575287,0.3324926793575287,0.2634947597980499,0.40149059891700745,-1.4209107052281704,2.0858960639432276
p1224,process,,22,post,odor,2.0,0.2715700790286064,0.2715700790286064,0.24226729944348335,0.3008728586137295,-0.47308415446654106,1.0162243125237538
p1224,process,,10,post,odor,1.0,0.22777946293354034,0.22777946293354034,0.22777946293354034,0.22777946293354034,,
p1224,process,,30,post,odor,2.0,0.31644210405647755,0.31644210405647755,0.13897390943020582,0.49391029868274927,-4.193452326104935,4.82633653421789
p1224,process,,17,post,odor,2.0,0.40505048632621765,0.40505048632621765,0.36589953303337097,0.44420143961906433,-0.5898695699844277,1.3999705426368632
p1224,process,,39,post,odor,2.0,0.06304117292165756,0.06304117292165756,-0.010352332144975662,0.1364346779882908,-1.8020646304425754,1.9281469762858905
p1243,process,,39,pre,odor,2.0,2.0904966592788696,2.0904966592788696,1.9405810236930847,2.2404122948646545,-1.71922085853461,5.90021417709235
p1243,process,,17,pre,odor,2.0,-0.8302104473114014,-0.8302104473114014,-0.9948452115058899,-0.6655756831169128,-5.013976488405429,3.3535555937826267
p1243,process,,32,pre,odor,2.0,8.890743970870972,8.890743970870972,7.8644572496414185,9.917030692100525,-17.189674425049322,34.97116236679126
p1243,process,,30,pre,odor,2.0,6.074797630310059,6.074797630310059,5.607852458953857,6.54174280166626,-5.791404265330074,17.94099952595019
p1243,process,,40,pre,odor,2.0,2.8824644088745117,2.8824644088745117,2.1019821166992188,3.6629467010498047,-16.951471185801864,22.716400003550888
p1243,process,,3,pre,odor,2.0,1.9407232254743576,1.9407232254743576,1.1390386298298836,2.7424078211188316,-18.432013986717863,22.313460437666578
p1243,process,,2,pre,odor,2.0,1.8227686882019043,1.8227686882019043,1.7146849632263184,1.9308524131774902,-0.9238991881744818,4.56943656457829
p1243,process,,1,pre,odor,2.0,3.891735792160034,3.891735792160034,3.5716179609298706,4.211853623390198,-4.243229614461317,12.026701198781385
p1243,process,,4,pre,odor,2.0,2.309775650501251,2.309775650501251,1.2902288138866425,3.32932248711586,-23.599366037787686,28.218917338790188
p1243,process,,31,pre,odor,2.0,10.844365119934082,10.844365119934082,9.728871822357178,11.959858417510986,-17.503007321751497,39.19173756161966
p1243,process,,21,pre,odor,2.0,0.008360326290130615,0.008360326290130615,-0.2509321868419647,0.26765283942222595,-6.580887190537207,6.597607843117468
p1243,process,,12,pre,odor,2.0,2.461007960140705,2.461007960140705,1.3352792970836163,3.586736623197794,-26.14646978022647,31.068485700507882
p1243,process,,22,pre,odor,2.0,2.7950230836868286,2.7950230836868286,2.660825550556183,2.9292206168174744,-0.6152595784083141,6.205305745781971
p1243,process,,10,pre,odor,2.0,2.392174243927002,2.392174243927002,1.933118224143982,2.851230263710022,-9.273545301546024,14.057893789400028
p1243,process,,0,pre,odor,2.0,0.17743733525276184,0.17743733525276184,-0.1650787740945816,0.5199534446001053,-8.526722286357927,8.88159695686345
p1243,process,,18,pre,odor,2.0,0.1526222750544548,0.1526222750544548,-0.009794037789106369,0.315038587898016,-3.9747675719153204,4.28001212202423
p1243,process,,12,post,odor,2.0,0.09886154904961586,0.09886154904961586,0.0658999141305685,0.13182318396866322,-0.7387730143913055,0.9364961124905372
p1243,process,,18,post,odor,2.0,0.1950754038989544,0.1950754038989544,0.12837919779121876,0.26177161000669,-1.4998358959630338,1.8899867037609426
p1243,process,,40,post,odor,2.0,0.17332447692751884,0.17332447692751884,0.11586196906864643,0.23078698478639126,-1.2869363020902416,1.6335852559452793
p1243,process,,32,post,odor,2.0,0.34329797327518463,0.34329797327518463,0.3246467038989067,0.36194924265146255,-0.13067572129388044,0.8172716678442498
p1243,process,,31,post,odor,2.0,0.2728717029094696,0.2728717029094696,0.19960376620292664,0.3461396396160126,-1.5890431058713783,2.1347865116903177
p1243,process,,0,post,odor,2.0,0.008524302393198013,0.008524302393198013,-0.038732292130589485,0.05578089691698551,-1.1923796279140737,1.2094282327004697
p1243,process,,4,post,odor,2.0,0.11521818675100803,0.11521818675100803,0.03723468538373709,0.19320168811827898,-1.8665304820815993,2.0969668555836156
p1243,process,,2,post,odor,2.0,0.1963287964463234,0.1963287964463234,0.14208007976412773,0.25057751312851906,-1.1822618052311038,1.5749193981237506
p1243,process,,3,post,odor,2.0,0.057870133430697024,0.057870133430697024,0.0299670230015181,0.08577324385987595,-0.6512151343477803,0.7669554012091744
p1243,process,,21,post,odor,2.0,3.948228120803833,3.948228120803833,3.598169445991516,4.29828679561615,-4.947606262874762,12.844062504482428
p1243,process,,1,post,odor,2.0,0.42888353765010834,0.42888353765010834,0.4097794070839882,0.4479876682162285,-0.056598450909362774,0.9143655262095794
p1243,process,,22,post,odor,2.0,0.08597860485315323,0.08597860485315323,0.01508275792002678,0.15687445178627968,-1.7156556873004616,1.887612897006768
p1243,process,,10,post,odor,1.0,-0.21147608757019043,-0.21147608757019043,-0.21147608757019043,-0.21147608757019043,,
p1243,process,,30,post,odor,2.0,0.3994559049606323,0.3994559049606323,0.37753792107105255,0.4213738888502121,-0.1575328764497259,0.9564446863709906
p1243,process,,17,post,odor,2.0,0.14536487264558673,0.14536487264558673,0.07938635651953518,0.21134338877163827,-1.5313081955276424,1.8220379408188159
p1243,process,,39,post,odor,2.0,0.1751101315021515,0.1751101315021515,0.16277534514665604,0.18744491785764694,-0.1383465101176471,0.48856677312195007
p1261,process,,39,pre,odor,2.0,0.8093056082725525,0.8093056082725525,0.6124878227710724,1.0061233937740326,-4.19230854833209,5.810919764877195
p1261,process,,17,pre,odor,2.0,0.6212337911128998,0.6212337911128998,0.42863674461841583,0.8138308376073837,-4.27312121757004,5.5155887997958395
p1261,process,,32,pre,odor,2.0,3.919467329978943,3.919467329978943,3.5683191418647766,4.270615518093109,-5.004054211851821,12.842988871809707
p1261,process,,30,pre,odor,2.0,3.3438496589660645,3.3438496589660645,3.0380882024765015,3.6496111154556274,-4.426285674208652,11.11398499214078
p1261,process,,40,pre,odor,2.0,1.4007551074028015,1.4007551074028015,1.3450567424297333,1.4564534723758698,-0.014674550233171102,2.8161847650387744
p1261,process,,3,pre,odor,2.0,2.6542150378227234,2.6542150378227234,1.8621282875537872,3.4463017880916595,-17.474617797634036,22.783047873279482
p1261,process,,2,pre,odor,2.0,1.0476683378219604,1.0476683378219604,0.8740602135658264,1.2212764620780945,-3.3641324035014293,5.45946907914535
p1261,process,,1,pre,odor,2.0,1.2476756274700165,1.2476756274700165,0.9281250387430191,1.5672262161970139,-6.872874780390756,9.368226035330789
p1261,process,,4,pre,odor,2.0,1.596617341041565,1.596617341041565,1.1826984286308289,2.010536253452301,-8.922059549489582,12.115294231572712
p1261,process,,31,pre,odor,2.0,4.900512933731079,4.900512933731079,4.581899285316467,5.219126582145691,-3.196227563260198,12.997253430722356
p1261,process,,21,pre,odor,2.0,2.3919239044189453,2.3919239044189453,2.0239444971084595,2.759903311729431,-6.959319471547559,11.74316728038545
p1261,process,,12,pre,odor,2.0,2.081319749355316,2.081319749355316,1.4957872927188873,2.666852205991745,-12.798470798040276,16.96111029675091
p1261,process,,22,pre,odor,2.0,4.507652401924133,4.507652401924133,3.6690370440483093,5.346267759799957,-16.803584462217124,25.81888926606539
p1261,process,,10,pre,odor,2.0,1.8763368725776672,1.8763368725776672,1.3573503196239471,2.3953234255313873,-11.312361921725406,15.06503566688074
p1261,process,,0,pre,odor,2.0,-0.1452704519033432,-0.1452704519033432,-0.30503010004758835,0.014489196240901947,-4.205148047703364,3.914607143896678
p1261,process,,18,pre,odor,2.0,1.1158995628356934,1.1158995628356934,0.9642615914344788,1.267537534236908,-2.7375866579683783,4.9693857836397655
p1261,process,,12,post,odor,2.0,0.18447469919919968,0.18447469919919968,0.13335924223065376,0.2355901561677456,-1.1144922236517438,1.4834416220501432
p1261,process,,18,post,odor,2.0,0.5750588625669479,0.5750588625669479,0.5311250165104866,0.6189927086234093,-0.5414060231150097,1.6915237482489056
p1261,process,,40,post,odor,2.0,0.3541114628314972,0.3541114628314972,0.3336053490638733,0.3746175765991211,-0.16699829691794266,0.875221222580937
p1261,process,,32,post,odor,2.0,0.07787133380770683,0.07787133380770683,0.07280796207487583,0.08293470554053783,-0.05080114197771385,0.20654380959312751
p1261,process,,31,post,odor,2.0,0.5263544172048569,0.5263544172048569,0.48091498762369156,0.5717938467860222,-0.6283709735017013,1.681079807911415
p1261,process,,0,post,odor,2.0,0.018531043082475662,0.018531043082475662,-0.015328465029597282,0.05239055119454861,-0.8419206415938578,0.8789827277588091
p1261,process,,4,post,odor,2.0,-0.14154881983995438,-0.14154881983995438,-0.14958055689930916,-0.1335170827805996,-0.3456546107665215,0.0625569710866127
p1261,process,,2,post,odor,2.0,0.22250119596719742,0.22250119596719742,0.19068722054362297,0.25431517139077187,-0.5859685744399366,1.0309709663743314
p1261,process,,3,post,odor,2.0,0.001228421926498413,0.001228421926498413,-0.24828515946865082,0.25074200332164764,-6.339512877399412,6.341969721252409
p1261,process,,21,post,odor,2.0,4.783808708190918,4.783808708190918,4.697710275650024,4.8699071407318115,2.5958400855342796,6.971777330847557
p1261,process,,1,post,odor,2.0,0.0778583805076778,0.0778583805076778,0.03345860098488629,0.1222581600304693,-1.0504469972075332,1.2061637582228888
p1261,process,,22,post,odor,2.0,0.3882831335067749,0.3882831335067749,0.3686724156141281,0.4078938513994217,-0.11007245962789391,0.8866387266414437
p1261,process,,10,post,odor,1.0,-0.07706836611032486,-0.07706836611032486,-0.07706836611032486,-0.07706836611032486,,
p1261,process,,30,post,odor,2.0,0.7062898278236389,0.7062898278236389,0.7005616724491119,0.7120179831981659,0.5607235979249205,0.8518560577223573
p1261,process,,17,post,odor,2.0,0.5825761258602142,0.5825761258602142,0.5490994304418564,0.6160528212785721,-0.2681473658922181,1.4332996176126467
p1261,process,,39,post,odor,2.0,0.13327590748667717,0.13327590748667717,0.014431091025471687,0.25212072394788265,-2.886857232091685,3.1534090470650393
p1280,process,,39,pre,odor,2.0,0.7970730066299438,0.7970730066299438,0.5540980100631714,1.0400480031967163,-5.377507097667564,6.971653110927452
p1280,process,,17,pre,odor,2.0,0.4197266399860382,0.4197266399860382,0.364732101559639,0.47472117841243744,-0.9778170892484719,1.8172703692205483
p1280,process,,32,pre,odor,2.0,3.690658211708069,3.690658211708069,3.446774184703827,3.934542238712311,-2.5070225462892424,9.88833896970538
p1280,process,,30,pre,odor,2.0,2.5856915712356567,2.5856915712356567,2.4757441878318787,2.695638954639435,-0.20833635623454283,5.379719498705857
p1280,process,,40,pre,odor,2.0,1.2452110946178436,1.2452110946178436,1.0940246731042862,1.396397516131401,-2.5968001555438898,5.087222344779577
p1280,process,,3,pre,odor,2.0,1.45797947794199,1.45797947794199,0.8232427202165127,2.092716235667467,-14.672210916529263,17.588169872413243
p1280,process,,2,pre,odor,2.0,1.2434751987457275,1.2434751987457275,1.1766021847724915,1.3103482127189636,-0.4559292149922902,2.942879612483745
p1280,process,,1,pre,odor,2.0,1.1936043202877045,1.1936043202877045,1.0748647600412369,1.312343880534172,-1.8238540052622292,4.211062645837638
p1280,process,,4,pre,odor,2.0,1.4719858765602112,1.4719858765602112,1.3411525785923004,1.602819174528122,-1.8528034640182343,4.796775217138657
p1280,process,,31,pre,odor,2.0,4.1598289012908936,4.1598289012908936,3.924158215522766,4.395499587059021,-1.8291310660781441,10.148788868659931
p1280,process,,21,pre,odor,2.0,1.4178326427936554,1.4178326427936554,1.086270496249199,1.7493947893381119,-7.007960390725184,9.843625676312495
p1280,process,,12,pre,odor,2.0,2.125091314315796,2.125091314315796,1.5776917934417725,2.6724908351898193,-11.785649455102755,16.03583208373435
p1280,process,,22,pre,odor,2.0,4.024681925773621,4.024681925773621,3.422558844089508,4.626805007457733,-11.276716378735925,19.326080230283168
p1280,process,,10,pre,odor,2.0,2.6213746666908264,2.6213746666908264,1.6910651624202728,3.55168417096138,-21.020031391850853,26.262780725232506
p1280,process,,0,pre,odor,2.0,-0.10173500701785088,-0.10173500701785088,-0.12532920204102993,-0.07814081199467182,-0.701320352117345,0.49785033808164325
p1280,process,,18,pre,odor,2.0,0.8228290006518364,0.8228290006518364,0.521055031567812,1.1246029697358608,-6.845974669807496,8.49163267111117
p1280,process,,12,post,odor,2.0,0.545415610074997,0.545415610074997,0.35799552500247955,0.7328356951475143,-4.217380335130373,5.308211555280367
p1280,process,,18,post,odor,2.0,0.46958087384700775,0.46958087384700775,0.40867412835359573,0.5304876193404198,-1.0782062822597491,2.0173680299537646
p1280,process,,40,post,odor,2.0,0.04040800221264362,0.04040800221264362,-0.008671742863953114,0.08948774728924036,-1.2068265764723565,1.2876425808976437
p1280,process,,32,post,odor,2.0,0.20326193422079086,0.20326193422079086,0.1684245951473713,0.23809927329421043,-0.6820387912400241,1.0885626596816058
p1280,process,,31,post,odor,2.0,0.18053390830755234,0.18053390830755234,0.041057635098695755,0.3200101815164089,-3.363894258153186,3.7249620747682908
p1280,process,,0,post,odor,2.0,-0.20781493186950684,-0.20781493186950684,-0.2146291360259056,-0.20100072771310806,-0.3809802781200976,-0.03464958561891607
p1280,process,,4,post,odor,2.0,0.1380668804049492,0.1380668804049492,0.03504719212651253,0.24108656868338585,-2.479911621840476,2.7560453826503744
p1280,process,,2,post,odor,2.0,0.1518700160086155,0.1518700160086155,0.13244094513356686,0.17129908688366413,-0.341869488735418,0.645609520752649
p1280,process,,3,post,odor,2.0,0.18288420513272285,0.18288420513272285,0.13699050061404705,0.22877790965139866,-0.983385406298878,1.3491538165643238
p1280,process,,21,post,odor,2.0,4.649620532989502,4.649620532989502,4.599370956420898,4.6998701095581055,3.372657717415976,5.926583348563028
p1280,process,,1,post,odor,2.0,-0.08519995003007352,-0.08519995003007352,-0.13166414096485823,-0.03873575909528881,-1.2659669958662472,1.0955670958061001
p1280,process,,22,post,odor,2.0,0.27676819264888763,0.27676819264888763,0.06436941772699356,0.4891669675707817,-5.120796447091658,5.6743328323894335
p1280,process,,10,post,odor,1.0,0.07011532038450241,0.07011532038450241,0.07011532038450241,0.07011532038450241,,
p1280,process,,30,post,odor,2.0,0.4616401121020317,0.4616401121020317,0.34407277777791023,0.5792074464261532,-2.5260291283151397,3.449309352519203
p1280,process,,17,post,odor,2.0,0.40427620708942413,0.40427620708942413,0.37917690724134445,0.4293755069375038,-0.23355747811925343,1.0421098922981016
p1280,process,,39,post,odor,2.0,0.19623259082436562,0.19623259082436562,0.1408678349107504,0.25159734673798084,-1.2107192567891016,1.6031844384378329
p1299,process,,39,pre,odor,2.0,1.8036845922470093,1.8036845922470093,1.797097384929657,1.8102717995643616,1.6362877826191966,1.971081401874822
p1299,process,,17,pre,odor,2.0,-0.15492501854896545,-0.15492501854896545,-0.40786947309970856,0.09801943600177765,-6.582853071352518,6.273003034254587
p1299,process,,32,pre,odor,2.0,5.595476388931274,5.595476388931274,5.2591224908828735,5.931830286979675,-2.9520865958955476,14.143039373758096
p1299,process,,30,pre,odor,2.0,2.8205706626176834,2.8205706626176834,1.6343608424067497,4.006780482828617,-27.323879008704512,32.965020333939876
p1299,process,,40,pre,odor,2.0,1.2552446275949478,1.2552446275949478,0.7812759503722191,1.7292133048176765,-10.789441475056833,13.299930730246729
p1299,process,,3,pre,odor,2.0,0.1922188587486744,0.1922188587486744,0.038527531549334526,0.34591018594801426,-3.7134480803897794,4.097885797887129
p1299,process,,2,pre,odor,2.0,1.2014594674110413,1.2014594674110413,1.14597687125206,1.2569420635700226,-0.20848698476999128,2.611405919592074
p1299,process,,1,pre,odor,2.0,2.4081913232803345,2.4081913232803345,2.254348337650299,2.56203430891037,-1.501329621998888,6.317712268559557
p1299,process,,4,pre,odor,2.0,0.4678021967411041,0.4678021967411041,-0.028281643986701965,0.9638860374689102,-12.13888349644966,13.074487889931868
p1299,process,,31,pre,odor,2.0,1.756227731704712,1.756227731704712,1.5113238096237183,2.0011316537857056,-4.467371017601847,7.979826481011271
p1299,process,,21,pre,odor,2.0,0.6149907410144806,0.6149907410144806,0.3778955787420273,0.8520859032869339,-5.410168606566227,6.640150088595188
p1299,process,,12,pre,odor,2.0,0.6971829384565353,0.6971829384565353,0.10614258795976639,1.2882232889533043,-14.322576463048255,15.716942339961326
p1299,process,,22,pre,odor,2.0,0.2728256992995739,0.2728256992995739,0.1982931960374117,0.3473582025617361,-1.6212247925977088,2.166876191196857
p1299,process,,10,pre,odor,2.0,0.7378431111574173,0.7378431111574173,0.5666831657290459,0.9090030565857887,-3.6117435073333333,5.087429729648168
p1299,process,,0,pre,odor,2.0,-0.16230591759085655,-0.16230591759085655,-0.26193192414939404,-0.06267991103231907,-2.694042790351377,2.3694309551696637
p1299,process,,18,pre,odor,2.0,-0.14827123610302806,-0.14827123610302806,-0.22761117084883153,-0.06893130135722458,-2.1644901453728664,1.8679476731668103
p1299,process,,12,post,odor,2.0,0.3717752695083618,0.3717752695083618,0.3395908921957016,0.40395964682102203,-0.4461073053735515,1.189657844390275
p1299,process,,18,post,odor,2.0,0.33689653128385544,0.33689653128385544,0.2619182951748371,0.41187476739287376,-1.5684811062330108,2.242274168800722
p1299,process,,40,post,odor,2.0,0.20350149646401405,0.20350149646401405,0.138811519369483,0.2681914735585451,-1.4404266902191116,1.8474296831471397
p1299,process,,32,post,odor,2.0,-0.18057488650083542,-0.18057488650083542,-0.23397378250956535,-0.12717599049210548,-1.5375694972460838,1.176419724244413
p1299,process,,31,post,odor,2.0,0.2246646285057068,0.2246646285057068,0.21752870827913284,0.23180054873228073,0.04332370174598951,0.40600555526542403
p1299,process,,0,post,odor,2.0,0.07494610548019409,0.07494610548019409,0.06427693739533424,0.08561527356505394,-0.19618316262158608,0.34607537358197427
p1299,process,,4,post,odor,2.0,0.04254279239103198,0.04254279239103198,0.024140159832313657,0.060945424949750304,-0.4251124415603067,0.5101980263423707
p1299,process,,2,post,odor,2.0,0.052622146904468536,0.052622146904468536,-0.04331229254603386,0.14855658635497093,-2.3853031109120075,2.4905474047209446
p1299,process,,3,post,odor,2.0,-0.06786317378282547,-0.06786317378282547,-0.13509370759129524,-0.0006326399743556976,-1.7763530279682882,1.6406266804026373
p1299,process,,21,post,odor,2.0,1.149370014667511,1.149370014667511,1.061589628458023,1.237150400876999,-1.0813411033289668,3.380081132663989
p1299,process,,1,post,odor,2.0,0.2551043704152107,0.2551043704152107,0.25066107138991356,0.2595476694405079,0.14218943617626825,0.3680193046541532
p1299,process,,22,post,odor,2.0,-0.05267573334276676,-0.05267573334276676,-0.10381132084876299,-0.0015401458367705345,-1.352154221654296,1.2468027549687626
p1299,process,,10,post,odor,1.0,-0.2416759878396988,-0.2416759878396988,-0.2416759878396988,-0.2416759878396988,,
p1299,process,,30,post,odor,2.0,-0.27537589333951473,-0.27537589333951473,-0.38668092619627714,-0.16407086048275232,-3.1039049646288634,2.553153177949834
p1299,process,,17,post,odor,2.0,0.4290258586406708,0.4290258586406708,0.4118549972772598,0.4461967200040817,-0.007327101319271667,0.8653788186006133
p1299,process,,39,post,odor,2.0,0.17693074513226748,0.17693074513226748,0.08324380172416568,0.27061768854036927,-2.203880222967239,2.557741713231774
p1318,process,,39,pre,odor,2.0,0.7702264934778214,0.7702264934778214,0.5262263044714928,1.01422668248415,-5.430406220881644,6.970859207837287
p1318,process,,17,pre,odor,2.0,0.766505241394043,0.766505241394043,0.7254135012626648,0.8075969815254211,-0.2777348847559111,1.810745367543997
p1318,process,,32,pre,odor,2.0,1.3009398579597473,1.3009398579597473,0.9207588136196136,1.681120902299881,-8.360376514437148,10.962256230356642
p1318,process,,30,pre,odor,2.0,1.9832782745361328,1.9832782745361328,1.7728604078292847,2.193696141242981,-3.3639467145165254,7.330503263588791
p1318,process,,40,pre,odor,2.0,0.975125640630722,0.975125640630722,0.8632597476243973,1.0869915336370468,-1.8676562384360285,3.8179075196974726
p1318,process,,3,pre,odor,2.0,1.1434524059295654,1.1434524059295654,0.8970935940742493,1.3898112177848816,-5.117118598059211,7.4040234099183415
p1318,process,,2,pre,odor,2.0,0.6246483474969864,0.6246483474969864,0.5369040593504906,0.7123926356434822,-1.6051454317415779,2.8544421267355506
p1318,process,,1,pre,odor,2.0,1.319630891084671,1.319630891084671,1.0595159381628036,1.5797458440065384,-5.290516802446707,7.929778584616049
p1318,process,,4,pre,odor,2.0,1.2939203977584839,1.2939203977584839,1.2144474983215332,1.3733932971954346,-0.7256774646881516,3.3135182602051194
p1318,process,,31,pre,odor,2.0,2.383788049221039,2.383788049221039,2.0875578224658966,2.680018275976181,-5.144135771167543,9.91171186960962
p1318,process,,21,pre,odor,2.0,1.522090196609497,1.522090196609497,1.2746098041534424,1.7695705890655518,-4.766982872861491,7.811163266080485
p1318,process,,12,pre,odor,2.0,1.4058637022972107,1.4058637022972107,1.1760689914226532,1.6356584131717682,-4.433773585027183,7.245500989621604
p1318,process,,22,pre,odor,2.0,2.6948963403701782,2.6948963403701782,2.6270706057548523,2.762722074985504,0.9712809995626137,4.418511681177742
p1318,process,,10,pre,odor,2.0,2.0788753628730774,2.0788753628730774,1.961580365896225,2.19617035984993,-0.9018731293606796,5.059623855106834
p1318,process,,0,pre,odor,2.0,1.7765684723854065,1.7765684723854065,1.7185908257961273,1.8345461189746857,0.3032167770154832,3.24992016775533
p1318,process,,18,pre,odor,2.0,-0.49052594136446714,-0.49052594136446714,-0.7237436077557504,-0.25730827497318387,-6.417148775885534,5.436096893156599
p1318,process,,12,post,odor,2.0,-0.10376374796032906,-0.10376374796032906,-0.10920580290257931,-0.0983216930180788,-0.24205947652381515,0.03453198060315704
p1318,process,,18,post,odor,2.0,0.20283260568976402,0.20283260568976402,0.041064510121941566,0.3646007012575865,-3.9080844784418884,4.3137496898214165
p1318,process,,40,post,odor,2.0,-0.11040739715099335,-0.11040739715099335,-0.13825621455907822,-0.08255857974290848,-0.8181129484459377,0.597298154143951
p1318,process,,32,post,odor,2.0,0.3618880659341812,0.3618880659341812,0.3469376638531685,0.37683846801519394,-0.01803767352477853,0.7418138053931409
p1318,process,,31,post,odor,2.0,-0.1904903706163168,-0.1904903706163168,-0.2585096387192607,-0.1224711025133729,-1.919023863657841,1.5380431224252074
p1318,process,,0,post,odor,2.0,-0.07791379932314157,-0.07791379932314157,-0.10840134741738439,-0.047426251228898764,-0.8526758553019851,0.6968482566557019
p1318,process,,4,post,odor,2.0,-0.302640613168478,-0.302640613168478,-0.3938314151018858,-0.21144981123507023,-2.6200186120121467,2.0147373856751907
p1318,process,,2,post,odor,2.0,-0.11218338459730148,-0.11218338459730148,-0.12364634498953819,-0.10072042420506477,-0.4034848278501435,0.17911805865554054
p1318,process,,3,post,odor,2.0,-0.10784715414047241,-0.10784715414047241,-0.20200496912002563,-0.01368933916091919,-2.500624103422592,2.284929795141647
p1318,process,,21,post,odor,2.0,4.3054012060165405,4.3054012060165405,4.059145748615265,4.551656663417816,-1.9525433122653677,10.563345724298449
p1318,process,,1,post,odor,2.0,0.1536719985306263,0.1536719985306263,0.11399501375854015,0.19334898330271244,-0.854615785125798,1.1619597821870506
p1318,process,,22,post,odor,2.0,0.05078119784593582,0.05078119784593582,-0.037297118455171585,0.13885951414704323,-2.187501041632911,2.2890634373247827
p1318,process,,10,post,odor,1.0,-0.2441793978214264,-0.2441793978214264,-0.2441793978214264,-0.2441793978214264,,
p1318,process,,30,post,odor,2.0,-0.09816354140639305,-0.09816354140639305,-0.10118775628507137,-0.09513932652771473,-0.17501612823573798,-0.02131095457704811
p1318,process,,17,post,odor,2.0,0.034508951008319855,0.034508951008319855,-0.030361931771039963,0.09937983378767967,-1.6140164850135503,1.68303438703019
p1318,process,,39,post,odor,2.0,0.1616114992648363,0.1616114992648363,0.0650829253718257,0.2581400731578469,-2.291412146286284,2.614635144815957
p1337,process,,39,pre,odor,2.0,0.36868642270565033,0.36868642270565033,0.34784431010484695,0.3895285353064537,-0.16096187697477793,0.8983347223860786
p1337,process,,17,pre,odor,2.0,0.6245080977678299,0.6245080977678299,0.4412642642855644,0.8077519312500954,-4.0321592319665065,5.281175427502166
p1337,process,,32,pre,odor,2.0,0.47655150294303894,0.47655150294303894,0.2698739320039749,0.683229073882103,-4.775623558510994,5.728726564397072
p1337,process,,30,pre,odor,2.0,0.6428079903125763,0.6428079903125763,0.642460897564888,0.6431550830602646,0.6339875272834385,0.651628453341714
p1337,process,,40,pre,odor,2.0,0.3763245642185211,0.3763245642185211,0.28904883563518524,0.463600292801857,-1.8415619875388378,2.59421111597588
p1337,process,,3,pre,odor,2.0,0.6711199283599854,0.6711199283599854,0.6187750399112701,0.7234648168087006,-0.659089810683217,2.001329667403188
p1337,process,,2,pre,odor,2.0,0.4718620479106903,0.4718620479106903,0.4675234258174896,0.476200670003891,0.3616072067324929,0.5821168890888877
p1337,process,,1,pre,odor,2.0,0.5503019839525223,0.5503019839525223,0.4277467653155327,0.6728572025895119,-2.564121415023962,3.6647253829290065
p1337,process,,4,pre,odor,2.0,0.38638895750045776,0.38638895750045776,0.36221717298030853,0.410560742020607,-0.22787432840297073,1.0006522434038863
p1337,process,,31,pre,odor,2.0,1.0235042572021484,1.0235042572021484,0.9537643790245056,1.0932441353797913,-0.748754083599874,2.795762598004171
p1337,process,,21,pre,odor,2.0,0.3659271076321602,0.3659271076321602,0.1347879283130169,0.5970662869513035,-5.5078763623287,6.23973057759302
p1337,process,,12,pre,odor,2.0,0.5009593218564987,0.5009593218564987,0.3347257748246193,0.6671928688883781,-3.7234356433586715,4.725354287071669
p1337,process,,22,pre,odor,2.0,1.0330810993909836,1.0330810993909836,0.7442855313420296,1.3218766674399376,-6.305910129668776,8.372072328450743
p1337,process,,10,pre,odor,2.0,0.9072374701499939,0.9072374701499939,0.7346698939800262,1.0798050463199615,-3.478120437132066,5.292595377432054
p1337,process,,0,pre,odor,2.0,0.6916136145591736,0.6916136145591736,0.6621091663837433,0.7211180627346039,-0.05816550373057283,1.44139273284892
p1337,process,,18,pre,odor,2.0,0.07500271871685982,0.07500271871685982,-0.019366877153515816,0.16937231458723545,-2.3231560932812574,2.473161530714977
p1337,process,,12,post,odor,2.0,0.07879322208464146,0.07879322208464146,0.0632014712318778,0.09438497293740511,-0.3174307349766412,0.4750171791459241
p1337,process,,18,post,odor,2.0,0.3565676361322403,0.3565676361322403,0.2513973340392113,0.4617379382252693,-2.316063144986497,3.0291984172509774
p1337,process,,40,post,odor,2.0,0.13063493743538857,0.13063493743538857,0.1167305838316679,0.14453929103910923,-0.22270818979069784,0.48397806466147497
p1337,process,,32,post,odor,2.0,0.18312623351812363,0.18312623351812363,0.016862694174051285,0.34938977286219597,-4.042030908615515,4.408283375651762
p1337,process,,31,post,odor,2.0,0.09128096885979176,0.09128096885979176,0.07240392547100782,0.11015801224857569,-0.3884301873632913,0.5709921250828749
p1337,process,,0,post,odor,2.0,0.121196448802948,0.121196448802948,-0.07858547568321228,0.3209783732891083,-4.955743621413341,5.198136519019237
p1337,process,,4,post,odor,2.0,-0.025589123368263245,-0.025589123368263245,-0.06062375754117966,0.009445510804653168,-0.9159035926843798,0.8647253459478533
p1337,process,,2,post,odor,2.0,-0.04517076909542084,-0.04517076909542084,-0.11176899075508118,0.021427452564239502,-1.7375920480409974,1.6472505098501558
p1337,process,,3,post,odor,2.0,0.06374550890177488,0.06374550890177488,0.020094760227948427,0.10739625757560134,-1.045525190172115,1.1730162079756647
p1337,process,,21,post,odor,2.0,2.8027490377426147,2.8027490377426147,2.756172001361847,2.8493260741233826,1.6191143172260285,3.986383758259201
p1337,process,,1,post,odor,2.0,0.063979996368289,0.063979996368289,0.04659671802073717,0.08136327471584082,-0.37777099097152295,0.505730983708101
p1337,process,,22,post,odor,2.0,0.5357322990894318,0.5357322990894318,0.45589612424373627,0.6155684739351273,-1.4930972667954623,2.564561864974326
p1337,process,,10,post,odor,1.0,0.04441658407449722,0.04441658407449722,0.04441658407449722,0.04441658407449722,,
p1337,process,,30,post,odor,2.0,0.49052003771066666,0.49052003771066666,0.31466590985655785,0.6663741655647755,-3.978357066720828,4.959397142142161
p1337,process,,17,post,odor,2.0,0.03741874918341637,0.03741874918341637,-0.03600890003144741,0.11084639839828014,-1.828554739256736,1.9033922376235688
p1337,process,,39,post,odor,2.0,0.006748262792825699,0.006748262792825699,-0.028133587911725044,0.04163011349737644,-0.8796836104645768,0.8931801360502282
p1356,process,,39,pre,odor,2.0,1.7887455224990845,1.7887455224990845,1.5224722027778625,2.0550188422203064,-4.977901109818413,8.555392154816582
p1356,process,,17,pre,odor,2.0,2.3875075578689575,2.3875075578689575,2.356765568256378,2.418249547481537,1.6062795298393797,3.1687355858985353
p1356,process,,32,pre,odor,2.0,6.307343125343323,6.307343125343323,4.920341432094574,7.6943448185920715,-28.939711842335818,41.55439809302246
p1356,process,,30,pre,odor,2.0,4.46221399307251,4.46221399307251,4.232063055038452,4.692364931106567,-1.3864758846942724,10.310903870839292
p1356,process,,40,pre,odor,2.0,3.1283870935440063,3.1283870935440063,2.9610570073127747,3.295717179775238,-1.123873574807586,7.380647761895599
p1356,process,,3,pre,odor,2.0,3.676855504512787,3.676855504512787,2.726816326379776,4.626894682645798,-20.465929104977562,27.819640114003136
p1356,process,,2,pre,odor,2.0,2.0437338948249817,2.0437338948249817,1.9558031260967255,2.131664663553238,-0.19079880531591975,4.278266594965883
p1356,process,,1,pre,odor,2.0,2.652015447616577,2.652015447616577,2.6365658044815063,2.667465090751648,2.259402790066486,3.044628105166668
p1356,process,,4,pre,odor,2.0,3.5116981267929077,3.5116981267929077,3.4589239954948425,3.564472258090973,2.1705802926989457,4.85281596088687
p1356,process,,31,pre,odor,2.0,12.606197834014893,12.606197834014893,12.468997716903687,12.743397951126099,9.119612278330635,16.09278338969915
p1356,process,,21,pre,odor,2.0,4.906397461891174,4.906397461891174,3.618381917476654,6.194413006305695,-27.82518095952163,37.63797588330398
p1356,process,,12,pre,odor,2.0,4.810413360595703,4.810413360595703,4.087299108505249,5.533527612686157,-13.565662108818596,23.186488830010003
p1356,process,,22,pre,odor,2.0,12.043905258178711,12.043905258178711,11.400702953338623,12.687107563018799,-4.301415085976494,28.389225602333916
p1356,process,,10,pre,odor,2.0,6.553490400314331,6.553490400314331,5.88511049747467,7.221870303153992,-10.431653373736225,23.538634174364887
p1356,process,,0,pre,odor,2.0,1.7262697219848633,1.7262697219848633,1.5839178562164307,1.868621587753296,-1.8912341800754615,5.343773624045188
p1356,process,,18,pre,odor,2.0,0.8953352570533752,0.8953352570533752,0.03770396113395691,1.7529665529727936,-20.89914241115253,22.68981292525928
p1356,process,,12,post,odor,2.0,0.9532518684864044,0.9532518684864044,0.8024065345525742,1.1040972024202347,-2.88009152443337,4.786595261406179
p1356,process,,18,post,odor,2.0,0.9511746168136597,0.9511746168136597,0.8723326921463013,1.030016541481018,-1.0523886564213756,2.954737890048695
p1356,process,,40,post,odor,2.0,0.06516954116523266,0.06516954116523266,0.038802933879196644,0.09153614845126867,-0.6048694795841454,0.7352085619146107
p1356,process,,32,post,odor,2.0,1.5610103607177734,1.5610103607177734,1.4769388437271118,1.645081877708435,-0.5754494540104984,3.6974701754460453
p1356,process,,31,post,odor,2.0,1.3031324744224548,1.3031324744224548,1.0439270436763763,1.5623379051685333,-5.283902069153593,7.890167017998503
p1356,process,,0,post,odor,2.0,0.08924494683742523,0.08924494683742523,-0.035390011966228485,0.21387990564107895,-3.07802966085042,3.2565195545252705
p1356,process,,4,post,odor,2.0,0.14206651039421558,0.14206651039421558,0.0564989922568202,0.22763402853161097,-2.032410298045959,2.3165433188343902
p1356,process,,2,post,odor,2.0,0.6969680488109589,0.6969680488109589,0.6223102360963821,0.7716258615255356,-1.2002668582018372,2.594202955823755
p1356,process,,3,post,odor,2.0,0.8432077765464783,0.8432077765464783,0.6481117904186249,1.0383037626743317,-4.1146513093463275,5.801066862439284
p1356,process,,21,post,odor,2.0,4.838236689567566,4.838236689567566,4.2184537053108215,5.45801967382431,-10.911942290359496,20.58841566949463
p1356,process,,1,post,odor,2.0,-0.12162640877068043,-0.12162640877068043,-0.15998286847025156,-0.0832699490711093,-1.0963564685658493,0.8531036510244884
p1356,process,,22,post,odor,2.0,1.136327087879181,1.136327087879181,1.1239967048168182,1.1486574709415436,0.8229823445474993,1.4496718312108625
p1356,process,,10,post,odor,1.0,-0.320881187915802,-0.320881187915802,-0.320881187915802,-0.320881187915802,,
p1356,process,,30,post,odor,2.0,1.0852472186088562,1.0852472186088562,0.92305126786232,1.2474431693553925,-3.0365426965191364,5.207037133736849
p1356,process,,17,post,odor,2.0,0.7242734134197235,0.7242734134197235,0.7121038883924484,0.7364429384469986,0.4150164603426052,1.0335303664968418
p1356,process,,39,post,odor,2.0,0.009182937443256378,0.009182937443256378,-0.06516646221280098,0.08353233709931374,-1.8802144506398257,1.8985803255263385
p1375,process,,39,pre,odor,2.0,3.9301775693893433,3.9301775693893433,3.818569242954254,4.041785895824432,1.093941077497222,6.7664140612814645
p1375,process,,17,pre,odor,2.0,-0.23301319032907486,-0.23301319032907486,-0.4239545650780201,-0.04207181558012962,-5.085293590662585,4.619267210004435
p1375,process,,32,pre,odor,2.0,6.624100923538208,6.624100923538208,6.368917346000671,6.879284501075745,0.1392713605353082,13.108930486541109
p1375,process,,30,pre,odor,2.0,4.703308880329132,4.703308880329132,3.1971459090709686,6.2094718515872955,-33.57192127737372,42.97853903803198
p1375,process,,40,pre,odor,2.0,3.165988326072693,3.165988326072693,2.334011137485504,3.9979655146598816,-17.97655666195899,24.308533314104377
p1375,process,,3,pre,odor,2.0,0.2976757772266865,0.2976757772266865,0.12208683602511883,0.4732647184282541,-4.164462295403831,4.759813849857204
p1375,process,,2,pre,odor,2.0,1.9721731543540955,1.9721731543540955,1.7037620842456818,2.240584224462509,-4.848798866152393,8.793145174860584
p1375,process,,1,pre,odor,2.0,6.774811744689941,6.774811744689941,6.3376710414886475,7.211952447891235,-4.333986802092092,17.883610291471975
p1375,process,,4,pre,odor,2.0,0.5628858357667923,0.5628858357667923,0.37670614570379257,0.749065525829792,-4.168388683549255,5.294160355082839
p1375,process,,31,pre,odor,2.0,3.8177589178085327,3.8177589178085327,2.963830292224884,4.671687543392181,-17.882624975683676,25.51814281130074
p1375,process,,21,pre,odor,2.0,0.48849624395370483,0.48849624395370483,0.3464791178703308,0.6305133700370789,-3.1205011161632665,4.097493604070676
p1375,process,,12,pre,odor,2.0,1.6453778445720673,1.6453778445720673,0.8961303979158401,2.3946252912282944,-17.39480506596823,20.685560755112366
p1375,process,,22,pre,odor,2.0,0.8044279515743256,0.8044279515743256,0.7281305938959122,0.880725309252739,-1.134471743407816,2.743327646556467
p1375,process,,10,pre,odor,2.0,0.8466470241546631,0.8466470241546631,0.8034548163414001,0.889839231967926,-0.2509710468107831,1.9442650951201093
p1375,process,,0,pre,odor,2.0,-0.0757434093034135,-0.0757434093034135,-0.11361069346844488,-0.03787612513838212,-1.0380423401110028,0.8865555215041759
p1375,process,,18,pre,odor,2.0,0.1661201324313879,0.1661201324313879,0.09000808093696833,0.24223218392580748,-1.7680704859253444,2.10031075078812
p1375,process,,12,post,odor,2.0,0.027363303117454052,0.027363303117454052,0.021797866094857454,0.03292874014005065,-0.11406786139334371,0.16879446762825182
p1375,process,,18,post,odor,2.0,0.4547048360109329,0.4547048360109329,0.3840111419558525,0.5253985300660133,-1.3417922644297622,2.2512019364516282
p1375,process,,40,post,odor,2.0,0.06260475516319275,0.06260475516319275,-0.025955863296985626,0.15116537362337112,-2.187933944271364,2.3131434545977494
p1375,process,,32,post,odor,2.0,0.19881659653037786,0.19881659653037786,0.11281351605430245,0.2848196770064533,-1.9867289004110673,2.384362093471823
p1375,process,,31,post,odor,2.0,0.5690122246742249,0.5690122246742249,0.42109444737434387,0.7169300019741058,-3.189934900310138,4.327959349658588
p1375,process,,0,post,odor,2.0,0.4581311494112015,0.4581311494112015,0.4337698742747307,0.48249242454767227,-0.16094754962535862,1.0772098484477617
p1375,process,,4,post,odor,2.0,0.4737919718027115,0.4737919718027115,0.30919697135686874,0.6383869722485542,-3.708963576628574,4.656547520233997
p1375,process,,2,post,odor,2.0,0.5633208453655243,0.5633208453655243,0.5255046635866165,0.6011370271444321,-0.39767945068087807,1.5243211414119267
p1375,process,,3,post,odor,2.0,0.054355818778276443,0.054355818778276443,-0.0005941707640886307,0.10930580832064152,-1.3420558159736216,1.4507674535301744
p1375,process,,21,post,odor,2.0,0.4586716592311859,0.4586716592311859,0.4067828208208084,0.5105604976415634,-0.8599487494978979,1.7772920679602697
p1375,process,,1,post,odor,2.0,-0.28711114823818207,-0.28711114823818207,-0.38673729449510574,-0.1874850019812584,-2.8188515710712947,2.2446292745949306
p1375,process,,22,post,odor,2.0,0.12054251879453659,0.12054251879453659,-0.0373174212872982,0.2784024588763714,-3.891058917845589,4.132143955434662
p1375,process,,10,post,odor,1.0,0.33115270733833313,0.33115270733833313,0.33115270733833313,0.33115270733833313,,
p1375,process,,30,post,odor,2.0,0.17830579727888107,0.17830579727888107,0.15070651099085808,0.20590508356690407,-0.523058567016957,0.8796701615747191
p1375,process,,17,post,odor,2.0,0.2277340516448021,0.2277340516448021,0.217722799628973,0.23774530366063118,-0.026675983912329893,0.4821440872019341
p1375,process,,39,post,odor,2.0,0.1387889664620161,0.1387889664620161,0.0879360930994153,0.1896418398246169,-1.1535050742739243,1.4310830071979566
p1394,process,,39,pre,odor,2.0,0.6100182384252548,0.6100182384252548,0.3636476770043373,0.8563887998461723,-5.650851350335706,6.870887827186215
p1394,process,,17,pre,odor,2.0,1.7216132879257202,1.7216132879257202,1.4723778367042542,1.9708487391471863,-4.612060053539937,8.055286629391379
p1394,process,,32,pre,odor,2.0,1.6590301394462585,1.6590301394462585,1.6531285345554352,1.664931744337082,1.5090561394166353,1.8090041394758818
p1394,process,,30,pre,odor,2.0,1.3263999819755554,1.3263999819755554,1.0252568423748016,1.6275431215763092,-6.326372791347673,8.979172755298784
p1394,process,,40,pre,odor,2.0,0.04365384578704834,0.04365384578704834,-0.35620829463005066,0.44351598620414734,-10.117806598982337,10.205114290556434
p1394,process,,3,pre,odor,2.0,1.3661879897117615,1.3661879897117615,0.9441298544406891,1.7882461249828339,-9.359326164932957,12.09170214435648
p1394,process,,2,pre,odor,2.0,0.8882590532302856,0.8882590532302856,0.8882115185260773,0.888306587934494,0.8870510818627955,0.8894670245977758
p1394,process,,1,pre,odor,2.0,0.24479055497795343,0.24479055497795343,0.13228187104687095,0.3572992389090359,-2.61432619027385,3.103907300229757
p1394,process,,4,pre,odor,2.0,1.1361023858189583,1.1361023858189583,0.5019284896552563,1.7702762819826603,-14.97978434016822,17.251989111806136
p1394,process,,31,pre,odor,2.0,1.7559540569782257,1.7559540569782257,1.2680247277021408,2.2438833862543106,-10.643505852154439,14.15541396611089
p1394,process,,21,pre,odor,2.0,0.7886669039726257,0.7886669039726257,0.6456290781497955,0.9317047297954559,-2.8462688958717264,4.423602703816978
p1394,process,,12,pre,odor,2.0,1.3212241232395172,1.3212241232395172,0.6680086702108383,1.974439576268196,-15.278554442791478,17.921002689270512
p1394,process,,22,pre,odor,2.0,1.51246178150177,1.51246178150177,1.448048174381256,1.576875388622284,-0.12444317823576978,3.1493667412393096
p1394,process,,10,pre,odor,2.0,0.8486449420452118,0.8486449420452118,0.7203758507966995,0.9769140332937241,-2.4109817274081293,4.108271611498553
p1394,process,,0,pre,odor,2.0,-0.28801198676228523,-0.28801198676228523,-0.3900406751781702,-0.18598329834640026,-2.880806794713505,2.3047828211889345
p1394,process,,18,pre,odor,2.0,0.6590830087661743,0.6590830087661743,0.5598138272762299,0.7583521902561188,-1.8635860792412609,3.1817520967736095
p1394,process,,12,post,odor,2.0,0.7493220418691635,0.7493220418691635,0.6180242076516151,0.8806198760867119,-2.5872722840998215,4.0859163678381485
p1394,process,,18,post,odor,2.0,0.8230808824300766,0.8230808824300766,0.5748354569077492,1.071326307952404,-5.485433520580921,7.131595285441074
p1394,process,,40,post,odor,2.0,-0.1907922849059105,-0.1907922849059105,-0.23326250538229942,-0.14832206442952156,-1.2700629180328635,0.8884783482210425
p1394,process,,32,post,odor,2.0,0.770994246006012,0.770994246006012,0.6741518378257751,0.8678366541862488,-1.6900046849585642,3.231993176970588
p1394,process,,31,post,odor,2.0,0.5649945884943008,0.5649945884943008,0.5196070596575737,0.610382117331028,-0.5884118792426749,1.7184010562312766
p1394,process,,0,post,odor,2.0,0.1529408860951662,0.1529408860951662,0.09798918198794127,0.20789259020239115,-1.2435143198810175,1.5493960920713499
p1394,process,,4,post,odor,2.0,0.19960559904575348,0.19960559904575348,0.021428100764751434,0.3777830973267555,-4.328313946029899,4.727525144121406
p1394,process,,2,post,odor,2.0,0.47678036987781525,0.47678036987781525,0.4533710405230522,0.5001896992325783,-0.11810709315851142,1.0716678329141418
p1394,process,,3,post,odor,2.0,0.6173775345087051,0.6173775345087051,0.5383484289050102,0.6964066401124,-1.3909424573259317,2.625697526343342
p1394,process,,21,post,odor,2.0,4.510489463806152,4.510489463806152,4.2592597007751465,4.761719226837158,-1.8738641459790717,10.894843073591376
p1394,process,,1,post,odor,2.0,0.1292278803884983,0.1292278803884983,0.11578500084578991,0.1426707599312067,-0.21238807903827633,0.47084383981527295
p1394,process,,22,post,odor,2.0,0.23880685307085514,0.23880685307085514,0.1415093531832099,0.3361043529585004,-2.233757054709854,2.7113707608515645
p1394,process,,10,post,odor,1.0,0.5811539888381958,0.5811539888381958,0.5811539888381958,0.5811539888381958,,
p1394,process,,30,post,odor,2.0,0.5536614656448364,0.5536614656448364,0.5352865755558014,0.5720363557338715,0.08671123469286363,1.0206116965968093
p1394,process,,17,post,odor,2.0,0.7423465549945831,0.7423465549945831,0.6293102949857712,0.8553828150033951,-2.130177169572298,3.6148702795614645
p1394,process,,39,post,odor,2.0,0.06705467589199543,0.06705467589199543,0.06146975141018629,0.07263960037380457,-0.07487171191188713,0.208981063695878
p1413,process,,39,pre,odor,2.0,0.18306754529476166,0.18306754529476166,-0.003999851644039154,0.37013494223356247,-4.570765744640563,4.9369008352300865
p1413,process,,17,pre,odor,2.0,1.5214696526527405,1.5214696526527405,1.4808718860149384,1.5620674192905426,0.48978258319002776,2.553156722115453
p1413,process,,32,pre,odor,2.0,1.634890079498291,1.634890079498291,1.5228805541992188,1.7468996047973633,-1.2115418422052113,4.481322001201793
p1413,process,,30,pre,odor,2.0,0.8746629655361176,0.8746629655361176,0.7190442830324173,1.0302816480398178,-3.0799827157954462,4.829308646867681
p1413,process,,40,pre,odor,2.0,0.18426835536956787,0.18426835536956787,0.010522663593292236,0.3580140471458435,-4.231028308105756,4.599565018844892
p1413,process,,3,pre,odor,2.0,1.928234577178955,1.928234577178955,1.6084753274917603,2.24799382686615,-6.197618408443246,10.054087562801156
p1413,process,,2,pre,odor,2.0,0.650430828332901,0.650430828332901,0.5505029708147049,0.7503586858510971,-1.8889768046140856,3.1898384612798876
p1413,process,,1,pre,odor,2.0,0.5918644443154335,0.5918644443154335,0.401521023362875,0.782207865267992,-4.2452205092987505,5.4289493979296175
p1413,process,,4,pre,odor,2.0,0.6682054251432419,0.6682054251432419,0.294143445789814,1.0422674044966698,-8.837610762223571,10.174021612510055
p1413,process,,31,pre,odor,2.0,2.4618618488311768,2.4618618488311768,2.155695676803589,2.7680280208587646,-5.3185582813156485,10.242281978978003
p1413,process,,21,pre,odor,2.0,1.1548173129558563,1.1548173129558563,0.9829655438661575,1.3266690820455551,-3.2123502116992046,5.521984837610917
p1413,process,,12,pre,odor,2.0,0.9136371538043022,0.9136371538043022,0.37113212421536446,1.45614218339324,-12.872722798918803,14.699997106527407
p1413,process,,22,pre,odor,2.0,2.0634986758232117,2.0634986758232117,1.9331232607364655,2.193874090909958,-1.2496547574887011,5.376652109135124
p1413,process,,10,pre,odor,2.0,1.037654846906662,1.037654846906662,0.6690984517335892,1.4062112420797348,-8.328251180884479,10.403560874697803
p1413,process,,0,pre,odor,2.0,-0.6937473714351654,-0.6937473714351654,-0.7582790106534958,-0.629215732216835,-2.333651811173298,0.946157068302967
p1413,process,,18,pre,odor,2.0,0.49719387106597424,0.49719387106597424,0.24432334024459124,0.7500644018873572,-5.928855601657357,6.923243343789306
p1413,process,,12,post,odor,2.0,0.5217450112104416,0.5217450112104416,0.4903262332081795,0.5531637892127037,-0.27668184050388656,1.3201718629247696
p1413,process,,18,post,odor,2.0,0.690436989068985,0.690436989068985,0.544930562376976,0.835943415760994,-3.0072319068867355,4.388105885024705
p1413,process,,40,post,odor,2.0,0.17107218224555254,0.17107218224555254,0.07095367787405849,0.2711906866170466,-2.3731802466020566,2.7153246110931617
p1413,process,,32,post,odor,2.0,0.29367271810770035,0.29367271810770035,0.2572264336049557,0.330119002610445,-0.6325151874217891,1.2198606236371898
p1413,process,,31,post,odor,2.0,0.16330282390117645,0.16330282390117645,0.1354530304670334,0.19115261733531952,-0.5444275305676146,0.8710331783699675
p1413,process,,0,post,odor,2.0,0.20759586989879608,0.20759586989879608,0.17432797700166702,0.24086376279592514,-0.6378214466853112,1.0530131864829033
p1413,process,,4,post,odor,2.0,0.1482115499675274,0.1482115499675274,0.05559493787586689,0.2408281620591879,-2.205399720447495,2.5018228203825497
p1413,process,,2,post,odor,2.0,0.1954904180020094,0.1954904180020094,0.11977167148143053,0.27120916452258825,-1.728705373311971,2.11968620931599
p1413,process,,3,post,odor,2.0,0.1388643942773342,0.1388643942773342,0.10370931960642338,0.17401946894824505,-0.7545107582908703,1.0322395468455388
p1413,process,,21,post,odor,2.0,3.1721497774124146,3.1721497774124146,3.030232012271881,3.314067542552948,-0.4343225817395333,6.778622136564362
p1413,process,,1,post,odor,2.0,-0.21779587119817734,-0.21779587119817734,-0.26045022532343864,-0.17514151707291603,-1.301745784007913,0.8661540416115583
p1413,process,,22,post,odor,2.0,0.24770954251289368,0.24770954251289368,0.1957421451807022,0.29967693984508514,-1.072907237705033,1.5683263227308204
p1413,process,,10,post,odor,1.0,-0.023188989609479904,-0.023188989609479904,-0.023188989609479904,-0.023188989609479904,,
p1413,process,,30,post,odor,2.0,0.31032631546258926,0.31032631546258926,0.2465289793908596,0.3741236515343189,-1.3109177120372906,1.931570342962469
p1413,process,,17,post,odor,2.0,0.22085365653038025,0.22085365653038025,0.20151841640472412,0.24018889665603638,-0.2705013827889935,0.712208695849754
p1413,process,,39,post,odor,2.0,-0.08583389222621918,-0.08583389222621918,-0.20587744563817978,0.034209661185741425,-3.1364298260468066,2.9647620415943683
p1432,process,,39,pre,odor,2.0,1.0779668688774109,1.0779668688774109,0.9793027937412262,1.1766309440135956,-1.4293250086939606,3.5852587464487824
p1432,process,,17,pre,odor,2.0,1.4777324199676514,1.4777324199676514,1.405717670917511,1.5497471690177917,-0.35233587094300023,3.307800710878303
p1432,process,,32,pre,odor,2.0,3.1740835905075073,3.1740835905075073,2.783306300640106,3.5648608803749084,-6.756508912097859,13.104676093112873
p1432,process,,30,pre,odor,2.0,2.4057101011276245,2.4057101011276245,2.1788858771324158,2.6325343251228333,-3.3584399572865173,8.169860159541766
p1432,process,,40,pre,odor,2.0,0.8402909301221371,0.8402909301221371,0.479176202788949,1.2014056574553251,-8.336504387364636,10.01708624760891
p1432,process,,3,pre,odor,2.0,2.4987431168556213,2.4987431168556213,1.6765583455562592,3.3209278881549835,-18.394952953333707,23.39243918704495
p1432,process,,2,pre,odor,2.0,1.7973518371582031,1.7973518371582031,1.7341334223747253,1.860570251941681,0.19081959448763963,3.4038840798287664
p1432,process,,1,pre,odor,2.0,1.0704503953456879,1.0704503953456879,0.8617361336946487,1.279164656996727,-4.233481884449588,6.374382675140963
p1432,process,,4,pre,odor,2.0,2.252147078514099,2.252147078514099,1.4762455821037292,3.028048574924469,-17.46537945847485,21.969673615503048
p1432,process,,31,pre,odor,2.0,2.6961448192596436,2.6961448192596436,2.501123070716858,2.891166567802429,-2.259827710723182,7.652117349242469
p1432,process,,21,pre,odor,2.0,1.3567927479743958,1.3567927479743958,1.1158107221126556,1.5977747738361359,-4.767141168700433,7.480726664649224
p1432,process,,12,pre,odor,2.0,1.2157656848430634,1.2157656848430634,0.7369994670152664,1.6945319026708603,-10.950837484124934,13.38236885381106
p1432,process,,22,pre,odor,2.0,2.029963195323944,2.029963195323944,1.6065813601016998,2.4533450305461884,-8.729189364498485,12.789115755146373
p1432,process,,10,pre,odor,2.0,1.5917945839464664,1.5917945839464664,0.853849908336997,2.329739259555936,-17.16115768058141,20.344746848474344
p1432,process,,0,pre,odor,2.0,-0.12465251982212067,-0.12465251982212067,-0.3980308845639229,0.14872584491968155,-7.07185546552208,6.822550425877838
p1432,process,,18,pre,odor,2.0,0.6126088500022888,0.6126088500022888,0.37677428126335144,0.8484434187412262,-5.380515778526516,6.605733478531094
p1432,process,,12,post,odor,2.0,-0.07421285472810268,-0.07421285472810268,-0.10701272916048765,-0.041412980295717716,-0.907736694445513,0.7593109849893076
p1432,process,,18,post,odor,2.0,0.12886939942836761,0.12886939942836761,-0.012435980141162872,0.2701747789978981,-3.4620407668382938,3.719779565695029
p1432,process,,40,post,odor,2.0,-0.003449767827987671,-0.003449767827987671,-0.12257800251245499,0.11567846685647964,-3.0307852473478056,3.0238857116918303
p1432,process,,32,post,odor,2.0,0.22282341122627258,0.22282341122627258,0.17658013105392456,0.2690666913986206,-0.9523297598580107,1.3979765823105559
p1432,process,,31,post,odor,2.0,0.11132538318634033,0.11132538318634033,-0.009690672159194946,0.2323414385318756,-2.9639841679828978,3.1866349343555784
p1432,process,,0,post,odor,2.0,-0.01844586431980133,-0.01844586431980133,-0.16415145248174667,0.127259723842144,-3.72117593310066,3.6842842044610573
p1432,process,,4,post,odor,2.0,-0.15528673958033323,-0.15528673958033323,-0.2442902377806604,-0.06628324138000607,-2.4170800803185584,2.106506601157892
p1432,process,,2,post,odor,2.0,0.03181070974096656,0.03181070974096656,0.019889923045411706,0.04373149643652141,-0.2711252029990081,0.3347466224809412
p1432,process,,3,post,odor,2.0,0.14408615231513977,0.14408615231513977,0.11596427112817764,0.1722080335021019,-0.5705586075407005,0.8587309121709801
p1432,process,,21,post,odor,2.0,1.6223753094673157,1.6223753094673157,1.517212837934494,1.7275377810001373,-1.0500564782490343,4.294807097183666
p1432,process,,1,post,odor,2.0,0.04393579065799713,0.04393579065799713,0.009010855108499527,0.07886072620749474,-0.8435909723212477,0.931462553637242
p1432,process,,22,post,odor,2.0,0.08131366223096848,0.08131366223096848,-0.004251103848218918,0.16687842831015587,-2.0930932097791324,2.2557205342410693
p1432,process,,10,post,odor,1.0,-0.07415708899497986,-0.07415708899497986,-0.07415708899497986,-0.07415708899497986,,
p1432,process,,30,post,odor,2.0,0.1274305246770382,0.1274305246770382,0.08189668692648411,0.17296436242759228,-1.0296940050875625,1.2845550544416389
p1432,process,,17,post,odor,2.0,0.21619345992803574,0.21619345992803574,0.17842035368084908,0.2539665661752224,-0.7437121830680304,1.176099102924102
p1432,process,,39,post,odor,2.0,0.06975310109555721,0.06975310109555721,0.06070526782423258,0.07880093436688185,-0.16017414283289083,0.29968034502400526
p1451,process,,39,pre,odor,2.0,0.6765238493680954,0.6765238493680954,0.48380041867494583,0.869247280061245,-4.221042886322169,5.57409058505836
p1451,process,,17,pre,odor,2.0,1.0728868320584297,1.0728868320584297,0.6551233641803265,1.490650299936533,-9.543489476248611,11.68926314036547
p1451,process,,32,pre,odor,2.0,2.3237926959991455,2.3237926959991455,2.269024610519409,2.378560781478882,0.9320036817714532,3.7155817102268376
p1451,process,,30,pre,odor,2.0,1.1450622081756592,1.1450622081756592,1.0967495441436768,1.1933748722076416,-0.08267899290512437,2.3728034092564427
p1451,process,,40,pre,odor,2.0,0.8148970156908035,0.8148970156908035,0.6370806023478508,0.9927134290337563,-3.7038464910848425,5.33364052246645
p1451,process,,3,pre,odor,2.0,1.6918479800224304,1.6918479800224304,1.0932053625583649,2.290490597486496,-13.52110334257342,16.90479930261828
p1451,process,,2,pre,odor,2.0,1.7254924178123474,1.7254924178123474,1.444411188364029,2.006573647260666,-5.417458879919713,8.868443715544409
p1451,process,,1,pre,odor,2.0,0.7529069765005261,0.7529069765005261,0.3800056850304827,1.1258082679705694,-8.723413335104123,10.229227288105175
p1451,process,,4,pre,odor,2.0,1.7020141556859016,1.7020141556859016,0.9340982846915722,2.469930026680231,-17.812578398337823,21.216606709709627
p1451,process,,31,pre,odor,2.0,3.015269160270691,3.015269160270691,2.577257215976715,3.4532811045646667,-8.115669721907713,14.146208042449095
p1451,process,,21,pre,odor,2.0,0.9220080077648163,0.9220080077648163,0.8402327448129654,1.0037832707166672,-1.1560984590766608,3.0001144746062933
p1451,process,,12,pre,odor,2.0,1.2348693199455738,1.2348693199455738,0.6596276741474867,1.810110965743661,-13.383406928623588,15.853145568514735
p1451,process,,22,pre,odor,2.0,2.4594945311546326,2.4594945311546326,1.8072741329669952,3.11171492934227,-14.114997293808372,19.033986356117637
p1451,process,,10,pre,odor,2.0,1.9335072934627533,1.9335072934627533,1.2290687710046768,2.6379458159208298,-15.967972887338675,19.83498747426418
p1451,process,,0,pre,odor,2.0,-0.13972976803779602,-0.13972976803779602,-0.4293259531259537,0.14986641705036163,-7.49906660512834,7.219607069052748
p1451,process,,18,pre,odor,2.0,0.9325063973665237,0.9325063973665237,0.25513719767332077,1.6098755970597267,-16.28107706919475,18.1460898639278
p1451,process,,12,post,odor,2.0,0.24784327670931816,0.24784327670931816,0.1022926140576601,0.3933939393609762,-3.4509497615664073,3.9466363149850436
p1451,process,,18,post,odor,2.0,0.19675401085987687,0.19675401085987687,0.09626843384467065,0.2972395878750831,-2.3568266183158437,2.7503346400355975
p1451,process,,40,post,odor,2.0,0.010381277650594711,0.010381277650594711,-0.03110312856733799,0.05186568386852741,-1.0438374398767882,1.0645999951779777
p1451,process,,32,post,odor,2.0,0.028880171477794647,0.028880171477794647,-0.033991146832704544,0.09175148978829384,-1.5688315134950286,1.6265918564506179
p1451,process,,31,post,odor,2.0,-0.2849944233894348,-0.2849944233894348,-0.3647890090942383,-0.20519983768463135,-2.3127671089963777,1.742778262217508
p1451,process,,0,post,odor,2.0,-0.2698686085641384,-0.2698686085641384,-0.3811976592987776,-0.15853955782949924,-3.0990080320007483,2.5592708148724714
p1451,process,,4,post,odor,2.0,0.004099074052646756,0.004099074052646756,0.0005045708967372775,0.007693577208556235,-0.08724591199497705,0.09544406010027057
p1451,process,,2,post,odor,2.0,-0.028046436607837677,-0.028046436607837677,-0.0592350959777832,0.003142222762107849,-0.8206254194105198,0.7645325461948445
p1451,process,,3,post,odor,2.0,0.12185439467430115,0.12185439467430115,0.09590468555688858,0.14780410379171371,-0.5375902391057452,0.7812990284543475
p1451,process,,21,post,odor,2.0,1.8937394618988037,1.8937394618988037,1.871389091014862,1.9160898327827454,1.325762685137203,2.4617162386604043
p1451,process,,1,post,odor,2.0,0.02642907202243805,0.02642907202243805,-0.06397568434476852,0.11683382838964462,-2.2709736150290007,2.323831759073877
p1451,process,,22,post,odor,2.0,0.22262219339609146,0.22262219339609146,0.19790340587496758,0.24734098091721535,-0.4055417567507089,0.8507861435428918
p1451,process,,10,post,odor,1.0,0.12430473417043686,0.12430473417043686,0.12430473417043686,0.12430473417043686,,
p1451,process,,30,post,odor,2.0,0.2663021460175514,0.2663021460175514,0.21986516937613487,0.31273912265896797,-0.9137733190520498,1.4463776110871527
p1451,process,,17,post,odor,2.0,0.03329578787088394,0.03329578787088394,-0.021627146750688553,0.08821872249245644,-1.362428316155591,1.429019891897359
p1451,process,,39,post,odor,2.0,-0.011742029339075089,-0.011742029339075089,-0.049890121445059776,0.0264060627669096,-0.9811769665252573,0.9576929078471071
p1470,process,,39,pre,odor,2.0,0.6787106394767761,0.6787106394767761,0.5807228982448578,0.7766983807086945,-1.811393963979346,3.168815242932898
p1470,process,,17,pre,odor,2.0,2.310892403125763,2.310892403125763,1.8706108033657074,2.7511740028858185,-8.877723893117814,13.49950869936934
p1470,process,,32,pre,odor,2.0,4.331863284111023,4.331863284111023,3.801117479801178,4.862609088420868,-9.155666420742175,17.81939298896422
p1470,process,,30,pre,odor,2.0,3.3109874725341797,3.3109874725341797,3.090748906135559,3.5312260389328003,-2.285805158390776,8.907780103459135
p1470,process,,40,pre,odor,2.0,0.8823128985241055,0.8823128985241055,0.4426615904085338,1.3219642066396773,-10.290286168362849,12.05491196541106
p1470,process,,3,pre,odor,2.0,3.388319253921509,3.388319253921509,2.526236414909363,4.250402092933655,-18.519282850140602,25.29592135798362
p1470,process,,2,pre,odor,2.0,1.7644721865653992,1.7644721865653992,1.5811204016208649,1.9478239715099335,-2.894938449931252,6.42388282306205
p1470,process,,1,pre,odor,2.0,0.9810817241668701,0.9810817241668701,0.7836657166481018,1.1784977316856384,-4.035734695296475,5.9978981436302155
p1470,process,,4,pre,odor,2.0,1.9241246581077576,1.9241246581077576,1.3838864862918854,2.4643628299236298,-11.80462897667063,15.652878292886145
p1470,process,,31,pre,odor,2.0,4.509852766990662,4.509852766990662,4.075485050678253,4.94422048330307,-6.528477501509558,15.548183035490881
p1470,process,,21,pre,odor,2.0,2.0636150240898132,2.0636150240898132,1.985336810350418,2.1418932378292084,0.07437700378021805,4.052853044399408
p1470,process,,12,pre,odor,2.0,2.7972183525562286,2.7972183525562286,1.8010814636945724,3.793355241417885,-22.51702015770837,28.111456862820827
p1470,process,,22,pre,odor,2.0,4.137833118438721,4.137833118438721,3.398221254348755,4.8774449825286865,-14.657486422423112,22.933152659300553
p1470,process,,10,pre,odor,2.0,1.766632780432701,1.766632780432701,1.11438999325037,2.418875567615032,-14.808428002831135,18.341693563696538
p1470,process,,0,pre,odor,2.0,-0.4013165310025215,-0.4013165310025215,-0.5789419747889042,-0.22369108721613884,-4.9152070412098565,4.1125739792048135
p1470,process,,18,pre,odor,2.0,1.3915978372097015,1.3915978372097015,1.1434859186410904,1.6397097557783127,-4.913523832426051,7.696719506845454
p1470,process,,12,post,odor,2.0,1.2220837622880936,1.2220837622880936,0.8416420742869377,1.6025254502892494,-8.44585619354907,10.890023718125256
p1470,process,,18,post,odor,2.0,1.3941100239753723,1.3941100239753723,1.0834363400936127,1.704783707857132,-6.500856843111136,9.289076891061882
p1470,process,,40,post,odor,2.0,0.0030229222029447556,0.0030229222029447556,-0.01673173625022173,0.02277758065611124,-0.4989905473953301,0.5050363918012196
p1470,process,,32,post,odor,2.0,0.8295369446277618,0.8295369446277618,0.7851894348859787,0.873884454369545,-0.29744013200943487,1.9565140212649585
p1470,process,,31,post,odor,2.0,0.28867489099502563,0.28867489099502563,0.28027836978435516,0.2970714122056961,0.07529905584620081,0.5020507261438505
p1470,process,,0,post,odor,2.0,-0.04314979165792465,-0.04314979165792465,-0.18212104961276054,0.09582146629691124,-3.5747443036937065,3.4884447203778572
p1470,process,,4,post,odor,2.0,0.057027826085686684,0.057027826085686684,0.01491860207170248,0.09913705009967089,-1.0130690171205678,1.1271246692919412
p1470,process,,2,post,odor,2.0,1.0260872691869736,1.0260872691869736,0.7273067012429237,1.3248678371310234,-6.566646865788327,8.618821404162274
p1470,process,,3,post,odor,2.0,1.2100354731082916,1.2100354731082916,0.8969248384237289,1.5231461077928543,-6.746860185643018,9.166931131859602
p1470,process,,21,post,odor,2.0,3.974575996398926,3.974575996398926,3.8997886180877686,4.049363374710083,2.0740485153922967,5.875103477405554
p1470,process,,1,post,odor,2.0,0.23063493892550468,0.23063493892550468,0.13869446702301502,0.32257541082799435,-2.1057939801415966,2.567063857992606
p1470,process,,22,post,odor,2.0,0.1808938505128026,0.1808938505128026,0.08443309692665935,0.27735460409894586,-2.2704063176296643,2.6321940186552695
p1470,process,,10,post,odor,1.0,-0.08423150330781937,-0.08423150330781937,-0.08423150330781937,-0.08423150330781937,,
p1470,process,,30,post,odor,2.0,1.061756283044815,1.061756283044815,0.9841186851263046,1.1393938809633255,-0.9112021457099924,3.0347147117996225
p1470,process,,17,post,odor,2.0,0.7177606821060181,0.7177606821060181,0.7136249244213104,0.7218964397907257,0.6126611143438119,0.8228602498682243
p1470,process,,39,post,odor,2.0,0.17226456105709076,0.17226456105709076,0.17089440673589706,0.17363471537828445,0.13744563840660767,0.20708348370757385
p1489,process,,39,pre,odor,2.0,0.5404189825057983,0.5404189825057983,0.530586838722229,0.5502511262893677,0.2905605186867198,0.790277446324877
p1489,process,,17,pre,odor,2.0,2.197402775287628,2.197402775287628,1.9094356000423431,2.485369950532913,-5.120536996641349,9.515342547216605
p1489,process,,32,pre,odor,2.0,4.360157489776611,4.360157489776611,4.270893573760986,4.449421405792236,2.0917463048821423,6.62856867467108
p1489,process,,30,pre,odor,2.0,2.2065221667289734,2.2065221667289734,1.8870255053043365,2.5260188281536102,-5.912657818442474,10.32570215190042
p1489,process,,40,pre,odor,2.0,0.5566874668002129,0.5566874668002129,0.24396442249417305,0.8694105111062527,-7.39035858654453,8.503733520144955
p1489,process,,3,pre,odor,2.0,2.6463244557380676,2.6463244557380676,1.941322535276413,3.3513263761997223,-15.269473025826194,20.56212193730233
p1489,process,,2,pre,odor,2.0,1.9581036567687988,1.9581036567687988,1.7774581909179688,2.138749122619629,-2.6325328907558037,6.548740204293401
p1489,process,,1,pre,odor,2.0,0.8704400956630707,0.8704400956630707,0.6444680839776993,1.096412107348442,-4.872053194576108,6.61293338590225
p1489,process,,4,pre,odor,2.0,1.7145931422710419,1.7145931422710419,1.2111309319734573,2.2180553525686264,-11.079594699665256,14.50878098420734
p1489,process,,31,pre,odor,2.0,4.733946084976196,4.733946084976196,4.5627864599227905,4.905105710029602,0.3843676079852578,9.083524561967135
p1489,process,,21,pre,odor,2.0,2.2226916551589966,2.2226916551589966,2.1176348328590393,2.327748477458954,-0.44705533099136385,4.892438641309357
p1489,process,,12,pre,odor,2.0,1.710858665406704,1.710858665406704,0.961274866014719,2.460442464798689,-17.337871778581817,20.759589109395225
p1489,process,,22,pre,odor,2.0,4.725794315338135,4.725794315338135,4.0655198097229,5.386068820953369,-12.053371785509253,21.504960416185522
p1489,process,,10,pre,odor,2.0,2.2843207716941833,2.2843207716941833,1.5543893873691559,3.014252156019211,-16.264994453492246,20.833635996880613
p1489,process,,0,pre,odor,2.0,-0.44552119821310043,-0.44552119821310043,-0.6251803450286388,-0.265862051397562,-5.0110930025424985,4.120050606116298
p1489,process,,18,pre,odor,2.0,1.5318068861961365,1.5318068861961365,1.1773426830768585,1.8862710893154144,-7.4759825867609795,10.539596359153252
p1489,process,,12,post,odor,2.0,2.0490503311157227,2.0490503311157227,1.6174484491348267,2.4806522130966187,-8.91899342281942,13.017094085050866
p1489,process,,18,post,odor,2.0,3.7726186513900757,3.7726186513900757,3.255160868167877,4.290076434612274,-9.377230420506638,16.92246772328679
p1489,process,,40,post,odor,2.0,0.6148983836174011,0.6148983836174011,0.5946571826934814,0.6351395845413208,0.10052069752665749,1.1292760697081448
p1489,process,,32,post,odor,2.0,2.258852958679199,2.258852958679199,2.1410717964172363,2.376634120941162,-0.7342501648510265,5.251956082209425
p1489,process,,31,post,odor,2.0,2.3685028553009033,2.3685028553009033,2.2056081295013428,2.531397581100464,-1.7710446176036054,6.508050328205412
p1489,process,,0,post,odor,2.0,0.3273664116859436,0.3273664116859436,0.2842571586370468,0.3704756647348404,-0.7681435788397477,1.422876402211635
p1489,process,,4,post,odor,2.0,0.900564968585968,0.900564968585968,0.7873505651950836,1.0137793719768524,-1.976485808550927,3.777615745722863
p1489,process,,2,post,odor,2.0,1.9602509140968323,1.9602509140968323,1.715179055929184,2.2053227722644806,-4.26761549580898,8.188117324002643
p1489,process,,3,post,odor,2.0,2.16411292552948,2.16411292552948,2.0932039618492126,2.2350218892097473,0.36214530522657573,3.9660805458323845
p1489,process,,21,post,odor,2.0,10.35624647140503,10.35624647140503,10.215728521347046,10.496764421463013,6.785346786316413,13.927146156493645
p1489,process,,1,post,odor,2.0,0.13822833262383938,0.13822833262383938,0.09463939908891916,0.1818172661587596,-0.969471494828575,1.2459281600762537
p1489,process,,22,post,odor,2.0,1.4574038982391357,1.4574038982391357,1.430475890636444,1.4843319058418274,0.7730983427649982,2.1417094537132733
p1489,process,,10,post,odor,1.0,0.47797828912734985,0.47797828912734985,0.47797828912734985,0.47797828912734985,,
p1489,process,,30,post,odor,2.0,2.5802232027053833,2.5802232027053833,2.544417917728424,2.6160284876823425,1.6703246395967355,3.490121765814031
p1489,process,,17,post,odor,2.0,1.8608813881874084,1.8608813881874084,1.6881193816661835,2.0336433947086334,-2.5294174627946555,6.251180239169472
p1489,process,,39,post,odor,2.0,0.3053187057375908,0.3053187057375908,0.26242855563759804,0.34820885583758354,-0.7846233509339522,1.3952607624091338
p1508,process,,39,pre,odor,2.0,1.1220445930957794,1.1220445930957794,0.9973546713590622,1.2467345148324966,-2.046626755152877,4.290715941344436
p1508,process,,17,pre,odor,2.0,1.1215456426143646,1.1215456426143646,0.95285864174366,1.2902326434850693,-3.165197496174539,5.408288781403268
p1508,process,,32,pre,odor,2.0,3.5235722064971924,3.5235722064971924,3.5081796646118164,3.5389647483825684,3.1324106292857294,3.9147337837086553
p1508,process,,30,pre,odor,2.0,1.3897876739501953,1.3897876739501953,1.3621444702148438,1.4174308776855469,0.6873072614998633,2.0922680864005274
p1508,process,,40,pre,odor,2.0,0.6705525815486908,0.6705525815486908,0.22093595564365387,1.1201692074537277,-10.75528922152624,12.096394384623622
p1508,process,,3,pre,odor,2.0,2.222509950399399,2.222509950399399,1.6049163490533829,2.8401035517454147,-13.472031534508469,17.917051435307265
p1508,process,,2,pre,odor,2.0,1.440683901309967,1.440683901309967,1.3778485357761383,1.5035192668437958,-0.15611413698043863,3.0374819396003727
p1508,process,,1,pre,odor,2.0,0.4436350613832474,0.4436350613832474,0.34617405384778976,0.541096068918705,-2.0330839696955305,2.9203540924620253
p1508,process,,4,pre,odor,2.0,1.7696066796779633,1.7696066796779633,1.227190986275673,2.3120223730802536,-12.014483025289362,15.553696384645288
p1508,process,,31,pre,odor,2.0,3.3027570247650146,3.3027570247650146,3.1632065773010254,3.442307472229004,-0.24355608823946184,6.849070137769491
p1508,process,,21,pre,odor,2.0,1.3140206933021545,1.3140206933021545,1.2852810323238373,1.3427603542804718,0.5836766604246549,2.044364726179654
p1508,process,,12,pre,odor,2.0,2.105474829673767,2.105474829673767,1.6320385336875916,2.5789111256599426,-9.925682182999328,14.136631842346862
p1508,process,,22,pre,odor,2.0,3.6942087411880493,3.6942087411880493,3.2195560336112976,4.168861448764801,-8.36786022091168,15.756277703287779
p1508,process,,10,pre,odor,2.0,1.9280271530151367,1.9280271530151367,1.4845407009124756,2.371513605117798,-9.342032163257151,13.198086469287425
p1508,process,,0,pre,odor,2.0,-0.42009423673152924,-0.42009423673152924,-0.46628987044095993,-0.37389860302209854,-1.5940365963902483,0.7538481229271898
p1508,process,,18,pre,odor,2.0,0.5645622238516808,0.5645622238516808,0.3497905768454075,0.779333870857954,-4.893302812922617,6.022427260625978
p1508,process,,12,post,odor,2.0,1.5207273960113525,1.5207273960113525,1.2606960535049438,1.7807587385177612,-5.087295555406236,8.12875034742894
p1508,process,,18,post,odor,2.0,3.0526844263076782,3.0526844263076782,2.8053086400032043,3.300060212612152,-3.233730348806012,9.33909920142137
p1508,process,,40,post,odor,2.0,0.10346660017967224,0.10346660017967224,0.10222705081105232,0.10470614954829216,0.07196666406311072,0.13496653629623376
p1508,process,,32,post,odor,2.0,2.8163174390792847,2.8163174390792847,2.5305095314979553,3.102125346660614,-4.446750138812846,10.079385016971415
p1508,process,,31,post,odor,2.0,2.8867762088775635,2.8867762088775635,2.7596222162246704,3.0139302015304565,-0.34451311846186083,6.118065536216988
p1508,process,,0,post,odor,2.0,0.19771187752485275,0.19771187752485275,0.17824221029877663,0.21718154475092888,-0.2970592783145746,0.6924830333642802
p1508,process,,4,post,odor,2.0,0.5757167860865593,0.5757167860865593,0.32954611256718636,0.8218874596059322,-5.6800731694717825,6.831506741644901
p1508,process,,2,post,odor,2.0,1.5597885251045227,1.5597885251045227,1.5139970481395721,1.6055800020694733,0.3961167621275443,2.723460288081501
p1508,process,,3,post,odor,2.0,1.6619080305099487,1.6619080305099487,1.4778445363044739,1.8459715247154236,-3.0155888531509873,6.339404914170885
p1508,process,,21,post,odor,2.0,6.264491558074951,6.264491558074951,5.988213300704956,6.540769815444946,-0.7564046465184946,13.285387762668396
p1508,process,,1,post,odor,2.0,-0.21712394803762436,-0.21712394803762436,-0.2714565359055996,-0.16279136016964912,-1.5978459186310137,1.163598022555765
p1508,process,,22,post,odor,2.0,2.3325791358947754,2.3325791358947754,2.0964667797088623,2.5686914920806885,-3.6676047409828554,8.332763012772407
p1508,process,,10,post,odor,1.0,-0.14557726681232452,-0.14557726681232452,-0.14557726681232452,-0.14557726681232452,,
p1508,process,,30,post,odor,2.0,2.0807523131370544,2.0807523131370544,1.8733830749988556,2.2881215512752533,-3.188999678399985,7.350504304674094
p1508,process,,17,post,odor,2.0,1.0440486371517181,1.0440486371517181,1.010840728878975,1.0772565454244614,0.20015567440454862,1.8879415998988875
p1508,process,,39,post,odor,2.0,0.15876222401857376,0.15876222401857376,0.03247084841132164,0.2850535996258259,-3.0506059257391938,3.3681303737763413
p1527,process,,39,pre,odor,2.0,0.9308423101902008,0.9308423101902008,0.8204300254583359,1.0412545949220657,-1.874999880193581,3.7366845005739826
p1527,process,,17,pre,odor,2.0,-0.19076113030314445,-0.19076113030314445,-0.3173804488033056,-0.06414181180298328,-3.4084630991390643,3.0269408385327754
p1527,process,,32,pre,odor,2.0,4.051117777824402,4.051117777824402,3.824560225009918,4.2776753306388855,-1.706255523350678,9.80849107899948
p1527,process,,30,pre,odor,2.0,2.297730326652527,2.297730326652527,1.9563294053077698,2.639131247997284,-6.378089680797785,10.973550334102839
p1527,process,,40,pre,odor,2.0,1.5095445215702057,1.5095445215702057,0.8659454435110092,2.153143599629402,-14.845858786096652,17.864947829237064
p1527,process,,3,pre,odor,2.0,1.1805484592914581,1.1805484592914581,0.8259652107954025,1.5351317077875137,-7.83026624352612,10.191363162109036
p1527,process,,2,pre,odor,2.0,1.8637152910232544,1.8637152910232544,1.6958228945732117,2.031607687473297,-2.40283503485925,6.130265616905759
p1527,process,,1,pre,odor,2.0,2.4146666526794434,2.4146666526794434,2.2865666151046753,2.5427666902542114,-0.840663955593905,5.669997260952792
p1527,process,,4,pre,odor,2.0,0.8148860931396484,0.8148860931396484,0.2432834506034851,1.3864887356758118,-13.71091431446629,15.340686500745587
p1527,process,,31,pre,odor,2.0,3.7541078329086304,3.7541078329086304,3.484206736087799,4.024008929729462,-3.1047293565385505,10.612945022355811
p1527,process,,21,pre,odor,2.0,1.6613081693649292,1.6613081693649292,1.3787170052528381,1.9438993334770203,-5.520014206319415,8.842630545049273
p1527,process,,12,pre,odor,2.0,1.5823882222175598,1.5823882222175598,0.85014209151268,2.3146343529224396,-17.025750285798313,20.190526730233433
p1527,process,,22,pre,odor,2.0,1.5740737318992615,1.5740737318992615,1.5050769746303558,1.6430704891681671,-0.17930011608246765,3.3274475798809906
p1527,process,,10,pre,odor,2.0,1.4180901944637299,1.4180901944637299,0.9684552103281021,1.8677251785993576,-10.008218135484162,12.844398524411622
p1527,process,,0,pre,odor,2.0,0.0460536926984787,0.0460536926984787,-0.09541027992963791,0.1875176653265953,-3.548886705312446,3.6409940907094036
p1527,process,,18,pre,odor,2.0,0.5494166016578674,0.5494166016578674,0.4776456654071808,0.6211875379085541,-1.274455818558466,2.373289021874201
p1527,process,,12,post,odor,2.0,0.46303021907806396,0.46303021907806396,0.4031411409378052,0.5229192972183228,-1.058895557543721,1.984955995699849
p1527,process,,18,post,odor,2.0,1.1798783540725708,1.1798783540725708,0.9623245596885681,1.3974321484565735,-4.3486877510770094,6.708444459222151
p1527,process,,40,post,odor,2.0,0.2900886610150337,0.2900886610150337,0.18792806193232536,0.3922492600977421,-2.3060583148152722,2.8862356368453397
p1527,process,,32,post,odor,2.0,0.5179247558116913,0.5179247558116913,0.45360325276851654,0.582246258854866,-1.1166396173984325,2.152489129021815
p1527,process,,31,post,odor,2.0,0.7022222727537155,0.7022222727537155,0.5808140709996223,0.8236304745078087,-2.383052663522907,3.787497209030338
p1527,process,,0,post,odor,2.0,0.07617028057575226,0.07617028057575226,0.03515532612800598,0.11718523502349854,-0.9661185363401339,1.1184590974916384
p1527,process,,4,post,odor,2.0,0.018262729048728943,0.018262729048728943,-0.06141102313995361,0.0979364812374115,-2.0064392857685656,2.0429647438660234
p1527,process,,2,post,odor,2.0,0.5074418038129807,0.5074418038129807,0.3911130800843239,0.6237705275416374,-2.448751356975451,3.4636349646014124
p1527,process,,3,post,odor,2.0,0.7496625781059265,0.7496625781059265,0.6225539147853851,0.8767712414264679,-2.4804748216786687,3.9797999778905218
p1527,process,,21,post,odor,2.0,2.001117765903473,2.001117765903473,1.9257977902889252,2.0764377415180206,0.08705570413921526,3.9151798276677305
p1527,process,,1,post,odor,2.0,0.2597745284438133,0.2597745284438133,0.22097303345799446,0.2985760234296322,-0.726264950275127,1.2458140071627537
p1527,process,,22,post,odor,2.0,0.3192284945398569,0.3192284945398569,0.1412099963054061,0.49724699277430773,-4.204650476246713,4.843107465326427
p1527,process,,10,post,odor,1.0,0.24473153054714203,0.24473153054714203,0.24473153054714203,0.24473153054714203,,
p1527,process,,30,post,odor,2.0,0.8519954085350037,0.8519954085350037,0.7949495613574982,0.9090412557125092,-0.5976770186368325,2.30166783570684
p1527,process,,17,post,odor,2.0,0.38519592583179474,0.38519592583179474,0.3595913127064705,0.410800538957119,-0.2654789872900366,1.0358708389536262
p1527,process,,39,post,odor,2.0,0.00625215470790863,0.00625215470790863,-0.05867556482553482,0.07117987424135208,-1.643717640181814,1.6562219495976314
p1546,process,,39,pre,odor,2.0,-0.32111088931560516,-0.32111088931560516,-0.37044062465429306,-0.27178115397691727,-1.5746983229049658,0.9324765442737555
p1546,process,,17,pre,odor,2.0,-0.08484581112861633,-0.08484581112861633,-0.2828790694475174,0.11318744719028473,-5.117348060672071,4.947656438414838
p1546,process,,32,pre,odor,2.0,-0.1479627639055252,-0.1479627639055252,-0.37617556005716324,0.08025003224611282,-5.9473997865407515,5.651474258729701
p1546,process,,30,pre,odor,2.0,-0.17606937885284424,-0.17606937885284424,-0.1786007434129715,-0.17353801429271698,-0.24039745157859171,-0.11174130612709676
p1546,process,,40,pre,odor,2.0,-0.18318326771259308,-0.18318326771259308,-0.2930682376027107,-0.07329829782247543,-2.975625117417046,2.6092585819918597
p1546,process,,3,pre,odor,2.0,-0.09732381999492645,-0.09732381999492645,-0.2827023044228554,0.08805466443300247,-4.808237773641,4.613590133651147
p1546,process,,2,pre,odor,2.0,0.40130922198295593,0.40130922198295593,0.282508060336113,0.5201103836297989,-2.6177145435773865,3.4203329875432984
p1546,process,,1,pre,odor,2.0,0.15493185073137283,0.15493185073137283,-0.042374689131975174,0.35223839059472084,-4.859102731848454,5.1689664333111995
p1546,process,,4,pre,odor,2.0,0.483116015791893,0.483116015791893,0.24427703768014908,0.7219549939036369,-5.586357893941236,6.552589925525022
p1546,process,,31,pre,odor,2.0,1.2248446941375732,1.2248446941375732,1.13093101978302,1.3187583684921265,-1.1617280536132109,3.6114174418883573
p1546,process,,21,pre,odor,2.0,0.5491941794753075,0.5491941794753075,0.39432335272431374,0.7040650062263012,-3.386446685242227,4.484835044192842
p1546,process,,12,pre,odor,2.0,0.1881941556930542,0.1881941556930542,-0.07658186554908752,0.4529701769351959,-6.540402514571731,6.91679082595784
p1546,process,,22,pre,odor,2.0,0.7014957368373871,0.7014957368373871,0.653533473610878,0.7494580000638962,-0.5173409354952674,1.9203324091700416
p1546,process,,10,pre,odor,2.0,0.47874313965439796,0.47874313965439796,0.2886484023183584,0.6688378769904375,-4.3520221640677414,5.309508443376537
p1546,process,,0,pre,odor,2.0,-0.4302063509821892,-0.4302063509821892,-0.6997209750115871,-0.16069172695279121,-7.279222335603546,6.418809633639167
p1546,process,,18,pre,odor,2.0,-0.4529198929667473,-0.4529198929667473,-0.7885036133229733,-0.11733617261052132,-8.980910806913553,8.075071020980058
p1546,process,,12,post,odor,2.0,0.1651882864534855,0.1651882864534855,0.13181600533425808,0.1985605675727129,-0.6828817863746758,1.0132583592816466
p1546,process,,18,post,odor,2.0,0.22695941478013992,0.22695941478013992,0.13375955447554588,0.32015927508473396,-2.141473598045965,2.595392427606245
p1546,process,,40,post,odor,2.0,0.08698341064155102,0.08698341064155102,0.016051706857979298,0.15791511442512274,-1.7155620904779678,1.8895289117610699
p1546,process,,32,post,odor,2.0,0.22954344004392624,0.22954344004392624,0.1776951439678669,0.2813917361199856,-1.0880466902844996,1.547133570372352
p1546,process,,31,post,odor,2.0,0.4093269258737564,0.4093269258737564,0.35607995837926865,0.46257389336824417,-0.9438068152570445,1.7624606670045573
p1546,process,,0,post,odor,2.0,-0.1493501141667366,-0.1493501141667366,-0.31107400730252266,0.012373778969049454,-4.259143907995806,3.9604436796623332
p1546,process,,4,post,odor,2.0,-0.10762490425258875,-0.10762490425258875,-0.14783432381227612,-0.06741548469290137,-1.129443138748859,0.9141933302436815
p1546,process,,2,post,odor,2.0,-0.068720284383744,-0.068720284383744,-0.1009272129740566,-0.0365133557934314,-0.8871759415674842,0.7497353727999962
p1546,process,,3,post,odor,2.0,0.1159152090549469,0.1159152090549469,-0.03074711561203003,0.26257753372192383,-3.611127839548918,3.842958257658812
p1546,process,,21,post,odor,2.0,5.606318473815918,5.606318473815918,5.168624639511108,6.0440123081207275,-5.516536467060549,16.729173414692383
p1546,process,,1,post,odor,2.0,-0.09215446189045906,-0.09215446189045906,-0.19523964263498783,0.01093071885406971,-2.7117972855015706,2.5274883617206525
p1546,process,,22,post,odor,2.0,-0.06388255022466183,-0.06388255022466183,-0.11069225799292326,-0.017072842456400394,-1.2534300113127355,1.1256649108634118
p1546,process,,10,post,odor,1.0,-0.08034855872392654,-0.08034855872392654,-0.08034855872392654,-0.08034855872392654,,
p1546,process,,30,post,odor,2.0,-0.01612064242362976,-0.01612064242362976,-0.08093718439340591,0.04869589954614639,-1.663265147541301,1.6310238626940414
p1546,process,,17,post,odor,2.0,-0.052890412509441376,-0.052890412509441376,-0.17123603448271751,0.06545520946383476,-3.060337817354204,2.954556992335321
p1546,process,,39,post,odor,2.0,-0.1289554894901812,-0.1289554894901812,-0.18615167145617306,-0.07175930752418935,-1.5824482858649718,1.3245373068846094
p1565,process,,39,pre,odor,2.0,0.23442810773849487,0.23442810773849487,0.1334993541240692,0.33535686135292053,-2.3304147066451533,2.799270922122143
p1565,process,,17,pre,odor,2.0,0.4273434169590473,0.4273434169590473,0.26283363811671734,0.5918531958013773,-3.753246445187882,4.607933279105977
p1565,process,,32,pre,odor,2.0,1.6379840970039368,1.6379840970039368,1.5272457301616669,1.7487224638462067,-1.1761446254910637,4.452112819498938
p1565,process,,30,pre,odor,2.0,0.472179114818573,0.472179114818573,0.3981177508831024,0.5462404787540436,-1.4098985915902946,2.3542568212274406
p1565,process,,40,pre,odor,2.0,0.3810054659843445,0.3810054659843445,0.1185249388217926,0.6434859931468964,-6.2892571687885495,7.051268100757238
p1565,process,,3,pre,odor,2.0,0.9762054085731506,0.9762054085731506,0.7506665885448456,1.2017442286014557,-4.755279437896652,6.707690255042953
p1565,process,,2,pre,odor,2.0,0.9897211939096451,0.9897211939096451,0.7330000624060631,1.246442325413227,-5.534181320064235,7.513623707883525
p1565,process,,1,pre,odor,2.0,0.43719661980867386,0.43719661980867386,0.3022259287536144,0.5721673108637333,-2.9927338480484615,3.8671270876658093
p1565,process,,4,pre,odor,2.0,0.600421130657196,0.600421130657196,0.15251532196998596,1.0483269393444061,-10.781944684745973,11.982786946060365
p1565,process,,31,pre,odor,2.0,1.815109133720398,1.815109133720398,1.620413601398468,2.009804666042328,-3.132573456081521,6.762791723522317
p1565,process,,21,pre,odor,2.0,0.7477941811084747,0.7477941811084747,0.651316836476326,0.8442715257406235,-1.7039276054886585,3.199515967705608
p1565,process,,12,pre,odor,2.0,0.4331496488302946,0.4331496488302946,0.2384596960619092,0.62783960159868,-4.514391151072277,5.380690448732866
p1565,process,,22,pre,odor,2.0,1.6257007122039795,1.6257007122039795,1.5286895036697388,1.7227119207382202,-0.8395878424756211,4.0909892668835806
p1565,process,,10,pre,odor,2.0,1.157597690820694,1.157597690820694,0.821026548743248,1.49416883289814,-7.395485988227646,9.710681369869034
p1565,process,,0,pre,odor,2.0,-0.519504469120875,-0.519504469120875,-0.7818691936554387,-0.2571397445863113,-7.18682428009336,6.14781534185161
p1565,process,,18,pre,odor,2.0,0.5436323508620262,0.5436323508620262,0.3695949353277683,0.7176697663962841,-3.8790777162039554,4.966342417928008
p1565,process,,12,post,odor,2.0,0.5458704307675362,0.5458704307675362,0.37831495329737663,0.7134259082376957,-3.71211797203917,4.8038588335742425
p1565,process,,18,post,odor,2.0,0.9374262094497681,0.9374262094497681,0.8655844926834106,1.0092679262161255,-0.8882449142134552,2.7630973331129915
p1565,process,,40,post,odor,2.0,0.36871810257434845,0.36871810257434845,0.363114096224308,0.3743221089243889,0.22630679852147478,0.5111294066272221
p1565,process,,32,post,odor,2.0,0.7496990859508514,0.7496990859508514,0.605999305844307,0.8933988660573959,-2.902058567203224,4.401456739104927
p1565,process,,31,post,odor,2.0,0.6953732818365097,0.6953732818365097,0.5512455180287361,0.8395010456442833,-2.967260468380691,4.3580070320537105
p1565,process,,0,post,odor,2.0,-0.08185544423758984,-0.08185544423758984,-0.14781935419887304,-0.01589153427630663,-1.758157334570905,1.5944464460957253
p1565,process,,4,post,odor,2.0,-0.06824042834341526,-0.06824042834341526,-0.0775514105334878,-0.058929446153342724,-0.304854920347291,0.1683740636604605
p1565,process,,2,post,odor,2.0,0.19968980364501476,0.19968980364501476,0.11299347598105669,0.28638613130897284,-2.0034727747004597,2.4028523819904892
p1565,process,,3,post,odor,2.0,0.6542623341083527,0.6542623341083527,0.6341563612222672,0.6743683069944382,0.1433211182871934,1.165203549929512
p1565,process,,21,post,odor,2.0,3.9266669750213623,3.9266669750213623,3.841272234916687,4.012061715126038,1.7565808726964982,6.096753077346227
p1565,process,,1,post,odor,2.0,0.41036590933799744,0.41036590933799744,0.40536871552467346,0.4153631031513214,0.2833751739411175,0.5373566447348774
p1565,process,,22,post,odor,2.0,0.3377894088625908,0.3377894088625908,0.2929297275841236,0.38264909014105797,-0.802203180584903,1.4777819983100846
p1565,process,,10,post,odor,1.0,-0.24090005457401276,-0.24090005457401276,-0.24090005457401276,-0.24090005457401276,,
p1565,process,,30,post,odor,2.0,0.7005642652511597,0.7005642652511597,0.6989219784736633,0.702206552028656,0.6588298011903976,0.7422987293119218
p1565,process,,17,post,odor,2.0,0.27662859857082367,0.27662859857082367,0.25898589938879013,0.2942712977528572,-0.1717148972404962,0.7249720943821436
p1565,process,,39,post,odor,2.0,-0.036736829206347466,-0.036736829206347466,-0.06786128412932158,-0.005612374283373356,-0.8276842223126463,0.7542105638999513
p1584,process,,39,pre,odor,2.0,0.15425265580415726,0.15425265580415726,0.1450393758714199,0.1634659357368946,-0.07987898642994393,0.38838429803825847
p1584,process,,17,pre,odor,2.0,0.34569552168250084,0.34569552168250084,0.12596861459314823,0.5654224287718534,-5.238094613364996,5.929485656729998
p1584,process,,32,pre,odor,2.0,0.7114647030830383,0.7114647030830383,0.6016460061073303,0.8212834000587463,-2.079292992183511,3.5022223983495877
p1584,process,,30,pre,odor,2.0,1.3118664622306824,1.3118664622306824,1.2427659332752228,1.380966991186142,-0.44414447434139226,3.0678773988027572
p1584,process,,40,pre,odor,2.0,0.6138142645359039,0.6138142645359039,0.5247715264558792,0.7028570026159286,-1.6489762560928418,2.8766047851646497
p1584,process,,3,pre,odor,2.0,0.13525350484997034,0.13525350484997034,0.07715691020712256,0.19335009949281812,-1.341120947163177,1.6116279568631178
p1584,process,,2,pre,odor,2.0,0.26251305639743805,0.26251305639743805,0.24381985515356064,0.28120625764131546,-0.21252622796100562,0.7375523407558817
p1584,process,,1,pre,odor,2.0,0.29880524426698685,0.29880524426698685,0.18154297396540642,0.4160675145685673,-2.6811115842940896,3.2787220728280633
p1584,process,,4,pre,odor,2.0,0.3883576914668083,0.3883576914668083,0.29482005909085274,0.4818953238427639,-1.98865892354506,2.7653743064786767
p1584,process,,31,pre,odor,2.0,1.4770135879516602,1.4770135879516602,1.3748944997787476,1.5791326761245728,-1.1180784956413463,4.072105671544667
p1584,process,,21,pre,odor,2.0,1.0719214081764221,1.0719214081764221,0.9917624890804291,1.1520803272724152,-0.9651098667518792,3.1089526831047234
p1584,process,,12,pre,odor,2.0,0.6765498500317335,0.6765498500317335,0.36555942613631487,0.9875402739271522,-7.226466143978153,8.579565844041621
p1584,process,,22,pre,odor,2.0,1.225814938545227,1.225814938545227,1.1199859976768494,1.3316438794136047,-1.4635534408270372,3.9151833179174913
p1584,process,,10,pre,odor,2.0,1.23826664686203,1.23826664686203,1.1931664049625397,1.2833668887615204,0.09216083241017259,2.3843724613138875
p1584,process,,0,pre,odor,2.0,-0.26847781985998154,-0.26847781985998154,-0.30865315720438957,-0.2283024825155735,-1.2894299431458485,0.7524743034258854
p1584,process,,18,pre,odor,2.0,0.33095771074295044,0.33095771074295044,0.19936558604240417,0.4625498354434967,-3.0131152454837933,3.675030666969694
p1584,process,,12,post,odor,2.0,0.22158303577452898,0.22158303577452898,0.11964575527235866,0.3235203162766993,-2.368888876844361,2.8120549483934187
p1584,process,,18,post,odor,2.0,0.41146713495254517,0.41146713495254517,0.39426982402801514,0.4286644458770752,-0.025557972084919278,0.8484922419900096
p1584,process,,40,post,odor,2.0,0.6152161061763763,0.6152161061763763,0.5979744642972946,0.6324577480554581,0.17706444276954397,1.0533677695832087
p1584,process,,32,post,odor,2.0,0.1973405610769987,0.1973405610769987,0.11787377763539553,0.2768073445186019,-1.8221018791915355,2.216783001345533
p1584,process,,31,post,odor,2.0,0.0035852305591106415,0.0035852305591106415,-0.04256436042487621,0.049734821543097496,-1.1691870725074067,1.176357533625628
p1584,process,,0,post,odor,2.0,-0.11977926851250231,-0.11977926851250231,-0.1833784106420353,-0.05618012638296932,-1.7359867103983415,1.496428173373337
p1584,process,,4,post,odor,2.0,0.05909300688654184,0.05909300688654184,0.03539613028988242,0.08278988348320127,-0.5431017244035006,0.6612877381765843
p1584,process,,2,post,odor,2.0,0.8244383335113525,0.8244383335113525,0.6652383208274841,0.983638346195221,-3.221217576814327,4.870094243837032
p1584,process,,3,post,odor,2.0,0.8544052839279175,0.8544052839279175,0.722804605960846,0.986005961894989,-2.489885031410092,4.1986955992659265
p1584,process,,21,post,odor,2.0,1.8953670859336853,1.8953670859336853,1.8030348122119904,1.9876993596553802,-0.4510184613950714,4.241752633262442
p1584,process,,1,post,odor,2.0,-0.12091138679534197,-0.12091138679534197,-0.19610127666965127,-0.04572149692103267,-2.031667656462147,1.789844882871463
p1584,process,,22,post,odor,2.0,0.0015183500945568085,0.0015183500945568085,-0.02680402435362339,0.029840724542737007,-0.718221426611804,0.7212581268009176
p1584,process,,10,post,odor,1.0,-0.017267048358917236,-0.017267048358917236,-0.017267048358917236,-0.017267048358917236,,
p1584,process,,30,post,odor,2.0,0.2600795812904835,0.2600795812904835,0.0998390894383192,0.42032007314264774,-3.812017411707381,4.332176574288348
p1584,process,,17,post,odor,2.0,-0.16002555936574936,-0.16002555936574936,-0.176062922924757,-0.14398819580674171,-0.5675736089841861,0.2475224902526874
p1584,process,,39,post,odor,2.0,0.598362147808075,0.598362147808075,0.5520387589931488,0.6446855366230011,-0.5788267769036779,1.7755510725198278
p237,process,,39,pre,post_odor,2.0,1.118753343820572,1.118753343820572,0.9259530752897263,1.3115536123514175,-3.780766026464195,6.018272714105339
p237,process,,17,pre,post_odor,2.0,3.180943012237549,3.180943012237549,2.32576584815979,4.036120176315308,-18.551169252708977,24.913055277184075
p237,process,,32,pre,post_odor,2.0,2.5994446873664856,2.5994446873664856,2.252289265394211,2.9466001093387604,-6.2226110463392,11.421500421072171
p237,process,,30,pre,post_odor,2.0,0.5074479058384895,0.5074479058384895,0.35956431552767754,0.6553314961493015,-3.2506304453810246,4.265526257058004
p237,process,,40,pre,post_odor,2.0,1.5029769539833069,1.5029769539833069,1.4279502928256989,1.578003615140915,-0.40363128069703946,3.4095851886636535
p237,process,,3,pre,post_odor,2.0,2.3972491025924683,2.3972491025924683,1.3660750985145569,3.4284231066703796,-23.80736692627749,28.601865131462425
p237,process,,2,pre,post_odor,2.0,1.5542755126953125,1.5542755126953125,1.2076170444488525,1.9009339809417725,-7.255151429441156,10.363702454831781
p237,process,,1,pre,post_odor,2.0,-0.09381888806819916,-0.09381888806819916,-0.38869544118642807,0.20105766505002975,-7.587342599703617,7.399704823567219
p237,process,,4,pre,post_odor,2.0,0.9926679395139217,0.9926679395139217,0.5241032037883997,1.4612326752394438,-10.914690989046221,12.900026868074065
p237,process,,31,pre,post_odor,2.0,2.799006462097168,2.799006462097168,1.656008005142212,3.942004919052124,-26.247338352305693,31.84535127650003
p237,process,,21,pre,post_odor,2.0,1.3919212222099304,1.3919212222099304,1.3587343990802765,1.4251080453395844,0.5485640837527291,2.235278360667132
p237,process,,12,pre,post_odor,2.0,0.891030803322792,0.891030803322792,0.4184292182326317,1.3636323884129524,-11.118914194269733,12.900975800915317
p237,process,,22,pre,post_odor,2.0,1.4148144982755184,1.4148144982755184,0.6712167654186487,2.158412231132388,-17.481795571793928,20.311424568344965
p237,process,,10,pre,post_odor,2.0,0.6340308105573058,0.6340308105573058,0.30849074060097337,0.9595708805136383,-7.6387267468302795,8.906788367944891
p237,process,,0,pre,post_odor,2.0,0.6966316401958466,0.6966316401958466,0.52740778028965,0.8658555001020432,-3.6037543802319094,4.9970176606236025
p237,process,,18,pre,post_odor,2.0,0.09829467535018921,0.09829467535018921,-0.09976886212825775,0.29635821282863617,-4.9349770405941245,5.131566391294503
p237,process,,12,post,post_odor,2.0,0.147016990929842,0.147016990929842,0.09091785363852978,0.2031161282211542,-1.2785972569625292,1.5726312388222132
p237,process,,18,post,post_odor,2.0,0.007340937852859497,0.007340937852859497,-0.062334731221199036,0.07701660692691803,-1.7632856949170268,1.7779675706227458
p237,process,,40,post,post_odor,2.0,-0.1701388880610466,-0.1701388880610466,-0.1851719133555889,-0.1551058627665043,-0.5521642824541416,0.21188650633204842
p237,process,,32,post,post_odor,2.0,-0.08963902294635773,-0.08963902294635773,-0.17082654684782028,-0.008451499044895172,-2.152809624376477,1.9735315784837617
p237,process,,31,post,post_odor,2.0,-0.16389407590031624,-0.16389407590031624,-0.18363230116665363,-0.14415585063397884,-0.6654899386259546,0.33770178682532215
p237,process,,0,post,post_odor,2.0,0.30611224099993706,0.30611224099993706,0.19836525805294514,0.413859223946929,-2.4319982090592682,3.0442226910591423
p237,process,,4,post,post_odor,2.0,-0.2200259491801262,-0.2200259491801262,-0.25940052792429924,-0.18065137043595314,-1.2206288670283163,0.7805769686680639
p237,process,,2,post,post_odor,2.0,-0.05161845311522484,-0.05161845311522484,-0.12714440934360027,0.023907503113150597,-1.970914978581438,1.8676780723509883
p237,process,,3,post,post_odor,2.0,0.15127685386687517,0.15127685386687517,0.07996777771040797,0.22258593002334237,-1.6608585885162157,1.963412296249966
p237,process,,21,post,post_odor,2.0,0.1279209442436695,0.1279209442436695,0.12386213801801205,0.13197975046932697,0.02477689846834112,0.23106499001899788
p237,process,,1,post,post_odor,2.0,0.24896964663639665,0.24896964663639665,0.13079505017958581,0.3671442430932075,-2.754131587753729,3.252070881026522
p237,process,,22,post,post_odor,2.0,0.025737744756042957,0.025737744756042957,0.004138316493481398,0.04733717301860452,-0.5231557706208074,0.5746312601328933
p237,process,,10,post,post_odor,1.0,-0.12585586309432983,-0.12585586309432983,-0.12585586309432983,-0.12585586309432983,,
p237,process,,30,post,post_odor,2.0,0.07506209705024958,0.07506209705024958,0.05053963279351592,0.09958456130698323,-0.5481128059129181,0.6982370000134173
p237,process,,17,post,post_odor,2.0,-0.11291667819023132,-0.11291667819023132,-0.12909386307001114,-0.09673949331045151,-0.5240179244650952,0.29818456808463256
p237,process,,39,post,post_odor,2.0,-0.05433858931064606,-0.05433858931064606,-0.1237424910068512,0.015065312385559082,-1.8180589581932949,1.7093817795720028
p256,process,,39,pre,post_odor,2.0,0.23040107637643814,0.23040107637643814,0.07435723766684532,0.38644491508603096,-3.7350488485489777,4.195851001301854
p256,process,,17,pre,post_odor,2.0,0.07291586697101593,0.07291586697101593,-0.11280236393213272,0.2586340978741646,-4.646631863220129,4.792463597162161
p256,process,,32,pre,post_odor,2.0,1.8941240310668945,1.8941240310668945,1.728056788444519,2.06019127368927,-2.326044738396904,6.114292800530693
p256,process,,30,pre,post_odor,2.0,0.15770691633224487,0.15770691633224487,-0.33803805708885193,0.6534518897533417,-12.440367342103631,12.75578117476812
p256,process,,40,pre,post_odor,2.0,0.5830346047878265,0.5830346047878265,0.47002215683460236,0.6960470527410507,-2.2888839980720794,3.4549532076477325
p256,process,,3,pre,post_odor,2.0,1.5239198803901672,1.5239198803901672,1.15989550948143,1.8879442512989044,-7.7268164910570505,10.774656251837385
p256,process,,2,pre,post_odor,2.0,0.9358207434415817,0.9358207434415817,0.6671553924679756,1.2044860944151878,-5.891613166532159,7.763254653415323
p256,process,,1,pre,post_odor,2.0,0.08103037625551224,0.08103037625551224,-0.08359074965119362,0.2456515021622181,-4.102389083084881,4.264449835595905
p256,process,,4,pre,post_odor,2.0,0.4798453152179718,0.4798453152179718,-0.16047056019306183,1.1201611906290054,-15.79212390237307,16.751814532809014
p256,process,,31,pre,post_odor,2.0,3.553523898124695,3.553523898124695,3.105941593647003,4.0011062026023865,-7.820620895840163,14.927668692089552
p256,process,,21,pre,post_odor,2.0,0.9541686773300171,0.9541686773300171,0.7967379689216614,1.1115993857383728,-3.046524948265155,4.954862302925189
p256,process,,12,pre,post_odor,2.0,0.5588440299034119,0.5588440299034119,-0.06035521626472473,1.1780432760715485,-15.176500758691343,16.294188818498167
p256,process,,22,pre,post_odor,2.0,3.3667688369750977,3.3667688369750977,2.9449572563171387,3.7885804176330566,-7.352479770883887,14.086017444834082
p256,process,,10,pre,post_odor,2.0,0.10131865739822388,0.10131865739822388,-0.1808062195777893,0.38344353437423706,-7.068154238652418,7.270791553448865
p256,process,,0,pre,post_odor,2.0,0.012328539043664932,0.012328539043664932,-0.04039846919476986,0.06505554728209972,-1.3275917845633796,1.3522488626507094
p256,process,,18,pre,post_odor,2.0,-1.2795760333538055,-1.2795760333538055,-1.4758794754743576,-1.0832725912332535,-6.268119485352912,3.708967418645301
p256,process,,12,post,post_odor,2.0,-0.1323077193228528,-0.1323077193228528,-0.20005739288171753,-0.06455804576398805,-1.8539901654187256,1.58937472677302
p256,process,,18,post,post_odor,2.0,-0.024965114891529083,-0.024965114891529083,-0.11038776114583015,0.06045753136277199,-2.1957603797174805,2.1458301499344223
p256,process,,40,post,post_odor,2.0,-0.08467807993292809,-0.08467807993292809,-0.10892935656011105,-0.060426803305745125,-0.7009614518101177,0.5316052919442615
p256,process,,32,post,post_odor,2.0,0.1565241850912571,0.1565241850912571,0.11468743346631527,0.19836093671619892,-0.906648478194743,1.2196968483772572
p256,process,,31,post,post_odor,2.0,0.07612457498908043,0.07612457498908043,0.06833086349070072,0.08391828648746014,-0.12193241291710236,0.2741815628952632
p256,process,,0,post,post_odor,2.0,-0.09342626109719276,-0.09342626109719276,-0.10273980908095837,-0.08411271311342716,-0.33010595610101834,0.14325343390663278
p256,process,,4,post,post_odor,2.0,0.02375696785748005,0.02375696785748005,0.008575364015996456,0.03893857169896364,-0.3620441654092934,0.4095581011242535
p256,process,,2,post,post_odor,2.0,-0.13073888048529625,-0.13073888048529625,-0.16040503792464733,-0.10107272304594517,-0.8846274208052699,0.6231496598346774
p256,process,,3,post,post_odor,2.0,0.03796528186649084,0.03796528186649084,0.0036549479700624943,0.07227561576291919,-0.833942972242575,0.9098735359755566
p256,process,,21,post,post_odor,2.0,0.458634689450264,0.458634689450264,0.4463495537638664,0.47091982513666153,0.14643979096415732,0.7708295879363707
p256,process,,1,post,post_odor,2.0,0.13291193917393684,0.13291193917393684,0.019309578463435173,0.24651429988443851,-2.7539977682268675,3.019821646574741
p256,process,,22,post,post_odor,2.0,0.10481388866901398,0.10481388866901398,0.10361705347895622,0.10601072385907173,0.07439942274834922,0.13522835458967875
p256,process,,10,post,post_odor,1.0,-0.23955507576465607,-0.23955507576465607,-0.23955507576465607,-0.23955507576465607,,
p256,process,,30,post,post_odor,2.0,0.12427587434649467,0.12427587434649467,0.09742520935833454,0.1511265393346548,-0.5580642189375059,0.8066159676304953
p256,process,,17,post,post_odor,2.0,0.09562021493911743,0.09562021493911743,0.0624227374792099,0.12881769239902496,-0.7480076757211419,0.9392481055993768
p256,process,,39,post,post_odor,2.0,0.046636058017611504,0.046636058017611504,0.00033580977469682693,0.09293630626052618,-1.1299648090027616,1.2232369250379846
p275,process,,39,pre,post_odor,2.0,0.6160029470920563,0.6160029470920563,0.6044936031103134,0.6275122910737991,0.32352278506988663,0.9084831091142259
p275,process,,17,pre,post_odor,2.0,1.796521782875061,1.796521782875061,0.5459908843040466,3.0470526814460754,-29.98248146943658,33.5755250351867
p275,process,,32,pre,post_odor,2.0,1.1763589084148407,1.1763589084148407,0.9491458684206009,1.4035719484090805,-4.597671901376079,6.95038971820576
p275,process,,30,pre,post_odor,2.0,1.1577764451503754,1.1577764451503754,1.0106986910104752,1.3048541992902756,-2.5798236673262984,4.895376557627049
p275,process,,40,pre,post_odor,2.0,1.776455745100975,1.776455745100975,1.0947460308670998,2.4581654593348503,-15.54743065428855,19.1003421444905
p275,process,,3,pre,post_odor,2.0,1.9382658451795578,1.9382658451795578,1.165619321167469,2.7109123691916466,-17.696544000403073,21.573075690762188
p275,process,,2,pre,post_odor,2.0,0.9488894045352936,0.9488894045352936,0.7692273706197739,1.1285514384508133,-3.616755767961017,5.514534577031604
p275,process,,1,pre,post_odor,2.0,0.8205285370349884,0.8205285370349884,0.6843321174383163,0.9567249566316605,-2.6405506464235526,4.281607720493529
p275,process,,4,pre,post_odor,2.0,0.8600841760635376,0.8600841760635376,0.20467609167099,1.5154922604560852,-15.795414436008006,17.51558278813508
p275,process,,31,pre,post_odor,2.0,4.4229395389556885,4.4229395389556885,4.172292351722717,4.67358672618866,-1.9466094161011993,10.792488494012577
p275,process,,21,pre,post_odor,2.0,1.2188394665718079,1.2188394665718079,0.9184108078479767,1.519268125295639,-6.415776626146902,8.853455559290516
p275,process,,12,pre,post_odor,2.0,1.3846549987792969,1.3846549987792969,0.5533666610717773,2.2159433364868164,-19.74038462863285,22.509694626191443
p275,process,,22,pre,post_odor,2.0,2.672808825969696,2.672808825969696,1.5481243431568146,3.7974933087825775,-25.90813377846874,31.253751430408133
p275,process,,10,pre,post_odor,2.0,1.3863233029842377,1.3863233029842377,0.5355543047189713,2.237092301249504,-20.233766847313216,23.00641345328169
p275,process,,0,pre,post_odor,2.0,0.8030790090560913,0.8030790090560913,0.7515508830547333,0.8546071350574493,-0.5063748282332323,2.112532846345415
p275,process,,18,pre,post_odor,2.0,-0.2853013873100281,-0.2853013873100281,-0.724748283624649,0.1541455090045929,-11.452705857810242,10.882103083190186
p275,process,,12,post,post_odor,2.0,0.1440887451171875,0.1440887451171875,0.0980910137295723,0.1900864765048027,-1.0248244397040278,1.3130019299384028
p275,process,,18,post,post_odor,2.0,0.08320005424320698,0.08320005424320698,0.01619767677038908,0.15020243171602488,-1.6194917977169598,1.7858919062033738
p275,process,,40,post,post_odor,2.0,0.08241289108991623,0.08241289108991623,-0.07970761880278587,0.24453340098261833,-4.037459890169499,4.202285672349332
p275,process,,32,post,post_odor,2.0,0.2495781034231186,0.2495781034231186,0.22138438373804092,0.27777182310819626,-0.4668922457627125,0.9660484526089497
p275,process,,31,post,post_odor,2.0,-0.19530975073575974,-0.19530975073575974,-0.2392306886613369,-0.15138881281018257,-1.3114466097101662,0.9208271082386468
p275,process,,0,post,post_odor,2.0,0.035039592534303665,0.035039592534303665,-0.02233569510281086,0.09241488017141819,-1.4230047104938763,1.4930838955624837
p275,process,,4,post,post_odor,2.0,-0.13895129412412643,-0.13895129412412643,-0.2206297479569912,-0.05727284029126167,-2.214597607993271,1.9366950197450183
p275,process,,2,post,post_odor,2.0,0.00238955020904541,0.00238955020904541,-0.1551690250635147,0.15994812548160553,-4.001553480497235,4.006332580915326
p275,process,,3,post,post_odor,2.0,0.07099796645343304,0.07099796645343304,0.015645948238670826,0.12634998466819525,-1.335630185541046,1.477626118447912
p275,process,,21,post,post_odor,2.0,0.27012722194194794,0.27012722194194794,0.269846148788929,0.2704082950949669,0.262984475885746,0.27726996799814985
p275,process,,1,post,post_odor,2.0,-0.08910661563277245,-0.08910661563277245,-0.10851209424436092,-0.06970113702118397,-0.582246584117377,0.40403335285183206
p275,process,,22,post,post_odor,2.0,0.111654968932271,0.111654968932271,0.06892177741974592,0.15438816044479609,-0.974298391844342,1.197608329708884
p275,process,,10,post,post_odor,1.0,-0.13677643239498138,-0.13677643239498138,-0.13677643239498138,-0.13677643239498138,,
p275,process,,30,post,post_odor,2.0,-0.042875378392636776,-0.042875378392636776,-0.050327039789408445,-0.03542371699586511,-0.23224004905669743,0.14648929227142388
p275,process,,17,post,post_odor,2.0,0.16153480485081673,0.16153480485081673,0.12539243511855602,0.19767717458307743,-0.756929894086439,1.0799995037880725
p275,process,,39,post,post_odor,2.0,0.13819235190749168,0.13819235190749168,0.12393257953226566,0.1524521242827177,-0.22418282267424816,0.5005675264892315
p294,process,,39,pre,post_odor,2.0,0.4658268243074417,0.4658268243074417,0.4016736373305321,0.5299800112843513,-1.1644602321059783,2.0961138807208615
p294,process,,17,pre,post_odor,2.0,0.7533731460571289,0.7533731460571289,-0.18330109119415283,1.6900473833084106,-23.049776113172978,24.556522405287236
p294,process,,32,pre,post_odor,2.0,1.6877621412277222,1.6877621412277222,1.2808883786201477,2.0946359038352966,-8.65188051771144,12.027404800166885
p294,process,,30,pre,post_odor,2.0,2.114691376686096,2.114691376686096,1.7528401017189026,2.47654265165329,-7.080821390871916,11.310204144244109
p294,process,,40,pre,post_odor,2.0,1.3797864317893982,1.3797864317893982,1.0923157036304474,1.667257159948349,-5.925537423500298,8.685110287079095
p294,process,,3,pre,post_odor,2.0,2.747747778892517,2.747747778892517,1.649785578250885,3.845709979534149,-25.154117248974472,30.649612806759507
p294,process,,2,pre,post_odor,2.0,0.7055439129471779,0.7055439129471779,0.46858131512999535,0.9425065107643604,-5.31624665241471,6.727334478309066
p294,process,,1,pre,post_odor,2.0,0.5536530613899231,0.5536530613899231,0.10932281613349915,0.997983306646347,-10.73784907201575,11.845155194795597
p294,process,,4,pre,post_odor,2.0,0.7672794163227081,0.7672794163227081,0.1652287095785141,1.3693301230669022,-14.532279666578091,16.066838499223508
p294,process,,31,pre,post_odor,2.0,4.128948926925659,4.128948926925659,4.110066771507263,4.147831082344055,3.6491078617128396,4.608789992138479
p294,process,,21,pre,post_odor,2.0,2.3537372946739197,2.3537372946739197,2.07516673207283,2.632307857275009,-4.725411909087703,9.432886498435543
p294,process,,12,pre,post_odor,2.0,0.8274077093228698,0.8274077093228698,0.4253036850132048,1.2295117336325347,-9.391024406913868,11.045839825559607
p294,process,,22,pre,post_odor,2.0,2.3865260183811188,2.3865260183811188,1.6875095218420029,3.0855425149202347,-15.377167419597992,20.15021945636023
p294,process,,10,pre,post_odor,2.0,0.8770531862974167,0.8770531862974167,0.24604273587465286,1.5080636367201805,-15.15844276117748,16.912549133772313
p294,process,,0,pre,post_odor,2.0,0.4973023235797882,0.4973023235797882,0.4534185379743576,0.5411861091852188,-0.6178904054222061,1.6124950525817825
p294,process,,18,pre,post_odor,2.0,-0.3068850040435791,-0.3068850040435791,-0.8545858263969421,0.24081581830978394,-14.225282570029732,13.611512561942574
p294,process,,12,post,post_odor,2.0,-0.11418075114488602,-0.11418075114488602,-0.1992332823574543,-0.029128219932317734,-2.275570500978448,2.047208998688676
p294,process,,18,post,post_odor,2.0,0.1893971748650074,0.1893971748650074,0.07351608388125896,0.30527826584875584,-2.755420559316583,3.1342149090465976
p294,process,,40,post,post_odor,2.0,-0.2884284257888794,-0.2884284257888794,-0.29932934045791626,-0.27752751111984253,-0.5654469329815842,-0.011409918596174573
p294,process,,32,post,post_odor,2.0,-0.028184127062559128,-0.028184127062559128,-0.06787328608334064,0.01150503195822239,-1.0367812877118485,0.9804130335867303
p294,process,,31,post,post_odor,2.0,0.1352880671620369,0.1352880671620369,0.13279947265982628,0.1377766616642475,0.0720468846612232,0.19852924966285057
p294,process,,0,post,post_odor,2.0,0.1455521509051323,0.1455521509051323,0.015301812440156937,0.27580248937010765,-3.1644227840789214,3.455527085889186
p294,process,,4,post,post_odor,2.0,0.2615498751401901,0.2615498751401901,0.18075182288885117,0.3423479273915291,-1.791723313239117,2.3148230635194973
p294,process,,2,post,post_odor,2.0,-0.012738905847072601,-0.012738905847072601,-0.03375553712248802,0.00827772542834282,-0.5468221455473138,0.5213443338531686
p294,process,,3,post,post_odor,2.0,0.3156943079084158,0.3156943079084158,0.13880556169897318,0.4925830541178584,-4.179474941816431,4.810863557633263
p294,process,,21,post,post_odor,2.0,0.34784747287631035,0.34784747287631035,0.19904752261936665,0.49664742313325405,-3.433517792518363,4.129212738270984
p294,process,,1,post,post_odor,2.0,0.014284119009971619,0.014284119009971619,0.000835830345749855,0.027732407674193382,-0.32746929922758644,0.3560375372475297
p294,process,,22,post,post_odor,2.0,0.08014555275440216,0.08014555275440216,-0.0004770830273628235,0.16076818853616714,-1.968669880471897,2.1289609859807013
p294,process,,10,post,post_odor,1.0,0.031064335256814957,0.031064335256814957,0.031064335256814957,0.031064335256814957,,
p294,process,,30,post,post_odor,2.0,-0.018825676292181015,-0.018825676292181015,-0.06788440980017185,0.030233057215809822,-1.2655263003921116,1.2278749478077495
p294,process,,17,post,post_odor,2.0,0.015920340083539486,0.015920340083539486,-0.0056916638277471066,0.03753234399482608,-0.5332927528280919,0.5651334329951708
p294,process,,39,post,post_odor,2.0,0.12671435996890068,0.12671435996890068,0.008775146678090096,0.24465357325971127,-2.8704052210239293,3.1238339409617306
p313,process,,39,pre,post_odor,2.0,0.04665211960673332,0.04665211960673332,0.0018516425043344498,0.0914525967091322,-1.0918359490760396,1.1851401882895063
p313,process,,17,pre,post_odor,2.0,-1.5151059329509735,-1.5151059329509735,-1.9941427558660507,-1.0360691100358963,-13.688585829202237,10.65837396330029
p313,process,,32,pre,post_odor,2.0,0.7061390578746796,0.7061390578746796,0.6916668862104416,0.7206112295389175,0.33836630558893205,1.073911810160427
p313,process,,30,pre,post_odor,2.0,0.7140481621026993,0.7140481621026993,0.5989939197897911,0.8291024044156075,-2.2097573550838296,3.637853679289228
p313,process,,40,pre,post_odor,2.0,0.8827061653137207,0.8827061653137207,0.7760661840438843,0.9893461465835571,-1.8272727048390318,3.592685035466473
p313,process,,3,pre,post_odor,2.0,1.1053660660982132,1.1053660660982132,0.7700087353587151,1.4407233968377113,-7.416871742208015,9.627603874404441
p313,process,,2,pre,post_odor,2.0,0.6582431346178055,0.6582431346178055,0.454693965613842,0.861792303621769,-4.514431695867362,5.830917965102973
p313,process,,1,pre,post_odor,2.0,0.6099265813827515,0.6099265813827515,0.5664764046669006,0.6533767580986023,-0.4942471009663909,1.7141002637318938
p313,process,,4,pre,post_odor,2.0,0.7646779417991638,0.7646779417991638,0.539900153875351,0.9894557297229767,-4.947467245209681,6.476823128808008
p313,process,,31,pre,post_odor,2.0,0.7751222550868988,0.7751222550868988,0.6461029797792435,0.9041415303945541,-2.503568398857015,4.053812909030812
p313,process,,21,pre,post_odor,2.0,0.6294083967804909,0.6294083967804909,0.26566725596785545,0.9931495375931263,-8.614130415489697,9.872947209050679
p313,process,,12,pre,post_odor,2.0,0.8644689917564392,0.8644689917564392,0.853880763053894,0.8750572204589844,0.5953965883804788,1.1335413951323996
p313,process,,22,pre,post_odor,2.0,0.02713213860988617,0.02713213860988617,-0.17188528925180435,0.2261495664715767,-5.030380230345148,5.084644507564921
p313,process,,10,pre,post_odor,2.0,0.3508680984377861,0.3508680984377861,0.07472975924611092,0.6270064376294613,-6.666472448115568,7.368208644991141
p313,process,,0,pre,post_odor,2.0,0.5763356387615204,0.5763356387615204,0.49616508185863495,0.6565061956644058,-1.4609913808808912,2.613662658403932
p313,process,,18,pre,post_odor,2.0,0.7755308747291565,0.7755308747291565,0.7697087526321411,0.7813529968261719,0.6275767240017882,0.9234850254565248
p313,process,,12,post,post_odor,2.0,0.2685887888073921,0.2685887888073921,0.25414029881358147,0.2830372788012028,-0.0985821551724671,0.6357597327872513
p313,process,,18,post,post_odor,2.0,0.4436182379722595,0.4436182379722595,0.34751075506210327,0.5397257208824158,-1.9987044710974518,2.885940947041971
p313,process,,40,post,post_odor,2.0,0.08239150419831276,0.08239150419831276,0.05848549120128155,0.10629751719534397,-0.5251178869335508,0.6899008953301763
p313,process,,32,post,post_odor,2.0,0.00023153424263000488,0.00023153424263000488,-0.16414251923561096,0.16460558772087097,-4.176909219376285,4.177372287861545
p313,process,,31,post,post_odor,2.0,0.009559806436300278,0.009559806436300278,-0.029456576332449913,0.04857618920505047,-0.9819404886130964,1.001060101485697
p313,process,,0,post,post_odor,2.0,0.12077847681939602,0.12077847681939602,0.07860437128692865,0.16295258235186338,-0.9509671621017404,1.1925241157405324
p313,process,,4,post,post_odor,2.0,-0.07760236412286758,-0.07760236412286758,-0.1781553216278553,0.022950593382120132,-2.632895293895363,2.477690565649628
p313,process,,2,post,post_odor,2.0,0.42536818981170654,0.42536818981170654,0.3583582043647766,0.4923781752586365,-1.2775169991018502,2.1282533787252635
p313,process,,3,post,post_odor,2.0,0.44487058836966753,0.44487058836966753,0.2128548282198608,0.6768863485194743,-5.451208912595624,6.340950089334959
p313,process,,21,post,post_odor,2.0,0.5912895351648331,0.5912895351648331,0.4858510121703148,0.6967280581593513,-2.088157385331592,3.270736455661258
p313,process,,1,post,post_odor,2.0,0.21684350571013056,0.21684350571013056,0.10801824928785209,0.32566876213240903,-2.5486684714262298,2.982355482846491
p313,process,,22,post,post_odor,2.0,0.5927293226122856,0.5927293226122856,0.41372181847691536,0.7717368267476559,-3.956282671099019,5.14174131632359
p313,process,,10,post,post_odor,1.0,0.07081575691699982,0.07081575691699982,0.07081575691699982,0.07081575691699982,,
p313,process,,30,post,post_odor,2.0,0.39224253594875336,0.39224253594875336,0.3825316056609154,0.40195346623659134,0.1454643991167749,0.6390206727807318
p313,process,,17,post,post_odor,2.0,0.3644269108772278,0.3644269108772278,0.04693877696990967,0.6819150447845459,-7.703711550587634,8.43256537234209
p313,process,,39,post,post_odor,2.0,0.5833684355020523,0.5833684355020523,0.5199634954333305,0.6467733755707741,-1.0279038640940779,2.1946407350981825
p332,process,,39,pre,post_odor,2.0,0.2242426499724388,0.2242426499724388,0.1879892237484455,0.2604960761964321,-0.6970442620072883,1.145529561952166
p332,process,,17,pre,post_odor,2.0,0.6093274354934692,0.6093274354934692,-0.08803349733352661,1.306688368320465,-17.112294139525687,18.330949010512626
p332,process,,32,pre,post_odor,2.0,1.3532904386520386,1.3532904386520386,1.1553196907043457,1.5512611865997314,-3.6776232717420045,6.384204149046082
p332,process,,30,pre,post_odor,2.0,1.1472721993923187,1.1472721993923187,0.9430110603570938,1.3515333384275436,-4.0434955050593056,6.338039903843943
p332,process,,40,pre,post_odor,2.0,1.5389323458075523,1.5389323458075523,0.8529675342142582,2.2248971574008465,-15.89308633002424,18.970951021639344
p332,process,,3,pre,post_odor,2.0,1.3209633231163025,1.3209633231163025,0.8645936548709869,1.777332991361618,-10.276489557093901,12.918416203326506
p332,process,,2,pre,post_odor,2.0,0.6474925726652145,0.6474925726652145,0.4910043254494667,0.8039808198809624,-3.3292508431916077,4.624235988522036
p332,process,,1,pre,post_odor,2.0,0.48653967678546906,0.48653967678546906,0.3933880254626274,0.5796913281083107,-1.880668229656099,2.853747583227037
p332,process,,4,pre,post_odor,2.0,0.5559037327766418,0.5559037327766418,0.09216538071632385,1.0196420848369598,-11.228805157812678,12.340612623365962
p332,process,,31,pre,post_odor,2.0,3.421169638633728,3.421169638633728,3.024877607822418,3.817461669445038,-6.649565718972177,13.491904996239633
p332,process,,21,pre,post_odor,2.0,1.3466292917728424,1.3466292917728424,1.1425354331731796,1.5507231503725052,-3.839887413753564,6.533145997299249
p332,process,,12,pre,post_odor,2.0,1.326388955116272,1.326388955116272,0.8459855914115906,1.8067923188209534,-10.88181803524108,13.534595945473624
p332,process,,22,pre,post_odor,2.0,2.2915934324264526,2.2915934324264526,1.4569314122200012,3.126255452632904,-18.91917959607825,23.502366460931157
p332,process,,10,pre,post_odor,2.0,0.959165446460247,0.959165446460247,0.5421970970928669,1.3761337958276272,-9.637004984673252,11.555335877593746
p332,process,,0,pre,post_odor,2.0,0.6405574977397919,0.6405574977397919,0.586884006857872,0.6942309886217117,-0.723415230361967,2.0045302258415507
p332,process,,18,pre,post_odor,2.0,-0.35534659028053284,-0.35534659028053284,-0.7869529873132706,0.0762598067522049,-11.323505082561867,10.612811902000802
p332,process,,12,post,post_odor,2.0,0.10188646987080574,0.10188646987080574,0.08672834746539593,0.11704459227621555,-0.28331794352746204,0.4870908832690735
p332,process,,18,post,post_odor,2.0,0.04960481636226177,0.04960481636226177,0.014934771694242954,0.08427486103028059,-0.8314445551660761,0.9306541878905996
p332,process,,40,post,post_odor,2.0,-0.25253481417894363,-0.25253481417894363,-0.27277064695954323,-0.23229898139834404,-0.766776082813531,0.2617064544556438
p332,process,,32,post,post_odor,2.0,0.0627177394926548,0.0627177394926548,0.043994324281811714,0.08144115470349789,-0.4130893545661047,0.5385248335514143
p332,process,,31,post,post_odor,2.0,-0.15231019631028175,-0.15231019631028175,-0.2850141990929842,-0.019606193527579308,-3.524638653644108,3.2200182610235446
p332,process,,0,post,post_odor,2.0,0.17984933406114578,0.17984933406114578,0.15915358439087868,0.2005450837314129,-0.34607953089692167,0.7057781990192132
p332,process,,4,post,post_odor,2.0,-0.1581217609345913,-0.1581217609345913,-0.17694220505654812,-0.13930131681263447,-0.6363945934132293,0.3201510715440467
p332,process,,2,post,post_odor,2.0,-0.3709251135587692,-0.3709251135587692,-0.3754546716809273,-0.3663955554366112,-0.48603209928785557,-0.2558181278296829
p332,process,,3,post,post_odor,2.0,0.22149304300546646,0.22149304300546646,0.04714890941977501,0.3958371765911579,-4.209011468776106,4.651997554787039
p332,process,,21,post,post_odor,2.0,0.4568474590778351,0.4568474590778351,0.32943786680698395,0.5842570513486862,-2.780937270414115,3.694632188569785
p332,process,,1,post,post_odor,2.0,-0.1259956888970919,-0.1259956888970919,-0.18849928342388012,-0.06349209437030368,-1.7143626265055303,1.4623712487113465
p332,process,,22,post,post_odor,2.0,0.01810683310031891,0.01810683310031891,-0.057507067918777466,0.09372073411941528,-1.9034245813986548,1.9396382475992926
p332,process,,10,post,post_odor,1.0,0.21034519374370575,0.21034519374370575,0.21034519374370575,0.21034519374370575,,
p332,process,,30,post,post_odor,2.0,-0.06951990723609924,-0.06951990723609924,-0.21499808132648468,0.0759582668542862,-3.7664708365107034,3.627431022038505
p332,process,,17,post,post_odor,2.0,-0.0871809720993042,-0.0871809720993042,-0.0966842919588089,-0.0776776522397995,-0.3286832277157475,0.15432128351713909
p332,process,,39,post,post_odor,2.0,0.31125806272029877,0.31125806272029877,0.30005621165037155,0.322459913790226,0.026592036483033266,0.5959240889575643
p351,process,,39,pre,post_odor,2.0,-0.6966506578028202,-0.6966506578028202,-0.9844207335263491,-0.40888058207929134,-8.009581655978126,6.6162803403724855
p351,process,,17,pre,post_odor,2.0,-0.7696145921945572,-0.7696145921945572,-1.2777962163090706,-0.2614329680800438,-13.683734110516113,12.144504926126999
p351,process,,32,pre,post_odor,2.0,0.43007370829582214,0.43007370829582214,-0.13241754472255707,0.9925649613142014,-13.864184338022111,14.724331754613756
p351,process,,30,pre,post_odor,2.0,-0.23550868406891823,-0.23550868406891823,-0.4064894039183855,-0.06452796421945095,-4.5805407487606375,4.109523380622801
p351,process,,40,pre,post_odor,2.0,1.2115893363952637,1.2115893363952637,1.15461003780365,1.2685686349868774,-0.2363919308620861,2.6595706036526137
p351,process,,3,pre,post_odor,2.0,-0.0031406432390213013,-0.0031406432390213013,-0.12713483721017838,0.12085355073213577,-3.1541318726279806,3.147850586149938
p351,process,,2,pre,post_odor,2.0,-0.18297967314720154,-0.18297967314720154,-0.5768256932497025,0.21086634695529938,-10.191556005047103,9.8255966587527
p351,process,,1,pre,post_odor,2.0,-0.9307005703449249,-0.9307005703449249,-1.183680072426796,-0.6777210682630539,-7.359519265360495,5.498118124670645
p351,process,,4,pre,post_odor,2.0,0.06708104908466339,0.06708104908466339,-0.16369912773370743,0.2978612259030342,-5.79759930232497,5.931761400494297
p351,process,,31,pre,post_odor,2.0,-0.9454861581325531,-0.9454861581325531,-1.069067820906639,-0.8219044953584671,-4.085993975821424,2.1950216595563172
p351,process,,21,pre,post_odor,2.0,0.14972621202468872,0.14972621202468872,-0.20043253898620605,0.4998849630355835,-8.748651348990604,9.048103773039982
p351,process,,12,pre,post_odor,2.0,0.5195143669843674,0.5195143669843674,0.4616472199559212,0.5773815140128136,-0.9510292682991535,1.9900580022678882
p351,process,,22,pre,post_odor,2.0,0.3016836941242218,0.3016836941242218,0.2503848969936371,0.3529824912548065,-1.0019423439971786,1.6053097322456222
p351,process,,10,pre,post_odor,2.0,0.7813212424516678,0.7813212424516678,0.2989423796534538,1.2637001052498817,-11.477087939782791,13.039730424686127
p351,process,,0,pre,post_odor,2.0,0.9962064698338509,0.9962064698338509,0.5657645873725414,1.4266483522951603,-9.942358901321828,11.93477184098953
p351,process,,18,pre,post_odor,2.0,0.9784764349460602,0.9784764349460602,0.6564170569181442,1.3005358129739761,-7.205828353909503,9.162781223801623
p351,process,,12,post,post_odor,2.0,-0.0050519369542598724,-0.0050519369542598724,-0.052686309441924095,0.04258243553340435,-1.2155561155691972,1.2054522416606774
p351,process,,18,post,post_odor,2.0,0.32441288232803345,0.32441288232803345,0.29185327887535095,0.35697248578071594,-0.5030050928688551,1.151830857524922
p351,process,,40,post,post_odor,2.0,-0.07573425024747849,-0.07573425024747849,-0.13241766765713692,-0.019050832837820053,-1.5161964637538166,1.3647279632588596
p351,process,,32,post,post_odor,2.0,-0.1712150275707245,-0.1712150275707245,-0.2761645019054413,-0.06626555323600769,-2.8382340432723705,2.4958039881309215
p351,process,,31,post,post_odor,2.0,0.02525041624903679,0.02525041624903679,0.008343888446688652,0.042156944051384926,-0.4043851910198933,0.45488602351796686
p351,process,,0,post,post_odor,2.0,0.10356618463993073,0.10356618463993073,0.02969423681497574,0.1774381324648857,-1.7736980020078552,1.9808303712877167
p351,process,,4,post,post_odor,2.0,0.2727888226509094,0.2727888226509094,0.22016629576683044,0.3254113495349884,-1.0644763779970194,1.6100540232988383
p351,process,,2,post,post_odor,2.0,-0.17415174841880798,-0.17415174841880798,-0.17546256631612778,-0.1728409305214882,-0.20746278956918263,-0.14084070726843334
p351,process,,3,post,post_odor,2.0,0.2405652105808258,0.2405652105808258,0.20167702436447144,0.2794533967971802,-0.747677301186145,1.2288077223477964
p351,process,,21,post,post_odor,2.0,0.5206056535243988,0.5206056535243988,0.5018362551927567,0.539375051856041,0.043630017571076984,0.9975812894777206
p351,process,,1,post,post_odor,2.0,-0.11019263416528702,-0.11019263416528702,-0.1377081386744976,-0.08267712965607643,-0.8094279015916225,0.5890426332610484
p351,process,,22,post,post_odor,2.0,0.2767588421702385,0.2767588421702385,0.2486722655594349,0.3048454187810421,-0.4369887433400137,0.9905064276804907
p351,process,,10,post,post_odor,1.0,-0.062160491943359375,-0.062160491943359375,-0.062160491943359375,-0.062160491943359375,,
p351,process,,30,post,post_odor,2.0,0.394586943089962,0.394586943089962,0.2756541408598423,0.5135197453200817,-2.6277821268757884,3.4169560130557124
p351,process,,17,post,post_odor,2.0,0.37375298142433167,0.37375298142433167,0.37142297625541687,0.37608298659324646,0.3145419359991783,0.43296402684948504
p351,process,,39,post,post_odor,2.0,0.22454933822155,0.22454933822155,0.19290507584810257,0.2561936005949974,-0.5796076146629545,1.0287062911060545
p370,process,,39,pre,post_odor,2.0,-0.17948898673057556,-0.17948898673057556,-0.19992940872907639,-0.15904856473207474,-0.6989293603440967,0.33995138688294557
p370,process,,17,pre,post_odor,2.0,-1.2799755334854126,-1.2799755334854126,-1.5888537168502808,-0.9710973501205444,-9.129314406228858,6.569363339258033
p370,process,,32,pre,post_odor,2.0,0.9695934057235718,0.9695934057235718,0.9034861326217651,1.0357006788253784,-0.7103516874399671,2.649538498887111
p370,process,,30,pre,post_odor,2.0,0.567219078540802,0.567219078540802,0.49511924386024475,0.6393189132213593,-1.265011443250216,2.39944960033182
p370,process,,40,pre,post_odor,2.0,-0.21223758906126022,-0.21223758906126022,-0.32980507239699364,-0.09467010572552681,-3.1999106162225304,2.77543543810001
p370,process,,3,pre,post_odor,2.0,0.9077081382274628,0.9077081382274628,0.7629848271608353,1.0524314492940903,-2.770059902791868,4.585476179246793
p370,process,,2,pre,post_odor,2.0,0.8849375694990158,0.8849375694990158,0.5923939421772957,1.177481196820736,-6.549300876526913,8.319176015524945
p370,process,,1,pre,post_odor,2.0,0.4055526405572891,0.4055526405572891,0.36551011353731155,0.4455951675772667,-0.6120244523819951,1.4231297334965733
p370,process,,4,pre,post_odor,2.0,0.597651980817318,0.597651980817318,0.3825518228113651,0.8127521388232708,-4.8685613119970075,6.063865273631643
p370,process,,31,pre,post_odor,2.0,0.43860943615436554,0.43860943615436554,0.39131688326597214,0.48590198904275894,-0.7632082828382274,1.6404271551469585
p370,process,,21,pre,post_odor,2.0,0.6882546246051788,0.6882546246051788,0.5740562230348587,0.802453026175499,-2.213801917187584,3.5903111663979415
p370,process,,12,pre,post_odor,2.0,0.32932335138320923,0.32932335138320923,0.32802580296993256,0.3306208997964859,0.2963495197948252,0.36229718297159325
p370,process,,22,pre,post_odor,2.0,-0.08672736957669258,-0.08672736957669258,-0.10670646466314793,-0.06674827449023724,-0.5944443148006995,0.4209895756473143
p370,process,,10,pre,post_odor,2.0,0.44800711423158646,0.44800711423158646,0.31422288343310356,0.5817913450300694,-2.951772539762757,3.84778676822593
p370,process,,0,pre,post_odor,2.0,0.5173068940639496,0.5173068940639496,0.5092865973711014,0.5253271907567978,0.3134918304155614,0.7211219577123378
p370,process,,18,pre,post_odor,2.0,0.09841650724411011,0.09841650724411011,-0.016775712370872498,0.2136087268590927,-2.8288953456406247,3.025728360128845
p370,process,,12,post,post_odor,2.0,0.3995141088962555,0.3995141088962555,0.32327522337436676,0.4757529944181442,-1.53789966770155,2.336927885494061
p370,process,,18,post,post_odor,2.0,0.07099463976919651,0.07099463976919651,0.027266799472272396,0.11472248006612062,-1.0402351431977392,1.1822244227361323
p370,process,,40,post,post_odor,2.0,-0.07414603978395462,-0.07414603978395462,-0.19558579102158546,0.047293711453676224,-3.160222724454878,3.0119306448869687
p370,process,,32,post,post_odor,2.0,-0.2512778677046299,-0.2512778677046299,-0.3244756329804659,-0.1780801024287939,-2.1114094513550916,1.6088537159458318
p370,process,,31,post,post_odor,2.0,0.10541312769055367,0.10541312769055367,0.06659641675651073,0.1442298386245966,-0.8810130249351668,1.091839280316274
p370,process,,0,post,post_odor,2.0,0.05153266340494156,0.05153266340494156,-0.05048595741391182,0.15355128422379494,-2.5410063026481087,2.644071629457992
p370,process,,4,post,post_odor,2.0,0.29380457662045956,0.29380457662045956,0.12213401589542627,0.46547513734549284,-4.0687580068719065,4.656367160112826
p370,process,,2,post,post_odor,2.0,0.37070388346910477,0.37070388346910477,0.2875506393611431,0.4538571275770664,-1.7424204047566407,2.4838281716948503
p370,process,,3,post,post_odor,2.0,0.31197232007980347,0.31197232007980347,0.30401304364204407,0.31993159651756287,0.1097079281398392,0.5142367120197677
p370,process,,21,post,post_odor,2.0,0.713219553232193,0.713219553232193,0.6640303283929825,0.7624087780714035,-0.536797170009284,1.96323627647367
p370,process,,1,post,post_odor,2.0,-0.045004683546721935,-0.045004683546721935,-0.0805409005843103,-0.009468466509133577,-0.948065582004196,0.8580562149107521
p370,process,,22,post,post_odor,2.0,0.360909104347229,0.360909104347229,0.3530750423669815,0.3687431663274765,0.1618267134734153,0.5599914952210427
p370,process,,10,post,post_odor,1.0,-0.007746244315057993,-0.007746244315057993,-0.007746244315057993,-0.007746244315057993,,
p370,process,,30,post,post_odor,2.0,0.007182035536970943,0.007182035536970943,0.002812459977576509,0.011551611096365377,-0.10385940779873055,0.11822347887267244
p370,process,,17,post,post_odor,2.0,0.7153705954551697,0.7153705954551697,0.6956968307495117,0.7350443601608276,0.21541283089233426,1.2153283600180051
p370,process,,39,post,post_odor,2.0,0.8480731248855591,0.8480731248855591,0.7324203252792358,0.9637259244918823,-2.0909431753338947,3.787089425105013
p389,process,,39,pre,post_odor,2.0,-0.15939472615718842,-0.15939472615718842,-0.16315673291683197,-0.15563271939754486,-0.2549963823709967,-0.06379306994338013
p389,process,,17,pre,post_odor,2.0,0.22497998178005219,0.22497998178005219,-0.05016820877790451,0.5001281723380089,-6.76719850225476,7.217158465814864
p389,process,,32,pre,post_odor,2.0,1.0156104266643524,1.0156104266643524,0.9363677054643631,1.0948531478643417,-0.9981380521729974,3.0293589055017023
p389,process,,30,pre,post_odor,2.0,0.42025026679039,0.42025026679039,0.3475540429353714,0.49294649064540863,-1.4271359409069162,2.2676364744876962
p389,process,,40,pre,post_odor,2.0,0.6844509541988373,0.6844509541988373,0.501378670334816,0.8675232380628586,-3.9678568863918526,5.336758794789527
p389,process,,3,pre,post_odor,2.0,0.5389573834836483,0.5389573834836483,0.2862790022045374,0.7916357647627592,-5.8822091063915405,6.960123873358837
p389,process,,2,pre,post_odor,2.0,0.7246115505695343,0.7246115505695343,0.5332441180944443,0.9159789830446243,-4.138496003159625,5.587719104298694
p389,process,,1,pre,post_odor,2.0,0.32788271456956863,0.32788271456956863,0.2512841783463955,0.4044812507927418,-1.6186706529162942,2.2744360820554315
p389,process,,4,pre,post_odor,2.0,1.0157719552516937,1.0157719552516937,0.6386817246675491,1.3928621858358383,-8.566999392375237,10.598543302878625
p389,process,,31,pre,post_odor,2.0,1.9371214509010315,1.9371214509010315,1.715360015630722,2.158882886171341,-3.6983709473639754,7.572613849166038
p389,process,,21,pre,post_odor,2.0,0.69776251912117,0.69776251912117,0.43412332236766815,0.9614017158746719,-6.001944701740106,7.397469739982446
p389,process,,12,pre,post_odor,2.0,0.9223233666270971,0.9223233666270971,0.4887764761224389,1.3558702571317554,-10.095147740341103,11.939794473595297
p389,process,,22,pre,post_odor,2.0,0.9959272425621748,0.9959272425621748,0.5239496054127812,1.4679048797115684,-10.998161734470155,12.990016219594505
p389,process,,10,pre,post_odor,2.0,0.6636288613080978,0.6636288613080978,0.3813558295369148,0.9459018930792809,-6.509609005062694,7.836866727678889
p389,process,,0,pre,post_odor,2.0,0.3519154116511345,0.3519154116511345,0.2799232490360737,0.4239075742661953,-1.4775789035227542,2.181409726825023
p389,process,,18,pre,post_odor,2.0,-0.34880148619413376,-0.34880148619413376,-0.5583827756345272,-0.1392201967537403,-5.674767031196387,4.977164058808119
p389,process,,12,post,post_odor,2.0,0.07566503435373306,0.07566503435373306,-0.051907870918512344,0.20323793962597847,-3.1662698720018065,3.3175999407092727
p389,process,,18,post,post_odor,2.0,0.02644878625869751,0.02644878625869751,-0.0038500428199768066,0.056747615337371826,-0.7435174648213007,0.7964150373386957
p389,process,,40,post,post_odor,2.0,0.04729120992124081,0.04729120992124081,0.0322231175377965,0.062359302304685116,-0.33562532369403497,0.4302077435365166
p389,process,,32,post,post_odor,2.0,0.3697725832462311,0.3697725832462311,0.2593079060316086,0.4802372604608536,-2.437401026362659,3.1769461928551213
p389,process,,31,post,post_odor,2.0,-0.11318836361169815,-0.11318836361169815,-0.1946336217224598,-0.03174310550093651,-2.1829086123035584,1.956531885080162
p389,process,,0,post,post_odor,2.0,-0.0775250717997551,-0.0775250717997551,-0.13652215525507927,-0.018527988344430923,-1.5767831142408224,1.4217329706413122
p389,process,,4,post,post_odor,2.0,-0.0977172669954598,-0.0977172669954598,-0.15374930785037577,-0.04168522614054382,-1.5216264327719944,1.3261918987810748
p389,process,,2,post,post_odor,2.0,-0.12018860131502151,-0.12018860131502151,-0.1338750533759594,-0.10650214925408363,-0.4679943253112551,0.2276171226812121
p389,process,,3,post,post_odor,2.0,0.10350769385695457,0.10350769385695457,0.08580549992620945,0.1212098877876997,-0.3463477068700786,0.5533630945839878
p389,process,,21,post,post_odor,2.0,0.14918329659849405,0.14918329659849405,0.08900435781106353,0.20936223538592458,-1.3801085374791393,1.6784751306761274
p389,process,,1,post,post_odor,2.0,-0.14130588248372078,-0.14130588248372078,-0.23369070328772068,-0.04892106167972088,-2.4890267777845887,2.206415012817147
p389,process,,22,post,post_odor,2.0,0.023377031087875366,0.023377031087875366,-0.11705455183982849,0.16380861401557922,-3.5453278571211246,3.5920819192968754
p389,process,,10,post,post_odor,1.0,-0.07486490905284882,-0.07486490905284882,-0.07486490905284882,-0.07486490905284882,,
p389,process,,30,post,post_odor,2.0,-0.060414575040340424,-0.060414575040340424,-0.19333482906222343,0.07250567898154259,-3.4382384974131264,3.3174093473324455
p389,process,,17,post,post_odor,2.0,0.21667704731225967,0.21667704731225967,0.1986517421901226,0.23470235243439674,-0.24138938731552434,0.6747434819400437
p389,process,,39,post,post_odor,2.0,0.10965641215443611,0.10965641215443611,-0.006397830322384834,0.22571065463125706,-2.839561518669861,3.0588743429787333
p408,process,,39,pre,post_odor,2.0,-0.39281265437602997,-0.39281265437602997,-0.4222436174750328,-0.36338169127702713,-1.1407243398134947,0.3550990310614349
p408,process,,17,pre,post_odor,2.0,-1.9160023927688599,-1.9160023927688599,-2.3333346247673035,-1.4986701607704163,-12.52141995832282,8.6894151727851
p408,process,,32,pre,post_odor,2.0,0.6312262862920761,0.6312262862920761,0.5086875036358833,0.7537650689482689,-2.48277943481032,3.7452320073944723
p408,process,,30,pre,post_odor,2.0,0.7348471432924271,0.7348471432924271,0.4327511116862297,1.0369431748986244,-6.942140911856063,8.411835198440917
p408,process,,40,pre,post_odor,2.0,0.48081982135772705,0.48081982135772705,0.036903202533721924,0.9247364401817322,-10.800171067778733,11.761810710494187
p408,process,,3,pre,post_odor,2.0,0.6613610992208123,0.6613610992208123,0.31977266212925315,1.0029495363123715,-8.019224135169747,9.341946333611372
p408,process,,2,pre,post_odor,2.0,0.9613944441080093,0.9613944441080093,0.6753363832831383,1.2474525049328804,-6.308030130439842,8.230819018655861
p408,process,,1,pre,post_odor,2.0,0.4044311195611954,0.4044311195611954,0.32544147223234177,0.483420766890049,-1.6028861424361014,2.411748381558492
p408,process,,4,pre,post_odor,2.0,0.3287772387266159,0.3287772387266159,0.014196254312992096,0.6433582231402397,-7.665483549407153,8.323038026860385
p408,process,,31,pre,post_odor,2.0,0.9564036726951599,0.9564036726951599,0.7042966187000275,1.2085107266902924,-5.4502440142968425,7.363051359687162
p408,process,,21,pre,post_odor,2.0,0.5103683611378074,0.5103683611378074,0.27010657498613,0.7506301472894847,-5.595262529106661,6.615999251382275
p408,process,,12,pre,post_odor,2.0,0.911485105752945,0.911485105752945,0.8537314385175705,0.9692387729883194,-0.5561747345621992,2.379144946068089
p408,process,,22,pre,post_odor,2.0,0.15759240090847015,0.15759240090847015,-0.1444474384188652,0.4596322402358055,-7.517967673040395,7.833152474857335
p408,process,,10,pre,post_odor,2.0,0.6132916584610939,0.6132916584610939,0.3381481133401394,0.8884352035820484,-6.378768773826442,7.60535209074863
p408,process,,0,pre,post_odor,2.0,0.461690753698349,0.461690753698349,0.4254363030195236,0.4979452043771744,-0.4596221921470568,1.383003699543755
p408,process,,18,pre,post_odor,2.0,0.13900965452194214,0.13900965452194214,-0.12637180089950562,0.4043911099433899,-6.604972557015922,6.882991866059807
p408,process,,12,post,post_odor,2.0,0.3374546393752098,0.3374546393752098,0.27053726091980934,0.4043720178306103,-1.363077182749598,2.037986461500018
p408,process,,18,post,post_odor,2.0,-0.11119736172258854,-0.11119736172258854,-0.13892426062375307,-0.08347046282142401,-0.815804669997416,0.5934099465522389
p408,process,,40,post,post_odor,2.0,-0.14814233407378197,-0.14814233407378197,-0.25253026001155376,-0.04375440813601017,-2.8008910519737205,2.5046063838261565
p408,process,,32,post,post_odor,2.0,0.28081297874450684,0.28081297874450684,0.21632227301597595,0.3453036844730377,-1.3580512423897084,1.919677199878722
p408,process,,31,post,post_odor,2.0,0.3561990261077881,0.3561990261077881,0.2163974940776825,0.4960005581378937,-3.1964947507030237,3.9088928029186
p408,process,,0,post,post_odor,2.0,0.006085477769374847,0.006085477769374847,-0.03976127505302429,0.05193223059177399,-1.1589909779310221,1.1711619334697718
p408,process,,4,post,post_odor,2.0,0.17113027721643448,0.17113027721643448,-0.031447652727365494,0.37370820716023445,-4.976863028576319,5.319123583009188
p408,process,,2,post,post_odor,2.0,0.2889915406703949,0.2889915406703949,0.2584482580423355,0.3195348232984543,-0.48718686410354595,1.0651699454443357
p408,process,,3,post,post_odor,2.0,0.2812483198940754,0.2812483198940754,0.16549055092036724,0.39700608886778355,-2.6604355048714172,3.222932144659568
p408,process,,21,post,post_odor,2.0,0.8406177163124084,0.8406177163124084,0.8197095394134521,0.8615258932113647,0.30929056363581486,1.3719448689890021
p408,process,,1,post,post_odor,2.0,0.15709248557686806,0.15709248557686806,0.04411878250539303,0.2700661886483431,-2.713841516483071,3.028026487636807
p408,process,,22,post,post_odor,2.0,0.4652467668056488,0.4652467668056488,0.4350558966398239,0.4954376369714737,-0.3019759881748302,1.2324695217861277
p408,process,,10,post,post_odor,1.0,0.05921981856226921,0.05921981856226921,0.05921981856226921,0.05921981856226921,,
p408,process,,30,post,post_odor,2.0,0.4470004439353943,0.4470004439353943,0.4223293513059616,0.47167153656482697,-0.17995146409400986,1.0739523519647984
p408,process,,17,post,post_odor,2.0,0.29087381064891815,0.29087381064891815,0.2898023650050163,0.29194525629282,0.26364579521871995,0.31810182607911636
p408,process,,39,post,post_odor,2.0,0.03187426179647446,0.03187426179647446,-0.002830769866704941,0.06657929345965385,-0.8500642135790909,0.9138127371720398
p427,process,,39,pre,post_odor,2.0,-0.5020835995674133,-0.5020835995674133,-0.5221206247806549,-0.48204657435417175,-1.0112726888940973,0.0071054897592705
p427,process,,17,pre,post_odor,2.0,-0.4663636386394501,-0.4663636386394501,-1.0462851971387863,0.11355791985988617,-15.2035677450676,14.2708404677887
p427,process,,32,pre,post_odor,2.0,0.1090359091758728,0.1090359091758728,-0.37854889035224915,0.5966207087039948,-12.28166866892615,12.499740487277895
p427,process,,30,pre,post_odor,2.0,-0.08530040457844734,-0.08530040457844734,-0.1760877761989832,0.005486967042088509,-2.3924262671178567,2.221825457960962
p427,process,,40,pre,post_odor,2.0,1.2051454186439514,1.2051454186439514,1.1205150783061981,1.2897757589817047,-0.9455154438033229,3.3558062810912257
p427,process,,3,pre,post_odor,2.0,0.14248501835390925,0.14248501835390925,0.07669045892544091,0.2082795777823776,-1.5295132668951545,1.814483303602973
p427,process,,2,pre,post_odor,2.0,0.23255153000354767,0.23255153000354767,0.17892608791589737,0.28617697209119797,-1.1302001624635802,1.5953032224706756
p427,process,,1,pre,post_odor,2.0,-0.36597107350826263,-0.36597107350826263,-0.41318459063768387,-0.3187575563788414,-1.5657803034308968,0.8338381564143715
p427,process,,4,pre,post_odor,2.0,0.4624888449907303,0.4624888449907303,0.4221010133624077,0.5028766766190529,-0.5638632700485071,1.4888409600299677
p427,process,,31,pre,post_odor,2.0,-0.5095006749033928,-0.5095006749033928,-0.6440304182469845,-0.3749709315598011,-3.928225598960814,2.9092242491540286
p427,process,,21,pre,post_odor,2.0,0.7664243243634701,0.7664243243634701,0.40834144689142704,1.1245072018355131,-8.333324382993203,9.866173031720143
p427,process,,12,pre,post_odor,2.0,0.5820314586162567,0.5820314586162567,0.5804791897535324,0.583583727478981,0.5425845666655286,0.6214783505669849
p427,process,,22,pre,post_odor,2.0,0.42244935035705566,0.42244935035705566,0.24988287687301636,0.595015823841095,-3.962880535018674,4.807779235732785
p427,process,,10,pre,post_odor,2.0,0.8442489504814148,0.8442489504814148,0.818349152803421,0.8701487481594086,0.1860726866372331,1.5024252143255965
p427,process,,0,pre,post_odor,2.0,0.7669312916696072,0.7669312916696072,0.35020517744123936,1.183657405897975,-9.823083360922718,11.356945944261932
p427,process,,18,pre,post_odor,2.0,0.930597797036171,0.930597797036171,0.5566050037741661,1.3045905902981758,-8.573460205045608,10.43465579911795
p427,process,,12,post,post_odor,2.0,0.32285019010305405,0.32285019010305405,0.27276721969246864,0.37293316051363945,-0.9498787615623006,1.5955791417684086
p427,process,,18,post,post_odor,2.0,0.12584279663860798,0.12584279663860798,0.04440947901457548,0.20727611426264048,-1.9435740155151913,2.1952596087924072
p427,process,,40,post,post_odor,2.0,0.07170356996357441,0.07170356996357441,0.05569401290267706,0.08771312702447176,-0.3351378495388915,0.4785449894660403
p427,process,,32,post,post_odor,2.0,0.06783652305603027,0.06783652305603027,0.06629227846860886,0.06938076764345169,0.028593547275017978,0.10707949883704257
p427,process,,31,post,post_odor,2.0,0.099817655980587,0.099817655980587,-0.06678416952490807,0.2664194814860821,-4.133936152605955,4.333571464567129
p427,process,,0,post,post_odor,2.0,0.05321189761161804,0.05321189761161804,-0.10430964827537537,0.21073344349861145,-3.949790127186132,4.056213922409368
p427,process,,4,post,post_odor,2.0,-0.1760164313018322,-0.1760164313018322,-0.20918290875852108,-0.14284995384514332,-1.0188565371866551,0.6668236745829907
p427,process,,2,post,post_odor,2.0,-0.11165575496852398,-0.11165575496852398,-0.1968197738751769,-0.026491736061871052,-2.275878675735293,2.052567165798245
p427,process,,3,post,post_odor,2.0,0.09908956103026867,0.09908956103026867,0.07991970051079988,0.11825942154973745,-0.3880627840182964,0.5862419060788338
p427,process,,21,post,post_odor,2.0,0.8842069506645203,0.8842069506645203,0.830407977104187,0.9380059242248535,-0.4829545946427667,2.251368495971807
p427,process,,1,post,post_odor,2.0,0.10964319109916687,0.10964319109916687,0.07216749340295792,0.14711888879537582,-0.8427045840188757,1.0619909662172096
p427,process,,22,post,post_odor,2.0,0.09445923008024693,0.09445923008024693,0.07319439109414816,0.11572406906634569,-0.4459315655980738,0.6348500257585676
p427,process,,10,post,post_odor,1.0,0.2823311984539032,0.2823311984539032,0.2823311984539032,0.2823311984539032,,
p427,process,,30,post,post_odor,2.0,-0.04242023825645447,-0.04242023825645447,-0.2753075510263443,0.19046707451343536,-5.960647991279997,5.875807514767088
p427,process,,17,post,post_odor,2.0,0.28829286247491837,0.28829286247491837,0.22035011276602745,0.3562356121838093,-1.4382961138047647,2.0148818387546017
p427,process,,39,post,post_odor,2.0,0.29925484576961026,0.29925484576961026,0.1502435374131892,0.4482661541260313,-3.48748153819428,4.085991229733501
p446,process,,39,pre,post_odor,2.0,0.34260134398937225,0.34260134398937225,0.30945616215467453,0.37574652582407,-0.4996975888294428,1.1849002768081873
p446,process,,17,pre,post_odor,2.0,0.9228509142994881,0.9228509142994881,0.3629230074584484,1.4827788211405277,-13.306266329340515,15.151968157939491
p446,process,,32,pre,post_odor,2.0,1.1074622571468353,1.1074622571468353,1.0033198148012161,1.2116046994924545,-1.5390481311905782,3.753972645484249
p446,process,,30,pre,post_odor,2.0,0.10944780334830284,0.10944780334830284,0.10530346445739269,0.11359214223921299,0.004130166460311821,0.21476544023629385
p446,process,,40,pre,post_odor,2.0,0.6884409599006176,0.6884409599006176,0.30619156546890736,1.0706903543323278,-9.025437171955593,10.402319091756828
p446,process,,3,pre,post_odor,2.0,1.0132586434483528,1.0132586434483528,0.45930222794413567,1.56721505895257,-13.064108617179729,15.090625904076434
p446,process,,2,pre,post_odor,2.0,0.1891922987997532,0.1891922987997532,0.03323078714311123,0.34515381045639515,-3.7741654973454244,4.152550094944931
p446,process,,1,pre,post_odor,2.0,0.27200403437018394,0.27200403437018394,0.19580058194696903,0.34820748679339886,-1.6645093018152484,2.208517370555616
p446,process,,4,pre,post_odor,2.0,0.3856605887413025,0.3856605887413025,-0.07383498549461365,0.8451561629772186,-11.291229094474115,12.06255027195672
p446,process,,31,pre,post_odor,2.0,0.550211951136589,0.550211951136589,0.45933524519205093,0.6410886570811272,-1.7591841118243008,2.859608014097479
p446,process,,21,pre,post_odor,2.0,0.6577584445476532,0.6577584445476532,0.47834958136081696,0.8371673077344894,-3.90145304972494,5.216969938820246
p446,process,,12,pre,post_odor,2.0,0.8299741446971893,0.8299741446971893,0.5131333023309708,1.146814987063408,-7.2217150790772635,8.881663368471642
p446,process,,22,pre,post_odor,2.0,0.7663160944357514,0.7663160944357514,0.394198892172426,1.138433296699077,-8.690078621184933,10.222710810056435
p446,process,,10,pre,post_odor,2.0,0.05775927007198334,0.05775927007198334,-0.1377277746796608,0.25324631482362747,-4.9100375576962865,5.025556097840253
p446,process,,0,pre,post_odor,2.0,0.32803988456726074,0.32803988456726074,0.2955712825059891,0.3605084866285324,-0.49706552600854226,1.1531452951430636
p446,process,,18,pre,post_odor,2.0,0.5404822947457433,0.5404822947457433,0.2641185107640922,0.8168460787273943,-6.482587347123887,7.563551936615373
p446,process,,12,post,post_odor,2.0,0.19218002259731293,0.19218002259731293,0.1781109794974327,0.20624906569719315,-0.16534826154097487,0.5497083067356008
p446,process,,18,post,post_odor,2.0,0.3103865720331669,0.3103865720331669,0.21422781608998775,0.406545327976346,-2.1332391083466113,2.754012252412945
p446,process,,40,post,post_odor,2.0,0.19839491695165634,0.19839491695165634,0.15427473559975624,0.24251509830355644,-0.9228051975571425,1.3195950314604552
p446,process,,32,post,post_odor,2.0,0.08711058832705021,0.08711058832705021,0.017467393539845943,0.15675378311425447,-1.682690794567973,1.8569119712220734
p446,process,,31,post,post_odor,2.0,0.11733013391494751,0.11733013391494751,-0.0120658278465271,0.24672609567642212,-3.170933030436109,3.405593298266004
p446,process,,0,post,post_odor,2.0,-0.06561513617634773,-0.06561513617634773,-0.15793138183653355,0.02670110948383808,-2.4115933718429865,2.280363099490291
p446,process,,4,post,post_odor,2.0,-0.2793361395597458,-0.2793361395597458,-0.28155244141817093,-0.27711983770132065,-0.33565770990037436,-0.2230145692191172
p446,process,,2,post,post_odor,2.0,-0.2949860990047455,-0.2949860990047455,-0.3620418906211853,-0.22793030738830566,-1.9990353330542472,1.4090631350447562
p446,process,,3,post,post_odor,2.0,0.2174323946237564,0.2174323946237564,0.21243341267108917,0.22243137657642365,0.0903962182976919,0.3444685709498209
p446,process,,21,post,post_odor,2.0,0.33875445649027824,0.33875445649027824,0.12903121300041676,0.5484776999801397,-4.990818482943315,5.668327395923871
p446,process,,1,post,post_odor,2.0,0.2729297764599323,0.2729297764599323,0.185828922316432,0.36003063060343266,-1.9405127944260774,2.486372347345942
p446,process,,22,post,post_odor,2.0,0.13798383623361588,0.13798383623361588,0.1350034512579441,0.14096422120928764,0.06224507284660684,0.2137225996206249
p446,process,,10,post,post_odor,1.0,-0.3555394411087036,-0.3555394411087036,-0.3555394411087036,-0.3555394411087036,,
p446,process,,30,post,post_odor,2.0,-0.13405334949493408,-0.13405334949493408,-0.13504140824079514,-0.13306529074907303,-0.15916230292749117,-0.10894439606237699
p446,process,,17,post,post_odor,2.0,-0.014650881290435791,-0.014650881290435791,-0.07068762183189392,0.04138585925102234,-1.4386794774257714,1.4093777148448998
p446,process,,39,post,post_odor,2.0,0.2978086620569229,0.2978086620569229,0.20324363559484482,0.392373688519001,-2.1053165121609605,2.7009338362748063
p465,process,,39,pre,post_odor,2.0,1.3696854710578918,1.3696854710578918,1.368430882692337,1.3709400594234467,1.3378033577931674,1.4015675843226163
p465,process,,17,pre,post_odor,2.0,1.0308679938316345,1.0308679938316345,0.934777170419693,1.126958817243576,-1.4110313572478406,3.4727673449111096
p465,process,,32,pre,post_odor,2.0,1.4996039867401123,1.4996039867401123,1.2744148969650269,1.7247930765151978,-4.222993371330006,7.22220134481023
p465,process,,30,pre,post_odor,2.0,1.02951318025589,1.02951318025589,0.9658122360706329,1.0932141244411469,-0.5892812971551333,2.648307657666913
p465,process,,40,pre,post_odor,2.0,1.396899789571762,1.396899789571762,1.1007732897996902,1.693026289343834,-6.1283880782497056,8.92218765739323
p465,process,,3,pre,post_odor,2.0,1.5558586716651917,1.5558586716651917,0.9675343930721283,2.144182950258255,-13.394878798466289,16.50659614179667
p465,process,,2,pre,post_odor,2.0,1.0530098006129265,1.0530098006129265,0.6232810206711292,1.4827385805547237,-9.867433917321147,11.973453518547
p465,process,,1,pre,post_odor,2.0,0.7294800877571106,0.7294800877571106,0.6078099012374878,0.8511502742767334,-2.362452512656669,3.82141268817089
p465,process,,4,pre,post_odor,2.0,0.8380628228187561,0.8380628228187561,0.6270265281200409,1.0490991175174713,-4.524877911592391,6.201003557229903
p465,process,,31,pre,post_odor,2.0,2.1336774230003357,2.1336774230003357,1.7266563475131989,2.5406984984874725,-8.209708811154815,12.477063657155487
p465,process,,21,pre,post_odor,2.0,2.377918839454651,2.377918839454651,2.0310277342796326,2.724809944629669,-6.437419967568731,11.193257646478033
p465,process,,12,pre,post_odor,2.0,1.503573626279831,1.503573626279831,1.0366842299699783,1.9704630225896835,-10.361210891044156,13.368358143603817
p465,process,,22,pre,post_odor,2.0,1.085139274597168,1.085139274597168,0.7860171794891357,1.3842613697052002,-6.516273888515183,8.68655243770952
p465,process,,10,pre,post_odor,2.0,0.9815755933523178,0.9815755933523178,0.7388660684227943,1.2242851182818413,-5.1862582369961245,7.14940942370076
p465,process,,0,pre,post_odor,2.0,1.0072446763515472,1.0072446763515472,0.8998693376779556,1.1146200150251389,-1.7214213972539554,3.73591074995705
p465,process,,18,pre,post_odor,2.0,0.19447460025548935,0.19447460025548935,0.16882142052054405,0.22012777999043465,-0.45743450743671576,0.8463837079476945
p465,process,,12,post,post_odor,2.0,0.10004103183746338,0.10004103183746338,0.07799981534481049,0.12208224833011627,-0.4600793869425325,0.6601614506174592
p465,process,,18,post,post_odor,2.0,0.25153736770153046,0.25153736770153046,0.21693026274442673,0.2861444726586342,-0.6279125541209618,1.1309872895240227
p465,process,,40,post,post_odor,2.0,-0.09060605242848396,-0.09060605242848396,-0.15257769264280796,-0.028634412214159966,-1.6654547492279992,1.4842426443710313
p465,process,,32,post,post_odor,2.0,-0.04607992619276047,-0.04607992619276047,-0.1317833624780178,0.03962351009249687,-2.224010742261126,2.1318508898756052
p465,process,,31,post,post_odor,2.0,0.07315211370587349,0.07315211370587349,0.00015373341739177704,0.1461504939943552,-1.7819126170033017,1.9282168444150487
p465,process,,0,post,post_odor,2.0,0.08949007838964462,0.08949007838964462,-0.03804027661681175,0.217020433396101,-3.1513635231885075,3.330343679967797
p465,process,,4,post,post_odor,2.0,0.43322882056236267,0.43322882056236267,0.40194275975227356,0.4645148813724518,-0.3618253675204448,1.2282830086451701
p465,process,,2,post,post_odor,2.0,-0.025352634489536285,-0.025352634489536285,-0.07399015128612518,0.023284882307052612,-1.2613491270427244,1.2106438580636518
p465,process,,3,post,post_odor,2.0,0.004375964403152466,0.004375964403152466,-0.0964130386710167,0.10516496747732162,-2.5569154520275155,2.5656673808338204
p465,process,,21,post,post_odor,2.0,2.2176896929740906,2.2176896929740906,2.0780010521411896,2.3573783338069916,-1.3321352465075336,5.767514632455715
p465,process,,1,post,post_odor,2.0,-0.21094688773155212,-0.21094688773155212,-0.2198546901345253,-0.20203908532857895,-0.4373156098946843,0.015421834431580045
p465,process,,22,post,post_odor,2.0,-0.22946546971797943,-0.22946546971797943,-0.28019779175519943,-0.17873314768075943,-1.5186960108109087,1.0597650713749498
p465,process,,10,post,post_odor,1.0,-0.1559416651725769,-0.1559416651725769,-0.1559416651725769,-0.1559416651725769,,
p465,process,,30,post,post_odor,2.0,0.2752738711424172,0.2752738711424172,0.14266918855719268,0.4078785537276417,-3.094530620664226,3.6450783629490604
p465,process,,17,post,post_odor,2.0,0.13615399226546288,0.13615399226546288,0.10410476662218571,0.16820321790874004,-0.6782940530532166,0.9506020375841423
p465,process,,39,post,post_odor,2.0,-0.056518103927373886,-0.056518103927373886,-0.10077306441962719,-0.012263143435120583,-1.1811432811391596,1.0681070732844118
p484,process,,39,pre,post_odor,2.0,0.7403099834918976,0.7403099834918976,0.7312429696321487,0.7493769973516464,0.509895314596493,0.9707246523873022
p484,process,,17,pre,post_odor,2.0,0.7302263975143433,0.7302263975143433,0.5952647924423218,0.8651880025863647,-2.6994731736213726,4.159925968650059
p484,process,,32,pre,post_odor,2.0,0.9147408902645111,0.9147408902645111,0.893197312951088,0.9362844675779343,0.3672666820765851,1.4622150984524371
p484,process,,30,pre,post_odor,2.0,0.34636455215513706,0.34636455215513706,0.1524844979867339,0.5402446063235402,-4.580594772893604,5.273323877203878
p484,process,,40,pre,post_odor,2.0,1.0945634618401527,1.0945634618401527,0.6629485748708248,1.5261783488094807,-9.873810780186206,12.062937703866512
p484,process,,3,pre,post_odor,2.0,0.9631206095218658,0.9631206095218658,0.7517825812101364,1.1744586378335953,-4.40748790301477,6.333729122058502
p484,process,,2,pre,post_odor,2.0,0.4882793128490448,0.4882793128490448,0.46240703761577606,0.5141515880823135,-0.16919753936010407,1.1457561650581938
p484,process,,1,pre,post_odor,2.0,0.2245254572480917,0.2245254572480917,0.11766629759222269,0.3313846169039607,-2.491023263798009,2.9400741782941924
p484,process,,4,pre,post_odor,2.0,0.4111277759075165,0.4111277759075165,0.009924188256263733,0.8123313635587692,-9.784422075261736,10.606677627076769
p484,process,,31,pre,post_odor,2.0,0.6285076439380646,0.6285076439380646,0.33050237596035004,0.9265129119157791,-6.944524250828825,8.201539538704953
p484,process,,21,pre,post_odor,2.0,0.44148408994078636,0.44148408994078636,0.2630751673132181,0.6198930125683546,-4.092316505391677,4.97528468527325
p484,process,,12,pre,post_odor,2.0,0.3757254299707711,0.3757254299707711,0.19375372189097106,0.5576971380505711,-4.248614128135936,5.000064988077479
p484,process,,22,pre,post_odor,2.0,0.6775966137647629,0.6775966137647629,0.4031227305531502,0.9520704969763756,-6.297446095874544,7.6526393234040695
p484,process,,10,pre,post_odor,2.0,0.5443240432068706,0.5443240432068706,0.25695127667859197,0.8316968097351491,-6.758510371011604,7.847158457425345
p484,process,,0,pre,post_odor,2.0,0.2736513055860996,0.2736513055860996,0.17905828915536404,0.3682443220168352,-2.1301851611764264,2.6774877723486257
p484,process,,18,pre,post_odor,2.0,-0.007904469966888428,-0.007904469966888428,-0.3219073414802551,0.30609840154647827,-7.987474016358076,7.9716650764243
p484,process,,12,post,post_odor,2.0,0.10483421385288239,0.10483421385288239,-0.12151268869638443,0.3311811164021492,-5.647185956527049,5.856854384232814
p484,process,,18,post,post_odor,2.0,0.07527641206979752,0.07527641206979752,0.015791986137628555,0.13476083800196648,-1.4363661769461185,1.5869190010857135
p484,process,,40,post,post_odor,2.0,-0.14427450299263,-0.14427450299263,-0.24135363101959229,-0.047195374965667725,-2.611289055632425,2.322740049647165
p484,process,,32,post,post_odor,2.0,-0.07015132158994675,-0.07015132158994675,-0.08350565657019615,-0.05679698660969734,-0.4095171503389635,0.26921450715907
p484,process,,31,post,post_odor,2.0,-0.07871121354401112,-0.07871121354401112,-0.09347106609493494,-0.06395136099308729,-0.45379463031958794,0.2963722032315657
p484,process,,0,post,post_odor,2.0,-0.11882913112640381,-0.11882913112640381,-0.24969732761383057,0.01203906536102295,-3.4445053271727684,3.2068470649199607
p484,process,,4,post,post_odor,2.0,-0.023093171417713165,-0.023093171417713165,-0.112138282507658,0.06595193967223167,-2.2859439959462304,2.239757653110804
p484,process,,2,post,post_odor,2.0,-0.27919329702854156,-0.27919329702854156,-0.30815698951482773,-0.2502296045422554,-1.0152305103212549,0.45684391626417165
p484,process,,3,post,post_odor,2.0,0.0428535770624876,0.0428535770624876,-0.003445918671786785,0.08915307279676199,-1.1337281669001869,1.219435321025162
p484,process,,21,post,post_odor,2.0,0.3705721292644739,0.3705721292644739,0.17818775679916143,0.5629565017297864,-4.518378319905026,5.259522578433974
p484,process,,1,post,post_odor,2.0,-0.005867641419172287,-0.005867641419172287,-0.04963776655495167,0.037902483716607094,-1.1181719840255704,1.1064367011872258
p484,process,,22,post,post_odor,2.0,0.1371312364935875,0.1371312364935875,-0.018854346126317978,0.29311681911349297,-3.8268382608264355,4.1011007338136105
p484,process,,10,post,post_odor,1.0,0.09487415850162506,0.09487415850162506,0.09487415850162506,0.09487415850162506,,
p484,process,,30,post,post_odor,2.0,0.0839531309902668,0.0839531309902668,0.01642271690070629,0.1514835450798273,-1.6321574036909572,1.8000636656714908
p484,process,,17,post,post_odor,2.0,0.08382967114448547,0.08382967114448547,-0.028258532285690308,0.19591787457466125,-2.764601651443139,2.93226099373211
p484,process,,39,post,post_odor,2.0,0.34867776930332184,0.34867776930332184,0.21103768795728683,0.48631785064935684,-3.1490883376695984,3.846443876276242
p503,process,,39,pre,post_odor,2.0,0.06116783618927002,0.06116783618927002,-0.031029149889945984,0.15336482226848602,-2.281779726172263,2.404115398550803
p503,process,,17,pre,post_odor,2.0,-0.4440919756889343,-0.4440919756889343,-1.1196256577968597,0.2314417064189911,-17.61103051777944,16.72284656640157
p503,process,,32,pre,post_odor,2.0,0.4554150328040123,0.4554150328040123,0.29708725586533546,0.6137428097426891,-3.5680752656084396,4.478905331216464
p503,process,,30,pre,post_odor,2.0,0.5636504832655191,0.5636504832655191,0.30408310052007437,0.8232178660109639,-6.032582132727761,7.159883099258799
p503,process,,40,pre,post_odor,2.0,0.5641255006194115,0.5641255006194115,0.3861265517771244,0.7421244494616985,-3.959256673008558,5.087507674247381
p503,process,,3,pre,post_odor,2.0,0.7354139015078545,0.7354139015078545,0.4233717806637287,1.0474560223519802,-7.194328246003398,8.665156049019107
p503,process,,2,pre,post_odor,2.0,0.5048391222953796,0.5048391222953796,0.3788216710090637,0.6308565735816956,-2.6975679504543226,3.707246195045082
p503,process,,1,pre,post_odor,2.0,0.3820313587784767,0.3820313587784767,0.23910536989569664,0.5249573476612568,-3.250062394951186,4.01412511250814
p503,process,,4,pre,post_odor,2.0,0.42564885318279266,0.42564885318279266,0.02404511719942093,0.8272525891661644,-9.780069731251945,10.63136743761753
p503,process,,31,pre,post_odor,2.0,1.4749233722686768,1.4749233722686768,1.413974404335022,1.5358723402023315,-0.0739367577784511,3.023783502315805
p503,process,,21,pre,post_odor,2.0,0.5309404544532299,0.5309404544532299,0.31851247139275074,0.7433684375137091,-4.867366434464966,5.929247343371426
p503,process,,12,pre,post_odor,2.0,0.7456908673048019,0.7456908673048019,0.5897475555539131,0.9016341790556908,-3.2172044253830183,4.708586159992622
p503,process,,22,pre,post_odor,2.0,1.0076537430286407,1.0076537430286407,0.6736380308866501,1.3416694551706314,-7.480490304122007,9.495797790179289
p503,process,,10,pre,post_odor,2.0,0.03438979387283325,0.03438979387283325,-0.13284219801425934,0.20162178575992584,-4.2153780608385745,4.284157648584241
p503,process,,0,pre,post_odor,2.0,0.3662797808647156,0.3662797808647156,0.3190009295940399,0.41355863213539124,-0.8351897470080005,1.5677493087374317
p503,process,,18,pre,post_odor,2.0,0.3057780936360359,0.3057780936360359,0.05359191820025444,0.5579642690718174,-6.102880259803782,6.714436447075854
p503,process,,12,post,post_odor,2.0,-0.057798083347734064,-0.057798083347734064,-0.08625466164085083,-0.0293415050546173,-0.7809483031143863,0.6653521364189182
p503,process,,18,post,post_odor,2.0,0.1463986374437809,0.1463986374437809,0.10683015547692776,0.18596711941063404,-0.8591318284971639,1.1519291033847257
p503,process,,40,post,post_odor,2.0,0.09898472856730223,0.09898472856730223,0.03868431644514203,0.15928514068946242,-1.4333940356324533,1.6313634927670577
p503,process,,32,post,post_odor,2.0,-0.18267569318413734,-0.18267569318413734,-0.23651144094765186,-0.12883994542062283,-1.550771759600686,1.1854203732324113
p503,process,,31,post,post_odor,2.0,0.09215623699128628,0.09215623699128628,0.02980921510607004,0.15450325887650251,-1.4922318125373575,1.67654428651993
p503,process,,0,post,post_odor,2.0,0.1165957860648632,0.1165957860648632,0.06865190900862217,0.16453966312110424,-1.101773649380311,1.3349652215100374
p503,process,,4,post,post_odor,2.0,0.12837716564536095,0.12837716564536095,0.11381723918020725,0.14293709211051464,-0.2416256475744213,0.4983799788651432
p503,process,,2,post,post_odor,2.0,0.24289633333683014,0.24289633333683014,0.16040528565645218,0.3253873810172081,-1.8533999481200318,2.339192614793692
p503,process,,3,post,post_odor,2.0,0.11970952153205872,0.11970952153205872,-0.11451737582683563,0.35393641889095306,-5.832560303590115,6.071979346654232
p503,process,,21,post,post_odor,2.0,0.06665076105855405,0.06665076105855405,0.029757600859738886,0.10354392125736922,-0.87089333264272,1.004194854759828
p503,process,,1,post,post_odor,2.0,-0.03407403314486146,-0.03407403314486146,-0.04839128744788468,-0.01975677884183824,-0.3979099620130437,0.32976189572332076
p503,process,,22,post,post_odor,2.0,0.04380962252616882,0.04380962252616882,0.036966005340218544,0.0506532397121191,-0.13010317967520713,0.21772242472754477
p503,process,,10,post,post_odor,1.0,-0.030983462929725647,-0.030983462929725647,-0.030983462929725647,-0.030983462929725647,,
p503,process,,30,post,post_odor,2.0,-0.13559466041624546,-0.13559466041624546,-0.17911506164819002,-0.0920742591843009,-1.2415529169233592,0.9703635960908683
p503,process,,17,post,post_odor,2.0,0.25526919960975647,0.25526919960975647,0.25314101576805115,0.2573973834514618,0.20118692039190322,0.3093514788276097
p503,process,,39,post,post_odor,2.0,-0.015110395848751068,-0.015110395848751068,-0.11501521989703178,0.08479442819952965,-2.553932692826679,2.5237119011291766
p522,process,,39,pre,post_odor,2.0,0.2050749734044075,0.2050749734044075,0.17146801576018333,0.23868193104863167,-0.6489587953705193,1.0591087421793342
p522,process,,17,pre,post_odor,2.0,0.7018681466579437,0.7018681466579437,0.1856837421655655,1.218052551150322,-12.415621303543197,13.819357596859085
p522,process,,32,pre,post_odor,2.0,0.39360806345939636,0.39360806345939636,0.3268898278474808,0.46032629907131195,-1.3018630591832856,2.0890791861020785
p522,process,,30,pre,post_odor,2.0,0.4226246476173401,0.4226246476173401,0.2864457666873932,0.558803528547287,-3.038008836060782,3.883258131295462
p522,process,,40,pre,post_odor,2.0,0.39311110228300095,0.39311110228300095,0.31054871156811714,0.47567349299788475,-1.7049981775797232,2.491220382145725
p522,process,,3,pre,post_odor,2.0,1.2064393311738968,1.2064393311738968,0.7531398460268974,1.6597388163208961,-10.31299279898681,12.725871461334604
p522,process,,2,pre,post_odor,2.0,0.6261549443006516,0.6261549443006516,0.36270249634981155,0.8896073922514915,-6.068806539518909,7.321116428120212
p522,process,,1,pre,post_odor,2.0,0.14680934138596058,0.14680934138596058,0.06999531667679548,0.22362336609512568,-1.8052201077425065,2.098838790514428
p522,process,,4,pre,post_odor,2.0,0.4041280746459961,0.4041280746459961,0.07207381725311279,0.7361823320388794,-8.034170681258853,8.842426830550846
p522,process,,31,pre,post_odor,2.0,1.122838705778122,1.122838705778122,0.8846287876367569,1.361048623919487,-4.930649274405075,7.176326685961319
p522,process,,21,pre,post_odor,2.0,1.108091652393341,1.108091652393341,1.1043719351291656,1.1118113696575165,1.0135646741547482,1.202618630631934
p522,process,,12,pre,post_odor,2.0,0.4786561280488968,0.4786561280488968,0.4539678916335106,0.503344364464283,-0.14873144488906453,1.106043700986858
p522,process,,22,pre,post_odor,2.0,0.7808540612459183,0.7808540612459183,0.5471143051981926,1.014593817293644,-5.15903632940594,6.720744451897777
p522,process,,10,pre,post_odor,2.0,0.0021582096815109253,0.0021582096815109253,-0.2120383009314537,0.21635472029447556,-5.441091225563577,5.445407644926599
p522,process,,0,pre,post_odor,2.0,0.32055105827748775,0.32055105827748775,0.13508096430450678,0.5060211522504687,-4.392690914639025,5.0337930311940005
p522,process,,18,pre,post_odor,2.0,0.12872987985610962,0.12872987985610962,-0.21102455258369446,0.4684843122959137,-8.505248877349858,8.762708637062078
p522,process,,12,post,post_odor,2.0,0.283182330429554,0.283182330429554,0.22870361432433128,0.3376610465347767,-1.1012531107642405,1.6676177716233485
p522,process,,18,post,post_odor,2.0,0.13723935233429074,0.13723935233429074,0.07286655227653682,0.20161215239204466,-1.4986286016150283,1.7731073062836098
p522,process,,40,post,post_odor,2.0,0.1673914510756731,0.1673914510756731,0.11266723554581404,0.22211566660553217,-1.223282722022207,1.558065624173553
p522,process,,32,post,post_odor,2.0,-0.12526990254991688,-0.12526990254991688,-0.18744194398459513,-0.06309786111523863,-1.705211277219833,1.4546714721199991
p522,process,,31,post,post_odor,2.0,0.1354744229465723,0.1354744229465723,0.08507615234702826,0.18587269354611635,-1.1452670662273086,1.4162159121204532
p522,process,,0,post,post_odor,2.0,-0.00013784319162368774,-0.00013784319162368774,-0.11003247275948524,0.10975678637623787,-2.792825168582276,2.7925494821990284
p522,process,,4,post,post_odor,2.0,0.010374702513217926,0.010374702513217926,-0.06271881982684135,0.0834682248532772,-1.847107816968686,1.867857221995122
p522,process,,2,post,post_odor,2.0,-0.02258901484310627,-0.02258901484310627,-0.0573352063074708,0.012157176621258259,-0.9055734599401889,0.8603954302539764
p522,process,,3,post,post_odor,2.0,0.06097898492589593,0.06097898492589593,0.025389278074726462,0.0965686917770654,-0.8434412185769009,0.9653991884286928
p522,process,,21,post,post_odor,2.0,0.5960558503866196,0.5960558503866196,0.4178512468934059,0.7742604538798332,-3.932552503440589,5.124664204213828
p522,process,,1,post,post_odor,2.0,-0.01826249435544014,-0.01826249435544014,-0.07864962704479694,0.042124638333916664,-1.55284503711847,1.5163200484075898
p522,process,,22,post,post_odor,2.0,0.14160355739295483,0.14160355739295483,0.07897674757987261,0.20423036720603704,-1.449894577524039,1.7331016923099487
p522,process,,10,post,post_odor,1.0,0.12141671776771545,0.12141671776771545,0.12141671776771545,0.12141671776771545,,
p522,process,,30,post,post_odor,2.0,0.030554470606148243,0.030554470606148243,0.020834350492805243,0.04027459071949124,-0.21645720183454323,0.2775661430468397
p522,process,,17,post,post_odor,2.0,0.3478683680295944,0.3478683680295944,0.28488578647375107,0.4108509495854378,-1.252670784093137,1.9484075201523259
p522,process,,39,post,post_odor,2.0,0.06030215322971344,0.06030215322971344,-0.020319566130638123,0.140923872590065,-1.9884899915203782,2.109094297979805
p541,process,,39,pre,post_odor,2.0,0.4597581513226032,0.4597581513226032,0.2817093264311552,0.6378069762140512,-4.064891492889507,4.984407795534714
p541,process,,17,pre,post_odor,2.0,0.6021841019392014,0.6021841019392014,0.10943383723497391,1.0949343666434288,-11.919787392333175,13.124155596211578
p541,process,,32,pre,post_odor,2.0,1.1339152157306671,1.1339152157306671,0.8177527040243149,1.4500777274370193,-6.900535991557611,9.168366423018945
p541,process,,30,pre,post_odor,2.0,0.31823012791574,0.31823012791574,0.18788924161344767,0.44857101421803236,-2.9940458457870487,3.6305061016185287
p541,process,,40,pre,post_odor,2.0,0.7314527332782745,0.7314527332782745,0.3197622150182724,1.1431432515382767,-9.730595292628632,11.19350075918518
p541,process,,3,pre,post_odor,2.0,0.6140732672065496,0.6140732672065496,0.2901458600535989,0.9380006743595004,-7.617702642680673,8.845849177093772
p541,process,,2,pre,post_odor,2.0,0.7565122842788696,0.7565122842788696,0.6231386065483093,0.8898859620094299,-2.6328342270432956,4.145858795601034
p541,process,,1,pre,post_odor,2.0,-0.17997564375400543,-0.17997564375400543,-0.19336161762475967,-0.1665896698832512,-0.5201454929437819,0.160194205435771
p541,process,,4,pre,post_odor,2.0,0.8343080580234528,0.8343080580234528,0.5513548105955124,1.1172613054513931,-6.356215727146358,8.024831843193263
p541,process,,31,pre,post_odor,2.0,0.34286535903811455,0.34286535903811455,0.11007125861942768,0.5756594594568014,-5.572993643548777,6.258724361625006
p541,process,,21,pre,post_odor,2.0,0.45028525590896606,0.45028525590896606,0.1588192880153656,0.7417512238025665,-6.956567267457849,7.8571377792757815
p541,process,,12,pre,post_odor,2.0,0.472571711987257,0.472571711987257,0.20451227016746998,0.740631153807044,-6.339464586466587,7.284608010441101
p541,process,,22,pre,post_odor,2.0,0.8254204988479614,0.8254204988479614,-0.06384867429733276,1.7146896719932556,-21.77305186025782,23.423892857953742
p541,process,,10,pre,post_odor,2.0,0.42981526255607605,0.42981526255607605,-0.033365413546562195,0.8929959386587143,-11.3407217382438,12.200352263355953
p541,process,,0,pre,post_odor,2.0,0.10363805294036865,0.10363805294036865,-0.07597768306732178,0.2832537889480591,-4.46083057816447,4.668106684045207
p541,process,,18,pre,post_odor,2.0,-0.15861135721206665,-0.15861135721206665,-0.37828129529953003,0.06105858087539673,-5.740953772656324,5.423731058232191
p541,process,,12,post,post_odor,2.0,0.1718864282593131,0.1718864282593131,0.08728412399068475,0.25648873252794147,-1.9780619701193634,2.3218348266379896
p541,process,,18,post,post_odor,2.0,0.19134560879319906,0.19134560879319906,0.08288998389616609,0.29980123369023204,-2.564773140669734,2.947464358256132
p541,process,,40,post,post_odor,2.0,-0.061350902542471886,-0.061350902542471886,-0.0671660853549838,-0.055535719729959965,-0.2091287093305932,0.08642690424564942
p541,process,,32,post,post_odor,2.0,0.16805510222911835,0.16805510222911835,0.12475805729627609,0.2113521471619606,-0.9322271325469793,1.268337337005216
p541,process,,31,post,post_odor,2.0,-0.07684150571003556,-0.07684150571003556,-0.11727139470167458,-0.036411616718396544,-1.1042623996871972,0.9505793882671261
p541,process,,0,post,post_odor,2.0,-0.04304096847772598,-0.04304096847772598,-0.1460394226014614,0.059957485646009445,-2.6604798596890835,2.5743979227336315
p541,process,,4,post,post_odor,2.0,0.048070840537548065,0.048070840537548065,0.03529925271868706,0.06084242835640907,-0.2764859787274174,0.37262765980251356
p541,process,,2,post,post_odor,2.0,-0.15089877136051655,-0.15089877136051655,-0.19757723901420832,-0.10422030370682478,-1.3371111049179478,1.0353135621969147
p541,process,,3,post,post_odor,2.0,-0.041030142456293106,-0.041030142456293106,-0.04271550662815571,-0.039344778284430504,-0.08385930690169258,0.0017990219891063641
p541,process,,21,post,post_odor,2.0,0.148202333599329,0.148202333599329,0.12370355986058712,0.17270110733807087,-0.47437053622001935,0.7707752034186773
p541,process,,1,post,post_odor,2.0,-0.42656850069761276,-0.42656850069761276,-0.5211944244801998,-0.3319425769150257,-2.831241222560039,1.9781042211648137
p541,process,,22,post,post_odor,2.0,0.06651921756565571,0.06651921756565571,0.041137213818728924,0.09190122131258249,-0.5784986548799542,0.7115370900112656
p541,process,,10,post,post_odor,1.0,0.07261925935745239,0.07261925935745239,0.07261925935745239,0.07261925935745239,,
p541,process,,30,post,post_odor,2.0,0.08830007910728455,0.08830007910728455,0.08013268932700157,0.09646746888756752,-0.1192529743095481,0.29585313252411716
p541,process,,17,post,post_odor,2.0,0.14633391983807087,0.14633391983807087,0.08867971133440733,0.2039881283417344,-1.318798434461235,1.6114662741373766
p541,process,,39,post,post_odor,2.0,0.07107683591311797,0.07107683591311797,0.035136730555677786,0.10701694127055816,-0.8422478379095301,0.984401509735766
p560,process,,39,pre,post_odor,2.0,0.81601382791996,0.81601382791996,0.6404766663908958,0.9915509894490242,-3.6448083984705546,5.276836054310475
p560,process,,17,pre,post_odor,2.0,1.4308301657438278,1.4308301657438278,0.8435679748654366,2.018092356622219,-13.492917096486856,16.35457742797451
p560,process,,32,pre,post_odor,2.0,1.409306824207306,1.409306824207306,1.38123819231987,1.4373754560947418,0.6960152573551415,2.12259839105947
p560,process,,30,pre,post_odor,2.0,0.40836209058761597,0.40836209058761597,0.40051427483558655,0.4162099063396454,0.20893018323349083,0.607793997941741
p560,process,,40,pre,post_odor,2.0,0.7325814217329025,0.7325814217329025,0.3417658880352974,1.1233969554305077,-9.1989829487454,10.664145792211205
p560,process,,3,pre,post_odor,2.0,1.2920177578926086,1.2920177578926086,1.0787758529186249,1.5052596628665924,-4.126972847970085,6.711008363755302
p560,process,,2,pre,post_odor,2.0,0.7167944386601448,0.7167944386601448,0.481549721211195,0.9520391561090946,-5.261340647359702,6.694929524679992
p560,process,,1,pre,post_odor,2.0,0.3585692122578621,0.3585692122578621,0.24615250155329704,0.47098592296242714,-2.4982102717011876,3.2153486962169118
p560,process,,4,pre,post_odor,2.0,1.061134584248066,1.061134584248066,0.44014109298586845,1.6821280755102634,-14.719806295370716,16.84207546386685
p560,process,,31,pre,post_odor,2.0,0.822559516876936,0.822559516876936,0.43904477544128895,1.206074258312583,-8.923474131167927,10.568593164921799
p560,process,,21,pre,post_odor,2.0,0.9930515959858894,0.9930515959858894,0.583739023655653,1.4023641683161259,-9.408567094250703,11.394670286222482
p560,process,,12,pre,post_odor,2.0,0.4304850101470947,0.4304850101470947,0.1429218053817749,0.7180482149124146,-6.877188898530266,7.738158918824455
p560,process,,22,pre,post_odor,2.0,1.3118852525949478,1.3118852525949478,0.8134191855788231,1.8103513196110725,-11.355338550490364,13.97910905568026
p560,process,,10,pre,post_odor,2.0,-0.06698033213615417,-0.06698033213615417,-0.47416336834430695,0.3402027040719986,-10.414482378452199,10.28052171417989
p560,process,,0,pre,post_odor,2.0,0.30565860925707966,0.30565860925707966,0.15374066022923216,0.45757655828492716,-3.5549425176380836,4.166259736152243
p560,process,,18,pre,post_odor,2.0,0.525192204862833,0.525192204862833,0.22443035803735256,0.8259540516883135,-7.117891000326301,8.168275410051967
p560,process,,12,post,post_odor,2.0,0.2030527531169355,0.2030527531169355,0.10821472690440714,0.29789077932946384,-2.2070100025452395,2.6131155087791105
p560,process,,18,post,post_odor,2.0,-0.11457861587405205,-0.11457861587405205,-0.2334588672965765,0.0043016355484724045,-3.1356122431990894,2.9064550114509853
p560,process,,40,post,post_odor,2.0,0.15967248380184174,0.15967248380184174,0.14252742379903793,0.17681754380464554,-0.27602480141740815,0.5953697690210916
p560,process,,32,post,post_odor,2.0,0.01886046677827835,0.01886046677827835,-0.07048618420958519,0.10820711776614189,-2.2516532131084,2.2893741466649566
p560,process,,31,post,post_odor,2.0,0.15959198214113712,0.15959198214113712,0.10400295164436102,0.21518101263791323,-1.2530592230138549,1.572243187296129
p560,process,,0,post,post_odor,2.0,0.07558687776327133,0.07558687776327133,0.0028695501387119293,0.14830420538783073,-1.772335627567016,1.9235093830935586
p560,process,,4,post,post_odor,2.0,0.3182775527238846,0.3182775527238846,0.3145798072218895,0.32197529822587967,0.22430892990264728,0.4122461755451219
p560,process,,2,post,post_odor,2.0,-0.17165559902787209,-0.17165559902787209,-0.19599379785358906,-0.1473174002021551,-0.7901478734064448,0.4468366753507006
p560,process,,3,post,post_odor,2.0,-0.019557077437639236,-0.019557077437639236,-0.04250788129866123,0.003393726423382759,-0.6027923028735074,0.5636781479982289
p560,process,,21,post,post_odor,2.0,0.11434981226921082,0.11434981226921082,0.0898270308971405,0.13887259364128113,-0.5088331493587418,0.7375327738971634
p560,process,,1,post,post_odor,2.0,-0.2919752150774002,-0.2919752150774002,-0.30006974190473557,-0.28388068825006485,-0.4976766452985635,-0.08627378485623696
p560,process,,22,post,post_odor,2.0,0.08888063207268715,0.08888063207268715,0.05756646953523159,0.12019479461014271,-0.7068876886128368,0.8846489527582111
p560,process,,10,post,post_odor,1.0,-0.28738269209861755,-0.28738269209861755,-0.28738269209861755,-0.28738269209861755,,
p560,process,,30,post,post_odor,2.0,-0.17593743884935975,-0.17593743884935975,-0.25889187795110047,-0.09298299974761903,-2.284009612851866,1.9321347351531464
p560,process,,17,post,post_odor,2.0,0.05362757109105587,0.05362757109105587,0.0453340420499444,0.06192110013216734,-0.15713098487248997,0.26438612705460174
p560,process,,39,post,post_odor,2.0,-0.12534805294126272,-0.12534805294126272,-0.1774047943763435,-0.07329131150618196,-1.4482352820857518,1.1975391762032264
p578,process,,39,pre,post_odor,2.0,0.8702654540538788,0.8702654540538788,0.7706378251314163,0.9698930829763412,-1.6615126468830161,3.4020435549907737
p578,process,,17,pre,post_odor,2.0,2.735912472009659,2.735912472009659,1.7264122813940048,3.745412662625313,-22.917919734330095,28.389744678349413
p578,process,,32,pre,post_odor,2.0,2.7209922671318054,2.7209922671318054,2.3292899429798126,3.112694591283798,-7.233107585489565,12.675092119753176
p578,process,,30,pre,post_odor,2.0,2.4506723284721375,2.4506723284721375,2.1252008974552155,2.7761437594890594,-5.820340948081402,10.721685605025677
p578,process,,40,pre,post_odor,2.0,1.7764295935630798,1.7764295935630798,1.4346186220645905,2.118240565061569,-6.9098107762980785,10.462669963424238
p578,process,,3,pre,post_odor,2.0,1.9998299777507782,1.9998299777507782,1.326516106724739,2.6731438487768173,-15.110697816175573,19.11035777167713
p578,process,,2,pre,post_odor,2.0,1.1905667781829834,1.1905667781829834,0.9124899506568909,1.468643605709076,-5.876035427681957,8.257168984047924
p578,process,,1,pre,post_odor,2.0,0.6230584941804409,0.6230584941804409,0.36599775590002537,0.8801192324608564,-5.909474246265918,7.1555912346268
p578,process,,4,pre,post_odor,2.0,1.1347802765667439,1.1347802765667439,0.5102035235613585,1.7593570295721292,-14.737219917716537,17.006780470850025
p578,process,,31,pre,post_odor,2.0,4.394776821136475,4.394776821136475,4.070568323135376,4.718985319137573,-3.8441422844828104,12.63369592675576
p578,process,,21,pre,post_odor,2.0,2.4317069053649902,2.4317069053649902,2.1802608966827393,2.683152914047241,-3.958142027456291,8.82155583818627
p578,process,,12,pre,post_odor,2.0,1.511187806725502,1.511187806725502,0.8888950571417809,2.133480556309223,-14.3027703573702,17.325145970821204
p578,process,,22,pre,post_odor,2.0,3.1664066910743713,3.1664066910743713,2.214960902929306,4.117852479219437,-21.012123268010214,27.344936650158957
p578,process,,10,pre,post_odor,2.0,1.3359251506626606,1.3359251506626606,0.724270535632968,1.9475797656923532,-14.207692382124119,16.87954268344944
p578,process,,0,pre,post_odor,2.0,0.7497187554836273,0.7497187554836273,0.7348495870828629,0.7645879238843918,0.37185735957008226,1.1275801513971724
p578,process,,18,pre,post_odor,2.0,0.8982546404004097,0.8982546404004097,0.5202614180743694,1.27624786272645,-8.707463903121724,10.503973183922543
p578,process,,12,post,post_odor,2.0,-0.061217425391077995,-0.061217425391077995,-0.0817343844100833,-0.0407004663720727,-0.5826027891094525,0.4601679383272965
p578,process,,18,post,post_odor,2.0,0.15717710927128792,0.15717710927128792,0.12739179842174053,0.1869624201208353,-0.599739406298621,0.9140936248411968
p578,process,,40,post,post_odor,2.0,0.19000572618097067,0.19000572618097067,0.10353891039267182,0.2764725419692695,-2.0073244024014842,2.3873358547634256
p578,process,,32,post,post_odor,2.0,0.0054814741015434265,0.0054814741015434265,-0.08978142961859703,0.10074437782168388,-2.415378442759662,2.4263413909627487
p578,process,,31,post,post_odor,2.0,0.16542867571115494,0.16542867571115494,0.13336749747395515,0.19748985394835472,-0.6493231138185429,0.9801804652408528
p578,process,,0,post,post_odor,2.0,0.15197957819327712,0.15197957819327712,0.08024961152113974,0.2237095448654145,-1.6708517063170527,1.974810862703607
p578,process,,4,post,post_odor,2.0,0.01088927686214447,0.01088927686214447,-0.12198211997747421,0.14376067370176315,-3.3656930667892757,3.3874716205135647
p578,process,,2,post,post_odor,2.0,0.016828573774546385,0.016828573774546385,0.00411776197142899,0.02953938557766378,-0.30618378049224443,0.3398409280413372
p578,process,,3,post,post_odor,2.0,0.16214866191148758,0.16214866191148758,0.1409745179116726,0.18332280591130257,-0.3759373556383008,0.7002346794612759
p578,process,,21,post,post_odor,2.0,2.236818552017212,2.236818552017212,2.1414403915405273,2.3321967124938965,-0.1869703167357466,4.66060742077017
p578,process,,1,post,post_odor,2.0,0.08208528533577919,0.08208528533577919,-0.0009725112468004227,0.1651430819183588,-2.0286134512918355,2.192784021963394
p578,process,,22,post,post_odor,2.0,0.03105068951845169,0.03105068951845169,-0.058881450444459915,0.1209828294813633,-2.2543416759436936,2.316443054980597
p578,process,,10,post,post_odor,1.0,0.24993407726287842,0.24993407726287842,0.24993407726287842,0.24993407726287842,,
p578,process,,30,post,post_odor,2.0,0.05842944514006376,0.05842944514006376,0.01924198167398572,0.0976169086061418,-0.9374184226426435,1.0542773129227712
p578,process,,17,post,post_odor,2.0,0.26498569548130035,0.26498569548130035,0.19555556029081345,0.33441583067178726,-1.4994013296999273,2.0293727206625283
p578,process,,39,post,post_odor,2.0,0.015119334915652871,0.015119334915652871,0.009716467349790037,0.020522202481515706,-0.12218054799292907,0.15241921782423482
p597,process,,39,pre,post_odor,2.0,0.7955617904663086,0.7955617904663086,0.6927575469017029,0.8983660340309143,-1.8169417424925909,3.408065323425208
p597,process,,17,pre,post_odor,2.0,0.9494068846106529,0.9494068846106529,0.5430478788912296,1.3557658903300762,-9.3771545615081,11.275968330729405
p597,process,,32,pre,post_odor,2.0,2.0603734254837036,2.0603734254837036,1.9746468663215637,2.1460999846458435,-0.11814499860018035,4.238891849567588
p597,process,,30,pre,post_odor,2.0,0.7590519040822983,0.7590519040822983,0.5636616721749306,0.954442135989666,-4.206284676045036,5.724388484209633
p597,process,,40,pre,post_odor,2.0,1.4596220552921295,1.4596220552921295,1.0332910865545273,1.8859530240297318,-9.374475093011204,12.293719203595463
p597,process,,3,pre,post_odor,2.0,1.8768927305936813,1.8768927305936813,1.1688216999173164,2.5849637612700462,-16.116898236462564,19.870683697649927
p597,process,,2,pre,post_odor,2.0,0.43602754175662994,0.43602754175662994,0.378465972840786,0.4935891106724739,-1.0267506174036551,1.898805700916915
p597,process,,1,pre,post_odor,2.0,0.46656727232038975,0.46656727232038975,0.2616766905412078,0.6714578540995717,-4.7401960888800705,5.67333063352085
p597,process,,4,pre,post_odor,2.0,0.7461690753698349,0.7461690753698349,0.17186037451028824,1.3204777762293816,-13.84839879440598,15.34073694514565
p597,process,,31,pre,post_odor,2.0,0.9528590887784958,0.9528590887784958,0.6056421473622322,1.3000760301947594,-7.870760002228343,9.776478179785334
p597,process,,21,pre,post_odor,2.0,0.7517083063721657,0.7517083063721657,0.4439260922372341,1.0594905205070972,-7.0697793475310355,8.573195960275367
p597,process,,12,pre,post_odor,2.0,0.5890835002064705,0.5890835002064705,0.2697521857917309,0.9084148146212101,-7.52589461904444,8.70406161945738
p597,process,,22,pre,post_odor,2.0,1.2388028129935265,1.2388028129935265,0.711935494095087,1.7656701318919659,-12.150165232452501,14.627770858439554
p597,process,,10,pre,post_odor,2.0,0.5600860510021448,0.5600860510021448,0.26188337709754705,0.8582887249067426,-7.017962404010971,8.13813450601526
p597,process,,0,pre,post_odor,2.0,0.35042425990104675,0.35042425990104675,0.338443785905838,0.3624047338962555,0.04597154906196871,0.6548769707401247
p597,process,,18,pre,post_odor,2.0,0.28003594279289246,0.28003594279289246,-0.1169692724943161,0.677041158080101,-9.808823150743873,10.368895036329658
p597,process,,12,post,post_odor,2.0,-0.11829187162220478,-0.11829187162220478,-0.1463125804439187,-0.09027116280049086,-0.8303655979050718,0.5937818546606622
p597,process,,18,post,post_odor,2.0,0.11976743303239346,0.11976743303239346,0.07894048932939768,0.16059437673538923,-0.9177435778526917,1.1572784439174786
p597,process,,40,post,post_odor,2.0,-0.08917026594281197,-0.08917026594281197,-0.15378459729254246,-0.024555934593081474,-1.731176111984225,1.5528355800986011
p597,process,,32,post,post_odor,2.0,-0.09441522136330605,-0.09441522136330605,-0.10707073099911213,-0.08175971172749996,-0.41602221430967345,0.22719177158306136
p597,process,,31,post,post_odor,2.0,-0.17874205484986305,-0.17874205484986305,-0.22850376553833485,-0.12898034416139126,-1.4433070229098932,1.085822913210167
p597,process,,0,post,post_odor,2.0,0.038807500153779984,0.038807500153779984,-0.01902025379240513,0.0966352540999651,-1.4307350619929442,1.5083500623005042
p597,process,,4,post,post_odor,2.0,-0.1248953603208065,-0.1248953603208065,-0.22514436952769756,-0.024646351113915443,-2.6724642314836458,2.4226735108420328
p597,process,,2,post,post_odor,2.0,-0.34053754806518555,-0.34053754806518555,-0.35467343032360077,-0.3264016658067703,-0.6997643762689522,0.018689280138581066
p597,process,,3,post,post_odor,2.0,-0.1645986046642065,-0.1645986046642065,-0.21923121344298124,-0.10996599588543177,-1.5529448294930999,1.2237476201646869
p597,process,,21,post,post_odor,2.0,0.03548256307840347,0.03548256307840347,-0.013485755771398544,0.08445088192820549,-1.2089204067053305,1.2798855328621375
p597,process,,1,post,post_odor,2.0,0.05872814357280731,0.05872814357280731,-0.19612788408994675,0.31358417123556137,-6.417777587889502,6.535233875035116
p597,process,,22,post,post_odor,2.0,0.37609152495861053,0.37609152495861053,0.3417026475071907,0.41048040241003036,-0.497812710131313,1.249995760048534
p597,process,,10,post,post_odor,1.0,0.08398016542196274,0.08398016542196274,0.08398016542196274,0.08398016542196274,,
p597,process,,30,post,post_odor,2.0,0.021126925013959408,0.021126925013959408,0.0017464910633862019,0.040507358964532614,-0.4713765982898288,0.5136304483177476
p597,process,,17,post,post_odor,2.0,0.13505042530596256,0.13505042530596256,0.05742491688579321,0.21267593372613192,-1.8376007801666863,2.107701630778611
p597,process,,39,post,post_odor,2.0,0.3593289628624916,0.3593289628624916,0.237166877835989,0.4814910478889942,-2.7451039638269545,3.4637618895519378
p616,process,,39,pre,post_odor,2.0,0.5422742515802383,0.5422742515802383,0.5077323243021965,0.5768161788582802,-0.33551934837347586,1.4200678515339527
p616,process,,17,pre,post_odor,2.0,0.6264881193637848,0.6264881193637848,0.0421442836523056,1.210831955075264,-14.223096706379584,15.476072945107154
p616,process,,32,pre,post_odor,2.0,0.9456015825271606,0.9456015825271606,0.7599312663078308,1.1312718987464905,-3.772728520099043,5.663931685153364
p616,process,,30,pre,post_odor,2.0,1.541179746389389,1.541179746389389,1.1372770220041275,1.9450824707746506,-8.722961672686354,11.805321165465132
p616,process,,40,pre,post_odor,2.0,1.0767858400940895,1.0767858400940895,0.6464469395577908,1.5071247406303883,-9.859162512214969,12.012734192403148
p616,process,,3,pre,post_odor,2.0,1.152389109134674,1.152389109134674,0.726435512304306,1.5783427059650421,-9.672118109738662,11.97689632800801
p616,process,,2,pre,post_odor,2.0,1.0607479214668274,1.0607479214668274,0.8854697644710541,1.2360260784626007,-3.3934923756685054,5.51498821860216
p616,process,,1,pre,post_odor,2.0,-0.04427134990692139,-0.04427134990692139,-0.2542305290699005,0.16568782925605774,-5.3798399832749135,5.291297283461071
p616,process,,4,pre,post_odor,2.0,0.5746724791824818,0.5746724791824818,0.2336717527359724,0.9156732056289911,-8.090977611644814,9.240322570009777
p616,process,,31,pre,post_odor,2.0,2.1104297041893005,2.1104297041893005,1.9497855007648468,2.2710739076137543,-1.9719265725923094,6.1927859809709105
p616,process,,21,pre,post_odor,2.0,1.0785039067268372,1.0785039067268372,0.9334006607532501,1.2236071527004242,-2.6089191957209894,4.765927009174664
p616,process,,12,pre,post_odor,2.0,0.8963954672217369,0.8963954672217369,0.3800344802439213,1.4127564541995525,-12.225581369404981,14.018372303848455
p616,process,,22,pre,post_odor,2.0,1.894943356513977,1.894943356513977,1.3560200333595276,2.4338666796684265,-11.800396805686164,15.590283518714118
p616,process,,10,pre,post_odor,2.0,0.19955340027809143,0.19955340027809143,-0.09427286684513092,0.4933796674013138,-7.267280013589146,7.666386814145329
p616,process,,0,pre,post_odor,2.0,0.32293230667710304,0.32293230667710304,0.1818766351789236,0.4639879781752825,-3.261632175831835,3.907496789186041
p616,process,,18,pre,post_odor,2.0,-0.04487380385398865,-0.04487380385398865,-0.5654628723859787,0.4757152646780014,-13.274296380217878,13.1845487725099
p616,process,,12,post,post_odor,2.0,0.07913113385438919,0.07913113385438919,0.07669899612665176,0.08156327158212662,0.017324654023976288,0.1409376136848021
p616,process,,18,post,post_odor,2.0,-0.11648407205939293,-0.11648407205939293,-0.13879872672259808,-0.09416941739618778,-0.6835532135948329,0.45058506947604704
p616,process,,40,post,post_odor,2.0,-0.013966105878353119,-0.013966105878353119,-0.04382341355085373,0.01589120179414749,-0.7727122341938576,0.7447800224371514
p616,process,,32,post,post_odor,2.0,0.05888567492365837,0.05888567492365837,0.014974849298596382,0.10279650054872036,-1.0569942061293491,1.1747655559766659
p616,process,,31,post,post_odor,2.0,-0.07475278526544571,-0.07475278526544571,-0.07616882771253586,-0.07333674281835556,-0.11073783576112821,-0.03876773476976321
p616,process,,0,post,post_odor,2.0,-0.021708973683416843,-0.021708973683416843,-0.026224131230264902,-0.017193816136568785,-0.13645000609608826,0.09303205872925459
p616,process,,4,post,post_odor,2.0,-0.06869874335825443,-0.06869874335825443,-0.12388613540679216,-0.013511351309716702,-1.471143347806774,1.333745861090265
p616,process,,2,post,post_odor,2.0,0.017970348242670298,0.017970348242670298,0.015815484104678035,0.02012521238066256,-0.036789941589270285,0.07273063807461089
p616,process,,3,post,post_odor,2.0,0.14028364792466164,0.14028364792466164,0.11423770897090435,0.16632958687841892,-0.5216064178600338,0.8021737137093571
p616,process,,21,post,post_odor,2.0,0.10965772904455662,0.10965772904455662,0.04614583309739828,0.17316962499171495,-1.5043325771298786,1.7236480352189918
p616,process,,1,post,post_odor,2.0,0.013341650366783142,0.013341650366783142,-0.06167130172252655,0.08835460245609283,-1.8929182038564814,1.9196015045900476
p616,process,,22,post,post_odor,2.0,-0.36533626914024353,-0.36533626914024353,-0.39895297586917877,-0.3317195624113083,-1.219617785647829,0.4889452473673418
p616,process,,10,post,post_odor,1.0,0.03598911687731743,0.03598911687731743,0.03598911687731743,0.03598911687731743,,
p616,process,,30,post,post_odor,2.0,0.082505002617836,0.082505002617836,-0.0650024488568306,0.2300124540925026,-3.6660147544790993,3.8310247597147713
p616,process,,17,post,post_odor,2.0,0.22810566425323486,0.22810566425323486,0.21669508516788483,0.2395162433385849,-0.061864643780306205,0.5180759722867759
p616,process,,39,post,post_odor,2.0,-0.021715078502893448,-0.021715078502893448,-0.054511962458491325,0.01108180545270443,-0.8551629229996727,0.8117327659938858
p635,process,,39,pre,post_odor,2.0,0.32501738518476486,0.32501738518476486,0.2516403831541538,0.3983943872153759,-1.5396690362705354,2.189703806640065
p635,process,,17,pre,post_odor,2.0,0.4383598119020462,0.4383598119020462,0.4098857417702675,0.4668338820338249,-0.285234917631108,1.1619545414352004
p635,process,,32,pre,post_odor,2.0,0.12605080008506775,0.12605080008506775,0.07839170843362808,0.17370989173650742,-1.085081552041545,1.3371831522116806
p635,process,,30,pre,post_odor,2.0,0.6743051111698151,0.6743051111698151,0.5722039490938187,0.7764062732458115,-1.920331427108116,3.268941649447746
p635,process,,40,pre,post_odor,2.0,0.47918733954429626,0.47918733954429626,0.10318668186664581,0.8551879972219467,-9.075895335232826,10.034270014321418
p635,process,,3,pre,post_odor,2.0,0.6840735748410225,0.6840735748410225,0.4597254507243633,0.9084216989576817,-5.017152819564983,6.385299969247028
p635,process,,2,pre,post_odor,2.0,-0.0015310868620872498,-0.0015310868620872498,-0.11593073233962059,0.11286855861544609,-2.908701721228767,2.9056395475045926
p635,process,,1,pre,post_odor,2.0,0.3971468508243561,0.3971468508243561,0.3966192752122879,0.39767442643642426,0.38373988334285425,0.4105538183058579
p635,process,,4,pre,post_odor,2.0,0.6186475455760956,0.6186475455760956,0.5801854580640793,0.6571096330881119,-0.35876677144059843,1.5960618625927896
p635,process,,31,pre,post_odor,2.0,0.9719840586185455,0.9719840586185455,0.9496653527021408,0.9943027645349503,0.4048119649779218,1.5391561522591692
p635,process,,21,pre,post_odor,2.0,1.326090782880783,1.326090782880783,0.9650371819734573,1.6871443837881088,-7.849151164842397,10.501332730603963
p635,process,,12,pre,post_odor,2.0,0.670183390378952,0.670183390378952,0.4730504900217056,0.8673162907361984,-4.339438593971244,5.679805374729148
p635,process,,22,pre,post_odor,2.0,0.9613429307937622,0.9613429307937622,0.8743484616279602,1.0483373999595642,-1.2493961414772712,3.1720820030647956
p635,process,,10,pre,post_odor,2.0,0.5377359166741371,0.5377359166741371,0.3901131711900234,0.6853586621582508,-3.2137137390005766,4.289185572348851
p635,process,,0,pre,post_odor,2.0,0.7035066783428192,0.7035066783428192,0.6511201113462448,0.7558932453393936,-0.6277622130247937,2.0347755697104324
p635,process,,18,pre,post_odor,2.0,0.7098238170146942,0.7098238170146942,0.479142501950264,0.9405051320791245,-5.152344219022646,6.571991853052034
p635,process,,12,post,post_odor,2.0,0.10072720050811768,0.10072720050811768,0.08999462425708771,0.11145977675914764,-0.1720134218762684,0.37346782289250374
p635,process,,18,post,post_odor,2.0,0.2637191712856293,0.2637191712856293,0.1946505904197693,0.33278775215148926,-1.4914798873516808,2.0189182299229396
p635,process,,40,post,post_odor,2.0,-0.07732946053147316,-0.07732946053147316,-0.09221556596457958,-0.06244335509836674,-0.4556212672461385,0.3009623461831922
p635,process,,32,post,post_odor,2.0,0.054661520291119814,0.054661520291119814,0.020275463117286563,0.08904757746495306,-0.8191710447499477,0.9284940853321874
p635,process,,31,post,post_odor,2.0,0.019178599293809384,0.019178599293809384,0.008873962127836421,0.029483236459782347,-0.2426870598318855,0.28104425841950426
p635,process,,0,post,post_odor,2.0,-0.012967318296432495,-0.012967318296432495,-0.10885405540466309,0.0829194188117981,-2.449680344658307,2.423745708065442
p635,process,,4,post,post_odor,2.0,0.16717200120911002,0.16717200120911002,0.07754226983524859,0.25680173258297145,-2.1105354333601376,2.4448794357783576
p635,process,,2,post,post_odor,2.0,-0.08805518597364426,-0.08805518597364426,-0.24282797798514366,0.06671760603785515,-4.021204751748634,3.845094379801345
p635,process,,3,post,post_odor,2.0,0.3303578346967697,0.3303578346967697,0.2940939590334892,0.3666217103600502,-0.5911946227128798,1.2519102921064191
p635,process,,21,post,post_odor,2.0,2.307438611984253,2.307438611984253,2.2227251529693604,2.3921520709991455,0.15466550367871523,4.460211720289791
p635,process,,1,post,post_odor,2.0,0.2680612653493881,0.2680612653493881,0.20136626809835434,0.3347562626004219,-1.4268193145510988,1.962941845249875
p635,process,,22,post,post_odor,2.0,0.21011560037732124,0.21011560037732124,0.16185459308326244,0.25837660767138004,-1.0163128785273414,1.436544079281984
p635,process,,10,post,post_odor,1.0,-0.28308477997779846,-0.28308477997779846,-0.28308477997779846,-0.28308477997779846,,
p635,process,,30,post,post_odor,2.0,0.37499573081731796,0.37499573081731796,0.3099176026880741,0.4400738589465618,-1.2787963088970455,2.0287877705316815
p635,process,,17,post,post_odor,2.0,0.09879890084266663,0.09879890084266663,-0.03742356598377228,0.23502136766910553,-3.36294220548433,3.560540007169663
p635,process,,39,post,post_odor,2.0,0.017455805093050003,0.017455805093050003,-0.04249878413975239,0.0774103943258524,-1.506134766237434,1.541046376423534
p654,process,,39,pre,post_odor,2.0,0.6198444962501526,0.6198444962501526,0.44259780645370483,0.7970911860466003,-3.8844209624756694,5.1241099549759745
p654,process,,17,pre,post_odor,2.0,0.6746218055486679,0.6746218055486679,0.19370917230844498,1.1555344387888908,-11.546526950777661,12.895770561874997
p654,process,,32,pre,post_odor,2.0,0.7900885045528412,0.7900885045528412,0.6967877894639969,0.8833892196416855,-1.580907471347877,3.1610844804535594
p654,process,,30,pre,post_odor,2.0,0.009678609669208527,0.009678609669208527,-0.10010632500052452,0.11946354433894157,-2.780221104053174,2.799578323391591
p654,process,,40,pre,post_odor,2.0,0.4008324723690748,0.4008324723690748,0.22022455651313066,0.581440388225019,-4.1888498393098015,4.990514784047951
p654,process,,3,pre,post_odor,2.0,1.1167589277029037,1.1167589277029037,0.6894920244812965,1.544025830924511,-9.741122570947256,11.974640426353064
p654,process,,2,pre,post_odor,2.0,0.21175001002848148,0.21175001002848148,0.11258560325950384,0.3109144167974591,-2.308256499867394,2.7317565199243568
p654,process,,1,pre,post_odor,2.0,0.6003237515687943,0.6003237515687943,0.5314681455492973,0.6691793575882912,-1.1494631030654268,2.3501106062030153
p654,process,,4,pre,post_odor,2.0,0.38813748955726624,0.38813748955726624,0.01113806664943695,0.7651369124650955,-9.192326216215907,9.96860119533044
p654,process,,31,pre,post_odor,2.0,0.0935816802084446,0.0935816802084446,0.060452161356806755,0.12671119906008244,-0.7483192184712945,0.9354825788881836
p654,process,,21,pre,post_odor,2.0,0.38167159259319305,0.38167159259319305,0.29918504506349564,0.4641581401228905,-1.7145103291918877,2.477853514378274
p654,process,,12,pre,post_odor,2.0,0.10325989127159119,0.10325989127159119,-0.09348820149898529,0.30000798404216766,-4.896583205118083,5.1031029876612655
p654,process,,22,pre,post_odor,2.0,0.4302614458138123,0.4302614458138123,0.21615527983522043,0.6443676117924042,-5.010692114588966,5.87121500621659
p654,process,,10,pre,post_odor,2.0,-0.05507722124457359,-0.05507722124457359,-0.07455295510590076,-0.03560148738324642,-0.5500025449031198,0.43984810241397265
p654,process,,0,pre,post_odor,2.0,0.3024926483631134,0.3024926483631134,0.29125992953777313,0.3137253671884537,0.017042198085798987,0.5879430986404278
p654,process,,18,pre,post_odor,2.0,0.0904105193912983,0.0904105193912983,0.08236190490424633,0.09845913387835026,-0.11412416763874955,0.29494520642134614
p654,process,,12,post,post_odor,2.0,0.2297496646642685,0.2297496646642685,0.2125975415110588,0.24690178781747818,-0.2061271122252606,0.6656264415537976
p654,process,,18,post,post_odor,2.0,0.34620071947574615,0.34620071947574615,0.29732467979192734,0.39507675915956497,-0.8958572143562555,1.5882586533077478
p654,process,,40,post,post_odor,2.0,0.5117180198431015,0.5117180198431015,0.4011603966355324,0.6222756430506706,-2.297817571397362,3.321253611083565
p654,process,,32,post,post_odor,2.0,-0.15783168887719512,-0.15783168887719512,-0.24221933889202774,-0.0734440388623625,-2.3023252054634327,1.9866618277090424
p654,process,,31,post,post_odor,2.0,0.4647734761238098,0.4647734761238098,0.367666631937027,0.5618803203105927,-2.0029454109183464,2.932492363165966
p654,process,,0,post,post_odor,2.0,0.4738156646490097,0.4738156646490097,0.388351745903492,0.5592795833945274,-1.6980284336236835,2.645659762921703
p654,process,,4,post,post_odor,2.0,-0.21205247193574905,-0.21205247193574905,-0.22513968870043755,-0.19896525517106056,-0.5446301832134086,0.12052523934191045
p654,process,,2,post,post_odor,2.0,0.1691596619784832,0.1691596619784832,0.12456557340919971,0.21375375054776669,-0.9640835767903639,1.3024029007473303
p654,process,,3,post,post_odor,2.0,-0.04392191767692566,-0.04392191767692566,-0.22464893758296967,0.13680510222911835,-4.636630950246754,4.548787114892903
p654,process,,21,post,post_odor,2.0,0.30904988944530487,0.30904988944530487,0.27136608213186264,0.3467336967587471,-0.6485864524810037,1.2666862313716134
p654,process,,1,post,post_odor,2.0,0.2143470849841833,0.2143470849841833,0.08486819360405207,0.34382597636431456,-3.0760235207935613,3.504717690761928
p654,process,,22,post,post_odor,2.0,0.059891268610954285,0.059891268610954285,-0.03818615525960922,0.1579686924815178,-2.4324923867809796,2.552274924002888
p654,process,,10,post,post_odor,1.0,0.42852941155433655,0.42852941155433655,0.42852941155433655,0.42852941155433655,,
p654,process,,30,post,post_odor,2.0,0.06891127303242683,0.06891127303242683,0.061623210087418556,0.07619933597743511,-0.11629596678638007,0.25411851285123377
p654,process,,17,post,post_odor,2.0,0.2227967381477356,0.2227967381477356,-0.13453951478004456,0.5801329910755157,-8.85797844056802,9.303571916863492
p654,process,,39,post,post_odor,2.0,-0.08594969660043716,-0.08594969660043716,-0.17581580951809883,0.0039164163172245026,-2.3696641557524423,2.197764762551568
p673,process,,39,pre,post_odor,2.0,0.4105287492275238,0.4105287492275238,0.3990234136581421,0.4220340847969055,0.11815045062160962,0.702907047833438
p673,process,,17,pre,post_odor,2.0,0.5674836859107018,0.5674836859107018,0.37056389823555946,0.764403473585844,-4.436722591698114,5.571689963519518
p673,process,,32,pre,post_odor,2.0,0.6676372140645981,0.6676372140645981,0.5676044300198555,0.7676699981093407,-1.874436854739499,3.209711282868695
p673,process,,30,pre,post_odor,2.0,0.1768738515675068,0.1768738515675068,0.028802258893847466,0.3249454442411661,-3.585982092678454,3.9397297958134674
p673,process,,40,pre,post_odor,2.0,0.47715212777256966,0.47715212777256966,0.18261137418448925,0.7716928813606501,-7.007838108702092,7.9621423642472315
p673,process,,3,pre,post_odor,2.0,0.5489592105150223,0.5489592105150223,0.40740372985601425,0.6905146911740303,-3.048306627046924,4.1462250480769685
p673,process,,2,pre,post_odor,2.0,0.27476226538419724,0.27476226538419724,0.2598734237253666,0.2896511070430279,-0.10359907541898072,0.6531236061873752
p673,process,,1,pre,post_odor,2.0,0.18194276094436646,0.18194276094436646,0.12559916079044342,0.2382863610982895,-1.2498838773134535,1.6137693992021864
p673,process,,4,pre,post_odor,2.0,0.44561819545924664,0.44561819545924664,0.2095786677673459,0.6816577231511474,-5.5527149339072865,6.44395132482578
p673,process,,31,pre,post_odor,2.0,0.3628105726093054,0.3628105726093054,0.20442760083824396,0.5211935443803668,-3.6620823594844616,4.387703504703072
p673,process,,21,pre,post_odor,2.0,0.5224845707416534,0.5224845707416534,0.3716055899858475,0.6733635514974594,-3.311713868995611,4.356683010478918
p673,process,,12,pre,post_odor,2.0,-0.11802540952339768,-0.11802540952339768,-0.18241591122932732,-0.05363490781746805,-1.7543432050044934,1.518292385957698
p673,process,,22,pre,post_odor,2.0,0.568092592060566,0.568092592060566,0.23565704748034477,0.9005281366407871,-7.879895589975474,9.016080774096606
p673,process,,10,pre,post_odor,2.0,-0.013238996267318726,-0.013238996267318726,-0.1261805146932602,0.09970252215862274,-2.883355108936237,2.8568771164015994
p673,process,,0,pre,post_odor,2.0,0.09625308960676193,0.09625308960676193,0.02616075798869133,0.16634542122483253,-1.68496194234335,1.8774681215568738
p673,process,,18,pre,post_odor,2.0,0.1878479178994894,0.1878479178994894,0.07332795206457376,0.30236788373440504,-2.722380346656849,3.0980761824558276
p673,process,,12,post,post_odor,2.0,-0.1996534988284111,-0.1996534988284111,-0.25008314475417137,-0.14922385290265083,-1.481192310639427,1.0818853129826047
p673,process,,18,post,post_odor,2.0,0.3487060219049454,0.3487060219049454,0.3447383716702461,0.3526736721396446,0.2478784694977049,0.4495335743121859
p673,process,,40,post,post_odor,2.0,0.20609630271792412,0.20609630271792412,0.1324650812894106,0.27972752414643764,-1.665050446172688,2.0772430516085363
p673,process,,32,post,post_odor,2.0,-0.16667420603334904,-0.16667420603334904,-0.22490416932851076,-0.10844424273818731,-1.6464378768498737,1.3130894647831757
p673,process,,31,post,post_odor,2.0,-0.09873898595105857,-0.09873898595105857,-0.14656705543166026,-0.05091091647045687,-1.3141654718640858,1.1166874999619687
p673,process,,0,post,post_odor,2.0,0.01210436224937439,0.01210436224937439,-0.03222093731164932,0.0564296618103981,-1.1143083001799086,1.1385170246786573
p673,process,,4,post,post_odor,2.0,0.12387603148818016,0.12387603148818016,0.02138138748705387,0.22637067548930645,-2.48075983059112,2.72851189356748
p673,process,,2,post,post_odor,2.0,-0.03795425593852997,-0.03795425593852997,-0.13428442180156708,0.05837590992450714,-2.485935875389362,2.410027363512302
p673,process,,3,post,post_odor,2.0,0.2253093123435974,0.2253093123435974,0.200471892952919,0.2501467317342758,-0.40586935944879277,0.8564879841359876
p673,process,,21,post,post_odor,2.0,0.06433977745473385,0.06433977745473385,0.040687297470867634,0.08799225743860006,-0.5367267289318222,0.6654062838412899
p673,process,,1,post,post_odor,2.0,0.19439024850726128,0.19439024850726128,0.14950031228363514,0.2392801847308874,-0.9463711919951754,1.335151689009698
p673,process,,22,post,post_odor,2.0,0.17785807512700558,0.17785807512700558,0.11744293663650751,0.23827321361750364,-1.3574361625222273,1.7131523127762385
p673,process,,10,post,post_odor,1.0,0.025184765458106995,0.025184765458106995,0.025184765458106995,0.025184765458106995,,
p673,process,,30,post,post_odor,2.0,0.10717591643333435,0.10717591643333435,0.10467301309108734,0.10967881977558136,0.04357111183044152,0.17078072103622718
p673,process,,17,post,post_odor,2.0,-0.23078706860542297,-0.23078706860542297,-0.24492661654949188,-0.21664752066135406,-0.590107050714018,0.12853291350317209
p673,process,,39,post,post_odor,2.0,-0.07302184775471687,-0.07302184775471687,-0.07798524387180805,-0.0680584516376257,-0.19915370225570692,0.05311000674627317
p692,process,,39,pre,post_odor,2.0,0.24440428614616394,0.24440428614616394,0.20109757781028748,0.2877109944820404,-0.8561235189847354,1.3449320912770633
p692,process,,17,pre,post_odor,2.0,0.3440198190510273,0.3440198190510273,0.23413671366870403,0.45390292443335056,-2.4483746490178904,3.136414287119945
p692,process,,32,pre,post_odor,2.0,0.6858457028865814,0.6858457028865814,0.5229375511407852,0.8487538546323776,-3.4540429556612207,4.8257343614343835
p692,process,,30,pre,post_odor,2.0,0.04907316714525223,0.04907316714525223,0.04033123701810837,0.05781509727239609,-0.17308034082439488,0.27122667511489934
p692,process,,40,pre,post_odor,2.0,0.0402410589158535,0.0402410589158535,-0.016680797562003136,0.09716291539371014,-1.4062804658257428,1.4867625836574498
p692,process,,3,pre,post_odor,2.0,0.4886007159948349,0.4886007159948349,0.3089517429471016,0.6682496890425682,-4.076712548381223,5.053913980370893
p692,process,,2,pre,post_odor,2.0,0.060720980167388916,0.060720980167388916,-0.05504874885082245,0.17649070918560028,-2.881266778146327,3.002708738481105
p692,process,,1,pre,post_odor,2.0,0.014138290658593178,0.014138290658593178,0.01326688751578331,0.015009693801403046,-0.008006162821983333,0.03628274413916969
p692,process,,4,pre,post_odor,2.0,0.2763759046792984,0.2763759046792984,-0.0991205945611,0.6518724039196968,-9.265894889451436,9.818646698810033
p692,process,,31,pre,post_odor,2.0,0.48902036249637604,0.48902036249637604,0.4169212803244591,0.561119444668293,-1.343191036236943,2.3212317612296953
p692,process,,21,pre,post_odor,2.0,-0.19713061954826117,-0.19713061954826117,-0.29943159176036716,-0.09482964733615518,-2.796844814821735,2.4025835757252128
p692,process,,12,pre,post_odor,2.0,-0.031892672181129456,-0.031892672181129456,-0.12379414588212967,0.06000880151987076,-2.3673305529832955,2.3035452086210366
p692,process,,22,pre,post_odor,2.0,0.04415517300367355,0.04415517300367355,-0.04933137819170952,0.13764172419905663,-2.3315633461311553,2.4198736921385025
p692,process,,10,pre,post_odor,2.0,0.10123043693602085,0.10123043693602085,0.023304454050958157,0.17915641982108355,-1.8790565486744826,2.0815174225465243
p692,process,,0,pre,post_odor,2.0,0.2999291066080332,0.2999291066080332,0.1699236100539565,0.42993460316210985,-3.0038238054802706,3.603682018696337
p692,process,,18,pre,post_odor,2.0,0.28561367094516754,0.28561367094516754,0.21508467942476273,0.35614266246557236,-1.5066979412432175,2.0779252831335526
p692,process,,12,post,post_odor,2.0,0.3106136620044708,0.3106136620044708,0.30294667184352875,0.3182806521654129,0.11577696861413683,0.5054503553948049
p692,process,,18,post,post_odor,2.0,0.4711672365665436,0.4711672365665436,0.3830055147409439,0.5593289583921432,-1.7692345382529573,2.7115690113860444
p692,process,,40,post,post_odor,2.0,-0.0949222482740879,-0.0949222482740879,-0.10472391359508038,-0.08512058295309544,-0.34400618092207547,0.15416168437389965
p692,process,,32,post,post_odor,2.0,0.4539925158023834,0.4539925158023834,0.39459462463855743,0.5133904069662094,-1.0554510162468063,1.963436047851573
p692,process,,31,post,post_odor,2.0,0.04168085753917694,0.04168085753917694,-0.03354215621948242,0.1169038712978363,-1.8699171698400465,1.9532788849184004
p692,process,,0,post,post_odor,2.0,0.10190730541944504,0.10190730541944504,0.00416724756360054,0.19964736327528954,-2.3819030666643948,2.585717677503285
p692,process,,4,post,post_odor,2.0,-0.1623949371278286,-0.1623949371278286,-0.22418066672980785,-0.10060920752584934,-1.7325191973211842,1.407729323065527
p692,process,,2,post,post_odor,2.0,0.003705531358718872,0.003705531358718872,-0.01380961760878563,0.021220680326223373,-0.4413966061727031,0.44880766889014084
p692,process,,3,post,post_odor,2.0,-0.26859412901103497,-0.26859412901103497,-0.38091433700174093,-0.156273921020329,-3.122921246490305,2.585732988468235
p692,process,,21,post,post_odor,2.0,-0.3369881361722946,-0.3369881361722946,-0.3488023653626442,-0.32517390698194504,-0.637216165957641,-0.03676010638694832
p692,process,,1,post,post_odor,2.0,0.2606677934527397,0.2606677934527397,0.05448152497410774,0.4668540619313717,-4.979022088702021,5.500357675607501
p692,process,,22,post,post_odor,2.0,0.08458700031042099,0.08458700031042099,0.025518741458654404,0.14365525916218758,-1.4164797804493976,1.5856537810702396
p692,process,,10,post,post_odor,1.0,0.0465177558362484,0.0465177558362484,0.0465177558362484,0.0465177558362484,,
p692,process,,30,post,post_odor,2.0,0.33003895729780197,0.33003895729780197,0.2577079273760319,0.40236998721957207,-1.508066792630975,2.168144707226579
p692,process,,17,post,post_odor,2.0,0.14319553971290588,0.14319553971290588,-0.25449956953525543,0.5408906489610672,-9.963195421652092,10.249586501077903
p692,process,,39,post,post_odor,2.0,0.05088481679558754,0.05088481679558754,-0.027617888525128365,0.12938752211630344,-1.9440580755016261,2.0458277090928014
p711,process,,39,pre,post_odor,2.0,0.2448302060365677,0.2448302060365677,0.05426817387342453,0.43539223819971085,-4.5978101851762405,5.087470597249376
p711,process,,17,pre,post_odor,2.0,0.7921093702316284,0.7921093702316284,0.5543171763420105,1.0299015641212463,-5.25076323021964,6.834981970682897
p711,process,,32,pre,post_odor,2.0,0.8709815442562103,0.8709815442562103,0.8532978147268295,0.8886652737855911,0.42159536845730916,1.3203677200551116
p711,process,,30,pre,post_odor,2.0,0.11842936277389526,0.11842936277389526,-0.0033697932958602905,0.24022851884365082,-2.9767806646573223,3.213639390205113
p711,process,,40,pre,post_odor,2.0,0.7918371558189392,0.7918371558189392,0.5400961339473724,1.043578177690506,-5.605508772968979,7.189183084606857
p711,process,,3,pre,post_odor,2.0,0.7494425177574158,0.7494425177574158,0.5593080222606659,0.9395770132541656,-4.0823331366245625,5.581218172139394
p711,process,,2,pre,post_odor,2.0,0.4457547962665558,0.4457547962665558,0.444317564368248,0.4471920281648636,0.40923127076003596,0.4822783217730756
p711,process,,1,pre,post_odor,2.0,0.3644886463880539,0.3644886463880539,0.24398116022348404,0.48499613255262375,-2.6978969365094736,3.4268742292855814
p711,process,,4,pre,post_odor,2.0,0.7015671133995056,0.7015671133995056,0.216368168592453,1.1867660582065582,-11.628507147589167,13.031641374388178
p711,process,,31,pre,post_odor,2.0,0.3200217979028821,0.3200217979028821,0.1611875738017261,0.4788560220040381,-3.7163385431786002,4.356382138984364
p711,process,,21,pre,post_odor,2.0,0.45554863288998604,0.45554863288998604,0.1772382091730833,0.7338590566068888,-6.616989815027005,7.528087080806977
p711,process,,12,pre,post_odor,2.0,0.09459462016820908,0.09459462016820908,0.02394215390086174,0.1652470864355564,-1.7008547828489737,1.8900440231853919
p711,process,,22,pre,post_odor,2.0,0.4491684287786484,0.4491684287786484,0.09155122190713882,0.8067856356501579,-8.63874646659803,9.537083324155327
p711,process,,10,pre,post_odor,2.0,0.0758521556854248,0.0758521556854248,-0.008033297955989838,0.15973760932683945,-2.055879341023986,2.2075836523948356
p711,process,,0,pre,post_odor,2.0,0.3133534640073776,0.3133534640073776,0.21469218283891678,0.41201474517583847,-2.1938674121121426,2.820574340126898
p711,process,,18,pre,post_odor,2.0,0.5272157080471516,0.5272157080471516,0.22443930618464947,0.8299921099096537,-7.167062194647362,8.221493610741664
p711,process,,12,post,post_odor,2.0,0.13996972888708115,0.13996972888708115,0.08031653240323067,0.19962292537093163,-1.37596172649504,1.6559011842692022
p711,process,,18,post,post_odor,2.0,-0.07035321556031704,-0.07035321556031704,-0.07447642367333174,-0.06623000744730234,-0.17513386846795959,0.03442743734732552
p711,process,,40,post,post_odor,2.0,0.06096411496400833,0.06096411496400833,0.01135026291012764,0.11057796701788902,-1.1998434089297705,1.3217716388577871
p711,process,,32,post,post_odor,2.0,-0.006294526159763336,-0.006294526159763336,-0.019248027354478836,0.006658975034952164,-0.3354742026204406,0.3228851503009139
p711,process,,31,post,post_odor,2.0,-0.028959542512893677,-0.028959542512893677,-0.0683942660689354,0.01047518104314804,-1.0310908849479277,0.9731717999221403
p711,process,,0,post,post_odor,2.0,0.17312278784811497,0.17312278784811497,0.09957804437726736,0.24666753131896257,-1.6958263477719582,2.042071923468188
p711,process,,4,post,post_odor,2.0,0.1565844693686813,0.1565844693686813,0.07712486071977764,0.23604407801758498,-1.8626756421298936,2.175844580867256
p711,process,,2,post,post_odor,2.0,0.06582231353968382,0.06582231353968382,0.03580945776775479,0.09583516931161284,-0.6968766667711412,0.8285212938505089
p711,process,,3,post,post_odor,2.0,0.02886105142533779,0.02886105142533779,-0.01667409297078848,0.07439619582146406,-1.1282966833515784,1.186018786202254
p711,process,,21,post,post_odor,2.0,0.16405591741204262,0.16405591741204262,0.10799751244485378,0.22011432237923145,-1.2605232239809447,1.58863505880503
p711,process,,1,post,post_odor,2.0,0.09353712107986212,0.09353712107986212,0.062148740980774164,0.12492550117895007,-0.7041172466719037,0.8911914888316279
p711,process,,22,post,post_odor,2.0,0.302251435816288,0.302251435816288,0.2722567282617092,0.3322461433708668,-0.45998635456403947,1.0644892261966155
p711,process,,10,post,post_odor,1.0,0.34225374460220337,0.34225374460220337,0.34225374460220337,0.34225374460220337,,
p711,process,,30,post,post_odor,2.0,0.035191379487514496,0.035191379487514496,-0.03412340208888054,0.10450616106390953,-1.7262642324182953,1.7966469913933243
p711,process,,17,post,post_odor,2.0,0.17785023152828217,0.17785023152828217,0.10689233988523483,0.2488081231713295,-1.625360766199435,1.9810612292559993
p711,process,,39,post,post_odor,2.0,0.3945992663502693,0.3945992663502693,0.25291312858462334,0.5362854041159153,-3.205986883106032,3.9951854158065707
p730,process,,39,pre,post_odor,2.0,0.16334657184779644,0.16334657184779644,0.10112141538411379,0.2255717283114791,-1.417944583688315,1.744637727383908
p730,process,,17,pre,post_odor,2.0,-0.341635774821043,-0.341635774821043,-0.5725609418004751,-0.11071060784161091,-6.210000675573027,5.526729125930941
p730,process,,32,pre,post_odor,2.0,0.5169457644224167,0.5169457644224167,0.4459279850125313,0.5879635438323021,-1.2877871257585742,2.3216786546034074
p730,process,,30,pre,post_odor,2.0,0.2092912271618843,0.2092912271618843,0.16855530068278313,0.2500271536409855,-0.8259068167605548,1.2444892710843234
p730,process,,40,pre,post_odor,2.0,-0.0072549208998680115,-0.0072549208998680115,-0.027396373450756073,0.01288653165102005,-0.5190977604909315,0.5045879186911955
p730,process,,3,pre,post_odor,2.0,0.08322307467460632,0.08322307467460632,-0.08496026694774628,0.2514064162969589,-4.19072086906064,4.357167018409853
p730,process,,2,pre,post_odor,2.0,0.23677146434783936,0.23677146434783936,0.19008466601371765,0.28345826268196106,-0.9496525718718607,1.4231955005675394
p730,process,,1,pre,post_odor,2.0,0.5084797292947769,0.5084797292947769,0.39469461888074875,0.6222648397088051,-2.383074088402993,3.400033546992547
p730,process,,4,pre,post_odor,2.0,0.5573052298277617,0.5573052298277617,0.2828903989866376,0.8317200606688857,-6.416236816792375,7.530847276447898
p730,process,,31,pre,post_odor,2.0,0.2114911451935768,0.2114911451935768,0.009402777999639511,0.4135795123875141,-4.924061191537256,5.34704348192441
p730,process,,21,pre,post_odor,2.0,0.1946956254541874,0.1946956254541874,0.07749797962605953,0.31189327128231525,-2.7835789395255777,3.1729701904339525
p730,process,,12,pre,post_odor,2.0,0.42506245896220207,0.42506245896220207,0.1764096636325121,0.673715254291892,-5.8938041924001645,6.743929110324569
p730,process,,22,pre,post_odor,2.0,0.29676368087530136,0.29676368087530136,0.22176333144307137,0.37176403030753136,-1.6091759094658138,2.2027032712164165
p730,process,,10,pre,post_odor,2.0,0.6229980885982513,0.6229980885982513,0.6093065291643143,0.6366896480321884,0.27506257394803424,0.9709336032484684
p730,process,,0,pre,post_odor,2.0,0.12153908237814903,0.12153908237814903,0.09434310533106327,0.1487350594252348,-0.5695762223430096,0.8126543870993077
p730,process,,18,pre,post_odor,2.0,-0.16397462412714958,-0.16397462412714958,-0.283354913815856,-0.044594334438443184,-3.197715428624246,2.869766180369947
p730,process,,12,post,post_odor,2.0,0.038665279280394316,0.038665279280394316,0.025684061693027616,0.051646496867761016,-0.29121873749943167,0.3685492960602203
p730,process,,18,post,post_odor,2.0,-0.2006766740232706,-0.2006766740232706,-0.2720379950478673,-0.12931535299867392,-2.014139784388097,1.6127864363415558
p730,process,,40,post,post_odor,2.0,-0.008340168744325638,-0.008340168744325638,-0.01808749884366989,0.0014071613550186157,-0.2560433124910178,0.23936297500236653
p730,process,,32,post,post_odor,2.0,0.01791278796736151,0.01791278796736151,0.007621504773851484,0.028204071160871536,-0.24361351454202268,0.2794390904767457
p730,process,,31,post,post_odor,2.0,-0.17594119091518223,-0.17594119091518223,-0.26040136406663805,-0.09148101776372641,-2.3222776951455075,1.970395313315143
p730,process,,0,post,post_odor,2.0,0.19908218830823898,0.19908218830823898,0.17652714625000954,0.22163723036646843,-0.3740957761415499,0.7722601527580278
p730,process,,4,post,post_odor,2.0,0.10658932104706764,0.10658932104706764,0.017239144071936607,0.19593949802219868,-2.1640139626718464,2.3771926047659817
p730,process,,2,post,post_odor,2.0,0.040632667019963264,0.040632667019963264,0.012596177868545055,0.06866915617138147,-0.6718420754629576,0.7531074095028841
p730,process,,3,post,post_odor,2.0,0.02901848405599594,0.02901848405599594,-0.05663870647549629,0.11467567458748817,-2.1477371159813337,2.2057740840933255
p730,process,,21,post,post_odor,2.0,-0.008575640618801117,-0.008575640618801117,-0.0612638033926487,0.04411252215504646,-1.3475088073736117,1.3303575261360094
p730,process,,1,post,post_odor,2.0,-0.04935903288424015,-0.04935903288424015,-0.057563927955925465,-0.041154137812554836,-0.25786518612356885,0.15914712035508854
p730,process,,22,post,post_odor,2.0,0.14033804275095463,0.14033804275095463,0.09844196494668722,0.18223412055522203,-0.9243422416964975,1.2050183271984067
p730,process,,10,post,post_odor,1.0,-0.2334175854921341,-0.2334175854921341,-0.2334175854921341,-0.2334175854921341,,
p730,process,,30,post,post_odor,2.0,-0.23031271249055862,-0.23031271249055862,-0.3589652515947819,-0.10166017338633537,-3.4996837158645215,3.0390582908834043
p730,process,,17,post,post_odor,2.0,0.06199905835092068,0.06199905835092068,0.05496883112937212,0.06902928557246923,-0.11665595448672841,0.24065407118856977
p730,process,,39,post,post_odor,2.0,0.14983473299071193,0.14983473299071193,0.06932537374086678,0.23034409224055707,-1.8961020706228324,2.1957715366042563
p749,process,,39,pre,post_odor,2.0,0.21800941601395607,0.21800941601395607,0.0921387281268835,0.34388010390102863,-2.98066804513862,3.416686877166532
p749,process,,17,pre,post_odor,2.0,0.15990731120109558,0.15990731120109558,-0.2977712005376816,0.6175858229398727,-11.470806435800174,11.790621058202365
p749,process,,32,pre,post_odor,2.0,1.038216233253479,1.038216233253479,1.0320696830749512,1.0443627834320068,0.8820175832743875,1.1944148832325705
p749,process,,30,pre,post_odor,2.0,0.35898431204259396,0.35898431204259396,0.16025391314178705,0.5577147109434009,-4.691233959428044,5.409202583513232
p749,process,,40,pre,post_odor,2.0,0.38118937611579895,0.38118937611579895,0.34311723709106445,0.41926151514053345,-0.5863154102689666,1.3486941625005646
p749,process,,3,pre,post_odor,2.0,0.461369089782238,0.461369089782238,0.3124000318348408,0.6103381477296352,-3.3242936094871642,4.24703178905164
p749,process,,2,pre,post_odor,2.0,0.31527959555387497,0.31527959555387497,0.2017016001045704,0.42885759100317955,-2.5710109318524883,3.2015701229602382
p749,process,,1,pre,post_odor,2.0,0.3037448264658451,0.3037448264658451,0.20553057454526424,0.40195907838642597,-2.192115959360433,2.7996056122921233
p749,process,,4,pre,post_odor,2.0,1.0326323434710503,1.0326323434710503,0.4327429421246052,1.6325217448174953,-14.212002761667355,16.277267448609457
p749,process,,31,pre,post_odor,2.0,0.3115973323583603,0.3115973323583603,0.226961188018322,0.3962334766983986,-1.839211023771559,2.4624056884882797
p749,process,,21,pre,post_odor,2.0,0.2956467643380165,0.2956467643380165,0.0702190063893795,0.5210745222866535,-5.433015727086411,6.024309255762444
p749,process,,12,pre,post_odor,2.0,0.23343802988529205,0.23343802988529205,-0.0924902930855751,0.5593663528561592,-8.049185972086523,8.516062031857107
p749,process,,22,pre,post_odor,2.0,0.8132891058921814,0.8132891058921814,0.5702376067638397,1.056340605020523,-5.363235112825608,6.989813324609971
p749,process,,10,pre,post_odor,2.0,0.16673816740512848,0.16673816740512848,0.00991462916135788,0.3235617056488991,-3.818525801348214,4.152002136158471
p749,process,,0,pre,post_odor,2.0,0.4603298753499985,0.4603298753499985,0.4565309062600136,0.46412884443998337,0.36378891726250384,0.5568708334374931
p749,process,,18,pre,post_odor,2.0,0.19640102237462997,0.19640102237462997,0.13687265291810036,0.2559293918311596,-1.3163582774759972,1.7091603222252572
p749,process,,12,post,post_odor,2.0,0.4614699184894562,0.4614699184894562,0.4326939731836319,0.49024586379528046,-0.2697961865760806,1.192736023554993
p749,process,,18,post,post_odor,2.0,0.3621155619621277,0.3621155619621277,0.3103538751602173,0.4138772487640381,-0.9532736180275223,1.6775047419517777
p749,process,,40,post,post_odor,2.0,0.06013786420226097,0.06013786420226097,-0.01014300249516964,0.13041873089969158,-1.7258682983844493,1.8461440267889713
p749,process,,32,post,post_odor,2.0,0.2285007629543543,0.2285007629543543,0.1396986087784171,0.31730291713029146,-2.028175940991262,2.4851774668999704
p749,process,,31,post,post_odor,2.0,-0.08337612450122833,-0.08337612450122833,-0.20234323292970657,0.03559098392724991,-3.106616997627105,2.9398647486246485
p749,process,,0,post,post_odor,2.0,-0.002325586974620819,-0.002325586974620819,-0.10944846644997597,0.10479729250073433,-2.724576064059478,2.7199248901102364
p749,process,,4,post,post_odor,2.0,-0.4094538912177086,-0.4094538912177086,-0.5263781361281872,-0.29252964630723,-3.3807806801280544,2.5618728976926373
p749,process,,2,post,post_odor,2.0,-0.5612225532531738,-0.5612225532531738,-0.6160522401332855,-0.5063928663730621,-1.9545770074912752,0.8321319009849275
p749,process,,3,post,post_odor,2.0,-0.42329250276088715,-0.42329250276088715,-0.46081580966711044,-0.38576919585466385,-1.3768501426184692,0.530265137096695
p749,process,,21,post,post_odor,2.0,1.0755547881126404,1.0755547881126404,1.0524245202541351,1.0986850559711456,0.48775895008718306,1.6633506261380977
p749,process,,1,post,post_odor,2.0,-0.032746663549914956,-0.032746663549914956,-0.052439107676036656,-0.013054219423793256,-0.533179117194281,0.4676857900944511
p749,process,,22,post,post_odor,2.0,0.4767535924911499,0.4767535924911499,0.462671160697937,0.4908360242843628,0.11888506939559251,0.8346221155867073
p749,process,,10,post,post_odor,1.0,0.29286137223243713,0.29286137223243713,0.29286137223243713,0.29286137223243713,,
p749,process,,30,post,post_odor,2.0,-0.17614076286554337,-0.17614076286554337,-0.20052668079733849,-0.15175484493374825,-0.7958456947074284,0.44356416897634166
p749,process,,17,post,post_odor,2.0,-0.11925764568150043,-0.11925764568150043,-0.16500222776085138,-0.07351306360214949,-1.2817376966234624,1.0432224052604615
p749,process,,39,post,post_odor,2.0,0.8697490990161896,0.8697490990161896,0.7127866595983505,1.0267115384340286,-3.1190446832487697,4.858542881281149
p768,process,,39,pre,post_odor,2.0,0.49443306028842926,0.49443306028842926,0.4329700395464897,0.5558960810303688,-1.0674903902132422,2.056356510790101
p768,process,,17,pre,post_odor,2.0,0.4462893009185791,0.4462893009185791,0.16063380241394043,0.7319447994232178,-6.812905195109387,7.705483796946545
p768,process,,32,pre,post_odor,2.0,1.8321764469146729,1.8321764469146729,1.8074637651443481,1.8568891286849976,1.2041676586073171,2.4601852352220286
p768,process,,30,pre,post_odor,2.0,0.37086713314056396,0.37086713314056396,0.05115693807601929,0.6905773282051086,-7.753739256324343,8.49547352260547
p768,process,,40,pre,post_odor,2.0,0.4969181641936302,0.4969181641936302,0.2042788304388523,0.7895574979484081,-6.939752412898302,7.933588741285562
p768,process,,3,pre,post_odor,2.0,1.074966624379158,1.074966624379158,0.7296677157282829,1.4202655330300331,-7.699910632612246,9.849843881370562
p768,process,,2,pre,post_odor,2.0,0.49423346668481827,0.49423346668481827,0.34818166121840477,0.6402852721512318,-3.2172948180035976,4.205761751373235
p768,process,,1,pre,post_odor,2.0,0.5303614288568497,0.5303614288568497,0.503586433827877,0.5571364238858223,-0.15005570843952198,1.2107785661532213
p768,process,,4,pre,post_odor,2.0,0.9275650498457253,0.9275650498457253,0.46197639661841094,1.3931537030730397,-10.904164451646473,12.759294551337923
p768,process,,31,pre,post_odor,2.0,1.782790407538414,1.782790407538414,0.8424265161156654,2.7231542989611626,-22.114121854308372,25.6797026693852
p768,process,,21,pre,post_odor,2.0,0.28090350329875946,0.28090350329875946,0.21058902889490128,0.35121797770261765,-1.505956712085115,2.0677637186826336
p768,process,,12,pre,post_odor,2.0,0.3569803535938263,0.3569803535938263,-0.08688248693943024,0.8008431941270828,-10.922643899597407,11.63660460678506
p768,process,,22,pre,post_odor,2.0,1.1649020463228226,1.1649020463228226,0.34939324110746384,1.9804108515381813,-19.559141640116287,21.888945732761933
p768,process,,10,pre,post_odor,2.0,0.6449412107467651,0.6449412107467651,0.5929123759269714,0.6969700455665588,-0.6772368440630621,1.9671192655565923
p768,process,,0,pre,post_odor,2.0,0.564724862575531,0.564724862575531,0.3857367932796478,0.7437129318714142,-3.9837932450366997,5.113242970187762
p768,process,,18,pre,post_odor,2.0,-0.26280698366463184,-0.26280698366463184,-0.42536743078380823,-0.10024653654545546,-4.393859629865341,3.8682456625360775
p768,process,,12,post,post_odor,2.0,0.2406640164554119,0.2406640164554119,0.1631594318896532,0.3181686010211706,-1.7289142225139789,2.2102422554248027
p768,process,,18,post,post_odor,2.0,0.04868104308843613,0.04868104308843613,-0.03451685234904289,0.13187893852591515,-2.065577943006489,2.1629400291833614
p768,process,,40,post,post_odor,2.0,-0.062399882823228836,-0.062399882823228836,-0.10011807270348072,-0.02468169294297695,-1.0209099686160146,0.896110202969557
p768,process,,32,post,post_odor,2.0,-0.13634494692087173,-0.13634494692087173,-0.2673804648220539,-0.00530942901968956,-3.4662731832470817,3.193583289405338
p768,process,,31,post,post_odor,2.0,0.09594507329165936,0.09594507329165936,0.03297595400363207,0.15891419257968664,-1.5042519701689039,1.6961421167522226
p768,process,,0,post,post_odor,2.0,-0.1484646424651146,-0.1484646424651146,-0.16392109915614128,-0.1330081857740879,-0.5412504488891192,0.24432116395889003
p768,process,,4,post,post_odor,2.0,0.11320846155285835,0.11320846155285835,0.0979663860052824,0.1284505371004343,-0.2741294034706257,0.5005463265763423
p768,process,,2,post,post_odor,2.0,0.30086439847946167,0.30086439847946167,0.29045090079307556,0.3112778961658478,0.036232331233654935,0.5654964657252683
p768,process,,3,post,post_odor,2.0,0.0490109920501709,0.0490109920501709,-0.052748292684555054,0.15077027678489685,-2.536937619242077,2.634959603342419
p768,process,,21,post,post_odor,2.0,-0.03277125954627991,-0.03277125954627991,-0.14113126695156097,0.07558874785900116,-2.7864601381560945,2.7209176190635347
p768,process,,1,post,post_odor,2.0,0.062157753854990005,0.062157753854990005,0.03919931687414646,0.08511619083583355,-0.521271447547335,0.645586955257315
p768,process,,22,post,post_odor,2.0,-0.11703747138381004,-0.11703747138381004,-0.12548069469630718,-0.1085942480713129,-0.33160011946747353,0.09752517669985344
p768,process,,10,post,post_odor,1.0,0.31128570437431335,0.31128570437431335,0.31128570437431335,0.31128570437431335,,
p768,process,,30,post,post_odor,2.0,0.08123084157705307,0.08123084157705307,-0.025321926921606064,0.1877836100757122,-2.6265317419233236,2.7889934250774298
p768,process,,17,post,post_odor,2.0,-0.040852636098861694,-0.040852636098861694,-0.15976651012897491,0.07806123793125153,-3.0627406948954725,2.981035422697749
p768,process,,39,post,post_odor,2.0,-0.059234220534563065,-0.059234220534563065,-0.05990707129240036,-0.05856136977672577,-0.07633297950650501,-0.042135461562621115
p787,process,,39,pre,post_odor,2.0,0.05842793732881546,0.05842793732881546,-0.045919615775346756,0.16277549043297768,-2.5932948095918773,2.7101506842495082
p787,process,,17,pre,post_odor,2.0,1.7951771020889282,1.7951771020889282,1.779975175857544,1.8103790283203125,1.4088595279285419,2.1814946762493146
p787,process,,32,pre,post_odor,2.0,1.6152606010437012,1.6152606010437012,1.4133937358856201,1.8171274662017822,-3.5146628352529943,6.745184037340397
p787,process,,30,pre,post_odor,2.0,1.1691002249717712,1.1691002249717712,1.1552298963069916,1.182970553636551,0.8166217534263254,1.521578696517217
p787,process,,40,pre,post_odor,2.0,1.3501989543437958,1.3501989543437958,1.0767120867967606,1.623685821890831,-5.599761309071643,8.300159217759234
p787,process,,3,pre,post_odor,2.0,0.6240505427122116,0.6240505427122116,0.37606406956911087,0.8720370158553123,-5.677883256404038,6.925984341828461
p787,process,,2,pre,post_odor,2.0,0.642095297574997,0.642095297574997,0.4601690322160721,0.8240215629339218,-3.981089451501294,5.265280046651288
p787,process,,1,pre,post_odor,2.0,0.7061887383460999,0.7061887383460999,0.6365956962108612,0.7757817804813385,-1.0623381448210485,2.474715621513248
p787,process,,4,pre,post_odor,2.0,0.739186018705368,0.739186018705368,0.6409312337636948,0.8374408036470413,-1.7577048088500615,3.2360768462607976
p787,process,,31,pre,post_odor,2.0,1.9087552428245544,1.9087552428245544,1.8371519148349762,1.9803585708141327,0.08914215237045608,3.728368333278653
p787,process,,21,pre,post_odor,2.0,2.055065333843231,2.055065333843231,1.9620402157306671,2.1480904519557953,-0.30892705884691285,4.419057726533375
p787,process,,12,pre,post_odor,2.0,1.122487872838974,1.122487872838974,1.0334949046373367,1.2114808410406113,-1.1390378752608008,3.384013620938749
p787,process,,22,pre,post_odor,2.0,1.008149415254593,1.008149415254593,0.9993377178907394,1.0169611126184464,0.7842229536979273,1.2320758768112585
p787,process,,10,pre,post_odor,2.0,1.4311961233615875,1.4311961233615875,1.0441551059484482,1.8182371407747269,-8.40444869373582,11.266840940458994
p787,process,,0,pre,post_odor,2.0,1.2199194431304932,1.2199194431304932,1.214559555053711,1.2252793312072754,1.08371177259734,1.3561271136636464
p787,process,,18,pre,post_odor,2.0,1.5393766164779663,1.5393766164779663,1.4183871746063232,1.6603660583496094,-1.5352566221952415,4.614009855151174
p787,process,,12,post,post_odor,2.0,0.8597603440284729,0.8597603440284729,0.7754760086536407,0.944044679403305,-1.2821076986215845,3.0016283866785303
p787,process,,18,post,post_odor,2.0,1.404273808002472,1.404273808002472,1.3408081233501434,1.4677394926548004,-0.20854215782549979,3.0170897738304436
p787,process,,40,post,post_odor,2.0,-0.14238905534148216,-0.14238905534148216,-0.15631586126983166,-0.12846224941313267,-0.4963027502346425,0.21152463955167816
p787,process,,32,post,post_odor,2.0,0.0439031720161438,0.0439031720161438,0.0013484880328178406,0.08645785599946976,-1.0375138823345635,1.1253202263668511
p787,process,,31,post,post_odor,2.0,-0.09261160343885422,-0.09261160343885422,-0.2469232939183712,0.061700087040662766,-4.014043468274778,3.82882026139707
p787,process,,0,post,post_odor,2.0,-0.12698838394135237,-0.12698838394135237,-0.20421612402424216,-0.04976064385846257,-2.089531337551917,1.8355545696692124
p787,process,,4,post,post_odor,2.0,0.5708740800619125,0.5708740800619125,0.4182542935013771,0.723493866622448,-3.30756242959698,4.449310589720805
p787,process,,2,post,post_odor,2.0,0.3416408356279135,0.3416408356279135,0.17949617747217417,0.5037854937836528,-3.7788456111798494,4.462127282435676
p787,process,,3,post,post_odor,2.0,0.8924866914749146,0.8924866914749146,0.7286641001701355,1.0563092827796936,-3.270640079583475,5.055613462533304
p787,process,,21,post,post_odor,2.0,3.5690853595733643,3.5690853595733643,3.3176780939102173,3.8204926252365112,-2.819779019782251,9.95794973892898
p787,process,,1,post,post_odor,2.0,0.08362290263175964,0.08362290263175964,0.05997222661972046,0.10727357864379883,-0.5173977604840514,0.6846435657475707
p787,process,,22,post,post_odor,2.0,0.4171779975295067,0.4171779975295067,0.3096713460981846,0.5246846489608288,-2.3148250496443867,3.1491810447034
p787,process,,10,post,post_odor,1.0,-0.08285373449325562,-0.08285373449325562,-0.08285373449325562,-0.08285373449325562,,
p787,process,,30,post,post_odor,2.0,0.8884007036685944,0.8884007036685944,0.7576483935117722,1.0191530138254166,-2.434330541492199,4.211131948829388
p787,process,,17,post,post_odor,2.0,0.8159736394882202,0.8159736394882202,0.6645196676254272,0.9674276113510132,-3.0328367097027575,4.664783988679198
p787,process,,39,post,post_odor,2.0,0.1340746283531189,0.1340746283531189,0.12791120260953903,0.14023805409669876,-0.022552870395152136,0.29070212710138993
p806,process,,39,pre,post_odor,2.0,2.6679683327674866,2.6679683327674866,2.107883542776108,3.2280531227588654,-11.565135689728242,16.901072355263217
p806,process,,17,pre,post_odor,2.0,3.7836247086524963,3.7836247086524963,2.5815020501613617,4.985747367143631,-26.765208524913437,34.332457942218426
p806,process,,32,pre,post_odor,2.0,2.5308871269226074,2.5308871269226074,1.9622061252593994,3.0995681285858154,-11.920667346488635,16.98244160033385
p806,process,,30,pre,post_odor,2.0,0.2376987636089325,0.2376987636089325,-0.08212222158908844,0.5575197488069534,-7.889723070093368,8.365120597311233
p806,process,,40,pre,post_odor,2.0,2.3868353366851807,2.3868353366851807,1.9994360208511353,2.774234652519226,-7.457914706597588,12.23158537996795
p806,process,,3,pre,post_odor,2.0,3.32132625579834,3.32132625579834,3.0857021808624268,3.556950330734253,-2.66644921801662,9.3091017296133
p806,process,,2,pre,post_odor,2.0,1.3492876589298248,1.3492876589298248,1.041447326540947,1.6571279913187027,-6.473676919840478,9.172252237700128
p806,process,,1,pre,post_odor,2.0,0.13633471727371216,0.13633471727371216,-0.31322208046913147,0.5858915150165558,-11.287986708045583,11.560656142593007
p806,process,,4,pre,post_odor,2.0,1.0129431784152985,1.0129431784152985,0.03911052644252777,1.9867758303880692,-23.734490931060666,25.760377287891263
p806,process,,31,pre,post_odor,2.0,1.7575046345591545,1.7575046345591545,0.7971425242722034,2.7178667448461056,-22.647610553782407,26.162619822900716
p806,process,,21,pre,post_odor,2.0,1.9399338960647583,1.9399338960647583,1.6526289582252502,2.2272388339042664,-5.361176827740708,9.241044619870225
p806,process,,12,pre,post_odor,2.0,0.4791848361492157,0.4791848361492157,-0.20262007415294647,1.1609897464513779,-16.847120724707775,17.805490397006206
p806,process,,22,pre,post_odor,2.0,1.9093966633081436,1.9093966633081436,1.0393356308341026,2.7794576957821846,-20.20095055985726,24.01974388647355
p806,process,,10,pre,post_odor,2.0,-0.5131362602114677,-0.5131362602114677,-0.646274384111166,-0.3799981363117695,-3.896496781130986,2.8702242607080506
p806,process,,0,pre,post_odor,2.0,0.4505087323486805,0.4505087323486805,0.2800400834530592,0.6209773812443018,-3.881510375585008,4.782527840282369
p806,process,,18,pre,post_odor,2.0,-0.20118281245231628,-0.20118281245231628,-0.5568874925374985,0.1545218676328659,-9.240495794008009,8.838130169103376
p806,process,,12,post,post_odor,2.0,0.2661636620759964,0.2661636620759964,0.2161722406744957,0.3161550834774971,-1.00423880868371,1.5365661328357028
p806,process,,18,post,post_odor,2.0,0.42052221298217773,0.42052221298217773,0.4195817708969116,0.42146265506744385,0.39662331362636516,0.4444211123379903
p806,process,,40,post,post_odor,2.0,0.09502667188644409,0.09502667188644409,-0.12295985221862793,0.3130131959915161,-5.444536138125805,5.6345894818986935
p806,process,,32,post,post_odor,2.0,0.30237726867198944,0.30237726867198944,0.2176523432135582,0.3871021941304207,-1.8506872295919448,2.4554417669359236
p806,process,,31,post,post_odor,2.0,0.16306764632463455,0.16306764632463455,0.15620991960167885,0.16992537304759026,-0.011203713208588512,0.3373390058578576
p806,process,,0,post,post_odor,2.0,-0.011663444340229034,-0.011663444340229034,-0.12936541810631752,0.10603852942585945,-3.0027541973877954,2.9794273087073373
p806,process,,4,post,post_odor,2.0,-0.036781877279281616,-0.036781877279281616,-0.09307680279016495,0.019513048231601715,-1.4673715755772563,1.393807821018693
p806,process,,2,post,post_odor,2.0,0.08294166997075081,0.08294166997075081,0.03207625262439251,0.1338070873171091,-1.2096711436168495,1.375554483558351
p806,process,,3,post,post_odor,2.0,-0.2092813542112708,-0.2092813542112708,-0.3026407207362354,-0.11592198768630624,-2.5817678044228187,2.163205096000277
p806,process,,21,post,post_odor,2.0,1.3384704291820526,1.3384704291820526,1.0885874778032303,1.588353380560875,-5.011657451415753,7.6885983097798585
p806,process,,1,post,post_odor,2.0,-0.35027316957712173,-0.35027316957712173,-0.4099894352257252,-0.2905569039285183,-1.867807364399024,1.1672610252447806
p806,process,,22,post,post_odor,2.0,0.09275256842374802,0.09275256842374802,0.062304090708494186,0.12320104613900185,-0.6810166150859877,0.8665217519334837
p806,process,,10,post,post_odor,1.0,-0.08108516782522202,-0.08108516782522202,-0.08108516782522202,-0.08108516782522202,,
p806,process,,30,post,post_odor,2.0,0.025258204899728298,0.025258204899728298,0.022687068674713373,0.027829341124743223,-0.04008056165954163,0.09059697145899823
p806,process,,17,post,post_odor,2.0,0.06353064812719822,0.06353064812719822,0.05164638813585043,0.07541490811854601,-0.2384770330487912,0.36553832930318764
p806,process,,39,post,post_odor,2.0,0.15050717070698738,0.15050717070698738,0.13709054701030254,0.16392379440367222,-0.19044156440959364,0.4914559058235684
p825,process,,39,pre,post_odor,2.0,0.873618558049202,0.873618558049202,0.6862024590373039,1.0610346570611,-3.8890760917515257,5.63631320784993
p825,process,,17,pre,post_odor,2.0,1.8342002034187317,1.8342002034187317,1.5051974952220917,2.1632029116153717,-6.526551334786163,10.194951741623626
p825,process,,32,pre,post_odor,2.0,1.2542526721954346,1.2542526721954346,1.1950190663337708,1.3134862780570984,-0.2510159744849212,2.75952131887579
p825,process,,30,pre,post_odor,2.0,0.26300301402807236,0.26300301402807236,0.22976503148674965,0.29624099656939507,-0.5816542083468202,1.1076602364029648
p825,process,,40,pre,post_odor,2.0,0.44969823956489563,0.44969823956489563,0.3842291384935379,0.5151673406362534,-1.2140293646470746,2.1134258437768656
p825,process,,3,pre,post_odor,2.0,1.22759610414505,1.22759610414505,0.9844034016132355,1.4707888066768646,-4.952516433280681,7.407708641570781
p825,process,,2,pre,post_odor,2.0,0.8614611625671387,0.8614611625671387,0.5715786218643188,1.1513437032699585,-6.505152660657907,8.228074985792183
p825,process,,1,pre,post_odor,2.0,0.507520005106926,0.507520005106926,0.41965801268815994,0.595381997525692,-1.7252649232952137,2.7403049335090657
p825,process,,4,pre,post_odor,2.0,0.6162330023944378,0.6162330023944378,0.26176627166569233,0.9706997331231833,-8.391620703209453,9.624086707998329
p825,process,,31,pre,post_odor,2.0,1.5822963118553162,1.5822963118553162,1.2322761118412018,1.9323165118694305,-7.312560334496991,10.477152958207624
p825,process,,21,pre,post_odor,2.0,1.149956226348877,1.149956226348877,1.0906652212142944,1.2092472314834595,-0.3567710741583039,2.6566835268560576
p825,process,,12,pre,post_odor,2.0,0.7567356750369072,0.7567356750369072,0.47688620164990425,1.0365851484239101,-6.354913733294954,7.868385083368769
p825,process,,22,pre,post_odor,2.0,1.4234598129987717,1.4234598129987717,0.8827840760350227,1.9641355499625206,-12.316413406488287,15.16333303248583
p825,process,,10,pre,post_odor,2.0,0.24370045959949493,0.24370045959949493,-0.02075348049402237,0.5081543996930122,-6.476711352633121,6.964112271832111
p825,process,,0,pre,post_odor,2.0,0.4258011281490326,0.4258011281490326,0.35406164824962616,0.497540608048439,-1.3972719103880615,2.248874166686127
p825,process,,18,pre,post_odor,2.0,0.49148593470454216,0.49148593470454216,0.18579563684761524,0.7971762325614691,-7.276841086160133,8.259812955569217
p825,process,,12,post,post_odor,2.0,0.02127327024936676,0.02127327024936676,-0.060673706233501434,0.10322024673223495,-2.061196851154265,2.1037433916529986
p825,process,,18,post,post_odor,2.0,0.3300793915987015,0.3300793915987015,0.2566792890429497,0.4034794941544533,-1.5351940698605022,2.195352853057905
p825,process,,40,post,post_odor,2.0,0.1353297233581543,0.1353297233581543,0.11205488443374634,0.15860456228256226,-0.45614001379187674,0.7267994605081853
p825,process,,32,post,post_odor,2.0,-0.07281233975663781,-0.07281233975663781,-0.11316047911532223,-0.03246420039795339,-1.098155778586943,0.9525310990736673
p825,process,,31,post,post_odor,2.0,0.011225974187254906,0.011225974187254906,-0.011930798180401325,0.03438274655491114,-0.5772434072776108,0.5996953556521206
p825,process,,0,post,post_odor,2.0,-0.1377294883131981,-0.1377294883131981,-0.17505810782313347,-0.10040086880326271,-1.0863396523372062,0.8108806757108099
p825,process,,4,post,post_odor,2.0,-0.015107385814189911,-0.015107385814189911,-0.09471441432833672,0.0644996426999569,-2.0381137912926817,2.007899019664302
p825,process,,2,post,post_odor,2.0,-0.008623221889138222,-0.008623221889138222,-0.019664308987557888,0.0024178652092814445,-0.28920384825405276,0.2719574044757763
p825,process,,3,post,post_odor,2.0,0.053364085499197245,0.053364085499197245,0.02050279057584703,0.08622538042254746,-0.7817205968846146,0.8884487678830091
p825,process,,21,post,post_odor,2.0,3.267927408218384,3.267927408218384,3.101304054260254,3.4345507621765137,-0.9663734902218204,7.502228306658588
p825,process,,1,post,post_odor,2.0,0.05610243231058121,0.05610243231058121,-0.04442054405808449,0.1566254086792469,-2.4984286045492525,2.610633469170415
p825,process,,22,post,post_odor,2.0,0.04743537539616227,0.04743537539616227,0.030736893182620406,0.06413385760970414,-0.3769132921811068,0.47178404297343135
p825,process,,10,post,post_odor,1.0,0.05951719358563423,0.05951719358563423,0.05951719358563423,0.05951719358563423,,
p825,process,,30,post,post_odor,2.0,0.05473991297185421,0.05473991297185421,-0.0007812967523932457,0.11026112269610167,-1.3561878029409087,1.465667628884617
p825,process,,17,post,post_odor,2.0,-0.12776989303529263,-0.12776989303529263,-0.1645755795761943,-0.09096420649439096,-1.0630910703236243,0.8075512842530389
p825,process,,39,post,post_odor,2.0,0.020942099392414093,0.020942099392414093,-0.019826874136924744,0.06171107292175293,-1.0150957497025177,1.0569799484873459
p844,process,,39,pre,post_odor,2.0,0.365749329328537,0.365749329328537,0.32662858068943024,0.40487007796764374,-0.6284031539532988,1.3599018126103728
p844,process,,17,pre,post_odor,2.0,0.6556529328227043,0.6556529328227043,0.42494072392582893,0.8863651417195797,-5.207300189934902,6.51860605558031
p844,process,,32,pre,post_odor,2.0,0.4243530109524727,0.4243530109524727,0.30341387912631035,0.545292142778635,-2.6490017282444063,3.4977077501493516
p844,process,,30,pre,post_odor,2.0,-0.01582884043455124,-0.01582884043455124,-0.05149218812584877,0.019834507256746292,-0.9221204351205703,0.8904627542514678
p844,process,,40,pre,post_odor,2.0,0.37189601734280586,0.37189601734280586,0.2275924514979124,0.5161995831876993,-3.295205286227758,4.03899732091337
p844,process,,3,pre,post_odor,2.0,0.4855620339512825,0.4855620339512825,0.34584493562579155,0.6252791322767735,-3.0649860789845946,4.036110146887159
p844,process,,2,pre,post_odor,2.0,0.18772997707128525,0.18772997707128525,0.16833597049117088,0.2071239836513996,-0.3051184594520194,0.6805784135945898
p844,process,,1,pre,post_odor,2.0,0.15753589197993279,0.15753589197993279,0.03825479932129383,0.27681698463857174,-2.873684076970649,3.1887558609305144
p844,process,,4,pre,post_odor,2.0,0.18177317455410957,0.18177317455410957,0.06366330198943615,0.299883047118783,-2.8196832697863763,3.1832296188945954
p844,process,,31,pre,post_odor,2.0,0.3929215408861637,0.3929215408861637,0.23640297912061214,0.5494401026517153,-3.584592240723241,4.3704353224955685
p844,process,,21,pre,post_odor,2.0,0.5902379751205444,0.5902379751205444,0.5317826867103577,0.6486932635307312,-0.8952517497834009,2.0757277000244896
p844,process,,12,pre,post_odor,2.0,0.44543205201625824,0.44543205201625824,0.4284214749932289,0.46244262903928757,0.013152303346098904,0.8777118006864175
p844,process,,22,pre,post_odor,2.0,0.21217930084094405,0.21217930084094405,0.10718428739346564,0.31717431428842247,-2.455996973441208,2.880355575123096
p844,process,,10,pre,post_odor,2.0,0.1532815508544445,0.1532815508544445,0.015893982723355293,0.2906691189855337,-3.338067586903094,3.644630688611983
p844,process,,0,pre,post_odor,2.0,0.2384161651134491,0.2384161651134491,0.20965537428855896,0.26717695593833923,-0.49246482807724834,0.9692971583041465
p844,process,,18,pre,post_odor,2.0,0.19559752941131592,0.19559752941131592,-0.028202980756759644,0.4193980395793915,-5.491712675100512,5.882907733923144
p844,process,,12,post,post_odor,2.0,-0.20704691857099533,-0.20704691857099533,-0.22927021607756615,-0.18482362106442451,-0.7717944546338141,0.35770061749182347
p844,process,,18,post,post_odor,2.0,0.301801947876811,0.301801947876811,0.1666479231789708,0.43695597257465124,-3.1327874695807263,3.7363913653343483
p844,process,,40,post,post_odor,2.0,-0.09580167755484581,-0.09580167755484581,-0.10273164696991444,-0.08887170813977718,-0.2719088979614273,0.08030554285173569
p844,process,,32,post,post_odor,2.0,0.012719031423330307,0.012719031423330307,-0.04551752470433712,0.07095558755099773,-1.467212179152412,1.4926502419990726
p844,process,,31,post,post_odor,2.0,-0.20887232199311256,-0.20887232199311256,-0.269285099580884,-0.14845954440534115,-1.7441065634155317,1.3263619194293066
p844,process,,0,post,post_odor,2.0,0.14481962472200394,0.14481962472200394,0.14350691810250282,0.14613233134150505,0.11146058659017809,0.17817866285382977
p844,process,,4,post,post_odor,2.0,0.4316887347958982,0.4316887347958982,0.22284652129746974,0.6405309482943267,-4.875495109737978,5.738872579329774
p844,process,,2,post,post_odor,2.0,-0.1208588182926178,-0.1208588182926178,-0.25773610174655914,0.016018465161323547,-3.599240392887009,3.3575227563017735
p844,process,,3,post,post_odor,2.0,-0.03210349194705486,-0.03210349194705486,-0.07639339845627546,0.012186414562165737,-1.1576167316514412,1.0934097477573315
p844,process,,21,post,post_odor,2.0,1.3568559885025024,1.3568559885025024,1.3387135863304138,1.374998390674591,0.8958138356933455,1.8178981413116593
p844,process,,1,post,post_odor,2.0,-0.20430374890565872,-0.20430374890565872,-0.20898908749222755,-0.1996184103190899,-0.32336949158414463,-0.08523800622717283
p844,process,,22,post,post_odor,2.0,-0.06067856028676033,-0.06067856028676033,-0.1361894328147173,0.014832312241196632,-1.9795917725815806,1.85823465200806
p844,process,,10,post,post_odor,1.0,-0.11601406335830688,-0.11601406335830688,-0.11601406335830688,-0.11601406335830688,,
p844,process,,30,post,post_odor,2.0,0.05097566545009613,0.05097566545009613,-0.020069733262062073,0.12202106416225433,-1.754459097749592,1.8564104286497842
p844,process,,17,post,post_odor,2.0,0.07840225100517273,0.07840225100517273,-0.016725271940231323,0.17352977395057678,-2.339017314173747,2.4958218161840926
p844,process,,39,post,post_odor,2.0,0.15118438005447388,0.15118438005447388,0.01862935721874237,0.2837394028902054,-3.217358137863759,3.5197268979727068
p863,process,,39,pre,post_odor,2.0,0.26470326632261276,0.26470326632261276,0.2122543789446354,0.31715215370059013,-1.0681493360956857,1.5975558687409113
p863,process,,17,pre,post_odor,2.0,1.286577269434929,1.286577269434929,0.4364146664738655,2.1367398723959923,-20.31810291509001,22.891257453959867
p863,process,,32,pre,post_odor,2.0,0.7390583455562592,0.7390583455562592,0.7179112583398819,0.7602054327726364,0.2016599060661951,1.276456785046323
p863,process,,30,pre,post_odor,2.0,0.19475075975060463,0.19475075975060463,0.1326421108096838,0.25685940869152546,-1.3835796589104747,1.773081178411684
p863,process,,40,pre,post_odor,2.0,0.6263044844381511,0.6263044844381511,0.3119094625581056,0.9406995063181967,-7.36323054764581,8.615839516522112
p863,process,,3,pre,post_odor,2.0,1.102623075246811,1.102623075246811,0.7625798732042313,1.4426662772893906,-7.5386940133480564,9.743940163841678
p863,process,,2,pre,post_odor,2.0,0.38550373911857605,0.38550373911857605,0.3690899759531021,0.40191750228405,-0.03160953142461331,0.8026170096617654
p863,process,,1,pre,post_odor,2.0,0.29763267934322357,0.29763267934322357,0.27421391755342484,0.3210514411330223,-0.29749448459455174,0.8927598432809989
p863,process,,4,pre,post_odor,2.0,0.3312051296234131,0.3312051296234131,-0.13656604290008545,0.7989763021469116,-11.55598744590472,12.218397705151546
p863,process,,31,pre,post_odor,2.0,1.407729372382164,1.407729372382164,0.8446420207619667,1.9708167240023613,-12.901676975691068,15.717135720455396
p863,process,,21,pre,post_odor,2.0,0.7177102193236351,0.7177102193236351,0.3729209341108799,1.0624995045363903,-8.04421627818156,9.47963671682883
p863,process,,12,pre,post_odor,2.0,0.42695118486881256,0.42695118486881256,0.06844719499349594,0.7854551747441292,-8.683499003313733,9.537401373051358
p863,process,,22,pre,post_odor,2.0,0.8944490142166615,0.8944490142166615,0.40211006812751293,1.38678796030581,-11.61706988298573,13.405967911419053
p863,process,,10,pre,post_odor,2.0,0.4158226102590561,0.4158226102590561,0.36315730959177017,0.468487910926342,-0.922529575282409,1.7541747958005212
p863,process,,0,pre,post_odor,2.0,0.5637635886669159,0.5637635886669159,0.4933478385210037,0.6341793388128281,-1.2256702873436505,2.353197464677482
p863,process,,18,pre,post_odor,2.0,0.19677060842514038,0.19677060842514038,-0.20075032114982605,0.5942915380001068,-9.905194027762871,10.298735244613152
p863,process,,12,post,post_odor,2.0,0.07169157266616821,0.07169157266616821,-0.022797957062721252,0.16618110239505768,-2.3295150476541013,2.4728981929864378
p863,process,,18,post,post_odor,2.0,0.2213729014620185,0.2213729014620185,0.10484979907050729,0.3378960038535297,-2.7397598894995583,3.1825056924235953
p863,process,,40,post,post_odor,2.0,0.19484976679086685,0.19484976679086685,0.176928598433733,0.21277093514800072,-0.26057030172352985,0.6502698353052636
p863,process,,32,post,post_odor,2.0,-0.21996375918388367,-0.21996375918388367,-0.2752712666988373,-0.16465625166893005,-1.625460787048926,1.1855332686811586
p863,process,,31,post,post_odor,2.0,0.03969100629910827,0.03969100629910827,0.014381058746948838,0.0650009538512677,-0.6034957446200542,0.6828777572182707
p863,process,,0,post,post_odor,2.0,0.09557208698242903,0.09557208698242903,0.03401442291215062,0.15712975105270743,-1.4687564785328153,1.6599006524976734
p863,process,,4,post,post_odor,2.0,0.04346951749175787,0.04346951749175787,0.011091048363596201,0.07584798661991954,-0.7793453980809097,0.8662844330644255
p863,process,,2,post,post_odor,2.0,0.19412914663553238,0.19412914663553238,0.19286879524588585,0.1953894980251789,0.16210058104279018,0.22615771222827458
p863,process,,3,post,post_odor,2.0,-0.07382284104824066,-0.07382284104824066,-0.18366103619337082,0.036015354096889496,-2.8650760317801067,2.7174303496836254
p863,process,,21,post,post_odor,2.0,0.03476959094405174,0.03476959094405174,-0.027140704914927483,0.09667988680303097,-1.538520197978625,1.6080593798667284
p863,process,,1,post,post_odor,2.0,0.1411232091486454,0.1411232091486454,0.014268508180975914,0.2679779101163149,-3.082560395334208,3.364806813631499
p863,process,,22,post,post_odor,2.0,0.027973809163086116,0.027973809163086116,0.015357788011897355,0.04058983031427488,-0.2926296862427433,0.34857730456891556
p863,process,,10,post,post_odor,1.0,-0.26163846254348755,-0.26163846254348755,-0.26163846254348755,-0.26163846254348755,,
p863,process,,30,post,post_odor,2.0,0.06987974792718887,0.06987974792718887,-0.050274286419153214,0.19003378227353096,-2.9835237726367887,3.1232832684911664
p863,process,,17,post,post_odor,2.0,0.016593437641859055,0.016593437641859055,-0.03826880268752575,0.07145567797124386,-1.377588278178908,1.410775153462626
p863,process,,39,post,post_odor,2.0,0.14539571106433868,0.14539571106433868,0.03419060260057449,0.2566008195281029,-2.680594040633863,2.9713854627625405
p882,process,,39,pre,post_odor,2.0,0.9637593924999237,0.9637593924999237,0.8246365934610367,1.1028821915388107,-2.5716861436156493,4.499204928615496
p882,process,,17,pre,post_odor,2.0,1.5296267569065094,1.5296267569065094,0.9565592855215073,2.1026942282915115,-13.033398481213029,16.092651995026046
p882,process,,32,pre,post_odor,2.0,0.9121055155992508,0.9121055155992508,0.6921516582369804,1.1320593729615211,-4.677451972713494,6.501663003911996
p882,process,,30,pre,post_odor,2.0,-0.01679004728794098,-0.01679004728794098,-0.1689036414027214,0.13532354682683945,-3.8823629872434964,3.8487828926676144
p882,process,,40,pre,post_odor,2.0,0.6801030337810516,0.6801030337810516,0.6607327610254288,0.6994733065366745,0.18785773092407,1.1723483366380334
p882,process,,3,pre,post_odor,2.0,1.0051469951868057,1.0051469951868057,0.6889726147055626,1.3213213756680489,-7.029605826268936,9.039899816642547
p882,process,,2,pre,post_odor,2.0,0.6871905028820038,0.6871905028820038,0.5197140127420425,0.854666993021965,-3.5687906415465767,4.943171647310584
p882,process,,1,pre,post_odor,2.0,0.06541239144280553,0.06541239144280553,0.02996630105189979,0.10085848183371127,-0.8353581717648001,0.9661829546504112
p882,process,,4,pre,post_odor,2.0,0.728134885430336,0.728134885430336,0.181122325360775,1.275147445499897,-13.172772277575461,14.629042048436133
p882,process,,31,pre,post_odor,2.0,0.5876087201759219,0.5876087201759219,0.2929852386005223,0.8822322017513216,-6.899483833787319,8.074701274139162
p882,process,,21,pre,post_odor,2.0,0.7142522484064102,0.7142522484064102,0.6066697761416435,0.8218347206711769,-2.0196775888335123,3.4481820856463328
p882,process,,12,pre,post_odor,2.0,0.01937541365623474,0.01937541365623474,-0.23538826406002045,0.27413909137248993,-6.454783483150895,6.493534310463365
p882,process,,22,pre,post_odor,2.0,0.7580960765480995,0.7580960765480995,0.48011859878897667,1.0360735543072224,-6.305981412357624,7.822173565453823
p882,process,,10,pre,post_odor,2.0,-0.3408248499035835,-0.3408248499035835,-0.41546376422047615,-0.2661859355866909,-2.23757950309606,1.5559298032888929
p882,process,,0,pre,post_odor,2.0,0.1989515032619238,0.1989515032619238,0.0898507097736001,0.3080522967502475,-2.5735625346215873,2.971465541145435
p882,process,,18,pre,post_odor,2.0,0.03289611637592316,0.03289611637592316,-0.1616327092051506,0.22742494195699692,-4.910550053465558,4.976342286217404
p882,process,,12,post,post_odor,2.0,0.20110081136226654,0.20110081136226654,0.1775970682501793,0.2246045544743538,-0.39618593273500613,0.7983875554595392
p882,process,,18,post,post_odor,2.0,0.08825991675257683,0.08825991675257683,0.07878372631967068,0.09773610718548298,-0.1525529147663941,0.32907274827154775
p882,process,,40,post,post_odor,2.0,-0.07137209549546242,-0.07137209549546242,-0.1674650777131319,0.02472088672220707,-2.5133263070300673,2.3705821160391425
p882,process,,32,post,post_odor,2.0,-0.143349289894104,-0.143349289894104,-0.4032875895500183,0.1165890097618103,-6.7490077982964545,6.4623092185082465
p882,process,,31,post,post_odor,2.0,0.15087669529020786,0.15087669529020786,0.09542251285165548,0.20633087772876024,-1.2583476957926518,1.5601010863730675
p882,process,,0,post,post_odor,2.0,0.14981795474886894,0.14981795474886894,0.08897839672863483,0.21065751276910305,-1.3962618057780782,1.6958977152758161
p882,process,,4,post,post_odor,2.0,-0.1268591620028019,-0.1268591620028019,-0.14041963405907154,-0.11329868994653225,-0.4714634305350778,0.217745106529474
p882,process,,2,post,post_odor,2.0,-0.017904803156852722,-0.017904803156852722,-0.1635175421833992,0.12770793586969376,-3.718275351689801,3.6824657453760956
p882,process,,3,post,post_odor,2.0,-0.10212399810552597,-0.10212399810552597,-0.18794554099440575,-0.016302455216646194,-2.2830561875465336,2.0788081913354817
p882,process,,21,post,post_odor,2.0,0.43371916003525257,0.43371916003525257,0.2452109484001994,0.6222273716703057,-4.356728702935015,5.22416702300552
p882,process,,1,post,post_odor,2.0,-0.09122506808489561,-0.09122506808489561,-0.1286542764864862,-0.053795859683305025,-1.0423914382120154,0.8599413020422243
p882,process,,22,post,post_odor,2.0,0.279899962246418,0.279899962246418,0.21437088772654533,0.34542903676629066,-1.3853517117966831,1.9451516362895191
p882,process,,10,post,post_odor,1.0,-0.12287987768650055,-0.12287987768650055,-0.12287987768650055,-0.12287987768650055,,
p882,process,,30,post,post_odor,2.0,-0.02065350115299225,-0.02065350115299225,-0.180723138153553,0.1394161358475685,-4.08840866070157,4.047101658395586
p882,process,,17,post,post_odor,2.0,0.005311265587806702,0.005311265587806702,-0.1179845854640007,0.1286071166396141,-3.127933387582523,3.1385559187581364
p882,process,,39,post,post_odor,2.0,0.20190556347370148,0.20190556347370148,-0.12022218853235245,0.5240333154797554,-7.984136772911556,8.38794789985896
p901,process,,39,pre,post_odor,2.0,-0.5117015540599823,-0.5117015540599823,-0.5864530056715012,-0.43695010244846344,-2.411316051064411,1.3879129429444466
p901,process,,17,pre,post_odor,2.0,-0.4778430014848709,-0.4778430014848709,-0.6481235101819038,-0.307562492787838,-4.8050810136538225,3.8493950106840806
p901,process,,32,pre,post_odor,2.0,0.030791863799095154,0.030791863799095154,-0.14630679041147232,0.20789051800966263,-4.469711654001858,4.5312953816000485
p901,process,,30,pre,post_odor,2.0,-0.025249630212783813,-0.025249630212783813,-0.11820545047521591,0.06770619004964828,-2.38748099755982,2.3369817371342525
p901,process,,40,pre,post_odor,2.0,-0.283025361597538,-0.283025361597538,-0.4935460276901722,-0.0725046955049038,-5.632862730735297,5.066812007540221
p901,process,,3,pre,post_odor,2.0,-0.31651296466588974,-0.31651296466588974,-0.3545663617551327,-0.2784595675766468,-1.2835414733116397,0.6505155439798601
p901,process,,2,pre,post_odor,2.0,-0.11645134538412094,-0.11645134538412094,-0.14686446264386177,-0.08603822812438011,-0.8893219345192315,0.6564192437509896
p901,process,,1,pre,post_odor,2.0,-0.02543381229043007,-0.02543381229043007,-0.029201654717326164,-0.021665969863533974,-0.1211837668700043,0.07031614228914417
p901,process,,4,pre,post_odor,2.0,-0.10522298514842987,-0.10522298514842987,-0.3104756101965904,0.10002963989973068,-5.321186738146881,5.110740767850022
p901,process,,31,pre,post_odor,2.0,-0.2449752539396286,-0.2449752539396286,-0.2676158919930458,-0.2223346158862114,-0.820328418868322,0.33037791098906477
p901,process,,21,pre,post_odor,2.0,-0.2178431674838066,-0.2178431674838066,-0.2343393824994564,-0.20134695246815681,-0.6370517382054177,0.20136540323780444
p901,process,,12,pre,post_odor,2.0,-0.05676288902759552,-0.05676288902759552,-0.24176519364118576,0.12823941558599472,-4.758117207196462,4.644591429141271
p901,process,,22,pre,post_odor,2.0,-0.1084366925060749,-0.1084366925060749,-0.20946740545332432,-0.007405979558825493,-2.675870539204968,2.458997154192818
p901,process,,10,pre,post_odor,2.0,-0.2817399576306343,-0.2817399576306343,-0.33378978446125984,-0.22969013080000877,-1.6044514700153678,1.0409715547540992
p901,process,,0,pre,post_odor,2.0,0.07109800260514021,0.07109800260514021,0.026431013364344835,0.11576499184593558,-1.0639978178789762,1.2061938230892566
p901,process,,18,pre,post_odor,2.0,-0.31462833285331726,-0.31462833285331726,-0.3934648185968399,-0.23579184710979462,-2.3180533899287497,1.6887967242221151
p901,process,,12,post,post_odor,2.0,0.07954931259155273,0.07954931259155273,-0.09045612812042236,0.24955475330352783,-4.240698559308376,4.399797184491481
p901,process,,18,post,post_odor,2.0,0.16278960555791855,0.16278960555791855,0.13717546686530113,0.18840374425053596,-0.48812737518042326,0.8137065862962604
p901,process,,40,post,post_odor,2.0,0.1523021124303341,0.1523021124303341,0.05789966322481632,0.24670456163585186,-2.246691581972948,2.551295806833616
p901,process,,32,post,post_odor,2.0,0.13710153847932816,0.13710153847932816,0.12161855772137642,0.1525845192372799,-0.25635830839424784,0.5305613853529041
p901,process,,31,post,post_odor,2.0,-0.10615303367376328,-0.10615303367376328,-0.1759234182536602,-0.03638264909386635,-1.8791866156613952,1.6668805483138687
p901,process,,0,post,post_odor,2.0,0.3282226976007223,0.3282226976007223,0.18224877957254648,0.47419661562889814,-3.3813262796144454,4.03777167481589
p901,process,,4,post,post_odor,2.0,-0.6441354751586914,-0.6441354751586914,-0.6813731491565704,-0.6068978011608124,-1.5904344945906508,0.3021635442732681
p901,process,,2,post,post_odor,2.0,0.13312193751335144,0.13312193751335144,0.11857323348522186,0.14767064154148102,-0.23659568654149632,0.5028395615681992
p901,process,,3,post,post_odor,2.0,-0.030344802886247635,-0.030344802886247635,-0.09873786009848118,0.03804825432598591,-1.7683771778293447,1.7076875720568494
p901,process,,21,post,post_odor,2.0,0.6559263169765472,0.6559263169765472,0.5746663063764572,0.7371863275766373,-1.4090863461203917,2.7209389800734862
p901,process,,1,post,post_odor,2.0,-0.16468429565429688,-0.16468429565429688,-0.2060338482260704,-0.12333474308252335,-1.2154760571066434,0.8861074657980497
p901,process,,22,post,post_odor,2.0,0.1721220351755619,0.1721220351755619,0.12686200998723507,0.21738206036388874,-0.9780442576390469,1.3222883279901707
p901,process,,10,post,post_odor,1.0,-0.08848203718662262,-0.08848203718662262,-0.08848203718662262,-0.08848203718662262,,
p901,process,,30,post,post_odor,2.0,0.12815912114456296,0.12815912114456296,0.07116483966819942,0.1851534026209265,-1.3202028973151252,1.576521139604251
p901,process,,17,post,post_odor,2.0,0.4076033681631088,0.4076033681631088,0.3335704281926155,0.48163630813360214,-1.4737520168089289,2.2889587531351463
p901,process,,39,post,post_odor,2.0,0.24807003885507584,0.24807003885507584,0.23078888282179832,0.26535119488835335,-0.1910857744181334,0.687225852128285
p920,process,,39,pre,post_odor,2.0,0.9398595094680786,0.9398595094680786,0.9310895204544067,0.9486294984817505,0.7169929575846434,1.1627260613515138
p920,process,,17,pre,post_odor,2.0,1.5968401432037354,1.5968401432037354,1.3390624523162842,1.8546178340911865,-4.953912090464882,8.147592376872353
p920,process,,32,pre,post_odor,2.0,1.058937132358551,1.058937132358551,0.8715513050556183,1.2463229596614838,-3.702988240378523,5.820862505095625
p920,process,,30,pre,post_odor,2.0,0.30297913507092744,0.30297913507092744,0.15003207855625078,0.4559261915856041,-3.5837740926705988,4.189732362812453
p920,process,,40,pre,post_odor,2.0,0.6570682674646378,0.6570682674646378,0.5652263388037682,0.7489101961255074,-1.6768564303956817,2.990992965324957
p920,process,,3,pre,post_odor,2.0,1.2065963670611382,1.2065963670611382,0.6957600004971027,1.7174327336251736,-11.7749865534313,14.188179287553575
p920,process,,2,pre,post_odor,2.0,0.6239916980266571,0.6239916980266571,0.4554251879453659,0.7925582081079483,-3.659689479484026,4.90767287553734
p920,process,,1,pre,post_odor,2.0,0.17536380607634783,0.17536380607634783,0.10242105601355433,0.24830655613914132,-1.6782872265585995,2.029014838711295
p920,process,,4,pre,post_odor,2.0,0.7133663389831781,0.7133663389831781,0.3689214428886771,1.0578112350776792,-8.03980840123112,9.466541079197476
p920,process,,31,pre,post_odor,2.0,0.5566894114017487,0.5566894114017487,0.4501374214887619,0.6632414013147354,-2.151053386360712,3.2644322091642093
p920,process,,21,pre,post_odor,2.0,0.7541549503803253,0.7541549503803253,0.712533250451088,0.7957766503095627,-0.3035527311567101,1.8118626319173607
p920,process,,12,pre,post_odor,2.0,0.5049725510179996,0.5049725510179996,0.19726022146642208,0.8126848805695772,-7.314739167237206,8.324684269273206
p920,process,,22,pre,post_odor,2.0,0.6066979519091547,0.6066979519091547,0.3075323032680899,0.9058636005502194,-6.995822011418588,8.209217915236898
p920,process,,10,pre,post_odor,2.0,-0.150003083050251,-0.150003083050251,-0.1923985816538334,-0.10760758444666862,-1.2273748533489033,0.9273686872484013
p920,process,,0,pre,post_odor,2.0,0.19812308624386787,0.19812308624386787,0.13077769987285137,0.2654684726148844,-1.513285448289981,1.9095316207777167
p920,process,,18,pre,post_odor,2.0,0.3559522498399019,0.3559522498399019,0.1554539604112506,0.5564505392685533,-4.739192379626607,5.4510968793064105
p920,process,,12,post,post_odor,2.0,0.19264408200979233,0.19264408200979233,0.14605656638741493,0.23923159763216972,-0.9912569412855361,1.3765451053051208
p920,process,,18,post,post_odor,2.0,-0.19679502211511135,-0.19679502211511135,-0.27161410730332136,-0.12197593692690134,-2.0981282512644954,1.7045382070342725
p920,process,,40,post,post_odor,2.0,-0.0390631053596735,-0.0390631053596735,-0.0693455571308732,-0.008780653588473797,-0.8086131695960722,0.7304869588767252
p920,process,,32,post,post_odor,2.0,-0.1682187356054783,-0.1682187356054783,-0.21951557882130146,-0.11692189238965511,-1.4717951200448847,1.135357648833928
p920,process,,31,post,post_odor,2.0,0.03569412603974342,0.03569412603974342,-0.0006734710186719894,0.07206172309815884,-0.8884941419341181,0.959882394013605
p920,process,,0,post,post_odor,2.0,0.01577714830636978,0.01577714830636978,-0.031474772840738297,0.06302906945347786,-1.185008020239106,1.2165623168518456
p920,process,,4,post,post_odor,2.0,0.18043632805347443,0.18043632805347443,0.17495905607938766,0.1859136000275612,0.04124564985655818,0.31962700625039064
p920,process,,2,post,post_odor,2.0,-0.22621325869113207,-0.22621325869113207,-0.34607032546773553,-0.10635619191452861,-3.272070117772903,2.8196436003906387
p920,process,,3,post,post_odor,2.0,0.027980901300907135,0.027980901300907135,-0.09489934518933296,0.15086114779114723,-3.0947022385722978,3.150664041174112
p920,process,,21,post,post_odor,2.0,0.39023125171661377,0.39023125171661377,0.29030635952949524,0.4901561439037323,-2.149101025022808,2.9295635284560357
p920,process,,1,post,post_odor,2.0,0.003776591271162033,0.003776591271162033,-0.04923561401665211,0.05678879655897617,-1.3433912765350162,1.3509444590773403
p920,process,,22,post,post_odor,2.0,0.08911241684108973,0.08911241684108973,0.05070859333500266,0.1275162403471768,-0.8868212713994313,1.0650461050816107
p920,process,,10,post,post_odor,1.0,-0.2693597674369812,-0.2693597674369812,-0.2693597674369812,-0.2693597674369812,,
p920,process,,30,post,post_odor,2.0,-0.04645170271396637,-0.04645170271396637,-0.15900587290525436,0.06610246747732162,-2.9067243634354782,2.8138209580075455
p920,process,,17,post,post_odor,2.0,0.2059982791543007,0.2059982791543007,0.147739227861166,0.2642573304474354,-1.274504587777444,1.6865011460860453
p920,process,,39,post,post_odor,2.0,0.14541856572031975,0.14541856572031975,0.03255348093807697,0.2582836505025625,-2.7227551838974633,3.013592315338103
p939,process,,39,pre,post_odor,2.0,3.078933358192444,3.078933358192444,3.0469046235084534,3.1109620928764343,2.2650060375216388,3.892860678863249
p939,process,,17,pre,post_odor,2.0,1.377926766872406,1.377926766872406,1.2903902232646942,1.4654633104801178,-0.8465877230809342,3.6024412568257462
p939,process,,32,pre,post_odor,2.0,2.54949414730072,2.54949414730072,2.4047910571098328,2.6941972374916077,-1.127760032544415,6.226748327145856
p939,process,,30,pre,post_odor,2.0,1.814402163028717,1.814402163028717,1.7028574645519257,1.9259468615055084,-1.0202173891332524,4.6490217151906865
p939,process,,40,pre,post_odor,2.0,2.662683129310608,2.662683129310608,2.568048059940338,2.7573181986808777,0.25777799602912266,5.067588262592093
p939,process,,3,pre,post_odor,2.0,3.6101412773132324,3.6101412773132324,3.0336809158325195,4.186601638793945,-11.039105473213189,18.259388027839655
p939,process,,2,pre,post_odor,2.0,2.18349826335907,2.18349826335907,1.9188421368598938,2.448154389858246,-4.542051592603889,8.90904811932203
p939,process,,1,pre,post_odor,2.0,2.4232065677642822,2.4232065677642822,2.3848358392715454,2.461577296257019,1.4481139035545105,3.398299231974054
p939,process,,4,pre,post_odor,2.0,2.853486180305481,2.853486180305481,2.2426125407218933,3.4643598198890686,-12.670284884657027,18.37725724526799
p939,process,,31,pre,post_odor,2.0,2.8990180492401123,2.8990180492401123,2.570640444755554,3.2273956537246704,-5.445848097470673,11.243884195950898
p939,process,,21,pre,post_odor,2.0,2.3165769577026367,2.3165769577026367,2.1886017322540283,2.444552183151245,-0.9355818737136277,5.568735789118901
p939,process,,12,pre,post_odor,2.0,1.627468764781952,1.627468764781952,1.0112467110157013,2.2436908185482025,-14.032218391418109,17.287155920982013
p939,process,,22,pre,post_odor,2.0,2.4562500715255737,2.4562500715255737,1.7951660752296448,3.1173340678215027,-14.343487137963677,19.255987281014825
p939,process,,10,pre,post_odor,2.0,3.0663576126098633,3.0663576126098633,3.0137616395950317,3.118953585624695,1.7297672097603254,4.402948015459401
p939,process,,0,pre,post_odor,2.0,1.0486740618944168,1.0486740618944168,0.696993999183178,1.4003541246056557,-7.888363694985097,9.98571181877393
p939,process,,18,pre,post_odor,2.0,0.24815381318330765,0.24815381318330765,0.18552687391638756,0.31078075245022774,-1.3433476114676224,1.8396552378342377
p939,process,,12,post,post_odor,2.0,-0.09284564107656479,-0.09284564107656479,-0.102750763297081,-0.08294051885604858,-0.3445586628179892,0.15886738066485961
p939,process,,18,post,post_odor,2.0,0.3748463988304138,0.3748463988304138,0.35359421372413635,0.3960985839366913,-0.16522283127247428,0.9149156289333019
p939,process,,40,post,post_odor,2.0,-0.2826256826519966,-0.2826256826519966,-0.34935395792126656,-0.21589740738272667,-1.9783519371783296,1.4131005718743364
p939,process,,32,post,post_odor,2.0,-0.13757218280807137,-0.13757218280807137,-0.1989544399548322,-0.07618992566131055,-1.6974432357586018,1.422298870142459
p939,process,,31,post,post_odor,2.0,-0.11308449506759644,-0.11308449506759644,-0.12483271211385727,-0.1013362780213356,-0.4116349972172118,0.18546600708201894
p939,process,,0,post,post_odor,2.0,-0.0318489745259285,-0.0318489745259285,-0.11094873771071434,0.047250788658857346,-2.0419645457435736,1.9782665966917166
p939,process,,4,post,post_odor,2.0,-0.1288626864552498,-0.1288626864552498,-0.23714305832982063,-0.02058231458067894,-2.8805278343501084,2.622802461439609
p939,process,,2,post,post_odor,2.0,-0.06459400057792664,-0.06459400057792664,-0.23360654711723328,0.10441854596138,-4.359610039199294,4.23042203804344
p939,process,,3,post,post_odor,2.0,-0.09843490831553936,-0.09843490831553936,-0.1593030607327819,-0.03756675589829683,-1.6452413213678796,1.4483715047368009
p939,process,,21,post,post_odor,2.0,0.18344202265143394,0.18344202265143394,0.13065330125391483,0.23623074404895306,-1.1580465810240934,1.5249306263269613
p939,process,,1,post,post_odor,2.0,0.21887751668691635,0.21887751668691635,0.16561119630932808,0.2721438370645046,-1.1347480278337052,1.572503061207538
p939,process,,22,post,post_odor,2.0,-0.2012109940405935,-0.2012109940405935,-0.303321564453654,-0.09910042362753302,-2.796086620832451,2.393664632751264
p939,process,,10,post,post_odor,1.0,-0.1316682994365692,-0.1316682994365692,-0.1316682994365692,-0.1316682994365692,,
p939,process,,30,post,post_odor,2.0,-0.05954283941537142,-0.05954283941537142,-0.08152595395222306,-0.037559724878519773,-0.6181867475034016,0.4991010686726588
p939,process,,17,post,post_odor,2.0,-0.049830155447125435,-0.049830155447125435,-0.07320515904575586,-0.026455151848495007,-0.6438453183131624,0.5441850074189115
p939,process,,39,post,post_odor,2.0,0.16110391542315483,0.16110391542315483,0.11943495459854603,0.20277287624776363,-0.8978047793390895,1.2200126101853992
p958,process,,39,pre,post_odor,2.0,0.4498867988586426,0.4498867988586426,0.3982052505016327,0.5015683472156525,-0.8634658701547184,1.7632394678720036
p958,process,,17,pre,post_odor,2.0,0.2369941920042038,0.2369941920042038,0.1714695617556572,0.3025188222527504,-1.4281445423961532,1.9021329264045608
p958,process,,32,pre,post_odor,2.0,0.712085485458374,0.712085485458374,0.6711687445640564,0.7530022263526917,-0.32770748842204855,1.7518784593387966
p958,process,,30,pre,post_odor,2.0,-0.1826343834400177,-0.1826343834400177,-0.29458701610565186,-0.07068175077438354,-3.0276205262466305,2.662351759366595
p958,process,,40,pre,post_odor,2.0,0.4165218472480774,0.4165218472480774,0.2907262444496155,0.5423174500465393,-2.7802475208874573,3.613291215383612
p958,process,,3,pre,post_odor,2.0,0.3921749470755458,0.3921749470755458,0.20914835901930928,0.5752015351317823,-4.258971652936548,5.04332154708764
p958,process,,2,pre,post_odor,2.0,0.08211224898695946,0.08211224898695946,0.008761653676629066,0.15546284429728985,-1.7819031140797472,1.9461276120536661
p958,process,,1,pre,post_odor,2.0,0.01915052719414234,0.01915052719414234,-0.019893747754395008,0.05819480214267969,-0.9730585753490821,1.0113596297373668
p958,process,,4,pre,post_odor,2.0,0.2250475510954857,0.2250475510954857,0.10520132258534431,0.34489377960562706,-2.8205338815209804,3.2706289837119518
p958,process,,31,pre,post_odor,2.0,0.8469455242156982,0.8469455242156982,0.7618734240531921,0.9320176243782043,-1.3149415197866277,3.008832568218024
p958,process,,21,pre,post_odor,2.0,0.280482180416584,0.280482180416584,0.2144395373761654,0.34652482345700264,-1.3978205071627396,1.9587848679959077
p958,process,,12,pre,post_odor,2.0,0.42288774251937866,0.42288774251937866,0.11583700776100159,0.7299384772777557,-7.380011257946243,8.225786742985001
p958,process,,22,pre,post_odor,2.0,0.11691389232873917,0.11691389232873917,-0.05007948353886604,0.2839072681963444,-4.126790154388793,4.360617939046271
p958,process,,10,pre,post_odor,2.0,0.32986151427030563,0.32986151427030563,0.269629318267107,0.39009371027350426,-1.200783713981784,1.8605067425223953
p958,process,,0,pre,post_odor,2.0,0.5265701413154602,0.5265701413154602,0.389714777469635,0.6634255051612854,-2.95125440322201,4.0043946858529305
p958,process,,18,pre,post_odor,2.0,0.017529822885990143,0.017529822885990143,-0.10568926110863686,0.14074890688061714,-3.1137639943932838,3.148823640165264
p958,process,,12,post,post_odor,2.0,0.11048195883631706,0.11048195883631706,0.02294725365936756,0.19801666401326656,-2.1139858121617054,2.3349497298343396
p958,process,,18,post,post_odor,2.0,0.3001325726509094,0.3001325726509094,0.29026971757411957,0.3099954277276993,0.049493660873085654,0.5507714844287332
p958,process,,40,post,post_odor,2.0,-0.04307444579899311,-0.04307444579899311,-0.04823887441307306,-0.03791001718491316,-0.1743150204307107,0.08816612883272448
p958,process,,32,post,post_odor,2.0,-0.14164725691080093,-0.14164725691080093,-0.15574340894818306,-0.1275511048734188,-0.49986444446924755,0.21656993064764568
p958,process,,31,post,post_odor,2.0,-0.1753099262714386,-0.1753099262714386,-0.3534437268972397,0.002823874354362488,-4.702119008640143,4.351499156097266
p958,process,,0,post,post_odor,2.0,-0.03001642576418817,-0.03001642576418817,-0.048816146212629974,-0.011216705315746367,-0.5077626197656911,0.4477297682373148
p958,process,,4,post,post_odor,2.0,0.09804382361471653,0.09804382361471653,0.06530488934367895,0.1307827578857541,-0.7339313797692228,0.9300190269986559
p958,process,,2,post,post_odor,2.0,0.23438402265310287,0.23438402265310287,0.22412749007344246,0.2446405552327633,-0.026259183027719568,0.4950272283339253
p958,process,,3,post,post_odor,2.0,0.048526208847761154,0.048526208847761154,0.0028205830603837967,0.09423183463513851,-1.1129638688510435,1.2100162865465658
p958,process,,21,post,post_odor,2.0,0.721306324005127,0.721306324005127,0.642082691192627,0.800529956817627,-1.2919570729131777,2.7345697209234316
p958,process,,1,post,post_odor,2.0,-0.07637108489871025,-0.07637108489871025,-0.1624822672456503,0.00974009744822979,-2.264663710847295,2.1119215410498744
p958,process,,22,post,post_odor,2.0,-0.03458759933710098,-0.03458759933710098,-0.126767385751009,0.05759218707680702,-2.37709807676104,2.307922878086838
p958,process,,10,post,post_odor,1.0,-0.40291380882263184,-0.40291380882263184,-0.40291380882263184,-0.40291380882263184,,
p958,process,,30,post,post_odor,2.0,-0.03848957037553191,-0.03848957037553191,-0.06484783696942031,-0.01213130378164351,-0.7083166340407719,0.6313374932897081
p958,process,,17,post,post_odor,2.0,0.22630605474114418,0.22630605474114418,0.1260936912149191,0.32651841826736927,-2.320331561379218,2.7729436708615065
p958,process,,39,post,post_odor,2.0,-0.07604062557220459,-0.07604062557220459,-0.16115528345108032,0.009074032306671143,-2.239009163689124,2.0869279125447147
p977,process,,39,pre,post_odor,2.0,1.8840988874435425,1.8840988874435425,1.0918765664100647,2.6763212084770203,-18.248179127794224,22.01637690268131
p977,process,,17,pre,post_odor,2.0,0.3241721987724304,0.3241721987724304,-0.41841158270835876,1.0667559802532196,-18.546670923743,19.195015321287862
p977,process,,32,pre,post_odor,2.0,0.5970578789710999,0.5970578789710999,0.4965215027332306,0.6975942552089691,-1.9578136808518112,3.151929438794011
p977,process,,30,pre,post_odor,2.0,-1.1020358502864838,-1.1020358502864838,-1.3793067187070847,-0.8247649818658829,-8.148156693344703,5.944084992771735
p977,process,,40,pre,post_odor,2.0,-0.2625609040260315,-0.2625609040260315,-0.7387149035930634,0.21359309554100037,-12.362781312920319,11.837659504868256
p977,process,,3,pre,post_odor,2.0,-0.6157785654067993,-0.6157785654067993,-1.6258299946784973,0.3942728638648987,-26.283619074190934,25.052061943377335
p977,process,,2,pre,post_odor,2.0,2.6401175260543823,2.6401175260543823,2.171310245990753,3.1089248061180115,-9.273405038540938,14.553640090649703
p977,process,,1,pre,post_odor,2.0,-1.0393500924110413,-1.0393500924110413,-1.2789110839366913,-0.7997891008853912,-7.127172102662882,5.048471917840799
p977,process,,4,pre,post_odor,2.0,-0.1552012301981449,-0.1552012301981449,-0.19115509279072285,-0.11924736760556698,-1.0688755085133206,0.7584730481170309
p977,process,,31,pre,post_odor,2.0,-0.2048806995153427,-0.2048806995153427,-0.45127566903829575,0.04151427000761032,-6.4663705569596726,6.056609157928987
p977,process,,21,pre,post_odor,2.0,2.347683370113373,2.347683370113373,2.1202252209186554,2.57514151930809,-3.4325762550455234,8.127942995272269
p977,process,,12,pre,post_odor,2.0,-0.7713301479816437,-0.7713301479816437,-1.0446569472551346,-0.49800334870815277,-7.717222690886242,6.174562394922955
p977,process,,22,pre,post_odor,2.0,-0.3861773908138275,-0.3861773908138275,-0.8825263828039169,0.1101716011762619,-12.999601216453847,12.227246434826192
p977,process,,10,pre,post_odor,2.0,-1.3443601727485657,-1.3443601727485657,-1.689509779214859,-0.9992105662822723,-10.115443301490263,7.426722955993132
p977,process,,0,pre,post_odor,2.0,0.30982094444334507,0.30982094444334507,0.13957881089299917,0.48006307799369097,-4.0164418627844345,4.636083751671125
p977,process,,18,pre,post_odor,2.0,0.11946830153465271,0.11946830153465271,0.015513047575950623,0.2234235554933548,-2.5222851788659546,2.76122178193526
p977,process,,12,post,post_odor,2.0,0.03277522325515747,0.03277522325515747,-0.1016056090593338,0.16715605556964874,-3.3821655127558152,3.44771595926613
p977,process,,18,post,post_odor,2.0,0.6012017168104649,0.6012017168104649,0.3123416658490896,0.8900617677718401,-6.7394281784237124,7.941831612044642
p977,process,,40,post,post_odor,2.0,0.0911288633942604,0.0911288633942604,-0.04208127036690712,0.22433899715542793,-3.2940616016109616,3.4763193283994824
p977,process,,32,post,post_odor,2.0,-0.214266836643219,-0.214266836643219,-0.2542102187871933,-0.1743234544992447,-1.229324419396423,0.800790746109985
p977,process,,31,post,post_odor,2.0,0.28369586169719696,0.28369586169719696,0.2150970920920372,0.3522946313023567,-1.459564160808478,2.026955884202872
p977,process,,0,post,post_odor,2.0,-0.0980556458234787,-0.0980556458234787,-0.21992499381303787,0.023813702166080475,-3.195049419062396,2.9989381274154385
p977,process,,4,post,post_odor,2.0,0.021568000316619873,0.021568000316619873,-0.1482156664133072,0.19135166704654694,-4.29304406034119,4.33618006097443
p977,process,,2,post,post_odor,2.0,1.5794306695461273,1.5794306695461273,1.2584411054849625,1.9004202336072922,-6.57768756872712,9.736548907819374
p977,process,,3,post,post_odor,2.0,0.03136265277862549,0.03136265277862549,0.0003123246133327484,0.06241298094391823,-0.7577010008086167,0.8204263063658677
p977,process,,21,post,post_odor,2.0,2.073846161365509,2.073846161365509,1.6449993550777435,2.5026929676532745,-8.824184480928487,12.971876803659505
p977,process,,1,post,post_odor,2.0,0.4068816527724266,0.4068816527724266,0.23047912493348122,0.583284180611372,-4.075931616628365,4.889694922173218
p977,process,,22,post,post_odor,2.0,0.16788358986377716,0.16788358986377716,0.1364375501871109,0.19932962954044342,-0.631236046683411,0.9670032264109654
p977,process,,10,post,post_odor,1.0,0.3727847933769226,0.3727847933769226,0.3727847933769226,0.3727847933769226,,
p977,process,,30,post,post_odor,2.0,0.04033367428928614,0.04033367428928614,0.006268685217946768,0.0743986633606255,-0.8253397766626966,0.9060071252412689
p977,process,,17,post,post_odor,2.0,0.16274412721395493,0.16274412721395493,0.146844994276762,0.17864326015114784,-0.2412911492413084,0.5667794036692182
p977,process,,39,post,post_odor,2.0,0.33053598552942276,0.33053598552942276,0.23422211036086082,0.4268498606979847,-2.117031648122817,2.7781036191816626
p996,process,,39,pre,post_odor,2.0,0.27955614775419235,0.27955614775419235,0.2459997870028019,0.3131125085055828,-0.5731918320620157,1.1323041275704004
p996,process,,17,pre,post_odor,2.0,1.274539977312088,1.274539977312088,0.9063430279493332,1.6427369266748428,-8.08223166636413,10.631311620988306
p996,process,,32,pre,post_odor,2.0,1.5095343887805939,1.5095343887805939,1.2437713593244553,1.7752974182367325,-5.244144538370852,8.26321331593204
p996,process,,30,pre,post_odor,2.0,0.0373644195497036,0.0373644195497036,-0.007890170440077782,0.08261900953948498,-1.1126637517739046,1.1873925908733118
p996,process,,40,pre,post_odor,2.0,1.2281587570905685,1.2281587570905685,0.8309879973530769,1.6253295168280602,-8.864907219802665,11.321224733983803
p996,process,,3,pre,post_odor,2.0,1.14007131382823,1.14007131382823,0.603699566796422,1.6764430608600378,-12.490427151143475,14.770569778799935
p996,process,,2,pre,post_odor,2.0,0.7476984560489655,0.7476984560489655,0.5547215789556503,0.9406753331422806,-4.1563089633415995,5.65170587543953
p996,process,,1,pre,post_odor,2.0,0.12863117456436157,0.12863117456436157,-0.20706868171691895,0.4643310308456421,-8.402311033064379,8.659573382193102
p996,process,,4,pre,post_odor,2.0,0.47925272583961487,0.47925272583961487,-0.03583325445652008,0.9943387061357498,-12.610323118912255,13.568828570591485
p996,process,,31,pre,post_odor,2.0,2.7397550344467163,2.7397550344467163,2.592643439769745,2.8868666291236877,-0.9987050476147763,6.478215116508209
p996,process,,21,pre,post_odor,2.0,1.2052262425422668,1.2052262425422668,0.9570049941539764,1.4534474909305573,-5.102673761238714,7.513126246323248
p996,process,,12,pre,post_odor,2.0,0.7019116766750813,0.7019116766750813,0.29700384847819805,1.1068195048719645,-9.587771852023812,10.991595205373974
p996,process,,22,pre,post_odor,2.0,1.5216354578733444,1.5216354578733444,0.646244652569294,2.397026263177395,-20.724154134842863,23.76742505058955
p996,process,,10,pre,post_odor,2.0,0.8925148099660873,0.8925148099660873,0.4811005964875221,1.3039290234446526,-9.562511645695775,11.34754126562795
p996,process,,0,pre,post_odor,2.0,0.5925128757953644,0.5925128757953644,0.5439320355653763,0.6410937160253525,-0.6420433286398775,1.8270690802306062
p996,process,,18,pre,post_odor,2.0,-0.5598061382770538,-0.5598061382770538,-1.320104494690895,0.20049221813678741,-19.880819292619826,18.76120701606572
p996,process,,12,post,post_odor,2.0,0.2432221919298172,0.2432221919298172,0.23433274775743484,0.25211163610219955,0.017319996639646784,0.4691243872199876
p996,process,,18,post,post_odor,2.0,0.29198729433119297,0.29198729433119297,0.1685450291261077,0.41542955953627825,-2.844978095254781,3.428952683917167
p996,process,,40,post,post_odor,2.0,0.20635224878787994,0.20635224878787994,0.18251144140958786,0.23019305616617203,-0.3995001104606869,0.8122046080364468
p996,process,,32,post,post_odor,2.0,-0.11496964562684298,-0.11496964562684298,-0.18737191194668412,-0.04256737930700183,-1.954885684072737,1.7249463928190512
p996,process,,31,post,post_odor,2.0,-0.022249355912208557,-0.022249355912208557,-0.1093272790312767,0.06482856720685959,-2.2351091942157275,2.1906104823913104
p996,process,,0,post,post_odor,2.0,-0.06277842167764902,-0.06277842167764902,-0.10510475607588887,-0.02045208727940917,-1.138392562869307,1.012835719514009
p996,process,,4,post,post_odor,2.0,0.24373071640729904,0.24373071640729904,0.19064981117844582,0.29681162163615227,-1.1051829824312909,1.592644415245889
p996,process,,2,post,post_odor,2.0,0.07679124642163515,0.07679124642163515,0.05098950071260333,0.10259299213066697,-0.5788932806377152,0.7324757734809855
p996,process,,3,post,post_odor,2.0,-0.021476872265338898,-0.021476872265338898,-0.09560676291584969,0.05265301838517189,-1.9052960076166037,1.8623422630859259
p996,process,,21,post,post_odor,2.0,0.6243121027946472,0.6243121027946472,0.5426260530948639,0.7059981524944305,-1.4515272403549293,2.7001514459442237
p996,process,,1,post,post_odor,2.0,0.015004433691501617,0.015004433691501617,-0.026441749185323715,0.05645061656832695,-1.0382429366402592,1.0682518040232625
p996,process,,22,post,post_odor,2.0,-0.01596674695611,-0.01596674695611,-0.016412530094385147,-0.015520963817834854,-0.02729517060182697,-0.004638323310393032
p996,process,,10,post,post_odor,1.0,-0.14320552349090576,-0.14320552349090576,-0.14320552349090576,-0.14320552349090576,,
p996,process,,30,post,post_odor,2.0,-0.3258534371852875,-0.3258534371852875,-0.42076708376407623,-0.23093979060649872,-2.737837888559321,2.086131014188746
p996,process,,17,post,post_odor,2.0,0.51399340108037,0.51399340108037,0.23761185817420483,0.7903749439865351,-6.5095275378508,7.53751434001154
p996,process,,39,post,post_odor,2.0,-0.06901862099766731,-0.06901862099766731,-0.16383027471601963,0.025793032720685005,-2.478411188039034,2.3403739460436994
p1015,process,,39,pre,post_odor,2.0,0.580028623342514,0.580028623342514,0.49643923342227936,0.6636180132627487,-1.5441791808543637,2.7042364275393918
p1015,process,,17,pre,post_odor,2.0,0.6913443505764008,0.6913443505764008,0.6400275379419327,0.7426611632108688,-0.6127395049065345,1.995428206059336
p1015,process,,32,pre,post_odor,2.0,1.1570110321044922,1.1570110321044922,1.033616065979004,1.2804059982299805,-1.9787523739030979,4.292774438112082
p1015,process,,30,pre,post_odor,2.0,0.36218002380337566,0.36218002380337566,0.18057481857249513,0.5437852290342562,-4.252845813833806,4.977205861440558
p1015,process,,40,pre,post_odor,2.0,0.31956805288791656,0.31956805288791656,0.11329372972249985,0.5258423760533333,-4.9223595110233775,5.561495616799211
p1015,process,,3,pre,post_odor,2.0,1.2746274173259735,1.2746274173259735,0.9650954753160477,1.5841593593358994,-6.591325037801767,9.140579872453714
p1015,process,,2,pre,post_odor,2.0,0.8995628207921982,0.8995628207921982,0.6914589777588844,1.107666663825512,-4.388857251139894,6.18798289272429
p1015,process,,1,pre,post_odor,2.0,0.07465189509093761,0.07465189509093761,0.009957064874470234,0.139346725307405,-1.569399621114053,1.7187034112959283
p1015,process,,4,pre,post_odor,2.0,0.8166896253824234,0.8166896253824234,0.6237019523978233,1.0096772983670235,-4.087592143618093,5.72097139438294
p1015,process,,31,pre,post_odor,2.0,0.6339527666568756,0.6339527666568756,0.5450941771268845,0.7228113561868668,-1.6241580956146775,2.8920636289284287
p1015,process,,21,pre,post_odor,2.0,0.5439268127083778,0.5439268127083778,0.2088254950940609,0.8790281303226948,-7.97180508523045,9.059658710647206
p1015,process,,12,pre,post_odor,2.0,0.4666767865419388,0.4666767865419388,0.3230549022555351,0.6102986708283424,-3.1831013461345323,4.11645491921841
p1015,process,,22,pre,post_odor,2.0,0.4630293771624565,0.4630293771624565,0.31076084449887276,0.6152979098260403,-3.4064809246383416,4.332539678963254
p1015,process,,10,pre,post_odor,2.0,0.7023360431194305,0.7023360431194305,0.6205322593450546,0.7841398268938065,-1.3764952065425407,2.7811672927814017
p1015,process,,0,pre,post_odor,2.0,0.3326922431588173,0.3326922431588173,0.2641388438642025,0.4012456424534321,-1.4094148104374011,2.0747992967550357
p1015,process,,18,pre,post_odor,2.0,0.6470239274203777,0.6470239274203777,0.2898771334439516,1.0041707213968039,-8.428936642845368,9.722984497686124
p1015,process,,12,post,post_odor,2.0,1.0174456238746643,1.0174456238746643,0.5913035571575165,1.4435876905918121,-9.811851068934727,11.846742316684056
p1015,process,,18,post,post_odor,2.0,0.6793017387390137,0.6793017387390137,0.45321935415267944,0.9053841233253479,-5.065996392854084,6.424599870332111
p1015,process,,40,post,post_odor,2.0,0.10360509529709816,0.10360509529709816,-0.0026530269533395767,0.2098632175475359,-2.5966698170939853,2.8038800076881816
p1015,process,,32,post,post_odor,2.0,0.38299427926540375,0.38299427926540375,0.25940874963998795,0.5065798088908195,-2.757611804432828,3.5236003629636357
p1015,process,,31,post,post_odor,2.0,0.19624635204672813,0.19624635204672813,0.15016975440084934,0.24232294969260693,-0.9746710144230335,1.3671637185164898
p1015,process,,0,post,post_odor,2.0,0.17388618737459183,0.17388618737459183,0.14271795377135277,0.2050544209778309,-0.6181737274807588,0.9659461022299425
p1015,process,,4,post,post_odor,2.0,0.00015667080879211426,0.00015667080879211426,-0.22111991047859192,0.22143325209617615,-5.623014419507815,5.623327761125399
p1015,process,,2,post,post_odor,2.0,0.5464813858270645,0.5464813858270645,0.4511003717780113,0.6418623998761177,-1.877379999075385,2.970342770729514
p1015,process,,3,post,post_odor,2.0,0.2924812436103821,0.2924812436103821,0.2733427584171295,0.31161972880363464,-0.19387377880104778,0.778836266021812
p1015,process,,21,post,post_odor,2.0,0.6802364587783813,0.6802364587783813,0.6450560986995697,0.715416818857193,-0.2137812569290738,1.5742541744858365
p1015,process,,1,post,post_odor,2.0,0.11878962069749832,0.11878962069749832,0.11797821894288063,0.11960102245211601,0.0981699470625708,0.13940929433242585
p1015,process,,22,post,post_odor,2.0,-0.2522166594862938,-0.2522166594862938,-0.35220783576369286,-0.15222548320889473,-2.7932333746694273,2.2888000556968398
p1015,process,,10,post,post_odor,1.0,-0.260312557220459,-0.260312557220459,-0.260312557220459,-0.260312557220459,,
p1015,process,,30,post,post_odor,2.0,0.29668767750263214,0.29668767750263214,0.25253044813871384,0.34084490686655045,-0.8254539162577099,1.4188292712629742
p1015,process,,17,post,post_odor,2.0,0.1938374675810337,0.1938374675810337,0.08303472958505154,0.3046402055770159,-2.6219270810303112,3.0096020161923787
p1015,process,,39,post,post_odor,2.0,0.2560930997133255,0.2560930997133255,0.043154023587703705,0.4690321758389473,-5.155201895454753,5.667388094881404
p1034,process,,39,pre,post_odor,2.0,1.5248388648033142,1.5248388648033142,1.493437498807907,1.5562402307987213,0.7268544941369209,2.3228232354697074
p1034,process,,17,pre,post_odor,2.0,3.9629255533218384,3.9629255533218384,3.4643117785453796,4.461539328098297,-8.708051859851325,16.633902966495
p1034,process,,32,pre,post_odor,2.0,4.261724472045898,4.261724472045898,3.8570797443389893,4.666369199752808,-6.021273039269397,14.544721983361194
p1034,process,,30,pre,post_odor,2.0,3.6209641695022583,3.6209641695022583,2.9816667437553406,4.260261595249176,-12.625123788197289,19.867052127201806
p1034,process,,40,pre,post_odor,2.0,1.9070627093315125,1.9070627093315125,1.7361810505390167,2.077944368124008,-2.4354519752176813,6.249577393880706
p1034,process,,3,pre,post_odor,2.0,2.6653897762298584,2.6653897762298584,1.948778510093689,3.382001042366028,-15.545429151321219,20.876208703780936
p1034,process,,2,pre,post_odor,2.0,1.268900603055954,1.268900603055954,1.0633733421564102,1.4744278639554977,-3.9540423086536354,6.491843514765543
p1034,process,,1,pre,post_odor,2.0,1.1103569269180298,1.1103569269180298,0.6868128180503845,1.533901035785675,-9.6529193972279,11.873633251063959
p1034,process,,4,pre,post_odor,2.0,1.785382479429245,1.785382479429245,1.3042652159929276,2.2664997428655624,-10.440966423230645,14.011731382089135
p1034,process,,31,pre,post_odor,2.0,7.276834964752197,7.276834964752197,7.269659757614136,7.284010171890259,7.0944956629108535,7.459174266593541
p1034,process,,21,pre,post_odor,2.0,2.9139585494995117,2.9139585494995117,2.7336522340774536,3.09426486492157,-1.6680593684564142,7.495976467455438
p1034,process,,12,pre,post_odor,2.0,2.472568601369858,2.472568601369858,1.4568594843149185,3.488277718424797,-23.339047386028714,28.28418458876843
p1034,process,,22,pre,post_odor,2.0,5.793470621109009,5.793470621109009,5.0466548204422,6.540286421775818,-13.1849183058564,24.771859548074417
p1034,process,,10,pre,post_odor,2.0,1.092602178454399,1.092602178454399,0.44480860978364944,1.7403957471251488,-15.369393242161173,17.55459759906997
p1034,process,,0,pre,post_odor,2.0,0.5891942828893661,0.5891942828893661,0.4723091199994087,0.7060794457793236,-2.381139337712489,3.5595279034912215
p1034,process,,18,pre,post_odor,2.0,1.3286004662513733,1.3286004662513733,1.0202597677707672,1.6369411647319794,-6.507079620528006,9.164280553030753
p1034,process,,12,post,post_odor,2.0,0.20033007860183716,0.20033007860183716,0.1646357774734497,0.2360243797302246,-0.7067481175020874,1.1074082747057616
p1034,process,,18,post,post_odor,2.0,0.4709700495004654,0.4709700495004654,0.36730100959539413,0.5746390894055367,-2.163510042172534,3.1054501411734647
p1034,process,,40,post,post_odor,2.0,0.2774079106748104,0.2774079106748104,0.1960196141153574,0.3587962072342634,-1.790864807751014,2.345680629100635
p1034,process,,32,post,post_odor,2.0,0.5195353776216507,0.5195353776216507,0.4384179040789604,0.600652851164341,-1.5418550754076628,2.580925830650964
p1034,process,,31,post,post_odor,2.0,0.3353463411331177,0.3353463411331177,0.230209618806839,0.44048306345939636,-2.336431097202974,3.007123779469209
p1034,process,,0,post,post_odor,2.0,-0.1645030602812767,-0.1645030602812767,-0.20367242023348808,-0.12533370032906532,-1.159890874156716,0.8308847535941626
p1034,process,,4,post,post_odor,2.0,0.24097678903490305,0.24097678903490305,0.11239510541781783,0.36955847265198827,-3.0265936056865455,3.5085471837563516
p1034,process,,2,post,post_odor,2.0,-0.08478465862572193,-0.08478465862572193,-0.1442856201902032,-0.025283697061240673,-1.5968474579008423,1.4272781406493984
p1034,process,,3,post,post_odor,2.0,0.10817127861082554,0.10817127861082554,0.02882829960435629,0.1875142576172948,-1.9081249926575925,2.1244675498792436
p1034,process,,21,post,post_odor,2.0,7.5168843269348145,7.5168843269348145,7.315122365951538,7.718646287918091,2.3896267584836153,12.644141895386014
p1034,process,,1,post,post_odor,2.0,0.1535327360033989,0.1535327360033989,0.1064840666949749,0.2005814053118229,-1.0420873135914288,1.3491527855982266
p1034,process,,22,post,post_odor,2.0,0.0223732131998986,0.0223732131998986,0.013783373055048287,0.030963053344748914,-0.19591532186306254,0.24066174826285974
p1034,process,,10,post,post_odor,1.0,0.15051378309726715,0.15051378309726715,0.15051378309726715,0.15051378309726715,,
p1034,process,,30,post,post_odor,2.0,0.382370263338089,0.382370263338089,0.3351193368434906,0.4296211898326874,-0.8183896286905277,1.5831301553667056
p1034,process,,17,post,post_odor,2.0,0.2832483798265457,0.2832483798265457,0.20142243057489395,0.3650743290781975,-1.7961461480201097,2.362642907673201
p1034,process,,39,post,post_odor,2.0,0.21946369856595993,0.21946369856595993,0.17738111689686775,0.2615462802350521,-0.8499560984625949,1.2888834955945148
p1053,process,,39,pre,post_odor,2.0,0.1317988596856594,0.1317988596856594,0.010337719693779945,0.25325999967753887,-2.954821364766333,3.218419084137652
p1053,process,,17,pre,post_odor,2.0,0.18647342175245285,0.18647342175245285,0.024481404572725296,0.3484654389321804,-3.9301340500706408,4.3030808935755465
p1053,process,,32,pre,post_odor,2.0,0.03530626371502876,0.03530626371502876,-0.03940564580261707,0.1100181732326746,-1.8633033734085043,1.9339159008385618
p1053,process,,30,pre,post_odor,2.0,-0.2505241222679615,-0.2505241222679615,-0.37160451151430607,-0.12944373302161694,-3.327468552867519,2.826420308331596
p1053,process,,40,pre,post_odor,2.0,0.06494416296482086,0.06494416296482086,-0.09512297064065933,0.22501129657030106,-4.002747379282899,4.13263570521254
p1053,process,,3,pre,post_odor,2.0,0.2369481548666954,0.2369481548666954,0.19247278943657875,0.28142352029681206,-0.8932780428758014,1.3671743526091922
p1053,process,,2,pre,post_odor,2.0,-0.011371477041393518,-0.011371477041393518,-0.02044110675342381,-0.002301847329363227,-0.24185262104609356,0.21910966696330653
p1053,process,,1,pre,post_odor,2.0,0.1549051981419325,0.1549051981419325,0.07207031268626451,0.23774008359760046,-1.9501288296526607,2.2599392259365256
p1053,process,,4,pre,post_odor,2.0,0.09812119230628014,0.09812119230628014,-0.002269243821501732,0.198511628434062,-2.45304167768065,2.6492840622932103
p1053,process,,31,pre,post_odor,2.0,0.22996400482952595,0.22996400482952595,0.13598796259611845,0.32394004706293344,-2.1581936609966244,2.6181216706556762
p1053,process,,21,pre,post_odor,2.0,0.20113585330545902,0.20113585330545902,0.11967024113982916,0.2826014654710889,-1.8691016409631347,2.2713733475740527
p1053,process,,12,pre,post_odor,2.0,0.21626762300729752,0.21626762300729752,-0.0020470060408115387,0.43458225205540657,-5.331633124167311,5.764168370181906
p1053,process,,22,pre,post_odor,2.0,0.19997452944517136,0.19997452944517136,0.18896878883242607,0.21098027005791664,-0.0797078575523773,0.47965691644272
p1053,process,,10,pre,post_odor,2.0,-0.24376138299703598,-0.24376138299703598,-0.3096030317246914,-0.17791973426938057,-1.9169563207988074,1.4294335548047354
p1053,process,,0,pre,post_odor,2.0,0.2957689240574837,0.2957689240574837,0.2616301439702511,0.32990770414471626,-0.5717797344057582,1.1633175825207256
p1053,process,,18,pre,post_odor,2.0,0.1013334202580154,0.1013334202580154,0.04461489734239876,0.15805194317363203,-1.3400209087404664,1.5426877492564972
p1053,process,,12,post,post_odor,2.0,0.18396196514368057,0.18396196514368057,0.16607050970196724,0.2018534205853939,-0.27070302659743234,0.6386269568847935
p1053,process,,18,post,post_odor,2.0,0.04487050324678421,0.04487050324678421,-0.03842500224709511,0.12816600874066353,-2.071868989570005,2.1616099960635733
p1053,process,,40,post,post_odor,2.0,0.2837578356266022,0.2837578356266022,0.18098773062229156,0.3865279406309128,-2.327878154259282,2.8953938255124863
p1053,process,,32,post,post_odor,2.0,-0.16777479782467708,-0.16777479782467708,-0.2510969496506732,-0.08445264599868096,-2.2851914381441545,1.9496418424948003
p1053,process,,31,post,post_odor,2.0,0.1356913298368454,0.1356913298368454,0.09091505408287048,0.1804676055908203,-1.002181724269995,1.2735643839436859
p1053,process,,0,post,post_odor,2.0,-0.07450059615075588,-0.07450059615075588,-0.10603795479983091,-0.04296323750168085,-0.8759408678173901,0.7269396755158783
p1053,process,,4,post,post_odor,2.0,0.1939530111849308,0.1939530111849308,0.05471993051469326,0.33318609185516834,-3.3442950469038,3.732201069273662
p1053,process,,2,post,post_odor,2.0,0.0940969317452982,0.0940969317452982,0.04554300446761772,0.1426508590229787,-1.1397753497257925,1.327969213216389
p1053,process,,3,post,post_odor,2.0,-0.11658986611291766,-0.11658986611291766,-0.17286540172062814,-0.06031433050520718,-1.5466868202518347,1.3135070880259994
p1053,process,,21,post,post_odor,2.0,0.4743570387363434,0.4743570387363434,0.3706926852464676,0.5780213922262192,-2.160003959834752,3.1087180373074386
p1053,process,,1,post,post_odor,2.0,0.22532575204968452,0.22532575204968452,0.15448160283267498,0.29616990126669407,-1.5749947765731824,2.0256462806725515
p1053,process,,22,post,post_odor,2.0,0.27382742613554,0.27382742613554,0.2580995596945286,0.28955529257655144,-0.12585555598986486,0.6735104082609449
p1053,process,,10,post,post_odor,1.0,-0.1973065584897995,-0.1973065584897995,-0.1973065584897995,-0.1973065584897995,,
p1053,process,,30,post,post_odor,2.0,0.05071718245744705,0.05071718245744705,-0.007074575871229172,0.10850894078612328,-1.4179106443179312,1.5193450092328253
p1053,process,,17,post,post_odor,2.0,0.19999262318015099,0.19999262318015099,0.15091432072222233,0.24907092563807964,-1.0472052950885433,1.4471905414488453
p1053,process,,39,post,post_odor,2.0,0.13089883932843804,0.13089883932843804,0.06001516594551504,0.20178251271136105,-1.6704260935826747,1.9322237722395508
p1072,process,,39,pre,post_odor,2.0,-0.0710047036409378,-0.0710047036409378,-0.21464795619249344,0.07263854891061783,-3.7213258554211657,3.57931644813929
p1072,process,,17,pre,post_odor,2.0,0.12874165177345276,0.12874165177345276,-0.1801939755678177,0.4376772791147232,-7.7220570108200475,7.979540314366953
p1072,process,,32,pre,post_odor,2.0,0.24496876448392868,0.24496876448392868,0.22947900369763374,0.2604585252702236,-0.14866337924613887,0.6386009082139963
p1072,process,,30,pre,post_odor,2.0,-0.36868327111005783,-0.36868327111005783,-0.4479525052011013,-0.28941403701901436,-2.383105506391172,1.6457389641710565
p1072,process,,40,pre,post_odor,2.0,-0.044740451499819756,-0.044740451499819756,-0.058004784397780895,-0.031476118601858616,-0.38181911048036304,0.29233820748072353
p1072,process,,3,pre,post_odor,2.0,0.21246467158198357,0.21246467158198357,0.04610192961990833,0.3788274135440588,-4.015213448101074,4.440142791265041
p1072,process,,2,pre,post_odor,2.0,0.18046797811985016,0.18046797811985016,0.04432850331068039,0.31660745292901993,-3.2791641010813666,3.640100057321067
p1072,process,,1,pre,post_odor,2.0,0.20135185401886702,0.20135185401886702,0.08922504307702184,0.3134786649607122,-2.648060578464008,3.050764286501742
p1072,process,,4,pre,post_odor,2.0,0.3058583587408066,0.3058583587408066,-0.009027592837810516,0.6207443103194237,-7.696152379865394,8.307869097347007
p1072,process,,31,pre,post_odor,2.0,-0.033028244972229004,-0.033028244972229004,-0.1837390810251236,0.11768259108066559,-3.8629537226685025,3.7968972327240444
p1072,process,,21,pre,post_odor,2.0,0.0746072418987751,0.0746072418987751,-0.0066452715545892715,0.15585975535213947,-1.990214900635698,2.139429384433248
p1072,process,,12,pre,post_odor,2.0,-0.08842910826206207,-0.08842910826206207,-0.22807087749242783,0.05121266096830368,-3.637062927387436,3.460204710863312
p1072,process,,22,pre,post_odor,2.0,0.05414348095655441,0.05414348095655441,-0.07976197823882103,0.18804894015192986,-3.3487168786992982,3.457003840612407
p1072,process,,10,pre,post_odor,2.0,-0.19261355698108673,-0.19261355698108673,-0.22051452845335007,-0.1647125855088234,-0.9016444687105815,0.516417354748408
p1072,process,,0,pre,post_odor,2.0,-0.21050386503338814,-0.21050386503338814,-0.25348874367773533,-0.16751898638904095,-1.3028532022627857,0.8818454721960094
p1072,process,,18,pre,post_odor,2.0,0.21497100219130516,0.21497100219130516,0.0731417778879404,0.3568002264946699,-3.3892513209514874,3.8191933253340977
p1072,process,,12,post,post_odor,2.0,0.08637812733650208,0.08637812733650208,-0.007974237203598022,0.18073049187660217,-2.3113427950409,2.484099049713904
p1072,process,,18,post,post_odor,2.0,0.332977045327425,0.332977045327425,0.21957449428737164,0.44637959636747837,-2.5488550169114124,3.2148091075662624
p1072,process,,40,post,post_odor,2.0,0.5315724760293961,0.5315724760293961,0.4712022468447685,0.5919427052140236,-1.002580507949936,2.065725460008728
p1072,process,,32,post,post_odor,2.0,0.383671835064888,0.383671835064888,0.32531990855932236,0.44202376157045364,-1.0991912147949836,1.8665348849247596
p1072,process,,31,post,post_odor,2.0,0.11718785762786865,0.11718785762786865,-0.07305926084518433,0.30743497610092163,-4.717449817943919,4.951825533199656
p1072,process,,0,post,post_odor,2.0,0.34868174046278,0.34868174046278,0.2749110050499439,0.4224524758756161,-1.5260103949245556,2.2233738758501156
p1072,process,,4,post,post_odor,2.0,-0.6541634798049927,-0.6541634798049927,-0.7048561871051788,-0.6034707725048065,-1.942387314979278,0.6340603553692927
p1072,process,,2,post,post_odor,2.0,0.34655213356018066,0.34655213356018066,0.2624574303627014,0.4306468367576599,-1.790496898549851,2.4836011656702124
p1072,process,,3,post,post_odor,2.0,0.10001667588949203,0.10001667588949203,-0.0011062584817409515,0.20113961026072502,-2.4697607393977945,2.6697940911767786
p1072,process,,21,post,post_odor,2.0,0.8330748081207275,0.8330748081207275,0.6338677406311035,1.0322818756103516,-4.229256760711537,5.895406376952992
p1072,process,,1,post,post_odor,2.0,-0.15520530566573143,-0.15520530566573143,-0.18093264661729336,-0.1294779647141695,-0.8089990285615661,0.4985884172301033
p1072,process,,22,post,post_odor,2.0,-0.0758679696591571,-0.0758679696591571,-0.11245916230836883,-0.03927677700994536,-1.0057383403425466,0.8540024010242325
p1072,process,,10,post,post_odor,1.0,0.4315401613712311,0.4315401613712311,0.4315401613712311,0.4315401613712311,,
p1072,process,,30,post,post_odor,2.0,0.30569563806056976,0.30569563806056976,0.28164228051900864,0.3297489956021309,-0.3055581329704048,0.9169494090915443
p1072,process,,17,post,post_odor,2.0,0.12383411452174187,0.12383411452174187,0.11819309927523136,0.12947512976825237,-0.019517674762349002,0.26718590380583274
p1072,process,,39,post,post_odor,2.0,0.4268268635496497,0.4268268635496497,0.22674225131049752,0.6269114757888019,-4.657805231787936,5.511458958887236
p1091,process,,39,pre,post_odor,2.0,-0.20737002417445183,-0.20737002417445183,-0.29761401377618313,-0.11712603457272053,-2.5006872403520877,2.085947192003184
p1091,process,,17,pre,post_odor,2.0,0.5846313834190369,0.5846313834190369,0.16340598464012146,1.0058567821979523,-10.11972093050442,11.288983697342493
p1091,process,,32,pre,post_odor,2.0,0.13172178715467453,0.13172178715467453,0.13088786229491234,0.13255571201443672,0.11052974714922617,0.1529138271601229
p1091,process,,30,pre,post_odor,2.0,0.12316394224762917,0.12316394224762917,0.10173057578504086,0.14459730871021748,-0.4215095426705856,0.6678374271658439
p1091,process,,40,pre,post_odor,2.0,0.15370433032512665,0.15370433032512665,0.007847674190998077,0.2995609864592552,-3.552864739623009,3.8602734002732624
p1091,process,,3,pre,post_odor,2.0,-0.11787118017673492,-0.11787118017673492,-0.3341839984059334,0.09844163805246353,-5.614901091135009,5.379158730781539
p1091,process,,2,pre,post_odor,2.0,0.18158149346709251,0.18158149346709251,0.1233032587915659,0.23985972814261913,-1.2994088694330608,1.6625718563672458
p1091,process,,1,pre,post_odor,2.0,0.20992898754775524,0.20992898754775524,0.0888831140473485,0.330974861048162,-2.8661383147827864,3.285996289878297
p1091,process,,4,pre,post_odor,2.0,0.054303884506225586,0.054303884506225586,-0.2518981993198395,0.36050596833229065,-7.7270288509683915,7.835636619980843
p1091,process,,31,pre,post_odor,2.0,0.32178864628076553,0.32178864628076553,0.059039290994405746,0.5845380015671253,-6.355305558852018,6.9988828514135495
p1091,process,,21,pre,post_odor,2.0,0.3342469856142998,0.3342469856142998,0.0983339436352253,0.5701600275933743,-5.660871837025491,6.3293658082540905
p1091,process,,12,pre,post_odor,2.0,0.16006866097450256,0.16006866097450256,-0.20783866941928864,0.5279759913682938,-9.189343066871453,9.509480388820458
p1091,process,,22,pre,post_odor,2.0,0.7409236878156662,0.7409236878156662,0.5866605713963509,0.8951868042349815,-3.1792737931126793,4.661121168744012
p1091,process,,10,pre,post_odor,2.0,0.08665291965007782,0.08665291965007782,-0.06497865170240402,0.23828449100255966,-3.766670660494954,3.9399764997951094
p1091,process,,0,pre,post_odor,2.0,0.11276805307716131,0.11276805307716131,0.053356064949184656,0.17218004120513797,-1.397033716797342,1.6225698229516645
p1091,process,,18,pre,post_odor,2.0,0.46553292870521545,0.46553292870521545,-0.044453755021095276,0.9755196124315262,-12.494457503593335,13.425523361003766
p1091,process,,12,post,post_odor,2.0,0.20208650082349777,0.20208650082349777,0.19738348945975304,0.2067895121872425,0.08257165029490424,0.32160135135209134
p1091,process,,18,post,post_odor,2.0,0.0662537720054388,0.0662537720054388,0.001970903016626835,0.13053664099425077,-1.5673288167956412,1.6998363608065188
p1091,process,,40,post,post_odor,2.0,0.04711167514324188,0.04711167514324188,-0.055626966059207916,0.14985031634569168,-2.563724743726198,2.657948094012682
p1091,process,,32,post,post_odor,2.0,-0.24408326297998428,-0.24408326297998428,-0.3174731321632862,-0.17069339379668236,-2.1090966697882085,1.62093014382824
p1091,process,,31,post,post_odor,2.0,-0.08621752262115479,-0.08621752262115479,-0.19518311321735382,0.02274806797504425,-2.8552957292481485,2.682860684005839
p1091,process,,0,post,post_odor,2.0,-0.021976232528686523,-0.021976232528686523,-0.05120260640978813,0.007250141352415085,-0.7646888129872177,0.7207363479298446
p1091,process,,4,post,post_odor,2.0,0.10785716027021408,0.10785716027021408,0.008126530796289444,0.20758778974413872,-2.4265384328563155,2.6422527533967437
p1091,process,,2,post,post_odor,2.0,0.04276277591998223,0.04276277591998223,0.021253481063467916,0.06427207077649655,-0.5038402324352581,0.5893657842752226
p1091,process,,3,post,post_odor,2.0,0.15214327163994312,0.15214327163994312,0.04790136497467756,0.2563851783052087,-2.4968947447162124,2.8011812879960987
p1091,process,,21,post,post_odor,2.0,0.09531204402446747,0.09531204402446747,-0.09664987772703171,0.28727396577596664,-4.782902914623722,4.973527002672657
p1091,process,,1,post,post_odor,2.0,-0.07712183892726898,-0.07712183892726898,-0.1669413223862648,0.012697644531726837,-2.3596513311821834,2.2054076533276454
p1091,process,,22,post,post_odor,2.0,0.08860594034194946,0.08860594034194946,0.08599603921175003,0.0912158414721489,0.02228206413897403,0.15492981654492488
p1091,process,,10,post,post_odor,1.0,-0.10928568243980408,-0.10928568243980408,-0.10928568243980408,-0.10928568243980408,,
p1091,process,,30,post,post_odor,2.0,0.018048271536827087,0.018048271536827087,-0.006617635488510132,0.04271417856216431,-0.6087718577979417,0.6448684008715959
p1091,process,,17,post,post_odor,2.0,0.037580013275146484,0.037580013275146484,-0.09051932394504547,0.16567935049533844,-3.217732797300938,3.292892823851231
p1091,process,,39,post,post_odor,2.0,0.00924711674451828,0.00924711674451828,-0.039244282990694046,0.057738516479730606,-1.223036189214072,1.2415304227031085
p1110,process,,39,pre,post_odor,2.0,0.3887859582901001,0.3887859582901001,0.2820301949977875,0.4955417215824127,-2.324135212027354,3.101707128607554
p1110,process,,17,pre,post_odor,2.0,0.900030018761754,0.900030018761754,0.4194453386589885,1.3806146988645196,-11.312784658147766,13.112844695671274
p1110,process,,32,pre,post_odor,2.0,0.9546728134155273,0.9546728134155273,0.7964752912521362,1.1128703355789185,-3.0655073973116354,4.97485302414269
p1110,process,,30,pre,post_odor,2.0,0.06287139654159546,0.06287139654159546,-0.05325384438037872,0.17899663746356964,-2.888150775842836,3.013893568926027
p1110,process,,40,pre,post_odor,2.0,0.552993331104517,0.552993331104517,0.3212436940521002,0.7847429681569338,-5.3363233407398525,6.4423100029488864
p1110,process,,3,pre,post_odor,2.0,1.1118747889995575,1.1118747889995575,0.9399339705705643,1.2838156074285507,-3.2575556939288965,5.4813052719280115
p1110,process,,2,pre,post_odor,2.0,0.4182044193148613,0.4182044193148613,0.22586872056126595,0.6105401180684566,-4.469509113561943,5.305917952191666
p1110,process,,1,pre,post_odor,2.0,0.13155566900968552,0.13155566900968552,-0.02033592388033867,0.2834472618997097,-3.7283756849190013,3.9914870229383723
p1110,process,,4,pre,post_odor,2.0,0.5813092291355133,0.5813092291355133,0.031718358397483826,1.1309000998735428,-13.385119020324336,14.547737478595362
p1110,process,,31,pre,post_odor,2.0,0.8798597902059555,0.8798597902059555,0.4925878420472145,1.2671317383646965,-8.961653533558435,10.721373113970346
p1110,process,,21,pre,post_odor,2.0,0.7982297465205193,0.7982297465205193,0.5130639858543873,1.0833955071866512,-6.448519331021211,8.04497882406225
p1110,process,,12,pre,post_odor,2.0,0.1664113849401474,0.1664113849401474,-0.16030951589345932,0.4931322857737541,-8.136353930218325,8.46917670009862
p1110,process,,22,pre,post_odor,2.0,0.5115777552127838,0.5115777552127838,0.20939211547374725,0.8137633949518204,-7.167687458499467,8.190842968925034
p1110,process,,10,pre,post_odor,2.0,0.12490363419055939,0.12490363419055939,0.12315844744443893,0.12664882093667984,0.08055423399242939,0.16925303438868938
p1110,process,,0,pre,post_odor,2.0,0.46560055017471313,0.46560055017471313,0.3793707489967346,0.5518303513526917,-1.7257064660793522,2.6569075664287785
p1110,process,,18,pre,post_odor,2.0,0.3357369899749756,0.3357369899749756,-0.009888529777526855,0.681362509727478,-8.447440242069197,9.118914222019148
p1110,process,,12,post,post_odor,2.0,0.47932956367731094,0.47932956367731094,0.3459165655076504,0.6127425618469715,-2.911016174743903,3.869675302098525
p1110,process,,18,post,post_odor,2.0,0.10319705493748188,0.10319705493748188,0.07478963863104582,0.13160447124391794,-0.6187038402931663,0.82509795016813
p1110,process,,40,post,post_odor,2.0,-0.14407950080931187,-0.14407950080931187,-0.2050558002665639,-0.08310320135205984,-1.6936341907255958,1.4054751891069721
p1110,process,,32,post,post_odor,2.0,0.3904075622558594,0.3904075622558594,0.29695379734039307,0.4838613271713257,-1.9844777785086491,2.765292903020368
p1110,process,,31,post,post_odor,2.0,-0.11396700516343117,-0.11396700516343117,-0.11780750565230846,-0.11012650467455387,-0.21156337616553902,-0.01637063416132331
p1110,process,,0,post,post_odor,2.0,0.06006842851638794,0.06006842851638794,-0.050984904170036316,0.1711217612028122,-2.7620643349800678,2.8822011920128436
p1110,process,,4,post,post_odor,2.0,-0.011898666620254517,-0.011898666620254517,-0.174913227558136,0.15111589431762695,-4.15449143912895,4.130694105888441
p1110,process,,2,post,post_odor,2.0,-0.20499666943214834,-0.20499666943214834,-0.30401564843486995,-0.10597769042942673,-2.721307509383276,2.3113141705189792
p1110,process,,3,post,post_odor,2.0,0.060974717140197754,0.060974717140197754,-0.023949839174747467,0.14589927345514297,-2.097162882192785,2.2191123164731805
p1110,process,,21,post,post_odor,2.0,0.35770874843001366,0.35770874843001366,0.21688210405409336,0.49853539280593395,-3.221035603067802,3.9364530999278293
p1110,process,,1,post,post_odor,2.0,0.04596245288848877,0.04596245288848877,-0.08568437397480011,0.17760927975177765,-3.2995006170968932,3.391425522873871
p1110,process,,22,post,post_odor,2.0,0.001214686781167984,0.001214686781167984,-0.036050526425242424,0.03847989998757839,-0.9457841702945354,0.9482135438568714
p1110,process,,10,post,post_odor,1.0,-0.28615427017211914,-0.28615427017211914,-0.28615427017211914,-0.28615427017211914,,
p1110,process,,30,post,post_odor,2.0,0.11698382440954447,0.11698382440954447,0.04690588032826781,0.18706176849082112,-1.6638655855642608,1.8978332343833497
p1110,process,,17,post,post_odor,2.0,-0.03028690814971924,-0.03028690814971924,-0.2792651653289795,0.21869134902954102,-6.357424329300994,6.296850513001556
p1110,process,,39,post,post_odor,2.0,0.5556304007768631,0.5556304007768631,0.4140675887465477,0.6971932128071785,-3.0418217445947398,4.153082546148466
p1129,process,,39,pre,post_odor,2.0,0.26331789791584015,0.26331789791584015,0.11326398700475693,0.41337180882692337,-3.5499135290840425,4.076549324915723
p1129,process,,17,pre,post_odor,2.0,1.0504875928163528,1.0504875928163528,0.3770784065127373,1.7238967791199684,-16.06246239197274,18.163437577605446
p1129,process,,32,pre,post_odor,2.0,2.459963023662567,2.459963023662567,2.1291102468967438,2.7908158004283905,-5.947803214574339,10.867729261899473
p1129,process,,30,pre,post_odor,2.0,0.3087497167289257,0.3087497167289257,0.18010291643440723,0.4373965170234442,-2.9604754496629346,3.577974883120786
p1129,process,,40,pre,post_odor,2.0,1.8201311230659485,1.8201311230659485,1.3443125188350677,2.2959497272968292,-10.27156608221095,13.911828328342846
p1129,process,,3,pre,post_odor,2.0,1.9689701199531555,1.9689701199531555,1.6488018929958344,2.2891383469104767,-6.167275963522382,10.105216203428693
p1129,process,,2,pre,post_odor,2.0,0.9439721703529358,0.9439721703529358,0.7259353697299957,1.1620089709758759,-4.5968682871182205,6.484812627824092
p1129,process,,1,pre,post_odor,2.0,0.7643212527036667,0.7643212527036667,0.607613630592823,0.9210288748145103,-3.2179970078152844,4.746639513222618
p1129,process,,4,pre,post_odor,2.0,0.9494787305593491,0.9494787305593491,0.29077116400003433,1.6081862971186638,-15.789867673380794,17.688825134499492
p1129,process,,31,pre,post_odor,2.0,1.8053873917087913,1.8053873917087913,0.8885223479010165,2.722252435516566,-21.49436253241794,25.105137315835524
p1129,process,,21,pre,post_odor,2.0,1.4400535225868225,1.4400535225868225,1.2638132870197296,1.6162937581539154,-3.038635509147456,5.918742554321101
p1129,process,,12,pre,post_odor,2.0,0.8288540244102478,0.8288540244102478,0.14938965439796448,1.5083183944225311,-16.43797276821381,18.095680817034307
p1129,process,,22,pre,post_odor,2.0,1.8343797028064728,1.8343797028064728,0.7119164913892746,2.956842914223671,-26.69011504337565,30.358874448988594
p1129,process,,10,pre,post_odor,2.0,2.0644403994083405,2.0644403994083405,1.3398939222097397,2.7889868766069412,-16.348031360910763,20.476912159727444
p1129,process,,0,pre,post_odor,2.0,0.7270720303058624,0.7270720303058624,0.7218920737504959,0.7322519868612289,0.5954368532719081,0.8587072073398168
p1129,process,,18,pre,post_odor,2.0,-0.4951544404029846,-0.4951544404029846,-1.0346852242946625,0.04437634348869324,-14.20593164359595,13.21562276278998
p1129,process,,12,post,post_odor,2.0,0.05240604933351278,0.05240604933351278,0.03851412842050195,0.06629797024652362,-0.30062113326541234,0.4054332319324379
p1129,process,,18,post,post_odor,2.0,0.02509398781694472,0.02509398781694472,0.015152188367210329,0.03503578726667911,-0.2275510906916834,0.2777390663255728
p1129,process,,40,post,post_odor,2.0,-0.032786864787340164,-0.032786864787340164,-0.08495517261326313,0.019381443038582802,-1.3585092647392636,1.2929355351645833
p1129,process,,32,post,post_odor,2.0,0.06176327168941498,0.06176327168941498,-0.03616436570882797,0.15969090908765793,-2.42681394853449,2.55034049191332
p1129,process,,31,post,post_odor,2.0,-0.04517114441841841,-0.04517114441841841,-0.07007245114073157,-0.020269837696105242,-0.677973347242407,0.5876310584055702
p1129,process,,0,post,post_odor,2.0,0.29467064142227173,0.29467064142227173,0.2732764929533005,0.316064789891243,-0.24900621978346238,0.8383475026280058
p1129,process,,4,post,post_odor,2.0,-0.09294193983078003,-0.09294193983078003,-0.19377122819423676,0.007887348532676697,-2.6552571025285356,2.4693732228669756
p1129,process,,2,post,post_odor,2.0,-0.09224964678287506,-0.09224964678287506,-0.1740337684750557,-0.010465525090694427,-2.1705812355610212,1.986081941995271
p1129,process,,3,post,post_odor,2.0,0.10916134156286716,0.10916134156286716,0.028893462382256985,0.18942922074347734,-1.9306388716518668,2.148961554777601
p1129,process,,21,post,post_odor,2.0,0.48691387474536896,0.48691387474536896,0.48640692979097366,0.48742081969976425,0.47403118198433425,0.49979656750640367
p1129,process,,1,post,post_odor,2.0,0.20811323501402512,0.20811323501402512,0.1036618527432438,0.31256461728480645,-2.446248061203965,2.8624745312320155
p1129,process,,22,post,post_odor,2.0,0.12259421497583389,0.12259421497583389,0.10315131023526192,0.14203711971640587,-0.3714968416234642,0.616685271575132
p1129,process,,10,post,post_odor,1.0,-0.03537357971072197,-0.03537357971072197,-0.03537357971072197,-0.03537357971072197,,
p1129,process,,30,post,post_odor,2.0,0.05848914757370949,0.05848914757370949,-0.018738524988293648,0.13571682013571262,-1.904052090168436,2.021030385315855
p1129,process,,17,post,post_odor,2.0,0.06774380803108215,0.06774380803108215,-0.10446766018867493,0.23995527625083923,-4.308564538203869,4.444052154266033
p1129,process,,39,post,post_odor,2.0,0.05996490456163883,0.05996490456163883,0.049062333069741726,0.07086747605353594,-0.21709570649201354,0.3370255156152912
p1148,process,,39,pre,post_odor,2.0,1.9380714297294617,1.9380714297294617,1.702073484659195,2.1740693747997284,-4.059204985029175,7.935347844488098
p1148,process,,17,pre,post_odor,2.0,3.27642422914505,3.27642422914505,2.2545611560344696,4.2982873022556305,-22.69157860941432,29.24442706770442
p1148,process,,32,pre,post_odor,2.0,6.205717086791992,6.205717086791992,5.142609596252441,7.268824577331543,-20.810405775920877,33.22183994950486
p1148,process,,30,pre,post_odor,2.0,4.786846280097961,4.786846280097961,4.199923455715179,5.373769104480743,-10.128276861785103,19.701969421981026
p1148,process,,40,pre,post_odor,2.0,2.5149232149124146,2.5149232149124146,2.481765568256378,2.548080861568451,1.672307520949742,3.357538908875087
p1148,process,,3,pre,post_odor,2.0,3.538042426109314,3.538042426109314,2.5866370797157288,4.489447772502899,-20.63945981062688,27.71554466284551
p1148,process,,2,pre,post_odor,2.0,1.4775870144367218,1.4775870144367218,1.021614357829094,1.9335596710443497,-10.109776843471273,13.064950872344717
p1148,process,,1,pre,post_odor,2.0,1.2114895805716515,1.2114895805716515,0.5136996246874332,1.9092795364558697,-16.521034504050714,18.944013665194017
p1148,process,,4,pre,post_odor,2.0,2.21470282971859,2.21470282971859,1.3096309676766396,3.11977469176054,-20.78535393039316,25.21475958983034
p1148,process,,31,pre,post_odor,2.0,9.06864857673645,9.06864857673645,7.554149031639099,10.583148121833801,-29.41843400896431,47.55573116243721
p1148,process,,21,pre,post_odor,2.0,4.273653984069824,4.273653984069824,3.9328153133392334,4.614492654800415,-4.387877880547215,12.935185848686864
p1148,process,,12,pre,post_odor,2.0,2.797737181186676,2.797737181186676,1.611869901418686,3.983604460954666,-27.338007712138598,32.93348207451195
p1148,process,,22,pre,post_odor,2.0,4.581337168812752,4.581337168812752,2.497945122420788,6.664729215204716,-48.36267460553577,57.525348943161276
p1148,process,,10,pre,post_odor,2.0,1.0298299938440323,1.0298299938440323,0.30852188915014267,1.751138098537922,-17.30034691836135,19.360006906049414
p1148,process,,0,pre,post_odor,2.0,0.9155899286270142,0.9155899286270142,0.8473562002182007,0.9838236570358276,-0.818393517522833,2.6495733747768613
p1148,process,,18,pre,post_odor,2.0,0.6582310646772385,0.6582310646772385,0.44432390481233597,0.872138224542141,-4.777665270876964,6.094127400231441
p1148,process,,12,post,post_odor,2.0,0.2844114303588867,0.2844114303588867,0.2785678803920746,0.29025498032569885,0.1359127458301231,0.4329101148876503
p1148,process,,18,post,post_odor,2.0,0.4779960960149765,0.4779960960149765,0.468791164457798,0.487201027572155,0.2440766061190059,0.7119155859109472
p1148,process,,40,post,post_odor,2.0,0.24563466385006905,0.24563466385006905,0.18348671309649944,0.30778261460363865,-1.3336945085670462,1.8249638362671843
p1148,process,,32,post,post_odor,2.0,0.5630708932876587,0.5630708932876587,0.5315762758255005,0.5945655107498169,-0.2372832218357107,1.3634250084110282
p1148,process,,31,post,post_odor,2.0,0.7542252540588379,0.7542252540588379,0.6002978086471558,0.90815269947052,-3.1574420177755362,4.665892525893212
p1148,process,,0,post,post_odor,2.0,0.10126476734876633,0.10126476734876633,0.09605009108781815,0.10647944360971451,-0.031252721060188726,0.23378225575772138
p1148,process,,4,post,post_odor,2.0,0.29223884642124176,0.29223884642124176,0.28987347334623337,0.29460421949625015,0.23212901728425828,0.35234867555822524
p1148,process,,2,post,post_odor,2.0,0.07055278960615396,0.07055278960615396,0.0491586453281343,0.09194693388417363,-0.4731239650974025,0.6142295443097104
p1148,process,,3,post,post_odor,2.0,0.44151081144809723,0.44151081144809723,0.3547673150897026,0.5282543078064919,-1.762850437074675,2.6458720599708694
p1148,process,,21,post,post_odor,2.0,4.4371010065078735,4.4371010065078735,3.991322696208954,4.882879316806793,-6.8911999487002955,15.765401961716043
p1148,process,,1,post,post_odor,2.0,0.12258819595444947,0.12258819595444947,0.06213895761175081,0.18303743429714814,-1.413572601101852,1.6587489930107508
p1148,process,,22,post,post_odor,2.0,-0.04282645881175995,-0.04282645881175995,-0.11718141287565231,0.031528495252132416,-1.9323649977811215,1.8467120801576016
p1148,process,,10,post,post_odor,1.0,0.03805246204137802,0.03805246204137802,0.03805246204137802,0.03805246204137802,,
p1148,process,,30,post,post_odor,2.0,0.5700843781232834,0.5700843781232834,0.48923779278993607,0.6509309634566307,-1.4844221528089752,2.624590909055542
p1148,process,,17,post,post_odor,2.0,0.07163875363767147,0.07163875363767147,0.045547147281467915,0.09773035999387503,-0.5914118308775272,0.7346893381528702
p1148,process,,39,post,post_odor,2.0,0.1167895495891571,0.1167895495891571,-0.14095573127269745,0.37453483045101166,-6.433139067237989,6.666718166416303
p1167,process,,39,pre,post_odor,2.0,0.5706962943077087,0.5706962943077087,0.5542691349983215,0.587123453617096,0.15324259547004482,0.9881499931453727
p1167,process,,17,pre,post_odor,2.0,0.6822331547737122,0.6822331547737122,0.6297190487384796,0.7347472608089447,-0.6522768108679915,2.016743120415416
p1167,process,,32,pre,post_odor,2.0,0.9983855187892914,0.9983855187892914,0.9464815407991409,1.0502894967794418,-0.3206196231402221,2.3173906607188046
p1167,process,,30,pre,post_odor,2.0,1.3181357383728027,1.3181357383728027,1.2884442806243896,1.3478271961212158,0.5636042562391684,2.072667220506437
p1167,process,,40,pre,post_odor,2.0,0.7154340595006943,0.7154340595006943,0.5408800020813942,0.8899881169199944,-3.720405122698545,5.151273241699934
p1167,process,,3,pre,post_odor,2.0,0.8972356468439102,0.8972356468439102,0.683242104947567,1.1112291887402534,-4.5408558642643175,6.335327157952138
p1167,process,,2,pre,post_odor,2.0,0.7028420120477676,0.7028420120477676,0.5668280050158501,0.8388560190796852,-2.75360162862233,4.159285652717865
p1167,process,,1,pre,post_odor,2.0,0.5328289866447449,0.5328289866447449,0.46544045209884644,0.6002175211906433,-1.1796760469771885,2.2453340202666783
p1167,process,,4,pre,post_odor,2.0,1.0887081623077393,1.0887081623077393,1.079303801059723,1.0981125235557556,0.8497206834472529,1.3276956411682257
p1167,process,,31,pre,post_odor,2.0,1.3526024222373962,1.3526024222373962,1.2650811970233917,1.4401236474514008,-0.8715227904225964,3.576727634897389
p1167,process,,21,pre,post_odor,2.0,0.751235157251358,0.751235157251358,0.5890362709760666,0.9134340435266495,-3.370629356735379,4.873099671238095
p1167,process,,12,pre,post_odor,2.0,0.9295051395893097,0.9295051395893097,0.6203427165746689,1.2386675626039505,-6.927056947522437,8.786067226701057
p1167,process,,22,pre,post_odor,2.0,1.7059494853019714,1.7059494853019714,1.6352863013744354,1.7766126692295074,-0.08977227928451148,3.5016712498884544
p1167,process,,10,pre,post_odor,2.0,1.053674504160881,1.053674504160881,0.7608355358242989,1.3465134724974632,-6.388069268668703,8.495418276990465
p1167,process,,0,pre,post_odor,2.0,0.6704148054122925,0.6704148054122925,0.5254852473735809,0.815344363451004,-3.0125944681140706,4.353424078938655
p1167,process,,18,pre,post_odor,2.0,-0.004992038011550903,-0.004992038011550903,-0.3040778189897537,0.2940937429666519,-7.605482371587045,7.595498295563943
p1167,process,,12,post,post_odor,2.0,0.24081261083483696,0.24081261083483696,0.06133879907429218,0.42028642259538174,-4.320049383187482,4.801674604857156
p1167,process,,18,post,post_odor,2.0,0.2018549144268036,0.2018549144268036,0.18315108120441437,0.2205587476491928,-0.27345455412308334,0.6771643829766905
p1167,process,,40,post,post_odor,2.0,-0.39201637357473373,-0.39201637357473373,-0.490300964564085,-0.29373178258538246,-2.8896646446185095,2.105631897469042
p1167,process,,32,post,post_odor,2.0,-0.020173221826553345,-0.020173221826553345,-0.09746880829334259,0.0571223646402359,-1.984440315525989,1.9440938718728824
p1167,process,,31,post,post_odor,2.0,0.0586678609251976,0.0586678609251976,0.013167094439268112,0.10416862741112709,-1.0976162483209944,1.2149519701713896
p1167,process,,0,post,post_odor,2.0,0.3421520069241524,0.3421520069241524,0.2807765267789364,0.40352748706936836,-1.2175468260881261,1.901850839936431
p1167,process,,4,post,post_odor,2.0,0.030931055545806885,0.030931055545806885,-0.0026740841567516327,0.0645361952483654,-0.8230565149511156,0.8849186260427294
p1167,process,,2,post,post_odor,2.0,0.24857603758573532,0.24857603758573532,0.1901467777788639,0.30700529739260674,-1.236252237792767,1.7334043129642376
p1167,process,,3,post,post_odor,2.0,0.46269451081752777,0.46269451081752777,0.38184405118227005,0.5435449704527855,-1.591910475461297,2.5172994970963525
p1167,process,,21,post,post_odor,2.0,2.0870314836502075,2.0870314836502075,2.021398365497589,2.152664601802826,0.419135810208781,3.7549271570916343
p1167,process,,1,post,post_odor,2.0,0.06265234760940075,0.06265234760940075,0.009525683708488941,0.11577901151031256,-1.2874241893404528,1.4127288845592543
p1167,process,,22,post,post_odor,2.0,-0.11627871729433537,-0.11627871729433537,-0.1953979330137372,-0.03715950157493353,-2.1268886242869174,1.8943311896982467
p1167,process,,10,post,post_odor,1.0,0.00012131532275816426,0.00012131532275816426,0.00012131532275816426,0.00012131532275816426,,
p1167,process,,30,post,post_odor,2.0,0.01613646000623703,0.01613646000623703,-0.07397211715579033,0.10624503716826439,-2.273739599805993,2.306012519818467
p1167,process,,17,post,post_odor,2.0,0.05375088378787041,0.05375088378787041,-0.008243700489401817,0.11574546806514263,-1.5216808769342445,1.6291826445099853
p1167,process,,39,post,post_odor,2.0,0.14619871880859137,0.14619871880859137,0.0645532445050776,0.22784419311210513,-1.92860950575648,2.221006943373663
p1186,process,,39,pre,post_odor,2.0,0.09949204698204994,0.09949204698204994,0.08162510953843594,0.11735898442566395,-0.3545498833519206,0.5535339773160205
p1186,process,,17,pre,post_odor,2.0,0.5327718183398247,0.5327718183398247,0.3321080394089222,0.7334355972707272,-4.566578298121264,5.632121934800914
p1186,process,,32,pre,post_odor,2.0,0.5361575186252594,0.5361575186252594,0.4818565100431442,0.5904585272073746,-0.8437619462250097,1.9160769834755285
p1186,process,,30,pre,post_odor,2.0,-0.012734610587358475,-0.012734610587358475,-0.05958339013159275,0.0341141689568758,-1.2032749796452658,1.1778057584705488
p1186,process,,40,pre,post_odor,2.0,0.4509868621826172,0.4509868621826172,0.37723711133003235,0.524736613035202,-1.4231720049670171,2.3251457293322515
p1186,process,,3,pre,post_odor,2.0,0.2598092034459114,0.2598092034459114,0.028390835970640182,0.49122757092118263,-5.621089110258302,6.140707517150124
p1186,process,,2,pre,post_odor,2.0,0.40424852818250656,0.40424852818250656,0.2526931054890156,0.5558039508759975,-3.4471399310594784,4.2556369874244915
p1186,process,,1,pre,post_odor,2.0,0.33899587392807007,0.33899587392807007,0.10243731737136841,0.5755544304847717,-5.672527029478753,6.3505187773348934
p1186,process,,4,pre,post_odor,2.0,0.14607706665992737,0.14607706665992737,-0.17086337506771088,0.4630175083875656,-7.908143216870107,8.200297350189961
p1186,process,,31,pre,post_odor,2.0,0.4383790697902441,0.4383790697902441,0.2334644803777337,0.6432936592027545,-4.76899438321882,5.645752522799309
p1186,process,,21,pre,post_odor,2.0,0.03451309725642204,0.03451309725642204,0.00935952179133892,0.059666672721505165,-0.6046998621559114,0.6737260566687555
p1186,process,,12,pre,post_odor,2.0,0.15082721412181854,0.15082721412181854,-0.15191354602575302,0.4535679742693901,-7.542544946718583,7.84419937496222
p1186,process,,22,pre,post_odor,2.0,0.6035371795296669,0.6035371795296669,0.38976481184363365,0.8173095472157001,-4.828933761981441,6.0360081210407746
p1186,process,,10,pre,post_odor,2.0,0.11000366508960724,0.11000366508960724,-0.007862783968448639,0.22787011414766312,-2.885266801425518,3.1052741316047325
p1186,process,,0,pre,post_odor,2.0,0.19956369325518608,0.19956369325518608,0.12069958634674549,0.27842780016362667,-1.8045632841732444,2.2036906706836166
p1186,process,,18,pre,post_odor,2.0,-0.11258001625537872,-0.11258001625537872,-0.26652760058641434,0.04136756807565689,-4.024759066554694,3.7995990340439363
p1186,process,,12,post,post_odor,2.0,-0.03169969469308853,-0.03169969469308853,-0.12317478284239769,0.05977539345622063,-2.356302091262588,2.292902701876411
p1186,process,,18,post,post_odor,2.0,0.04376879334449768,0.04376879334449768,-0.0017567649483680725,0.08929435163736343,-1.1131453354511183,1.2006829221401136
p1186,process,,40,post,post_odor,2.0,-0.1432360466569662,-0.1432360466569662,-0.18737327586859465,-0.09909881744533777,-1.2648693883578086,0.9783972950438762
p1186,process,,32,post,post_odor,2.0,0.14940330758690834,0.14940330758690834,0.057110583409667015,0.24169603176414967,-2.195977190523748,2.4947838056975646
p1186,process,,31,post,post_odor,2.0,0.2764784023165703,0.2764784023165703,0.24930595234036446,0.3036508522927761,-0.4140390228457025,0.966995827478843
p1186,process,,0,post,post_odor,2.0,-0.08767179399728775,-0.08767179399728775,-0.09566514939069748,-0.07967843860387802,-0.2908022143126282,0.11545862631805273
p1186,process,,4,post,post_odor,2.0,-0.24219074100255966,-0.24219074100255966,-0.2968268059194088,-0.18755467608571053,-1.6306247946273928,1.1462433126222735
p1186,process,,2,post,post_odor,2.0,-0.0022626742720603943,-0.0022626742720603943,-0.11278650537133217,0.10826115682721138,-2.810939526619538,2.8064141780754173
p1186,process,,3,post,post_odor,2.0,0.0025745127350091934,0.0025745127350091934,-0.01117889117449522,0.016327916644513607,-0.34693261905192785,0.35208164452194624
p1186,process,,21,post,post_odor,2.0,0.7324504256248474,0.7324504256248474,0.6117395162582397,0.8531613349914551,-2.3351046309790413,3.800005482228736
p1186,process,,1,post,post_odor,2.0,0.15075097978115082,0.15075097978115082,0.043648384511470795,0.25785357505083084,-2.5709840267632686,2.8724859863255703
p1186,process,,22,post,post_odor,2.0,0.0013178251683712006,0.0013178251683712006,-0.045350244268774986,0.04798589460551739,-1.1846302646524216,1.187265914989164
p1186,process,,10,post,post_odor,1.0,0.11338498443365097,0.11338498443365097,0.11338498443365097,0.11338498443365097,,
p1186,process,,30,post,post_odor,2.0,-0.07857751101255417,-0.07857751101255417,-0.18941880390048027,0.03226378187537193,-2.89532183232514,2.7381668103000316
p1186,process,,17,post,post_odor,2.0,-0.026412826031446457,-0.026412826031446457,-0.08206700347363949,0.029241351410746574,-1.440719572039246,1.3878939199763531
p1186,process,,39,post,post_odor,2.0,-0.013924097525887191,-0.013924097525887191,-0.022312802204396576,-0.005535392847377807,-0.2271012957587807,0.19925310070700633
p1205,process,,39,pre,post_odor,2.0,0.7797046005725861,0.7797046005725861,0.6996544748544693,0.8597547262907028,-1.2545619724892436,2.8139711736344157
p1205,process,,17,pre,post_odor,2.0,0.8875317573547363,0.8875317573547363,0.6906251311302185,1.0844383835792542,-4.116340056081561,5.8914035707910335
p1205,process,,32,pre,post_odor,2.0,1.331179916858673,1.331179916858673,1.0321575701236725,1.6302022635936737,-6.267698399753998,8.930058233471344
p1205,process,,30,pre,post_odor,2.0,1.0410380363464355,1.0410380363464355,1.0066564083099365,1.0754196643829346,0.1673180263569145,1.9147580463359566
p1205,process,,40,pre,post_odor,2.0,1.1987615823745728,1.1987615823745728,1.1416015028953552,1.2559216618537903,-0.2538137628233388,2.6513369275724843
p1205,process,,3,pre,post_odor,2.0,1.2442903965711594,1.2442903965711594,0.8572411015629768,1.6313396915793419,-8.59156477416093,11.080145567303248
p1205,process,,2,pre,post_odor,2.0,1.440738022327423,1.440738022327423,1.257410854101181,1.6240651905536652,-3.2180470440441207,6.099523088698967
p1205,process,,1,pre,post_odor,2.0,0.8229062855243683,0.8229062855243683,0.6643051952123642,0.9815073758363724,-3.2075295642453456,4.853342135294082
p1205,process,,4,pre,post_odor,2.0,1.2690650820732117,1.2690650820732117,1.2243883907794952,1.313741773366928,0.13372270904754302,2.4044074550988803
p1205,process,,31,pre,post_odor,2.0,1.6361030340194702,1.6361030340194702,1.4657967686653137,1.8064092993736267,-2.691789516866945,5.963995584905885
p1205,process,,21,pre,post_odor,2.0,1.4721368551254272,1.4721368551254272,1.2400689125061035,1.704204797744751,-4.425268728122509,7.369542438373363
p1205,process,,12,pre,post_odor,2.0,1.2418564856052399,1.2418564856052399,0.8948947638273239,1.5888182073831558,-7.575276859446525,10.058989830657005
p1205,process,,22,pre,post_odor,2.0,1.6555968523025513,1.6555968523025513,1.5198864340782166,1.791307270526886,-1.7931318652780295,5.104325569883132
p1205,process,,10,pre,post_odor,2.0,1.7379301190376282,1.7379301190376282,1.380507081747055,2.0953531563282013,-7.345050459441222,10.820910697516478
p1205,process,,0,pre,post_odor,2.0,1.5803601741790771,1.5803601741790771,1.37732994556427,1.7833904027938843,-3.5791271306451087,6.739847479003263
p1205,process,,18,pre,post_odor,2.0,-0.2942454591393471,-0.2942454591393471,-0.5409565158188343,-0.04753440245985985,-6.5637678528344745,5.97527693455578
p1205,process,,12,post,post_odor,2.0,0.16080264747142792,0.16080264747142792,0.03316480666399002,0.2884404882788658,-3.08278242729373,3.404387722236586
p1205,process,,18,post,post_odor,2.0,0.006903337314724922,0.006903337314724922,-0.00841649528592825,0.022223169915378094,-0.38241052178092066,0.3962171964103705
p1205,process,,40,post,post_odor,2.0,-0.04571867920458317,-0.04571867920458317,-0.09958062041550875,0.008143262006342411,-1.414480384232234,1.3230430258230677
p1205,process,,32,post,post_odor,2.0,-0.08703066408634186,-0.08703066408634186,-0.1463206261396408,-0.027740702033042908,-1.5937314573848318,1.419670129212148
p1205,process,,31,post,post_odor,2.0,0.13209371268749237,0.13209371268749237,0.12683463841676712,0.13735278695821762,-0.0015520361256749216,0.26573946150065964
p1205,process,,0,post,post_odor,2.0,0.09043343551456928,0.09043343551456928,0.02780268620699644,0.15306418482214212,-1.5011648114495346,1.6820316824786732
p1205,process,,4,post,post_odor,2.0,-0.11832453683018684,-0.11832453683018684,-0.1470180470496416,-0.08963102661073208,-0.847495767726013,0.6108466940656393
p1205,process,,2,post,post_odor,2.0,-0.026582991191389738,-0.026582991191389738,-0.039843906391979544,-0.013322075990799931,-0.3635747982468801,0.31040881586410063
p1205,process,,3,post,post_odor,2.0,0.07395664229989052,0.07395664229989052,-0.016664469614624977,0.164577754214406,-2.228944160511377,2.376857445111158
p1205,process,,21,post,post_odor,2.0,1.5946158170700073,1.5946158170700073,1.3599403500556946,1.82929128408432,-4.369053243812529,7.558284877952544
p1205,process,,1,post,post_odor,2.0,-0.15270936489105225,-0.15270936489105225,-0.19280104339122772,-0.11261768639087677,-1.1715355153712979,0.8661167855891934
p1205,process,,22,post,post_odor,2.0,0.06944843754172325,0.06944843754172325,-0.012159934267401695,0.1510568093508482,-2.0044169232434945,2.143313798326941
p1205,process,,10,post,post_odor,1.0,-0.19428126513957977,-0.19428126513957977,-0.19428126513957977,-0.19428126513957977,,
p1205,process,,30,post,post_odor,2.0,-0.08847303688526154,-0.08847303688526154,-0.1735776886343956,-0.003368385136127472,-2.251187295135952,2.074241221365429
p1205,process,,17,post,post_odor,2.0,-0.1641152873635292,-0.1641152873635292,-0.23550321534276009,-0.09272735938429832,-1.9782545445543316,1.6500239698272732
p1205,process,,39,post,post_odor,2.0,0.19638022407889366,0.19638022407889366,0.11797536350786686,0.27478508464992046,-1.796076197374501,2.1888366455322883
p1224,process,,39,pre,post_odor,2.0,1.3188508749008179,1.3188508749008179,1.2783774733543396,1.3593242764472961,0.290324222062893,2.3473775277387428
p1224,process,,17,pre,post_odor,2.0,1.3081907331943512,1.3081907331943512,0.9311717599630356,1.6852097064256668,-8.272769793404573,10.889151259793275
p1224,process,,32,pre,post_odor,2.0,0.9668388068675995,0.9668388068675995,0.7324566394090652,1.2012209743261337,-4.989376805605437,6.923054419340636
p1224,process,,30,pre,post_odor,2.0,1.3964436650276184,1.3964436650276184,1.126320630311966,1.6665666997432709,-5.468033501080191,8.260920831135428
p1224,process,,40,pre,post_odor,2.0,1.4479252696037292,1.4479252696037292,1.4102851450443268,1.4855653941631317,0.49139901170995914,2.4044515274974994
p1224,process,,3,pre,post_odor,2.0,1.4159051477909088,1.4159051477909088,1.069244846701622,1.7625654488801956,-7.393568371297974,10.225378666879791
p1224,process,,2,pre,post_odor,2.0,1.3618323802947998,1.3618323802947998,1.27828049659729,1.4453842639923096,-0.7614223004124314,3.485087061002031
p1224,process,,1,pre,post_odor,2.0,1.2255447059869766,1.2255447059869766,0.7992644533514977,1.6518249586224556,-9.607263623962359,12.058353035936312
p1224,process,,4,pre,post_odor,2.0,1.4057921469211578,1.4057921469211578,1.188450500369072,1.6231337934732437,-4.117382770655081,6.928967064497397
p1224,process,,31,pre,post_odor,2.0,2.509003162384033,2.509003162384033,2.4717668294906616,2.546239495277405,1.562738223648962,3.4552681011191044
p1224,process,,21,pre,post_odor,2.0,1.0247315764427185,1.0247315764427185,0.8858636915683746,1.1635994613170624,-2.504235976543182,4.553699129428619
p1224,process,,12,pre,post_odor,2.0,1.3938197195529938,1.3938197195529938,1.1882150024175644,1.5994244366884232,-3.8310915417391085,6.618730980845096
p1224,process,,22,pre,post_odor,2.0,2.0032536387443542,2.0032536387443542,1.9020573198795319,2.1044499576091766,-0.568388653342947,4.574895930831655
p1224,process,,10,pre,post_odor,2.0,1.4764271974563599,1.4764271974563599,1.3080903887748718,1.644764006137848,-2.8014167140261534,5.754271108938873
p1224,process,,0,pre,post_odor,2.0,1.702978789806366,1.702978789806366,1.6761981546878815,1.7297594249248505,1.022418324245858,2.383539255366874
p1224,process,,18,pre,post_odor,2.0,0.11942583322525024,0.11942583322525024,-0.17229697108268738,0.41114863753318787,-7.293953522270111,7.532805188720611
p1224,process,,12,post,post_odor,2.0,0.6632386595010757,0.6632386595010757,0.5256603583693504,0.8008169606328011,-2.8329574633685173,4.159434782370669
p1224,process,,18,post,post_odor,2.0,0.6756490617990494,0.6756490617990494,0.5642790719866753,0.7870190516114235,-2.1545307222443815,3.5058288458424802
p1224,process,,40,post,post_odor,2.0,-0.09802871197462082,-0.09802871197462082,-0.22929325327277184,0.0332358293235302,-3.4337769846433512,3.2377195606941096
p1224,process,,32,post,post_odor,2.0,0.14911060221493244,0.14911060221493244,0.05197090934962034,0.24625029508024454,-2.319443048896635,2.6176642533264998
p1224,process,,31,post,post_odor,2.0,0.32977041602134705,0.32977041602134705,0.14292825758457184,0.5166125744581223,-4.418339020871564,5.077879852914258
p1224,process,,0,post,post_odor,2.0,0.07616706052795053,0.07616706052795053,0.044877042761072516,0.10745707829482853,-0.7189876833610408,0.8713218044169418
p1224,process,,4,post,post_odor,2.0,0.3462413102388382,0.3462413102388382,0.29408789426088333,0.39839472621679306,-0.9791026519747197,1.671585272452396
p1224,process,,2,post,post_odor,2.0,0.03489637840539217,0.03489637840539217,0.013064428698271513,0.05672832811251283,-0.5199060671316963,0.5896988239424806
p1224,process,,3,post,post_odor,2.0,0.23037505522370338,0.23037505522370338,0.15407832525670528,0.3066717851907015,-1.7085086880989226,2.1692587985463296
p1224,process,,21,post,post_odor,2.0,4.727538347244263,4.727538347244263,4.720234751701355,4.73484194278717,4.541936386687466,4.91314030780106
p1224,process,,1,post,post_odor,2.0,0.10649421811103821,0.10649421811103821,-0.04917056858539581,0.26215900480747223,-3.849323081844669,4.062311518066745
p1224,process,,22,post,post_odor,2.0,0.13804566487669945,0.13804566487669945,0.013552362099289894,0.262538967654109,-3.0256291218680036,3.3017204516214025
p1224,process,,10,post,post_odor,1.0,0.5711639523506165,0.5711639523506165,0.5711639523506165,0.5711639523506165,,
p1224,process,,30,post,post_odor,2.0,0.2201739437878132,0.2201739437878132,0.16567560844123363,0.27467227913439274,-1.1647600696008784,1.6051079571765048
p1224,process,,17,post,post_odor,2.0,0.5566461682319641,0.5566461682319641,0.45039960741996765,0.6628927290439606,-2.1433349401513597,3.256627276615288
p1224,process,,39,post,post_odor,2.0,0.12776802852749825,0.12776802852749825,0.04238416068255901,0.21315189637243748,-2.042041783481064,2.2975778405360603
p1243,process,,39,pre,post_odor,2.0,1.651840627193451,1.651840627193451,1.6179740130901337,1.6857072412967682,0.79120836215791,2.512472892228992
p1243,process,,17,pre,post_odor,2.0,0.571788489818573,0.571788489818573,0.0379277765750885,1.1056492030620575,-12.994898556325353,14.138475535962499
p1243,process,,32,pre,post_odor,2.0,5.663755893707275,5.663755893707275,4.838877201080322,6.4886345863342285,-15.298399208345085,26.625910995759636
p1243,process,,30,pre,post_odor,2.0,3.7366169691085815,3.7366169691085815,3.702037751674652,3.771196186542511,2.857875736444164,4.615358201772999
p1243,process,,40,pre,post_odor,2.0,4.408458709716797,4.408458709716797,4.274995565414429,4.541921854019165,1.016838637237763,7.800078782195831
p1243,process,,3,pre,post_odor,2.0,3.389504075050354,3.389504075050354,2.482176959514618,4.29683119058609,-19.667864110309434,26.446872260410142
p1243,process,,2,pre,post_odor,2.0,1.959482192993164,1.959482192993164,1.6118924617767334,2.3070719242095947,-6.873610385062637,10.792574771048965
p1243,process,,1,pre,post_odor,2.0,2.5408722162246704,2.5408722162246704,1.844875156879425,3.2368692755699158,-15.14609004740776,20.2278344798571
p1243,process,,4,pre,post_odor,2.0,2.3289297223091125,2.3289297223091125,1.273684710264206,3.384174734354019,-24.487388617430312,29.145248062048537
p1243,process,,31,pre,post_odor,2.0,9.217849493026733,9.217849493026733,7.768252491950989,10.667446494102478,-27.619903068199783,46.05560205425325
p1243,process,,21,pre,post_odor,2.0,2.0263320803642273,2.0263320803642273,1.7474303543567657,2.305233806371689,-5.0612327834823825,9.113896944210836
p1243,process,,12,pre,post_odor,2.0,4.378075271844864,4.378075271844864,2.666788801550865,6.089361742138863,-39.109837235757695,47.86598777944742
p1243,process,,22,pre,post_odor,2.0,3.4509697556495667,3.4509697556495667,2.2437611520290375,4.658178359270096,-27.227109598098448,34.129049109397585
p1243,process,,10,pre,post_odor,2.0,1.096928152255714,1.096928152255714,0.5577346575446427,1.6361216469667852,-12.60527772016908,14.799134024680509
p1243,process,,0,pre,post_odor,2.0,0.9087797552347183,0.9087797552347183,0.4980306252837181,1.3195288851857185,-9.529345325491349,11.346904835960785
p1243,process,,18,pre,post_odor,2.0,-0.06200983747839928,-0.06200983747839928,-0.1478260513395071,0.02380637638270855,-2.2428066034835767,2.118786928526778
p1243,process,,12,post,post_odor,2.0,-0.07828001928282902,-0.07828001928282902,-0.11792329078889452,-0.038636747776763514,-1.0857110676184865,0.9291510290528284
p1243,process,,18,post,post_odor,2.0,0.17172151431441307,0.17172151431441307,0.12458066083490849,0.21886236779391766,-1.0262411571827839,1.36968418581161
p1243,process,,40,post,post_odor,2.0,0.3896557539701462,0.3896557539701462,0.3725083991885185,0.40680310875177383,-0.04609984710822401,0.8254113550485164
p1243,process,,32,post,post_odor,2.0,0.38702695071697235,0.38702695071697235,0.37596190720796585,0.39809199422597885,0.10583753423673747,0.6682163671972072
p1243,process,,31,post,post_odor,2.0,0.17682244628667831,0.17682244628667831,0.1395297683775425,0.21411512419581413,-0.7708743550607193,1.124519247634076
p1243,process,,0,post,post_odor,2.0,-0.04726051539182663,-0.04726051539182663,-0.11316395923495293,0.018642928451299667,-1.7220258159713353,1.627504785187682
p1243,process,,4,post,post_odor,2.0,0.16236523166298866,0.16236523166298866,0.11731678806245327,0.20741367526352406,-0.982424263205854,1.3071547265318313
p1243,process,,2,post,post_odor,2.0,0.055468328297138214,0.055468328297138214,0.010348547250032425,0.100588109344244,-1.091134022974663,1.2020706795689395
p1243,process,,3,post,post_odor,2.0,0.0004254840314388275,0.0004254840314388275,-0.037651946768164635,0.03850291483104229,-0.9672137791031323,0.96806474716601
p1243,process,,21,post,post_odor,2.0,2.9870429039001465,2.9870429039001465,2.7419382333755493,3.2321475744247437,-3.2416573470562016,9.215743154856494
p1243,process,,1,post,post_odor,2.0,0.20500638335943222,0.20500638335943222,0.06788736954331398,0.34212539717555046,-3.2795181421804975,3.689530908899362
p1243,process,,22,post,post_odor,2.0,0.15150033170357347,0.15150033170357347,0.072038080310449,0.23096258309669793,-1.867826938293271,2.170827601700418
p1243,process,,10,post,post_odor,1.0,-0.15769626200199127,-0.15769626200199127,-0.15769626200199127,-0.15769626200199127,,
p1243,process,,30,post,post_odor,2.0,0.3631179630756378,0.3631179630756378,0.252107635140419,0.47412829101085663,-2.4579219460739288,3.1841578722252044
p1243,process,,17,post,post_odor,2.0,-0.03745540510863066,-0.03745540510863066,-0.048606162425130606,-0.02630464779213071,-0.3208230159623232,0.2459122057450619
p1243,process,,39,post,post_odor,2.0,0.07269743457436562,0.07269743457436562,0.05076124705374241,0.09463362209498882,-0.484753944961952,0.6301488141106832
p1261,process,,39,pre,post_odor,2.0,0.6268109083175659,0.6268109083175659,0.5237865447998047,0.7298352718353271,-1.9912864030239565,3.2449082196590884
p1261,process,,17,pre,post_odor,2.0,2.1195005774497986,2.1195005774497986,1.6859822571277618,2.5530188977718353,-8.897244492338922,13.13624564723852
p1261,process,,32,pre,post_odor,2.0,2.571683883666992,2.571683883666992,2.3117483854293823,2.831619381904602,-4.033903433946301,9.177271201280284
p1261,process,,30,pre,post_odor,2.0,1.7944350838661194,1.7944350838661194,1.5518378913402557,2.037032276391983,-4.3705441094435065,7.959414277175745
p1261,process,,40,pre,post_odor,2.0,1.170422375202179,1.170422375202179,1.03405299782753,1.306791752576828,-2.295052082131741,4.635896832536099
p1261,process,,3,pre,post_odor,2.0,2.110524207353592,2.110524207353592,1.2334406822919846,2.9876077324151993,-20.17828147296359,24.399329887670774
p1261,process,,2,pre,post_odor,2.0,0.9217182397842407,0.9217182397842407,0.7552222609519958,1.0882142186164856,-3.309345749800382,5.152782229368864
p1261,process,,1,pre,post_odor,2.0,0.3856436242349446,0.3856436242349446,0.19961256231181324,0.5716746861580759,-4.341853895931654,5.113141144401543
p1261,process,,4,pre,post_odor,2.0,0.9411806799471378,0.9411806799471378,0.5065562929958105,1.3758050668984652,-10.103672207928819,11.986033567823094
p1261,process,,31,pre,post_odor,2.0,2.571760594844818,2.571760594844818,1.9895237982273102,3.153997391462326,-12.224279290668305,17.367800480357943
p1261,process,,21,pre,post_odor,2.0,1.2836382389068604,1.2836382389068604,1.1781429052352905,1.3891335725784302,-1.3972523777772001,3.964528855590921
p1261,process,,12,pre,post_odor,2.0,1.980875700712204,1.980875700712204,1.353921726346016,2.607829675078392,-13.951535416198208,17.913286817622616
p1261,process,,22,pre,post_odor,2.0,3.11556339263916,3.11556339263916,2.309089183807373,3.9220376014709473,-17.378889431083227,23.610016216361547
p1261,process,,10,pre,post_odor,2.0,0.2918512374162674,0.2918512374162674,-0.08231169730424881,0.6660141721367836,-9.216530469077423,9.800232943909958
p1261,process,,0,pre,post_odor,2.0,0.45204123854637146,0.45204123854637146,0.4257540851831436,0.4783283919095993,-0.21597866658242082,1.1200611436751637
p1261,process,,18,pre,post_odor,2.0,1.7019478678703308,1.7019478678703308,1.4939117729663849,1.9099839627742767,-3.584750560857281,6.988646296597943
p1261,process,,12,post,post_odor,2.0,-0.1499602161347866,-0.1499602161347866,-0.18579748086631298,-0.11412295140326023,-1.06067146186132,0.7607510295917469
p1261,process,,18,post,post_odor,2.0,0.4433797486126423,0.4433797486126423,0.2806731294840574,0.6060863677412271,-3.6913874805445515,4.578146977769836
p1261,process,,40,post,post_odor,2.0,0.1791750080883503,0.1791750080883503,0.13580208830535412,0.22254792787134647,-0.9230353894485117,1.2813854056252123
p1261,process,,32,post,post_odor,2.0,0.05821522884070873,0.05821522884070873,0.04774139169603586,0.0686890659853816,-0.207950209426421,0.32438066710783847
p1261,process,,31,post,post_odor,2.0,0.3935272768139839,0.3935272768139839,0.31573469564318657,0.47131985798478127,-1.5833696498092948,2.3704242034372625
p1261,process,,0,post,post_odor,2.0,0.0019010379910469055,0.0019010379910469055,-0.07010381296277046,0.07390588894486427,-1.8279157184428474,1.8317177944249412
p1261,process,,4,post,post_odor,2.0,0.3253009021282196,0.3253009021282196,0.2394363135099411,0.4111654907464981,-1.8567251830143046,2.5073269872707438
p1261,process,,2,post,post_odor,2.0,0.17521018907427788,0.17521018907427788,0.09558643586933613,0.2548339422792196,-1.8482212310949935,2.1986416092435492
p1261,process,,3,post,post_odor,2.0,0.16138550639152527,0.16138550639152527,-0.0344872921705246,0.35725830495357513,-4.816214255162294,5.138985267945345
p1261,process,,21,post,post_odor,2.0,4.654714107513428,4.654714107513428,4.41599440574646,4.8934338092803955,-1.4117287029058847,10.72115691793274
p1261,process,,1,post,post_odor,2.0,-0.010688140988349915,-0.010688140988349915,-0.07504165172576904,0.053665369749069214,-1.6460659068308778,1.624689624854178
p1261,process,,22,post,post_odor,2.0,0.21736648306250572,0.21736648306250572,0.14756413735449314,0.2871688287705183,-1.5564793081999995,1.991212274325011
p1261,process,,10,post,post_odor,1.0,-0.13847707211971283,-0.13847707211971283,-0.13847707211971283,-0.13847707211971283,,
p1261,process,,30,post,post_odor,2.0,0.7568535804748535,0.7568535804748535,0.7239559590816498,0.7897512018680573,-0.07915424503556079,1.5928614059852677
p1261,process,,17,post,post_odor,2.0,0.33342863619327545,0.33342863619327545,0.3330877646803856,0.3337695077061653,0.32476626973025907,0.34209100265629183
p1261,process,,39,post,post_odor,2.0,0.25473102554678917,0.25473102554678917,0.18687149323523045,0.3225905578583479,-1.4697431961566652,1.9792052472502435
p1280,process,,39,pre,post_odor,2.0,0.7904613316059113,0.7904613316059113,0.774077907204628,0.8068447560071945,0.3741190421612203,1.2068036210506021
p1280,process,,17,pre,post_odor,2.0,2.2062612175941467,2.2062612175941467,1.6283691823482513,2.784153252840042,-12.47936781288391,16.8918902480722
p1280,process,,32,pre,post_odor,2.0,2.1667243242263794,2.1667243242263794,2.092092216014862,2.2413564324378967,0.27014263057061183,4.063306017882147
p1280,process,,30,pre,post_odor,2.0,1.4772758483886719,1.4772758483886719,1.4071425199508667,1.547409176826477,-0.3049810115315992,3.259532708308943
p1280,process,,40,pre,post_odor,2.0,1.6364423036575317,1.6364423036575317,1.2425071597099304,2.030377447605133,-8.37439887988781,11.647283487202873
p1280,process,,3,pre,post_odor,2.0,2.085091292858124,2.085091292858124,1.383597880601883,2.7865847051143646,-15.741546541553067,19.911729127269314
p1280,process,,2,pre,post_odor,2.0,1.184102714061737,1.184102714061737,1.16678586602211,1.2014195621013641,0.7440398809082831,1.624165547215191
p1280,process,,1,pre,post_odor,2.0,0.4905226528644562,0.4905226528644562,0.41317884624004364,0.5678664594888687,-1.4749698312253243,2.4560151369542367
p1280,process,,4,pre,post_odor,2.0,1.3423825800418854,1.3423825800418854,1.0563870519399643,1.6283781081438065,-5.925452887344938,8.61021804742871
p1280,process,,31,pre,post_odor,2.0,2.5774932503700256,2.5774932503700256,2.2359231412410736,2.9190633594989777,-6.102626226329967,11.257612727070018
p1280,process,,21,pre,post_odor,2.0,0.6571337580680847,0.6571337580680847,0.563947319984436,0.7503201961517334,-1.7109581637833289,3.0252256799194983
p1280,process,,12,pre,post_odor,2.0,2.0102225244045258,2.0102225244045258,1.2308807522058487,2.789564296603203,-17.794729709614696,21.815174758423748
p1280,process,,22,pre,post_odor,2.0,3.4369521141052246,3.4369521141052246,2.7377431392669678,4.1361610889434814,-14.331632661226198,21.205536889436647
p1280,process,,10,pre,post_odor,2.0,0.9317749999463558,0.9317749999463558,0.41045079566538334,1.4530992042273283,-12.316329147088437,14.179879146981149
p1280,process,,0,pre,post_odor,2.0,0.523104764521122,0.523104764521122,0.38308006152510643,0.6631294675171375,-3.035260324257733,4.081469853299977
p1280,process,,18,pre,post_odor,2.0,1.443474143743515,1.443474143743515,1.1523522287607193,1.7345960587263107,-5.954635166173775,8.841583453660805
p1280,process,,12,post,post_odor,2.0,0.181863434612751,0.181863434612751,0.01239876076579094,0.3513281084597111,-4.124642248284337,4.488369117509839
p1280,process,,18,post,post_odor,2.0,0.2945248931646347,0.2945248931646347,0.27461162954568863,0.3144381567835808,-0.21151911585086103,0.8005689021801304
p1280,process,,40,post,post_odor,2.0,-0.10043545812368393,-0.10043545812368393,-0.21407165750861168,0.01320074126124382,-2.9882050877750053,2.7873341715276374
p1280,process,,32,post,post_odor,2.0,-0.06383402645587921,-0.06383402645587921,-0.13002324849367142,0.0023551955819129944,-1.7458616395365067,1.6181935866247483
p1280,process,,31,post,post_odor,2.0,0.14336276426911354,0.14336276426911354,0.10783023945987225,0.17889528907835484,-0.7596043057697396,1.0463298343079668
p1280,process,,0,post,post_odor,2.0,0.12373106367886066,0.12373106367886066,0.09230542462319136,0.15515670273452997,-0.674870143934063,0.9223322712917843
p1280,process,,4,post,post_odor,2.0,0.2911911904811859,0.2911911904811859,0.19970490038394928,0.38267748057842255,-2.033695874575934,2.616078255538306
p1280,process,,2,post,post_odor,2.0,0.08843152225017548,0.08843152225017548,0.06422103196382523,0.11264201253652573,-0.5268153704328945,0.7036784149332455
p1280,process,,3,post,post_odor,2.0,0.14716782979667187,0.14716782979667187,0.08231235761195421,0.21202330198138952,-1.5009659858839393,1.795301645477283
p1280,process,,21,post,post_odor,2.0,4.152664542198181,4.152664542198181,4.021817982196808,4.283511102199554,0.8275381813949507,7.477790903001411
p1280,process,,1,post,post_odor,2.0,-0.06279960833489895,-0.06279960833489895,-0.06473045703023672,-0.060868759639561176,-0.111867126009974,-0.013732090659823892
p1280,process,,22,post,post_odor,2.0,-0.09744961559772491,-0.09744961559772491,-0.12530703842639923,-0.0695921927690506,-0.8053738513643701,0.6104746201689203
p1280,process,,10,post,post_odor,1.0,0.0008057449595071375,0.0008057449595071375,0.0008057449595071375,0.0008057449595071375,,
p1280,process,,30,post,post_odor,2.0,0.6106807887554169,0.6106807887554169,0.6062022298574448,0.615159347653389,0.49686981619411585,0.7244917613167179
p1280,process,,17,post,post_odor,2.0,0.4781281054019928,0.4781281054019928,0.38879118859767914,0.5674650222063065,-1.7921382054264368,2.7483944162304224
p1280,process,,39,post,post_odor,2.0,-0.05751478299498558,-0.05751478299498558,-0.10105136595666409,-0.013978200033307076,-1.1638842562440692,1.048854690254098
p1299,process,,39,pre,post_odor,2.0,1.2292664647102356,1.2292664647102356,1.2078517377376556,1.2506811916828156,0.6850666541444689,1.7734662752760024
p1299,process,,17,pre,post_odor,2.0,0.3789311349391937,0.3789311349391937,0.033063068985939026,0.7247992008924484,-8.410409780474458,9.168272050352845
p1299,process,,32,pre,post_odor,2.0,3.4169591665267944,3.4169591665267944,3.1364116072654724,3.6975067257881165,-3.7124302858901252,10.546348618943714
p1299,process,,30,pre,post_odor,2.0,1.758303388953209,1.758303388953209,0.9386143460869789,2.577992431819439,-19.071970208361577,22.588576986267995
p1299,process,,40,pre,post_odor,2.0,1.5484519004821777,1.5484519004821777,1.3220747709274292,1.7748290300369263,-4.204336410938178,7.301240211902534
p1299,process,,3,pre,post_odor,2.0,0.5798134505748749,0.5798134505748749,0.470937117934227,0.6886897832155228,-2.186996496336988,3.346623397486738
p1299,process,,2,pre,post_odor,2.0,0.7357459664344788,0.7357459664344788,0.614551454782486,0.8569404780864716,-2.3440985894673814,3.815590522336339
p1299,process,,1,pre,post_odor,2.0,1.5497973561286926,1.5497973561286926,1.4286612570285797,1.6709334552288055,-1.5285627960864705,4.628157508343856
p1299,process,,4,pre,post_odor,2.0,0.4746364839375019,0.4746364839375019,0.2814504634588957,0.6678225044161081,-4.434685772798513,5.383958740673517
p1299,process,,31,pre,post_odor,2.0,1.2922173254191875,1.2922173254191875,0.6654937136918306,1.9189409371465445,-14.634339721786118,17.218774372624495
p1299,process,,21,pre,post_odor,2.0,0.7123546898365021,0.7123546898365021,0.6910432428121567,0.7336661368608475,0.17077947160555496,1.253929908067449
p1299,process,,12,pre,post_odor,2.0,1.3227370269596577,1.3227370269596577,0.7055068742483854,1.93996717967093,-14.362568352419936,17.00804240633925
p1299,process,,22,pre,post_odor,2.0,0.1998227797448635,0.1998227797448635,0.1432593110948801,0.2563862483948469,-1.2375912467649124,1.6372368062546394
p1299,process,,10,pre,post_odor,2.0,-0.11373250186443329,-0.11373250186443329,-0.19334081560373306,-0.034124188125133514,-2.1367715680107766,1.90930656428191
p1299,process,,0,pre,post_odor,2.0,0.010800083866342902,0.010800083866342902,0.0023051934549584985,0.019294974277727306,-0.2050755496904921,0.2266757174231779
p1299,process,,18,pre,post_odor,2.0,-0.06454063672572374,-0.06454063672572374,-0.10863846400752664,-0.02044280944392085,-1.1851726804518388,1.0560914070003913
p1299,process,,12,post,post_odor,2.0,0.1668482981622219,0.1668482981622219,0.024899939075112343,0.3087966572493315,-3.4404015268874937,3.7740981232119375
p1299,process,,18,post,post_odor,2.0,0.3862595334649086,0.3862595334649086,0.2858373187482357,0.4866817481815815,-2.1657109070353737,2.938229973965191
p1299,process,,40,post,post_odor,2.0,0.09309628064511344,0.09309628064511344,0.04624861411866732,0.13994394717155956,-1.0974158039490112,1.283608365239238
p1299,process,,32,post,post_odor,2.0,-0.30112986266613007,-0.30112986266613007,-0.3986600711941719,-0.20359965413808823,-2.7796074577043517,2.1773477323720916
p1299,process,,31,post,post_odor,2.0,0.1076437421143055,0.1076437421143055,0.02284221164882183,0.19244527257978916,-2.0473674739564767,2.2626549581850877
p1299,process,,0,post,post_odor,2.0,-0.15966402180492878,-0.15966402180492878,-0.26852806750684977,-0.05079997610300779,-2.9261617279987022,2.6068336843888447
p1299,process,,4,post,post_odor,2.0,0.014678772538900375,0.014678772538900375,-0.03930218704044819,0.06865973211824894,-1.3571074760018464,1.3864650210796472
p1299,process,,2,post,post_odor,2.0,0.09622210264205933,0.09622210264205933,0.01656109094619751,0.17588311433792114,-1.9281561455547944,2.120600350838913
p1299,process,,3,post,post_odor,2.0,0.04123399406671524,0.04123399406671524,-0.05685034766793251,0.139318335801363,-2.4513254609200015,2.533793449053432
p1299,process,,21,post,post_odor,2.0,0.8622720688581467,0.8622720688581467,0.6604839041829109,1.0640602335333824,-4.265651398542812,5.9901955362591055
p1299,process,,1,post,post_odor,2.0,0.27372997999191284,0.27372997999191284,0.2698667496442795,0.2775932103395462,0.17555598851184717,0.3719039714719785
p1299,process,,22,post,post_odor,2.0,0.05397677421569824,0.05397677421569824,-0.0077788978815078735,0.11573244631290436,-1.5153836523586453,1.6233372007900417
p1299,process,,10,post,post_odor,1.0,-0.044540807604789734,-0.044540807604789734,-0.044540807604789734,-0.044540807604789734,,
p1299,process,,30,post,post_odor,2.0,-0.17399554513394833,-0.17399554513394833,-0.23522576224058867,-0.11276532802730799,-1.7300028943287447,1.382011804060848
p1299,process,,17,post,post_odor,2.0,0.11305809393525124,0.11305809393525124,0.106224549934268,0.11989163793623447,-0.06059872436505151,0.286714912235554
p1299,process,,39,post,post_odor,2.0,0.3844879921525717,0.3844879921525717,0.21766863111406565,0.5513073531910777,-3.8547939184736304,4.623769902778774
p1318,process,,39,pre,post_odor,2.0,0.7716319561004639,0.7716319561004639,0.5064314603805542,1.0368324518203735,-5.967751633403922,7.51101554560485
p1318,process,,17,pre,post_odor,2.0,0.6133427619934082,0.6133427619934082,0.5790770947933197,0.6476084291934967,-0.2574304037384926,1.484115927725309
p1318,process,,32,pre,post_odor,2.0,0.9753201603889465,0.9753201603889465,0.7663117349147797,1.1843285858631134,-4.336087530931602,6.286727851709495
p1318,process,,30,pre,post_odor,2.0,1.3868839740753174,1.3868839740753174,1.2966190576553345,1.4771488904953003,-0.9069650429766822,3.680732991127317
p1318,process,,40,pre,post_odor,2.0,0.9095557332038879,0.9095557332038879,0.8711488544940948,0.947962611913681,-0.06645559512423183,1.8855670615320077
p1318,process,,3,pre,post_odor,2.0,1.0327588319778442,1.0327588319778442,0.7711501717567444,1.294367492198944,-5.615347563073465,7.6808652270291535
p1318,process,,2,pre,post_odor,2.0,0.8728858530521393,0.8728858530521393,0.7943516224622726,0.9514200836420059,-1.1228581722934587,2.868629878397737
p1318,process,,1,pre,post_odor,2.0,1.0690577030181885,1.0690577030181885,0.996792733669281,1.141322672367096,-0.7673692885830259,2.905484694619403
p1318,process,,4,pre,post_odor,2.0,1.2646787762641907,1.2646787762641907,1.1511265933513641,1.3782309591770172,-1.620955792395673,4.150313344924054
p1318,process,,31,pre,post_odor,2.0,1.8005821704864502,1.8005821704864502,1.4834016561508179,2.1177626848220825,-6.259738936461023,9.860903277433923
p1318,process,,21,pre,post_odor,2.0,0.9644175916910172,0.9644175916910172,0.7028382048010826,1.2259969785809517,-5.682944897482101,7.611780080864135
p1318,process,,12,pre,post_odor,2.0,1.2708945870399475,1.2708945870399475,1.0809955298900604,1.4607936441898346,-3.55489801166606,6.096687185745955
p1318,process,,22,pre,post_odor,2.0,1.7975856065750122,1.7975856065750122,1.692930281162262,1.9022409319877625,-0.8619583762757692,4.457129589425794
p1318,process,,10,pre,post_odor,2.0,2.154681921005249,2.154681921005249,2.1355068683624268,2.1738569736480713,1.6673976315919943,2.6419662104185035
p1318,process,,0,pre,post_odor,2.0,1.4012374877929688,1.4012374877929688,1.361511766910553,1.4409632086753845,0.3917112021447584,2.410763773441179
p1318,process,,18,pre,post_odor,2.0,-0.45031061954796314,-0.45031061954796314,-0.646142409183085,-0.2544788299128413,-5.426868245458666,4.526247006362739
p1318,process,,12,post,post_odor,2.0,-0.12017280329018831,-0.12017280329018831,-0.1695100017823279,-0.07083560479804873,-1.373949893591018,1.1336042870106413
p1318,process,,18,post,post_odor,2.0,0.04490860551595688,0.04490860551595688,-0.013587940484285355,0.10340515151619911,-1.4416295741603204,1.5314467851922342
p1318,process,,40,post,post_odor,2.0,-0.17502010613679886,-0.17502010613679886,-0.20091479644179344,-0.14912541583180428,-0.833066579326997,0.4830263670533993
p1318,process,,32,post,post_odor,2.0,0.150812529027462,0.150812529027462,0.13300729915499687,0.16861775889992714,-0.30166126324092923,0.6032863212958532
p1318,process,,31,post,post_odor,2.0,-0.07913528243079782,-0.07913528243079782,-0.12561976094730198,-0.03265080391429365,-1.2604178846008298,1.1021473197392342
p1318,process,,0,post,post_odor,2.0,0.03188835829496384,0.03188835829496384,0.024614188820123672,0.039162527769804,-0.15296581497093914,0.2167425315608668
p1318,process,,4,post,post_odor,2.0,-0.26594844087958336,-0.26594844087958336,-0.42059786431491375,-0.11129901744425297,-4.195962913880944,3.6640660321217773
p1318,process,,2,post,post_odor,2.0,0.11540193110704422,0.11540193110704422,0.011355902999639511,0.21944795921444893,-2.5286583391298976,2.759462201343986
p1318,process,,3,post,post_odor,2.0,-0.16873778030276299,-0.16873778030276299,-0.201128913089633,-0.13634664751589298,-0.9918745099559451,0.6543989493504191
p1318,process,,21,post,post_odor,2.0,2.9503746032714844,2.9503746032714844,2.8447426557540894,3.0560065507888794,0.2660122995977221,5.634736906945246
p1318,process,,1,post,post_odor,2.0,0.06155801494605839,0.06155801494605839,0.033391627366654575,0.08972440252546221,-0.6542177595786473,0.777333789470764
p1318,process,,22,post,post_odor,2.0,-0.05890503991395235,-0.05890503991395235,-0.07447718316689134,-0.043332896661013365,-0.4546307206197206,0.3368206407918159
p1318,process,,10,post,post_odor,1.0,-0.10539770871400833,-0.10539770871400833,-0.10539770871400833,-0.10539770871400833,,
p1318,process,,30,post,post_odor,2.0,-0.17394183576107025,-0.17394183576107025,-0.1984718069434166,-0.1494118645787239,-0.797307507791786,0.44942383626964555
p1318,process,,17,post,post_odor,2.0,0.159987211227417,0.159987211227417,0.055004045367240906,0.2649703770875931,-2.5078879873149487,2.8278624097697826
p1318,process,,39,post,post_odor,2.0,0.06856037303805351,0.06856037303805351,0.04927645064890385,0.08784429542720318,-0.4214905589480239,0.5586113050241309
p1337,process,,39,pre,post_odor,2.0,0.17298395978286862,0.17298395978286862,0.09327153186313808,0.25269638770259917,-1.8527008985484597,2.198668818114197
p1337,process,,17,pre,post_odor,2.0,0.6262252703309059,0.6262252703309059,0.3944219909608364,0.8580285497009754,-5.264454582054699,6.516905122716511
p1337,process,,32,pre,post_odor,2.0,0.35722438991069794,0.35722438991069794,0.07250509411096573,0.6419436857104301,-6.878178939631063,7.592627719452459
p1337,process,,30,pre,post_odor,2.0,0.4774823933839798,0.4774823933839798,0.42196541279554367,0.5329993739724159,-0.9333378499978313,1.888302636765791
p1337,process,,40,pre,post_odor,2.0,0.41904447972774506,0.41904447972774506,0.40694690495729446,0.43114205449819565,0.11161595603869146,0.7264730034167987
p1337,process,,3,pre,post_odor,2.0,0.58433398604393,0.58433398604393,0.5288148075342178,0.6398531645536423,-0.8265421118133374,1.9952100839011975
p1337,process,,2,pre,post_odor,2.0,0.28285688906908035,0.28285688906908035,0.24931764230132103,0.3163961358368397,-0.5694561831873902,1.135169961325551
p1337,process,,1,pre,post_odor,2.0,0.17941956035792828,0.17941956035792828,0.11924869287759066,0.2395904278382659,-1.349667162358883,1.7085062830747395
p1337,process,,4,pre,post_odor,2.0,0.5410487949848175,0.5410487949848175,0.48380984365940094,0.5982877463102341,-0.913530873864544,1.995628463834179
p1337,process,,31,pre,post_odor,2.0,0.6205843538045883,0.6205843538045883,0.5529824569821358,0.6881862506270409,-1.0973427293550904,2.338511436964267
p1337,process,,21,pre,post_odor,2.0,0.2412431240081787,0.2412431240081787,0.13270072638988495,0.3497855216264725,-2.5170807293784634,2.999566977394821
p1337,process,,12,pre,post_odor,2.0,0.6636876910924911,0.6636876910924911,0.511070229113102,0.8163051530718803,-3.2146897453584615,4.542065127543443
p1337,process,,22,pre,post_odor,2.0,0.6829032301902771,0.6829032301902771,0.5555441081523895,0.8102623522281647,-2.553598929075439,3.919405389455993
p1337,process,,10,pre,post_odor,2.0,0.6055530570447445,0.6055530570447445,0.35821191407740116,0.8528942000120878,-5.679981347400295,6.891087461489784
p1337,process,,0,pre,post_odor,2.0,0.633401483297348,0.633401483297348,0.619914099574089,0.646888867020607,0.2906545654111908,0.9761484011835053
p1337,process,,18,pre,post_odor,2.0,0.11472698114812374,0.11472698114812374,0.036265225149691105,0.19318873714655638,-1.8791752902036118,2.1086292524998593
p1337,process,,12,post,post_odor,2.0,0.15174593031406403,0.15174593031406403,0.13296230882406235,0.1705295518040657,-0.3255911503634802,0.6290830109916082
p1337,process,,18,post,post_odor,2.0,0.23618938028812408,0.23618938028812408,0.2097528651356697,0.26262589544057846,-0.43562616778801555,0.9080049283642637
p1337,process,,40,post,post_odor,2.0,0.19233836978673935,0.19233836978673935,0.18858091160655022,0.19609582796692848,0.09685230393654434,0.2878244356369344
p1337,process,,32,post,post_odor,2.0,-0.08230600133538246,-0.08230600133538246,-0.14856780506670475,-0.016044197604060173,-1.766178090132193,1.6015660874614281
p1337,process,,31,post,post_odor,2.0,-0.06242090184241533,-0.06242090184241533,-0.09107581013813615,-0.03376599354669452,-0.790611164845894,0.6657693611610633
p1337,process,,0,post,post_odor,2.0,0.22020959435030818,0.22020959435030818,0.11597970989532769,0.3244394788052887,-2.42852290867532,2.8689420973759363
p1337,process,,4,post,post_odor,2.0,0.17241856828331947,0.17241856828331947,0.07483490370213985,0.2700022328644991,-2.3074174738660145,2.6522546104326534
p1337,process,,2,post,post_odor,2.0,-0.17687390744686127,-0.17687390744686127,-0.1876784935593605,-0.16606932133436203,-0.45144447391695147,0.09769665902322894
p1337,process,,3,post,post_odor,2.0,0.30701498687267303,0.30701498687267303,0.2937828525900841,0.320247121155262,-0.02924542770958971,0.6432754014549358
p1337,process,,21,post,post_odor,2.0,2.375072479248047,2.375072479248047,2.3032373189926147,2.446907639503479,0.5495679723251674,4.200576986170926
p1337,process,,1,post,post_odor,2.0,0.21656014770269394,0.21656014770269394,0.21136677637696266,0.22175351902842522,0.08458406903125273,0.34853622637413517
p1337,process,,22,post,post_odor,2.0,0.055450474843382835,0.055450474843382835,0.0485480772331357,0.06235287245362997,-0.11995607956918325,0.23085702925594892
p1337,process,,10,post,post_odor,1.0,0.1569136381149292,0.1569136381149292,0.1569136381149292,0.1569136381149292,,
p1337,process,,30,post,post_odor,2.0,0.46935902535915375,0.46935902535915375,0.42953021079301834,0.5091878399252892,-0.542787119193753,1.4815051699120605
p1337,process,,17,post,post_odor,2.0,0.0011467859148979187,0.0011467859148979187,-0.06313569471240044,0.06542926654219627,-1.632425933684375,1.6347195055141708
p1337,process,,39,post,post_odor,2.0,0.04311515390872955,0.04311515390872955,-0.014389880001544952,0.10062018781900406,-1.4182263145405032,1.5044566223579623
p1356,process,,39,pre,post_odor,2.0,1.8965808749198914,1.8965808749198914,1.6750660240650177,2.118095725774765,-3.7326452192105624,7.525806969050345
p1356,process,,17,pre,post_odor,2.0,3.521226644515991,3.521226644515991,2.9410289525985718,4.101424336433411,-11.222994677401488,18.26544796643347
p1356,process,,32,pre,post_odor,2.0,4.27328896522522,4.27328896522522,3.43690288066864,5.109675049781799,-16.981296692501616,25.527874622952055
p1356,process,,30,pre,post_odor,2.0,3.402692437171936,3.402692437171936,3.260546386241913,3.5448384881019592,-0.20958121393924412,7.014966088283116
p1356,process,,40,pre,post_odor,2.0,3.6727598905563354,3.6727598905563354,3.501430094242096,3.844089686870575,-0.6811430481953353,8.026662829308005
p1356,process,,3,pre,post_odor,2.0,4.273744225502014,4.273744225502014,3.2333852648735046,5.314103186130524,-22.164283680217487,30.711772131221515
p1356,process,,2,pre,post_odor,2.0,2.035228431224823,2.035228431224823,2.0151932537555695,2.0552636086940765,1.5260862975249632,2.544370564924683
p1356,process,,1,pre,post_odor,2.0,1.9047415852546692,1.9047415852546692,1.793872445821762,2.0156107246875763,-0.9127103838613646,4.722193554370703
p1356,process,,4,pre,post_odor,2.0,3.6762707233428955,3.6762707233428955,3.527524709701538,3.825016736984253,-0.10372388269094701,7.456265329376738
p1356,process,,31,pre,post_odor,2.0,9.59513521194458,9.59513521194458,9.581616640090942,9.608653783798218,9.251595728518561,9.938674695370599
p1356,process,,21,pre,post_odor,2.0,3.6353277564048767,3.6353277564048767,2.6985391676425934,4.57211634516716,-20.170727450246588,27.44138296305634
p1356,process,,12,pre,post_odor,2.0,4.830723881721497,4.830723881721497,4.121861636638641,5.539586126804352,-13.183173749812905,22.8446215132559
p1356,process,,22,pre,post_odor,2.0,8.686992168426514,8.686992168426514,8.59660267829895,8.777381658554077,6.389977433307989,10.984006903545039
p1356,process,,10,pre,post_odor,2.0,3.995301604270935,3.995301604270935,3.4201620221138,4.57044118642807,-10.620380961262109,18.610984169803977
p1356,process,,0,pre,post_odor,2.0,2.2896368503570557,2.2896368503570557,2.202101469039917,2.3771722316741943,0.06515189700768564,4.514121803706425
p1356,process,,18,pre,post_odor,2.0,1.4465469121932983,1.4465469121932983,0.18748027086257935,2.7056135535240173,-30.549370130278596,33.44246395466519
p1356,process,,12,post,post_odor,2.0,0.43801073357462883,0.43801073357462883,0.28122848458588123,0.5947929825633764,-3.546203975723261,4.422225442872518
p1356,process,,18,post,post_odor,2.0,0.7455748319625854,0.7455748319625854,0.5693195462226868,0.9218301177024841,-3.7334966609256632,5.224646324850834
p1356,process,,40,post,post_odor,2.0,0.08862480707466602,0.08862480707466602,0.061180043034255505,0.11606957111507654,-0.608812774592256,0.7860623887415881
p1356,process,,32,post,post_odor,2.0,0.8834478855133057,0.8834478855133057,0.8574452996253967,0.9094504714012146,0.22265952558983015,1.5442362454367813
p1356,process,,31,post,post_odor,2.0,0.5790763944387436,0.5790763944387436,0.5263684764504433,0.6317843124270439,-0.7603587999149544,1.9185115887924415
p1356,process,,0,post,post_odor,2.0,0.10102206468582153,0.10102206468582153,-0.07577678561210632,0.2778209149837494,-4.391862713325721,4.593906842697364
p1356,process,,4,post,post_odor,2.0,0.3687128350138664,0.3687128350138664,0.2613811083137989,0.47604456171393394,-2.358844953262545,3.0962706232902777
p1356,process,,2,post,post_odor,2.0,-0.010450746864080429,-0.010450746864080429,-0.06407669000327587,0.04317519627511501,-1.3732151722582402,1.3523136785300793
p1356,process,,3,post,post_odor,2.0,0.3874974697828293,0.3874974697828293,0.36870791763067245,0.4062870219349861,-0.08999032330984374,0.8649852628755024
p1356,process,,21,post,post_odor,2.0,3.603056788444519,3.603056788444519,3.291281044483185,3.9148325324058533,-4.319916080647267,11.526029657536306
p1356,process,,1,post,post_odor,2.0,0.07481658831238747,0.07481658831238747,-0.015914494171738625,0.16554767079651356,-2.2308788316437322,2.380512008268507
p1356,process,,22,post,post_odor,2.0,0.7131957411766052,0.7131957411766052,0.6239847838878632,0.8024066984653473,-1.5538696348651801,2.9802611172183906
p1356,process,,10,post,post_odor,1.0,-0.31566929817199707,-0.31566929817199707,-0.31566929817199707,-0.31566929817199707,,
p1356,process,,30,post,post_odor,2.0,0.2521219775080681,0.2521219775080681,0.17925452068448067,0.3249894343316555,-1.5996156725016746,2.103859627517811
p1356,process,,17,post,post_odor,2.0,0.7448359131813049,0.7448359131813049,0.7249006628990173,0.7647711634635925,0.23823317007404377,1.251438656288566
p1356,process,,39,post,post_odor,2.0,0.09740130882710218,0.09740130882710218,0.0638303947634995,0.13097222289070487,-0.7557165057182218,0.9505191233724262
p1375,process,,39,pre,post_odor,2.0,3.157476544380188,3.157476544380188,2.9534907937049866,3.3614622950553894,-2.0262928783026,8.341245967062976
p1375,process,,17,pre,post_odor,2.0,0.8640441596508026,0.8640441596508026,0.647458866238594,1.0806294530630112,-4.639910002229177,6.3679983215307825
p1375,process,,32,pre,post_odor,2.0,4.149688124656677,4.149688124656677,3.9827056527137756,4.316670596599579,-0.093738827061431,8.393115076374785
p1375,process,,30,pre,post_odor,2.0,2.932611644268036,2.932611644268036,1.9113006889820099,3.953922599554062,-23.02136055005677,28.88658383859284
p1375,process,,40,pre,post_odor,2.0,3.6046189069747925,3.6046189069747925,3.5769298672676086,3.6323079466819763,2.900973692039696,4.30826412190989
p1375,process,,3,pre,post_odor,2.0,0.8377218544483185,0.8377218544483185,0.6053829044103622,1.0700608044862747,-5.066570680291951,6.742014389188588
p1375,process,,2,pre,post_odor,2.0,1.5141088664531708,1.5141088664531708,1.2072994261980057,1.8209183067083359,-6.282658259293399,9.31087599219974
p1375,process,,1,pre,post_odor,2.0,3.2305341958999634,3.2305341958999634,3.2179362177848816,3.243132174015045,2.910389217515809,3.550679174284118
p1375,process,,4,pre,post_odor,2.0,0.5072720125317574,0.5072720125317574,0.33816809579730034,0.6763759292662144,-3.7900659629023403,4.804609987965855
p1375,process,,31,pre,post_odor,2.0,3.0668503046035767,3.0668503046035767,2.0914780497550964,4.042222559452057,-21.71970882357472,27.853409432781874
p1375,process,,21,pre,post_odor,2.0,1.1690949499607086,1.1690949499607086,0.9509937018156052,1.387196198105812,-4.3733832743331424,6.71157317425456
p1375,process,,12,pre,post_odor,2.0,2.1773269157856703,2.1773269157856703,1.1140733929350972,3.2405804386362433,-24.84250697981109,29.19716081138243
p1375,process,,22,pre,post_odor,2.0,0.7864215970039368,0.7864215970039368,0.7070921957492828,0.8657509982585907,-1.229529630875636,2.8023728248835096
p1375,process,,10,pre,post_odor,2.0,-0.03874065726995468,-0.03874065726995468,-0.15429429337382317,0.0768129788339138,-2.9752369739603166,2.8977556594204072
p1375,process,,0,pre,post_odor,2.0,0.26146355271339417,0.26146355271339417,0.25681136548519135,0.266115739941597,0.14324026592827,0.37968683949851834
p1375,process,,18,pre,post_odor,2.0,-0.1439446583390236,-0.1439446583390236,-0.19260593131184578,-0.0952833853662014,-1.3805448525701494,1.0926555358921022
p1375,process,,12,post,post_odor,2.0,0.10652544721961021,0.10652544721961021,-0.00410575233399868,0.2171566467732191,-2.704879896253896,2.9179307906931164
p1375,process,,18,post,post_odor,2.0,0.11223356425762177,0.11223356425762177,-0.04570420831441879,0.2701713368296623,-3.9013457834938654,4.125812912009109
p1375,process,,40,post,post_odor,2.0,-0.07540393620729446,-0.07540393620729446,-0.17992911115288734,0.029121238738298416,-2.7316404820936557,2.580832609679067
p1375,process,,32,post,post_odor,2.0,0.22653692960739136,0.22653692960739136,0.18459612131118774,0.26847773790359497,-0.8392800644170431,1.2923539236318258
p1375,process,,31,post,post_odor,2.0,0.4042487144470215,0.4042487144470215,0.3910444378852844,0.41745299100875854,0.06869623167401362,0.7398011972200293
p1375,process,,0,post,post_odor,2.0,0.23573532700538635,0.23573532700538635,0.17225955426692963,0.2992110997438431,-1.3773370013980681,1.8488076554088408
p1375,process,,4,post,post_odor,2.0,0.41084136068820953,0.41084136068820953,0.3673321530222893,0.4543505683541298,-0.694832440335639,1.516515161712058
p1375,process,,2,post,post_odor,2.0,-0.04833849555870984,-0.04833849555870984,-0.07229056972573744,-0.024386421391682234,-0.6570184120032971,0.5603414208858775
p1375,process,,3,post,post_odor,2.0,-0.09931162185966969,-0.09931162185966969,-0.13160762283951044,-0.06701562087982893,-0.92003082307878,0.7214075793594407
p1375,process,,21,post,post_odor,2.0,0.3915674090385437,0.3915674090385437,0.3603261262178421,0.4228086918592453,-0.4023488624425998,1.1854836805196873
p1375,process,,1,post,post_odor,2.0,-0.26208314299583435,-0.26208314299583435,-0.2867661416530609,-0.2374001443386078,-0.8893376118787258,0.36517132588705714
p1375,process,,22,post,post_odor,2.0,-0.048647318966686726,-0.048647318966686726,-0.07671161228790879,-0.02058302564546466,-0.761828632397702,0.6645339944643286
p1375,process,,10,post,post_odor,1.0,-0.3012455999851227,-0.3012455999851227,-0.3012455999851227,-0.3012455999851227,,
p1375,process,,30,post,post_odor,2.0,0.021820946596562862,0.021820946596562862,-0.0014055385254323483,0.04504743171855807,-0.5684200039270103,0.612061897120136
p1375,process,,17,post,post_odor,2.0,0.0012600310146808624,0.0012600310146808624,-0.061301784589886665,0.06382184661924839,-1.5885864444622066,1.5911065064915684
p1375,process,,39,post,post_odor,2.0,0.2759229391813278,0.2759229391813278,0.24366772919893265,0.308178149163723,-0.5437596645079098,1.0956055428705653
p1394,process,,39,pre,post_odor,2.0,0.6732040345668793,0.6732040345668793,0.6542019695043564,0.6922060996294022,0.19031577637782326,1.1560922927559352
p1394,process,,17,pre,post_odor,2.0,1.9038418531417847,1.9038418531417847,1.8594596982002258,1.9482240080833435,0.7759843585016366,3.0316993477819327
p1394,process,,32,pre,post_odor,2.0,0.6178857386112213,0.6178857386112213,0.4538009613752365,0.7819705158472061,-3.5519038086888584,4.787675285911301
p1394,process,,30,pre,post_odor,2.0,0.3411271572113037,0.3411271572113037,0.31561098992824554,0.3666433244943619,-0.3073001339507351,0.9895544483733425
p1394,process,,40,pre,post_odor,2.0,0.3937925919890404,0.3937925919890404,0.23389193788170815,0.5536932460963726,-3.6696683050829924,4.457253489061073
p1394,process,,3,pre,post_odor,2.0,0.36586691497359425,0.36586691497359425,0.18345262942602858,0.5482812005211599,-4.26971960296721,5.001453432914398
p1394,process,,2,pre,post_odor,2.0,0.07749871164560318,0.07749871164560318,-0.005088131874799728,0.1600855551660061,-2.02123197292372,2.1762293962149264
p1394,process,,1,pre,post_odor,2.0,0.13021662831306458,0.13021662831306458,-0.17997939884662628,0.44041265547275543,-7.752611830565011,8.013045087191141
p1394,process,,4,pre,post_odor,2.0,0.6489850804209709,0.6489850804209709,0.4335665889084339,0.8644035719335079,-4.82531783381144,6.123287994653382
p1394,process,,31,pre,post_odor,2.0,1.1346263140439987,1.1346263140439987,0.7336112335324287,1.5356413945555687,-9.056133116503174,11.325385744591172
p1394,process,,21,pre,post_odor,2.0,0.113266721367836,0.113266721367836,0.013863779604434967,0.21266966313123703,-2.4128015374798104,2.6393349802154824
p1394,process,,12,pre,post_odor,2.0,0.8458679765462875,0.8458679765462875,0.33473048359155655,1.3570054695010185,-12.143367291089435,13.83510324418201
p1394,process,,22,pre,post_odor,2.0,0.7651097625494003,0.7651097625494003,0.6285146847367287,0.901704840362072,-2.706100286733639,4.236319811832439
p1394,process,,10,pre,post_odor,2.0,-0.1621246635913849,-0.1621246635913849,-0.1793839931488037,-0.14486533403396606,-0.6007258135227347,0.27647648633996497
p1394,process,,0,pre,post_odor,2.0,-0.06356554105877876,-0.06356554105877876,-0.06838816963136196,-0.058742912486195564,-0.18612015307831486,0.058989070960757325
p1394,process,,18,pre,post_odor,2.0,0.3284108340740204,0.3284108340740204,0.28527122735977173,0.37155044078826904,-0.7678705162245794,1.4246921843726201
p1394,process,,12,post,post_odor,2.0,0.10478563234210014,0.10478563234210014,-0.004953248426318169,0.21452451311051846,-2.6839437407822735,2.8935150054664738
p1394,process,,18,post,post_odor,2.0,0.6479152217507362,0.6479152217507362,0.4316919706761837,0.8641384728252888,-4.846838571998402,6.142669015499875
p1394,process,,40,post,post_odor,2.0,0.06422703433781862,0.06422703433781862,0.032896101009100676,0.09555796766653657,-0.7319674725624403,0.8604215412380776
p1394,process,,32,post,post_odor,2.0,0.18818391859531403,0.18818391859531403,0.1623048633337021,0.21406297385692596,-0.4694652304703264,0.8458330676609545
p1394,process,,31,post,post_odor,2.0,0.1979089342057705,0.1979089342057705,0.16030884720385075,0.23550902120769024,-0.757599872882976,1.153417741294517
p1394,process,,0,post,post_odor,2.0,0.14361142739653587,0.14361142739653587,0.11045287735760212,0.17676997743546963,-0.6990272237022352,0.986250078495307
p1394,process,,4,post,post_odor,2.0,0.26714757457375526,0.26714757457375526,0.1949737574905157,0.3393213916569948,-1.5669630183279737,2.101258167475484
p1394,process,,2,post,post_odor,2.0,-0.05094611085951328,-0.05094611085951328,-0.05543082859367132,-0.046461393125355244,-0.1649135942878443,0.06302137256881774
p1394,process,,3,post,post_odor,2.0,0.013810109347105026,0.013810109347105026,-0.015092065557837486,0.04271228425204754,-0.7206637939787549,0.748284012672965
p1394,process,,21,post,post_odor,2.0,3.5836416482925415,3.5836416482925415,3.3811081051826477,3.7861751914024353,-1.5632236811018059,8.73050697768689
p1394,process,,1,post,post_odor,2.0,0.25178445875644684,0.25178445875644684,0.19347655028104782,0.31009236723184586,-1.2299599868966642,1.7335289044095579
p1394,process,,22,post,post_odor,2.0,0.25997278094291687,0.25997278094291687,0.2562437802553177,0.26370178163051605,0.16520988854697405,0.3547356733388597
p1394,process,,10,post,post_odor,1.0,0.08331162482500076,0.08331162482500076,0.08331162482500076,0.08331162482500076,,
p1394,process,,30,post,post_odor,2.0,0.18373362347483635,0.18373362347483635,0.048837097361683846,0.31863014958798885,-3.244312134510067,3.6117793814597396
p1394,process,,17,post,post_odor,2.0,0.40555815398693085,0.40555815398693085,0.3935234770178795,0.4175928309559822,0.099728014981945,0.7113882929919166
p1394,process,,39,post,post_odor,2.0,0.22250621020793915,0.22250621020793915,0.1909593716263771,0.2540530487895012,-0.579174969384825,1.0241873898007032
p1413,process,,39,pre,post_odor,2.0,0.4504615217447281,0.4504615217447281,0.42008691281080246,0.4808361306786537,-0.3214304780466719,1.222353521536128
p1413,process,,17,pre,post_odor,2.0,1.4982728362083435,1.4982728362083435,1.425860971212387,1.5706847012043,-0.34188712772538454,3.3384328001420718
p1413,process,,32,pre,post_odor,2.0,0.8067117929458618,0.8067117929458618,0.7134311199188232,0.8999924659729004,-1.5637748658735795,3.177198451765303
p1413,process,,30,pre,post_odor,2.0,0.4125441387295723,0.4125441387295723,0.30196086689829826,0.5231274105608463,-2.397643245838883,3.2227315232980276
p1413,process,,40,pre,post_odor,2.0,0.7457287907600403,0.7457287907600403,0.6100557148456573,0.8814018666744232,-2.7020509687494023,4.193508550269483
p1413,process,,3,pre,post_odor,2.0,1.263041153550148,1.263041153550148,0.7866752967238426,1.7394070103764534,-10.842563058766487,13.368645365866783
p1413,process,,2,pre,post_odor,2.0,0.395255871117115,0.395255871117115,0.2567111365497112,0.5338006056845188,-3.125499653947709,3.916011396181939
p1413,process,,1,pre,post_odor,2.0,0.39079926162958145,0.39079926162958145,0.12995197996497154,0.6516465432941914,-6.23795866978074,7.019557193039903
p1413,process,,4,pre,post_odor,2.0,0.7761418633162975,0.7761418633162975,0.442490192130208,1.109793534502387,-7.702751025998285,9.25503475263088
p1413,process,,31,pre,post_odor,2.0,1.313033401966095,1.313033401966095,1.0523848235607147,1.5736819803714752,-5.310675000857192,7.936741804789382
p1413,process,,21,pre,post_odor,2.0,0.5825565606355667,0.5825565606355667,0.5142651721835136,0.6508479490876198,-1.152892166143278,2.3180052874144117
p1413,process,,12,pre,post_odor,2.0,0.6842743456363678,0.6842743456363678,0.13534198701381683,1.2332067042589188,-13.265419524302438,14.633968215575173
p1413,process,,22,pre,post_odor,2.0,1.407224863767624,1.407224863767624,1.090211346745491,1.7242383807897568,-6.648852439068419,9.463302166603667
p1413,process,,10,pre,post_odor,2.0,-0.1710257139056921,-0.1710257139056921,-0.26689816545695066,-0.07515326235443354,-2.6073757098442525,2.2653242820328683
p1413,process,,0,pre,post_odor,2.0,0.01549113541841507,0.01549113541841507,-0.08091950044035912,0.11190177127718925,-2.4345354205143255,2.4655176913511556
p1413,process,,18,pre,post_odor,2.0,0.7846550792455673,0.7846550792455673,0.5363214388489723,1.0329887196421623,-5.52610107627187,7.095411234763005
p1413,process,,12,post,post_odor,2.0,0.029173641931265593,0.029173641931265593,0.009150023804977536,0.04919726005755365,-0.47967474101192387,0.538022024874455
p1413,process,,18,post,post_odor,2.0,0.5235837548971176,0.5235837548971176,0.4445633366703987,0.6026041731238365,-1.484515469756564,2.531682979550799
p1413,process,,40,post,post_odor,2.0,-0.012350305914878845,-0.012350305914878845,-0.21929921954870224,0.19459860771894455,-5.271420839035467,5.246720227205709
p1413,process,,32,post,post_odor,2.0,0.2728119418025017,0.2728119418025017,0.2040981836616993,0.34152569994330406,-1.4733702164555493,2.018994100060553
p1413,process,,31,post,post_odor,2.0,-0.09352435171604156,-0.09352435171604156,-0.1922927424311638,0.005244038999080658,-2.6034671394937186,2.4164184360616354
p1413,process,,0,post,post_odor,2.0,0.08742733485996723,0.08742733485996723,0.02055047731846571,0.15430419240146875,-1.6120747532086466,1.786929422928581
p1413,process,,4,post,post_odor,2.0,-0.026187211275100708,-0.026187211275100708,-0.10738994926214218,0.055015526711940765,-2.0897444392776987,2.0373700167274973
p1413,process,,2,post,post_odor,2.0,0.05535363405942917,0.05535363405942917,-0.05976487323641777,0.1704721413552761,-2.8700850111882734,2.9807922793071318
p1413,process,,3,post,post_odor,2.0,0.17362189292907715,0.17362189292907715,0.1605834737420082,0.1866603121161461,-0.15771575432485552,0.5049595401830098
p1413,process,,21,post,post_odor,2.0,3.544211745262146,3.544211745262146,3.4882068037986755,3.6002166867256165,2.120991240317476,4.967432250206816
p1413,process,,1,post,post_odor,2.0,0.08206254988908768,0.08206254988908768,0.012706752866506577,0.15141834691166878,-1.6804353633298934,1.8445604631080688
p1413,process,,22,post,post_odor,2.0,0.2375485524535179,0.2375485524535179,0.22579816356301308,0.24929894134402275,-0.06105714149133623,0.5361542463983721
p1413,process,,10,post,post_odor,1.0,-0.02491527423262596,-0.02491527423262596,-0.02491527423262596,-0.02491527423262596,,
p1413,process,,30,post,post_odor,2.0,0.16633962094783783,0.16633962094783783,0.14598039537668228,0.18669884651899338,-0.35103735580629336,0.683716597701969
p1413,process,,17,post,post_odor,2.0,0.2664972096681595,0.2664972096681595,0.24681846052408218,0.2861759588122368,-0.23358722148477795,0.7665816408210969
p1413,process,,39,post,post_odor,2.0,0.05639949208125472,0.05639949208125472,0.023777965689077973,0.08902101847343147,-0.7725920942097932,0.8853910783723027
p1432,process,,39,pre,post_odor,2.0,0.6781904697418213,0.6781904697418213,0.49697089195251465,0.8594100475311279,-3.9270356454463107,5.283416584929953
p1432,process,,17,pre,post_odor,2.0,2.3099265098571777,2.3099265098571777,1.6731828451156616,2.946670174598694,-13.87126422747859,18.491117247192946
p1432,process,,32,pre,post_odor,2.0,1.7056939005851746,1.7056939005851746,1.3968636095523834,2.0145241916179657,-6.142427912604945,9.553815713775293
p1432,process,,30,pre,post_odor,2.0,0.8764953315258026,0.8764953315258026,0.8288782387971878,0.9241124242544174,-0.33356972677658736,2.0865603898281924
p1432,process,,40,pre,post_odor,2.0,1.0600192844867706,1.0600192844867706,0.7408737987279892,1.379164770245552,-7.050236480867234,9.170275049840775
p1432,process,,3,pre,post_odor,2.0,1.7473362684249878,1.7473362684249878,1.1037636399269104,2.390908896923065,-14.607394892164347,18.102067429014323
p1432,process,,2,pre,post_odor,2.0,0.7710309624671936,0.7710309624671936,0.670943409204483,0.8711185157299042,-1.7724349241303865,3.3144968490647737
p1432,process,,1,pre,post_odor,2.0,0.6449651541188359,0.6449651541188359,0.3075646492652595,0.9823656589724123,-7.929194631397655,9.219124939635327
p1432,process,,4,pre,post_odor,2.0,1.2699597477912903,1.2699597477912903,0.8273368775844574,1.7125826179981232,-9.978153871731303,12.518073367313884
p1432,process,,31,pre,post_odor,2.0,2.112899959087372,2.112899959087372,1.6514923870563507,2.574307531118393,-9.612578195007481,13.838378113182225
p1432,process,,21,pre,post_odor,2.0,0.8496510684490204,0.8496510684490204,0.8309806436300278,0.868321493268013,0.37519058792606536,1.3241115489719755
p1432,process,,12,pre,post_odor,2.0,1.3811649922281504,1.3811649922281504,0.7083205645903945,2.0540094198659062,-15.717433114091058,18.47976309854736
p1432,process,,22,pre,post_odor,2.0,1.5181321501731873,1.5181321501731873,1.0465952455997467,1.9896690547466278,-10.464756750171222,13.501021050517597
p1432,process,,10,pre,post_odor,2.0,0.545528456568718,0.545528456568718,0.09455806761980057,0.9964988455176353,-10.914715727305838,12.005772640443274
p1432,process,,0,pre,post_odor,2.0,0.19721099734306335,0.19721099734306335,-0.0325763076543808,0.4269983023405075,-5.6422380887996235,6.03666008348575
p1432,process,,18,pre,post_odor,2.0,0.6459858864545822,0.6459858864545822,0.4898110702633858,0.8021607026457787,-3.3227924918650023,4.614764264774166
p1432,process,,12,post,post_odor,2.0,-0.02543094288557768,-0.02543094288557768,-0.04730092501267791,-0.0035609607584774494,-0.5811998838524114,0.530337998081256
p1432,process,,18,post,post_odor,2.0,0.20428910478949547,0.20428910478949547,0.14905251003801823,0.2595256995409727,-1.199405858893269,1.60798406847226
p1432,process,,40,post,post_odor,2.0,-0.1834290251135826,-0.1834290251135826,-0.34805456921458244,-0.01880348101258278,-4.366960761416502,4.000102711189337
p1432,process,,32,post,post_odor,2.0,0.14524851739406586,0.14524851739406586,0.1290135756134987,0.16148345917463303,-0.2673204708934601,0.5578175056815918
p1432,process,,31,post,post_odor,2.0,0.13822856172919273,0.13822856172919273,0.10502381809055805,0.17143330536782742,-0.7055839800401802,0.9820411034985657
p1432,process,,0,post,post_odor,2.0,0.02107769250869751,0.02107769250869751,-0.06485304981470108,0.1070084348320961,-2.1626295176764514,2.2047849026938464
p1432,process,,4,post,post_odor,2.0,-0.040101297199726105,-0.040101297199726105,-0.14113972708582878,0.06093713268637657,-2.607731249908631,2.5275286555091787
p1432,process,,2,post,post_odor,2.0,-0.001116432249546051,-0.001116432249546051,-0.0844079740345478,0.0821751095354557,-2.117755197673309,2.115522333174217
p1432,process,,3,post,post_odor,2.0,0.2708451747894287,0.2708451747894287,0.24839766323566437,0.29329268634319305,-0.2996001804501246,0.841290530028982
p1432,process,,21,post,post_odor,2.0,1.3663235306739807,1.3663235306739807,1.3646614849567413,1.36798557639122,1.324086944345729,1.4085601170022324
p1432,process,,1,post,post_odor,2.0,-0.003891199827194214,-0.003891199827194214,-0.0389975868165493,0.031215187162160873,-0.8960290810954445,0.8882466814410561
p1432,process,,22,post,post_odor,2.0,-0.08395634591579437,-0.08395634591579437,-0.16232841461896896,-0.0055842772126197815,-2.0755794469959654,1.9076667551643767
p1432,process,,10,post,post_odor,1.0,0.13232988119125366,0.13232988119125366,0.13232988119125366,0.13232988119125366,,
p1432,process,,30,post,post_odor,2.0,-0.07591910101473331,-0.07591910101473331,-0.09602316189557314,-0.05581504013389349,-0.5868117281756761,0.43497352614620943
p1432,process,,17,post,post_odor,2.0,0.11069280654191971,0.11069280654191971,0.0992467887699604,0.12213882431387901,-0.18017808390689832,0.40156369699073774
p1432,process,,39,post,post_odor,2.0,0.24697513040155172,0.24697513040155172,0.1362782665528357,0.35767199425026774,-2.5660989010269293,3.0600491618300327
p1451,process,,39,pre,post_odor,2.0,0.5405104458332062,0.5405104458332062,0.502751424908638,0.5782694667577744,-0.4190372551769289,1.5000581468433412
p1451,process,,17,pre,post_odor,2.0,2.3571830689907074,2.3571830689907074,1.4404217153787613,3.2739444226026535,-20.93993183742136,25.654297975402773
p1451,process,,32,pre,post_odor,2.0,1.2526027858257294,1.2526027858257294,1.050901547074318,1.4543040245771408,-3.8731116844052442,6.378317256056703
p1451,process,,30,pre,post_odor,2.0,0.48749954998493195,0.48749954998493195,0.40189849585294724,0.5731006041169167,-1.687829488881809,2.662828588851673
p1451,process,,40,pre,post_odor,2.0,1.0986661165952682,1.0986661165952682,0.7332044914364815,1.464127741754055,-8.188594348370087,10.385926581560623
p1451,process,,3,pre,post_odor,2.0,1.758163720369339,1.758163720369339,1.272689864039421,2.243637576699257,-10.578896704807052,14.09522414554573
p1451,process,,2,pre,post_odor,2.0,0.8747486025094986,0.8747486025094986,0.6669296249747276,1.0825675800442696,-4.40643235072908,6.155929555748077
p1451,process,,1,pre,post_odor,2.0,0.4172887057065964,0.4172887057065964,0.0906142070889473,0.7439632043242455,-7.8842974173395355,8.718874828752728
p1451,process,,4,pre,post_odor,2.0,1.0123470276594162,1.0123470276594162,0.40635091811418533,1.618343137204647,-14.387474246754687,16.412168302073518
p1451,process,,31,pre,post_odor,2.0,2.9992809891700745,2.9992809891700745,2.0922647416591644,3.9062972366809845,-20.050187290650975,26.048749268991124
p1451,process,,21,pre,post_odor,2.0,1.0082893371582031,1.0082893371582031,0.8406815528869629,1.1758971214294434,-3.251028307495755,5.267606981812161
p1451,process,,12,pre,post_odor,2.0,1.2303603291511536,1.2303603291511536,0.45252522826194763,2.0081954300403595,-18.53630375661154,20.99702441491385
p1451,process,,22,pre,post_odor,2.0,2.156500220298767,2.156500220298767,1.3887545466423035,2.9242458939552307,-17.353767209284012,21.666767649881546
p1451,process,,10,pre,post_odor,2.0,-0.1282557249069214,-0.1282557249069214,-0.48836222290992737,0.2318507730960846,-9.279429505813075,9.022918055999233
p1451,process,,0,pre,post_odor,2.0,0.5544977895915508,0.5544977895915508,0.31268088705837727,0.7963146921247244,-5.590652354916657,6.699647934099759
p1451,process,,18,pre,post_odor,2.0,1.489810660481453,1.489810660481453,0.9737145230174065,2.0059067979454994,-11.625435711852814,14.60505703281572
p1451,process,,12,post,post_odor,2.0,0.2524963989853859,0.2524963989853859,0.25040149316191673,0.25459130480885506,0.19925979439337826,0.3057330035773935
p1451,process,,18,post,post_odor,2.0,0.27350346744060516,0.27350346744060516,0.24075130373239517,0.30625563114881516,-0.5588079278178483,1.1058148626990585
p1451,process,,40,post,post_odor,2.0,-0.0921056754887104,-0.0921056754887104,-0.10725445859134197,-0.07695689238607883,-0.4770727547005912,0.2928614037231704
p1451,process,,32,post,post_odor,2.0,-0.04998931381851435,-0.04998931381851435,-0.08341259555891156,-0.016566032078117132,-0.8993554353151869,0.7993768076781582
p1451,process,,31,post,post_odor,2.0,-0.10128376819193363,-0.10128376819193363,-0.14245921839028597,-0.060108317993581295,-1.1476511688407929,0.9450836324569256
p1451,process,,0,post,post_odor,2.0,0.07129670470021665,0.07129670470021665,0.03714846505317837,0.10544494434725493,-0.7964923439702359,0.9390857533706692
p1451,process,,4,post,post_odor,2.0,-0.04366643726825714,-0.04366643726825714,-0.15116452425718307,0.06383164972066879,-2.775451841325077,2.6881189667885628
p1451,process,,2,post,post_odor,2.0,-0.12025520019233227,-0.12025520019233227,-0.1952154627069831,-0.045294937677681446,-2.0251760853694414,1.784665684984777
p1451,process,,3,post,post_odor,2.0,0.016912650084123015,0.016912650084123015,0.01050689595285803,0.023318404215388,-0.14587299687877647,0.1796982970470225
p1451,process,,21,post,post_odor,2.0,1.8564101457595825,1.8564101457595825,1.7548667788505554,1.9579535126686096,-0.7240514733336272,4.436871764852793
p1451,process,,1,post,post_odor,2.0,-0.1774241141974926,-0.1774241141974926,-0.297621538862586,-0.05722668953239918,-3.2319302873087143,2.877082058913729
p1451,process,,22,post,post_odor,2.0,0.15581089630723,0.15581089630723,0.12839009426534176,0.18323169834911823,-0.5410177532414681,0.852639545855928
p1451,process,,10,post,post_odor,1.0,-0.03331808000802994,-0.03331808000802994,-0.03331808000802994,-0.03331808000802994,,
p1451,process,,30,post,post_odor,2.0,0.2637791931629181,0.2637791931629181,0.2565958648920059,0.27096252143383026,0.08123351376819449,0.4463248725576417
p1451,process,,17,post,post_odor,2.0,0.05914124473929405,0.05914124473929405,0.04519849456846714,0.07308399491012096,-0.2951776317724288,0.4134601212510169
p1451,process,,39,post,post_odor,2.0,0.08458976820111275,0.08458976820111275,0.04713532142341137,0.12204421497881413,-0.8672179698741518,1.0363975062763773
p1470,process,,39,pre,post_odor,2.0,0.5787457525730133,0.5787457525730133,0.5308704823255539,0.6266210228204727,-0.6378802185548111,1.7953717237008378
p1470,process,,17,pre,post_odor,2.0,2.5945231914520264,2.5945231914520264,2.0588282346725464,3.1302181482315063,-11.018776402500627,16.20782278540468
p1470,process,,32,pre,post_odor,2.0,2.2775481939315796,2.2775481939315796,1.8694189190864563,2.685677468776703,-8.094000056085717,12.649096443948876
p1470,process,,30,pre,post_odor,2.0,1.9076361060142517,1.9076361060142517,1.7495103180408478,2.0657618939876556,-2.1107211661037892,5.925993378132293
p1470,process,,40,pre,post_odor,2.0,1.0063543915748596,1.0063543915748596,0.9987879693508148,1.0139208137989044,0.8140733717767487,1.1986354113729707
p1470,process,,3,pre,post_odor,2.0,2.695259749889374,2.695259749889374,1.8623736202716827,3.528145879507065,-18.47038361979566,23.860903119574406
p1470,process,,2,pre,post_odor,2.0,1.0837286412715912,1.0837286412715912,0.6972105652093887,1.4702467173337936,-8.738626976085785,10.906084258628967
p1470,process,,1,pre,post_odor,2.0,0.6647000834345818,0.6647000834345818,0.4101792760193348,0.9192208908498287,-5.803286893834654,7.132687060703818
p1470,process,,4,pre,post_odor,2.0,1.9314219653606415,1.9314219653606415,1.3364403992891312,2.526403531432152,-13.188493220148278,17.05133715086956
p1470,process,,31,pre,post_odor,2.0,2.7238789200782776,2.7238789200782776,2.242509573698044,3.2052482664585114,-9.508876017573408,14.956633857729964
p1470,process,,21,pre,post_odor,2.0,1.1425447165966034,1.1425447165966034,1.0104026943445206,1.2746867388486862,-2.2155024613776297,4.500591894570837
p1470,process,,12,pre,post_odor,2.0,1.6479194993153214,1.6479194993153214,0.8363313726149499,2.459507626015693,-18.976490299291495,22.272329297922138
p1470,process,,22,pre,post_odor,2.0,2.6704314053058624,2.6704314053058624,1.7651735991239548,3.57568921148777,-20.334350643429474,25.6752134540412
p1470,process,,10,pre,post_odor,2.0,0.2718000113964081,0.2718000113964081,-0.0467693954706192,0.5903694182634354,-7.823816201271962,8.367416224064778
p1470,process,,0,pre,post_odor,2.0,0.21183084696531296,0.21183084696531296,0.07975843921303749,0.3439032547175884,-3.144447258834603,3.568108952765229
p1470,process,,18,pre,post_odor,2.0,1.456294596195221,1.456294596195221,1.1795038878917694,1.7330853044986725,-5.577624221353707,8.490213413744149
p1470,process,,12,post,post_odor,2.0,0.6341664642095566,0.6341664642095566,0.3687039390206337,0.8996289893984795,-6.111875925455215,7.380208853874328
p1470,process,,18,post,post_odor,2.0,1.4213331043720245,1.4213331043720245,1.1177942007780075,1.7248720079660416,-6.292321804547122,9.13498801329117
p1470,process,,40,post,post_odor,2.0,-0.1480596512556076,-0.1480596512556076,-0.1561606228351593,-0.1399586796760559,-0.3539248581590403,0.05780555564782511
p1470,process,,32,post,post_odor,2.0,0.43514150381088257,0.43514150381088257,0.41423195600509644,0.4560510516166687,-0.09622048691141927,0.9665034945331844
p1470,process,,31,post,post_odor,2.0,0.3167904429137707,0.3167904429137707,0.22074824757874012,0.41283263824880123,-2.1238731515633895,2.757454037390931
p1470,process,,0,post,post_odor,2.0,-0.020454339683055878,-0.020454339683055878,-0.025390353985130787,-0.015518325380980968,-0.14589035628875635,0.1049816769226446
p1470,process,,4,post,post_odor,2.0,0.0960480123758316,0.0960480123758316,-0.021157942712306976,0.21325396746397018,-2.8824377109217383,3.0745337356734015
p1470,process,,2,post,post_odor,2.0,0.2704298347234726,0.2704298347234726,0.10009641200304031,0.4407632574439049,-4.058152850274933,4.599012519721878
p1470,process,,3,post,post_odor,2.0,0.4335685968399048,0.4335685968399048,0.327991783618927,0.5391454100608826,-2.2493926115173326,3.116529805197142
p1470,process,,21,post,post_odor,2.0,3.0535014867782593,3.0535014867782593,2.985311448574066,3.1216915249824524,1.3206283139981554,4.786374659558363
p1470,process,,1,post,post_odor,2.0,0.3042890653014183,0.3042890653014183,0.24380669370293617,0.36477143689990044,-1.2327137276180047,1.8412918582208413
p1470,process,,22,post,post_odor,2.0,0.037512101233005524,0.037512101233005524,-0.02110719308257103,0.09613139554858208,-1.4521454088945887,1.5271696113605997
p1470,process,,10,post,post_odor,1.0,-0.21677830815315247,-0.21677830815315247,-0.21677830815315247,-0.21677830815315247,,
p1470,process,,30,post,post_odor,2.0,0.32588645815849304,0.32588645815849304,0.24950161576271057,0.4022713005542755,-1.6152364342840047,2.2670093506009907
p1470,process,,17,post,post_odor,2.0,0.9271320700645447,0.9271320700645447,0.8886703550815582,0.9655937850475311,-0.05027278009190239,1.9045369202209916
p1470,process,,39,post,post_odor,2.0,0.19103233143687248,0.19103233143687248,0.15686567313969135,0.2251989897340536,-0.677224779512938,1.059289442386683
p1489,process,,39,pre,post_odor,2.0,0.7472025752067566,0.7472025752067566,0.6307740211486816,0.8636311292648315,-2.21152751479061,3.705932665204123
p1489,process,,17,pre,post_odor,2.0,2.8954704999923706,2.8954704999923706,2.5097346901893616,3.2812063097953796,-6.907005846869978,12.69794684685472
p1489,process,,32,pre,post_odor,2.0,2.527068018913269,2.527068018913269,2.4898658394813538,2.5642701983451843,1.5816710019256235,3.472465035900915
p1489,process,,30,pre,post_odor,2.0,1.265116959810257,1.265116959810257,0.9619346112012863,1.5682993084192276,-6.439477027829482,8.969710947449997
p1489,process,,40,pre,post_odor,2.0,1.0011092126369476,1.0011092126369476,0.7883624583482742,1.213855966925621,-4.405298421260124,6.407516846534019
p1489,process,,3,pre,post_odor,2.0,1.6635288894176483,1.6635288894176483,1.063895896077156,2.2631618827581406,-13.574590270481492,16.90164804931679
p1489,process,,2,pre,post_odor,2.0,0.9131487607955933,0.9131487607955933,0.6551747918128967,1.1711227297782898,-5.642591372199852,7.468888893791038
p1489,process,,1,pre,post_odor,2.0,0.6255368962883949,0.6255368962883949,0.39650407060980797,0.8545697219669819,-5.194739052465074,6.445812845041864
p1489,process,,4,pre,post_odor,2.0,1.730861872434616,1.730861872434616,1.3112415820360184,2.150482162833214,-8.932700770080709,12.394424514949941
p1489,process,,31,pre,post_odor,2.0,2.9497718811035156,2.9497718811035156,2.6728577613830566,3.2266860008239746,-4.087283117907967,9.986826880114998
p1489,process,,21,pre,post_odor,2.0,0.8083039969205856,0.8083039969205856,0.6306969597935677,0.9859110340476036,-3.705118755721955,5.321726749563126
p1489,process,,12,pre,post_odor,2.0,1.305106058716774,1.305106058716774,0.5759380683302879,2.03427404910326,-17.22480948711473,19.835021604548277
p1489,process,,22,pre,post_odor,2.0,2.8106735944747925,2.8106735944747925,2.069247305393219,3.552099883556366,-16.03075485723064,21.652102046180225
p1489,process,,10,pre,post_odor,2.0,0.15088114142417908,0.15088114142417908,-0.22642944753170013,0.5281917303800583,-9.437490043375933,9.73925232622429
p1489,process,,0,pre,post_odor,2.0,0.48652563244104385,0.48652563244104385,0.35601693019270897,0.6170343346893787,-2.8300149487985675,3.8030662136806552
p1489,process,,18,pre,post_odor,2.0,1.7179667949676514,1.7179667949676514,1.3025879859924316,2.133345603942871,-8.837809584847427,12.27374317478273
p1489,process,,12,post,post_odor,2.0,0.9242437481880188,0.9242437481880188,0.7702412903308868,1.0782462060451508,-2.9893297706256488,4.837817267001686
p1489,process,,18,post,post_odor,2.0,1.928255021572113,1.928255021572113,1.5604746639728546,2.2960353791713715,-7.417930021627326,11.274440064771552
p1489,process,,40,post,post_odor,2.0,0.31915798783302307,0.31915798783302307,0.2919059544801712,0.34641002118587494,-0.37338184268377106,1.011697818349817
p1489,process,,32,post,post_odor,2.0,0.9152088761329651,0.9152088761329651,0.7883431017398834,1.0420746505260468,-2.308756130770724,4.139173883036654
p1489,process,,31,post,post_odor,2.0,1.2591091990470886,1.2591091990470886,1.1596008241176605,1.3586175739765167,-1.2696383705876046,3.787856768681782
p1489,process,,0,post,post_odor,2.0,0.11944368574768305,0.11944368574768305,0.07242082944139838,0.16646654205396771,-1.0755203932670696,1.3144077647624357
p1489,process,,4,post,post_odor,2.0,0.6103526279330254,0.6103526279330254,0.4232584424316883,0.7974468134343624,-4.144161423922646,5.364866679788697
p1489,process,,2,post,post_odor,2.0,0.41018350422382355,0.41018350422382355,0.3516022190451622,0.4687647894024849,-1.078508102152791,1.898875110600438
p1489,process,,3,post,post_odor,2.0,1.028685986995697,1.028685986995697,0.9326986968517303,1.1246732771396637,-1.4105823342839905,3.4679543082753845
p1489,process,,21,post,post_odor,2.0,7.298007488250732,7.298007488250732,7.07619571685791,7.519819259643555,1.6612359278291784,12.934779048672286
p1489,process,,1,post,post_odor,2.0,0.1917971707880497,0.1917971707880497,0.12356874905526638,0.260025592520833,-1.5420514199375819,1.9256457615136813
p1489,process,,22,post,post_odor,2.0,0.9284926354885101,0.9284926354885101,0.8144377022981644,1.042547568678856,-1.969918029086009,3.8269033000630293
p1489,process,,10,post,post_odor,1.0,0.085889533162117,0.085889533162117,0.085889533162117,0.085889533162117,,
p1489,process,,30,post,post_odor,2.0,1.5482215881347656,1.5482215881347656,1.3548600673675537,1.7415831089019775,-3.3655605537978133,6.4620037300673445
p1489,process,,17,post,post_odor,2.0,2.273760974407196,2.273760974407196,1.770950585603714,2.776571363210678,-10.50386251281809,15.051384461632482
p1489,process,,39,post,post_odor,2.0,0.04849575459957123,0.04849575459957123,0.003924369812011719,0.09306713938713074,-1.0841705263715355,1.181162035570678
p1508,process,,39,pre,post_odor,2.0,0.916134238243103,0.916134238243103,0.8581399917602539,0.9741284847259521,-0.5576393004194171,2.3899077769056234
p1508,process,,17,pre,post_odor,2.0,3.030778408050537,3.030778408050537,2.732995629310608,3.3285611867904663,-4.536599499102562,10.598156315203635
p1508,process,,32,pre,post_odor,2.0,1.6850000023841858,1.6850000023841858,1.6627934277057648,1.7072065770626068,1.1206774336778453,2.2493225710905262
p1508,process,,30,pre,post_odor,2.0,0.5615852922201157,0.5615852922201157,0.5220312252640724,0.6011393591761589,-0.4435788535635796,1.566749438003811
p1508,process,,40,pre,post_odor,2.0,1.126471608877182,1.126471608877182,0.9931680113077164,1.2597752064466476,-2.2610939966953576,4.514037214449722
p1508,process,,3,pre,post_odor,2.0,1.873591035604477,1.873591035604477,1.3639749437570572,2.3832071274518967,-11.076981764120568,14.824163835329522
p1508,process,,2,pre,post_odor,2.0,0.8013373017311096,0.8013373017311096,0.7050169110298157,0.8976576924324036,-1.6463959073068466,3.249070510769066
p1508,process,,1,pre,post_odor,2.0,0.2565276175737381,0.2565276175737381,0.07817112654447556,0.43488410860300064,-4.2759405645132915,4.788995799660768
p1508,process,,4,pre,post_odor,2.0,1.0204992443323135,1.0204992443323135,0.5833936557173729,1.4576048329472542,-10.087406956202857,12.128405444867484
p1508,process,,31,pre,post_odor,2.0,2.1274573802948,2.1274573802948,1.9293469190597534,2.325567841529846,-2.9070067813661993,7.161921541955799
p1508,process,,21,pre,post_odor,2.0,0.5683736503124237,0.5683736503124237,0.4855322688817978,0.6512150317430496,-1.5368254558577226,2.67357275648257
p1508,process,,12,pre,post_odor,2.0,1.6865354180335999,1.6865354180335999,1.3194569051265717,2.053613930940628,-7.6418140604608915,11.014884896528091
p1508,process,,22,pre,post_odor,2.0,2.6230189204216003,2.6230189204216003,2.0149897634983063,3.2310480773448944,-12.82846698644053,18.074504827283732
p1508,process,,10,pre,post_odor,2.0,0.3218088373541832,0.3218088373541832,0.045495275408029556,0.5981223993003368,-6.699984541584851,7.343602216293218
p1508,process,,0,pre,post_odor,2.0,0.5220029950141907,0.5220029950141907,0.45626288652420044,0.5877431035041809,-1.1486115606901135,2.192617550718495
p1508,process,,18,pre,post_odor,2.0,0.9939763247966766,0.9939763247966766,0.8044770509004593,1.183475598692894,-3.821656818166888,5.809609467760241
p1508,process,,12,post,post_odor,2.0,0.4026472941040993,0.4026472941040993,0.29524436220526695,0.5100502260029316,-2.326719989839883,3.1320145780480817
p1508,process,,18,post,post_odor,2.0,1.9590614438056946,1.9590614438056946,1.899405688047409,2.01871719956398,0.44306495109367816,3.475057936517711
p1508,process,,40,post,post_odor,2.0,-0.25625845789909363,-0.25625845789909363,-0.3184331804513931,-0.19408373534679413,-1.8362679662278445,1.3237510504296572
p1508,process,,32,post,post_odor,2.0,1.3926412463188171,1.3926412463188171,1.390279859304428,1.3950026333332062,1.3326327125864743,1.45264978005116
p1508,process,,31,post,post_odor,2.0,1.6846051216125488,1.6846051216125488,1.524473786354065,1.8447364568710327,-2.384717939330103,5.7539281825552
p1508,process,,0,post,post_odor,2.0,0.01122036948800087,0.01122036948800087,-0.05088515765964985,0.07332589663565159,-1.5670307168842101,1.5894714558602119
p1508,process,,4,post,post_odor,2.0,0.2054683305323124,0.2054683305323124,0.09376065991818905,0.31717600114643574,-2.633292736316121,3.0442293973807457
p1508,process,,2,post,post_odor,2.0,0.13528822362422943,0.13528822362422943,0.11667106300592422,0.15390538424253464,-0.3378186852206398,0.6083951324690986
p1508,process,,3,post,post_odor,2.0,0.7839565575122833,0.7839565575122833,0.646737203001976,0.9211759120225906,-2.703117866835119,4.271030981859686
p1508,process,,21,post,post_odor,2.0,4.037589073181152,4.037589073181152,4.018326282501221,4.056851863861084,3.548075148842574,4.527102997519731
p1508,process,,1,post,post_odor,2.0,-0.1924322284758091,-0.1924322284758091,-0.2290353048592806,-0.1558291520923376,-1.1226045934802682,0.73774013652865
p1508,process,,22,post,post_odor,2.0,1.248715579509735,1.248715579509735,1.2005037367343903,1.29692742228508,0.02353648948614251,2.473894669533328
p1508,process,,10,post,post_odor,1.0,-0.23537731170654297,-0.23537731170654297,-0.23537731170654297,-0.23537731170654297,,
p1508,process,,30,post,post_odor,2.0,1.3099982142448425,1.3099982142448425,1.0706550180912018,1.5493414103984833,-4.772289090832316,7.392285519322001
p1508,process,,17,post,post_odor,2.0,1.2147647738456726,1.2147647738456726,1.0989857017993927,1.3305438458919525,-1.7274604133230334,4.156989961014379
p1508,process,,39,post,post_odor,2.0,0.41618213057518005,0.41618213057518005,0.3930659294128418,0.4392983317375183,-0.17125623880735863,1.0036204999577187
p1527,process,,39,pre,post_odor,2.0,1.6582046747207642,1.6582046747207642,1.5373464822769165,1.7790628671646118,-1.4130931997502953,4.729502549191824
p1527,process,,17,pre,post_odor,2.0,2.4877803325653076,2.4877803325653076,2.3414227962493896,2.6341378688812256,-1.2315173096590457,6.2070779747896605
p1527,process,,32,pre,post_odor,2.0,2.5741583704948425,2.5741583704948425,2.1902450621128082,2.958071678876877,-7.1820038239937585,12.330320564983444
p1527,process,,30,pre,post_odor,2.0,1.3803260326385498,1.3803260326385498,1.143772304058075,1.6168797612190247,-4.631074180259475,7.391726245536574
p1527,process,,40,pre,post_odor,2.0,1.8846256136894226,1.8846256136894226,1.7744292318820953,1.9948219954967499,-0.9157299631697309,4.6849811905485765
p1527,process,,3,pre,post_odor,2.0,2.134927600622177,2.134927600622177,1.2544483095407486,3.0154068917036057,-20.24017267626299,24.510027877507344
p1527,process,,2,pre,post_odor,2.0,1.8676348328590393,1.8676348328590393,1.6758744418621063,2.0593952238559723,-3.0054587437328424,6.740728409450921
p1527,process,,1,pre,post_odor,2.0,1.0588369816541672,1.0588369816541672,0.6623154953122139,1.4553584679961205,-9.017729393852145,11.13540335716048
p1527,process,,4,pre,post_odor,2.0,1.760966271162033,1.760966271162033,1.204316332936287,2.3176162093877792,-12.38484989178862,15.906782434112687
p1527,process,,31,pre,post_odor,2.0,4.0909503698349,4.0909503698349,3.070782959461212,5.111117780208588,-21.833961592927547,30.015862332597347
p1527,process,,21,pre,post_odor,2.0,2.316273331642151,2.316273331642151,2.2981236577033997,2.334423005580902,1.8550463857209765,2.777500277563325
p1527,process,,12,pre,post_odor,2.0,2.6503707617521286,2.6503707617521286,1.5288481786847115,3.7718933448195457,-25.850220351644058,31.150961875148315
p1527,process,,22,pre,post_odor,2.0,1.5586182177066803,1.5586182177066803,1.0056203454732895,2.111616089940071,-12.494390148826195,15.611626584239556
p1527,process,,10,pre,post_odor,2.0,0.7581213712692261,0.7581213712692261,0.4222296476364136,1.0940130949020386,-7.777696648061021,9.293939390599473
p1527,process,,0,pre,post_odor,2.0,0.35791074857115746,0.35791074857115746,0.11830046214163303,0.5975210350006819,-5.731163963962839,6.446985461105154
p1527,process,,18,pre,post_odor,2.0,0.47489049285650253,0.47489049285650253,0.35563576593995094,0.5941452197730541,-2.5556594590601125,3.5054404447731176
p1527,process,,12,post,post_odor,2.0,0.02981009054929018,0.02981009054929018,0.0043278890661895275,0.05529229203239083,-0.6177540477961725,0.6773742288947529
p1527,process,,18,post,post_odor,2.0,0.5436865836381912,0.5436865836381912,0.4244307205080986,0.6629424467682838,-2.486892242202176,3.5742654094785586
p1527,process,,40,post,post_odor,2.0,0.22409006021916866,0.22409006021916866,0.1328364023938775,0.3153437180444598,-2.09488525828679,2.543065378725127
p1527,process,,32,post,post_odor,2.0,0.19231723994016647,0.19231723994016647,0.16143881157040596,0.223195668309927,-0.5923780256547977,0.9770125055351306
p1527,process,,31,post,post_odor,2.0,0.5367825329303741,0.5367825329303741,0.5094978958368301,0.5640671700239182,-0.1565858371952189,1.2301509030559672
p1527,process,,0,post,post_odor,2.0,0.17893874645233154,0.17893874645233154,0.1533655747771263,0.20451191812753677,-0.470937163664671,0.8288146565693341
p1527,process,,4,post,post_odor,2.0,0.2589590447023511,0.2589590447023511,0.14289063168689609,0.3750274577178061,-2.690618993652159,3.208537083056861
p1527,process,,2,post,post_odor,2.0,0.19867979362607002,0.19867979362607002,0.16031893901526928,0.23704064823687077,-0.7761619514528605,1.1735215387050006
p1527,process,,3,post,post_odor,2.0,0.3233000636100769,0.3233000636100769,0.30075766146183014,0.34584246575832367,-0.24955669027153826,0.8961568174916921
p1527,process,,21,post,post_odor,2.0,1.5792444944381714,1.5792444944381714,1.4871812462806702,1.6713077425956726,-0.7603044650947646,3.9187934539711073
p1527,process,,1,post,post_odor,2.0,0.06286271661520004,0.06286271661520004,0.06284289807081223,0.06288253515958786,0.0623590796500709,0.06336635358032919
p1527,process,,22,post,post_odor,2.0,0.1593116200529039,0.1593116200529039,0.07838453003205359,0.2402387100737542,-1.897240728962624,2.215863969068432
p1527,process,,10,post,post_odor,1.0,-0.20237208902835846,-0.20237208902835846,-0.20237208902835846,-0.20237208902835846,,
p1527,process,,30,post,post_odor,2.0,0.480022594332695,0.480022594332695,0.43855390697717667,0.5214912816882133,-0.5737966690265743,1.5338418576919643
p1527,process,,17,post,post_odor,2.0,0.3828084245324135,0.3828084245324135,0.2890574596822262,0.4765593893826008,-1.999629482668381,2.765246331733208
p1527,process,,39,post,post_odor,2.0,-0.011538799852132797,-0.011538799852132797,-0.048269009217619896,0.0251914095133543,-0.9449419202530134,0.9218643205487478
p1546,process,,39,pre,post_odor,2.0,-0.020763210952281952,-0.020763210952281952,-0.09455829486250877,0.05303187295794487,-1.896074100325348,1.8545476784207842
p1546,process,,17,pre,post_odor,2.0,0.404593825340271,0.404593825340271,-0.051205217838287354,0.8603928685188293,-11.178358097018313,11.987545747698855
p1546,process,,32,pre,post_odor,2.0,0.029942059889435768,0.029942059889435768,-0.006973271258175373,0.06685739103704691,-0.908165451041032,0.9680495708199035
p1546,process,,30,pre,post_odor,2.0,-0.2162095750682056,-0.2162095750682056,-0.3188761544879526,-0.1135429956484586,-2.8252147304082946,2.3927955802718834
p1546,process,,40,pre,post_odor,2.0,-0.4792182594537735,-0.4792182594537735,-0.5325379148125648,-0.42589860409498215,-1.8341991743559274,0.8757626554483804
p1546,process,,3,pre,post_odor,2.0,0.3871126603335142,0.3871126603335142,0.2033424424007535,0.5708828782662749,-4.282931366596685,5.0571566872637135
p1546,process,,2,pre,post_odor,2.0,-0.10760220885276794,-0.10760220885276794,-0.1484980806708336,-0.0667063370347023,-1.1468648492221658,0.9316604315166299
p1546,process,,1,pre,post_odor,2.0,0.1561579927802086,0.1561579927802086,0.12444636598229408,0.1878696195781231,-0.6497108524427226,0.9620268380031398
p1546,process,,4,pre,post_odor,2.0,0.4682219382375479,0.4682219382375479,0.26320882979780436,0.6732350466772914,-4.741655120632382,5.678098997107478
p1546,process,,31,pre,post_odor,2.0,1.034209966659546,1.034209966659546,0.7700450420379639,1.298374891281128,-5.678857266056408,7.7472771993755
p1546,process,,21,pre,post_odor,2.0,0.26006805896759033,0.26006805896759033,0.08709296584129333,0.43304315209388733,-4.1356458360756365,4.655781954010817
p1546,process,,12,pre,post_odor,2.0,0.4782106727361679,0.4782106727361679,0.22884289175271988,0.7275784537196159,-5.858825486826355,6.8152468322986905
p1546,process,,22,pre,post_odor,2.0,0.592784620821476,0.592784620821476,0.41728055104613304,0.7682886905968189,-3.867196664373317,5.052765906016269
p1546,process,,10,pre,post_odor,2.0,-0.17767826654016972,-0.17767826654016972,-0.2936475174501538,-0.061709015630185604,-3.1247363568663125,2.769379823785973
p1546,process,,0,pre,post_odor,2.0,0.2193114385008812,0.2193114385008812,0.19086486473679543,0.24775801226496696,-0.5035845420774575,0.9422074190792199
p1546,process,,18,pre,post_odor,2.0,0.15586019307374954,0.15586019307374954,-0.023185361176729202,0.3349057473242283,-4.394118745743162,4.705839131890661
p1546,process,,12,post,post_odor,2.0,0.40839825198054314,0.40839825198054314,0.26446148939430714,0.5523350145667791,-3.2493816969852256,4.066178200946312
p1546,process,,18,post,post_odor,2.0,0.22497934103012085,0.22497934103012085,0.2207459881901741,0.2292126938700676,0.11739964522046095,0.3325590368397807
p1546,process,,40,post,post_odor,2.0,-0.01354701817035675,-0.01354701817035675,-0.0585726760327816,0.0314786396920681,-1.1577574725322046,1.1306634361914911
p1546,process,,32,post,post_odor,2.0,-0.005841389298439026,-0.005841389298439026,-0.06684528291225433,0.05516250431537628,-1.5560973132203535,1.5444145346234754
p1546,process,,31,post,post_odor,2.0,-0.0316745825111866,-0.0316745825111866,-0.05779830552637577,-0.005550859495997429,-0.6955413287154115,0.6321921636930383
p1546,process,,0,post,post_odor,2.0,0.010397784411907196,0.010397784411907196,-0.07099945470690727,0.09179502353072166,-2.0581021859941417,2.078897754817956
p1546,process,,4,post,post_odor,2.0,-0.3642667233943939,-0.3642667233943939,-0.38842758536338806,-0.3401058614253998,-0.9782524409553867,0.24971899416659882
p1546,process,,2,post,post_odor,2.0,-0.02938847243785858,-0.02938847243785858,-0.06175386905670166,0.002976924180984497,-0.8518711840508914,0.7930942391751742
p1546,process,,3,post,post_odor,2.0,-0.04633959382772446,-0.04633959382772446,-0.10130244120955467,0.008623253554105759,-1.4430779772610403,1.3503987896055913
p1546,process,,21,post,post_odor,2.0,3.2337323427200317,3.2337323427200317,2.8217100501060486,3.645754635334015,-7.236746868922664,13.704211554362727
p1546,process,,1,post,post_odor,2.0,-0.15888312878087163,-0.15888312878087163,-0.2316160819027573,-0.08615017565898597,-2.0072027156474226,1.689436458085679
p1546,process,,22,post,post_odor,2.0,-0.1473453976213932,-0.1473453976213932,-0.16621811129152775,-0.12847268395125866,-0.626946525261258,0.3322557300184717
p1546,process,,10,post,post_odor,1.0,0.09176052361726761,0.09176052361726761,0.09176052361726761,0.09176052361726761,,
p1546,process,,30,post,post_odor,2.0,0.1312300767749548,0.1312300767749548,0.08139336947351694,0.18106678407639265,-1.1352407359228083,1.3977008894727179
p1546,process,,17,post,post_odor,2.0,-0.012093804776668549,-0.012093804776668549,-0.09701261296868324,0.07282500341534615,-2.1700853304560432,2.145897720902706
p1546,process,,39,post,post_odor,2.0,0.12510414328426123,0.12510414328426123,0.07069003442302346,0.179518252145499,-1.2576894721705079,1.5078977587390303
p1565,process,,39,pre,post_odor,2.0,0.4153934847563505,0.4153934847563505,0.1962521867826581,0.6345347827300429,-5.15351491165325,5.984301881165951
p1565,process,,17,pre,post_odor,2.0,0.8689688444137573,0.8689688444137573,0.8537015914916992,0.8842360973358154,0.48099116164049405,1.2569465271870206
p1565,process,,32,pre,post_odor,2.0,0.5737968683242798,0.5737968683242798,0.5315042436122894,0.6160894930362701,-0.5009606285172217,1.6485543651657812
p1565,process,,30,pre,post_odor,2.0,0.2103390172123909,0.2103390172123909,0.1627604328095913,0.2579176016151905,-0.9987474517462884,1.4194254861710702
p1565,process,,40,pre,post_odor,2.0,0.733595073223114,0.733595073223114,0.5862677991390228,0.8809223473072052,-3.0103459422468593,4.477536088693087
p1565,process,,3,pre,post_odor,2.0,0.74213607609272,0.74213607609272,0.49159424751996994,0.9926779046654701,-5.62473546154917,7.10900761373461
p1565,process,,2,pre,post_odor,2.0,0.5260401268824353,0.5260401268824353,0.263095811013045,0.7889844427518256,-6.156008496417286,7.2080887501821564
p1565,process,,1,pre,post_odor,2.0,0.4502207413315773,0.4502207413315773,0.2582014761865139,0.6422400064766407,-4.4294514511144,5.329892933777555
p1565,process,,4,pre,post_odor,2.0,0.6262075379490852,0.6262075379490852,0.4308053068816662,0.8216097690165043,-4.339433969746798,5.5918490456449685
p1565,process,,31,pre,post_odor,2.0,1.092928558588028,1.092928558588028,0.8417969197034836,1.3440601974725723,-5.288931480208193,7.474788597384249
p1565,process,,21,pre,post_odor,2.0,0.5438702702522278,0.5438702702522278,0.36848992109298706,0.7192506194114685,-3.912966975986004,5.0007075164904595
p1565,process,,12,pre,post_odor,2.0,0.46155698597431183,0.46155698597431183,0.2830299064517021,0.6400840654969215,-4.075246260756928,4.998360232705552
p1565,process,,22,pre,post_odor,2.0,1.2523497343063354,1.2523497343063354,1.1632871627807617,1.3414123058319092,-1.0109448019619491,3.51564427057462
p1565,process,,10,pre,post_odor,2.0,0.09816834330558777,0.09816834330558777,0.00907917320728302,0.18725751340389252,-2.1658021267843175,2.362138813395493
p1565,process,,0,pre,post_odor,2.0,0.06599409878253937,0.06599409878253937,-0.02399614453315735,0.15598434209823608,-2.2208748128722977,2.3528630104373764
p1565,process,,18,pre,post_odor,2.0,0.6458497196435928,0.6458497196435928,0.5334007367491722,0.7582987025380135,-2.211749878418636,3.5034493177058215
p1565,process,,12,post,post_odor,2.0,0.2953585386276245,0.2953585386276245,0.28292445838451385,0.30779261887073517,-0.020621399922353123,0.6113384771776021
p1565,process,,18,post,post_odor,2.0,0.5897454135119915,0.5897454135119915,0.35059346444904804,0.828897362574935,-5.487681842185971,6.667172669209954
p1565,process,,40,post,post_odor,2.0,0.14575230702757835,0.14575230702757835,0.1314807180315256,0.1600238960236311,-0.21692315636118958,0.5084277704163462
p1565,process,,32,post,post_odor,2.0,0.4555768519639969,0.4555768519639969,0.42995669692754745,0.4811970070004463,-0.19549301856733048,1.1066467224953243
p1565,process,,31,post,post_odor,2.0,0.284151129424572,0.284151129424572,0.2558356262743473,0.3124666325747967,-0.4354140310445367,1.0037162898936807
p1565,process,,0,post,post_odor,2.0,0.09765874687582254,0.09765874687582254,0.03558030491694808,0.159737188834697,-1.4799040395885705,1.6752215333402156
p1565,process,,4,post,post_odor,2.0,-0.08605040330439806,-0.08605040330439806,-0.141765630338341,-0.030335176270455122,-1.501908566535866,1.32980775992707
p1565,process,,2,post,post_odor,2.0,0.15886446088552475,0.15886446088552475,0.11089976504445076,0.20682915672659874,-1.060034030044541,1.3777629518155905
p1565,process,,3,post,post_odor,2.0,0.22085703536868095,0.22085703536868095,0.16639399714767933,0.2753200735896826,-1.1631799930116276,1.6048940637489895
p1565,process,,21,post,post_odor,2.0,2.2353289127349854,2.2353289127349854,2.1386321783065796,2.332025647163391,-0.22196809719868593,4.692625922668657
p1565,process,,1,post,post_odor,2.0,0.2793237715959549,0.2793237715959549,0.21720128506422043,0.34144625812768936,-1.2993582935889911,1.858005836780901
p1565,process,,22,post,post_odor,2.0,0.5611362457275391,0.5611362457275391,0.5338182747364044,0.5884542167186737,-0.13307921905293663,1.2553517105080148
p1565,process,,10,post,post_odor,1.0,-0.18235419690608978,-0.18235419690608978,-0.18235419690608978,-0.18235419690608978,,
p1565,process,,30,post,post_odor,2.0,0.4851962924003601,0.4851962924003601,0.42650601267814636,0.5438865721225739,-1.0062651279472594,1.9766577127479796
p1565,process,,17,post,post_odor,2.0,0.33548183739185333,0.33548183739185333,0.30073221772909164,0.370231457054615,-0.5475897264866504,1.218553401270357
p1565,process,,39,post,post_odor,2.0,0.07376689463853836,0.07376689463853836,0.06946851685643196,0.07806527242064476,-0.03546524162719844,0.18299903090427516
p1584,process,,39,pre,post_odor,2.0,0.29043933004140854,0.29043933004140854,0.2266862727701664,0.3541923873126507,-1.3296794664495384,1.9105581265323555
p1584,process,,17,pre,post_odor,2.0,1.0382786095142365,1.0382786095142365,0.5694257467985153,1.5071314722299576,-10.876402320100881,12.952959539129354
p1584,process,,32,pre,post_odor,2.0,1.1140492856502533,1.1140492856502533,1.0561784654855728,1.1719201058149338,-0.3565876928753009,2.5846862641758075
p1584,process,,30,pre,post_odor,2.0,1.4335575103759766,1.4335575103759766,1.2181070446968079,1.6490079760551453,-4.041557944471417,6.90867296522337
p1584,process,,40,pre,post_odor,2.0,0.9216150939464569,0.9216150939464569,0.8211237341165543,1.0221064537763596,-1.6321124904842321,3.475342678377146
p1584,process,,3,pre,post_odor,2.0,0.5621918588876724,0.5621918588876724,0.3346155509352684,0.7897681668400764,-5.2210704650043,6.345454182779645
p1584,process,,2,pre,post_odor,2.0,0.4488627314567566,0.4488627314567566,0.36598020792007446,0.5317452549934387,-1.657381894759045,2.5551073576725583
p1584,process,,1,pre,post_odor,2.0,0.06363929808139801,0.06363929808139801,-0.20379621535539627,0.3310748115181923,-6.732541476822414,6.85982007298521
p1584,process,,4,pre,post_odor,2.0,0.8673939108848572,0.8673939108848572,0.7571757733821869,0.9776120483875275,-1.9335145306127082,3.6683023523824225
p1584,process,,31,pre,post_odor,2.0,1.956825315952301,1.956825315952301,1.8930055797100067,2.0206450521945953,0.3350120461457815,3.5786385857588208
p1584,process,,21,pre,post_odor,2.0,1.096511721611023,1.096511721611023,1.0932446718215942,1.0997787714004517,1.0134881145955077,1.1795353286265382
p1584,process,,12,pre,post_odor,2.0,0.768884325720137,0.768884325720137,0.38480696782062296,1.152961683619651,-8.991446762280399,10.529215413720673
p1584,process,,22,pre,post_odor,2.0,1.6901061534881592,1.6901061534881592,1.683848261833191,1.6963640451431274,1.5310780483185076,1.8491342586578108
p1584,process,,10,pre,post_odor,2.0,0.5266015231609344,0.5266015231609344,0.5077153891324997,0.5454876571893692,0.0466593518806791,1.0065436944411899
p1584,process,,0,pre,post_odor,2.0,0.21209929883480072,0.21209929883480072,0.1991029605269432,0.22509563714265823,-0.11816897188565478,0.5423675695552562
p1584,process,,18,pre,post_odor,2.0,0.7077689915895462,0.7077689915895462,0.5892729684710503,0.8262650147080421,-2.303500468742652,3.7190384519217443
p1584,process,,12,post,post_odor,2.0,0.34946058690547943,0.34946058690547943,0.33480385690927505,0.3641173169016838,-0.02300223728373202,0.7219234110946908
p1584,process,,18,post,post_odor,2.0,0.2790922373533249,0.2790922373533249,0.22294814139604568,0.3352363333106041,-1.14766451856793,1.7058489932745797
p1584,process,,40,post,post_odor,2.0,0.5060096383094788,0.5060096383094788,0.4426271319389343,0.5693921446800232,-1.1046925669625898,2.1167118435815473
p1584,process,,32,post,post_odor,2.0,0.179201140999794,0.179201140999794,-0.05691251903772354,0.41531480103731155,-5.8210158698887,6.179418151888288
p1584,process,,31,post,post_odor,2.0,0.09602722525596619,0.09602722525596619,-0.03371135890483856,0.22576580941677094,-3.2009427998012665,3.392997250313199
p1584,process,,0,post,post_odor,2.0,-0.015582904685288668,-0.015582904685288668,-0.027688864851370454,-0.0034769445192068815,-0.32322452148170977,0.29205871211113243
p1584,process,,4,post,post_odor,2.0,-0.004280492663383484,-0.004280492663383484,-0.11716353893280029,0.10860255360603333,-2.8729106869479653,2.8643497016211983
p1584,process,,2,post,post_odor,2.0,1.2593091428279877,1.2593091428279877,1.0708952099084854,1.44772307574749,-3.5287428708181734,6.047361156474149
p1584,process,,3,post,post_odor,2.0,0.6769810169935226,0.6769810169935226,0.5178448632359505,0.8361171707510948,-3.3670520841486526,4.721014118135698
p1584,process,,21,post,post_odor,2.0,1.2588765621185303,1.2588765621185303,1.1845396757125854,1.333213448524475,-0.6302028341288624,3.147955958365923
p1584,process,,1,post,post_odor,2.0,-0.028766161878593266,-0.028766161878593266,-0.04500917304540053,-0.012523150711786002,-0.44154021271344307,0.38400788895625654
p1584,process,,22,post,post_odor,2.0,0.04483280889689922,0.04483280889689922,0.010170039720833302,0.07949557807296515,-0.8360316748508189,0.9256972926446173
p1584,process,,10,post,post_odor,1.0,-0.12214550375938416,-0.12214550375938416,-0.12214550375938416,-0.12214550375938416,,
p1584,process,,30,post,post_odor,2.0,0.014121580868959427,0.014121580868959427,-0.027849821373820305,0.05609298311173916,-1.0524728790532425,1.0807160407911613
p1584,process,,17,post,post_odor,2.0,-0.032609472051262856,-0.032609472051262856,-0.07717505190521479,0.011956107802689075,-1.165128235672574,1.0999092915700484
p1584,process,,39,post,post_odor,2.0,0.7924667298793793,0.7924667298793793,0.6651180535554886,0.91981540620327,-2.4437699786250167,4.028703438383776
